name,date,open,close,high,low,fetched
'Blueberries' Buckshot | NSWC SEAL,2026-10-01,74.0000,74.4900,74.7900,74.0000,2026-10-01
'Medium Rare' Crasswater | Guerrilla Warfare,2026-10-01,141.0000,141.0000,141.0000,140.0000,2026-10-01
'The Doctor' Romanov | Sabre,2026-10-01,60.0000,60.9000,61.0000,60.0000,2026-10-01
'Two Times' McCoy | TACP Cavalry,2026-10-01,43.0000,42.9000,43.0000,42.9000,2026-10-01
'Two Times' McCoy | USAF TACP,2026-10-01,39.9000,40.6000,40.6800,39.9000,2026-10-01
1st Lieutenant Farlow | SWAT,2026-10-01,50.0000,50.0000,51.0900,50.0000,2026-10-01
3rd Commando Company | KSK,2026-10-01,65.0000,65.0000,65.0000,65.0000,2026-10-01
AK-47 | AUTOEXEC (Factory New),2026-10-01,4329.4900,4300.0000,4329.4900,4300.0000,2026-10-01
AK-47 | Aphrodite (Factory New),2026-10-01,1730.0000,1729.5000,1730.0000,1729.5000,2026-10-01
AK-47 | Aquamarine Revenge (Factory New),2026-10-01,1228.0000,1225.0000,1228.0000,1210.0000,2026-10-01
AK-47 | Asiimov (Factory New),2026-10-01,1974.5000,1970.0000,1974.5000,1970.0000,2026-10-01
AK-47 | B the Monster (Factory New),2026-10-01,2250.0000,2250.0000,2258.3000,2250.0000,2026-10-01
AK-47 | Baroque Purple (Factory New),2026-10-01,384.0000,375.0000,384.0000,375.0000,2026-10-01
AK-47 | Black Laminate (Factory New),2026-10-01,1366.0000,1366.0000,1366.0000,1366.0000,2026-10-01
AK-47 | Bloodsport (Factory New),2026-10-01,1013.9000,1012.8000,1013.9000,1012.8000,2026-10-01
AK-47 | Blue Laminate (Factory New),2026-10-01,165.1000,163.3300,165.1000,163.3300,2026-10-01
AK-47 | Breakthrough (Factory New),2026-10-01,52.0000,50.9900,52.0000,50.0000,2026-10-01
AK-47 | Cartel (Factory New),2026-10-01,313.5000,312.0000,313.5000,312.0000,2026-10-01
AK-47 | Case Hardened (Factory New),2026-10-01,2769.5000,2789.5000,2789.5000,2765.0000,2026-10-01
AK-47 | Consequence of the Jinn (Factory New),2026-10-01,3581.0000,3580.5000,3581.0000,3580.0000,2026-10-01
AK-47 | Crane Flight (Factory New),2026-10-01,305.0000,304.0000,310.0000,304.0000,2026-10-01
AK-47 | Crossfade (Factory New),2026-10-01,24.8500,24.7600,24.8500,24.5000,2026-10-01
AK-47 | Elite Build (Factory New),2026-10-01,48.3000,48.1000,48.3000,48.1000,2026-10-01
AK-47 | Emerald Pinstripe (Factory New),2026-10-01,79.9000,79.0000,79.9000,79.0000,2026-10-01
AK-47 | Fire Serpent (Factory New),2026-10-01,14650.0000,14700.0000,14700.0000,14650.0000,2026-10-01
AK-47 | First Class (Factory New),2026-10-01,1337.3300,1341.8800,1377.7000,1337.3300,2026-10-01
AK-47 | Frontside Misty (Factory New),2026-10-01,745.5000,744.5000,745.5000,735.0000,2026-10-01
AK-47 | Fuel Injector (Factory New),2026-10-01,2294.0000,2290.3000,2294.0000,2290.0000,2026-10-01
AK-47 | Gold Arabesque (Factory New),2026-10-01,12300.0000,12298.5000,12300.0000,12298.5000,2026-10-01
AK-47 | Green Laminate (Factory New),2026-10-01,244.5000,244.5000,244.5000,244.5000,2026-10-01
AK-47 | Head Shot (Factory New),2026-10-01,527.0000,527.5000,527.5000,527.0000,2026-10-01
AK-47 | Hydroponic (Factory New),2026-10-01,24474.5000,24688.0000,24699.5000,24474.5000,2026-10-01
AK-47 | Ice Coaled (Factory New),2026-10-01,84.4000,84.3000,84.5000,84.3000,2026-10-01
AK-47 | Inheritance (Factory New),2026-10-01,698.0000,698.0000,698.0000,694.1100,2026-10-01
AK-47 | Jaguar (Factory New),2026-10-01,2787.0000,2780.0000,2787.0000,2780.0000,2026-10-01
AK-47 | Jet Set (Factory New),2026-10-01,5498.9100,5498.9100,5498.9100,5498.9100,2026-10-01
AK-47 | Jungle Spray (Factory New),2026-10-01,999.0000,999.0000,999.0000,999.0000,2026-10-01
AK-47 | Leet Museo (Factory New),2026-10-01,3440.0000,3420.0000,3443.9400,3420.0000,2026-10-01
AK-47 | Legion of Anubis (Factory New),2026-10-01,343.0000,343.5000,343.5000,343.0000,2026-10-01
AK-47 | Midnight Laminate (Factory New),2026-10-01,80.0000,81.4000,81.7000,80.0000,2026-10-01
AK-47 | Neon Revolution (Factory New),2026-10-01,1560.0000,1545.0000,1560.0000,1539.9900,2026-10-01
AK-47 | Neon Rider (Factory New),2026-10-01,1400.0000,1400.0000,1400.0000,1400.0000,2026-10-01
AK-47 | Nightwish (Factory New),2026-10-01,725.0000,746.9000,746.9900,723.5000,2026-10-01
AK-47 | Nouveau Rouge (Factory New),2026-10-01,359.0000,369.0000,369.5000,359.0000,2026-10-01
AK-47 | Olive Polycam (Factory New),2026-10-01,1.8600,1.8300,1.8700,1.8300,2026-10-01
AK-47 | Orbit Mk01 (Factory New),2026-10-01,596.0000,594.0000,596.0000,594.0000,2026-10-01
AK-47 | Panthera onca (Factory New),2026-10-01,2260.0000,2260.0000,2260.0000,2260.0000,2026-10-01
AK-47 | Phantom Disruptor (Factory New),2026-10-01,128.0000,128.9000,129.4500,128.0000,2026-10-01
AK-47 | Point Disarray (Factory New),2026-10-01,390.0000,388.7800,390.0000,388.7800,2026-10-01
AK-47 | Predator (Factory New),2026-10-01,666.0000,666.0000,666.0000,666.0000,2026-10-01
AK-47 | Rat Rod (Factory New),2026-10-01,473.5600,464.1700,473.5600,464.1700,2026-10-01
AK-47 | Red Laminate (Factory New),2026-10-01,3036.5900,3036.5900,3036.5900,3036.5900,2026-10-01
AK-47 | Safari Mesh (Factory New),2026-10-01,35.0000,36.4900,36.4900,34.9600,2026-10-01
AK-47 | Safety Net (Factory New),2026-10-01,73.6800,70.0000,73.7000,70.0000,2026-10-01
AK-47 | Searing Rage (Factory New),2026-10-01,107.0000,110.0000,110.4100,105.0000,2026-10-01
AK-47 | Slate (Factory New),2026-10-01,90.5500,90.6900,90.7000,90.5500,2026-10-01
AK-47 | Steel Delta (Factory New),2026-10-01,56.3900,55.0000,56.3900,55.0000,2026-10-01
AK-47 | The Empress (Factory New),2026-10-01,1660.0000,1650.0000,1660.0000,1650.0000,2026-10-01
AK-47 | The Oligarch (Factory New),2026-10-01,1681.0000,1675.0000,1681.0000,1675.0000,2026-10-01
AK-47 | The Outsiders (Factory New),2026-10-01,342.1500,340.8900,342.1500,340.8900,2026-10-01
AK-47 | Uncharted (Factory New),2026-10-01,11.8000,11.5000,11.8000,11.0000,2026-10-01
AK-47 | VariCamo Grey (Factory New),2026-10-01,2.0400,2.0600,2.1000,2.0400,2026-10-01
AK-47 | Vulcan (Factory New),2026-10-01,3639.9900,3629.0000,3639.9900,3628.0000,2026-10-01
AK-47 | Wasteland Rebel (Factory New),2026-10-01,2267.9500,2300.0000,2300.0000,2267.9500,2026-10-01
AK-47 | Wild Lotus (Factory New),2026-10-01,94000.0000,94000.0000,94000.0000,94000.0000,2026-10-01
AK-47 | Wintergreen (Factory New),2026-10-01,22.8800,23.3400,23.5500,22.8800,2026-10-01
AK-47 | X-Ray (Factory New),2026-10-01,12286.7500,12286.7500,12286.7500,12286.7500,2026-10-01
AUG | Akihabara Accept (Factory New),2026-10-01,21690.0000,21690.0000,21699.0000,21690.0000,2026-10-01
AUG | Amber Fade (Factory New),2026-10-01,17.5000,17.4000,17.5000,17.4000,2026-10-01
AUG | Amber Slipstream (Factory New),2026-10-01,11.2400,11.2400,11.2400,11.2400,2026-10-01
AUG | Anodized Navy (Factory New),2026-10-01,134.3300,134.3100,134.3300,134.3100,2026-10-01
AUG | Arctic Wolf (Factory New),2026-10-01,61.8900,61.6700,61.8900,61.6700,2026-10-01
AUG | Aristocrat (Factory New),2026-10-01,21.6000,21.5900,21.6000,21.5900,2026-10-01
AUG | Bengal Tiger (Factory New),2026-10-01,493.0000,493.0000,493.0000,493.0000,2026-10-01
AUG | Carved Jade (Factory New),2026-10-01,250.2500,245.2900,250.2500,245.2900,2026-10-01
AUG | Chameleon (Factory New),2026-10-01,536.8100,540.0000,540.0000,536.8100,2026-10-01
AUG | Colony (Factory New),2026-10-01,171.6900,171.6900,171.6900,171.6900,2026-10-01
AUG | Commando Company (Factory New),2026-10-01,0.1100,0.1400,0.1400,0.1100,2026-10-01
AUG | Condemned (Factory New),2026-10-01,19.0900,18.9200,19.0900,18.9200,2026-10-01
AUG | Contractor (Factory New),2026-10-01,3.7600,3.7200,3.7600,3.7200,2026-10-01
AUG | Creep (Factory New),2026-10-01,5.5900,5.5800,5.5900,5.5800,2026-10-01
AUG | Daedalus (Factory New),2026-10-01,36.3400,36.6100,36.6100,36.2400,2026-10-01
AUG | Death by Puppy (Factory New),2026-10-01,49.9900,49.9900,49.9900,49.9900,2026-10-01
AUG | Eye of Zapems (Factory New),2026-10-01,49.9000,49.4500,49.9000,49.4500,2026-10-01
AUG | Flame Jörmungandr (Factory New),2026-10-01,2001.6000,1996.6000,2001.6000,1996.6000,2026-10-01
AUG | Fleet Flock (Factory New),2026-10-01,129.8800,129.3700,129.8800,129.3700,2026-10-01
AUG | Hot Rod (Factory New),2026-10-01,2370.8500,2380.0000,2380.0000,2370.8500,2026-10-01
AUG | Lapis Lazuli (Factory New),2026-10-01,97.9000,98.0000,98.0000,97.9000,2026-10-01
AUG | Lil' Pig (Factory New),2026-10-01,440.6900,431.9500,440.6900,431.9500,2026-10-01
AUG | Luxe Trim (Factory New),2026-10-01,8.8000,8.7800,8.8000,8.7800,2026-10-01
AUG | Midnight Lily (Factory New),2026-10-01,1995.0000,1995.0000,1995.0000,1995.0000,2026-10-01
AUG | Momentum (Factory New),2026-10-01,218.9700,218.4900,218.9700,218.4900,2026-10-01
AUG | Navy Murano (Factory New),2026-10-01,70.1000,71.1800,71.2800,69.9200,2026-10-01
AUG | Plague (Factory New),2026-10-01,19.6800,19.4200,19.6800,19.4200,2026-10-01
AUG | Radiation Hazard (Factory New),2026-10-01,32.5600,32.4600,32.5600,32.4600,2026-10-01
AUG | Random Access (Factory New),2026-10-01,63.3400,62.0900,63.3400,62.0900,2026-10-01
AUG | Ricochet (Factory New),2026-10-01,7.2600,7.2700,7.2700,7.2600,2026-10-01
AUG | Sand Storm (Factory New),2026-10-01,209.9000,209.9000,209.9000,209.9000,2026-10-01
AUG | Signal Scanner (Factory New),2026-10-01,12.5800,12.5800,12.5800,12.0000,2026-10-01
AUG | Snake Pit (Factory New),2026-10-01,1.4100,1.4100,1.4100,1.3900,2026-10-01
AUG | Spalted Wood (Factory New),2026-10-01,8.5100,8.4700,8.5100,8.4700,2026-10-01
AUG | Steel Sentinel (Factory New),2026-10-01,6.9700,6.9200,6.9700,6.9200,2026-10-01
AUG | Storm (Factory New),2026-10-01,6.6000,6.7500,6.7500,6.6000,2026-10-01
AUG | Stymphalian (Factory New),2026-10-01,46.7600,46.7500,46.7600,46.7500,2026-10-01
AUG | Surveillance (Factory New),2026-10-01,6.4700,6.4100,6.4700,6.4100,2026-10-01
AUG | Sweeper (Factory New),2026-10-01,0.2700,0.3200,0.3300,0.2700,2026-10-01
AUG | Syd Mead (Factory New),2026-10-01,166.3800,164.8300,166.3800,164.8300,2026-10-01
AUG | Tom Cat (Factory New),2026-10-01,3.4900,3.4800,3.4900,3.4800,2026-10-01
AUG | Torque (Factory New),2026-10-01,37.9900,37.9700,37.9900,37.9700,2026-10-01
AUG | Trigger Discipline (Factory New),2026-10-01,4.5200,4.5600,4.5600,4.5200,2026-10-01
AUG | Triqua (Factory New),2026-10-01,6.9000,6.9400,6.9500,6.9000,2026-10-01
AUG | Wings (Factory New),2026-10-01,70.7000,70.6000,70.7000,70.6000,2026-10-01
AWP | Acheron (Factory New),2026-10-01,48.5700,48.5600,48.5700,48.5600,2026-10-01
AWP | Arsenic Spill (Factory New),2026-10-01,4.1800,4.1500,4.1800,4.1400,2026-10-01
AWP | Atheris (Factory New),2026-10-01,162.3800,166.8800,166.8800,162.3800,2026-10-01
AWP | BOOM (Factory New),2026-10-01,2200.0000,2200.0000,2200.0000,2200.0000,2026-10-01
AWP | Black Box (Factory New),2026-10-01,158.5000,159.0000,160.5000,158.5000,2026-10-01
AWP | Black Nile (Factory New),2026-10-01,87.9000,87.4900,87.9000,87.4900,2026-10-01
AWP | CMYK (Factory New),2026-10-01,3799.5000,3799.5000,3799.5000,3780.0000,2026-10-01
AWP | Capillary (Factory New),2026-10-01,36.0000,36.1000,36.1000,36.0000,2026-10-01
AWP | Chromatic Aberration (Factory New),2026-10-01,430.0000,427.9000,430.0000,427.9000,2026-10-01
AWP | Chrome Cannon (Factory New),2026-10-01,445.0000,444.0000,445.0000,444.0000,2026-10-01
AWP | Containment Breach (Factory New),2026-10-01,2560.0000,2550.0000,2598.5000,2550.0000,2026-10-01
AWP | Corticera (Factory New),2026-10-01,867.5000,866.9800,867.5000,866.9800,2026-10-01
AWP | Crakow! (Factory New),2026-10-01,499.8800,496.3800,499.8800,496.3800,2026-10-01
AWP | Desert Hydra (Factory New),2026-10-01,8820.0000,8820.0000,8820.0000,8820.0000,2026-10-01
AWP | Dragon Lore (Factory New),2026-10-01,74000.0000,74000.0000,74000.0000,74000.0000,2026-10-01
AWP | Duality (Factory New),2026-10-01,62.5300,62.0000,62.6000,61.9000,2026-10-01
AWP | Electric Hive (Factory New),2026-10-01,488.0000,503.0100,505.0000,485.5000,2026-10-01
AWP | Elite Build (Factory New),2026-10-01,416.6600,415.0000,416.6600,414.5000,2026-10-01
AWP | Exoskeleton (Factory New),2026-10-01,225.8600,224.8400,225.8600,224.8400,2026-10-01
AWP | Exothermic (Factory New),2026-10-01,53.8000,52.9000,53.8000,52.9000,2026-10-01
AWP | Fade (Factory New),2026-10-01,3999.0000,3997.9800,3999.0000,3997.9800,2026-10-01
AWP | Fever Dream (Factory New),2026-10-01,110.0000,111.4900,112.0000,110.0000,2026-10-01
AWP | Graphite (Factory New),2026-10-01,829.0000,828.5000,829.0000,828.4900,2026-10-01
AWP | Green Energy (Factory New),2026-10-01,195.0000,196.5000,197.0000,195.0000,2026-10-01
AWP | Gungnir (Factory New),2026-10-01,77500.0000,77500.0000,77500.0000,77499.5000,2026-10-01
AWP | Hyper Beast (Factory New),2026-10-01,949.4800,943.9800,949.4800,943.9800,2026-10-01
AWP | Ice Coaled (Factory New),2026-10-01,176.0000,176.0000,176.5000,175.5000,2026-10-01
AWP | Lightning Strike (Factory New),2026-10-01,2988.0000,2987.0000,2988.5000,2987.0000,2026-10-01
AWP | LongDog (Factory New),2026-10-01,2730.0000,2729.5000,2730.0000,2729.5000,2026-10-01
AWP | Medusa (Factory New),2026-10-01,29500.0000,29500.0000,29500.0000,29495.0000,2026-10-01
AWP | Mortis (Factory New),2026-10-01,68.8800,68.9500,68.9800,68.8500,2026-10-01
AWP | Neo-Noir (Factory New),2026-10-01,320.0000,318.5000,320.0000,318.5000,2026-10-01
AWP | Oni Taiji (Factory New),2026-10-01,3498.9900,3498.0000,3498.9900,3497.5000,2026-10-01
AWP | PAW (Factory New),2026-10-01,43.0000,42.8900,43.0000,42.8900,2026-10-01
AWP | POP AWP (Factory New),2026-10-01,198.6000,193.5000,198.6000,193.5000,2026-10-01
AWP | Phobos (Factory New),2026-10-01,35.4800,35.3500,35.4800,35.1400,2026-10-01
AWP | Pink DDPAT (Factory New),2026-10-01,830.4600,830.4600,830.4600,830.4600,2026-10-01
AWP | Printstream (Factory New),2026-10-01,1054.5000,1054.5000,1054.5000,1040.0000,2026-10-01
AWP | Queen's Gambit (Factory New),2026-10-01,1339.0000,1338.5000,1339.0000,1338.5000,2026-10-01
AWP | Safari Mesh (Factory New),2026-10-01,40.5000,40.4000,40.5000,40.3900,2026-10-01
AWP | Silk Tiger (Factory New),2026-10-01,2999.0000,3050.0000,3050.0000,2999.0000,2026-10-01
AWP | Snake Camo (Factory New),2026-10-01,2394.0000,2394.0000,2394.0000,2394.0000,2026-10-01
AWP | Sovereign Flame (Factory New),2026-10-01,3050.0000,2989.5000,3050.0000,2900.0000,2026-10-01
AWP | Sun in Leo (Factory New),2026-10-01,455.0000,449.5000,455.0000,449.5000,2026-10-01
AWP | The End (Factory New),2026-10-01,290.0000,290.5000,292.0000,290.0000,2026-10-01
AWP | The Prince (Factory New),2026-10-01,16234.0000,16477.0000,16477.0000,16234.0000,2026-10-01
AWP | Wildfire (Factory New),2026-10-01,955.0000,955.0000,955.0000,954.0000,2026-10-01
AWP | Worm God (Factory New),2026-10-01,23.5900,23.6000,23.7800,23.5900,2026-10-01
Arno The Overgrown | Guerrilla Warfare,2026-10-01,88.0000,88.2000,88.3000,86.0000,2026-10-01
Aspirant | Gendarmerie Nationale,2026-10-01,58.6000,58.0000,58.6000,58.0000,2026-10-01
B Squadron Officer | SAS,2026-10-01,51.5100,51.4000,51.5100,50.8000,2026-10-01
Bio-Haz Specialist | SWAT,2026-10-01,63.0000,62.9000,63.0000,62.9000,2026-10-01
Blackwolf | Sabre,2026-10-01,38.6100,38.2100,38.6100,38.2100,2026-10-01
Bloody Darryl The Strapped | The Professionals,2026-10-01,187.0000,187.5000,187.5000,185.7700,2026-10-01
Buckshot | NSWC SEAL,2026-10-01,38.2800,37.8000,38.2800,37.7000,2026-10-01
CZ75-Auto | Army Sheen (Factory New),2026-10-01,23.8100,23.8100,23.8100,23.8100,2026-10-01
CZ75-Auto | Chalice (Factory New),2026-10-01,2169.0000,2169.0000,2169.0000,2169.0000,2026-10-01
CZ75-Auto | Circaetus (Factory New),2026-10-01,6.0100,5.8800,6.0100,5.8800,2026-10-01
CZ75-Auto | Copper Fiber (Factory New),2026-10-01,1.2900,1.2900,1.2900,1.2900,2026-10-01
CZ75-Auto | Crimson Web (Factory New),2026-10-01,149.4800,149.4800,149.4800,149.4800,2026-10-01
CZ75-Auto | Distressed (Factory New),2026-10-01,6.1200,6.0700,6.1200,6.0700,2026-10-01
CZ75-Auto | Eco (Factory New),2026-10-01,80.1900,79.4000,80.1900,79.4000,2026-10-01
CZ75-Auto | Emerald (Factory New),2026-10-01,168.8500,168.2700,168.8500,168.2700,2026-10-01
CZ75-Auto | Emerald Quartz (Factory New),2026-10-01,626.5000,624.5000,626.5000,624.5000,2026-10-01
CZ75-Auto | Framework (Factory New),2026-10-01,13.1700,13.1400,13.1700,13.1400,2026-10-01
CZ75-Auto | Green Plaid (Factory New),2026-10-01,38.8300,38.8300,38.8300,38.8300,2026-10-01
CZ75-Auto | Hexane (Factory New),2026-10-01,25.6000,25.6000,25.6000,25.6000,2026-10-01
CZ75-Auto | Honey Paisley (Factory New),2026-10-01,0.1100,0.1300,0.1400,0.0900,2026-10-01
CZ75-Auto | Hydraulics (Factory New),2026-10-01,63.0000,63.3600,63.3600,63.0000,2026-10-01
CZ75-Auto | Imprint (Factory New),2026-10-01,12.0600,12.0500,12.0600,12.0500,2026-10-01
CZ75-Auto | Indigo (Factory New),2026-10-01,77.0000,77.0000,77.0000,77.0000,2026-10-01
CZ75-Auto | Jungle Dashed (Factory New),2026-10-01,32.4900,32.4900,32.4900,32.4900,2026-10-01
CZ75-Auto | Midnight Palm (Factory New),2026-10-01,6.2600,6.2500,6.2600,6.2500,2026-10-01
CZ75-Auto | Nitro (Factory New),2026-10-01,359.8800,372.9000,372.9000,359.8800,2026-10-01
CZ75-Auto | Pink Pearl (Factory New),2026-10-01,0.1400,0.1400,0.1400,0.1400,2026-10-01
CZ75-Auto | Poison Dart (Factory New),2026-10-01,73.1200,73.1200,73.1200,73.1200,2026-10-01
CZ75-Auto | Pole Position (Factory New),2026-10-01,20.7300,19.9900,20.8000,19.9900,2026-10-01
CZ75-Auto | Polymer (Factory New),2026-10-01,28.8900,27.9700,28.8900,27.9700,2026-10-01
CZ75-Auto | Red Astor (Factory New),2026-10-01,21.6000,21.5000,21.6000,21.5000,2026-10-01
CZ75-Auto | Silver (Factory New),2026-10-01,13.9500,13.9300,13.9500,13.9300,2026-10-01
CZ75-Auto | Slalom (Factory New),2026-10-01,87.6700,87.6700,87.6700,87.6700,2026-10-01
CZ75-Auto | Syndicate (Factory New),2026-10-01,95.5100,91.8900,95.5100,91.8800,2026-10-01
CZ75-Auto | Tacticat (Factory New),2026-10-01,16.8900,16.8000,16.8900,16.7900,2026-10-01
CZ75-Auto | The Fuschia Is Now (Factory New),2026-10-01,186.7600,186.7000,186.7600,186.6900,2026-10-01
CZ75-Auto | Tigris (Factory New),2026-10-01,43.3500,43.3400,43.3500,43.3400,2026-10-01
CZ75-Auto | Tread Plate (Factory New),2026-10-01,46.8500,46.8500,46.8500,46.8400,2026-10-01
CZ75-Auto | Tuxedo (Factory New),2026-10-01,10.9000,10.8900,10.9000,10.8900,2026-10-01
CZ75-Auto | Twist (Factory New),2026-10-01,22.9900,22.9900,22.9900,22.9900,2026-10-01
CZ75-Auto | Vendetta (Factory New),2026-10-01,23.9700,23.9300,23.9700,23.9300,2026-10-01
CZ75-Auto | Victoria (Factory New),2026-10-01,630.4100,605.3200,630.4100,605.3200,2026-10-01
CZ75-Auto | Xiangliu (Factory New),2026-10-01,96.3500,96.4500,96.4500,96.2500,2026-10-01
CZ75-Auto | Yellow Jacket (Factory New),2026-10-01,135.3900,135.3900,135.3900,135.3900,2026-10-01
Charm | Lil' SAS,2026-10-01,1.0300,1.0300,1.0500,1.0000,2026-10-01
Chef d'Escadron Rouchard | Gendarmerie Nationale,2026-10-01,112.0000,112.2300,112.2300,111.0000,2026-10-01
Chem-Haz Capitaine | Gendarmerie Nationale,2026-10-01,117.9800,117.9700,118.4800,115.0000,2026-10-01
Chem-Haz Specialist | SWAT,2026-10-01,60.0000,62.6000,62.6000,60.0000,2026-10-01
Cmdr. Mae 'Dead Cold' Jamison | SWAT,2026-10-01,85.7000,86.8900,86.9000,85.0000,2026-10-01
Col. Mangos Dabisi | Guerrilla Warfare,2026-10-01,142.5000,142.5000,142.5000,142.5000,2026-10-01
Crasswater The Forgotten | Guerrilla Warfare,2026-10-01,116.0000,114.5000,116.0000,114.5000,2026-10-01
D Squadron Officer | NZSAS,2026-10-01,439.0000,437.5000,439.0000,437.5000,2026-10-01
Desert Eagle | Blaze (Factory New),2026-10-01,3888.5000,3888.5000,3888.5000,3876.5000,2026-10-01
Desert Eagle | Blue Ply (Factory New),2026-10-01,22.8900,22.9300,22.9300,22.7300,2026-10-01
Desert Eagle | Bronze Deco (Factory New),2026-10-01,4.8700,4.8200,4.8700,4.7800,2026-10-01
Desert Eagle | Calligraffiti (Factory New),2026-10-01,30.0000,29.7500,30.0000,29.7500,2026-10-01
Desert Eagle | Cobalt Disruption (Factory New),2026-10-01,609.5000,608.1600,609.5000,608.1600,2026-10-01
Desert Eagle | Code Red (Factory New),2026-10-01,1032.0000,1032.0000,1032.0000,1032.0000,2026-10-01
Desert Eagle | Conspiracy (Factory New),2026-10-01,140.9000,140.4900,141.0000,139.5000,2026-10-01
Desert Eagle | Corinthian (Factory New),2026-10-01,6.5300,6.5200,6.5300,6.5200,2026-10-01
Desert Eagle | Crimson Web (Factory New),2026-10-01,899.0000,899.0000,899.0000,899.0000,2026-10-01
Desert Eagle | Directive (Factory New),2026-10-01,615.0000,623.8800,623.9900,615.0000,2026-10-01
Desert Eagle | Eastern Enigma (Factory New),2026-10-01,402.5000,400.0000,402.5000,399.3800,2026-10-01
Desert Eagle | Emerald Jörmungandr (Factory New),2026-10-01,2788.0000,2795.0000,2795.0000,2788.0000,2026-10-01
Desert Eagle | Fennec Fox (Factory New),2026-10-01,2394.0000,2393.4900,2394.0000,2393.4900,2026-10-01
Desert Eagle | Firebreathing (Factory New),2026-10-01,28.8400,29.1500,29.1500,27.7700,2026-10-01
Desert Eagle | Golden Koi (Factory New),2026-10-01,1360.0100,1370.0000,1370.0000,1340.0000,2026-10-01
Desert Eagle | Hand Cannon (Factory New),2026-10-01,2648.5000,2648.5000,2648.5000,2648.5000,2026-10-01
Desert Eagle | Heat Treated (Factory New),2026-10-01,190.0000,192.0000,192.9900,189.9000,2026-10-01
Desert Eagle | Heirloom (Factory New),2026-10-01,666.0000,664.9000,666.0000,664.9000,2026-10-01
Desert Eagle | Hypnotic (Factory New),2026-10-01,990.0000,990.0000,990.0000,990.0000,2026-10-01
Desert Eagle | Kumicho Dragon (Factory New),2026-10-01,409.0000,414.4800,414.4800,409.0000,2026-10-01
Desert Eagle | Light Rail (Factory New),2026-10-01,66.4600,66.3800,66.4600,66.3800,2026-10-01
Desert Eagle | Mecha Industries (Factory New),2026-10-01,158.0000,157.8700,159.4700,156.2200,2026-10-01
Desert Eagle | Meteorite (Factory New),2026-10-01,8.3800,8.2900,8.3800,8.1000,2026-10-01
Desert Eagle | Midnight Storm (Factory New),2026-10-01,535.0000,525.0000,535.0000,525.0000,2026-10-01
Desert Eagle | Mint Fan (Factory New),2026-10-01,4.9500,4.9500,4.9600,4.9000,2026-10-01
Desert Eagle | Mudder (Factory New),2026-10-01,37.9800,35.0000,37.9800,35.0000,2026-10-01
Desert Eagle | Mulberry (Factory New),2026-10-01,82.0600,80.8000,82.0600,80.8000,2026-10-01
Desert Eagle | Naga (Factory New),2026-10-01,160.6700,160.6700,160.6700,158.2900,2026-10-01
Desert Eagle | Night (Factory New),2026-10-01,538.8800,531.5400,540.0900,531.5400,2026-10-01
Desert Eagle | Night Heist (Factory New),2026-10-01,505.4000,499.9900,505.4000,499.0000,2026-10-01
Desert Eagle | Ocean Drive (Factory New),2026-10-01,1596.4600,1596.0000,1597.0000,1566.0000,2026-10-01
Desert Eagle | Oxide Blaze (Factory New),2026-10-01,6.4400,6.0600,6.4400,6.0000,2026-10-01
Desert Eagle | Pilot (Factory New),2026-10-01,1051.9000,1052.0000,1052.0000,1051.9000,2026-10-01
Desert Eagle | Printstream (Factory New),2026-10-01,462.0000,460.5000,462.0000,460.0000,2026-10-01
Desert Eagle | Serpent Strike (Factory New),2026-10-01,9.1100,8.9900,9.1100,8.5000,2026-10-01
Desert Eagle | Sputnik (Factory New),2026-10-01,53.8000,53.6000,53.8000,53.6000,2026-10-01
Desert Eagle | Starcade (Factory New),2026-10-01,1140.0000,1139.0000,1140.0000,1139.0000,2026-10-01
Desert Eagle | Sunset Storm 壱 (Factory New),2026-10-01,3178.9900,3178.4800,3178.9900,3178.4800,2026-10-01
Desert Eagle | Sunset Storm 弐 (Factory New),2026-10-01,3049.0000,3049.0000,3049.0000,3049.0000,2026-10-01
Desert Eagle | The Bronze (Factory New),2026-10-01,134.4800,135.0000,135.0000,130.0000,2026-10-01
Desert Eagle | The Daily Deagle (Factory New),2026-10-01,4.4000,4.4000,4.4800,4.3800,2026-10-01
Desert Eagle | Tilted (Factory New),2026-10-01,8.7300,8.4900,8.7800,8.4900,2026-10-01
Desert Eagle | Trigger Discipline (Factory New),2026-10-01,37.6000,37.6200,37.9500,36.0000,2026-10-01
Desert Eagle | Urban DDPAT (Factory New),2026-10-01,146.0000,146.0000,146.0000,146.0000,2026-10-01
Desert Eagle | Urban Rubble (Factory New),2026-10-01,4.3600,4.3000,4.3600,4.3000,2026-10-01
Dragomir | Sabre,2026-10-01,31.0000,31.5000,31.8800,30.9000,2026-10-01
Dragomir | Sabre Footsoldier,2026-10-01,47.6000,47.5000,47.6000,45.0000,2026-10-01
Dual Berettas | Angel Eyes (Factory New),2026-10-01,18.6600,18.6600,18.6600,18.6600,2026-10-01
Dual Berettas | Anodized Navy (Factory New),2026-10-01,69.4300,69.2400,69.4300,69.2400,2026-10-01
Dual Berettas | Balance (Factory New),2026-10-01,40.7700,40.7700,40.7700,40.7700,2026-10-01
Dual Berettas | Black Limba (Factory New),2026-10-01,291.7500,289.1300,291.8200,289.1300,2026-10-01
Dual Berettas | BorDeux (Factory New),2026-10-01,0.2600,0.2600,0.2600,0.2400,2026-10-01
Dual Berettas | Briar (Factory New),2026-10-01,61.4500,61.1400,61.4500,61.1400,2026-10-01
Dual Berettas | Cartel (Factory New),2026-10-01,26.5800,26.5700,26.5800,26.5700,2026-10-01
Dual Berettas | Cobalt Quartz (Factory New),2026-10-01,3.9900,3.9800,4.0100,3.8700,2026-10-01
Dual Berettas | Cobra Strike (Factory New),2026-10-01,503.9400,503.9400,503.9400,503.9400,2026-10-01
Dual Berettas | Colony (Factory New),2026-10-01,6.4500,6.4300,6.4500,6.4300,2026-10-01
Dual Berettas | Contractor (Factory New),2026-10-01,2.1500,2.1500,2.2300,2.1500,2026-10-01
Dual Berettas | Dezastre (Factory New),2026-10-01,127.6000,129.9900,129.9900,127.6000,2026-10-01
Dual Berettas | Drift Wood (Factory New),2026-10-01,8.9500,8.8100,8.9500,8.8100,2026-10-01
Dual Berettas | Dualing Dragons (Factory New),2026-10-01,19.9000,19.9000,19.9000,19.9000,2026-10-01
Dual Berettas | Duelist (Factory New),2026-10-01,1667.5000,1670.5300,1672.6800,1667.5000,2026-10-01
Dual Berettas | Elite 1.6 (Factory New),2026-10-01,5.8100,5.8000,5.8100,5.8000,2026-10-01
Dual Berettas | Emerald (Factory New),2026-10-01,194.4900,194.4800,194.4900,194.4800,2026-10-01
Dual Berettas | Flora Carnivora (Factory New),2026-10-01,19.1800,19.1200,19.1800,19.1200,2026-10-01
Dual Berettas | Heist (Factory New),2026-10-01,13.9900,13.8700,13.9900,13.8700,2026-10-01
Dual Berettas | Hemoglobin (Factory New),2026-10-01,86.5800,85.0000,86.9000,80.0000,2026-10-01
Dual Berettas | Hideout (Factory New),2026-10-01,1.5400,1.5300,1.5400,1.5300,2026-10-01
Dual Berettas | Hydro Strike (Factory New),2026-10-01,31.8000,31.8000,31.8900,30.0000,2026-10-01
Dual Berettas | Marina (Factory New),2026-10-01,142.0000,142.0000,142.0000,142.0000,2026-10-01
Dual Berettas | Melondrama (Factory New),2026-10-01,99.2900,99.2900,99.2900,99.2900,2026-10-01
Dual Berettas | Moon in Libra (Factory New),2026-10-01,38.5300,38.4500,38.5300,38.4500,2026-10-01
Dual Berettas | Mystic Conjunction (Factory New),2026-10-01,2.8700,2.8600,2.8700,2.8600,2026-10-01
Dual Berettas | Oil Change (Factory New),2026-10-01,8.3900,8.1600,8.3900,8.1600,2026-10-01
Dual Berettas | Panther (Factory New),2026-10-01,37.0000,37.0000,37.0000,37.0000,2026-10-01
Dual Berettas | Polished Malachite (Factory New),2026-10-01,4.5700,4.6500,4.6500,4.5700,2026-10-01
Dual Berettas | Pyre (Factory New),2026-10-01,340.0900,339.5900,340.0900,339.5900,2026-10-01
Dual Berettas | Retribution (Factory New),2026-10-01,43.0700,42.8600,43.0700,42.8600,2026-10-01
Dual Berettas | Rose Nacre (Factory New),2026-10-01,1.3300,1.4700,1.4700,1.3300,2026-10-01
Dual Berettas | Royal Consorts (Factory New),2026-10-01,134.2600,135.2000,135.2000,134.2600,2026-10-01
Dual Berettas | Shred (Factory New),2026-10-01,5.1900,5.1900,5.1900,5.1800,2026-10-01
Dual Berettas | Silver Pour (Factory New),2026-10-01,0.1400,0.1300,0.1400,0.1200,2026-10-01
Dual Berettas | Stained (Factory New),2026-10-01,4.0000,4.0000,4.0000,3.9900,2026-10-01
Dual Berettas | Sweet Little Angels (Factory New),2026-10-01,51.0000,52.0000,52.4600,51.0000,2026-10-01
Dual Berettas | Switch Board (Factory New),2026-10-01,44.8400,44.6800,44.8400,44.6800,2026-10-01
Dual Berettas | Tread (Factory New),2026-10-01,26.6400,26.6000,26.6400,26.6000,2026-10-01
Dual Berettas | Twin Turbo (Factory New),2026-10-01,90.0000,91.0000,91.0000,90.0000,2026-10-01
Dual Berettas | Urban Shock (Factory New),2026-10-01,54.0000,52.0000,54.1000,52.0000,2026-10-01
Dual Berettas | Ventilators (Factory New),2026-10-01,4.3700,4.3800,4.3800,4.3600,2026-10-01
Elite Trapper Solman | Guerrilla Warfare,2026-10-01,176.0000,180.0000,181.8800,176.0000,2026-10-01
Enforcer | Phoenix,2026-10-01,27.9000,27.9000,27.9000,27.8000,2026-10-01
FAMAS | 2A2F (Factory New),2026-10-01,17.6900,17.9700,18.0000,17.6900,2026-10-01
FAMAS | Afterimage (Factory New),2026-10-01,278.3400,274.9900,278.3400,274.9900,2026-10-01
FAMAS | Bad Trip (Factory New),2026-10-01,503.9000,503.4000,503.9000,503.4000,2026-10-01
FAMAS | Byproduct (Factory New),2026-10-01,0.0800,0.1000,0.1300,0.0800,2026-10-01
FAMAS | CaliCamo (Factory New),2026-10-01,17.4600,16.4500,17.4600,16.4500,2026-10-01
FAMAS | Colony (Factory New),2026-10-01,7.0900,7.0800,7.0900,7.0800,2026-10-01
FAMAS | Commemoration (Factory New),2026-10-01,348.9800,345.6700,348.9800,345.6700,2026-10-01
FAMAS | Contrast Spray (Factory New),2026-10-01,760.3600,638.3500,760.3600,638.3500,2026-10-01
FAMAS | Corp Defense (Factory New),2026-10-01,4.9000,4.5600,4.9000,4.5600,2026-10-01
FAMAS | Crypsis (Factory New),2026-10-01,8.0900,7.9000,8.0900,7.9000,2026-10-01
FAMAS | Cyanospatter (Factory New),2026-10-01,34.0000,34.0000,34.0000,34.0000,2026-10-01
FAMAS | Decommissioned (Factory New),2026-10-01,24.2800,24.2900,24.2900,24.2800,2026-10-01
FAMAS | Djinn (Factory New),2026-10-01,217.3800,217.9200,218.1900,217.3800,2026-10-01
FAMAS | Eye of Athena (Factory New),2026-10-01,174.9900,174.0000,174.9900,174.0000,2026-10-01
FAMAS | Faulty Wiring (Factory New),2026-10-01,17.6000,17.2900,17.6000,17.2900,2026-10-01
FAMAS | Grey Ghost (Factory New),2026-10-01,0.8000,0.8100,0.8100,0.8000,2026-10-01
FAMAS | Half Sleeve (Factory New),2026-10-01,3.6200,3.5900,3.6200,3.5900,2026-10-01
FAMAS | Halftone Wash (Factory New),2026-10-01,2.9900,2.9800,2.9900,2.9700,2026-10-01
FAMAS | Hexane (Factory New),2026-10-01,56.9000,56.9000,57.0000,56.9000,2026-10-01
FAMAS | Macabre (Factory New),2026-10-01,63.0000,62.9000,63.0000,62.9000,2026-10-01
FAMAS | Mecha Industries (Factory New),2026-10-01,651.9900,650.0000,651.9900,644.0800,2026-10-01
FAMAS | Meltdown (Factory New),2026-10-01,443.8900,444.2600,444.3900,443.8900,2026-10-01
FAMAS | Meow 36 (Factory New),2026-10-01,4.7900,4.7800,4.7900,4.7800,2026-10-01
FAMAS | Neural Net (Factory New),2026-10-01,37.7500,37.4900,37.7500,37.4900,2026-10-01
FAMAS | Night Borre (Factory New),2026-10-01,67.7900,67.6700,67.7900,67.6700,2026-10-01
FAMAS | Palm (Factory New),2026-10-01,0.1500,0.1000,0.1600,0.1000,2026-10-01
FAMAS | Prime Conspiracy (Factory New),2026-10-01,507.0000,507.0000,507.0000,507.0000,2026-10-01
FAMAS | Pulse (Factory New),2026-10-01,153.4900,152.9900,154.0000,152.9800,2026-10-01
FAMAS | Rapid Eye Movement (Factory New),2026-10-01,99.0800,98.1000,99.0800,98.1000,2026-10-01
FAMAS | Roll Cage (Factory New),2026-10-01,874.0000,889.8000,889.8000,874.0000,2026-10-01
FAMAS | Snake Song (Factory New),2026-10-01,12.8900,13.1100,13.1100,12.8900,2026-10-01
FAMAS | Spitfire (Factory New),2026-10-01,2488.6300,2493.6300,2493.6300,2488.6300,2026-10-01
FAMAS | Styx (Factory New),2026-10-01,646.5000,645.0000,659.1000,645.0000,2026-10-01
FAMAS | Sundown (Factory New),2026-10-01,680.9900,680.9900,680.9900,680.9900,2026-10-01
FAMAS | Survivor Z (Factory New),2026-10-01,26.1900,26.1700,26.1900,26.1700,2026-10-01
FAMAS | Teardown (Factory New),2026-10-01,4.8300,4.7400,4.8300,4.7400,2026-10-01
FAMAS | Valence (Factory New),2026-10-01,164.0000,162.9800,164.0000,162.9800,2026-10-01
FAMAS | Vendetta (Factory New),2026-10-01,0.8200,0.8500,0.8700,0.8200,2026-10-01
FAMAS | Waters of Nephthys (Factory New),2026-10-01,921.5000,922.0000,922.0000,921.5000,2026-10-01
FAMAS | Yeti Camo (Factory New),2026-10-01,8.3300,8.3100,8.3300,8.3100,2026-10-01
FAMAS | ZX Spectron (Factory New),2026-10-01,141.5000,140.9900,141.5000,140.9900,2026-10-01
Five-SeveN | Angry Mob (Factory New),2026-10-01,474.5000,474.4800,474.5000,473.9900,2026-10-01
Five-SeveN | Anodized Gunmetal (Factory New),2026-10-01,90.4900,90.3800,90.4900,90.3800,2026-10-01
Five-SeveN | Autumn Thicket (Factory New),2026-10-01,0.1200,0.1300,0.1300,0.1100,2026-10-01
Five-SeveN | Berries And Cherries (Factory New),2026-10-01,565.5100,566.0000,566.5000,565.5100,2026-10-01
Five-SeveN | Boost Protocol (Factory New),2026-10-01,62.6000,62.6000,62.7000,62.6000,2026-10-01
Five-SeveN | Buddy (Factory New),2026-10-01,22.9900,22.9900,22.9900,22.9900,2026-10-01
Five-SeveN | Candy Apple (Factory New),2026-10-01,499.4100,500.0000,500.0000,499.4100,2026-10-01
Five-SeveN | Capillary (Factory New),2026-10-01,14.3700,14.2500,14.3700,14.0000,2026-10-01
Five-SeveN | Case Hardened (Factory New),2026-10-01,224.0000,224.0000,224.0000,224.0000,2026-10-01
Five-SeveN | Contractor (Factory New),2026-10-01,229.0000,229.0000,229.0000,229.0000,2026-10-01
Five-SeveN | Coolant (Factory New),2026-10-01,0.3600,0.3800,0.3800,0.3500,2026-10-01
Five-SeveN | Copper Galaxy (Factory New),2026-10-01,109.9300,110.0300,110.0300,109.9300,2026-10-01
Five-SeveN | Crimson Blossom (Factory New),2026-10-01,544.5000,544.5000,544.5000,544.5000,2026-10-01
Five-SeveN | Dark Polymer (Factory New),2026-10-01,4.3300,4.3300,4.3300,4.3200,2026-10-01
Five-SeveN | Desert Seal (Factory New),2026-10-01,3.6400,3.6000,3.6400,3.6000,2026-10-01
Five-SeveN | Fairy Tale (Factory New),2026-10-01,1876.7600,1895.4000,1906.8200,1866.7600,2026-10-01
Five-SeveN | Fall Hazard (Factory New),2026-10-01,1789.2900,1789.2900,1789.2900,1789.2900,2026-10-01
Five-SeveN | Flame Test (Factory New),2026-10-01,3.5000,3.7500,3.7600,3.5000,2026-10-01
Five-SeveN | Forest Night (Factory New),2026-10-01,9.0000,9.8400,9.8500,9.0000,2026-10-01
Five-SeveN | Fowl Play (Factory New),2026-10-01,476.6700,466.7700,476.6700,466.7700,2026-10-01
Five-SeveN | Fraise Crane (Factory New),2026-10-01,14.4500,14.5800,14.6800,14.4500,2026-10-01
Five-SeveN | Heat Treated (Factory New),2026-10-01,102.8900,103.8200,103.9400,102.8900,2026-10-01
Five-SeveN | Hot Shot (Factory New),2026-10-01,248.1400,248.6300,248.6300,247.1400,2026-10-01
Five-SeveN | Hybrid (Factory New),2026-10-01,14.6900,14.6900,14.6900,14.6900,2026-10-01
Five-SeveN | Hyper Beast (Factory New),2026-10-01,2450.0000,2600.0000,2600.0000,2450.0000,2026-10-01
Five-SeveN | Jungle (Factory New),2026-10-01,345.0000,345.0000,345.0000,345.0000,2026-10-01
Five-SeveN | Kami (Factory New),2026-10-01,25.8000,24.9000,25.8000,24.9000,2026-10-01
Five-SeveN | Midnight Paintover (Factory New),2026-10-01,0.7000,0.6900,0.7000,0.6900,2026-10-01
Five-SeveN | Neon Kimono (Factory New),2026-10-01,3199.3000,3199.4000,3199.4000,3199.3000,2026-10-01
Five-SeveN | Nightshade (Factory New),2026-10-01,92.0000,92.0000,92.0000,91.9000,2026-10-01
Five-SeveN | Nitro (Factory New),2026-10-01,399.0000,399.0000,409.5000,399.0000,2026-10-01
Five-SeveN | Orange Peel (Factory New),2026-10-01,19.5000,19.3400,19.5000,19.3400,2026-10-01
Five-SeveN | Retrobution (Factory New),2026-10-01,66.8900,66.8300,66.8900,66.8300,2026-10-01
Five-SeveN | Scrawl (Factory New),2026-10-01,4.0000,3.9300,4.0000,3.9200,2026-10-01
Five-SeveN | Scumbria (Factory New),2026-10-01,30.0500,30.0500,30.0500,30.0500,2026-10-01
Five-SeveN | Silver Quartz (Factory New),2026-10-01,3.6300,3.6000,3.6300,3.6000,2026-10-01
Five-SeveN | Sky Blue (Factory New),2026-10-01,0.9900,0.9800,0.9900,0.9800,2026-10-01
Five-SeveN | Triumvirate (Factory New),2026-10-01,79.6900,79.6800,79.6900,79.6800,2026-10-01
Five-SeveN | Urban Hazard (Factory New),2026-10-01,19.8000,19.9000,19.9000,19.5000,2026-10-01
Five-SeveN | Violent Daimyo (Factory New),2026-10-01,14.2700,14.2400,14.2900,14.0000,2026-10-01
Five-SeveN | Withered Vine (Factory New),2026-10-01,19.0000,19.0000,19.0000,19.0000,2026-10-01
G3SG1 | Ancient Ritual (Factory New),2026-10-01,22.8800,23.1900,23.2900,22.8800,2026-10-01
G3SG1 | Arctic Camo (Factory New),2026-10-01,991.0500,987.0500,991.0500,987.0500,2026-10-01
G3SG1 | Azure Zebra (Factory New),2026-10-01,12.3000,12.3000,12.3000,12.3000,2026-10-01
G3SG1 | Black Sand (Factory New),2026-10-01,24.1500,24.1000,24.1500,24.1000,2026-10-01
G3SG1 | Chronos (Factory New),2026-10-01,2000.0000,2000.0000,2000.0000,2000.0000,2026-10-01
G3SG1 | Contractor (Factory New),2026-10-01,199.0000,199.0000,199.0000,199.0000,2026-10-01
G3SG1 | Demeter (Factory New),2026-10-01,199.7200,202.3800,202.4100,199.7200,2026-10-01
G3SG1 | Desert Storm (Factory New),2026-10-01,3.1900,3.2000,3.2200,3.1900,2026-10-01
G3SG1 | Digital Mesh (Factory New),2026-10-01,15.6000,15.5600,15.6100,15.5600,2026-10-01
G3SG1 | Dream Glade (Factory New),2026-10-01,20.3700,20.5900,20.5900,20.3700,2026-10-01
G3SG1 | Flux (Factory New),2026-10-01,186.8000,186.9000,186.9000,186.8000,2026-10-01
G3SG1 | Green Apple (Factory New),2026-10-01,0.8900,0.8800,0.8900,0.8800,2026-10-01
G3SG1 | Green Cell (Factory New),2026-10-01,0.1200,0.1300,0.1500,0.1200,2026-10-01
G3SG1 | High Seas (Factory New),2026-10-01,63.6800,63.5800,63.6800,63.5800,2026-10-01
G3SG1 | Hunter (Factory New),2026-10-01,5.9100,5.8800,5.9100,5.8800,2026-10-01
G3SG1 | Jungle Dashed (Factory New),2026-10-01,3.5000,3.4800,3.5000,3.4800,2026-10-01
G3SG1 | Keeping Tabs (Factory New),2026-10-01,16.9000,16.9000,16.9000,16.9000,2026-10-01
G3SG1 | Murky (Factory New),2026-10-01,13.2800,13.1200,13.2800,13.1200,2026-10-01
G3SG1 | New Roots (Factory New),2026-10-01,61.9900,61.9900,61.9900,61.9900,2026-10-01
G3SG1 | Orange Crash (Factory New),2026-10-01,3.0900,3.0800,3.0900,3.0800,2026-10-01
G3SG1 | Orange Kimono (Factory New),2026-10-01,62.5600,62.5600,62.5600,62.5600,2026-10-01
G3SG1 | Polar Camo (Factory New),2026-10-01,4.2600,4.2600,4.2600,4.2600,2026-10-01
G3SG1 | Red Jasper (Factory New),2026-10-01,0.1000,0.1100,0.1100,0.0900,2026-10-01
G3SG1 | Safari Mesh (Factory New),2026-10-01,221.0100,221.2500,221.2800,221.0100,2026-10-01
G3SG1 | Scavenger (Factory New),2026-10-01,10.8400,10.7800,10.8400,10.7800,2026-10-01
G3SG1 | Stinger (Factory New),2026-10-01,48.8000,48.6000,48.8000,48.6000,2026-10-01
G3SG1 | VariCamo (Factory New),2026-10-01,0.9600,0.9600,0.9600,0.9600,2026-10-01
G3SG1 | Ventilator (Factory New),2026-10-01,3.4500,3.4100,3.4500,3.4100,2026-10-01
G3SG1 | Violet Murano (Factory New),2026-10-01,159.5000,159.5000,159.5000,159.5000,2026-10-01
Galil AR | Acid Dart (Factory New),2026-10-01,0.7400,0.7700,0.7800,0.7400,2026-10-01
Galil AR | Akoben (Factory New),2026-10-01,9.8700,9.8000,9.8700,9.0000,2026-10-01
Galil AR | Amber Fade (Factory New),2026-10-01,103.0000,102.0000,103.0000,102.0000,2026-10-01
Galil AR | Aqua Terrace (Factory New),2026-10-01,871.5900,876.2000,876.2000,871.5900,2026-10-01
Galil AR | Black Sand (Factory New),2026-10-01,76.7100,74.4200,76.7100,74.4200,2026-10-01
Galil AR | Blue Titanium (Factory New),2026-10-01,100.3900,100.5600,100.5600,97.9700,2026-10-01
Galil AR | CAUTION! (Factory New),2026-10-01,382.0000,382.0000,382.0000,382.0000,2026-10-01
Galil AR | Cerberus (Factory New),2026-10-01,948.4900,948.4800,948.4900,948.4800,2026-10-01
Galil AR | Chromatic Aberration (Factory New),2026-10-01,121.5000,120.5000,121.5000,120.0000,2026-10-01
Galil AR | Cold Fusion (Factory New),2026-10-01,3.1600,3.0000,3.1600,3.0000,2026-10-01
Galil AR | Connexion (Factory New),2026-10-01,13.5000,13.3000,13.5600,13.2000,2026-10-01
Galil AR | Control (Factory New),2026-10-01,17.0000,17.0000,17.1500,17.0000,2026-10-01
Galil AR | Crimson Tsunami (Factory New),2026-10-01,38.8000,38.8000,38.8000,38.8000,2026-10-01
Galil AR | Destroyer (Factory New),2026-10-01,1.8500,1.8500,1.8500,1.8400,2026-10-01
Galil AR | Dusk Ruins (Factory New),2026-10-01,230.0000,230.0000,230.0000,230.0000,2026-10-01
Galil AR | Firefight (Factory New),2026-10-01,62.7000,62.7000,62.7000,62.7000,2026-10-01
Galil AR | Galigator (Factory New),2026-10-01,21.4700,21.1000,21.4700,21.0000,2026-10-01
Galil AR | Green Apple (Factory New),2026-10-01,1.2800,1.2300,1.2800,1.2000,2026-10-01
Galil AR | Grey Smoke (Factory New),2026-10-01,0.1300,0.1400,0.1400,0.1300,2026-10-01
Galil AR | Hunting Blind (Factory New),2026-10-01,39.2600,39.2600,39.2600,39.2600,2026-10-01
Galil AR | Kami (Factory New),2026-10-01,28.9900,28.9900,29.0000,28.9900,2026-10-01
Galil AR | Metallic Squeezer (Factory New),2026-10-01,4.2800,4.2700,4.2800,4.0000,2026-10-01
Galil AR | NV (Factory New),2026-10-01,2.5300,2.5000,2.5300,2.5000,2026-10-01
Galil AR | O-Ranger (Factory New),2026-10-01,1.0600,1.0800,1.1000,1.0600,2026-10-01
Galil AR | Orange DDPAT (Factory New),2026-10-01,559.9000,560.0000,565.5900,559.9000,2026-10-01
Galil AR | Phoenix Blacklight (Factory New),2026-10-01,931.8600,928.5200,931.8600,928.5200,2026-10-01
Galil AR | Rainbow Spoon (Factory New),2026-10-01,166.9000,164.4000,166.9000,164.4000,2026-10-01
Galil AR | Robin's Egg (Factory New),2026-10-01,1.2000,1.2400,1.2400,1.1900,2026-10-01
Galil AR | Rocket Pop (Factory New),2026-10-01,53.7900,53.8900,53.9700,53.7900,2026-10-01
Galil AR | Sage Spray (Factory New),2026-10-01,8.5900,8.5800,8.5900,8.5700,2026-10-01
Galil AR | Shattered (Factory New),2026-10-01,399.0000,399.0000,399.0000,399.0000,2026-10-01
Galil AR | Signal (Factory New),2026-10-01,12.0000,11.8000,12.0000,11.8000,2026-10-01
Galil AR | Sky Mandala (Factory New),2026-10-01,8.7100,8.6900,8.7100,8.6900,2026-10-01
Galil AR | Stone Cold (Factory New),2026-10-01,123.9200,121.3400,123.9200,121.3400,2026-10-01
Galil AR | Sugar Rush (Factory New),2026-10-01,869.5000,868.5000,869.5000,868.5000,2026-10-01
Galil AR | Tornado (Factory New),2026-10-01,144.8800,144.4300,144.8800,140.0000,2026-10-01
Galil AR | Tuxedo (Factory New),2026-10-01,17.3000,17.0000,17.5100,17.0000,2026-10-01
Galil AR | Urban Rubble (Factory New),2026-10-01,79.9900,75.0000,79.9900,75.0000,2026-10-01
Galil AR | Vandal (Factory New),2026-10-01,65.0000,64.9600,65.0000,64.9600,2026-10-01
Galil AR | VariCamo (Factory New),2026-10-01,0.7900,0.9200,0.9200,0.7900,2026-10-01
Galil AR | Winter Forest (Factory New),2026-10-01,3520.6000,3520.6000,3520.6000,3520.6000,2026-10-01
Getaway Sally | The Professionals,2026-10-01,409.5000,411.0000,414.0000,409.5000,2026-10-01
Glock-18 | AXIA (Factory New),2026-10-01,289.0000,288.0000,289.4900,288.0000,2026-10-01
Glock-18 | Block-18 (Factory New),2026-10-01,9.1900,9.2900,9.3100,9.1700,2026-10-01
Glock-18 | Blue Fissure (Factory New),2026-10-01,219.3000,219.3000,219.3000,219.3000,2026-10-01
Glock-18 | Brass (Factory New),2026-10-01,718.9000,715.3000,718.9000,715.3000,2026-10-01
Glock-18 | Bullet Queen (Factory New),2026-10-01,730.6000,728.5000,730.6000,728.5000,2026-10-01
Glock-18 | Bunsen Burner (Factory New),2026-10-01,25.8600,25.8600,25.8600,25.8600,2026-10-01
Glock-18 | Candy Apple (Factory New),2026-10-01,10.7600,10.7700,10.7700,10.5000,2026-10-01
Glock-18 | Catacombs (Factory New),2026-10-01,24.6600,24.5300,24.6800,24.5300,2026-10-01
Glock-18 | Clear Polymer (Factory New),2026-10-01,19.6700,19.7500,19.7500,19.6600,2026-10-01
Glock-18 | Coral Bloom (Factory New),2026-10-01,7.9800,7.9800,8.0000,7.9800,2026-10-01
Glock-18 | Dragon Tattoo (Factory New),2026-10-01,521.0000,521.8400,521.8400,521.0000,2026-10-01
Glock-18 | Fade (Factory New),2026-10-01,9049.5000,9049.5000,9049.5000,9049.5000,2026-10-01
Glock-18 | Franklin (Factory New),2026-10-01,695.0000,694.5000,695.0000,694.5000,2026-10-01
Glock-18 | Fully Tuned (Factory New),2026-10-01,1057.5000,1059.0000,1059.0000,1056.5000,2026-10-01
Glock-18 | Gamma Doppler (Factory New),2026-10-01,608.5000,604.0000,608.5000,580.0000,2026-10-01
Glock-18 | Ghost Protocol (Factory New),2026-10-01,3279.5000,3279.5000,3279.5000,3279.5000,2026-10-01
Glock-18 | Glockingbird (Factory New),2026-10-01,19.7000,19.5000,19.7000,19.3900,2026-10-01
Glock-18 | Gold Toof (Factory New),2026-10-01,844.5000,843.5000,844.5000,843.5000,2026-10-01
Glock-18 | Green Line (Factory New),2026-10-01,37.8000,37.7800,37.8000,36.0900,2026-10-01
Glock-18 | Grinder (Factory New),2026-10-01,51.0000,52.5100,52.5500,51.0000,2026-10-01
Glock-18 | Groundwater (Factory New),2026-10-01,579.0000,579.0000,579.0000,579.0000,2026-10-01
Glock-18 | High Beam (Factory New),2026-10-01,0.8500,0.8300,0.8600,0.8000,2026-10-01
Glock-18 | Ifrit Lattice (Factory New),2026-10-01,70.9000,70.9000,70.9000,70.9000,2026-10-01
Glock-18 | Ironwork (Factory New),2026-10-01,196.6400,196.6400,196.6400,196.6400,2026-10-01
Glock-18 | Mirror Mosaic (Factory New),2026-10-01,150.9900,150.9900,150.9900,150.9900,2026-10-01
Glock-18 | Moonrise (Factory New),2026-10-01,14.8800,14.8800,14.8800,14.8800,2026-10-01
Glock-18 | Neo-Noir (Factory New),2026-10-01,1178.0000,1170.0000,1178.0000,1170.0000,2026-10-01
Glock-18 | Night (Factory New),2026-10-01,189.9900,220.5900,220.6000,189.9900,2026-10-01
Glock-18 | Nuclear Garden (Factory New),2026-10-01,242.0000,241.0000,243.5000,240.0000,2026-10-01
Glock-18 | Ocean Topo (Factory New),2026-10-01,2.1500,2.1200,2.1600,2.0600,2026-10-01
Glock-18 | Off World (Factory New),2026-10-01,36.6900,36.5900,36.6900,36.5900,2026-10-01
Glock-18 | Oxide Blaze (Factory New),2026-10-01,15.9600,15.9700,15.9700,15.8300,2026-10-01
Glock-18 | Pink DDPAT (Factory New),2026-10-01,509.5000,509.5000,509.5000,509.5000,2026-10-01
Glock-18 | Ramese's Reach (Factory New),2026-10-01,376.9900,375.4800,376.9900,375.4800,2026-10-01
Glock-18 | Reactor (Factory New),2026-10-01,447.7500,446.7500,447.7500,446.7500,2026-10-01
Glock-18 | Red Tire (Factory New),2026-10-01,72.3000,71.3400,72.3000,71.3400,2026-10-01
Glock-18 | Royal Legion (Factory New),2026-10-01,224.0000,223.5000,225.0000,223.5000,2026-10-01
Glock-18 | Sacrifice (Factory New),2026-10-01,45.0000,43.6600,45.0000,43.6600,2026-10-01
Glock-18 | Sand Dune (Factory New),2026-10-01,1849.5400,1849.5400,1849.5400,1849.5400,2026-10-01
Glock-18 | Shinobu (Factory New),2026-10-01,118.9000,118.8000,119.0000,118.8000,2026-10-01
Glock-18 | Snack Attack (Factory New),2026-10-01,683.0000,682.9900,683.0000,680.0000,2026-10-01
Glock-18 | Steel Disruption (Factory New),2026-10-01,227.0900,220.0000,227.1300,220.0000,2026-10-01
Glock-18 | Synth Leaf (Factory New),2026-10-01,2074.5000,2074.5000,2074.5000,2074.5000,2026-10-01
Glock-18 | Teal Graf (Factory New),2026-10-01,3.2700,3.2700,3.2800,3.2500,2026-10-01
Glock-18 | Trace Lock (Factory New),2026-10-01,33.2600,33.7500,33.7500,33.2600,2026-10-01
Glock-18 | Twilight Galaxy (Factory New),2026-10-01,3098.5000,3093.5000,3098.5000,3093.5000,2026-10-01
Glock-18 | Umbral Rabbit (Factory New),2026-10-01,9.9500,9.9300,9.9600,9.9300,2026-10-01
Glock-18 | Vogue (Factory New),2026-10-01,69.9900,69.9000,70.0000,69.0000,2026-10-01
Glock-18 | Warhawk (Factory New),2026-10-01,37.2700,37.2500,37.2700,37.1600,2026-10-01
Glock-18 | Wasteland Rebel (Factory New),2026-10-01,771.8700,771.8200,771.8700,771.8200,2026-10-01
Glock-18 | Water Elemental (Factory New),2026-10-01,270.0000,269.0000,270.0000,268.9000,2026-10-01
Glock-18 | Weasel (Factory New),2026-10-01,219.3100,221.7700,222.2800,219.3100,2026-10-01
Glock-18 | Winterized (Factory New),2026-10-01,5.3000,5.4000,5.4900,5.3000,2026-10-01
Glock-18 | Wraiths (Factory New),2026-10-01,33.5200,33.1800,33.5200,33.1800,2026-10-01
Ground Rebel  | Elite Crew,2026-10-01,58.7000,58.3500,58.7000,58.0000,2026-10-01
John 'Van Healen' Kask | SWAT,2026-10-01,64.0000,63.8900,64.0000,63.8900,2026-10-01
Jungle Rebel | Elite Crew,2026-10-01,114.0000,115.8000,115.9500,114.0000,2026-10-01
Lieutenant 'Tree Hugger' Farlow | SWAT,2026-10-01,86.4000,87.0800,87.0800,86.4000,2026-10-01
Little Kev | The Professionals,2026-10-01,149.9800,149.4700,149.9800,142.0000,2026-10-01
Lt. Commander Ricksaw | NSWC SEAL,2026-10-01,99.4900,99.0000,99.7000,95.0000,2026-10-01
M4A1-S | Atomic Alloy (Factory New),2026-10-01,974.4900,974.4900,974.4900,974.4900,2026-10-01
M4A1-S | Basilisk (Factory New),2026-10-01,164.0000,170.0000,170.0000,164.0000,2026-10-01
M4A1-S | Black Lotus (Factory New),2026-10-01,72.0000,71.9000,72.2000,71.0000,2026-10-01
M4A1-S | Blood Tiger (Factory New),2026-10-01,99.4900,99.4900,99.4900,99.4900,2026-10-01
M4A1-S | Blue Phosphor (Factory New),2026-10-01,3389.4000,3390.0000,3390.0000,3389.4000,2026-10-01
M4A1-S | Boreal Forest (Factory New),2026-10-01,55.0000,54.8900,55.0000,54.8900,2026-10-01
M4A1-S | Briefing (Factory New),2026-10-01,368.5000,367.5000,368.5000,367.5000,2026-10-01
M4A1-S | Chantico's Fire (Factory New),2026-10-01,1654.4900,1654.4900,1654.4900,1653.9900,2026-10-01
M4A1-S | Control Panel (Factory New),2026-10-01,950.0000,940.0000,950.0000,934.0000,2026-10-01
M4A1-S | Cyrex (Factory New),2026-10-01,1239.0000,1239.0000,1239.5000,1238.5000,2026-10-01
M4A1-S | Decimator (Factory New),2026-10-01,268.5000,270.0000,270.0000,267.5000,2026-10-01
M4A1-S | Electrum (Factory New),2026-10-01,34.7000,35.0000,35.5000,34.7000,2026-10-01
M4A1-S | Emphorosaur-S (Factory New),2026-10-01,13.6800,14.0500,14.1500,13.6800,2026-10-01
M4A1-S | Fade (Factory New),2026-10-01,1150.4900,1148.4900,1150.4900,1145.0000,2026-10-01
M4A1-S | Fatal Glitch (Factory New),2026-10-01,598.5000,598.5000,598.5000,598.5000,2026-10-01
M4A1-S | Fizzy POP (Factory New),2026-10-01,67.1400,67.1000,67.1400,65.0000,2026-10-01
M4A1-S | Flashback (Factory New),2026-10-01,780.0000,781.0000,785.0000,779.0000,2026-10-01
M4A1-S | Glitched Paint (Factory New),2026-10-01,33.0000,32.5000,33.0000,32.5000,2026-10-01
M4A1-S | Golden Coil (Factory New),2026-10-01,1489.5000,1489.5000,1489.5000,1489.0000,2026-10-01
M4A1-S | Guardian (Factory New),2026-10-01,409.9900,399.9900,409.9900,399.9900,2026-10-01
M4A1-S | Hot Rod (Factory New),2026-10-01,8399.0000,8399.0000,8399.0000,8350.0000,2026-10-01
M4A1-S | Hyper Beast (Factory New),2026-10-01,1787.3900,1789.9900,1789.9900,1786.8900,2026-10-01
M4A1-S | Icarus Fell (Factory New),2026-10-01,2864.9900,2860.0000,2864.9900,2860.0000,2026-10-01
M4A1-S | Imminent Danger (Factory New),2026-10-01,8417.0000,8417.0000,8417.0000,8417.0000,2026-10-01
M4A1-S | Knight (Factory New),2026-10-01,16450.0000,16450.0000,16450.0000,16450.0000,2026-10-01
M4A1-S | Leaded Glass (Factory New),2026-10-01,272.5000,270.0000,272.5000,270.0000,2026-10-01
M4A1-S | Liquidation (Factory New),2026-10-01,60.0000,58.8000,60.0000,58.8000,2026-10-01
M4A1-S | Master Piece (Factory New),2026-10-01,1898.5000,1899.0000,1899.0000,1898.5000,2026-10-01
M4A1-S | Mecha Industries (Factory New),2026-10-01,1400.0000,1419.5000,1422.5000,1400.0000,2026-10-01
M4A1-S | Moss Quartz (Factory New),2026-10-01,484.5000,481.5000,484.5000,481.5000,2026-10-01
M4A1-S | Mud-Spec (Factory New),2026-10-01,11.8000,11.7600,11.9000,11.4500,2026-10-01
M4A1-S | Night Terror (Factory New),2026-10-01,10.6800,10.7500,11.0000,10.6800,2026-10-01
M4A1-S | Nightmare (Factory New),2026-10-01,1579.0000,1567.1700,1586.0000,1567.1700,2026-10-01
M4A1-S | Nitro (Factory New),2026-10-01,67.3800,67.2800,67.3800,67.2800,2026-10-01
M4A1-S | Party Animal (Factory New),2026-10-01,145.0000,147.2700,148.3000,145.0000,2026-10-01
M4A1-S | Player Two (Factory New),2026-10-01,975.0000,974.0000,975.0000,973.5000,2026-10-01
M4A1-S | Printstream (Factory New),2026-10-01,2677.2800,2674.9000,2677.2800,2674.9000,2026-10-01
M4A1-S | Rose Hex (Factory New),2026-10-01,3.4800,3.5000,3.5000,3.4700,2026-10-01
M4A1-S | Solitude (Factory New),2026-10-01,70.1800,69.0000,70.1800,69.0000,2026-10-01
M4A1-S | Stratosphere (Factory New),2026-10-01,206.0000,205.9400,206.0000,205.9400,2026-10-01
M4A1-S | Vaporwave (Factory New),2026-10-01,942.9900,945.5000,946.0000,942.9900,2026-10-01
M4A1-S | VariCamo (Factory New),2026-10-01,8.5700,8.4900,8.5700,8.4900,2026-10-01
M4A1-S | Wash me plz (Factory New),2026-10-01,1.8800,1.8500,1.8800,1.8500,2026-10-01
M4A1-S | Welcome to the Jungle (Factory New),2026-10-01,9799.5000,10290.0000,10290.0000,9799.5000,2026-10-01
M4A4 | Aeolian Dark (Factory New),2026-10-01,1.0800,1.1200,1.1300,1.0800,2026-10-01
M4A4 | Bullet Rain (Factory New),2026-10-01,1435.7800,1435.7800,1435.7800,1435.7800,2026-10-01
M4A4 | Buzz Kill (Factory New),2026-10-01,2966.2200,2955.0000,2966.2200,2955.0000,2026-10-01
M4A4 | Choppa (Factory New),2026-10-01,8.3600,8.3200,8.3600,8.3200,2026-10-01
M4A4 | Converter (Factory New),2026-10-01,8.8200,8.4800,8.8200,8.4800,2026-10-01
M4A4 | Cyber Security (Factory New),2026-10-01,914.5000,912.0000,914.5000,905.0000,2026-10-01
M4A4 | Dark Blossom (Factory New),2026-10-01,315.0000,315.0000,315.0000,315.0000,2026-10-01
M4A4 | Dark Operative (Factory New),2026-10-01,40.2000,40.0000,40.2000,40.0000,2026-10-01
M4A4 | Daybreak (Factory New),2026-10-01,4249.5000,4249.0000,4249.5000,4249.0000,2026-10-01
M4A4 | Desert Storm (Factory New),2026-10-01,399.5000,399.5000,399.5000,399.5000,2026-10-01
M4A4 | Desert-Strike (Factory New),2026-10-01,460.1200,457.8500,460.1200,456.9400,2026-10-01
M4A4 | Desolate Space (Factory New),2026-10-01,477.8000,479.9900,483.0000,477.5000,2026-10-01
M4A4 | Etch Lord (Factory New),2026-10-01,19.2300,18.8800,19.2300,18.8800,2026-10-01
M4A4 | Evil Daimyo (Factory New),2026-10-01,52.5800,52.5700,52.6800,52.5700,2026-10-01
M4A4 | Eye of Horus (Factory New),2026-10-01,4039.4900,4039.4900,4039.4900,4039.4000,2026-10-01
M4A4 | Faded Zebra (Factory New),2026-10-01,408.0000,408.0000,408.0000,408.0000,2026-10-01
M4A4 | Falak (Factory New),2026-10-01,853.4800,863.4900,863.4900,853.4800,2026-10-01
M4A4 | Full Throttle (Factory New),2026-10-01,1168.5000,1164.5000,1168.5000,1164.5000,2026-10-01
M4A4 | Global Offensive (Factory New),2026-10-01,299.9000,300.0000,300.0000,299.9000,2026-10-01
M4A4 | Griffin (Factory New),2026-10-01,466.0000,459.5000,466.0000,426.0000,2026-10-01
M4A4 | Hellfire (Factory New),2026-10-01,1930.0000,1930.0000,1930.0000,1929.5000,2026-10-01
M4A4 | Hellish (Factory New),2026-10-01,695.9900,695.4900,695.9900,694.0000,2026-10-01
M4A4 | Howl (Factory New),2026-10-01,44999.5000,44999.5000,44999.5000,44999.5000,2026-10-01
M4A4 | In Living Color (Factory New),2026-10-01,559.0000,552.5000,559.0000,552.0000,2026-10-01
M4A4 | Jungle Tiger (Factory New),2026-10-01,519.5000,519.5000,519.5000,519.5000,2026-10-01
M4A4 | Magnesium (Factory New),2026-10-01,36.5000,36.1500,36.5000,36.1500,2026-10-01
M4A4 | Mainframe (Factory New),2026-10-01,1.5900,1.5500,1.6700,1.5500,2026-10-01
M4A4 | Modern Hunter (Factory New),2026-10-01,4025.8800,4025.8800,4025.8800,4025.8800,2026-10-01
M4A4 | Naval Shred Camo (Factory New),2026-10-01,1.3300,1.3100,1.3300,1.3100,2026-10-01
M4A4 | Neo-Noir (Factory New),2026-10-01,616.5000,617.5000,618.0000,615.0000,2026-10-01
M4A4 | Poly Mag (Factory New),2026-10-01,5.8500,5.9000,5.9000,5.5000,2026-10-01
M4A4 | Polysoup (Factory New),2026-10-01,132.0000,131.9900,132.0000,131.9900,2026-10-01
M4A4 | Poseidon (Factory New),2026-10-01,8400.0000,8599.0000,8599.0000,8400.0000,2026-10-01
M4A4 | Radiation Hazard (Factory New),2026-10-01,2347.0000,2347.0000,2347.0000,2347.0000,2026-10-01
M4A4 | Red DDPAT (Factory New),2026-10-01,805.1200,800.0000,808.0000,800.0000,2026-10-01
M4A4 | Royal Paladin (Factory New),2026-10-01,1294.9900,1294.5000,1295.0000,1294.5000,2026-10-01
M4A4 | Sheet Lightning (Factory New),2026-10-01,26.3600,24.9800,26.3600,24.9800,2026-10-01
M4A4 | Spider Lily (Factory New),2026-10-01,379.4900,388.0000,389.6000,379.4900,2026-10-01
M4A4 | Steel Work (Factory New),2026-10-01,1.0000,1.0100,1.0100,0.9600,2026-10-01
M4A4 | Temukau (Factory New),2026-10-01,603.3900,603.2900,603.4000,600.0000,2026-10-01
M4A4 | The Battlestar (Factory New),2026-10-01,535.9000,536.0000,536.0000,535.9000,2026-10-01
M4A4 | The Coalition (Factory New),2026-10-01,6999.0000,7100.0000,7100.0000,6999.0000,2026-10-01
M4A4 | The Emperor (Factory New),2026-10-01,1427.2000,1490.0100,1490.0100,1427.1800,2026-10-01
M4A4 | Tooth Fairy (Factory New),2026-10-01,83.6000,83.3000,83.6000,83.0000,2026-10-01
M4A4 | Tornado (Factory New),2026-10-01,741.0000,741.0000,741.0000,741.0000,2026-10-01
M4A4 | Turbine (Factory New),2026-10-01,72.6300,72.8900,72.9000,72.6300,2026-10-01
M4A4 | Urban DDPAT (Factory New),2026-10-01,128.0000,129.9800,129.9900,128.0000,2026-10-01
M4A4 | X-Ray (Factory New),2026-10-01,844.0000,843.5000,844.0000,843.0000,2026-10-01
M4A4 | Zirka (Factory New),2026-10-01,520.8800,518.8800,520.8800,518.8800,2026-10-01
M4A4 | Zubastick (Factory New),2026-10-01,4.6000,4.6700,4.6700,4.5900,2026-10-01
M4A4 | 龍王 (Dragon King) (Factory New),2026-10-01,349.0000,348.5000,349.0000,348.5000,2026-10-01
MAC-10 | Acid Hex (Factory New),2026-10-01,0.6900,0.6900,0.7000,0.6900,2026-10-01
MAC-10 | Allure (Factory New),2026-10-01,14.9400,15.2000,15.2000,14.9400,2026-10-01
MAC-10 | Aloha (Factory New),2026-10-01,53.4100,53.3000,53.4100,53.3000,2026-10-01
MAC-10 | Amber Fade (Factory New),2026-10-01,156.3800,158.9700,158.9700,156.3800,2026-10-01
MAC-10 | Arabesque Mosaic (Factory New),2026-10-01,19.9800,19.9900,19.9900,19.9800,2026-10-01
MAC-10 | Bronzer (Factory New),2026-10-01,0.2600,0.2700,0.2700,0.2600,2026-10-01
MAC-10 | Button Masher (Factory New),2026-10-01,17.6100,17.3700,17.6100,15.0000,2026-10-01
MAC-10 | Calf Skin (Factory New),2026-10-01,3.1700,3.1400,3.1700,3.1300,2026-10-01
MAC-10 | Candy Apple (Factory New),2026-10-01,2.0900,2.0700,2.0900,1.9900,2026-10-01
MAC-10 | Carnivore (Factory New),2026-10-01,15.6700,15.4600,15.6700,15.4600,2026-10-01
MAC-10 | Case Hardened (Factory New),2026-10-01,297.4000,296.4000,297.4000,296.4000,2026-10-01
MAC-10 | Cat Fight (Factory New),2026-10-01,20.6800,20.5500,20.6800,20.5500,2026-10-01
MAC-10 | Classic Crate (Factory New),2026-10-01,11.9000,12.0000,12.0000,11.9000,2026-10-01
MAC-10 | Commuter (Factory New),2026-10-01,436.6600,436.5900,436.6600,436.5900,2026-10-01
MAC-10 | Copper Borre (Factory New),2026-10-01,615.5000,615.5000,615.5000,615.5000,2026-10-01
MAC-10 | Curse (Factory New),2026-10-01,75.0000,75.0000,75.0000,75.0000,2026-10-01
MAC-10 | Derailment (Factory New),2026-10-01,45.8000,43.9000,45.8000,43.9000,2026-10-01
MAC-10 | Disco Tech (Factory New),2026-10-01,115.5000,115.0000,115.5000,115.0000,2026-10-01
MAC-10 | Echoing Sands (Factory New),2026-10-01,17.0000,18.1400,18.1400,17.0000,2026-10-01
MAC-10 | Ensnared (Factory New),2026-10-01,3.5400,3.5100,3.5400,3.5100,2026-10-01
MAC-10 | Fade (Factory New),2026-10-01,258.3800,256.4100,258.3800,256.4100,2026-10-01
MAC-10 | Gold Brick (Factory New),2026-10-01,398.0000,398.0000,398.0000,398.0000,2026-10-01
MAC-10 | Graven (Factory New),2026-10-01,749.5000,749.5000,749.5000,749.5000,2026-10-01
MAC-10 | Heat (Factory New),2026-10-01,70.2300,70.2300,70.2300,70.2300,2026-10-01
MAC-10 | Hot Snakes (Factory New),2026-10-01,2067.0000,2066.5000,2067.0000,2066.5000,2026-10-01
MAC-10 | Indigo (Factory New),2026-10-01,180.0000,180.0000,180.0000,180.0000,2026-10-01
MAC-10 | Lapis Gator (Factory New),2026-10-01,11.8900,11.8900,11.8900,11.8900,2026-10-01
MAC-10 | Last Dive (Factory New),2026-10-01,16.5000,16.5000,16.5000,16.5000,2026-10-01
MAC-10 | Light Box (Factory New),2026-10-01,4.7100,4.7300,4.7400,4.7000,2026-10-01
MAC-10 | Malachite (Factory New),2026-10-01,36.9900,37.5000,37.8900,36.9900,2026-10-01
MAC-10 | Monkeyflage (Factory New),2026-10-01,3.9000,3.8900,3.9000,3.8900,2026-10-01
MAC-10 | Neon Rider (Factory New),2026-10-01,767.5000,777.5000,777.5000,767.5000,2026-10-01
MAC-10 | Nuclear Garden (Factory New),2026-10-01,148.5800,148.5400,148.5800,148.5400,2026-10-01
MAC-10 | Oceanic (Factory New),2026-10-01,5.1900,5.6300,5.6300,5.1800,2026-10-01
MAC-10 | Palm (Factory New),2026-10-01,23.9900,24.0000,24.0000,23.4000,2026-10-01
MAC-10 | Pipe Down (Factory New),2026-10-01,30.9000,30.9000,30.9000,30.9000,2026-10-01
MAC-10 | Pipsqueak (Factory New),2026-10-01,16.3500,16.2500,16.3500,16.2500,2026-10-01
MAC-10 | Poplar Thicket (Factory New),2026-10-01,2.2900,2.3700,2.3700,2.2900,2026-10-01
MAC-10 | Propaganda (Factory New),2026-10-01,405.0000,404.5000,405.0000,404.5000,2026-10-01
MAC-10 | Rangeen (Factory New),2026-10-01,6.0000,6.1400,6.1500,6.0000,2026-10-01
MAC-10 | Red Filigree (Factory New),2026-10-01,739.4000,737.4000,739.4000,737.4000,2026-10-01
MAC-10 | Saibā Oni (Factory New),2026-10-01,25.7000,25.7000,25.7000,25.7000,2026-10-01
MAC-10 | Sienna Damask (Factory New),2026-10-01,4.1100,3.7900,4.1100,3.7900,2026-10-01
MAC-10 | Silver (Factory New),2026-10-01,1.0200,1.0200,1.0300,1.0000,2026-10-01
MAC-10 | Snow Splash (Factory New),2026-10-01,0.7400,0.8000,0.8000,0.7400,2026-10-01
MAC-10 | Stalker (Factory New),2026-10-01,609.0000,600.0000,609.0000,600.0000,2026-10-01
MAC-10 | Storm Camo (Factory New),2026-10-01,0.1200,0.1100,0.1300,0.1100,2026-10-01
MAC-10 | Strats (Factory New),2026-10-01,14.9900,14.8900,14.9900,14.8900,2026-10-01
MAC-10 | Surfwood (Factory New),2026-10-01,287.6700,281.4600,287.6700,281.4600,2026-10-01
MAC-10 | Tatter (Factory New),2026-10-01,46.8400,46.6800,46.8400,46.6800,2026-10-01
MAC-10 | Tornado (Factory New),2026-10-01,400.0000,400.0000,400.0000,400.0000,2026-10-01
MAC-10 | Toybox (Factory New),2026-10-01,313.0400,306.8400,313.0400,306.8400,2026-10-01
MAC-10 | Ultraviolet (Factory New),2026-10-01,320.0000,320.0000,320.0000,320.0000,2026-10-01
MAC-10 | Urban DDPAT (Factory New),2026-10-01,214.4700,214.4700,214.4700,214.4700,2026-10-01
MAC-10 | Video Cam (Factory New),2026-10-01,8.2300,8.2300,8.2300,8.0000,2026-10-01
MAC-10 | Whitefish (Factory New),2026-10-01,19.6800,19.3800,19.6800,19.3800,2026-10-01
MAG-7 | BI83 Spectrum (Factory New),2026-10-01,33.8800,33.8600,33.8800,33.8600,2026-10-01
MAG-7 | Bulldozer (Factory New),2026-10-01,1298.9000,1299.0000,1299.0000,1298.9000,2026-10-01
MAG-7 | Carbon Fiber (Factory New),2026-10-01,14.0000,14.0000,14.0000,14.0000,2026-10-01
MAG-7 | Chainmail (Factory New),2026-10-01,89.2400,89.3400,89.3400,89.2400,2026-10-01
MAG-7 | Cinquedea (Factory New),2026-10-01,3977.0000,3977.0000,3977.0000,3977.0000,2026-10-01
MAG-7 | Cobalt Core (Factory New),2026-10-01,6.1500,6.0900,6.1500,6.0900,2026-10-01
MAG-7 | Copper Coated (Factory New),2026-10-01,21.0000,21.0000,21.0000,20.8800,2026-10-01
MAG-7 | Copper Oxide (Factory New),2026-10-01,0.1000,0.1100,0.1300,0.1000,2026-10-01
MAG-7 | Core Breach (Factory New),2026-10-01,72.9700,72.9700,72.9700,72.9700,2026-10-01
MAG-7 | Counter Terrace (Factory New),2026-10-01,773.6100,773.6100,773.6100,773.6100,2026-10-01
MAG-7 | Firestarter (Factory New),2026-10-01,58.9700,57.9000,58.9700,57.9000,2026-10-01
MAG-7 | Foresight (Factory New),2026-10-01,1.3700,1.3900,1.3900,1.3700,2026-10-01
MAG-7 | Hard Water (Factory New),2026-10-01,34.6900,34.6900,34.6900,34.6900,2026-10-01
MAG-7 | Hazard (Factory New),2026-10-01,1440.4800,1440.4800,1440.4800,1440.4800,2026-10-01
MAG-7 | Heat (Factory New),2026-10-01,40.5700,40.4900,40.5900,40.4700,2026-10-01
MAG-7 | Heaven Guard (Factory New),2026-10-01,3.5000,3.5000,3.5000,3.5000,2026-10-01
MAG-7 | Insomnia (Factory New),2026-10-01,3.2500,3.1900,3.2500,3.1900,2026-10-01
MAG-7 | Irradiated Alert (Factory New),2026-10-01,225.6700,225.6700,225.6700,225.6700,2026-10-01
MAG-7 | Justice (Factory New),2026-10-01,92.4400,92.2400,92.4400,92.2400,2026-10-01
MAG-7 | MAGnitude (Factory New),2026-10-01,4.1800,4.1800,4.2000,4.1800,2026-10-01
MAG-7 | Memento (Factory New),2026-10-01,23.7700,23.4400,23.7700,23.4400,2026-10-01
MAG-7 | Metallic DDPAT (Factory New),2026-10-01,0.6200,0.6200,0.6200,0.6200,2026-10-01
MAG-7 | Monster Call (Factory New),2026-10-01,18.3900,18.3900,18.3900,18.3900,2026-10-01
MAG-7 | Navy Sheen (Factory New),2026-10-01,2.4600,2.4400,2.4600,2.4400,2026-10-01
MAG-7 | Petroglyph (Factory New),2026-10-01,10.4600,10.9900,10.9900,10.4600,2026-10-01
MAG-7 | Popdog (Factory New),2026-10-01,5.8000,5.8000,5.8000,5.8000,2026-10-01
MAG-7 | Praetorian (Factory New),2026-10-01,34.5500,34.3500,34.5500,34.3500,2026-10-01
MAG-7 | Prism Terrace (Factory New),2026-10-01,207.0000,207.5000,207.5000,207.0000,2026-10-01
MAG-7 | Resupply (Factory New),2026-10-01,3.1000,3.1200,3.1400,3.1000,2026-10-01
MAG-7 | Rust Coat (Factory New),2026-10-01,1.4900,1.4900,1.4900,1.4000,2026-10-01
MAG-7 | SWAG-7 (Factory New),2026-10-01,18.0000,18.0000,18.0000,17.9900,2026-10-01
MAG-7 | Sand Dune (Factory New),2026-10-01,222.2200,222.2200,222.2200,222.2200,2026-10-01
MAG-7 | Seabird (Factory New),2026-10-01,54.3000,54.3000,54.3000,54.3000,2026-10-01
MAG-7 | Silver (Factory New),2026-10-01,74.4200,74.1200,74.4200,74.1200,2026-10-01
MAG-7 | Sonar (Factory New),2026-10-01,26.1700,26.5700,26.5700,26.1700,2026-10-01
MAG-7 | Storm (Factory New),2026-10-01,89.7900,89.7900,89.7900,89.7900,2026-10-01
MAG-7 | Wildwood (Factory New),2026-10-01,0.9200,0.9400,0.9500,0.9200,2026-10-01
MP5-SD | Acid Wash (Factory New),2026-10-01,17.4000,17.4000,17.4000,17.4000,2026-10-01
MP5-SD | Agent (Battle-Scarred),2026-10-01,2.6300,2.6300,2.6300,2.6300,2026-10-01
MP5-SD | Agent (Factory New),2026-10-01,31.0800,31.0800,31.0800,31.0800,2026-10-01
MP5-SD | Agent (Field-Tested),2026-10-01,3.5500,3.5700,3.5700,3.5500,2026-10-01
MP5-SD | Agent (Minimal Wear),2026-10-01,9.4500,9.4200,9.4500,9.2000,2026-10-01
MP5-SD | Agent (Well-Worn),2026-10-01,2.7000,2.7600,2.8300,2.7000,2026-10-01
MP5-SD | Autumn Twilly (Factory New),2026-10-01,113.4400,113.4400,113.4400,113.4200,2026-10-01
MP5-SD | Bamboo Garden (Factory New),2026-10-01,35.3300,35.3200,35.3300,35.3200,2026-10-01
MP5-SD | Co-Processor (Factory New),2026-10-01,10.2700,10.2800,10.2800,10.2700,2026-10-01
MP5-SD | Condition Zero (Factory New),2026-10-01,22.8300,22.8500,22.9000,22.8300,2026-10-01
MP5-SD | Desert Strike (Factory New),2026-10-01,4.8200,4.8300,4.8300,4.8200,2026-10-01
MP5-SD | Dirt Drop (Factory New),2026-10-01,2.2600,2.2500,2.2600,2.2500,2026-10-01
MP5-SD | Focus (Factory New),2026-10-01,4.7700,4.7500,4.7700,4.7500,2026-10-01
MP5-SD | Gauss (Factory New),2026-10-01,24.8700,24.8700,24.8700,24.8700,2026-10-01
MP5-SD | Gold Leaf (Factory New),2026-10-01,1.9000,1.8500,1.9000,1.8500,2026-10-01
MP5-SD | Kitbash (Factory New),2026-10-01,9.4900,9.4700,9.4900,9.4700,2026-10-01
MP5-SD | Lime Hex (Factory New),2026-10-01,0.1100,0.1200,0.1200,0.1100,2026-10-01
MP5-SD | Liquidation (Factory New),2026-10-01,4.0300,4.0000,4.0300,4.0000,2026-10-01
MP5-SD | Necro Jr. (Factory New),2026-10-01,3.3300,3.3200,3.3300,3.1000,2026-10-01
MP5-SD | Nitro (Factory New),2026-10-01,82.6000,82.6000,82.6000,82.6000,2026-10-01
MP5-SD | Oxide Oasis (Factory New),2026-10-01,1198.4700,1197.9700,1198.4700,1197.9700,2026-10-01
MP5-SD | Phosphor (Factory New),2026-10-01,76.7900,77.0000,77.0000,76.7900,2026-10-01
MP5-SD | Picnic (Factory New),2026-10-01,1.0500,1.0300,1.0500,1.0300,2026-10-01
MP5-SD | Snow Splash (Factory New),2026-10-01,0.8800,0.7300,0.9000,0.7300,2026-10-01
MP5-SD | Statics (Factory New),2026-10-01,7.5500,7.4700,7.5500,7.4700,2026-10-01
MP7 | Abyssal Apparition (Factory New),2026-10-01,100.5900,99.8700,100.8700,99.8700,2026-10-01
MP7 | Akoben (Factory New),2026-10-01,14.6000,14.4000,14.6000,14.4000,2026-10-01
MP7 | Amberline (Factory New),2026-10-01,20.9900,20.9900,20.9900,20.8900,2026-10-01
MP7 | Anodized Navy (Factory New),2026-10-01,4.9300,4.8800,4.9300,4.8800,2026-10-01
MP7 | Armor Core (Factory New),2026-10-01,6.9100,6.9300,6.9300,6.9000,2026-10-01
MP7 | Army Recon (Factory New),2026-10-01,4.9900,4.9900,4.9900,4.9900,2026-10-01
MP7 | Asterion (Factory New),2026-10-01,61.6700,61.3000,61.6700,61.3000,2026-10-01
MP7 | Astrolabe (Factory New),2026-10-01,109.0000,110.6900,111.2500,109.0000,2026-10-01
MP7 | Base-2 (Factory New),2026-10-01,4.0800,4.0600,4.0800,4.0600,2026-10-01
MP7 | Bloodsport (Factory New),2026-10-01,439.3000,444.9900,445.0000,439.3000,2026-10-01
MP7 | Cirrus (Factory New),2026-10-01,56.2400,55.9500,56.2500,55.9500,2026-10-01
MP7 | Coral Paisley (Factory New),2026-10-01,1.3500,1.3500,1.3900,1.3400,2026-10-01
MP7 | Fade (Factory New),2026-10-01,68.9800,69.5000,69.6000,68.9800,2026-10-01
MP7 | Forest DDPAT (Factory New),2026-10-01,18.4900,18.4800,18.4900,18.4800,2026-10-01
MP7 | Full Stop (Factory New),2026-10-01,270.0000,270.0000,270.0000,270.0000,2026-10-01
MP7 | Groundwater (Factory New),2026-10-01,425.1400,425.1400,425.1400,425.1400,2026-10-01
MP7 | Guerrilla (Factory New),2026-10-01,37.7900,37.7800,37.7900,37.7800,2026-10-01
MP7 | Gunsmoke (Factory New),2026-10-01,83.3000,83.0500,83.3000,83.0500,2026-10-01
MP7 | Impire (Factory New),2026-10-01,50.0000,50.0000,50.0000,50.0000,2026-10-01
MP7 | Just Smile (Factory New),2026-10-01,16.4700,16.5600,16.5600,16.4700,2026-10-01
MP7 | Motherboard (Factory New),2026-10-01,1.4500,1.5200,1.5200,1.4500,2026-10-01
MP7 | Nemesis (Factory New),2026-10-01,157.4100,152.7200,157.4100,152.7200,2026-10-01
MP7 | Neon Ply (Factory New),2026-10-01,92.1900,92.1700,92.1900,92.1700,2026-10-01
MP7 | Ocean Foam (Factory New),2026-10-01,66.7500,66.6700,66.7500,66.6700,2026-10-01
MP7 | Olive Plaid (Factory New),2026-10-01,78.0000,78.0000,78.0000,78.0000,2026-10-01
MP7 | Orange Peel (Factory New),2026-10-01,208.4300,211.1300,211.1900,208.4300,2026-10-01
MP7 | Powercore (Factory New),2026-10-01,68.0000,68.0000,68.0000,68.0000,2026-10-01
MP7 | Prey (Factory New),2026-10-01,19.8400,19.6000,19.9000,19.6000,2026-10-01
MP7 | Scorched (Factory New),2026-10-01,145.9000,134.2000,145.9000,134.2000,2026-10-01
MP7 | Short Ochre (Factory New),2026-10-01,0.3700,0.4000,0.4000,0.3700,2026-10-01
MP7 | Smoking Kills (Factory New),2026-10-01,162.5000,163.0000,163.0000,162.5000,2026-10-01
MP7 | Special Delivery (Factory New),2026-10-01,32.0000,31.7700,32.0000,31.7700,2026-10-01
MP7 | Sunbaked (Factory New),2026-10-01,9.3700,9.3400,9.3700,9.3400,2026-10-01
MP7 | Tall Grass (Factory New),2026-10-01,32.0300,31.9700,32.0300,31.9700,2026-10-01
MP7 | Teal Blossom (Factory New),2026-10-01,596.9000,597.0000,597.0000,596.9000,2026-10-01
MP7 | Urban Hazard (Factory New),2026-10-01,7.8100,7.7900,7.8100,7.7900,2026-10-01
MP7 | Vault Heist (Factory New),2026-10-01,62.4900,61.2900,62.4900,61.2900,2026-10-01
MP7 | Whiteout (Factory New),2026-10-01,6953.7500,6953.7500,6953.7500,6953.7500,2026-10-01
MP9 | Airlock (Factory New),2026-10-01,145.8900,145.8600,145.8900,145.8600,2026-10-01
MP9 | Arctic Tri-Tone (Factory New),2026-10-01,32.9900,32.8000,33.3900,32.8000,2026-10-01
MP9 | Army Sheen (Factory New),2026-10-01,6.4600,6.4300,6.4600,6.4300,2026-10-01
MP9 | Bee-Tron (Factory New),2026-10-01,0.4200,0.4500,0.4700,0.4200,2026-10-01
MP9 | Bioleak (Factory New),2026-10-01,3.1700,3.1600,3.2200,3.1600,2026-10-01
MP9 | Black Sand (Factory New),2026-10-01,6.0000,6.0000,6.0000,6.0000,2026-10-01
MP9 | Broken Record (Factory New),2026-10-01,4.4600,4.2900,4.4600,4.2900,2026-10-01
MP9 | Buff Blue (Factory New),2026-10-01,0.5600,0.5300,0.5600,0.5300,2026-10-01
MP9 | Bulldozer (Factory New),2026-10-01,6799.0000,6799.0000,6799.0000,6799.0000,2026-10-01
MP9 | Capillary (Factory New),2026-10-01,6.5900,6.5900,6.5900,6.5900,2026-10-01
MP9 | Cobalt Paisley (Factory New),2026-10-01,5.2700,5.0000,5.2700,5.0000,2026-10-01
MP9 | Dark Age (Factory New),2026-10-01,498.5000,498.5000,498.5000,498.5000,2026-10-01
MP9 | Dart (Factory New),2026-10-01,20.7900,20.7900,20.7900,20.7900,2026-10-01
MP9 | Deadly Poison (Factory New),2026-10-01,56.0000,55.9000,56.0000,55.9000,2026-10-01
MP9 | Dizzy (Factory New),2026-10-01,0.1000,0.1200,0.1200,0.1000,2026-10-01
MP9 | Dry Season (Factory New),2026-10-01,687.0000,685.0000,718.8100,685.0000,2026-10-01
MP9 | Dune Asp (Factory New),2026-10-01,3.5100,3.4800,3.5100,3.4800,2026-10-01
MP9 | Featherweight (Factory New),2026-10-01,3.2800,3.3000,3.3000,3.2700,2026-10-01
MP9 | Food Chain (Factory New),2026-10-01,98.4200,98.4200,98.4200,98.4200,2026-10-01
MP9 | Goo (Factory New),2026-10-01,21.8700,21.7200,21.8700,21.7200,2026-10-01
MP9 | Green Plaid (Factory New),2026-10-01,60.9900,60.9900,60.9900,60.9900,2026-10-01
MP9 | Hot Rod (Factory New),2026-10-01,1239.9900,1229.9900,1239.9900,1229.9900,2026-10-01
MP9 | Hydra (Factory New),2026-10-01,266.5000,265.0000,266.5000,265.0000,2026-10-01
MP9 | Hypnotic (Factory New),2026-10-01,90.7200,89.9000,90.7200,89.9000,2026-10-01
MP9 | Latte Rush (Factory New),2026-10-01,324.5000,324.0000,324.5000,324.0000,2026-10-01
MP9 | Modest Threat (Factory New),2026-10-01,2.8800,2.8800,2.8800,2.8800,2026-10-01
MP9 | Mount Fuji (Factory New),2026-10-01,90.8500,90.7800,91.0000,90.0000,2026-10-01
MP9 | Multi-Terrain (Factory New),2026-10-01,0.1000,0.1200,0.1200,0.1000,2026-10-01
MP9 | Music Box (Factory New),2026-10-01,41.0000,40.7100,41.0000,40.7100,2026-10-01
MP9 | Nexus (Factory New),2026-10-01,4.7400,4.7300,4.7400,4.7300,2026-10-01
MP9 | Old Roots (Factory New),2026-10-01,13.0000,13.0000,13.0000,13.0000,2026-10-01
MP9 | Orange Peel (Factory New),2026-10-01,25.4600,25.4600,25.4600,25.3600,2026-10-01
MP9 | Pandora's Box (Factory New),2026-10-01,809.5000,790.0000,809.5000,790.0000,2026-10-01
MP9 | Pine (Factory New),2026-10-01,0.1700,0.2000,0.2100,0.1700,2026-10-01
MP9 | Rose Iron (Factory New),2026-10-01,50.9800,51.8800,51.8800,50.9800,2026-10-01
MP9 | Ruby Poison Dart (Factory New),2026-10-01,28.1100,28.4400,28.4400,28.1100,2026-10-01
MP9 | Sand Dashed (Factory New),2026-10-01,9.0000,8.9900,9.0000,8.9900,2026-10-01
MP9 | Sand Scale (Factory New),2026-10-01,29.9900,29.6900,29.9900,29.6400,2026-10-01
MP9 | Setting Sun (Factory New),2026-10-01,268.9700,268.9700,268.9700,268.9700,2026-10-01
MP9 | Shredded (Factory New),2026-10-01,3.8200,3.9000,3.9000,3.8100,2026-10-01
MP9 | Slide (Factory New),2026-10-01,15.7700,15.7500,15.7700,15.7500,2026-10-01
MP9 | Spy Prototype (Factory New),2026-10-01,14.5900,14.5900,14.5900,14.0000,2026-10-01
MP9 | Stained Glass (Factory New),2026-10-01,848.0000,848.0000,848.0000,848.0000,2026-10-01
MP9 | Starlight Protector (Factory New),2026-10-01,601.5000,602.0000,602.0000,599.4000,2026-10-01
MP9 | Storm (Factory New),2026-10-01,185.5900,185.5900,185.5900,185.5900,2026-10-01
MP9 | Urban Sovereign (Factory New),2026-10-01,20.7000,19.8800,20.7000,19.8800,2026-10-01
MP9 | Wild Lily (Factory New),2026-10-01,15999.3900,15999.3900,15999.3900,15999.3900,2026-10-01
Markus Delrow | FBI HRT,2026-10-01,48.0000,47.5000,48.0000,47.0000,2026-10-01
Maximus | Sabre,2026-10-01,31.7900,31.6000,31.7900,31.0000,2026-10-01
Michael Syfers  | FBI Sniper,2026-10-01,62.1400,61.7800,62.2200,61.0000,2026-10-01
Number K | The Professionals,2026-10-01,293.5000,294.0000,296.9900,293.5000,2026-10-01
Officer Jacques Beltram | Gendarmerie Nationale,2026-10-01,92.6300,92.1300,92.6300,92.1300,2026-10-01
Operation Phoenix Pass,2026-10-01,1000.0000,990.0000,1000.0000,990.0000,2026-10-01
Operation Phoenix Weapon Case,2026-10-01,22.6400,22.6200,22.6400,22.6200,2026-10-01
Operator | FBI SWAT,2026-10-01,59.0000,59.7000,59.7000,58.2800,2026-10-01
Osiris | Elite Crew,2026-10-01,49.7000,49.8000,49.9000,48.0000,2026-10-01
P2000 | Acid Etched (Factory New),2026-10-01,44.6600,43.0000,44.6600,43.0000,2026-10-01
P2000 | Amber Fade (Factory New),2026-10-01,12.9800,12.7400,12.9800,12.0000,2026-10-01
P2000 | Chainmail (Factory New),2026-10-01,311.9700,311.9700,311.9700,311.9700,2026-10-01
P2000 | Coach Class (Factory New),2026-10-01,235.0000,235.0000,235.0000,235.0000,2026-10-01
P2000 | Coral Halftone (Factory New),2026-10-01,2.2900,2.2000,2.2900,2.2000,2026-10-01
P2000 | Corticera (Factory New),2026-10-01,399.5000,390.0000,399.5000,390.0000,2026-10-01
P2000 | Dispatch (Factory New),2026-10-01,158.3000,156.9600,158.3000,156.9600,2026-10-01
P2000 | Fire Elemental (Factory New),2026-10-01,575.5000,578.0000,578.0000,575.0000,2026-10-01
P2000 | Gnarled (Factory New),2026-10-01,3.9500,3.9500,3.9500,3.9500,2026-10-01
P2000 | Granite Marbleized (Factory New),2026-10-01,38.5400,38.4400,38.5400,38.4400,2026-10-01
P2000 | Grassland (Factory New),2026-10-01,67.9700,67.9700,67.9700,67.9700,2026-10-01
P2000 | Grassland Leaves (Factory New),2026-10-01,532.5900,539.6300,539.7100,532.5900,2026-10-01
P2000 | Grip Tape (Factory New),2026-10-01,4.7100,4.7000,4.7100,4.7000,2026-10-01
P2000 | Handgun (Factory New),2026-10-01,105.0000,106.6100,107.8700,104.5000,2026-10-01
P2000 | Imperial (Factory New),2026-10-01,4.8200,4.7900,4.8200,4.7900,2026-10-01
P2000 | Imperial Dragon (Factory New),2026-10-01,164.4000,163.0000,164.4000,163.0000,2026-10-01
P2000 | Ivory (Factory New),2026-10-01,34.9500,34.9500,35.0000,34.9500,2026-10-01
P2000 | Lifted Spirits (Factory New),2026-10-01,3.7800,3.7800,3.7800,3.5000,2026-10-01
P2000 | Marsh (Factory New),2026-10-01,0.6400,0.7200,0.7200,0.6300,2026-10-01
P2000 | Obsidian (Factory New),2026-10-01,124.9700,119.4600,124.9700,119.4600,2026-10-01
P2000 | Ocean Foam (Factory New),2026-10-01,599.9000,599.9000,599.9000,599.9000,2026-10-01
P2000 | Oceanic (Factory New),2026-10-01,11.9000,11.8600,11.9100,11.8600,2026-10-01
P2000 | Panther Camo (Factory New),2026-10-01,23.5000,23.3500,23.5000,23.3500,2026-10-01
P2000 | Pathfinder (Factory New),2026-10-01,87.8900,87.8900,87.8900,87.8900,2026-10-01
P2000 | Pulse (Factory New),2026-10-01,35.0000,34.9900,35.0000,34.9900,2026-10-01
P2000 | Red FragCam (Factory New),2026-10-01,103.2900,103.2600,103.2900,103.2600,2026-10-01
P2000 | Red Wing (Factory New),2026-10-01,4.7000,4.6700,4.7000,4.6700,2026-10-01
P2000 | Royal Baroque (Factory New),2026-10-01,4.8300,4.8100,4.8300,4.8100,2026-10-01
P2000 | Scorpion (Factory New),2026-10-01,314.5000,319.1400,328.8100,314.5000,2026-10-01
P2000 | Silver (Factory New),2026-10-01,859.5000,860.6500,864.0000,857.5000,2026-10-01
P2000 | Space Race (Factory New),2026-10-01,127.4000,126.5000,127.4000,126.5000,2026-10-01
P2000 | Sure Grip (Factory New),2026-10-01,3.4300,3.4500,3.4500,3.4300,2026-10-01
P2000 | Turf (Factory New),2026-10-01,86.4500,86.3500,86.4500,86.3500,2026-10-01
P2000 | Urban Hazard (Factory New),2026-10-01,8.7300,8.6600,8.7300,8.6600,2026-10-01
P2000 | Wicked Sick (Factory New),2026-10-01,86.6700,86.6500,86.6700,86.6500,2026-10-01
P2000 | Woodsman (Factory New),2026-10-01,280.3600,280.2400,280.6800,280.2400,2026-10-01
P250 | Apep's Curse (Factory New),2026-10-01,698.3800,698.2700,698.3800,698.2700,2026-10-01
P250 | Bengal Tiger (Factory New),2026-10-01,289.9000,289.4000,289.9000,289.2000,2026-10-01
P250 | Black & Tan (Factory New),2026-10-01,56.8000,56.5000,56.8000,56.5000,2026-10-01
P250 | Bone Mask (Factory New),2026-10-01,103.6500,103.7700,103.7900,103.6500,2026-10-01
P250 | Boreal Forest (Factory New),2026-10-01,5.9300,5.4900,5.9300,5.4900,2026-10-01
P250 | Bullfrog (Factory New),2026-10-01,4.8000,4.7600,4.8000,4.7600,2026-10-01
P250 | Cartel (Factory New),2026-10-01,202.9000,200.5900,202.9000,200.5900,2026-10-01
P250 | Cassette (Factory New),2026-10-01,1.8400,1.8300,1.8400,1.8200,2026-10-01
P250 | Constructivist (Factory New),2026-10-01,0.7700,0.7600,0.7700,0.7600,2026-10-01
P250 | Contaminant (Factory New),2026-10-01,62.9000,62.7000,62.9000,62.7000,2026-10-01
P250 | Contamination (Factory New),2026-10-01,38.3400,38.2800,38.3400,38.2800,2026-10-01
P250 | Copper Oxide (Factory New),2026-10-01,0.1200,0.1400,0.1500,0.1200,2026-10-01
P250 | Crimson Kimono (Factory New),2026-10-01,140.0000,140.0000,140.0000,140.0000,2026-10-01
P250 | Cyber Shell (Factory New),2026-10-01,21.4000,21.5000,21.5000,21.4000,2026-10-01
P250 | Dark Filigree (Factory New),2026-10-01,50.9900,50.9900,50.9900,50.9900,2026-10-01
P250 | Digital Architect (Factory New),2026-10-01,235.0000,234.5000,235.0000,234.5000,2026-10-01
P250 | Drought (Factory New),2026-10-01,2.2200,1.9900,2.2200,1.9900,2026-10-01
P250 | Epicenter (Factory New),2026-10-01,125.8900,125.7900,125.8900,125.7900,2026-10-01
P250 | Exchanger (Factory New),2026-10-01,10.5800,10.6100,10.7100,10.5800,2026-10-01
P250 | Facets (Factory New),2026-10-01,229.0700,229.0700,231.6000,229.0700,2026-10-01
P250 | Facility Draft (Factory New),2026-10-01,0.2400,0.2400,0.2400,0.2400,2026-10-01
P250 | Forest Night (Factory New),2026-10-01,79.4500,79.3500,79.4500,79.3500,2026-10-01
P250 | Franklin (Factory New),2026-10-01,23.2600,22.9000,23.2600,22.9000,2026-10-01
P250 | Gunsmoke (Factory New),2026-10-01,90.0000,90.0000,90.0000,90.0000,2026-10-01
P250 | Hive (Factory New),2026-10-01,42.9000,42.9000,42.9000,42.9000,2026-10-01
P250 | Inferno (Factory New),2026-10-01,48.0000,47.7000,48.0000,47.7000,2026-10-01
P250 | Iron Clad (Factory New),2026-10-01,39.3300,40.3400,40.3400,39.3300,2026-10-01
P250 | Kintsugi (Factory New),2026-10-01,120.0000,119.5000,120.0000,119.5000,2026-10-01
P250 | Lotus Imprint (Factory New),2026-10-01,82.5500,82.1800,82.5500,82.1800,2026-10-01
P250 | Mehndi (Factory New),2026-10-01,182.5000,182.5000,182.5000,182.5000,2026-10-01
P250 | Metallic DDPAT (Factory New),2026-10-01,0.6600,0.6200,0.6600,0.6200,2026-10-01
P250 | Mint Kimono (Factory New),2026-10-01,76.9600,76.7200,76.9600,76.7200,2026-10-01
P250 | Modern Hunter (Factory New),2026-10-01,1998.4800,2218.2100,2218.2100,1998.4800,2026-10-01
P250 | Muertos (Factory New),2026-10-01,118.0000,117.0000,118.0000,117.0000,2026-10-01
P250 | Nevermore (Factory New),2026-10-01,11.8000,11.5000,11.8000,11.5000,2026-10-01
P250 | Nuclear Threat (Factory New),2026-10-01,2300.0000,2300.0000,2300.0000,2300.0000,2026-10-01
P250 | Plum Netting (Factory New),2026-10-01,0.1300,0.1400,0.1400,0.1300,2026-10-01
P250 | Re.built (Factory New),2026-10-01,3.0300,3.0900,3.0900,3.0100,2026-10-01
P250 | Red Rock (Factory New),2026-10-01,244.6900,245.0000,245.0000,244.6900,2026-10-01
P250 | Red Tide (Factory New),2026-10-01,5.1400,5.1900,5.1900,5.1300,2026-10-01
P250 | Ripple (Factory New),2026-10-01,4.6300,4.3300,4.6300,4.3300,2026-10-01
P250 | Sand Dune (Factory New),2026-10-01,4.3000,4.3000,4.3400,4.3000,2026-10-01
P250 | Sedimentary (Factory New),2026-10-01,0.7900,0.8000,0.8000,0.7900,2026-10-01
P250 | See Ya Later (Factory New),2026-10-01,683.8800,682.4300,683.8800,682.4300,2026-10-01
P250 | Sleet (Factory New),2026-10-01,0.1700,0.1900,0.2000,0.1700,2026-10-01
P250 | Small Game (Factory New),2026-10-01,4.0200,4.0000,4.0200,4.0000,2026-10-01
P250 | Splash (Factory New),2026-10-01,298.2800,298.2800,298.2800,298.2800,2026-10-01
P250 | Steel Disruption (Factory New),2026-10-01,34.0600,33.8700,34.0600,33.8700,2026-10-01
P250 | Undertow (Factory New),2026-10-01,263.9900,263.9900,263.9900,263.9900,2026-10-01
P250 | Valence (Factory New),2026-10-01,13.4200,13.3900,13.4200,13.3900,2026-10-01
P250 | Verdigris (Factory New),2026-10-01,7.9600,7.9500,7.9600,7.9500,2026-10-01
P250 | Vino Primo (Factory New),2026-10-01,113.3300,114.3000,114.9900,113.3300,2026-10-01
P250 | Visions (Factory New),2026-10-01,49.7000,49.7000,49.7000,49.7000,2026-10-01
P250 | Whiteout (Factory New),2026-10-01,1798.5000,1798.5000,1798.5000,1798.5000,2026-10-01
P250 | Wingshot (Factory New),2026-10-01,40.4300,40.4300,40.4300,40.4300,2026-10-01
P250 | X-Ray (Factory New),2026-10-01,3.9000,3.9100,3.9100,3.8800,2026-10-01
P90 | Aeolian Light (Factory New),2026-10-01,4.1300,4.1100,4.1300,4.1100,2026-10-01
P90 | Ancient Earth (Factory New),2026-10-01,3.5400,3.4300,3.5400,3.4300,2026-10-01
P90 | Ash Wood (Factory New),2026-10-01,1.0500,1.0700,1.1400,1.0500,2026-10-01
P90 | Asiimov (Factory New),2026-10-01,1469.5000,1475.9400,1477.5000,1469.5000,2026-10-01
P90 | Astral Jörmungandr (Factory New),2026-10-01,2278.0000,2278.0000,2278.0000,2278.0000,2026-10-01
P90 | Attack Vector (Factory New),2026-10-01,81.7900,81.6800,81.7900,81.6800,2026-10-01
P90 | Baroque Red (Factory New),2026-10-01,190.0000,190.0000,190.0000,190.0000,2026-10-01
P90 | Blind Spot (Factory New),2026-10-01,65.7400,65.5300,65.7400,65.5300,2026-10-01
P90 | Blue Tac (Factory New),2026-10-01,0.1200,0.1100,0.1200,0.1100,2026-10-01
P90 | Chopper (Factory New),2026-10-01,15.3300,15.3600,15.3600,15.3300,2026-10-01
P90 | Cocoa Rampage (Factory New),2026-10-01,15.3000,15.4500,15.4800,15.3000,2026-10-01
P90 | Cold Blooded (Factory New),2026-10-01,285.0000,285.0000,285.0000,284.9900,2026-10-01
P90 | Death Grip (Factory New),2026-10-01,205.0000,205.0000,205.0000,205.0000,2026-10-01
P90 | Deathgaze (Factory New),2026-10-01,121.0000,121.8400,123.7700,121.0000,2026-10-01
P90 | Desert DDPAT (Factory New),2026-10-01,2.9500,2.9300,2.9600,2.9300,2026-10-01
P90 | Desert Halftone (Factory New),2026-10-01,0.1200,0.1400,0.1400,0.1200,2026-10-01
P90 | Desert Warfare (Factory New),2026-10-01,28.9200,28.9000,28.9200,28.9000,2026-10-01
P90 | Elite Build (Factory New),2026-10-01,9.9400,9.9400,9.9400,9.9400,2026-10-01
P90 | Emerald Dragon (Factory New),2026-10-01,3012.4100,3012.4100,3012.4100,3012.4100,2026-10-01
P90 | Facility Negative (Factory New),2026-10-01,10.6800,10.4900,10.6800,10.4700,2026-10-01
P90 | Fallout Warning (Factory New),2026-10-01,600.1200,600.1200,600.1200,600.1200,2026-10-01
P90 | Freight (Factory New),2026-10-01,3.5400,3.5200,3.5400,3.5200,2026-10-01
P90 | Glacier Mesh (Factory New),2026-10-01,280.0000,280.0000,280.0000,280.0000,2026-10-01
P90 | Grim (Factory New),2026-10-01,5.7800,5.7500,5.7800,5.7500,2026-10-01
P90 | Leather (Factory New),2026-10-01,98.0000,98.0000,98.0000,98.0000,2026-10-01
P90 | Module (Factory New),2026-10-01,7.8500,7.8400,7.8500,7.8300,2026-10-01
P90 | Mustard Gas (Factory New),2026-10-01,0.7300,0.7700,0.7700,0.7200,2026-10-01
P90 | Neoqueen (Factory New),2026-10-01,8.6900,8.6800,8.6900,8.4000,2026-10-01
P90 | Nostalgia (Factory New),2026-10-01,50.9000,53.4900,53.4900,50.9000,2026-10-01
P90 | Off World (Factory New),2026-10-01,5.5000,5.4800,5.5000,5.4800,2026-10-01
P90 | Randy Rush (Factory New),2026-10-01,16.0700,16.0700,16.0700,16.0700,2026-10-01
P90 | Reef Grief (Factory New),2026-10-01,4.7700,4.8000,4.8000,4.7600,2026-10-01
P90 | Run and Hide (Factory New),2026-10-01,1287.5000,1287.5000,1287.5000,1287.5000,2026-10-01
P90 | Sand Spray (Factory New),2026-10-01,4.3800,4.3800,4.3900,4.3700,2026-10-01
P90 | ScaraB Rush (Factory New),2026-10-01,82.8800,82.8800,82.8800,82.8800,2026-10-01
P90 | Schematic (Factory New),2026-10-01,34.0000,34.0000,36.0600,34.0000,2026-10-01
P90 | Scorched (Factory New),2026-10-01,246.7100,246.2100,246.7100,246.2100,2026-10-01
P90 | Shallow Grave (Factory New),2026-10-01,327.8900,320.0000,330.4500,320.0000,2026-10-01
P90 | Shapewood (Factory New),2026-10-01,147.5000,146.7800,147.5000,146.7800,2026-10-01
P90 | Storm (Factory New),2026-10-01,139.0000,139.0000,139.0000,139.0000,2026-10-01
P90 | Straight Dimes (Factory New),2026-10-01,6.0800,6.0700,6.0800,6.0700,2026-10-01
P90 | Sunset Lily (Factory New),2026-10-01,96.0400,96.0400,96.0400,95.9700,2026-10-01
P90 | Teardown (Factory New),2026-10-01,3.4000,3.4000,3.4000,3.4000,2026-10-01
P90 | Tiger Pit (Factory New),2026-10-01,96.0000,96.0000,96.0000,96.0000,2026-10-01
P90 | Traction (Factory New),2026-10-01,9.9900,9.9700,10.0000,9.9600,2026-10-01
P90 | Vent Rush (Factory New),2026-10-01,7.7000,7.7000,7.7000,7.7000,2026-10-01
P90 | Verdant Growth (Factory New),2026-10-01,6.5000,6.5500,6.5500,6.5000,2026-10-01
P90 | Virus (Factory New),2026-10-01,131.5000,131.0000,135.5000,131.0000,2026-10-01
P90 | Wash me (Factory New),2026-10-01,0.7300,0.7400,0.7400,0.7300,2026-10-01
P90 | Wave Breaker (Factory New),2026-10-01,17.8800,17.8000,17.8800,17.8000,2026-10-01
PP-Bizon | Anolis (Factory New),2026-10-01,1.8700,1.8200,1.8700,1.8200,2026-10-01
PP-Bizon | Antique (Factory New),2026-10-01,44.6900,44.6900,44.6900,44.6900,2026-10-01
PP-Bizon | Bamboo Print (Factory New),2026-10-01,62.2800,62.2800,62.2800,62.2800,2026-10-01
PP-Bizon | Bizoom (Factory New),2026-10-01,0.1000,0.1200,0.1200,0.0800,2026-10-01
PP-Bizon | Blue Streak (Factory New),2026-10-01,90.0000,90.0000,90.0000,90.0000,2026-10-01
PP-Bizon | Brass (Factory New),2026-10-01,13.9700,13.0000,13.9700,13.0000,2026-10-01
PP-Bizon | Breaker Box (Factory New),2026-10-01,11.4500,11.4500,11.4500,11.4500,2026-10-01
PP-Bizon | Candy Apple (Factory New),2026-10-01,0.9500,0.9400,0.9500,0.9300,2026-10-01
PP-Bizon | Carbon Fiber (Factory New),2026-10-01,28.9600,28.9100,28.9600,28.9100,2026-10-01
PP-Bizon | Chemical Green (Factory New),2026-10-01,63.9000,64.5800,64.6300,63.9000,2026-10-01
PP-Bizon | Cobalt Halftone (Factory New),2026-10-01,42.1900,42.0900,42.1900,42.0900,2026-10-01
PP-Bizon | Cold Cell (Factory New),2026-10-01,0.6200,0.6700,0.6700,0.6200,2026-10-01
PP-Bizon | Embargo (Factory New),2026-10-01,63.5300,63.5200,63.5300,63.5000,2026-10-01
PP-Bizon | Facility Sketch (Factory New),2026-10-01,0.4100,0.4100,0.4100,0.3900,2026-10-01
PP-Bizon | Fuel Rod (Factory New),2026-10-01,27.3100,27.2900,27.3100,27.0000,2026-10-01
PP-Bizon | Harvester (Factory New),2026-10-01,32.4400,33.8400,33.8400,32.4400,2026-10-01
PP-Bizon | High Roller (Factory New),2026-10-01,131.4900,131.9900,131.9900,131.4900,2026-10-01
PP-Bizon | Irradiated Alert (Factory New),2026-10-01,347.6500,347.5900,347.6500,347.5900,2026-10-01
PP-Bizon | Judgement of Anubis (Factory New),2026-10-01,785.7900,781.7900,804.0000,781.7900,2026-10-01
PP-Bizon | Jungle Slipstream (Factory New),2026-10-01,2.5700,2.5700,2.5700,2.5700,2026-10-01
PP-Bizon | Lumen (Factory New),2026-10-01,34.5700,34.3200,34.5700,34.3200,2026-10-01
PP-Bizon | Modern Hunter (Factory New),2026-10-01,2665.0000,2665.0000,2665.0000,2665.0000,2026-10-01
PP-Bizon | Night Ops (Factory New),2026-10-01,1.1500,1.1500,1.1700,1.1500,2026-10-01
PP-Bizon | Night Riot (Factory New),2026-10-01,2.5500,2.5500,2.5500,2.5500,2026-10-01
PP-Bizon | Osiris (Factory New),2026-10-01,17.3800,18.0900,18.2000,17.3800,2026-10-01
PP-Bizon | Photic Zone (Factory New),2026-10-01,13.7000,14.0000,14.0000,13.7000,2026-10-01
PP-Bizon | RMX (Factory New),2026-10-01,4.1200,4.1200,4.1300,4.1200,2026-10-01
PP-Bizon | Runic (Factory New),2026-10-01,3.6900,3.6900,3.6900,3.6900,2026-10-01
PP-Bizon | Rust Coat (Factory New),2026-10-01,204.9300,201.8400,205.0000,201.8400,2026-10-01
PP-Bizon | Sand Dashed (Factory New),2026-10-01,4.4100,4.3400,4.4100,4.0000,2026-10-01
PP-Bizon | Seabird (Factory New),2026-10-01,39.9900,38.9800,39.9900,38.9800,2026-10-01
PP-Bizon | Space Cat (Factory New),2026-10-01,9.1600,9.1300,9.1600,9.1300,2026-10-01
PP-Bizon | Thermal Currents (Factory New),2026-10-01,0.1000,0.1200,0.1200,0.0900,2026-10-01
PP-Bizon | Traitor (Factory New),2026-10-01,2.8900,2.8900,2.8900,2.8900,2026-10-01
PP-Bizon | Urban Dashed (Factory New),2026-10-01,5.7700,5.7700,5.7700,5.7700,2026-10-01
PP-Bizon | Water Sigil (Factory New),2026-10-01,26.6500,26.6500,26.6500,26.6500,2026-10-01
PP-Bizon | Wood Block Camo (Factory New),2026-10-01,0.1000,0.1000,0.1100,0.0900,2026-10-01
Patch | Phoenix,2026-10-01,1.9300,1.9800,2.2200,1.9300,2026-10-01
Phoenix Pin,2026-10-01,20.1000,20.3100,20.3200,19.9500,2026-10-01
Poorly Drawn Capsule,2026-10-01,4.3900,4.3900,4.3900,4.3900,2026-10-01
Primeiro Tenente | Brazilian 1st Battalion,2026-10-01,452.5900,459.4800,459.4800,452.5900,2026-10-01
Prof. Shahmat | Elite Crew,2026-10-01,37.6000,38.8900,38.8900,37.5000,2026-10-01
R8 Revolver | Amber Fade (Factory New),2026-10-01,17.9000,17.8000,17.9000,17.8000,2026-10-01
R8 Revolver | Banana Cannon (Factory New),2026-10-01,17.4000,17.2000,17.4000,17.2000,2026-10-01
R8 Revolver | Blaze (Factory New),2026-10-01,16.9000,16.9000,16.9000,16.8900,2026-10-01
R8 Revolver | Bone Forged (Factory New),2026-10-01,2.3200,2.2900,2.3200,2.2900,2026-10-01
R8 Revolver | Bone Mask (Factory New),2026-10-01,7.1000,7.3900,7.3900,7.1000,2026-10-01
R8 Revolver | Canal Spray (Factory New),2026-10-01,105.0000,105.0000,105.0000,105.0000,2026-10-01
R8 Revolver | Cobalt Grip (Factory New),2026-10-01,0.2500,0.2300,0.2700,0.2300,2026-10-01
R8 Revolver | Crazy 8 (Factory New),2026-10-01,16.0500,16.0300,16.0500,15.9900,2026-10-01
R8 Revolver | Crimson Web (Factory New),2026-10-01,52.5800,52.2500,52.5800,52.2500,2026-10-01
R8 Revolver | Dark Chamber (Factory New),2026-10-01,0.9800,0.9800,0.9900,0.9700,2026-10-01
R8 Revolver | Desert Brush (Factory New),2026-10-01,3.7700,3.7400,3.7700,3.7400,2026-10-01
R8 Revolver | Fade (Factory New),2026-10-01,575.0000,575.0000,576.0000,574.0000,2026-10-01
R8 Revolver | Grip (Factory New),2026-10-01,4.9700,4.9600,4.9700,4.9600,2026-10-01
R8 Revolver | Inlay (Factory New),2026-10-01,1.7500,1.7500,1.7500,1.7200,2026-10-01
R8 Revolver | Junk Yard (Factory New),2026-10-01,6.1200,5.9900,6.1200,5.9900,2026-10-01
R8 Revolver | Leafhopper (Factory New),2026-10-01,0.8500,0.8500,0.8500,0.8500,2026-10-01
R8 Revolver | Llama Cannon (Factory New),2026-10-01,155.4800,155.4800,155.4900,155.4800,2026-10-01
R8 Revolver | Mauve Aside (Factory New),2026-10-01,0.2300,0.2500,0.2500,0.2300,2026-10-01
R8 Revolver | Memento (Factory New),2026-10-01,31.7500,31.7500,31.7500,31.7500,2026-10-01
R8 Revolver | Monarch (Factory New),2026-10-01,12.3900,12.5500,12.5500,12.3900,2026-10-01
R8 Revolver | Night (Factory New),2026-10-01,44.5100,44.3600,44.5100,44.3600,2026-10-01
R8 Revolver | Nitro (Factory New),2026-10-01,19.5700,19.2600,19.5700,19.2600,2026-10-01
R8 Revolver | Phoenix Marker (Factory New),2026-10-01,44.5900,44.3900,44.5900,44.3900,2026-10-01
R8 Revolver | Reboot (Factory New),2026-10-01,40.2900,40.2900,40.2900,40.2900,2026-10-01
R8 Revolver | Survivalist (Factory New),2026-10-01,7.5900,7.5600,7.5900,7.5500,2026-10-01
R8 Revolver | Tango (Factory New),2026-10-01,15.2900,15.2700,15.2900,15.2700,2026-10-01
Rezan The Ready | Sabre,2026-10-01,36.2900,36.4900,36.4900,36.1000,2026-10-01
Rezan the Redshirt | Sabre,2026-10-01,36.9300,37.0000,37.0000,36.9000,2026-10-01
SCAR-20 | Arctic Camo Panels (Factory New),2026-10-01,3.2500,3.2700,3.3000,3.2500,2026-10-01
SCAR-20 | Army Sheen (Factory New),2026-10-01,24.8300,24.0000,24.8300,24.0000,2026-10-01
SCAR-20 | Assault (Factory New),2026-10-01,2.6300,2.6300,2.6300,2.6300,2026-10-01
SCAR-20 | Bloodsport (Factory New),2026-10-01,84.6600,84.6200,84.6600,84.5600,2026-10-01
SCAR-20 | Blueprint (Factory New),2026-10-01,5.1000,5.2400,5.2700,5.1000,2026-10-01
SCAR-20 | Brass (Factory New),2026-10-01,1097.9500,1097.9500,1097.9500,1097.9500,2026-10-01
SCAR-20 | Caged (Factory New),2026-10-01,4.7800,4.7700,4.7800,4.7700,2026-10-01
SCAR-20 | Carbon Fiber (Factory New),2026-10-01,0.6000,0.6100,0.6100,0.5900,2026-10-01
SCAR-20 | Cardiac (Factory New),2026-10-01,178.9700,178.4600,178.9700,178.4600,2026-10-01
SCAR-20 | Contractor (Factory New),2026-10-01,1.9600,1.9500,1.9600,1.9500,2026-10-01
SCAR-20 | Crimson Web (Factory New),2026-10-01,195.1000,194.6000,195.1000,194.5000,2026-10-01
SCAR-20 | Cyrex (Factory New),2026-10-01,191.6700,191.6700,191.6700,191.6700,2026-10-01
SCAR-20 | Emerald (Factory New),2026-10-01,180.0000,180.0000,180.0000,180.0000,2026-10-01
SCAR-20 | Enforcer (Factory New),2026-10-01,19.8000,19.7300,19.8000,19.7300,2026-10-01
SCAR-20 | Fragments (Factory New),2026-10-01,1.8500,1.8200,1.8500,1.8200,2026-10-01
SCAR-20 | Green Marine (Factory New),2026-10-01,10.5300,10.5300,10.5400,10.5300,2026-10-01
SCAR-20 | Grotto (Factory New),2026-10-01,5.3900,5.3800,5.3900,5.3800,2026-10-01
SCAR-20 | Jungle Slipstream (Factory New),2026-10-01,1.8200,1.8100,1.8200,1.8100,2026-10-01
SCAR-20 | Magna Carta (Factory New),2026-10-01,79.8000,79.7000,79.8000,79.7000,2026-10-01
SCAR-20 | Outbreak (Factory New),2026-10-01,3.3400,3.3400,3.3400,3.3200,2026-10-01
SCAR-20 | Palm (Factory New),2026-10-01,391.5600,391.6900,391.6900,391.5600,2026-10-01
SCAR-20 | Poultrygeist (Factory New),2026-10-01,1.3100,1.2900,1.3100,1.2900,2026-10-01
SCAR-20 | Powercore (Factory New),2026-10-01,20.8000,20.7900,20.8000,20.7900,2026-10-01
SCAR-20 | Sand Mesh (Factory New),2026-10-01,4.6700,4.6700,4.6700,4.6700,2026-10-01
SCAR-20 | Short Ochre (Factory New),2026-10-01,0.1400,0.1600,0.1600,0.1400,2026-10-01
SCAR-20 | Sirocco Script (Factory New),2026-10-01,2.9600,2.9600,2.9800,2.9600,2026-10-01
SCAR-20 | Stone Mosaico (Factory New),2026-10-01,88.0000,88.0000,88.0000,88.0000,2026-10-01
SCAR-20 | Storm (Factory New),2026-10-01,129.9000,130.0000,130.0000,129.9000,2026-10-01
SCAR-20 | Torn (Factory New),2026-10-01,14.3600,14.3400,14.3600,14.3400,2026-10-01
SCAR-20 | Trail Blazer (Factory New),2026-10-01,3.9200,3.9200,3.9200,3.9200,2026-10-01
SCAR-20 | Wild Berry (Factory New),2026-10-01,12.6700,12.4600,12.6700,12.4600,2026-10-01
SCAR-20 | Zinc (Factory New),2026-10-01,0.1000,0.1000,0.1300,0.0900,2026-10-01
SG 553 | Aerial (Factory New),2026-10-01,2.6500,2.6700,2.6700,2.6400,2026-10-01
SG 553 | Aloha (Factory New),2026-10-01,1.8100,1.7900,1.8100,1.7800,2026-10-01
SG 553 | Anodized Navy (Factory New),2026-10-01,2.1700,2.2300,2.2300,2.1700,2026-10-01
SG 553 | Army Sheen (Factory New),2026-10-01,0.1800,0.1800,0.1800,0.1800,2026-10-01
SG 553 | Atlas (Factory New),2026-10-01,5.4900,5.4000,5.4900,5.4000,2026-10-01
SG 553 | Barricade (Factory New),2026-10-01,59.5900,59.5900,59.5900,59.5900,2026-10-01
SG 553 | Basket Halftone (Factory New),2026-10-01,0.6400,0.6200,0.6500,0.6200,2026-10-01
SG 553 | Berry Gel Coat (Factory New),2026-10-01,22.6400,22.6400,22.6400,22.6400,2026-10-01
SG 553 | Bleached (Factory New),2026-10-01,2.6800,2.6800,2.6800,2.6700,2026-10-01
SG 553 | Bulldozer (Factory New),2026-10-01,1399.5000,1399.5000,1399.5000,1399.5000,2026-10-01
SG 553 | Candy Apple (Factory New),2026-10-01,40.4900,40.4900,40.5000,40.4900,2026-10-01
SG 553 | Colony IV (Factory New),2026-10-01,299.9900,295.0000,299.9900,295.0000,2026-10-01
SG 553 | Cyberforce (Factory New),2026-10-01,3.4000,3.5400,3.5500,3.4000,2026-10-01
SG 553 | Cyrex (Factory New),2026-10-01,138.9000,138.9000,138.9000,138.9000,2026-10-01
SG 553 | Damascus Steel (Factory New),2026-10-01,9.4200,9.4300,9.4300,9.4200,2026-10-01
SG 553 | Danger Close (Factory New),2026-10-01,6.5200,6.5100,6.5200,6.5100,2026-10-01
SG 553 | Darkwing (Factory New),2026-10-01,23.7000,22.9900,23.7000,22.9900,2026-10-01
SG 553 | Desert Blossom (Factory New),2026-10-01,24.4000,24.4000,24.4000,24.4000,2026-10-01
SG 553 | Dragon Tech (Factory New),2026-10-01,7.9400,7.8800,7.9400,7.8800,2026-10-01
SG 553 | Fallout Warning (Factory New),2026-10-01,39.1000,39.1000,39.1000,39.1000,2026-10-01
SG 553 | Gator Mesh (Factory New),2026-10-01,99.9900,100.0000,100.0000,99.9000,2026-10-01
SG 553 | Hazard Pay (Factory New),2026-10-01,1326.0000,1326.0000,1326.0000,1326.0000,2026-10-01
SG 553 | Heavy Metal (Factory New),2026-10-01,6.0000,5.5200,6.0000,5.5100,2026-10-01
SG 553 | Hypnotic (Factory New),2026-10-01,330.6200,330.1200,330.6200,330.1200,2026-10-01
SG 553 | Integrale (Factory New),2026-10-01,347.9800,345.0000,347.9800,340.0000,2026-10-01
SG 553 | Lush Ruins (Factory New),2026-10-01,7.5800,7.5200,7.5800,7.5200,2026-10-01
SG 553 | Night Camo (Factory New),2026-10-01,0.2000,0.2200,0.2200,0.2000,2026-10-01
SG 553 | Ol' Rusty (Factory New),2026-10-01,1.5900,1.5800,1.5900,1.5800,2026-10-01
SG 553 | Phantom (Factory New),2026-10-01,13.8900,13.4900,13.9000,13.4900,2026-10-01
SG 553 | Safari Print (Factory New),2026-10-01,0.1000,0.1400,0.1400,0.1000,2026-10-01
SG 553 | Tiger Moth (Factory New),2026-10-01,26.3300,25.9900,26.3300,25.9900,2026-10-01
SG 553 | Tornado (Factory New),2026-10-01,479.9000,479.9000,479.9000,479.9000,2026-10-01
SG 553 | Traveler (Factory New),2026-10-01,165.3800,164.8800,165.3800,164.8800,2026-10-01
SG 553 | Triarch (Factory New),2026-10-01,27.7800,27.4800,27.7800,27.4800,2026-10-01
SG 553 | Ultraviolet (Factory New),2026-10-01,349.0000,349.0000,349.0000,349.0000,2026-10-01
SG 553 | Wave Spray (Factory New),2026-10-01,251.3700,242.0800,251.3700,242.0800,2026-10-01
SG 553 | Waves Perforated (Factory New),2026-10-01,4.8000,4.7900,4.8000,4.5000,2026-10-01
SSG 08 | Abyss (Factory New),2026-10-01,25.9400,26.3800,26.3800,25.9400,2026-10-01
SSG 08 | Acid Fade (Factory New),2026-10-01,4.3000,4.2400,4.3000,4.0000,2026-10-01
SSG 08 | Azure Glyph (Factory New),2026-10-01,19.5000,19.0000,19.5000,19.0000,2026-10-01
SSG 08 | Big Iron (Factory New),2026-10-01,186.8900,179.9900,186.8900,179.9900,2026-10-01
SSG 08 | Blood in the Water (Factory New),2026-10-01,858.0000,867.8000,867.8000,858.0000,2026-10-01
SSG 08 | Blue Spruce (Factory New),2026-10-01,3.9800,4.0100,4.1800,3.9800,2026-10-01
SSG 08 | Blush Pour (Factory New),2026-10-01,4.3700,4.3900,4.3900,4.3700,2026-10-01
SSG 08 | Calligrafaux (Factory New),2026-10-01,6.1900,6.1700,6.1900,6.1700,2026-10-01
SSG 08 | Carbon Fiber (Factory New),2026-10-01,18.7700,18.9700,18.9900,18.7700,2026-10-01
SSG 08 | Death Strike (Factory New),2026-10-01,2050.0000,2050.0000,2050.0000,2050.0000,2026-10-01
SSG 08 | Death's Head (Factory New),2026-10-01,164.9900,164.9900,164.9900,164.9900,2026-10-01
SSG 08 | Detour (Factory New),2026-10-01,150.8200,150.6300,150.8200,150.6300,2026-10-01
SSG 08 | Dezastre (Factory New),2026-10-01,2.9800,2.9900,2.9900,2.9800,2026-10-01
SSG 08 | Dragonfire (Factory New),2026-10-01,2084.5000,2084.0000,2085.0000,2084.0000,2026-10-01
SSG 08 | Fever Dream (Factory New),2026-10-01,19.9900,19.9900,19.9900,19.9900,2026-10-01
SSG 08 | Ghost Crusader (Factory New),2026-10-01,52.0000,54.9000,54.9000,52.0000,2026-10-01
SSG 08 | Green Ceramic (Factory New),2026-10-01,0.1500,0.2000,0.2000,0.1500,2026-10-01
SSG 08 | Grey Smoke (Factory New),2026-10-01,0.1000,0.1200,0.1200,0.1000,2026-10-01
SSG 08 | Halftone Whorl (Factory New),2026-10-01,2.4400,2.3600,2.4400,2.3600,2026-10-01
SSG 08 | Hand Brake (Factory New),2026-10-01,16.7000,16.6900,16.7000,16.6900,2026-10-01
SSG 08 | Jungle Dashed (Factory New),2026-10-01,83.1600,82.8800,83.4300,82.8800,2026-10-01
SSG 08 | Lichen Dashed (Factory New),2026-10-01,545.4000,424.8400,545.4000,424.8400,2026-10-01
SSG 08 | Mainframe 001 (Factory New),2026-10-01,3.9000,3.8900,3.9000,3.8900,2026-10-01
SSG 08 | Mayan Dreams (Factory New),2026-10-01,400.0000,400.0000,400.0000,400.0000,2026-10-01
SSG 08 | Memorial (Factory New),2026-10-01,5.5100,5.4900,5.5100,5.4800,2026-10-01
SSG 08 | Necropos (Factory New),2026-10-01,20.6000,20.5700,20.6000,20.5700,2026-10-01
SSG 08 | Orange Filigree (Factory New),2026-10-01,203.0600,202.5600,203.0600,202.5600,2026-10-01
SSG 08 | Parallax (Factory New),2026-10-01,120.0500,120.0500,120.0500,119.5500,2026-10-01
SSG 08 | Prey (Factory New),2026-10-01,4.9000,4.8900,4.9000,4.8900,2026-10-01
SSG 08 | Rapid Transit (Factory New),2026-10-01,39.0000,39.0000,39.8100,39.0000,2026-10-01
SSG 08 | Red Stone (Factory New),2026-10-01,129.0200,129.4900,129.4900,124.4800,2026-10-01
SSG 08 | Sand Dune (Factory New),2026-10-01,841.1900,841.1900,841.1900,841.1900,2026-10-01
SSG 08 | Sans Comic (Factory New),2026-10-01,0.1100,0.1200,0.1300,0.1000,2026-10-01
SSG 08 | Sea Calico (Factory New),2026-10-01,2299.5000,2299.5000,2299.5000,2299.5000,2026-10-01
SSG 08 | Spring Twilly (Factory New),2026-10-01,19.8900,19.6900,19.8900,19.6900,2026-10-01
SSG 08 | Threat Detected (Factory New),2026-10-01,173.4400,166.6100,173.4400,163.2900,2026-10-01
SSG 08 | Tiger Tear (Factory New),2026-10-01,0.6200,0.6000,0.6200,0.6000,2026-10-01
SSG 08 | Tropical Storm (Factory New),2026-10-01,470.3000,488.0000,488.0000,469.9600,2026-10-01
SSG 08 | Turbo Peek (Factory New),2026-10-01,303.8700,303.0000,306.0000,300.0000,2026-10-01
SSG 08 | Zeno (Factory New),2026-10-01,6.2900,6.1900,6.2900,6.1900,2026-10-01
Safecracker Voltzmann | The Professionals,2026-10-01,100.0000,100.0000,100.5000,99.5000,2026-10-01
Sawed-Off | Amber Fade (Factory New),2026-10-01,3.8700,3.8800,3.8900,3.8700,2026-10-01
Sawed-Off | Analog Input (Factory New),2026-10-01,6.7700,6.7400,6.7800,6.7400,2026-10-01
Sawed-Off | Apocalypto (Factory New),2026-10-01,15.9700,15.9700,15.9700,15.9700,2026-10-01
Sawed-Off | Bamboo Shadow (Factory New),2026-10-01,58.8800,59.6900,59.8800,57.8700,2026-10-01
Sawed-Off | Black Sand (Factory New),2026-10-01,5.1400,5.1500,5.1500,5.1400,2026-10-01
Sawed-Off | Brake Light (Factory New),2026-10-01,3.8100,3.8100,3.8100,3.8100,2026-10-01
Sawed-Off | Clay Ambush (Factory New),2026-10-01,7.9100,7.8600,7.9400,7.8600,2026-10-01
Sawed-Off | Copper (Factory New),2026-10-01,899.4900,899.4900,899.4900,899.4900,2026-10-01
Sawed-Off | Crimson Batik (Factory New),2026-10-01,0.1200,0.1000,0.1200,0.1000,2026-10-01
Sawed-Off | Devourer (Factory New),2026-10-01,115.5300,114.9300,115.5300,114.9300,2026-10-01
Sawed-Off | First Class (Factory New),2026-10-01,340.7900,340.7900,340.7900,340.7900,2026-10-01
Sawed-Off | Forest DDPAT (Factory New),2026-10-01,2.6000,2.6000,2.6000,2.6000,2026-10-01
Sawed-Off | Full Stop (Factory New),2026-10-01,3.1200,3.1100,3.1200,3.1100,2026-10-01
Sawed-Off | Fusion (Factory New),2026-10-01,3.4100,3.3900,3.4100,3.3900,2026-10-01
Sawed-Off | Highwayman (Factory New),2026-10-01,28.4800,28.4500,28.4800,28.4500,2026-10-01
Sawed-Off | Irradiated Alert (Factory New),2026-10-01,252.1100,252.1100,252.1100,251.9800,2026-10-01
Sawed-Off | Jungle Thicket (Factory New),2026-10-01,37.0000,36.9000,37.0000,36.9000,2026-10-01
Sawed-Off | Kiss♥Love (Factory New),2026-10-01,84.8900,84.7900,84.8900,84.7900,2026-10-01
Sawed-Off | Limelight (Factory New),2026-10-01,33.9000,33.9000,33.9000,33.9000,2026-10-01
Sawed-Off | Lunar Wyrm (Factory New),2026-10-01,10.0900,10.0900,10.0900,10.0900,2026-10-01
Sawed-Off | Morris (Factory New),2026-10-01,5.1300,5.0900,5.1300,5.0900,2026-10-01
Sawed-Off | Mosaico (Factory New),2026-10-01,452.0600,451.0600,452.0600,451.0600,2026-10-01
Sawed-Off | Orange DDPAT (Factory New),2026-10-01,421.0000,421.0000,421.0000,421.0000,2026-10-01
Sawed-Off | Origami (Factory New),2026-10-01,2.6700,2.6600,2.6700,2.6600,2026-10-01
Sawed-Off | Parched (Factory New),2026-10-01,2.1500,1.9700,2.1500,1.9700,2026-10-01
Sawed-Off | Runoff (Factory New),2026-10-01,0.1400,0.1600,0.1700,0.1400,2026-10-01
Sawed-Off | Rust Coat (Factory New),2026-10-01,65.5000,65.5000,65.5000,65.5000,2026-10-01
Sawed-Off | Sage Spray (Factory New),2026-10-01,91.4900,91.5500,91.5600,91.4900,2026-10-01
Sawed-Off | Serenity (Factory New),2026-10-01,21.8900,21.7700,22.0000,21.7700,2026-10-01
Sawed-Off | Snake Camo (Factory New),2026-10-01,5.0100,5.2200,5.2300,4.9900,2026-10-01
Sawed-Off | Spirit Board (Factory New),2026-10-01,3.2300,3.2300,3.2300,3.2200,2026-10-01
Sawed-Off | The Kraken (Factory New),2026-10-01,515.0000,512.0000,515.0000,512.0000,2026-10-01
Sawed-Off | Wasteland Princess (Factory New),2026-10-01,319.6100,325.4600,325.4600,319.6100,2026-10-01
Sawed-Off | Yorick (Factory New),2026-10-01,9.0300,8.9700,9.0300,8.9700,2026-10-01
Sawed-Off | Zander (Factory New),2026-10-01,11.7900,11.7500,11.7900,11.7500,2026-10-01
Seal Team 6 Soldier | NSWC SEAL,2026-10-01,60.7000,59.9400,60.7000,59.8900,2026-10-01
Sealed Graffiti | Phoenix,2026-10-01,1.8100,1.7400,1.8200,1.7400,2026-10-01
Sergeant Bombson | SWAT,2026-10-01,93.8000,92.0000,93.8000,90.0000,2026-10-01
Sir Bloody Darryl Royale | The Professionals,2026-10-01,242.4900,242.4000,242.4900,241.5000,2026-10-01
Sir Bloody Loudmouth Darryl | The Professionals,2026-10-01,355.9900,352.5000,357.4900,352.0000,2026-10-01
Sir Bloody Miami Darryl | The Professionals,2026-10-01,494.5000,493.5000,494.9000,493.5000,2026-10-01
Sir Bloody Silent Darryl | The Professionals,2026-10-01,200.0000,204.5000,205.0000,199.9000,2026-10-01
Sir Bloody Skullhead Darryl | The Professionals,2026-10-01,209.4000,212.0000,213.0000,209.4000,2026-10-01
Slingshot | Phoenix,2026-10-01,41.3000,40.0000,41.3000,40.0000,2026-10-01
Soldier | Phoenix,2026-10-01,26.0000,26.3000,26.4000,25.5000,2026-10-01
Sous-Lieutenant Medic | Gendarmerie Nationale,2026-10-01,68.8800,68.5000,68.8800,68.0000,2026-10-01
Special Agent Ava | FBI,2026-10-01,110.0000,109.9000,111.1100,107.7700,2026-10-01
Street Soldier | Phoenix,2026-10-01,95.0000,93.0000,95.0000,93.0000,2026-10-01
Tec-9 | Army Mesh (Factory New),2026-10-01,0.3700,0.3500,0.3700,0.3500,2026-10-01
Tec-9 | Avalanche (Factory New),2026-10-01,63.7800,63.7700,63.7800,63.7700,2026-10-01
Tec-9 | Bamboo Forest (Factory New),2026-10-01,193.0000,192.3000,193.0000,192.3000,2026-10-01
Tec-9 | Bamboozle (Factory New),2026-10-01,36.0000,36.3100,36.7600,36.0000,2026-10-01
Tec-9 | Banana Leaf (Factory New),2026-10-01,1.0500,1.1300,1.1400,1.0500,2026-10-01
Tec-9 | Blast From the Past (Factory New),2026-10-01,44.4700,44.4700,44.4700,44.4700,2026-10-01
Tec-9 | Blue Blast (Factory New),2026-10-01,0.5600,0.5800,0.6000,0.5600,2026-10-01
Tec-9 | Blue Titanium (Factory New),2026-10-01,186.0300,185.8300,187.7100,185.4100,2026-10-01
Tec-9 | Brass (Factory New),2026-10-01,450.0000,450.0000,450.0000,450.0000,2026-10-01
Tec-9 | Brother (Factory New),2026-10-01,17.4900,17.1500,17.4900,17.1500,2026-10-01
Tec-9 | Citric Acid (Factory New),2026-10-01,0.7400,0.7600,0.7700,0.7400,2026-10-01
Tec-9 | Cracked Opal (Factory New),2026-10-01,44.6900,44.6400,45.0000,44.6400,2026-10-01
Tec-9 | Cut Out (Factory New),2026-10-01,91.7000,89.9700,91.7000,89.9700,2026-10-01
Tec-9 | Decimator (Factory New),2026-10-01,680.0000,680.0000,680.0000,680.0000,2026-10-01
Tec-9 | Flash Out (Factory New),2026-10-01,19.0800,19.0800,19.0800,19.0800,2026-10-01
Tec-9 | Fuel Injector (Factory New),2026-10-01,250.5000,245.6900,250.5000,245.6900,2026-10-01
Tec-9 | Garter-9 (Factory New),2026-10-01,0.9000,0.8900,0.9000,0.8800,2026-10-01
Tec-9 | Groundwater (Factory New),2026-10-01,7.7300,7.7800,7.7800,7.7300,2026-10-01
Tec-9 | Hades (Factory New),2026-10-01,169.9900,169.9900,169.9900,169.9900,2026-10-01
Tec-9 | Ice Cap (Factory New),2026-10-01,7.4600,7.6700,7.7000,7.4400,2026-10-01
Tec-9 | Isaac (Factory New),2026-10-01,99.4100,99.1600,99.4100,99.1600,2026-10-01
Tec-9 | Jambiya (Factory New),2026-10-01,35.3000,35.2000,35.3000,35.2000,2026-10-01
Tec-9 | Mummy's Rot (Factory New),2026-10-01,58.7300,58.7300,58.7300,58.7300,2026-10-01
Tec-9 | Nuclear Threat (Factory New),2026-10-01,9771.4700,9771.4700,9771.4700,9771.4700,2026-10-01
Tec-9 | Orange Murano (Factory New),2026-10-01,94.3800,94.3800,94.3800,94.3800,2026-10-01
Tec-9 | Ossified (Factory New),2026-10-01,64.0000,63.9900,64.0000,63.9900,2026-10-01
Tec-9 | Perimeter (Factory New),2026-10-01,3.7900,3.5000,3.7900,3.5000,2026-10-01
Tec-9 | Phoenix Chalk (Factory New),2026-10-01,65.0000,65.0000,65.0000,65.0000,2026-10-01
Tec-9 | Raw Ceramic (Factory New),2026-10-01,0.1600,0.1600,0.1600,0.1400,2026-10-01
Tec-9 | Re-Entry (Factory New),2026-10-01,37.7500,37.5600,37.7500,37.5600,2026-10-01
Tec-9 | Rebel (Factory New),2026-10-01,3.6900,3.6700,3.6900,3.6700,2026-10-01
Tec-9 | Red Quartz (Factory New),2026-10-01,2.7800,2.7700,2.7900,2.7200,2026-10-01
Tec-9 | Remote Control (Factory New),2026-10-01,168.0000,166.0000,168.0000,166.0000,2026-10-01
Tec-9 | Rust Leaf (Factory New),2026-10-01,87.1900,87.1900,87.1900,87.1900,2026-10-01
Tec-9 | Safety Net (Factory New),2026-10-01,79.9800,77.5300,79.9800,77.5300,2026-10-01
Tec-9 | Slag (Factory New),2026-10-01,3.0100,3.0100,3.0100,3.0100,2026-10-01
Tec-9 | Snek-9 (Factory New),2026-10-01,27.6800,27.5800,27.6800,27.5800,2026-10-01
Tec-9 | Sultan (Factory New),2026-10-01,36.8000,36.5900,37.1100,36.5900,2026-10-01
Tec-9 | Terrace (Factory New),2026-10-01,722.4000,720.4000,722.4000,720.3000,2026-10-01
Tec-9 | Tiger Stencil (Factory New),2026-10-01,0.7300,0.7300,0.7300,0.7300,2026-10-01
Tec-9 | Titanium Bit (Factory New),2026-10-01,527.1200,522.0700,527.6100,517.8500,2026-10-01
Tec-9 | Tornado (Factory New),2026-10-01,600.1200,600.1200,600.1200,600.1200,2026-10-01
Tec-9 | Toxic (Factory New),2026-10-01,148.5000,150.1400,150.1400,148.5000,2026-10-01
Tec-9 | Urban DDPAT (Factory New),2026-10-01,8.8200,8.7900,8.8200,8.7900,2026-10-01
Tec-9 | VariCamo (Factory New),2026-10-01,2.5800,2.5400,2.5800,2.5000,2026-10-01
Tec-9 | Whiteout (Factory New),2026-10-01,1157.4000,1157.4000,1157.4000,1157.4000,2026-10-01
The Elite Mr. Muhlik | Elite Crew,2026-10-01,56.0000,56.4000,56.5000,55.9000,2026-10-01
Trapper Aggressor | Guerrilla Warfare,2026-10-01,148.0000,147.0000,148.8000,144.0000,2026-10-01
Trapper | Guerrilla Warfare,2026-10-01,178.0000,181.0000,182.5000,177.5000,2026-10-01
UMP-45 | Arctic Wolf (Factory New),2026-10-01,10.8900,10.8800,10.8900,10.8800,2026-10-01
UMP-45 | Blaze (Factory New),2026-10-01,103.2000,107.8000,110.1600,103.2000,2026-10-01
UMP-45 | Bone Pile (Factory New),2026-10-01,363.7600,362.6900,363.7600,362.6900,2026-10-01
UMP-45 | Briefing (Factory New),2026-10-01,8.4700,8.4500,8.4700,8.4500,2026-10-01
UMP-45 | Caramel (Factory New),2026-10-01,576.5000,574.5000,576.5000,574.5000,2026-10-01
UMP-45 | Carbon Fiber (Factory New),2026-10-01,0.6500,0.6800,0.6800,0.6500,2026-10-01
UMP-45 | Continuum (Factory New),2026-10-01,18.7800,18.7700,18.8700,18.7700,2026-10-01
UMP-45 | Corporal (Factory New),2026-10-01,10.7100,10.7100,10.7100,10.7100,2026-10-01
UMP-45 | Crime Scene (Factory New),2026-10-01,505.9100,498.9100,514.0000,498.9100,2026-10-01
UMP-45 | Crimson Foil (Factory New),2026-10-01,24.2400,24.2000,24.2400,24.2000,2026-10-01
UMP-45 | Day Lily (Factory New),2026-10-01,574.2800,572.2800,574.2800,572.2800,2026-10-01
UMP-45 | Delusion (Factory New),2026-10-01,39.6600,39.6100,39.6600,39.6100,2026-10-01
UMP-45 | Exposure (Factory New),2026-10-01,12.2000,12.1900,12.2000,12.1900,2026-10-01
UMP-45 | Facility Dark (Factory New),2026-10-01,0.2700,0.2700,0.2700,0.2600,2026-10-01
UMP-45 | Fade (Factory New),2026-10-01,1243.2000,1240.4800,1258.7200,1240.4800,2026-10-01
UMP-45 | Fallout Warning (Factory New),2026-10-01,426.0500,425.5500,426.0500,425.5500,2026-10-01
UMP-45 | Fragment (Factory New),2026-10-01,3.3900,3.3900,3.3900,3.3800,2026-10-01
UMP-45 | Full Stop (Factory New),2026-10-01,19.2500,19.2500,19.2500,19.2500,2026-10-01
UMP-45 | Gold Bismuth (Factory New),2026-10-01,119.9700,119.4700,119.9700,119.4700,2026-10-01
UMP-45 | Green Swirl (Factory New),2026-10-01,0.1300,0.1400,0.1400,0.1200,2026-10-01
UMP-45 | Gunsmoke (Factory New),2026-10-01,9.7700,9.7800,9.7800,9.7600,2026-10-01
UMP-45 | Houndstooth (Factory New),2026-10-01,38.4800,38.4900,38.4900,38.4800,2026-10-01
UMP-45 | Indigo (Factory New),2026-10-01,107.4300,107.4300,107.4300,107.4300,2026-10-01
UMP-45 | K.O. Factory (Factory New),2026-10-01,82.9000,82.8000,82.9900,82.8000,2026-10-01
UMP-45 | Labyrinth (Factory New),2026-10-01,3.1200,3.1200,3.1600,3.1200,2026-10-01
UMP-45 | Late Night Transit (Factory New),2026-10-01,15.3800,15.9000,15.9000,15.3800,2026-10-01
UMP-45 | Mechanism (Factory New),2026-10-01,10.8000,10.8000,10.8000,10.8000,2026-10-01
UMP-45 | Metal Flowers (Factory New),2026-10-01,41.0500,42.3600,42.3700,41.0500,2026-10-01
UMP-45 | Minotaur's Labyrinth (Factory New),2026-10-01,529.5200,531.4300,531.4300,529.5200,2026-10-01
UMP-45 | Momentum (Factory New),2026-10-01,52.8000,52.7000,52.8000,52.7000,2026-10-01
UMP-45 | Moonrise (Factory New),2026-10-01,8.8200,8.7700,8.8200,8.7700,2026-10-01
UMP-45 | Motorized (Factory New),2026-10-01,1.7900,1.8000,1.8200,1.7900,2026-10-01
UMP-45 | Mudder (Factory New),2026-10-01,3.1700,3.1600,3.1700,3.1600,2026-10-01
UMP-45 | Neo-Noir (Factory New),2026-10-01,134.9500,135.0000,135.0000,134.9500,2026-10-01
UMP-45 | Oscillator (Factory New),2026-10-01,2.1500,2.1500,2.1500,2.1000,2026-10-01
UMP-45 | Plastique (Factory New),2026-10-01,31.1000,37.4000,38.9900,31.0500,2026-10-01
UMP-45 | Primal Saber (Factory New),2026-10-01,103.9700,103.9700,103.9700,103.9700,2026-10-01
UMP-45 | Riot (Factory New),2026-10-01,3.7900,3.7800,3.7900,3.7800,2026-10-01
UMP-45 | Roadblock (Factory New),2026-10-01,2.9500,2.9600,2.9600,2.9500,2026-10-01
UMP-45 | Scaffold (Factory New),2026-10-01,25.9000,25.9000,26.0000,25.9000,2026-10-01
UMP-45 | Scorched (Factory New),2026-10-01,68.0000,68.0000,68.0000,68.0000,2026-10-01
UMP-45 | Urban DDPAT (Factory New),2026-10-01,3.3500,3.2900,3.3500,3.2900,2026-10-01
UMP-45 | Warm Blooded (Factory New),2026-10-01,4.9000,4.9000,4.9000,4.9000,2026-10-01
UMP-45 | Wild Child (Factory New),2026-10-01,88.2200,87.9900,88.2200,87.9900,2026-10-01
USP-S | 27 (Factory New),2026-10-01,27.1100,27.1900,27.1900,27.1100,2026-10-01
USP-S | Alpine Camo (Factory New),2026-10-01,7.4400,7.4400,7.4500,7.4400,2026-10-01
USP-S | Ancient Visions (Factory New),2026-10-01,284.9800,284.0000,284.9800,284.0000,2026-10-01
USP-S | Black Lotus (Factory New),2026-10-01,141.5000,140.5000,141.5000,130.0000,2026-10-01
USP-S | Bleeding Edge (Factory New),2026-10-01,30.7000,30.2000,30.9300,29.9000,2026-10-01
USP-S | Blood Tiger (Factory New),2026-10-01,89.5000,89.5000,89.5000,89.5000,2026-10-01
USP-S | Blueprint (Factory New),2026-10-01,626.4800,614.9900,626.4800,614.9900,2026-10-01
USP-S | Business Class (Factory New),2026-10-01,580.4100,578.4100,580.4100,578.4100,2026-10-01
USP-S | Caiman (Factory New),2026-10-01,415.0000,415.0000,415.0000,415.0000,2026-10-01
USP-S | Check Engine (Factory New),2026-10-01,8.1900,8.2800,8.2900,8.1900,2026-10-01
USP-S | Cortex (Factory New),2026-10-01,146.5000,156.4000,156.4100,146.5000,2026-10-01
USP-S | Cyrex (Factory New),2026-10-01,203.0000,200.0000,204.9200,200.0000,2026-10-01
USP-S | Desert Tactical (Factory New),2026-10-01,18.0000,17.5000,18.1800,17.5000,2026-10-01
USP-S | Flashback (Factory New),2026-10-01,18.4400,18.3900,18.4400,18.0000,2026-10-01
USP-S | Forest Leaves (Factory New),2026-10-01,24.3500,24.2400,24.3500,24.2400,2026-10-01
USP-S | Guardian (Factory New),2026-10-01,31.0000,30.9000,31.0000,30.7000,2026-10-01
USP-S | Jawbreaker (Factory New),2026-10-01,104.9900,104.4800,104.9900,104.4800,2026-10-01
USP-S | Kill Confirmed (Factory New),2026-10-01,1509.0000,1544.0000,1544.0000,1509.0000,2026-10-01
USP-S | Lead Conduit (Factory New),2026-10-01,76.9900,76.9000,76.9900,76.9000,2026-10-01
USP-S | Monster Mashup (Factory New),2026-10-01,470.5000,468.8000,470.5000,468.8000,2026-10-01
USP-S | Neo-Noir (Factory New),2026-10-01,695.5000,691.5000,695.5000,691.5000,2026-10-01
USP-S | Night Ops (Factory New),2026-10-01,8.9000,8.9600,8.9900,8.9000,2026-10-01
USP-S | Orange Anolis (Factory New),2026-10-01,416.0000,410.0000,416.0000,410.0000,2026-10-01
USP-S | Orion (Factory New),2026-10-01,578.5000,570.0000,578.5000,570.0000,2026-10-01
USP-S | Overgrowth (Factory New),2026-10-01,514.5000,499.5000,515.0000,499.5000,2026-10-01
USP-S | PC-GRN (Factory New),2026-10-01,6.5000,6.6400,6.6500,6.5000,2026-10-01
USP-S | Para Green (Factory New),2026-10-01,218.0000,223.0000,223.0000,218.0000,2026-10-01
USP-S | Pathfinder (Factory New),2026-10-01,192.1800,191.9900,192.1800,191.9900,2026-10-01
USP-S | Printstream (Factory New),2026-10-01,624.5000,623.7800,625.0000,623.7800,2026-10-01
USP-S | Purple DDPAT (Factory New),2026-10-01,152.8300,150.0000,152.8300,150.0000,2026-10-01
USP-S | Road Rash (Factory New),2026-10-01,909.5000,908.9900,909.5000,908.9900,2026-10-01
USP-S | Royal Blue (Factory New),2026-10-01,577.0000,573.5000,577.0000,573.5000,2026-10-01
USP-S | Royal Guard (Factory New),2026-10-01,30.6400,30.9900,31.5900,30.6400,2026-10-01
USP-S | Serum (Factory New),2026-10-01,589.9900,589.9900,589.9900,589.9900,2026-10-01
USP-S | Silent Shot (Factory New),2026-10-01,8.2200,8.1900,8.2200,7.9800,2026-10-01
USP-S | Sleeping Potion (Factory New),2026-10-01,43.9000,46.7300,47.0500,43.9000,2026-10-01
USP-S | Spiral Glitch (Factory New),2026-10-01,499.5000,499.5000,499.5000,499.5000,2026-10-01
USP-S | Stainless (Factory New),2026-10-01,266.5000,266.5000,266.5000,266.0000,2026-10-01
USP-S | Target Acquired (Factory New),2026-10-01,2130.0000,2130.0000,2130.0000,2130.0000,2026-10-01
USP-S | The Traitor (Factory New),2026-10-01,634.3300,630.0000,634.3300,629.4900,2026-10-01
USP-S | Ticket to Hell (Factory New),2026-10-01,12.2300,12.4200,12.4300,12.2300,2026-10-01
USP-S | Torque (Factory New),2026-10-01,9.6600,9.6500,9.6700,9.6500,2026-10-01
USP-S | Tropical Breeze (Factory New),2026-10-01,7.3100,7.2700,7.3300,7.2700,2026-10-01
USP-S | Whiteout (Factory New),2026-10-01,2656.9300,2666.0000,2666.0000,2656.9300,2026-10-01
Valeria Phoenix Pin,2026-10-01,278.4000,278.9000,278.9000,278.4000,2026-10-01
Vypa Sista of the Revolution | Guerrilla Warfare,2026-10-01,237.0000,240.0000,241.5000,236.0000,2026-10-01
XM1014 | Ancient Lore (Factory New),2026-10-01,193.9900,193.9900,193.9900,193.9900,2026-10-01
XM1014 | Banana Leaf (Factory New),2026-10-01,98.8500,98.7000,98.8500,98.7000,2026-10-01
XM1014 | Black Site (Factory New),2026-10-01,3.6500,3.6500,3.6500,3.6500,2026-10-01
XM1014 | Black Tie (Factory New),2026-10-01,16.4700,16.4700,16.4700,16.4700,2026-10-01
XM1014 | Blaze Orange (Factory New),2026-10-01,1873.4800,1868.4800,1873.4800,1868.4800,2026-10-01
XM1014 | Blue Spruce (Factory New),2026-10-01,4.3400,4.3300,4.3500,4.3300,2026-10-01
XM1014 | Blue Steel (Factory New),2026-10-01,3.7500,3.7400,3.7500,3.7400,2026-10-01
XM1014 | Blue Tire (Factory New),2026-10-01,16.2000,16.2000,16.2000,16.2000,2026-10-01
XM1014 | Bone Machine (Factory New),2026-10-01,93.5000,93.5000,93.5000,93.5000,2026-10-01
XM1014 | CaliCamo (Factory New),2026-10-01,1.3300,1.3200,1.3300,1.3200,2026-10-01
XM1014 | Canvas Cloud (Factory New),2026-10-01,0.1300,0.1300,0.1400,0.1200,2026-10-01
XM1014 | Charter (Factory New),2026-10-01,7.2700,7.2500,7.2700,7.2500,2026-10-01
XM1014 | Copperflage (Factory New),2026-10-01,1.9000,1.9100,1.9300,1.9000,2026-10-01
XM1014 | Elegant Vines (Factory New),2026-10-01,183.0000,180.9200,183.0000,180.9200,2026-10-01
XM1014 | Entombed (Factory New),2026-10-01,36.0000,35.9000,36.0000,35.9000,2026-10-01
XM1014 | Fallout Warning (Factory New),2026-10-01,499.5000,500.0000,500.0000,499.5000,2026-10-01
XM1014 | Frost Borre (Factory New),2026-10-01,638.9100,632.9100,638.9100,632.9100,2026-10-01
XM1014 | Grassland (Factory New),2026-10-01,260.0000,260.0000,260.0000,260.0000,2026-10-01
XM1014 | Gum Wall Camo (Factory New),2026-10-01,0.7000,0.7200,0.7200,0.7000,2026-10-01
XM1014 | Halftone Shift (Factory New),2026-10-01,13.2300,13.2000,13.2300,13.2000,2026-10-01
XM1014 | Heaven Guard (Factory New),2026-10-01,67.4700,67.2700,67.4700,67.2700,2026-10-01
XM1014 | Hieroglyph (Factory New),2026-10-01,2.9000,2.8900,2.9000,2.8900,2026-10-01
XM1014 | Irezumi (Factory New),2026-10-01,1.7300,1.7400,1.7500,1.7300,2026-10-01
XM1014 | Jungle (Factory New),2026-10-01,500.0000,500.0000,500.0000,500.0000,2026-10-01
XM1014 | Mockingbird (Factory New),2026-10-01,4.2000,4.1900,4.2000,4.1700,2026-10-01
XM1014 | Monster Melt (Factory New),2026-10-01,38.5600,38.5600,38.5600,38.5600,2026-10-01
XM1014 | Oxide Blaze (Factory New),2026-10-01,1.7800,1.7800,1.7800,1.7800,2026-10-01
XM1014 | Quicksilver (Factory New),2026-10-01,4.8200,4.8200,4.8200,4.8200,2026-10-01
XM1014 | Red Leather (Factory New),2026-10-01,400.0000,400.0000,400.0000,400.0000,2026-10-01
XM1014 | Run Run Run (Factory New),2026-10-01,10.7400,10.8600,10.8800,10.7400,2026-10-01
XM1014 | Scumbria (Factory New),2026-10-01,9.8200,9.6900,9.8200,9.6900,2026-10-01
XM1014 | Seasons (Factory New),2026-10-01,14.4200,14.2800,14.4200,14.2800,2026-10-01
XM1014 | Slipstream (Factory New),2026-10-01,3.7700,3.7600,3.7800,3.7500,2026-10-01
XM1014 | Solitude (Factory New),2026-10-01,170.0000,174.0900,175.1000,170.0000,2026-10-01
XM1014 | Teclu Burner (Factory New),2026-10-01,22.0000,21.7900,22.0000,21.7900,2026-10-01
XM1014 | Tranquility (Factory New),2026-10-01,116.4600,116.4600,116.4600,116.4600,2026-10-01
XM1014 | Urban Perforated (Factory New),2026-10-01,182.5900,182.5600,182.5900,182.5600,2026-10-01
XM1014 | VariCamo Blue (Factory New),2026-10-01,70.0000,74.2700,74.2700,70.0000,2026-10-01
XM1014 | Watchdog (Factory New),2026-10-01,40.8200,40.8400,40.8500,40.8200,2026-10-01
XM1014 | XOXO (Factory New),2026-10-01,82.0000,81.9900,82.0000,81.9900,2026-10-01
XM1014 | XoooM (Factory New),2026-10-01,0.6800,0.7200,0.7300,0.6800,2026-10-01
XM1014 | Ziggy (Factory New),2026-10-01,21.0000,21.0000,21.0000,21.0000,2026-10-01
XM1014 | Zombie Offensive (Factory New),2026-10-01,6.2900,6.2500,6.2900,6.2500,2026-10-01
Zeus x27 | Charged Up (Factory New),2026-10-01,66.6500,66.6500,66.6500,66.6500,2026-10-01
Zeus x27 | Dragon Snore (Factory New),2026-10-01,269.0000,267.0000,269.0000,267.0000,2026-10-01
Zeus x27 | Earth Mandala (Factory New),2026-10-01,4.9300,4.9400,4.9400,4.9300,2026-10-01
Zeus x27 | Electric Blue (Factory New),2026-10-01,1.4300,1.4900,1.5000,1.4300,2026-10-01
Zeus x27 | Olympus (Factory New),2026-10-01,43.6700,43.5600,43.6700,40.0000,2026-10-01
Zeus x27 | Swamp DDPAT (Factory New),2026-10-01,0.1200,0.1100,0.1400,0.1100,2026-10-01
Zeus x27 | Tosai (Factory New),2026-10-01,8.5600,8.4700,8.5600,8.4700,2026-10-01
★ Bloodhound Gloves | Bronzed (Field-Tested),2026-10-01,1342.0000,1342.0000,1342.0000,1310.0000,2026-10-01
★ Bloodhound Gloves | Bronzed (Minimal Wear),2026-10-01,1369.5000,1369.0000,1369.5000,1369.0000,2026-10-01
★ Bloodhound Gloves | Charred (Field-Tested),2026-10-01,1444.1000,1444.1000,1444.1000,1444.1000,2026-10-01
★ Bloodhound Gloves | Charred (Minimal Wear),2026-10-01,1533.0000,1533.0000,1533.0000,1500.0000,2026-10-01
★ Bloodhound Gloves | Guerrilla (Field-Tested),2026-10-01,1118.5000,1118.0000,1118.5000,1117.5000,2026-10-01
★ Bloodhound Gloves | Guerrilla (Minimal Wear),2026-10-01,1206.7400,1206.7400,1206.7400,1206.7400,2026-10-01
★ Bloodhound Gloves | Snakebite (Field-Tested),2026-10-01,1194.5000,1184.5000,1194.6500,1184.5000,2026-10-01
★ Bloodhound Gloves | Snakebite (Minimal Wear),2026-10-01,1228.0000,1200.0000,1228.5000,1200.0000,2026-10-01
★ Broken Fang Gloves | Jade (Field-Tested),2026-10-01,418.0000,423.9600,423.9600,417.5000,2026-10-01
★ Broken Fang Gloves | Jade (Minimal Wear),2026-10-01,720.0000,725.0000,725.0000,720.0000,2026-10-01
★ Broken Fang Gloves | Needle Point (Field-Tested),2026-10-01,261.0000,260.4800,261.0000,260.4800,2026-10-01
★ Broken Fang Gloves | Needle Point (Minimal Wear),2026-10-01,360.0000,355.0000,360.0000,355.0000,2026-10-01
★ Broken Fang Gloves | Unhinged (Field-Tested),2026-10-01,305.4500,320.0000,320.0000,305.4500,2026-10-01
★ Broken Fang Gloves | Unhinged (Minimal Wear),2026-10-01,482.0000,481.5000,482.0000,481.5000,2026-10-01
★ Broken Fang Gloves | Yellow-banded (Field-Tested),2026-10-01,262.5000,276.5000,277.5000,262.0000,2026-10-01
★ Broken Fang Gloves | Yellow-banded (Minimal Wear),2026-10-01,432.5000,432.0000,432.5000,432.0000,2026-10-01
★ Driver Gloves | Black Tie (Field-Tested),2026-10-01,749.0000,748.5000,749.0000,748.0000,2026-10-01
★ Driver Gloves | Black Tie (Minimal Wear),2026-10-01,1850.0000,1829.5000,1850.0000,1829.5000,2026-10-01
★ Driver Gloves | Brocade Crane (Field-Tested),2026-10-01,1052.0000,1047.0000,1052.0000,1047.0000,2026-10-01
★ Driver Gloves | Brocade Crane (Minimal Wear),2026-10-01,2488.0000,2482.0000,2488.0000,2482.0000,2026-10-01
★ Driver Gloves | Brocade Flowers (Field-Tested),2026-10-01,812.5000,812.5000,812.5000,812.5000,2026-10-01
★ Driver Gloves | Brocade Flowers (Minimal Wear),2026-10-01,2365.0500,2365.0500,2365.0500,2365.0500,2026-10-01
★ Driver Gloves | Convoy (Field-Tested),2026-10-01,3059.5000,3059.5000,3059.5000,3059.5000,2026-10-01
★ Driver Gloves | Convoy (Minimal Wear),2026-10-01,3099.5000,3160.0000,3160.0000,3099.5000,2026-10-01
★ Driver Gloves | Crimson Weave (Field-Tested),2026-10-01,6900.3700,7100.3700,7100.3700,6900.3700,2026-10-01
★ Driver Gloves | Crimson Weave (Minimal Wear),2026-10-01,7638.4700,7638.4700,7638.4800,7450.0000,2026-10-01
★ Driver Gloves | Diamondback (Field-Tested),2026-10-01,2647.0000,2646.5000,2647.0000,2646.5000,2026-10-01
★ Driver Gloves | Diamondback (Minimal Wear),2026-10-01,2847.0000,2846.0000,2847.0000,2846.0000,2026-10-01
★ Driver Gloves | Dragon Fists (Field-Tested),2026-10-01,599.5000,601.9900,601.9900,595.5000,2026-10-01
★ Driver Gloves | Dragon Fists (Minimal Wear),2026-10-01,1266.0000,1265.0000,1266.0000,1265.0000,2026-10-01
★ Driver Gloves | Garden (Field-Tested),2026-10-01,1109.0000,1108.5000,1109.0000,1108.5000,2026-10-01
★ Driver Gloves | Garden (Minimal Wear),2026-10-01,2659.5000,2659.5000,2659.5000,2659.5000,2026-10-01
★ Driver Gloves | Hand Sweaters (Field-Tested),2026-10-01,678.0000,666.0000,679.0000,666.0000,2026-10-01
★ Driver Gloves | Hand Sweaters (Minimal Wear),2026-10-01,1446.5000,1446.5000,1446.5000,1446.0000,2026-10-01
★ Driver Gloves | Imperial Plaid (Field-Tested),2026-10-01,879.5000,875.9800,879.5000,875.9800,2026-10-01
★ Driver Gloves | Imperial Plaid (Minimal Wear),2026-10-01,1738.5000,1735.0000,1738.5000,1735.0000,2026-10-01
★ Driver Gloves | King Snake (Field-Tested),2026-10-01,839.0000,839.9900,839.9900,837.5000,2026-10-01
★ Driver Gloves | King Snake (Minimal Wear),2026-10-01,2889.0000,2887.9000,2889.0000,2887.9000,2026-10-01
★ Driver Gloves | Lunar Weave (Field-Tested),2026-10-01,4017.9900,4078.9900,4079.5000,4017.9900,2026-10-01
★ Driver Gloves | Lunar Weave (Minimal Wear),2026-10-01,4278.0000,4270.0000,4278.5000,4270.0000,2026-10-01
★ Driver Gloves | Overtake (Field-Tested),2026-10-01,255.5000,255.0000,255.5000,255.0000,2026-10-01
★ Driver Gloves | Overtake (Minimal Wear),2026-10-01,494.5000,494.5000,494.5000,494.5000,2026-10-01
★ Driver Gloves | Plum Quill (Field-Tested),2026-10-01,617.0000,617.5000,617.5000,615.5000,2026-10-01
★ Driver Gloves | Plum Quill (Minimal Wear),2026-10-01,1035.0000,1038.0000,1038.0000,1035.0000,2026-10-01
★ Driver Gloves | Queen Jaguar (Field-Tested),2026-10-01,295.0000,295.0000,296.0000,295.0000,2026-10-01
★ Driver Gloves | Queen Jaguar (Minimal Wear),2026-10-01,676.5000,676.5000,676.5000,676.0000,2026-10-01
★ Driver Gloves | Racing Green (Field-Tested),2026-10-01,171.0000,175.9900,176.3000,171.0000,2026-10-01
★ Driver Gloves | Racing Green (Minimal Wear),2026-10-01,241.5000,241.0000,242.0000,241.0000,2026-10-01
★ Driver Gloves | Rezan the Red (Field-Tested),2026-10-01,356.9000,356.9000,356.9000,356.9000,2026-10-01
★ Driver Gloves | Rezan the Red (Minimal Wear),2026-10-01,784.0000,783.0000,784.0000,782.0000,2026-10-01
★ Driver Gloves | Seigaiha (Field-Tested),2026-10-01,481.0000,481.0000,481.0000,481.0000,2026-10-01
★ Driver Gloves | Seigaiha (Minimal Wear),2026-10-01,941.5000,949.5000,949.5000,941.5000,2026-10-01
★ Driver Gloves | Snow Leopard (Field-Tested),2026-10-01,1650.0000,1655.0000,1655.0000,1650.0000,2026-10-01
★ Driver Gloves | Snow Leopard (Minimal Wear),2026-10-01,3269.0000,3249.5000,3269.0000,3245.0000,2026-10-01
★ Driver Gloves | Wave Chaser (Field-Tested),2026-10-01,997.2500,997.2500,997.9800,997.2500,2026-10-01
★ Driver Gloves | Wave Chaser (Minimal Wear),2026-10-01,3028.0000,3028.0000,3028.0000,3028.0000,2026-10-01
★ Hand Wraps | Arboreal (Field-Tested),2026-10-01,243.0000,242.5000,243.0000,240.0000,2026-10-01
★ Hand Wraps | Arboreal (Minimal Wear),2026-10-01,437.4900,436.9900,437.9900,436.9900,2026-10-01
★ Hand Wraps | Badlands (Field-Tested),2026-10-01,2639.0000,2628.5000,2639.0000,2615.0000,2026-10-01
★ Hand Wraps | Badlands (Minimal Wear),2026-10-01,2842.5000,2829.0000,2842.5000,2829.0000,2026-10-01
★ Hand Wraps | CAUTION! (Field-Tested),2026-10-01,794.0000,789.5000,794.0000,789.5000,2026-10-01
★ Hand Wraps | CAUTION! (Minimal Wear),2026-10-01,1149.0000,1149.0000,1149.0000,1148.5000,2026-10-01
★ Hand Wraps | Cobalt Skulls (Field-Tested),2026-10-01,1249.0000,1245.0000,1249.0000,1239.0000,2026-10-01
★ Hand Wraps | Cobalt Skulls (Minimal Wear),2026-10-01,2340.0000,2337.5000,2340.0000,2337.5000,2026-10-01
★ Hand Wraps | Constrictor (Field-Tested),2026-10-01,258.0000,256.0000,258.0000,256.0000,2026-10-01
★ Hand Wraps | Constrictor (Minimal Wear),2026-10-01,672.5100,672.5100,672.5100,672.5100,2026-10-01
★ Hand Wraps | Desert Shamagh (Field-Tested),2026-10-01,230.0000,228.8800,230.0000,228.4900,2026-10-01
★ Hand Wraps | Desert Shamagh (Minimal Wear),2026-10-01,380.0000,384.5000,384.5000,380.0000,2026-10-01
★ Hand Wraps | Duct Tape (Field-Tested),2026-10-01,261.4000,260.4000,261.4000,260.4000,2026-10-01
★ Hand Wraps | Duct Tape (Minimal Wear),2026-10-01,414.0000,414.0000,414.0000,413.5000,2026-10-01
★ Hand Wraps | Giraffe (Field-Tested),2026-10-01,240.0000,241.3000,241.3000,236.0000,2026-10-01
★ Hand Wraps | Giraffe (Minimal Wear),2026-10-01,453.5000,450.0000,453.5000,448.9100,2026-10-01
★ Hand Wraps | Leather (Field-Tested),2026-10-01,3698.0000,3699.5000,3700.0000,3600.0000,2026-10-01
★ Hand Wraps | Leather (Minimal Wear),2026-10-01,3740.0000,3740.0000,3740.0000,3740.0000,2026-10-01
★ Hand Wraps | Overprint (Field-Tested),2026-10-01,643.0000,642.5000,646.0000,642.5000,2026-10-01
★ Hand Wraps | Overprint (Minimal Wear),2026-10-01,874.0000,874.5000,874.5000,869.9100,2026-10-01
★ Hand Wraps | Slaughter (Field-Tested),2026-10-01,3017.4800,2998.9900,3017.4800,2963.6100,2026-10-01
★ Hand Wraps | Slaughter (Minimal Wear),2026-10-01,3300.0000,3383.0000,3383.5000,3300.0000,2026-10-01
★ Hand Wraps | Spruce DDPAT (Field-Tested),2026-10-01,2280.0000,2280.0000,2280.0000,2279.5000,2026-10-01
★ Hand Wraps | Spruce DDPAT (Minimal Wear),2026-10-01,2479.9900,2400.0000,2479.9900,2400.0000,2026-10-01
★ Hydra Gloves | Case Hardened (Field-Tested),2026-10-01,347.5000,346.0000,348.0000,340.0000,2026-10-01
★ Hydra Gloves | Case Hardened (Minimal Wear),2026-10-01,517.9100,513.9100,517.9100,513.9100,2026-10-01
★ Hydra Gloves | Emerald (Field-Tested),2026-10-01,196.4400,197.4800,198.0000,196.4400,2026-10-01
★ Hydra Gloves | Emerald (Minimal Wear),2026-10-01,288.4900,287.9900,288.4900,285.0000,2026-10-01
★ Hydra Gloves | Mangrove (Field-Tested),2026-10-01,173.8000,171.8000,173.8000,170.0000,2026-10-01
★ Hydra Gloves | Mangrove (Minimal Wear),2026-10-01,214.0000,212.0000,214.0000,212.0000,2026-10-01
★ Hydra Gloves | Rattler (Field-Tested),2026-10-01,172.0000,170.0000,175.0000,170.0000,2026-10-01
★ Hydra Gloves | Rattler (Minimal Wear),2026-10-01,210.0000,210.0000,210.0000,210.0000,2026-10-01
★ Moto Gloves | 3rd Commando Company (Field-Tested),2026-10-01,231.0000,231.0000,231.5000,231.0000,2026-10-01
★ Moto Gloves | 3rd Commando Company (Minimal Wear),2026-10-01,472.0000,474.5000,478.0000,471.0000,2026-10-01
★ Moto Gloves | Blood Pressure (Field-Tested),2026-10-01,715.0000,715.0000,715.0000,715.0000,2026-10-01
★ Moto Gloves | Blood Pressure (Minimal Wear),2026-10-01,1229.9000,1240.0000,1250.0000,1229.9000,2026-10-01
★ Moto Gloves | Boom! (Field-Tested),2026-10-01,3029.5000,3077.4000,3077.4000,2989.0400,2026-10-01
★ Moto Gloves | Boom! (Minimal Wear),2026-10-01,3050.0000,3185.0000,3185.0000,3050.0000,2026-10-01
★ Moto Gloves | Cool Mint (Field-Tested),2026-10-01,6000.0000,5950.0000,6000.0000,5950.0000,2026-10-01
★ Moto Gloves | Cool Mint (Minimal Wear),2026-10-01,6864.8100,6864.3100,6864.8100,6864.3100,2026-10-01
★ Moto Gloves | Eclipse (Field-Tested),2026-10-01,3204.0800,3214.5000,3216.4300,3184.8900,2026-10-01
★ Moto Gloves | Eclipse (Minimal Wear),2026-10-01,3260.0000,3260.0000,3260.0000,3260.0000,2026-10-01
★ Moto Gloves | Finish Line (Field-Tested),2026-10-01,465.0000,471.0000,476.0000,465.0000,2026-10-01
★ Moto Gloves | Finish Line (Minimal Wear),2026-10-01,968.5000,968.5000,968.5000,959.9900,2026-10-01
★ Moto Gloves | POW! (Field-Tested),2026-10-01,437.0000,444.5000,445.5000,436.5000,2026-10-01
★ Moto Gloves | POW! (Minimal Wear),2026-10-01,997.5000,995.0000,998.0000,989.7800,2026-10-01
★ Moto Gloves | Polygon (Field-Tested),2026-10-01,659.0000,654.0000,659.0000,653.5000,2026-10-01
★ Moto Gloves | Polygon (Minimal Wear),2026-10-01,1059.5000,1054.2700,1059.5000,1054.2700,2026-10-01
★ Moto Gloves | Smoke Out (Field-Tested),2026-10-01,670.0000,671.0000,673.0000,666.0000,2026-10-01
★ Moto Gloves | Smoke Out (Minimal Wear),2026-10-01,1160.0000,1159.5000,1162.5000,1159.5000,2026-10-01
★ Moto Gloves | Spearmint (Field-Tested),2026-10-01,11540.0000,11450.0000,11540.0000,11111.0000,2026-10-01
★ Moto Gloves | Spearmint (Minimal Wear),2026-10-01,17688.0000,17650.0000,17688.0000,17650.0000,2026-10-01
★ Moto Gloves | Transport (Field-Tested),2026-10-01,209.9100,209.5000,209.9900,200.0000,2026-10-01
★ Moto Gloves | Transport (Minimal Wear),2026-10-01,337.0000,340.0000,340.0000,336.5000,2026-10-01
★ Moto Gloves | Turtle (Field-Tested),2026-10-01,350.0000,352.0000,352.5000,340.0000,2026-10-01
★ Moto Gloves | Turtle (Minimal Wear),2026-10-01,740.5000,739.4000,740.5000,739.4000,2026-10-01
★ Specialist Gloves | Big Swell (Field-Tested),2026-10-01,1137.4800,1120.0000,1137.4800,1120.0000,2026-10-01
★ Specialist Gloves | Big Swell (Minimal Wear),2026-10-01,2490.0000,2490.0000,2490.0000,2490.0000,2026-10-01
★ Specialist Gloves | Blackbook (Field-Tested),2026-10-01,1589.0000,1588.0000,1589.0000,1587.9900,2026-10-01
★ Specialist Gloves | Blackbook (Minimal Wear),2026-10-01,3145.0000,3144.0000,3145.0000,3144.0000,2026-10-01
★ Specialist Gloves | Buckshot (Field-Tested),2026-10-01,255.0000,255.6100,256.3700,254.0000,2026-10-01
★ Specialist Gloves | Buckshot (Minimal Wear),2026-10-01,405.0000,403.9900,405.0000,397.3900,2026-10-01
★ Specialist Gloves | Chocolate Chesterfield (Field-Tested),2026-10-01,537.2900,537.5000,537.5000,537.2900,2026-10-01
★ Specialist Gloves | Chocolate Chesterfield (Minimal Wear),2026-10-01,1092.0000,1092.0000,1092.0000,1092.0000,2026-10-01
★ Specialist Gloves | Cloud Chaser (Field-Tested),2026-10-01,2728.0000,2729.5000,2729.5000,2728.0000,2026-10-01
★ Specialist Gloves | Cloud Chaser (Minimal Wear),2026-10-01,5050.0000,5050.0000,5050.0000,5050.0000,2026-10-01
★ Specialist Gloves | Crimson Kimono (Field-Tested),2026-10-01,10749.5000,10745.0000,10749.5000,10745.0000,2026-10-01
★ Specialist Gloves | Crimson Kimono (Minimal Wear),2026-10-01,17000.0000,16600.0000,17000.0000,16600.0000,2026-10-01
★ Specialist Gloves | Crimson Web (Field-Tested),2026-10-01,769.0000,768.5000,769.0000,766.0000,2026-10-01
★ Specialist Gloves | Crimson Web (Minimal Wear),2026-10-01,1790.0000,1790.0000,1790.0000,1790.0000,2026-10-01
★ Specialist Gloves | Emerald Web (Field-Tested),2026-10-01,7924.0000,7906.0000,7924.0000,7906.0000,2026-10-01
★ Specialist Gloves | Emerald Web (Minimal Wear),2026-10-01,9426.0000,9200.0000,9426.0000,9199.0000,2026-10-01
★ Specialist Gloves | Fade (Field-Tested),2026-10-01,1027.5000,1026.4900,1027.5000,1026.4900,2026-10-01
★ Specialist Gloves | Fade (Minimal Wear),2026-10-01,2900.0000,2929.0000,2929.5000,2900.0000,2026-10-01
★ Specialist Gloves | Field Agent (Field-Tested),2026-10-01,744.9000,747.0000,747.0000,740.0000,2026-10-01
★ Specialist Gloves | Field Agent (Minimal Wear),2026-10-01,1782.2400,1775.0000,1782.2400,1750.0000,2026-10-01
★ Specialist Gloves | Forest DDPAT (Field-Tested),2026-10-01,1735.5000,1712.0000,1735.5000,1712.0000,2026-10-01
★ Specialist Gloves | Forest DDPAT (Minimal Wear),2026-10-01,1817.5000,1816.5000,1817.5000,1816.5000,2026-10-01
★ Specialist Gloves | Foundation (Field-Tested),2026-10-01,4969.9900,4968.9900,4969.9900,4968.9900,2026-10-01
★ Specialist Gloves | Foundation (Minimal Wear),2026-10-01,5760.0000,5699.0000,5760.0000,5699.0000,2026-10-01
★ Specialist Gloves | Lime Polycam (Field-Tested),2026-10-01,1548.0000,1548.5000,1548.5000,1548.0000,2026-10-01
★ Specialist Gloves | Lime Polycam (Minimal Wear),2026-10-01,3455.0000,3464.0000,3465.0000,3455.0000,2026-10-01
★ Specialist Gloves | Lt. Commander (Field-Tested),2026-10-01,655.5000,660.0000,661.6000,654.5000,2026-10-01
★ Specialist Gloves | Lt. Commander (Minimal Wear),2026-10-01,1062.5300,1057.2300,1062.5300,1057.2300,2026-10-01
★ Specialist Gloves | Marble Fade (Field-Tested),2026-10-01,836.0000,835.0000,836.0000,835.0000,2026-10-01
★ Specialist Gloves | Marble Fade (Minimal Wear),2026-10-01,2295.5000,2295.0000,2295.5000,2295.0000,2026-10-01
★ Specialist Gloves | Mogul (Field-Tested),2026-10-01,630.0000,626.0000,630.0000,626.0000,2026-10-01
★ Specialist Gloves | Mogul (Minimal Wear),2026-10-01,894.5000,895.0000,907.5000,894.5000,2026-10-01
★ Specialist Gloves | Pillow Punchers (Field-Tested),2026-10-01,2410.0000,2400.0000,2415.0000,2400.0000,2026-10-01
★ Specialist Gloves | Pillow Punchers (Minimal Wear),2026-10-01,8488.0000,8477.0000,8488.0000,8477.0000,2026-10-01
★ Specialist Gloves | Sunburst (Field-Tested),2026-10-01,1019.5000,1010.0000,1019.5000,1010.0000,2026-10-01
★ Specialist Gloves | Sunburst (Minimal Wear),2026-10-01,2180.0000,2188.5000,2188.5000,2180.0000,2026-10-01
★ Specialist Gloves | Tiger Strike (Field-Tested),2026-10-01,998.0000,989.0000,999.0000,989.0000,2026-10-01
★ Specialist Gloves | Tiger Strike (Minimal Wear),2026-10-01,2068.0000,2064.5000,2068.0000,2064.5000,2026-10-01
★ Sport Gloves | Amphibious (Field-Tested),2026-10-01,1850.5300,1852.0100,1860.0000,1850.5300,2026-10-01
★ Sport Gloves | Amphibious (Minimal Wear),2026-10-01,3982.0000,3977.0000,3988.0000,3977.0000,2026-10-01
★ Sport Gloves | Arid (Field-Tested),2026-10-01,5965.4100,5965.4100,5965.4100,5900.0000,2026-10-01
★ Sport Gloves | Arid (Minimal Wear),2026-10-01,7088.0000,7088.0000,7088.0000,7087.5000,2026-10-01
★ Sport Gloves | Big Game (Field-Tested),2026-10-01,839.0000,829.0000,839.0000,828.5000,2026-10-01
★ Sport Gloves | Big Game (Minimal Wear),2026-10-01,1238.5000,1238.5000,1238.5000,1238.0000,2026-10-01
★ Sport Gloves | Blaze (Field-Tested),2026-10-01,726.5000,726.5000,726.5000,726.0000,2026-10-01
★ Sport Gloves | Blaze (Minimal Wear),2026-10-01,1496.0000,1496.0000,1496.0000,1496.0000,2026-10-01
★ Sport Gloves | Bronze Morph (Field-Tested),2026-10-01,443.4000,444.8000,444.9900,439.7000,2026-10-01
★ Sport Gloves | Bronze Morph (Minimal Wear),2026-10-01,797.9000,797.9000,797.9000,797.9000,2026-10-01
★ Sport Gloves | Creme Pinstripe (Field-Tested),2026-10-01,524.9900,525.0000,525.0000,524.9900,2026-10-01
★ Sport Gloves | Creme Pinstripe (Minimal Wear),2026-10-01,1070.0000,1077.0000,1077.5000,1070.0000,2026-10-01
★ Sport Gloves | Frosty (Field-Tested),2026-10-01,1122.0000,1118.0000,1122.0000,1117.5000,2026-10-01
★ Sport Gloves | Frosty (Minimal Wear),2026-10-01,2350.0000,2350.0000,2350.0000,2350.0000,2026-10-01
★ Sport Gloves | Hedge Maze (Field-Tested),2026-10-01,24300.0000,24300.0000,24300.0000,24200.0000,2026-10-01
★ Sport Gloves | Hedge Maze (Minimal Wear),2026-10-01,45999.5000,45999.0000,45999.5000,45999.0000,2026-10-01
★ Sport Gloves | Nocts (Field-Tested),2026-10-01,3720.0000,3750.0000,3750.0000,3705.0000,2026-10-01
★ Sport Gloves | Nocts (Minimal Wear),2026-10-01,5449.4800,5434.0000,5449.9900,5434.0000,2026-10-01
★ Sport Gloves | Occult (Field-Tested),2026-10-01,3128.5000,3128.5000,3128.5000,3128.5000,2026-10-01
★ Sport Gloves | Occult (Minimal Wear),2026-10-01,5996.0000,5996.0000,5996.0000,5996.0000,2026-10-01
★ Sport Gloves | Omega (Field-Tested),2026-10-01,1120.0000,1118.5000,1120.0000,1110.0000,2026-10-01
★ Sport Gloves | Omega (Minimal Wear),2026-10-01,2831.0000,2849.0000,2850.0000,2831.0000,2026-10-01
★ Sport Gloves | Pandora's Box (Field-Tested),2026-10-01,21650.0000,21650.0000,21650.0000,21650.0000,2026-10-01
★ Sport Gloves | Pandora's Box (Minimal Wear),2026-10-01,33849.0000,33787.0000,33849.0000,33750.0000,2026-10-01
★ Sport Gloves | Red Racer (Field-Tested),2026-10-01,810.0000,806.0000,810.0000,806.0000,2026-10-01
★ Sport Gloves | Red Racer (Minimal Wear),2026-10-01,1819.5000,1819.5000,1819.5000,1815.0000,2026-10-01
★ Sport Gloves | Scarlet Shamagh (Field-Tested),2026-10-01,1074.5000,1065.9000,1074.5000,1065.0000,2026-10-01
★ Sport Gloves | Scarlet Shamagh (Minimal Wear),2026-10-01,1963.5000,1962.0000,1963.5000,1962.0000,2026-10-01
★ Sport Gloves | Slingshot (Field-Tested),2026-10-01,2098.0000,2099.9000,2104.9000,2098.0000,2026-10-01
★ Sport Gloves | Slingshot (Minimal Wear),2026-10-01,5240.0000,5180.0000,5240.0000,5180.0000,2026-10-01
★ Sport Gloves | Superconductor (Field-Tested),2026-10-01,10994.8500,10888.0000,10994.8500,10600.0000,2026-10-01
★ Sport Gloves | Superconductor (Minimal Wear),2026-10-01,17150.0000,17150.0000,17150.0000,17150.0000,2026-10-01
★ Sport Gloves | Ultra Violent (Field-Tested),2026-10-01,5759.0000,5758.0000,5759.0000,5758.0000,2026-10-01
★ Sport Gloves | Ultra Violent (Minimal Wear),2026-10-01,11280.0000,11498.0000,11498.0000,11280.0000,2026-10-01
★ Sport Gloves | Vice (Field-Tested),2026-10-01,2620.4900,2619.5000,2620.5000,2619.0000,2026-10-01
★ Sport Gloves | Vice (Minimal Wear),2026-10-01,8120.0000,8120.0000,8124.0000,8110.0000,2026-10-01
★ Sport Gloves | Violet Beadwork (Field-Tested),2026-10-01,1394.9900,1394.0000,1394.9900,1390.0000,2026-10-01
★ Sport Gloves | Violet Beadwork (Minimal Wear),2026-10-01,3688.8800,3688.8800,3688.8800,3688.8800,2026-10-01
