tree
version=v4
num_class=1
num_tree_per_iteration=1
label_index=0
max_feature_idx=23
objective=lambdarank
feature_names=r_1 r_3 r_7 r_14 r_30 ma7_dev ma30_dev ma90_dev dd_60 dsl_30 up_7 up_14 pos_60 vol_ratio vol_7 rsi_14 peer_breadth1 peer_med_1 peer_med_7 peer_rank_1 peer_rank_3 peer_rank_7 peer_rs7 cat_code
feature_infos=[-0.66546171903610229:1.9891947507858276] [-0.67031013965606689:1.9891947507858276] [-0.67718750238418579:2.9342491626739502] [-0.75970637798309326:4.8116230964660645] [-0.83181089162826538:8.9496641159057617] [-0.59926164150238037:1.3272337913513184] [-0.70558804273605347:2.4181208610534668] [-0.67702203989028931:5.2151737213134766] [-0.9534953236579895:0] [0:29] [0:43.285713195800781] [0:43.285713195800781] [0:1] [0:2.1941003799438477] [0:0.9746098518371582] [0:100] [0:1] [-0.17972350120544434:0.2976190447807312] [-0.36520737409591675:0.78571426868438721] [0.0069444444444444441:1] [0.0069444444444444441:1] [0.0069444444444444441:1] [-0.90937042236328125:2.4784214496612549] [0:2]
tree_sizes=1551 1758 1758 1760 1756 1768 1765 1756 1753 1759 1759 1764 1748 1765 1763 1769 1765 1761 1752 1762 1771 1765 1763 1749 1766 1775 1658 1774 1760 1755 1659 1766 1774 1765 1774 1670 1760 1774 1773 1673 1669 1773 1665 1771 1768 1766 1771 1772 1771 1766 1653 1778 1763 1766 1763 1660 1766 1768 1778 1558 1670 1783 1762 1663 1777 1752 1655 1653 1677 1768 1774 1670 1347 1767 1657 1356 1799 1776 1764 1559 1796 1230 1678 1790 1790 1767 1678 1772 1690 1568 1340 1796 1678 1339 1795 902 1665 1459 1767 1659 1764 1778 1344 1354 1681 1675 1761 1668 1123 1778 1457 918 1450 1653 1448 1674 1659 1773 1666 1329

Tree=0
num_leaves=13
num_cat=0
split_feature=7 23 8 7 23 7 14 13 13 14 21 13
split_gain=169.995 48.0202 32.238 22.3373 20.2131 3.60765 1.67706 4.01452 1.20853 7.00275 0.416867 0.363654
threshold=0.39430870115756994 1.5000000000000002 -0.31104354560375208 0.056346278637647636 1.0000000180025095e-35 -0.024934454821050164 0.070826206356287016 0.62261429429054271 1.3234634399414065 0.028156645596027378 0.97259759759759767 0.9083024561405183
decision_type=2 2 2 2 2 2 2 2 2 2 2 2
left_child=1 2 5 -4 6 -1 7 -2 -3 -10 -8 -6
right_child=4 8 3 -5 11 -7 10 -9 9 -11 -12 -13
leaf_value=0.024775012381356393 0.076642703319240085 -0.079999999999999988 -0.058957340981706477 0.0027114680570138241 -0.037783773575624797 0.068901024717357942 0.07823476520515843 0.031675276844347788 0.060339244134556255 -0.079999999999999988 0.06425523009422611 -0.079999999999999946
leaf_weight=6.1051419681316474 8.0136124182608892 24.216467791789913 19.609289566680673 18.046260937415354 0.43721487192669783 5.762819659059458 23.105118888372093 5.2626575972390119 0.68358888989314337 3.3905868146684952 4.0044908404815933 1.2889598381589165
leaf_count=3916 2548 3792 23500 16159 135 3033 6513 3624 76 554 949 256
internal_value=-1.91932e-10 -0.0350345 -0.0112848 -0.0294028 0.0647363 0.0462016 0.0704656 0.0588178 -0.076609 -0.0564531 0.0761698 -0.0693072
internal_weight=119.926 77.8142 49.5235 37.6556 42.1121 11.868 40.3859 13.2763 28.2906 4.07418 27.1096 1.72617
internal_count=65055 51030 46608 39659 14025 6949 13634 6172 4422 630 7462 391
is_linear=0
shrinkage=0.04


Tree=1
num_leaves=15
num_cat=0
split_feature=7 14 13 18 20 9 11 12 3 21 13 14 2 11
split_gain=57.4203 34.0019 33.9928 25.5552 25.1972 22.175 18.6381 13.5289 8.23985 13.9553 3.9468 5.126 2.93749 2.65987
threshold=0.96642401814460765 0.025279017165303234 0.73526707291603099 -0.080240253359079347 0.87124775985663094 25.500000000000004 1.2998687624931338 0.48663409054279333 0.64947217702865612 0.96609195402298864 0.3819668591022492 0.014314945321530105 0.33900251984596258 2.4473962783813481
decision_type=2 2 2 2 2 2 2 2 2 2 2 2 2 2
left_child=1 10 4 -4 -3 8 7 -7 12 -10 11 -1 -2 -8
right_child=5 2 3 -5 -6 6 13 -9 9 -11 -12 -13 -14 -15
leaf_value=-0.066496152055724067 0.045585761269554118 0.027882351803179342 0.032104047245197463 -0.021784800657780476 -0.046187372320233212 0.067874355817071075 -0.073782209085726344 0.0068164917679674033 -0.018783035108353007 0.058733377465608153 -0.070279016290872035 -0.0024007764238434437 0.069641018980767841 -0.017847475835898203
leaf_weight=4.0912150566291556 24.201401450525736 56.528440639725886 15.685006696541675 137.59247525689716 8.4463497381220787 6.7501932294107965 4.5218031071126452 41.522559206903679 7.7589474275009689 7.1313278650632128 14.390102372621184 3.8989644511893857 12.225139916059559 1.9454882867867125
leaf_count=4090 428 7424 1729 26623 1635 44 398 2201 480 230 18137 1337 140 159
internal_value=-2.01445e-09 -0.0108072 -0.00599234 -0.0162703 0.0182537 0.0245206 0.00681133 0.0153545 0.0434111 0.0183415 -0.0577621 -0.0352196 0.053659 -0.0569559
internal_weight=346.689 240.633 218.252 153.277 64.9748 106.057 54.74 48.2728 51.3168 14.8903 22.3803 7.99018 36.4265 6.46729
internal_count=65055 60975 37411 28352 9059 4080 2802 2245 1278 710 23564 5427 568 557
is_linear=0
shrinkage=0.04


Tree=2
num_leaves=15
num_cat=0
split_feature=7 8 3 11 8 5 11 18 13 18 22 13 16 6
split_gain=230.607 39.9576 38.9345 27.6775 23.1333 17.0845 19.5892 15.9184 14.3953 10.7306 9.70199 9.57185 6.38442 1.29626
threshold=0.53956300020217907 -0.55942872166633595 0.41149623692035681 0.25002841651439672 -0.0060150511562824241 0.0026961462572216992 0.18052990734577182 0.39281384646892553 1.2343484759330752 -0.032596966251730912 -0.054487789049744599 0.21013760566711429 0.27178030303030304 0.35093304514884954
decision_type=2 2 2 2 2 2 2 2 2 2 2 2 2 2
left_child=1 9 10 5 7 11 -7 -5 -4 -1 -3 -2 -11 -6
right_child=3 2 8 4 13 6 -8 -9 -10 12 -12 -13 -14 -15
leaf_value=-0.07834005384327361 0.057495528195020837 -0.035921414117433187 -0.07322417506590613 0.034605107536861961 -0.022923188756600855 0.043849621200073935 -0.070337568656806571 -0.070908576624324732 0.05666443237650684 0.061669959626746089 -0.063318415313799198 -0.055226172752571218 0.0019981004316796201 -0.07922117485806765
leaf_weight=1.4639020222530224 1.3385030541103358 27.951132507791044 1.6925385493668708 178.8348626717343 0.84165547811426167 11.041049655701498 3.0728231139655682 2.3173659045714876 7.0591216817847453 6.8008080044528452 79.513678713905392 12.113119052082764 4.9619250479154289 2.9407865789835341
leaf_count=388 50 9779 528 7438 104 307 447 337 536 300 42654 1138 670 379
internal_value=2.24826e-10 -0.0420881 -0.0495856 0.0256377 0.0312111 -0.0117535 0.0189892 0.0332553 0.0315445 0.0237882 -0.0561926 -0.0440098 0.0364983 -0.0666939
internal_weight=341.943 129.443 116.216 212.5 184.935 27.5655 14.1139 181.152 8.75166 13.2266 107.465 13.4516 11.7627 3.78244
internal_count=65055 54855 53497 10200 8258 1942 754 7775 1064 1358 52433 1188 970 483
is_linear=0
shrinkage=0.04


Tree=3
num_leaves=15
num_cat=0
split_feature=7 8 9 13 1 18 6 13 23 9 10 10 7 13
split_gain=220.861 87.5884 29.1278 20.4823 17.5844 22.1755 11.5495 8.44252 7.78355 7.64311 5.88353 5.28223 1.88127 1.86596
threshold=0.40220841765403753 -0.55942872166633595 26.500000000000004 1.6495559215545657 0.15778939425945285 0.047378607094287879 0.18126733601093295 0.51990288496017467 1.0000000180025095e-35 27.500000000000004 0.32489623129367834 0.042699374258518226 0.16404709219932559 0.36087131500244146
decision_type=2 2 2 2 2 2 2 2 2 2 2 2 2 2
left_child=1 7 3 6 5 -4 -2 11 -9 -6 -5 -1 -3 -14
right_child=2 12 4 10 9 -7 -8 8 -10 -11 -12 -13 13 -15
leaf_value=-0.0022470192064141812 0.0026090895627531047 -0.066408682172459599 -0.01172456055452234 0.019274874545632547 0.0068114212750987318 0.034317522281368446 0.038057260532974445 -0.054820022987416596 0.036235205385001197 -0.067938442035574712 -0.076501644129858701 0.060801437652138225 -0.021716356710957938 -0.057298495146567222
leaf_weight=2.6517695616639712 16.472858691675356 67.50010511171422 36.578266629017889 1.4522018845891569 3.0913796212407743 30.856157690926921 137.11168017145246 2.9702160294400519 3.0388150510843843 7.494586035318207 3.4984480552957393 10.725806434900731 2.6526718755485517 21.233154902642127
leaf_count=280 1787 38910 3780 148 303 1823 4079 560 225 1324 526 211 802 10297
internal_value=1.3758e-09 -0.0466122 0.0218272 0.0316739 0.00181913 0.00934304 0.0342552 0.0306124 -0.00877267 -0.0461095 -0.048407 0.0483037 -0.0629947 -0.0533469
internal_weight=347.328 110.773 236.556 158.535 78.0204 67.4344 153.585 19.3866 6.00903 10.586 4.95065 13.3776 91.3859 23.8858
internal_count=65055 51285 13770 6540 7230 5603 5866 1276 785 1627 674 491 50009 11099
is_linear=0
shrinkage=0.04


Tree=4
num_leaves=15
num_cat=0
split_feature=7 8 9 5 15 14 6 13 5 17 7 17 7 11
split_gain=187.339 108.303 17.9111 17.4804 13.0403 11.34 9.59846 11.7883 10.2281 7.20059 9.06416 1.79975 1.47907 1.76307
threshold=0.40220841765403753 -0.55942872166633595 25.500000000000004 0.027590479701757434 43.937860488891609 0.12073883414268495 0.18126733601093295 0.6178918480873109 0.0038676023250445728 -0.0045686787925660602 0.01414002198725939 -0.0080979294143617136 0.16816861182451251 0.028229947201907638
decision_type=2 2 2 2 2 2 2 2 2 2 2 2 2 2
left_child=1 9 6 4 -4 -5 7 -2 -8 11 -11 -1 -3 -14
right_child=2 12 3 5 -6 -7 8 -9 -10 10 -12 -13 13 -15
leaf_value=0.022191630466107181 0.021747555518364051 -0.06431447220081879 -0.063281305821645206 -0.032370750231486445 0.02523355421912437 0.017934773150731449 0.047156338935928639 -0.061805265594511161 0.024068451332529561 -0.061177661402038661 0.038114669121121769 0.054581701806223112 -0.017079656464847444 -0.056049136273854189
leaf_weight=3.4209762765385703 8.4851466437103209 68.93353170028422 2.8167687117820597 23.043872981448658 48.793138124106918 10.408041654736733 46.21798760688398 3.9639519046177147 91.440109367482364 2.4845392531133248 3.6060031310189515 13.886440116039013 2.0399197476799626 20.777588912867941
leaf_count=331 495 39162 693 3543 3184 906 797 993 3159 512 178 255 633 10214
internal_value=1.49506e-10 -0.0418026 0.0204684 0.00580394 0.0204026 -0.016719 0.0287783 -0.00485673 0.0318201 0.0350161 -0.00239005 0.0481795 -0.0613926 -0.0525652
internal_weight=350.318 115.149 235.169 85.0618 51.6099 33.4519 150.107 12.4491 137.658 23.398 6.09054 17.3074 91.751 22.8175
internal_count=65055 51285 13770 8326 3877 4449 5444 1488 3956 1276 690 586 50009 10847
is_linear=0
shrinkage=0.04


Tree=5
num_leaves=15
num_cat=0
split_feature=7 8 7 7 8 21 13 14 18 7 11 16 3 9
split_gain=181.922 104.935 17.7572 14.4832 16.4277 13.7371 7.03177 3.69334 1.32266 0.772388 1.06765 0.453272 0.314445 0.0559727
threshold=0.40220841765403753 -0.55942872166633595 2.0031316280364995 0.88327744603157055 -0.37914574146270746 0.21478174603174607 0.72670704126358043 0.042329313233494766 -0.023958732374012467 0.16816861182451251 0.028229947201907638 0.73499399759903972 -0.23476610332727429 26.500000000000004
decision_type=2 2 2 2 2 2 2 2 2 2 2 2 2 2
left_child=1 6 3 4 -2 -5 7 -1 -8 12 -11 13 -3 -4
right_child=2 9 11 5 -6 -7 8 -9 -10 10 -12 -13 -14 -15
leaf_value=0.019785168696268222 0.04243910445194872 -0.042788761514196583 -0.081385944014615144 -0.036308650678420477 0.00080994966519423381 0.032062115721287754 -0.072453387763482147 0.052966050190290083 -0.010930895067550293 -0.026232746304863351 -0.056814132764500272 -0.040388997700884499 -0.062978154545929199 -0.068956655280806356
leaf_weight=9.0734981631976606 19.062380837043747 1.2569476364878926 1.9243936049751935 4.8720088518457478 74.222012199636083 134.68138257123064 0.79394151060842011 13.140752805280497 1.8903370968764637 2.0079527334310141 20.218862573732622 0.6449793861247598 68.478946215589531 0.82960993750020851
leaf_count=537 688 568 138 334 8237 4001 195 230 314 633 10214 123 38594 249
internal_value=4.86567e-10 -0.040822 0.0201937 0.0215188 0.00931674 0.0296752 0.0320239 0.0394132 -0.0291277 -0.0605447 -0.0540514 -0.0705728 -0.0626143 -0.0776418
internal_weight=353.098 116.861 236.237 232.838 93.2844 139.553 24.8985 22.2143 2.68428 91.9627 22.2268 3.39898 69.7359 2.754
internal_count=65055 51285 13770 13260 8925 4335 1276 767 509 50009 10847 510 39162 387
is_linear=0
shrinkage=0.04


Tree=6
num_leaves=15
num_cat=0
split_feature=7 8 9 8 14 14 18 12 6 13 18 7 11 18
split_gain=159.476 101.478 16.2354 16.8153 13.1978 12.7341 10.2803 17.2984 8.95648 6.51027 3.72306 0.750796 0.86905 0.673537
threshold=0.40220841765403753 -0.55942872166633595 25.500000000000004 -0.22534272074699399 0.06442104279994966 0.10844151675701143 0.22355104982852939 0.9619065821170808 0.17738993465900424 0.72670704126358043 0.0065013431012630471 0.16816861182451251 0.028229947201907638 -0.023958732374012467
decision_type=2 2 2 2 2 2 2 2 2 2 2 2 2 2
left_child=1 9 6 4 -4 -5 8 -8 -2 10 -1 -3 -13 -11
right_child=2 11 3 5 -6 -7 7 -9 -10 13 -12 12 -14 -15
leaf_value=0.019074599661530911 -0.004351515804458396 -0.060802616603635777 -0.035597049720860294 -0.028711644040695684 0.033823615598092542 0.014808290052618059 -0.061628488097833466 0.043955870335614058 0.032347796836272306 -0.068906863078723152 0.050370481174090077 -0.026736550909040886 -0.054765017501807088 -0.020740211974470513
leaf_weight=11.234590425970969 11.577381178387439 68.11828414053889 5.0659122623037538 27.637466645799577 32.442232313798741 17.613184415502474 5.3477126479847339 4.6341409641318023 131.41091156052426 0.64182451413944397 13.261038338299839 1.9466080212732801 19.505795398727059 1.681293669505975
leaf_count=555 1423 39162 815 4762 1458 1291 684 167 3170 195 212 633 10214 314
internal_value=-1.02252e-09 -0.0383101 0.0189153 0.00464345 0.0244475 -0.0117721 0.0266366 -0.0126103 0.0293764 0.0299478 0.036017 -0.0587475 -0.0522217 -0.0340476
internal_weight=352.118 116.389 235.729 82.7588 37.5081 45.2507 152.97 9.98185 142.988 26.8187 24.4956 89.5707 21.4524 2.32312
internal_count=65055 51285 13770 8326 2273 6053 5444 851 4593 1276 767 50009 10847 509
is_linear=0
shrinkage=0.04


Tree=7
num_leaves=15
num_cat=0
split_feature=7 8 7 3 6 8 17 16 0 18 23 9 7 11
split_gain=135.113 100.935 17.8825 19.8907 25.2323 21.8648 8.12502 11.563 8.43405 4.9586 11.8966 1.86293 0.747333 1.00057
threshold=0.40220841765403753 -0.55942872166633595 0.96642401814460765 0.25820317864418035 0.31370884180068975 -0.37914574146270746 0.050072137266397483 0.90652173913043488 0.09701185300946237 0.012780512217432262 1.0000000180025095e-35 18.500000000000004 0.16816861182451251 0.013515340164303781
decision_type=2 2 2 2 2 2 2 2 2 2 2 2 2 2
left_child=1 9 3 5 -5 -2 8 -8 -4 10 -1 -11 -3 -14
right_child=2 12 6 4 -6 -7 7 -9 -10 11 -12 -13 13 -15
leaf_value=-0.038702675086855105 0.027271434974926564 -0.058793637830171649 0.022459361046747277 0.033902072574601733 -0.022015387010878681 -0.041655604117601233 -0.060872398621793035 0.045830755662405034 0.044724595149422237 0.024307994803812041 0.039418682464027958 0.054632828251954882 -0.014132374617633099 -0.052242757932380701
leaf_weight=4.7965557526331404 10.726896973792462 66.416188156232238 89.470817013352644 44.94096277479548 18.116623342968524 23.484702418616507 3.8678428884013547 2.8021679211524315 39.124035810411442 4.6882880675257175 8.9172494186786935 10.501955094106959 1.1679603305528896 19.590966786490753
leaf_count=660 541 39162 2752 1978 2581 4590 495 95 738 238 285 93 343 10504
internal_value=-1.94381e-10 -0.0352454 0.0175942 0.00451341 0.0178368 -0.0200438 0.0270007 -0.0160449 0.0292334 0.0295315 0.0120949 0.0452734 -0.0567231 -0.0500986
internal_weight=348.613 116.079 232.534 97.2692 63.0576 34.2116 135.265 6.67001 128.595 28.904 13.7138 15.1902 87.1751 20.7589
internal_count=65055 51285 13770 9690 4559 5131 4080 590 3490 1276 945 331 50009 10847
is_linear=0
shrinkage=0.04


Tree=8
num_leaves=15
num_cat=0
split_feature=7 8 7 5 9 14 3 4 8 13 16 7 7 11
split_gain=133.045 95.3464 17.2606 20.8873 23.3088 16.1141 8.92888 12.8466 12.0909 6.23452 11.8654 4.46303 0.800095 1.03957
threshold=0.40220841765403753 -0.55942872166633595 0.96642401814460765 0.019093267619609836 14.500000000000002 0.11416394636034967 0.71272972226142894 1.3087893128395083 -0.31409083306789393 0.47563946247100836 0.22886904761904764 -0.0060545338783413163 0.16816861182451251 0.028229947201907638
decision_type=2 2 2 2 2 2 2 2 2 2 2 2 2 2
left_child=1 9 3 5 -5 -2 8 -8 -4 11 -11 -1 -3 -14
right_child=2 12 6 4 -6 -7 7 -9 -10 10 -12 -13 13 -15
leaf_value=0.0077611539664995009 0.023584274307757409 -0.057382399878869082 -0.023892043969998288 0.037482326766425732 -0.038848325794347646 -0.058560856808478765 -0.049820739747235193 0.019083753908184377 0.0354238719713156 0.036733767540100166 -0.050025948379590963 0.052216687878153992 -0.021123859891861 -0.051346507161778972
leaf_weight=4.8280366507824537 59.034002514497843 67.640282801294234 5.8195118177682152 8.4524782793596369 26.372025150922127 4.0852771998615927 5.145461212960071 27.291646088007838 99.651004490093328 6.4480868445243669 4.1424032067880034 14.360482531599702 2.0100955892121446 19.35764355736319
leaf_count=305 3867 39162 282 376 4895 552 368 1381 2049 241 620 110 633 10214
internal_value=-5.71423e-10 -0.0345223 0.0173872 0.00454696 -0.0203216 0.0182676 0.0265066 0.00815351 0.032151 0.0274342 0.00279825 0.0410312 -0.0552509 -0.0485034
internal_weight=354.638 118.787 235.851 97.9438 34.8245 63.1193 137.908 32.4371 105.471 29.779 10.5905 19.1885 89.008 21.3677
internal_count=65055 51285 13770 9690 5271 4419 4080 1749 2331 1276 861 415 50009 10847
is_linear=0
shrinkage=0.04


Tree=9
num_leaves=15
num_cat=0
split_feature=14 7 8 3 20 13 14 5 9 14 7 4 8 7
split_gain=122.171 25.4001 39.8503 31.9333 24.1905 16.0625 13.5952 10.5657 9.01017 15.8737 7.33328 6.15301 1.97917 3.54764
threshold=0.044485718011856086 0.88327744603157055 -0.37914574146270746 0.26442094147205358 0.32200460829493094 0.54258248209953319 0.025279017165303234 0.034381188452243812 25.500000000000004 0.083901129662990584 -0.4010332971811294 1.461459279060364 -0.48433074355125422 -0.0060545338783413163
decision_type=2 2 2 2 2 2 2 2 2 2 2 2 2 2
left_child=4 2 7 -4 5 6 -1 -2 11 -10 -7 -3 13 -6
right_child=1 8 3 -5 12 10 -8 -9 9 -11 -12 -13 -14 -15
leaf_value=-0.036809332383439988 0.037634857172848965 0.038002264014674013 -0.050100463673591139 0.0044555230949647716 -0.066918709964799705 0.050702731174403867 0.031397471839656188 -0.041740351213009542 -0.046104831124798629 0.020650634857921429 -0.051946446158894898 0.013247053654530305 -0.055077598637099399 0.003890564478080769
leaf_weight=6.8205015887215295 37.488461669010576 75.574846217990853 29.00174963005702 42.064953778201016 2.0467569847824052 1.2103048735298205 14.869102056720292 2.8900321394612538 6.5912817580974652 42.116954949975479 13.9285100082634 20.401466949493624 57.360914960532682 2.533256044931476
leaf_count=2702 1702 970 12086 5178 471 32 976 562 977 2073 7138 515 29444 229
internal_value=8.14016e-12 0.0145738 0.000221295 -0.0178083 -0.037793 -0.0121204 0.0099492 0.0319537 0.025629 0.0116172 -0.0437399 0.0327401 -0.0530572 -0.0277533
internal_weight=354.899 256.13 111.445 71.0667 98.7693 36.8284 21.6896 40.3785 144.685 48.7082 15.1388 95.9763 61.9409 4.58001
internal_count=65055 24063 19528 17264 40992 10848 3678 2264 4535 3050 7170 1485 30144 700
is_linear=0
shrinkage=0.04


Tree=10
num_leaves=15
num_cat=0
split_feature=7 8 9 14 11 6 6 13 13 19 7 0 7 11
split_gain=118.343 90.0494 17.7693 21.8752 12.6293 11.5016 9.13016 8.92453 8.64391 4.548 9.39074 1.83916 0.594582 0.810044
threshold=0.40220841765403753 -0.55942872166633595 25.500000000000004 0.083901129662990584 1.1825036406517031 -0.029362131841480728 0.18126733601093295 0.56108090281486522 0.6178918480873109 0.29217479674796754 -0.0060545338783413163 -0.039177181199192994 0.16816861182451251 0.028229947201907638
decision_type=2 2 2 2 2 2 2 2 2 2 2 2 2 2
left_child=1 9 6 5 -5 -4 8 -8 -2 11 -11 -1 -3 -14
right_child=2 12 3 4 -6 -7 7 -9 -10 10 -12 -13 13 -15
leaf_value=0.016208617387884254 0.014793978456455857 -0.054281848746043942 0.031325260979265156 0.020164339549670975 -0.060274476701482123 -0.041760726455905235 0.047555839389311079 0.022497853386828467 -0.05786868824373901 -0.056918911791258318 0.030988289871086105 0.044902165313044702 -0.022339491835009637 -0.04912886634903961
leaf_weight=4.6143628860008929 8.0848470664350298 67.874434223893331 4.1299971741973449 52.777773362002335 3.3193796083214684 20.77681930619292 28.665739725460298 110.03220241097733 3.8748635216034009 2.7756746333907376 6.4917268704739364 15.854447363759393 1.9896251137834067 19.561464930011425
leaf_count=277 495 39162 231 2927 623 4545 269 3687 993 518 198 283 633 10214
internal_value=-8.18708e-10 -0.0323926 0.0166621 0.00155391 0.0154046 -0.0296418 0.0247852 0.0276768 -0.00874822 0.0279077 0.00465925 0.0384337 -0.052444 -0.0466556
internal_weight=350.823 119.162 231.662 81.004 56.0972 24.9068 150.658 138.698 11.9597 29.7362 9.2674 20.4688 89.4255 21.5511
internal_count=65055 51285 13770 8326 3550 4776 5444 3956 1488 1276 716 560 50009 10847
is_linear=0
shrinkage=0.04


Tree=11
num_leaves=15
num_cat=0
split_feature=7 8 9 14 13 17 13 6 13 6 14 16 7 11
split_gain=108.874 85.7511 14.5543 19.1858 12.2818 10.4088 8.45078 8.61632 6.25312 3.39677 3.27446 0.765701 0.579679 0.800546
threshold=0.40220841765403753 -0.55942872166633595 25.500000000000004 0.083901129662990584 0.73526707291603099 -0.036386946216225617 1.6495559215545657 0.17738993465900424 0.72670704126358043 0.2575762420892716 0.042329313233494766 0.19189852700491003 0.18031323701143268 0.028229947201907638
decision_type=2 2 2 2 2 2 2 2 2 2 2 2 2 2
left_child=1 8 6 5 -5 -4 7 -2 10 -8 -1 -10 -3 -14
right_child=2 12 3 4 -6 -7 9 -9 11 -11 -12 -13 13 -15
leaf_value=0.01471407274858152 -0.0091854662385296645 -0.052851362189186471 0.035853518212505424 0.047208123216725649 0.0039509214916552664 -0.040115298545898195 0.023254631363871878 0.027529706084247901 -0.00054244302507677538 -0.065326185432516046 0.043330391745500289 -0.045589078991935157 -0.019802175572371069 -0.047638294651568346
leaf_weight=10.151861040270893 11.056821184058206 68.476121743151452 3.3900587790412855 13.972082592197692 42.282895084877964 19.395689301658422 0.97820222773589138 136.27839848975418 0.90115024521946852 2.3726359691063408 17.301327848574147 1.8293835837393997 1.8222766023536703 17.801780607987894
leaf_count=537 1432 39916 275 220 3330 4501 65 3435 101 512 230 408 565 9528
internal_value=1.4751e-09 -0.0311795 0.016054 0.00215248 0.0146947 -0.0288127 0.0233459 0.0247744 0.0270066 -0.039467 0.0327484 -0.0307225 -0.0511144 -0.0450535
internal_weight=348.011 118.284 229.727 79.0407 56.255 22.7857 150.686 147.335 30.1837 3.35084 27.4532 2.73053 88.1002 19.6241
internal_count=65055 51285 13770 8326 3550 4776 5444 4867 1276 577 767 509 50009 10093
is_linear=0
shrinkage=0.04


Tree=12
num_leaves=15
num_cat=0
split_feature=7 8 7 9 5 4 9 16 19 18 19 21 7 11
split_gain=98.1684 80.4908 13.392 17.6716 24.1448 8.52693 7.7348 4.85122 3.84504 8.09254 3.4139 2.24835 0.630649 0.798905
threshold=0.40220841765403753 -0.55942872166633595 0.88327744603157055 14.500000000000002 0.019829282537102703 0.55553060770034801 25.500000000000004 0.30368906455862982 0.29217479674796754 0.0065013431012630471 0.93582704186684984 0.11952380952380953 0.18031323701143268 0.028229947201907638
decision_type=2 2 2 2 2 2 2 2 2 2 2 2 2 2
left_child=1 8 3 7 -5 10 -7 -2 11 -10 -4 -1 -3 -14
right_child=2 12 5 4 -6 6 -8 -9 9 -11 -12 -13 13 -15
leaf_value=0.04297313854905619 -0.012835688914791627 -0.051631674984235224 -0.063575719341356363 0.0087125926272298322 -0.044762500340615026 0.030880938057209231 0.010923606096933594 0.044978619293126673 -0.0582226526208105 0.026373301403317777 0.0055179333912429443 0.014426164134814241 -0.018209876649312739 -0.046045139618080093
leaf_weight=15.390326667344203 2.7171730130212408 66.616027326119365 2.4312322739278889 44.105722788721323 19.474621390399989 94.604496080079116 46.267646298336331 15.975497877807355 2.4587277355603856 6.8496930690016598 2.1613499687518924 6.1896664020605376 1.8238457707921067 17.285549153020838
leaf_count=286 223 39916 185 3924 4406 1413 3199 372 472 244 48 274 565 9528
internal_value=5.66394e-11 -0.0298461 0.0152828 0.002385 -0.0076668 0.0225776 0.0243262 0.0365747 0.0255163 0.00402811 -0.031059 0.0347852 -0.0497942 -0.0433885
internal_weight=344.352 116.614 227.738 82.273 63.5803 145.465 140.872 18.6927 30.8884 9.30842 4.59258 21.58 85.7254 19.1094
internal_count=65055 51285 13770 8925 8330 4845 4612 595 1276 716 233 560 50009 10093
is_linear=0
shrinkage=0.04


Tree=13
num_leaves=15
num_cat=0
split_feature=7 8 9 14 13 6 0 16 13 15 14 16 7 4
split_gain=90.0081 76.5329 13.3003 15.867 10.9054 10.3222 7.98678 14.9271 5.55402 4.82004 3.11634 0.722191 0.641133 0.645975
threshold=0.40220841765403753 -0.55942872166633595 25.500000000000004 0.083901129662990584 0.73526707291603099 -0.040737908333539956 -0.039177181199192994 0.24440019910403188 0.72670704126358043 71.768241882324233 0.042329313233494766 0.19189852700491003 0.16816861182451251 0.14262096583843234
decision_type=2 2 2 2 2 2 2 2 2 2 2 2 2 2
left_child=1 8 6 5 -5 -4 9 -8 10 -2 -1 -10 -3 -14
right_child=2 12 3 4 -6 -7 7 -9 11 -11 -12 -13 13 -15
leaf_value=0.01160310637616206 0.039237018628248306 -0.050733992551093843 0.031986995766534861 0.042929605247372021 0.0016208731891374333 -0.041554450789255952 -0.035126162958906679 0.019804651971492955 -0.0021899932275400383 -0.0051735900151774683 0.039226755248421015 -0.046662632611840456 -0.032227164817811488 -0.047537605423307296
leaf_weight=10.044405879103584 42.559417559648864 63.665161888697185 3.7056124259252128 13.849625995149834 39.074718849093188 17.358478765789187 8.6213888519559969 96.632564982224721 0.88686343899462317 4.3057829819736062 18.69872596708592 1.7121056803152894 6.5530018499994211 13.47776330495253
leaf_count=537 878 39162 186 220 3330 4590 705 3616 101 245 230 408 2882 7965
internal_value=-6.71888e-10 -0.028805 0.0146553 0.000744758 0.0124308 -0.028617 0.0214211 0.0153052 0.0245103 0.0351568 0.0295736 -0.0314869 -0.0487703 -0.0425288
internal_weight=341.146 115.038 226.108 73.9884 52.9243 21.0641 152.119 105.254 31.3421 46.8652 28.7431 2.59897 83.6959 20.0308
internal_count=65055 51285 13770 8326 3550 4776 5444 4321 1276 1123 767 509 50009 10847
is_linear=0
shrinkage=0.04


Tree=14
num_leaves=15
num_cat=0
split_feature=7 8 9 14 13 6 9 18 11 21 14 12 7 11
split_gain=83.9864 71.1981 13.5546 14.4701 12.5937 8.02452 8.55188 8.29147 3.3428 4.68717 3.639 1.01682 0.615972 0.634784
threshold=0.40220841765403753 -0.55942872166633595 25.500000000000004 0.06442104279994966 0.73526707291603099 0.17738993465900424 15.500000000000002 -0.0040997324977070084 0.22140526026487353 0.059714795008912663 0.043689884245395667 0.8016113042831422 0.16816861182451251 0.028229947201907638
decision_type=2 2 2 2 2 2 2 2 2 2 2 2 2 2
left_child=1 8 5 11 -5 6 -2 -7 9 -1 -10 -4 -3 -14
right_child=2 12 3 4 -6 7 -8 -9 10 -11 -12 -13 13 -15
leaf_value=-0.022232853586813858 0.021868035109211349 -0.04976639636756626 -0.053516456232264913 0.034574949063224156 -0.0047924844143553422 0.034325549973008233 -0.047699500246622027 0.014889428775742588 0.032362310133093403 0.031923673638851596 -0.061375735155219477 -0.029674389602203092 -0.019715032408582148 -0.043998279518741343
leaf_weight=2.8325044476660031 5.87345461710356 62.124581065188977 5.6680362340703123 18.954281704325695 41.400216469482984 62.251354349660687 5.4513792898505926 80.571501729195006 1.1868695574812584 26.288139816024341 1.5001775947166605 5.7812758447253145 1.9076966080465378 17.732069460296771
leaf_count=218 361 39162 1612 616 4489 888 1089 3106 26 826 206 1609 633 10214
internal_value=4.27866e-10 -0.0280609 0.0141045 -0.000250065 0.00757083 0.020791 -0.0116193 0.0233609 0.022717 0.026656 -0.0199716 -0.0414775 -0.0478143 -0.0416395
internal_weight=339.524 113.572 225.952 71.8038 60.3545 154.148 11.3248 142.823 31.8077 29.1206 2.68705 11.4493 81.7643 19.6398
internal_count=65055 51285 13770 8326 5105 5444 1450 3994 1276 1044 232 3221 50009 10847
is_linear=0
shrinkage=0.04


Tree=15
num_leaves=15
num_cat=0
split_feature=7 8 9 14 13 8 6 18 23 7 12 18 7 11
split_gain=75.9232 68.843 11.9491 13.0127 12.2325 9.83003 7.5193 3.15604 11.0436 1.70179 1.16688 0.691604 0.657673 0.726348
threshold=0.40220841765403753 -0.55942872166633595 25.500000000000004 0.06442104279994966 0.69407168030738842 -0.010370036121457813 0.17738993465900424 0.013434618245810272 1.0000000180025095e-35 0.044584175571799285 0.8016113042831422 0.10958506539463998 0.16816861182451251 0.028229947201907638
decision_type=2 2 2 2 2 2 2 2 2 2 2 2 2 2
left_child=1 7 5 10 -5 6 -2 8 -1 -9 -4 -7 -3 -14
right_child=2 12 3 4 -6 11 -8 9 -10 -11 -12 -13 13 -15
leaf_value=-0.035034839987983485 -0.011270680903765269 -0.048856639551181108 -0.054373913693126164 0.035590898606966882 -0.0044293002146167607 -0.037148430270229231 0.023468713024420502 0.015062499462111202 0.035220962240435465 0.043509839383499671 -0.028074368028700336 -0.076853651505404769 -0.017121855911389188 -0.042965639966464186
leaf_weight=5.5925955432467171 10.728664312919134 60.547719264897751 5.1632725176168588 17.134707884164527 42.605782437341986 1.7556185048888431 140.79788417028612 4.7627945033018504 9.9469823802355677 11.461941282264887 5.6563835970882792 1.1694785092258824 1.9345421842881503 17.304049295082223
leaf_count=663 1435 39162 1612 471 4634 185 3646 229 285 99 1609 178 633 10214
internal_value=1.65103e-09 -0.0269824 0.0133767 -0.000261066 0.00704925 0.019607 0.021009 0.0228197 0.00993634 0.0351591 -0.0406248 -0.0530229 -0.0468095 -0.0403669
internal_weight=336.562 111.551 225.012 70.5601 59.7405 154.452 151.527 31.7643 15.5396 16.2247 10.8197 2.9251 79.7863 19.2386
internal_count=65055 51285 13770 8326 5105 5444 5081 1276 948 328 3221 363 50009 10847
is_linear=0
shrinkage=0.04


Tree=16
num_leaves=15
num_cat=0
split_feature=7 8 4 7 5 14 13 4 7 7 11 10 3 13
split_gain=70.1634 65.6122 11.1963 13.0305 14.3963 7.00011 3.52296 9.83645 3.48527 0.652523 0.802134 0.358998 0.139762 0.0545401
threshold=0.40220841765403753 -0.55942872166633595 2.7207884788513188 0.96642401814460765 0.019093267619609836 0.18883457034826281 0.47563946247100836 -0.37669099867343897 -0.0060545338783413163 0.18031323701143268 0.028229947201907638 1.0036979317665102 -0.1659070551395416 1.1613661050796511
decision_type=2 2 2 2 2 2 2 2 2 2 2 2 2 2
left_child=1 6 3 4 -2 -5 8 -8 -1 12 -11 13 -3 -4
right_child=2 9 11 5 -6 -7 7 -9 -10 10 -12 -13 -14 -15
leaf_value=0.0034103076692194173 0.014182427281560104 -0.039814745446372812 -0.074275936892951408 0.018516680156932301 -0.018415684801009947 0.046298106024236452 0.032559959429607946 -0.045363898622216937 0.041616820679118628 -0.013884046884564145 -0.042106059221543833 -0.037913782231511588 -0.048436875033112302 -0.060701501124224802
leaf_weight=5.0808289616834399 60.760469638567884 3.17510064394446 1.7164538147044366 111.0342844389379 33.698234199895523 16.693362087768037 7.1309244563453849 4.0719333630986476 15.396337733604016 1.7953582585905703 15.722284362011122 0.69916358194313932 57.156956803577486 0.65402866521617387
leaf_count=305 4419 2089 240 3357 5271 215 219 642 110 565 9528 132 37827 136
internal_value=-6.80862e-10 -0.0262606 0.0127691 0.0138173 0.00255302 0.0221476 0.0222707 0.00423676 0.032137 -0.0460098 -0.0392136 -0.0631016 -0.0479831 -0.0705307
internal_weight=334.786 109.53 225.256 222.186 94.4587 127.728 31.68 11.2029 20.4772 77.8497 17.5176 3.06965 60.3321 2.37048
internal_count=65055 51285 13770 13262 9690 3572 1276 861 415 50009 10093 508 39916 376
is_linear=0
shrinkage=0.04


Tree=17
num_leaves=15
num_cat=0
split_feature=14 13 14 11 20 17 7 8 22 10 15 3 8 7
split_gain=66.3113 17.8973 41.9491 23.129 17.6961 14.2435 12.5202 12.738 12.3186 9.10764 2.02444 1.22118 1.05661 1.94663
threshold=0.042329313233494766 0.73526707291603099 0.090249050408601775 0.75759384036064159 0.30116279069767443 0.01420839596539736 0.53956300020217907 -0.60278719663619984 -0.06663056835532187 0.27797377109527593 73.259597778320327 0.54345577955245983 -0.48433074355125422 -0.0060545338783413163
decision_type=2 2 2 2 2 2 2 2 2 2 2 2 2 2
left_child=4 5 3 -3 6 9 7 -1 -4 -2 -8 -7 13 -6
right_child=1 2 8 -5 12 11 10 -9 -10 -11 -12 -13 -14 -15
leaf_value=0.02621564486154954 0.031907252697131523 -0.041918317459254839 -0.040753655237128567 0.022574673076468134 -0.056782717501979968 -0.067534007929751186 0.017853034024689646 -0.04024831782558632 0.019229959463043591 -0.018103884602451072 0.060128125516494414 -0.014783814062100045 -0.047311654230789126 -0.0014917721465487542
leaf_weight=6.4221013580681818 77.464954701979877 39.922648314473918 5.7766361868707454 11.448611169529611 1.8416276635834945 2.6158748692832883 3.6557983100647098 16.384332108238596 105.9317591720901 6.3001374945743001 3.594342140480876 0.95983304805122305 47.255174773614272 2.2803192579885936
leaf_count=189 3059 14817 936 546 467 564 194 9200 5186 407 26 84 29154 226
internal_value=7.79192e-10 0.0101964 0.00237064 -0.0275454 -0.0313554 0.0248084 -0.00697665 -0.0215326 0.0161281 0.0281458 0.0388114 -0.0533742 -0.0456175 -0.026195
internal_weight=331.854 250.42 163.08 51.3713 81.4337 87.3408 30.0566 22.8064 111.708 83.7651 7.25014 3.57571 51.3771 4.12195
internal_count=65055 25599 21485 15363 39456 4114 9609 9389 6122 3466 220 648 29847 693
is_linear=0
shrinkage=0.04


Tree=18
num_leaves=15
num_cat=0
split_feature=7 8 3 9 14 13 13 5 2 14 19 14 10 3
split_gain=61.5405 52.3508 27.127 10.1831 13.2309 13.9919 9.16974 6.89793 17.9095 6.86969 4.86739 3.77416 1.12108 1.03943
threshold=0.48330099880695349 -0.55942872166633595 0.41149623692035681 25.500000000000004 0.18883457034826281 0.73526707291603099 1.3666719198226931 0.013511975761502983 0.21049453318119052 0.069267082959413542 0.12632978723404256 0.041980860754847533 0.21975214034318927 0.11087156832218172
decision_type=2 2 2 2 2 2 2 2 2 2 2 2 2 2
left_child=1 9 -3 7 5 -5 -4 10 -9 11 -2 -1 -6 -11
right_child=3 2 6 4 12 -7 -8 8 -10 13 -12 -13 -14 -15
leaf_value=0.0073351254277629341 -0.00015193820003298419 -0.045133727110335399 -0.059548326933530238 0.01406565199864478 0.058825525436759653 -0.025495730393074414 0.046913513272166134 -0.024670438203523371 0.021493079061216603 -0.058699966320138824 0.033563462851263708 0.03660627913987427 0.031727789088394728 -0.0025849420830671094
leaf_weight=11.025454640388491 7.8391384287388055 82.237294180304161 1.57012872333871 26.872095051046927 4.0107371574267727 30.583018208591966 7.3729194296465721 17.148925843765028 62.279454017378157 1.8045273650786833 54.355897596280556 19.536265869275667 6.2487628733506426 0.74668724095681671
leaf_count=616 306 51437 523 2243 21 4657 301 1144 1837 293 1032 316 235 94
internal_value=-6.66913e-10 -0.022295 -0.0379389 0.0132375 0.000478926 -0.00699264 0.028222 0.0193378 0.0115262 0.0207824 0.0293139 0.0260464 0.0423211 -0.0422763
internal_weight=333.631 124.293 91.1803 209.338 67.7146 57.4551 8.94305 141.623 79.4284 33.1129 62.195 30.5617 10.2595 2.55121
internal_count=65055 53580 52261 11475 7156 6900 824 4319 2981 1319 1338 932 256 387
is_linear=0
shrinkage=0.04


Tree=19
num_leaves=15
num_cat=0
split_feature=7 8 7 3 6 8 3 18 18 17 7 22 7 4
split_gain=59.7211 58.1032 10.0279 13.808 18.2631 15.0632 7.14258 10.8695 5.76556 3.29269 8.76406 2.4491 0.694721 0.652174
threshold=0.40220841765403753 -0.55942872166633595 0.96642401814460765 0.25820317864418035 0.31370884180068975 -0.37914574146270746 0.71272972226142894 0.12808387726545337 0.069607369601726546 -0.0053782279137521974 0.01414002198725939 -0.0953344590961933 0.18031323701143268 0.14262096583843234
decision_type=2 2 2 2 2 2 2 2 2 2 2 2 2 2
left_child=1 9 3 5 -5 -2 8 -8 -4 11 -11 -1 -3 -14
right_child=2 12 6 4 -6 -7 7 -9 -10 10 -12 -13 13 -15
leaf_value=-0.0023362818046265129 0.016341317794054778 -0.046273547530480935 0.015777905846425719 0.024873261053085117 -0.024076763464747353 -0.041462120554970207 0.014349946187882441 -0.043076616712470379 0.035308194069983707 -0.046890068640853384 0.025689613138305877 0.037718938337625338 -0.025557829544741732 -0.042415186811633199
leaf_weight=2.8957741132471737 11.417497547052337 57.224711154849501 56.624853887304198 47.639995884470409 16.391106252267491 19.589089597662678 25.244868886016778 6.6661093622678882 42.215431110700592 3.7036352177383369 9.4640080562676285 15.598075228044765 5.3875200321781476 11.531892694649285
leaf_count=176 541 39916 1566 1978 2581 4590 869 880 765 559 189 352 2547 7546
internal_value=-7.73764e-10 -0.024798 0.0116205 0.00173288 0.0123427 -0.0201773 0.0188073 0.00235371 0.0241194 0.0205625 0.00527528 0.0314471 -0.0441682 -0.0370474
internal_weight=331.595 105.806 225.789 95.0377 64.0311 31.0066 130.751 31.911 98.8403 31.6615 13.1676 18.4938 74.1441 16.9194
internal_count=65055 51285 13770 9690 4559 5131 4080 1749 2331 1276 748 528 50009 10093
is_linear=0
shrinkage=0.04


Tree=20
num_leaves=15
num_cat=0
split_feature=7 8 18 9 14 17 6 13 9 17 11 7 4 3
split_gain=56.1024 55.4511 10.6954 10.0882 12.6943 13.3929 6.39409 6.58471 5.95773 3.28118 1.48082 0.703988 0.608252 0.111791
threshold=0.40220841765403753 -0.55942872166633595 -0.032596966251730912 25.500000000000004 0.18883457034826281 -0.0022446718066930767 0.18126733601093295 1.6495559215545657 15.500000000000002 -0.0053782279137521974 0.32298041880130773 0.18031323701143268 0.14262096583843234 -0.23476610332727429
decision_type=2 2 2 2 2 2 2 2 2 2 2 2 2 2
left_child=1 2 -1 6 5 -5 8 -8 -2 -4 -6 13 -13 -3
right_child=3 11 9 4 10 -7 7 -9 -10 -11 -12 12 -14 -15
leaf_value=-0.064848353099959927 0.016403394125202083 -0.031949009003311539 0.037357482006465874 0.0046641338356763736 0.058120637996225993 -0.03529145675852817 0.020876988722702494 -0.033667877066697015 -0.040420720544432492 0.010211908100704494 0.027510040023973545 -0.025214837244693773 -0.041570984499799755 -0.045912018078038186
leaf_weight=2.2166352026397389 6.0842508829082345 0.93298953567864273 17.426306891662541 42.580511105508776 4.0999407209455949 19.601717998884851 136.86089286708739 3.6352449980913653 5.7346052503562532 12.051551950280549 6.5975869103567675 5.3598026398103711 11.323044136341194 54.977754140636534
leaf_count=363 367 580 300 4299 12 3764 3397 559 1121 613 251 2547 7546 39336
internal_value=-1.02499e-09 -0.0242547 0.0198876 0.0112324 -0.00100688 -0.00793108 0.0170887 0.0194657 -0.0111681 0.0262594 0.0392419 -0.0435273 -0.0363161 -0.045679
internal_weight=329.483 104.288 31.6945 225.195 72.8798 62.1822 152.315 140.496 11.8189 29.4779 10.6975 72.5936 16.6828 55.9107
internal_count=65055 51285 1276 13770 8326 8063 5444 3956 1488 913 263 50009 10093 39916
is_linear=0
shrinkage=0.04


Tree=21
num_leaves=15
num_cat=0
split_feature=7 8 22 7 14 13 14 16 7 21 9 7 3 13
split_gain=51.1939 53.461 9.15823 9.26496 9.55703 3.30305 2.77988 1.3239 0.728434 0.609277 0.163172 0.12524 0.111694 0.0329281
threshold=0.40220841765403753 -0.55942872166633595 -0.20491365343332288 2.0031316280364995 0.18883457034826281 0.72670704126358043 0.042329313233494766 0.19189852700491003 0.18031323701143268 0.36474501108647456 26.500000000000004 0.55095574259758007 -0.23476610332727429 0.60523530840873729
decision_type=2 2 2 2 2 2 2 2 2 2 2 2 2 2
left_child=1 5 11 4 -4 6 -1 -7 12 -10 -5 -2 -3 -13
right_child=2 8 3 10 -6 7 -8 -9 9 -11 -12 13 -14 -15
leaf_value=0.0076097739038864277 -0.04974601114017202 -0.031301178776035568 0.009772902216006853 -0.071972706027497044 0.038067085961250628 0.012808461223861768 0.033320470044835515 -0.041969309255814873 -0.024165946139992189 -0.040759008731492852 -0.052236879247377611 -0.076743127604256167 -0.045335641814671583 -0.065839919510893255
leaf_weight=10.708033356815582 0.66189395071705748 0.92303520427958474 196.74636761876172 1.3650475504691706 21.154404932749458 1.1585603204439388 18.104979687719606 1.8069621758768333 5.2093062480271355 11.053283396715413 1.316921606834512 0.71387013554340217 53.265448769234354 1.1687511221389284
leaf_count=537 147 580 12562 189 294 101 230 408 2999 7094 316 63 39336 199
internal_value=9.62396e-10 -0.0234411 0.0107399 0.0116103 0.0125198 0.0196282 0.0237654 -0.0205689 -0.0428684 -0.0354438 -0.0622819 -0.0647124 -0.0450966 -0.0699743
internal_weight=325.357 102.23 223.127 220.583 217.901 31.7785 28.813 2.96552 70.4511 16.2626 2.68197 2.54452 54.1885 1.88262
internal_count=65055 51285 13770 13361 12856 1276 767 509 50009 10093 505 409 39916 262
is_linear=0
shrinkage=0.04


Tree=22
num_leaves=15
num_cat=0
split_feature=7 8 9 7 8 16 6 3 19 14 17 18 7 21
split_gain=47.1518 50.2341 9.1242 13.6638 11.2102 7.29388 6.94032 5.86804 3.02846 5.28861 2.22508 1.44584 0.747638 0.597768
threshold=0.40220841765403753 -0.55942872166633595 26.500000000000004 0.70885187387466442 -0.2346771955490112 0.12701612903225809 0.18126733601093295 1.3345883488655093 0.24273989898989903 0.045556571334600456 -0.0063204308971762648 0.027463063597679142 0.18031323701143268 0.36474501108647456
decision_type=2 2 2 2 2 2 2 2 2 2 2 2 2 2
left_child=1 8 5 11 -5 7 -7 -2 10 -10 -1 -4 -3 -14
right_child=2 12 3 4 -6 6 -8 -9 9 -11 -12 -13 13 -15
leaf_value=0.038242680004990252 -0.057651017240523066 -0.044600231639922668 -0.052849395991305469 0.025304804826456233 -0.013055896560773586 -0.01144599708294978 0.019194340842520863 0.044828282913241611 0.016211398128693443 -0.050357968076258038 0.010981711648166217 -0.024807399300161147 -0.023419826881066468 -0.040052446226110795
leaf_weight=12.609946764830967 3.7080017653643145 52.132306003564736 7.0041792491683719 24.802735794044562 23.966902998770824 12.884102153941056 144.30116889806231 1.1780326063744722 9.0677201052312721 2.4188243137905365 7.7254315634490949 5.0723009719513357 5.1139133741671676 10.672150263242655
leaf_count=189 435 39916 1864 954 3136 1691 4399 15 421 352 314 1276 2999 7094
internal_value=-1.1687e-09 -0.0228599 0.0102283 -0.00297929 0.00645317 0.0151867 0.0166828 -0.0329431 0.018612 0.00219329 0.0278862 -0.0410713 -0.0422909 -0.0346643
internal_weight=322.658 99.7403 222.917 60.8461 48.7696 162.071 157.185 4.88603 31.8219 11.4865 20.3354 12.0765 67.9184 15.7861
internal_count=65055 51285 13770 7230 4090 6540 6090 450 1276 773 503 3140 50009 10093
is_linear=0
shrinkage=0.04


Tree=23
num_leaves=15
num_cat=0
split_feature=7 8 3 5 0 2 11 1 4 8 14 14 6 4
split_gain=45.1281 36.763 35.3991 10.8961 15.9743 13.9315 12.868 11.8724 9.93945 7.93098 5.12855 3.70405 0.963132 0.676128
threshold=0.53956300020217907 -0.55942872166633595 0.41149623692035681 0.0057579919230192908 0.10124255716800691 0.21049453318119052 0.95826387405395519 0.34960317611694341 0.46492789685726171 -0.20922847837209699 0.069267082959413542 0.041980860754847533 0.089563276618719115 1.3798744678497317
decision_type=2 2 2 2 2 2 2 2 2 2 2 2 2 2
left_child=1 10 -3 6 7 -6 9 -5 -4 -2 11 -1 -12 -8
right_child=3 2 8 4 5 -7 13 -9 -10 -11 12 -13 -14 -15
leaf_value=0.0035400062105612291 0.032391416286659813 -0.042708503800407513 0.041479199167861143 -0.017602732861779064 -0.045042275708972172 0.028084897849487974 -0.03594621611345418 0.029459988766108315 -0.054375124245597491 0.0039767107001933673 -0.04792865495696759 0.032342972346036891 0.0069586644247568632 -0.075759942025813154
leaf_weight=11.348458763968667 63.225598479330074 76.800805326449336 11.616318894026334 51.886365230719093 4.6168038064497514 42.910429752402706 1.1054210332222276 10.27468946110457 2.0339033700292921 20.915967581328005 2.137420504877809 19.280460244684946 0.67244579672114912 1.7836958612897431
leaf_count=618 1605 52433 500 4783 563 1325 83 325 564 1340 342 325 73 176
internal_value=4.438e-10 -0.0189104 -0.0321589 0.0119094 0.00352393 0.0209813 0.022478 -0.00982367 0.0271968 0.0253281 0.0169264 0.0216711 -0.0347932 -0.0605266
internal_weight=320.609 123.89 90.451 196.719 109.688 47.5272 87.0307 62.1611 13.6502 84.1416 33.4388 30.6289 2.80987 2.88912
internal_count=65055 54855 53497 10200 6996 1888 3204 5108 1064 2945 1358 943 415 259
is_linear=0
shrinkage=0.04


Tree=24
num_leaves=15
num_cat=0
split_feature=7 8 7 3 6 6 21 14 21 19 5 5 7 4
split_gain=43.8575 43.2559 8.88302 12.9381 17.7329 10.6075 6.86698 16.0188 6.8007 3.00231 4.66571 2.25603 0.816091 0.689007
threshold=0.40220841765403753 -0.55942872166633595 0.96642401814460765 0.25820317864418035 0.31370884180068975 -0.040737908333539956 0.97014260249554385 0.1335747689008713 0.21913109756097562 0.24273989898989903 -0.033109372481703751 -0.052001388743519776 0.1760549992322922 -0.13971090316772458
decision_type=2 2 2 2 2 2 2 2 2 2 2 2 2 2
left_child=1 9 3 5 -5 -2 8 -8 -4 11 -11 -1 -3 -14
right_child=2 12 6 4 -6 -7 7 -9 -10 10 -12 -13 13 -15
leaf_value=0.033515123548196267 0.021569522727918379 -0.043692053692142095 -0.031616848170745178 0.022446659939826263 -0.025792949215627956 -0.034732784655708275 -0.056239936292118105 0.018500659050088766 0.022726211393083579 -0.060934813492347341 0.010411182162032974 0.0036648446783235479 0.0058622119570000365 -0.035007561942162133
leaf_weight=14.563733820396012 7.0087904916144934 49.397115876869066 3.8215501077938816 48.907463949988596 16.241414776217425 22.676782067166641 6.5403104266151812 15.37145940371556 102.78529239806812 1.7332449298701273 9.5313498944160475 5.6121246785623979 0.6905472978542101 14.91596214813762
leaf_count=286 361 39665 296 1978 2581 4770 421 317 3046 257 516 217 252 10092
internal_value=-3.18981e-10 -0.0225425 0.00973389 0.000447556 0.0104207 -0.0214398 0.0165863 -0.00380821 0.0207782 0.0159759 -0.000566584 0.025212 -0.0411729 -0.0331992
internal_weight=319.797 96.4441 223.353 94.8345 65.1489 29.6856 128.519 21.9118 106.607 31.4405 11.2646 20.1759 65.0036 15.6065
internal_count=65055 51285 13770 9690 4559 5131 4080 738 3342 1276 773 503 50009 10344
is_linear=0
shrinkage=0.04


Tree=25
num_leaves=15
num_cat=0
split_feature=7 8 7 3 6 6 9 12 13 17 7 17 7 4
split_gain=43.2534 40.314 9.34241 12.8216 16.4632 10.7014 6.96231 10.9113 6.10842 3.15655 6.70647 2.62476 0.818207 0.665044
threshold=0.40220841765403753 -0.55942872166633595 0.96642401814460765 0.25820317864418035 0.31370884180068975 -0.040737908333539956 28.500000000000004 0.69575947523117077 1.4064165949821474 -0.0053782279137521974 0.0081212394870817679 -0.0076672183349728576 0.1760549992322922 -0.13971090316772458
decision_type=2 2 2 2 2 2 2 2 2 2 2 2 2 2
left_child=1 9 3 5 -5 -2 8 -8 -4 11 -11 -1 -3 -14
right_child=2 12 6 4 -6 -7 7 -9 -10 10 -12 -13 13 -15
leaf_value=0.0046103273948362705 0.019780182914150325 -0.043291860176942171 0.023664644807409672 0.020924656495852366 -0.025797219723811021 -0.036492545979773909 0.022626199098544447 -0.042502878283147159 -0.0046610391863477684 -0.045533046442179613 0.018302206276239932 0.036064587983372393 0.0049874693760321902 -0.034560328422043013
leaf_weight=6.5154843280324739 7.2335401609307182 48.534682056342717 98.662881735421252 50.411863767949399 15.864212084998142 21.414991817844566 8.8621625192463416 7.6845959993079296 13.896875792532226 3.7607084349729112 8.7834079671301861 12.179452445823701 0.71306426846422333 14.824632889954952
leaf_count=366 361 39665 2116 1978 2581 4770 258 1107 599 551 197 162 252 10092
internal_value=-1.45778e-09 -0.0225696 0.00960197 7.57606e-05 0.00974105 -0.0222841 0.016606 -0.00762085 0.0201675 0.0146869 -0.000835513 0.0251023 -0.0407343 -0.0327454
internal_weight=319.343 95.3114 224.031 94.9246 66.2761 28.6485 129.107 16.5468 112.56 31.2391 12.5441 18.6949 64.0724 15.5377
internal_count=65055 51285 13770 9690 4559 5131 4080 1365 2715 1276 748 528 50009 10344
is_linear=0
shrinkage=0.04


Tree=26
num_leaves=14
num_cat=0
split_feature=7 8 1 7 10 14 17 17 4 7 4 9 3
split_gain=40.5956 38.4106 9.01466 9.99555 12.6914 6.82506 4.22587 4.67576 2.31615 0.873812 0.704394 0.144577 0.109533
threshold=0.40220841765403753 -0.55942872166633595 0.58096843957901012 0.96642401814460765 0.14929050207138064 0.18883457034826281 -0.0082445638254284841 -0.0053782279137521974 0.054820695891976363 0.1760549992322922 -0.088544908910989747 23.500000000000004 -0.23476610332727429
decision_type=2 2 2 2 2 2 2 2 2 2 2 2 2
left_child=1 6 3 4 -2 -5 8 -8 -1 12 -11 -4 -3
right_child=2 9 11 5 -6 -7 7 -9 -10 10 -12 -13 -14
leaf_value=-0.066001731818019979 0.013463391479562124 -0.028257367467229847 -0.08029814923065326 0.013321337232149587 -0.016218498408653893 0.038392846614884041 0.032367340557665845 -0.00028449773637517312 0.016971701893277586 -0.00082141917782017362 -0.034231078516441457 -0.059645175370642997 -0.043115102039406737
leaf_weight=1.5445600735256477 51.49357056475128 0.807701685858773 1.23441029631067 105.85621476965025 41.725121521623805 20.783513643662445 16.498210696910981 12.210492073150812 0.82621532643679518 1.0871575680212124 14.17118369734089 0.9672744080889969 46.425168993358966
leaf_count=244 3895 575 82 3615 5752 268 232 748 52 431 9913 158 39090
internal_value=1.28812e-09 -0.0220991 0.00931203 0.0101185 0.000177639 0.017436 0.0142412 0.0184797 -0.0370855 -0.0401726 -0.0318506 -0.0712246 -0.042861
internal_weight=315.631 93.5707 222.06 219.858 93.2187 126.64 31.0795 28.7087 2.37078 62.4912 15.2583 2.20168 47.2329
internal_count=65055 51285 13770 13530 9647 3883 1276 980 296 50009 10344 240 39665
is_linear=0
shrinkage=0.04


Tree=27
num_leaves=15
num_cat=0
split_feature=7 8 7 3 10 8 18 9 13 17 17 7 21 3
split_gain=38.1324 36.5579 8.33715 11.8441 14.579 9.75014 8.27474 6.12081 9.6317 4.6919 3.16131 0.865262 0.664476 0.104794
threshold=0.40220841765403753 -0.55942872166633595 0.96642401814460765 0.25820317864418035 0.15134719014167788 -0.37914574146270746 -0.032596966251730912 28.500000000000004 1.7681735157966616 0.027205673977732662 -0.0053782279137521974 0.18031323701143268 0.36474501108647456 -0.23476610332727429
decision_type=2 2 2 2 2 2 2 2 2 2 2 2 2 2
left_child=1 6 3 5 -5 -2 -1 9 -9 -4 -8 13 -13 -3
right_child=2 11 7 4 -6 -7 10 8 -10 -11 -12 12 -14 -15
leaf_value=-0.060637366181055967 0.0098688992401371346 -0.028181756195215506 0.021484817335988979 0.027392770753221326 -0.010651108980819916 -0.039521767667942451 0.030274947377762613 -0.025154732332523536 0.047317186836637881 -0.0053277474083238971 0.0032621831778997805 -0.019061177106855062 -0.037251991451241702 -0.042724298733865629
leaf_weight=2.2290439065545824 9.9139706708374451 0.80696199854719353 102.19252851023339 33.674736470682546 30.910643575101858 18.016632608283544 17.154421309591278 12.15500901284395 3.8678326446097335 11.630636937567031 11.632285213039717 4.7798393997654776 9.8005929837236163 45.245313859690214
leaf_count=363 541 580 2097 908 3651 4590 300 1323 42 618 613 2999 7094 39336
internal_value=-6.39711e-10 -0.0217121 0.00894885 -0.000226961 0.00918492 -0.0219905 0.0136103 0.0154867 -0.00766038 0.0187451 0.0193595 -0.0397808 -0.0312886 -0.0424695
internal_weight=314.01 91.6485 222.362 92.516 64.5854 27.9306 31.0158 129.846 16.0228 113.823 28.7867 60.6327 14.5804 46.0523
internal_count=65055 51285 13770 9690 4559 5131 1276 4080 1365 2715 913 50009 10093 39916
is_linear=0
shrinkage=0.04


Tree=28
num_leaves=15
num_cat=0
split_feature=7 8 3 5 8 14 13 19 8 10 14 14 18 6
split_gain=35.2752 26.6307 30.3334 9.52072 17.1304 15.8086 9.46146 8.45858 7.74398 4.58362 4.09018 3.42067 2.07409 1.14815
threshold=0.53956300020217907 -0.55942872166633595 0.41149623692035681 0.0057579919230192908 -0.18837516009807584 0.094643857330083861 1.2821537852287295 0.059714795008912663 -0.20922847837209699 0.39582695066928869 0.069267082959413542 0.041980860754847533 0.027463063597679142 0.11707579717040063
decision_type=2 2 2 2 2 2 2 2 2 2 2 2 2 2
left_child=1 10 -3 7 9 -6 -4 12 -9 -5 11 -1 -2 -12
right_child=3 2 6 4 5 -7 -8 8 -10 -11 13 -13 -14 -15
leaf_value=0.00029981597066748084 -0.066743568578354659 -0.040353575015618162 -0.051690381380632193 -0.020030889611237827 -0.012711446625752748 0.022016841365060533 0.040612758721699276 0.029781614853975506 0.0016701902970872994 -0.064725808671403498 -0.047444662687139705 0.028188310575261371 -0.0078618570606778671 0.011198106551386745
leaf_weight=11.45708724029828 1.9596442626789206 68.946784169442253 2.1158537499868535 10.617766599461904 33.294512042717542 56.667052410484757 11.089116984745486 63.095603495137766 20.86350812978344 5.6114716763258903 2.1339698728406797 18.239492160675582 1.8710572344716636 0.71255031076725561
leaf_count=618 206 52433 566 945 3334 2177 498 1557 1344 540 349 325 97 66
internal_value=-1.83831e-09 -0.0175854 -0.0297165 0.0103977 0.00234029 0.009164 0.0258229 0.0201439 0.022796 -0.0354847 0.0130384 0.0174288 -0.0379835 -0.032765
internal_weight=308.675 114.695 82.1518 193.981 106.191 89.9616 13.205 87.7898 83.9591 16.2292 32.5431 29.6966 3.8307 2.84652
internal_count=65055 54855 53497 10200 6996 5511 1064 3204 2901 1485 1358 943 303 415
is_linear=0
shrinkage=0.04


Tree=29
num_leaves=15
num_cat=0
split_feature=7 8 9 14 17 13 0 21 8 3 22 2 7 16
split_gain=35.1655 32.1064 8.28102 11.7003 11.2652 6.27565 5.91238 3.3922 8.06993 2.87975 2.62764 1.42187 0.886378 0.664562
threshold=0.40220841765403753 -0.55942872166633595 25.500000000000004 0.18883457034826281 -0.0022446718066930767 1.6495559215545657 0.10124255716800691 0.12220009955201594 -0.58000493049621571 0.27085541188716894 -0.11520701646804808 0.222844272851944 0.16816861182451251 0.25866188769414583
decision_type=2 2 2 2 2 2 2 2 2 2 2 2 2 2
left_child=1 7 5 4 -4 6 -2 10 -9 -7 -1 -5 -3 -14
right_child=2 12 3 11 -6 9 -8 8 -10 -11 -12 -13 13 -15
leaf_value=0.0013407041833918075 0.010318542873267625 -0.041862638746873584 0.0019457352847883473 0.043779107065376487 -0.034973476336908838 0.028162229695228719 0.02845117144355425 -0.032689907361896038 0.02810525559181392 -0.055632068903960177 0.035207678311019348 0.016106242207848419 -0.044843967088647955 -0.02556438098984757
leaf_weight=5.4708653783891377 102.26807201997144 42.683711724137538 42.924094523128588 7.6273377838078869 19.111356063513085 0.8458321383222932 40.034342739207204 7.0868125266861188 6.8896736690076033 2.9271857398562133 11.107735918252731 4.8660678479354829 3.8560651225270695 11.081196925108086
leaf_count=295 4049 39162 4299 73 3764 57 818 640 164 520 177 190 3121 7726
internal_value=7.24119e-10 -0.0213513 0.00853418 -0.00231561 -0.00942802 0.0140698 0.0154198 0.0117945 -0.00272108 -0.0368471 0.0240317 0.0330008 -0.0389278 -0.0305414
internal_weight=308.78 88.1761 220.604 74.5289 62.0355 146.075 142.302 30.5551 13.9765 3.77302 16.5786 12.4934 57.621 14.9373
internal_count=65055 51285 13770 8326 8063 5444 4867 1276 804 577 472 263 50009 10847
is_linear=0
shrinkage=0.04


Tree=30
num_leaves=14
num_cat=0
split_feature=7 8 4 7 3 14 20 10 7 13 10 3 9
split_gain=32.7257 31.1889 8.20736 9.15645 11.1593 5.55027 3.17473 6.51817 0.91305 0.700685 0.120583 0.105467 0.0406937
threshold=0.40220841765403753 -0.55942872166633595 2.7207884788513188 0.96642401814460765 0.25820317864418035 0.18883457034826281 0.021054964539007095 0.01107441494241357 0.18031323701143268 0.34703135490417486 1.0036979317665102 -0.23476610332727429 28.500000000000004
decision_type=2 2 2 2 2 2 2 2 2 2 2 2 2
left_child=1 6 3 4 -2 -5 -1 -8 11 -10 12 -3 -4
right_child=2 8 10 5 -6 -7 7 -9 9 -11 -12 -13 -14
leaf_value=0.04858395078843776 -0.021664014451394979 -0.026662292894393935 -0.067176048193671387 0.012324362133876252 0.0086303583297871952 0.034761320413580828 -0.04686757605662413 0.014298350021133591 -0.0012752947733028711 -0.032454002744790357 -0.043188222912122695 -0.041703022047791041 -0.056449397560254459
leaf_weight=3.3297231520991799 27.788164052850334 0.75955086601606936 1.2441647040541279 103.89411626459332 64.876425764523447 21.248045820742846 3.1533724077162359 24.0303914292017 1.270418244821484 12.505205111112444 0.68752823321847234 41.602224633534206 1.0379604063928127
leaf_count=26 5131 580 184 3357 4559 215 308 942 617 9476 132 39336 192
internal_value=5.84758e-10 -0.0208316 0.00817605 0.00907659 -0.000454288 0.016134 0.0117186 0.00720298 -0.0385243 -0.0295786 -0.0578732 -0.0414333 -0.0622973
internal_weight=307.427 86.6509 220.776 217.807 92.6646 125.142 30.5135 27.1838 56.1374 13.7756 2.96965 42.3618 2.28213
internal_count=65055 51285 13770 13262 9690 3572 1276 1250 50009 10093 508 39916 376
is_linear=0
shrinkage=0.04


Tree=31
num_leaves=15
num_cat=0
split_feature=14 20 13 14 11 9 16 7 8 10 15 13 2 14
split_gain=29.3355 17.0613 10.3326 21.1093 13.914 13.7476 10.6484 8.62211 10.1733 5.65888 3.0913 2.01182 4.44544 0.515624
threshold=0.045155804604291923 0.32200460829493094 0.73526707291603099 0.094643857330083861 0.75759384036064159 13.500000000000002 0.61167800453514753 0.48330099880695349 -0.60278719663619984 0.27797377109527593 73.259597778320327 0.33070906996726995 0.020186086185276512 0.075996495783329024
decision_type=2 2 2 2 2 2 2 2 2 2 2 2 2 2
left_child=1 7 6 4 -4 -5 9 8 -1 -2 -9 12 -3 -8
right_child=2 11 3 5 -6 -7 13 10 -10 -11 -12 -13 -14 -15
leaf_value=0.021957907237223601 0.026057100194044201 -0.041667637189070746 -0.031445308053759391 -0.067044535768987418 0.015532472904822877 0.014402390333501089 -0.059606898693719657 0.0098078610443349222 -0.034244893011068797 -0.015838355744328368 0.055664346385679159 -0.042608188440471262 0.02461095612428443 -0.02847352954370853
leaf_weight=8.1983012272976357 65.024163191235857 4.8361610295542041 39.274859651835868 3.4296947192196958 13.573946252741733 99.917926817055559 2.2306589689396783 4.7831206824630481 13.872950019664133 5.6028977411915539 4.6279071689350531 34.881741879173205 2.4340942441485822 1.3762784432619808
leaf_count=218 2524 3038 13968 489 653 4933 507 322 10425 372 43 27234 224 105
internal_value=-1.72251e-09 -0.0219788 0.00702334 0.00118403 -0.0193793 0.0116995 0.0193099 0.000300533 -0.0133685 0.0227335 0.032358 -0.0386187 -0.0194774 -0.0477275
internal_weight=304.065 73.6343 230.43 156.196 52.8488 103.348 74.234 31.4823 22.0713 70.6271 9.41103 42.152 7.27026 3.60694
internal_count=65055 41504 23551 20043 14621 5422 3508 11008 10643 2896 365 30496 3262 612
is_linear=0
shrinkage=0.04


Tree=32
num_leaves=15
num_cat=0
split_feature=7 8 2 14 9 18 17 12 7 4 3 9 4 13
split_gain=29.101 28.1447 8.63103 8.80433 13.8317 6.81656 3.47603 2.36248 0.92339 0.732661 0.127136 0.106711 0.0476633 0.0279494
threshold=0.40220841765403753 -0.55942872166633595 0.94592595100402843 0.18883457034826281 24.500000000000004 -0.032596966251730912 -0.0053782279137521974 0.8395734727382661 0.16816861182451251 -0.088544908910989747 -0.23476610332727429 20.500000000000004 2.1022181510925297 0.58374786376953136
decision_type=2 2 2 2 2 2 2 2 2 2 2 2 2 2
left_child=1 5 3 4 -2 13 -7 -5 10 -10 -3 -4 -13 -1
right_child=2 8 11 7 -6 6 -8 -9 9 -11 -12 12 -14 -15
leaf_value=-0.061942440539698523 0.014637575963002462 -0.024105184651904872 -0.080226695128720507 0.020168282670664138 -0.0069918851970074344 0.027996474355623954 -0.00084789922370512847 0.046696084432606505 0.0029094897854854032 -0.031517639536704618 -0.041163230449343197 -0.070457008754348016 -0.054854920982774259 -0.052645391528202704
leaf_weight=1.2415767528582393 115.27549148217076 0.71210732101462682 0.99079790385439936 11.369814385077918 80.226386642607395 16.366845983779065 11.299890579073685 10.181251186411826 1.070312299445505 13.028041974641379 38.22610232399893 0.62693588924594201 0.62620277958922088 0.88698271190514777
leaf_count=157 4356 568 40 274 8831 300 613 64 469 10378 38594 80 125 206
internal_value=2.12098e-10 -0.0201993 0.00762958 0.00843644 0.00576168 0.0109088 0.0162156 0.0327007 -0.0376754 -0.028904 -0.0408513 -0.0704168 -0.0626605 -0.0580683
internal_weight=302.129 82.8319 219.297 217.053 195.502 29.7953 27.6667 21.5511 53.0366 14.0984 38.9382 2.24394 1.25314 2.12856
internal_count=65055 51285 13770 13525 13187 1276 913 338 50009 10847 39162 245 205 363
is_linear=0
shrinkage=0.04


Tree=33
num_leaves=15
num_cat=0
split_feature=7 8 7 7 9 8 10 10 7 13 21 9 6 17
split_gain=26.0554 28.641 7.55403 8.661 10.9587 5.94633 4.71215 2.78959 0.976242 0.895545 0.729685 0.132601 0.11724 0.107837
threshold=0.40220841765403753 -0.55942872166633595 2.0031316280364995 0.96642401814460765 14.500000000000002 -0.31409083306789393 0.12978100776672366 0.034487036988139159 0.16816861182451251 0.64489868283271801 0.36474501108647456 26.500000000000004 -0.1107499487698078 0.032827902585268028
decision_type=2 2 2 2 2 2 2 2 2 2 2 2 2 2
left_child=1 6 3 4 -2 -5 7 -1 12 -8 -10 -4 -3 -13
right_child=2 8 11 5 -6 -7 9 -9 10 -11 -12 13 -14 -15
leaf_value=-0.0019957920608562837 0.025640151472487438 -0.033117674508751846 -0.067267751655602295 -0.018801994816419913 -0.0083381163516956618 0.017266613308366294 -0.062981651480186765 0.024998254844797257 -0.015285688691437973 -0.015157138580009246 -0.034757681777061705 -0.057291369996924302 -0.041331117231832699 -0.032997194747054287
leaf_weight=9.0580875733285264 19.203405382984784 3.0222392063587895 1.3925318913534277 7.806473378208465 72.617740535759367 115.74839174962835 1.3538241246715181 18.918004750739783 4.6208763628528677 1.1660788890440015 9.2290898532664851 0.93736739346059017 34.784669725326239 0.42482511431444436
leaf_count=533 610 3214 189 354 9080 3216 92 471 3258 180 7589 218 35948 103
internal_value=-1.27358e-09 -0.0191995 0.00723096 0.0080728 -0.00123193 0.0149877 0.0115392 0.0162581 -0.0373463 -0.040851 -0.0282611 -0.0585879 -0.0406745 -0.0497148
internal_weight=300.284 82.1529 218.131 215.376 91.8211 123.555 30.496 27.9761 51.6569 2.5199 13.85 2.75472 37.8069 1.36219
internal_count=65055 51285 13770 13260 9690 3570 1276 1004 50009 272 10847 510 39162 321
is_linear=0
shrinkage=0.04


Tree=34
num_leaves=15
num_cat=0
split_feature=14 20 13 14 9 22 16 15 22 10 13 2 14 17
split_gain=24.2716 15.4224 8.83156 20.1131 15.3105 10.7404 8.12276 7.94277 7.6956 5.19501 2.35877 4.17553 0.69068 0.580301
threshold=0.045155804604291923 0.32200460829493094 0.73526707291603099 0.091696053743362441 17.500000000000004 -0.06663056835532187 0.61167800453514753 73.259597778320327 -0.060855776071548455 0.27797377109527593 0.33070906996726995 0.020186086185276512 0.075996495783329024 -0.005289003485813736
decision_type=2 2 2 2 2 2 2 2 2 2 2 2 2 2
left_child=1 7 6 4 -4 -5 9 8 -1 -2 11 -3 -8 -9
right_child=2 10 3 5 -6 -7 12 13 -10 -11 -12 -13 -14 -15
leaf_value=0.0081805428416139251 0.023810197782640721 -0.040137326894507143 0.0074603467882396815 -0.048651743616623999 -0.039500435926876042 0.013159626494562229 -0.056598949007528508 0.056899260261515726 -0.037309743442412904 -0.016922434668197008 -0.04171083235876185 0.022457864120082122 -0.019909204624170191 0.029502100556661356
leaf_weight=16.294733019240091 64.900030583274201 4.5080974677111945 18.295014360133791 4.704775295831495 28.276486689297599 102.2657225078874 2.096708326862426 3.0995637084997725 9.3725447298056661 5.4288802872179067 32.261805762303993 2.7423343073751312 1.349184527469333 2.0584770917193955
leaf_count=3920 2524 3038 4349 896 9808 4990 507 65 6697 372 27234 224 105 326
internal_value=-3.94753e-09 -0.0205341 0.00635376 0.000888596 -0.0210525 0.010441 0.017728 0.000671682 -0.00843048 0.0206659 -0.0370777 -0.0164619 -0.0422337 0.0459656
internal_weight=297.654 70.3376 227.317 153.542 46.5715 106.97 73.7748 30.8253 25.6673 70.3289 39.5122 7.25043 3.44589 5.15804
internal_count=65055 41504 23551 20043 14157 5886 3508 11008 10617 2896 30496 3262 612 391
is_linear=0
shrinkage=0.04


Tree=35
num_leaves=14
num_cat=0
split_feature=14 7 8 3 21 5 2 11 12 8 18 8 21
split_gain=21.994 11.4662 16.7288 16.6631 10.8776 9.89823 6.72353 2.99886 3.58765 1.09405 0.635331 0.297288 0.192527
threshold=0.025279017165303234 0.8370148539543153 -0.37914574146270746 0.26442094147205358 0.21478174603174607 0.0019255637307651343 -0.064807116985321031 0.11185164749622346 0.10229842364788057 -0.80393108725547779 0.069026164710521712 -0.60278719663619984 0.16843971631205676
decision_type=2 2 2 2 2 2 2 2 2 2 2 2 2
left_child=7 2 6 -4 12 -6 -2 9 -9 -1 -10 -11 -3
right_child=1 4 3 -5 5 -7 -8 8 10 11 -12 -13 -14
leaf_value=0.018478922036391749 0.024980431463439229 -0.064810408892306715 -0.035820660226422399 0.0005382686435668006 0.027190217962024456 0.0049282799281440753 -0.0074350362520408195 0.037451322482382372 -0.041158112406805003 -0.062665548281931743 0.0067051949635437841 -0.041484485205129103 -0.043213068729568545
leaf_weight=0.4797258353792192 30.312754427577602 2.5312087975908066 37.388728243531659 43.785945837924373 50.093821529415436 88.256934293080121 15.459195062183424 1.845215922105125 2.5801214650273327 1.119858372840105 0.53588666948780872 19.913861438355521 0.89353651524288569
leaf_count=28 1609 307 26692 5730 938 3987 2122 32 1977 138 496 20912 87
internal_value=-1.99716e-09 0.00342704 -0.00530486 -0.0162085 0.0112456 0.0129888 0.0140323 -0.034785 -0.00675114 -0.0412499 -0.0329266 -0.0426122 -0.0591755
internal_weight=295.197 268.722 126.947 81.1747 141.776 138.351 45.7719 26.4747 4.96122 21.5134 3.11601 21.0337 3.42475
internal_count=65055 41472 36153 32422 5319 4925 3731 23583 2505 21078 2473 21050 394
is_linear=0
shrinkage=0.04


Tree=36
num_leaves=15
num_cat=0
split_feature=7 8 13 14 9 0 6 21 8 7 2 21 6 7
split_gain=22.0786 24.7181 7.19644 9.91734 12.5607 3.21983 4.94933 2.19121 1.42357 1.0321 0.774332 0.731625 0.136943 0.100811
threshold=0.40220841765403753 -0.55942872166633595 1.7908816337585451 0.18883457034826281 24.500000000000004 -0.01010342128574848 -0.10820780321955679 0.059714795008912663 -0.086438726633787141 0.16404709219932559 0.25270871818065649 0.36474501108647456 -0.1107499487698078 0.96642401814460765
decision_type=2 2 2 2 2 2 2 2 2 2 2 2 2 2
left_child=1 5 3 4 -2 7 -7 -1 -5 12 -4 -11 -3 -12
right_child=2 9 10 8 -6 6 -8 -9 -10 11 13 -13 -14 -15
leaf_value=-0.013129694897359045 0.013083783912434581 -0.031366591800574127 -0.013383665964882567 0.024904343778056476 -0.0078158638147822323 -0.058290698636309833 0.010364707558205486 0.023345387555031193 0.045957069594270025 -0.013613978878105136 -0.055700095794706188 -0.033395986155438734 -0.040542199556751396 -0.071812765556587069
leaf_weight=3.064343724108773 112.88582466694061 2.836199662226135 0.60365928284591008 13.006862553185785 77.66552820513607 2.48532215092564 5.1849532053456633 18.81607699720189 8.4957459308207017 4.5288796006061594 1.222490528249182 8.8112304873502563 31.583130822182284 1.2633286791387943
leaf_count=165 4230 3202 90 215 8739 311 295 505 60 3335 298 7764 35708 138
internal_value=-2.98385e-09 -0.0183342 0.00658827 0.00747129 0.00456544 0.0104195 -0.011881 0.0182371 0.0332223 -0.0361254 -0.0540205 -0.0266801 -0.0397861 -0.0638888
internal_weight=292.454 77.3101 215.143 212.054 190.551 29.5507 7.67028 21.8804 21.5026 47.7594 3.08948 13.3401 34.4193 2.48582
internal_count=65055 51285 13770 13244 12969 1276 606 670 275 50009 526 11099 38910 436
is_linear=0
shrinkage=0.04


Tree=37
num_leaves=15
num_cat=0
split_feature=7 8 3 5 12 7 4 19 18 8 20 17 0 7
split_gain=19.8541 17.3153 26.0191 9.76985 15.2759 12.2242 8.44342 7.20554 6.99137 6.18919 3.71532 3.54641 1.41936 0.433925
threshold=0.53956300020217907 -0.55942872166633595 0.41149623692035681 0.0057579919230192908 0.74465909600257885 0.96642401814460765 0.46492789685726171 0.059714795008912663 -0.032596966251730912 -0.23297228664159772 0.57043650793650802 -0.0053782279137521974 -0.061219241470098489 0.40220841765403753
decision_type=2 2 2 2 2 2 2 2 2 2 2 2 2 2
left_child=1 8 13 7 10 -6 -4 12 -1 -9 -5 -10 -2 -3
right_child=3 2 6 4 5 -7 -8 9 11 -11 -12 -13 -14 -15
leaf_value=-0.056858087708960107 -0.056020946643456596 -0.035590751453605136 0.037717024357716435 -0.0086125800007158925 -0.026072074463980962 0.012556227940114595 -0.052051419287399731 0.02800760146700668 0.027401750786730048 0.004361031560840359 -0.052099170111797037 -0.00074464581718884063 -0.0030289315485538594 -0.044431802787658403
leaf_weight=2.3022030766005654 2.3422788186580878 45.300785112340236 11.479974016969207 4.5816040809731922 15.946206451480974 73.63837683404563 1.9631318885076314 54.26714569068281 16.979102903860628 26.289481042011175 10.014213262707925 12.388406930549531 1.2351660891436029 11.048684380541088
leaf_count=388 248 49491 500 388 2844 2628 564 1297 320 1604 1136 650 55 2942
internal_value=-4.06418e-10 -0.014264 -0.0253952 0.00768535 -0.000502226 0.00568033 0.0246079 0.0178237 0.0102664 0.0202906 -0.0384488 0.0155285 -0.0377247 -0.0373243
internal_weight=289.777 101.462 69.7926 188.314 104.18 89.5846 13.4431 84.1341 31.6697 80.5566 14.5958 29.3675 3.57744 56.3495
internal_count=65055 54855 53497 10200 6996 5472 1064 3204 1358 2901 1524 970 303 52433
is_linear=0
shrinkage=0.04


Tree=38
num_leaves=15
num_cat=0
split_feature=7 8 8 0 19 6 10 18 7 13 6 9 11 7
split_gain=19.3531 23.3004 6.9599 6.61648 16.9416 10.1396 4.44263 2.94381 1.1051 0.774501 0.576074 0.278638 0.274497 0.142496
threshold=0.40220841765403753 -0.55942872166633595 -0.0060150511562824241 0.09701185300946237 0.87939393939393951 0.2774875015020371 0.12978100776672366 0.013434618245810272 0.16816861182451251 0.34703135490417486 -0.084628555923700319 27.500000000000004 0.63645917177200328 0.96642401814460765
decision_type=2 2 2 2 2 2 2 2 2 2 2 2 2 2
left_child=1 6 3 4 -2 -5 7 -1 -3 -10 -8 13 -13 -4
right_child=2 8 11 5 -6 -7 10 -9 9 -11 -12 12 -14 -15
leaf_value=0.0025535106132629003 0.0060267346464991821 -0.039316514050526601 -0.050829290584619859 -0.050236502611798385 -0.052401339260631397 0.023526308766795633 -0.058995303434002049 0.02886751994117737 0.0045738017562708426 -0.028669101291271107 -0.018565383614119888 -0.013521290467213083 -0.055683810968631703 -0.071039676287158834
leaf_weight=14.855699853447737 148.12453501275741 32.842516740420251 1.3218064722605047 3.1688248641439705 8.3899409535224532 50.495647068601102 1.4033490252913909 12.54787388758268 1.2437291466048908 11.396928637710515 0.94266493147006158 0.50975434196880076 0.47942169138696045 0.96617975539993484
leaf_count=808 9736 39162 288 521 1270 1598 160 196 682 10165 112 130 112 115
internal_value=1.15125e-09 -0.017445 0.00614851 0.00705041 0.0028947 0.0191707 0.0100797 0.0146025 -0.0354484 -0.0253983 -0.0427499 -0.0516948 -0.0339561 -0.0593638
internal_weight=288.689 75.2328 213.456 210.179 156.514 53.6645 29.7496 27.4036 45.4832 12.6407 2.34601 3.27716 0.989176 2.28799
internal_count=65055 51285 13770 13125 11006 2119 1276 1004 50009 10847 272 645 242 403
is_linear=0
shrinkage=0.04


Tree=39
num_leaves=14
num_cat=0
split_feature=14 3 8 15 9 13 0 19 11 12 8 18 8
split_gain=18.5037 9.3215 14.9758 12.4766 12.3913 12.2996 11.9749 8.25436 2.65374 2.74834 1.20403 0.80516 0.234813
threshold=0.025279017165303234 0.25820317864418035 -0.28048808872699732 66.917377471923842 21.500000000000004 0.51094964146614086 -0.016948022879660126 0.084219858156028379 0.11185164749622346 0.10229842364788057 -0.80393108725547779 0.069026164710521712 -0.60278719663619984
decision_type=2 2 2 2 2 2 2 2 2 2 2 2 2
left_child=8 2 6 7 -5 -4 -2 -3 10 -10 -1 -11 -12
right_child=1 3 5 4 -6 -7 -8 -9 9 11 12 -13 -14
leaf_value=0.017266507306585323 0.019740787784652204 -0.042163670094812027 0.011861955804992545 0.015246127691273439 -0.013922371165937537 -0.035742381944076272 -0.019521362092509927 0.025411412259279863 0.032671244627159542 -0.040449556510006354 -0.060151285480966203 0.014841919891939117 -0.040747999009863214
leaf_weight=0.56810409494210645 39.102593961608363 3.0300845427263985 11.694454868993487 43.687834279073286 49.941343254453386 33.733147867271327 18.221019497461384 63.564321997953812 1.7753366623655882 2.3669241606839937 1.0573269389569819 0.51266293770459004 17.75745277550595
leaf_count=28 3653 294 1310 2464 5554 21904 4321 1972 32 1977 138 496 20912
internal_value=1.00796e-09 0.00307064 -0.00633342 0.00910146 -0.000312206 -0.0234876 0.00726083 0.0223367 -0.0335929 -0.00647265 -0.0401061 -0.0306058 -0.0418384
internal_weight=287.013 262.975 102.751 160.224 93.6292 45.4276 57.3236 66.5944 24.0378 4.65492 19.3829 2.87959 18.8148
internal_count=65055 41472 31188 10284 8018 23214 7974 2266 23583 2505 21078 2473 21050
is_linear=0
shrinkage=0.04


Tree=40
num_leaves=14
num_cat=0
split_feature=14 7 8 3 4 3 2 11 12 12 8 18 8
split_gain=17.4623 8.36926 11.4104 16.0869 8.74359 9.64956 6.19777 2.57967 2.49206 1.41991 1.14407 0.782854 0.184791
threshold=0.025279017165303234 0.88327744603157055 -0.37914574146270746 0.26442094147205358 0.55553060770034801 0.71272972226142894 -0.064807116985321031 0.11185164749622346 0.10229842364788057 0.84775480628013622 -0.80393108725547779 0.069026164710521712 -0.60278719663619984
decision_type=2 2 2 2 2 2 2 2 2 2 2 2 2
left_child=7 2 6 -4 9 -6 -2 10 -9 -3 -1 -10 -12
right_child=1 4 3 -5 5 -7 -8 8 11 -11 12 -13 -14
leaf_value=0.017358563653243342 0.022383103389311404 -0.02866353291038512 -0.03367384021741579 0.0017955641805414669 0.01803434789487144 -0.0076992696916528911 -0.0086497662882586788 0.030672954377640265 -0.039760582119147556 -0.078676295991274126 -0.058313196610678783 0.014264046339742462 -0.040479881670847519
leaf_weight=0.54527779622004047 30.256495109017123 2.0672617013333361 35.058917887145071 49.128106056188699 96.883337767561898 30.702987643482629 15.609205852888406 1.784469625505152 2.3020772410818613 1.6200905370060352 0.98275801283307984 0.52749472233699624 17.215154505087408
leaf_count=28 1621 107 26869 6025 2725 1861 2141 32 1977 123 138 496 20912
internal_value=-2.36024e-09 0.00296174 -0.00423011 -0.0129753 0.0100867 0.0118417 0.0118219 -0.0331367 -0.00634428 -0.0506374 -0.0397323 -0.0296892 -0.0414429
internal_weight=284.684 261.326 130.053 84.187 131.274 127.586 45.8657 23.3572 4.61404 3.68735 18.7432 2.82957 18.1979
internal_count=65055 41472 36656 32894 4816 4586 3762 23583 2505 230 21078 2473 21050
is_linear=0
shrinkage=0.04


Tree=41
num_leaves=15
num_cat=0
split_feature=7 8 9 8 18 14 18 8 12 17 7 14 10 6
split_gain=16.3718 20.4989 6.71473 10.0297 13.332 9.75496 5.68956 5.59188 6.02677 3.41339 1.12688 0.867494 0.218476 0.158223
threshold=0.40220841765403753 -0.55942872166633595 26.500000000000004 -0.2346771955490112 0.062905870378017439 0.1335747689008713 -0.032596966251730912 -0.008309198543429373 0.9619065821170808 -0.0045686787925660602 0.16816861182451251 0.026244658976793293 0.51787737011909496 -0.1107499487698078
decision_type=2 2 2 2 2 2 2 2 2 2 2 2 2 2
left_child=1 6 7 4 -4 -5 -1 8 -2 -8 13 -12 -9 -3
right_child=2 10 3 5 -6 -7 9 12 -10 -11 11 -13 -14 -15
leaf_value=-0.054942530828008547 0.0081734402913318065 -0.029019333862358304 -0.012381279272690329 -0.035670113641631737 0.040481436054527732 0.012196993379636091 0.02454874974860799 -0.040780185851706036 0.032761186697681063 -0.004845978507210174 0.00053442479003466077 -0.028743542076735955 -0.065692084617189311 -0.039415752948520726
leaf_weight=2.0646245875395861 127.95344367658254 2.5595444100763443 17.339725191937763 22.259465804992942 13.636548555805346 9.8158233689609897 17.476090147858493 1.5693242097622708 18.221701109490823 9.9020989883574604 1.9271111111011112 10.1346412631392 0.87861224880907673 27.582291863029241
leaf_count=363 5815 3214 1531 4810 298 591 351 261 350 562 1396 9451 114 35948
internal_value=1.99186e-09 -0.0165275 0.00559412 -0.0053438 0.0108902 -0.0210216 0.00908864 0.0102344 0.0112385 0.0139173 -0.0343982 -0.0240658 -0.0497216 -0.0385329
internal_weight=283.321 71.6464 211.675 63.0516 30.9763 32.0753 29.4428 148.623 146.175 27.3782 42.2036 12.0618 2.44794 30.1418
internal_count=65055 51285 13770 7230 1829 5401 1276 6540 6165 913 50009 10847 375 39162
is_linear=0
shrinkage=0.04


Tree=42
num_leaves=14
num_cat=0
split_feature=14 14 13 11 18 8 11 11 9 7 8 8 21
split_gain=15.4918 8.19875 11.1289 17.6069 8.6336 2.64521 5.98705 2.49945 2.44794 2.00988 1.32961 0.145339 0.134746
threshold=0.025279017165303234 0.18883457034826281 0.73526707291603099 0.35094058513641363 0.10403414443135263 -0.029707401059567925 0.82273483276367199 0.11185164749622346 22.500000000000004 0.22739557176828387 -0.80393108725547779 -0.60278719663619984 0.050641025641025648
decision_type=2 2 2 2 2 2 2 2 2 2 2 2 2
left_child=7 2 4 -4 -2 6 -3 10 12 -10 -1 -12 -9
right_child=1 5 3 -5 -6 -7 -8 8 9 -11 11 -13 -14
leaf_value=0.01905822993038702 0.012623322396159445 0.033521843254433956 -0.033301892798808345 0.00093471849113843945 -0.061125750937580242 0.047016262492883751 -0.020406212279309954 -0.0076390739807214282 0.035372349709283747 -0.044005356742351072 -0.056595830229188425 -0.040116806629863194 -0.048034387364411589
leaf_weight=0.61112505721394583 97.511999547496089 10.697798322420569 31.102733966486994 105.74616391069139 2.6077160469867513 6.6953755542635909 4.7592049634549758 0.1449407501204395 2.1897278643300528 0.66548961830267206 0.90437311312417179 16.119008996829503 1.4938847120210992
leaf_count=28 9431 171 22454 8447 630 37 302 49 757 311 138 20912 1388
internal_value=-1.40682e-09 0.00274341 0.000567965 -0.00684651 0.0107025 0.0260145 0.0169174 -0.0321248 -0.0054949 0.0168711 -0.0389112 -0.0409923 -0.0444618
internal_weight=281.25 259.121 236.969 136.849 100.12 22.1524 15.457 22.1286 4.49404 2.85522 17.6345 17.0234 1.63883
internal_count=65055 41472 40962 30901 10061 510 473 23583 2505 1068 21078 21050 1437
is_linear=0
shrinkage=0.04


Tree=43
num_leaves=15
num_cat=0
split_feature=7 8 7 14 13 18 17 16 7 14 3 9 17 7
split_gain=14.5665 18.8441 6.39302 6.9179 12.3539 5.06704 3.09013 2.2923 1.18159 0.922797 0.15895 0.121286 0.10501 0.0152842
threshold=0.40220841765403753 -0.55942872166633595 2.0031316280364995 0.18883457034826281 1.5829206109046938 -0.032596966251730912 -0.0053782279137521974 0.38956639566395673 0.16816861182451251 0.026244658976793293 -0.23476610332727429 26.500000000000004 0.035484813153743751 0.049060467630624778
decision_type=2 2 2 2 2 2 2 2 2 2 2 2 2 2
left_child=1 5 3 4 -2 13 -7 -5 10 -10 -3 -4 -13 -1
right_child=2 8 11 7 -6 6 -8 -9 9 -11 -12 12 -14 -15
leaf_value=-0.051116893038601389 0.0057171462312021384 -0.018042358561569362 -0.063858598980188988 0.0092666682195642492 -0.046575234580796369 0.023888846471265927 -0.0037253493096875969 0.037318432181369918 0.0024524906162281877 -0.027953061745792922 -0.038549729871909827 -0.054490499943976575 -0.031036534098428374 -0.058424170871234707
leaf_weight=1.1943901179474803 178.88071670752834 0.61819297361944592 1.3447139061754563 7.0232030688785043 7.5328849005163638 16.50136337894947 10.680470018822229 13.857209646259433 1.9066434914129775 9.8357469769398431 27.761979491042439 0.96609267982421421 0.44664086541160941 0.7428187821060418
leaf_count=261 11761 568 189 169 1193 300 613 137 1396 9451 38594 222 99 102
internal_value=1.65332e-10 -0.0159106 0.00524479 0.00604963 0.00360404 0.008584 0.0130385 0.0278831 -0.0336876 -0.023016 -0.038103 -0.05526 -0.0470754 -0.0539189
internal_weight=279.293 69.2416 210.051 207.294 186.414 29.119 27.1818 20.8804 40.1226 11.7424 28.3802 2.75745 1.41273 1.93721
internal_count=65055 51285 13770 13260 12954 1276 913 306 50009 10847 39162 510 321 363
is_linear=0
shrinkage=0.04


Tree=44
num_leaves=15
num_cat=0
split_feature=11 8 6 15 5 6 17 11 14 22 10 10 0 7
split_gain=13.8654 15.7842 11.1723 7.43609 6.97545 15.3305 11.2237 7.16153 9.47603 8.28067 4.82199 6.10652 1.75475 0.766093
threshold=0.27941563725471502 -0.37914574146270746 0.20687618851661685 51.935764312744148 0.013511975761502983 0.28452576696872717 -0.019414074718952175 0.49396140873432165 0.072480846196413054 -0.11520701646804808 0.12978100776672366 0.1000100038945675 -0.091827549040317522 1.0014944672584536
decision_type=2 2 2 2 2 2 2 2 2 2 2 2 2 2
left_child=1 10 13 -4 7 12 -7 9 -9 -2 11 -1 -6 -3
right_child=4 2 3 -5 5 6 -8 8 -10 -11 -12 -13 -14 -15
leaf_value=-0.00082882194738302152 -0.053792541538533321 -0.034710038392610942 0.039614801679931956 -0.0451385138213658 0.035334009899189958 -0.049280198637768564 0.0089864790881790356 -0.057794257810103035 0.0091825132341060243 0.029786282247339393 -0.040271111405009753 0.03430198260611074 -0.04170661097395513 -0.064945089374691206
leaf_weight=25.412983825357514 1.9861179667786917 41.519737905713555 5.8115128331119177 2.3166047530103242 0.48999288835330013 5.6203111732320385 89.868295387554099 3.8346154171013032 28.499459562153788 42.116328471296583 3.3116021669557076 11.49857502580562 13.671333194317409 1.3855971087468777
leaf_count=3144 427 46025 99 542 39 791 5311 518 993 2125 637 357 3884 163
internal_value=-1.40726e-10 -0.0127715 -0.0275405 0.0154592 0.00626314 -0.000202846 0.00555699 0.0155388 0.00123949 0.0260224 0.00596669 0.010115 -0.0390409 -0.0356865
internal_weight=277.343 91.2566 51.0335 8.12812 186.086 109.65 95.4886 76.4365 32.3341 44.1024 40.2232 36.9116 14.1613 42.9053
internal_count=65055 50967 46829 641 14088 10025 6102 4063 1511 2552 4138 3501 3923 46188
is_linear=0
shrinkage=0.04


Tree=45
num_leaves=15
num_cat=0
split_feature=3 2 15 9 7 22 3 15 19 18 14 14 9 13
split_gain=13.4247 12.4943 8.00909 9.99443 12.0519 9.90523 6.78356 6.41579 6.41012 9.78652 5.84663 4.73973 4.24159 4.23544
threshold=0.10534156486392023 -0.059970933943986886 66.917377471923842 21.500000000000004 1.4553748369216921 -0.018879191949963566 -0.087306872010231004 36.934469223022468 0.12632978723404256 0.069607369601726546 0.22027926892042163 0.042329313233494766 9.5000000000000018 0.49582783877849584
decision_type=2 2 2 2 2 2 2 2 2 2 2 2 2 2
left_child=1 6 8 5 -5 -4 7 -1 9 -2 13 -10 -8 -3
right_child=2 10 3 4 -6 -7 12 -9 11 -11 -12 -13 -14 -15
leaf_value=-0.004386749726615998 -0.057207829762371855 -0.01304853792583895 -0.063615962205668924 -0.029149119390530911 0.010698995225869368 0.016220001666024435 0.015934595591418958 0.034016857143200165 -0.038482251975720562 0.022271904342943457 0.039776863859009269 0.019333635406673939 -0.042008906394543778 -0.038932633801650122
leaf_weight=14.606715835936486 4.8098826301284117 15.402375577781639 2.6410086893010876 32.36735710328503 19.436384113680106 42.499850427055208 2.8683303798825346 13.295941113043225 2.3331906019448061 5.1145305194659159 2.0045035193907088 82.094589245898533 6.8452711333229672 29.462738281021302
leaf_count=4600 907 7272 766 6601 1047 3536 1101 1129 1251 313 19 5377 4250 26886
internal_value=2.94089e-09 -0.0132798 0.005865 -0.00220944 -0.0141984 0.0115491 0.0038907 0.013913 0.0141613 -0.0162481 -0.0270603 0.0177359 -0.0248988 -0.0300465
internal_weight=275.783 84.4859 191.297 96.9446 51.8037 45.1409 37.6163 27.9027 94.3522 9.92441 46.8696 84.4278 9.7136 44.8651
internal_count=65055 45257 19798 11950 7648 4302 11080 5729 7848 1220 34177 6628 5351 34158
is_linear=0
shrinkage=0.04


Tree=46
num_leaves=15
num_cat=0
split_feature=14 7 13 13 10 4 15 11 9 7 8 21 11 8
split_gain=12.6444 7.02677 11.7644 14.5784 12.1876 6.61136 5.55841 2.82086 2.43916 1.87608 1.11718 0.162019 0.148475 0.12231
threshold=0.025279017165303234 0.96642401814460765 0.73526707291603099 1.180647134780884 0.12978100776672366 2.7207884788513188 84.802459716796889 0.11185164749622346 22.500000000000004 0.22739557176828387 -0.80393108725547779 0.050641025641025648 0.90543264150619518 -0.60278719663619984
decision_type=2 2 2 2 2 2 2 2 2 2 2 2 2 2
left_child=7 2 4 -4 -2 6 -3 10 11 -10 -1 -9 -7 -12
right_child=1 5 3 -5 -6 12 -8 8 9 -11 13 -13 -14 -15
leaf_value=0.015763256771475179 0.015361904982003117 0.01295639418363056 -0.036276283336353216 0.00041340941008247888 -0.033593958195648435 -0.06260894907417304 -0.030940495304689623 -0.0018324033392366169 0.03645386043714121 -0.041956495257658863 -0.054827892114687957 -0.047495211000493309 -0.043447015521726272 -0.039276830560819313
leaf_weight=0.59397137316409931 57.026190462973318 109.92807342286687 29.918590922447038 41.174491512880195 9.4903981325769546 0.96550059679429923 4.8175996353384098 0.13683455117279564 2.2692699445906332 0.62206661696836807 0.85676324041560725 1.3600101424235616 1.9611642066156489 14.579139504188783
leaf_count=28 7099 3201 16023 12329 1960 125 352 49 757 311 138 1388 383 20912
internal_value=-1.58245e-09 0.00242263 -0.00371415 -0.015027 0.00837702 0.00959917 0.0111134 -0.0302896 -0.00187339 0.019584 -0.0380685 -0.0433209 -0.0497685 -0.04014
internal_weight=275.7 255.282 137.61 71.0931 66.5166 117.672 114.746 20.4181 4.38818 2.89134 16.0299 1.49684 2.92666 15.4359
internal_count=65055 41472 37411 28352 9059 4061 3553 23583 2505 1068 21078 1437 508 21050
is_linear=0
shrinkage=0.04


Tree=47
num_leaves=15
num_cat=0
split_feature=7 8 9 8 18 14 8 12 7 23 18 7 14 6
split_gain=11.9105 16.0732 6.58407 8.08111 11.222 7.77742 4.79226 5.10144 2.92214 11.8774 2.87593 1.28262 1.012 0.187834
threshold=0.40220841765403753 -0.55942872166633595 26.500000000000004 -0.2346771955490112 0.062905870378017439 0.1335747689008713 -0.008309198543429373 0.9619065821170808 -0.0060545338783413163 1.0000000180025095e-35 0.018933686427772049 0.16816861182451251 0.026244658976793293 -0.1107499487698078
decision_type=2 2 2 2 2 2 2 2 2 2 2 2 2 2
left_child=1 8 6 4 -4 -5 7 -2 9 -1 -10 13 -13 -3
right_child=2 11 3 5 -6 -7 -8 -9 10 -11 -12 12 -14 -15
leaf_value=-0.056702694860333511 0.0073936927941114765 -0.026335231450947925 -0.012641426625704187 -0.033644998593295575 0.036767650410769466 0.0092918695585243946 -0.047687856895584926 0.030126318688913453 -0.0072794325779230442 0.020207549816536149 0.032557430800327553 0.006103903477506634 -0.026252784067412792 -0.038186831740675276
leaf_weight=4.7584048335556881 125.40665586513933 2.3538641251725521 17.102664100646511 21.840288693667393 12.904307635966687 9.7690392164513451 2.3206061157397917 18.070763947966043 4.1125132202869272 9.8904338596621528 9.8306536038871837 1.850954382403869 9.4052685605274728 23.509142704191618
leaf_count=638 5815 3214 1531 4810 298 591 375 350 229 287 122 1396 9451 35948
internal_value=-9.09042e-10 -0.0148403 0.00470158 -0.00626108 0.00860663 -0.0203751 0.00933455 0.0102568 0.00770044 -0.00477532 0.0208076 -0.0322029 -0.0209321 -0.0371082
internal_weight=273.126 65.7112 207.414 61.6163 30.007 31.6093 145.798 143.477 28.592 14.6488 13.9432 37.1192 11.2562 25.863
internal_count=65055 51285 13770 7230 1829 5401 6540 6165 1276 925 351 50009 10847 39162
is_linear=0
shrinkage=0.04


Tree=48
num_leaves=15
num_cat=0
split_feature=14 7 13 13 10 3 8 18 11 9 7 8 21 8
split_gain=11.1797 6.3719 10.5144 12.955 10.5547 5.85841 6.99143 6.83477 2.73536 2.1596 1.68678 1.04781 0.190731 0.104964
threshold=0.025279017165303234 0.96642401814460765 0.73526707291603099 1.315638601779938 0.12978100776672366 0.71272972226142894 -0.31409083306789393 0.12808387726545337 0.11185164749622346 22.500000000000004 0.22739557176828387 -0.80393108725547779 0.050641025641025648 -0.60278719663619984
decision_type=2 2 2 2 2 2 2 2 2 2 2 2 2 2
left_child=8 2 4 -4 -2 6 -3 -7 11 12 -11 -1 -10 -13
right_child=1 5 3 -5 -6 7 -8 -9 9 10 -12 13 -14 -15
leaf_value=0.015113552744578545 0.014175729686440699 -0.030012425583922642 -0.03067940248999057 0.0041596896790644725 -0.032327685775263654 0.0045059154197021707 0.017226432420399656 -0.040323701016865936 0.004018492339796325 0.035386867212480203 -0.040695134830861637 -0.053812068014993851 -0.04645011843152097 -0.038762971559681662
leaf_weight=0.58308413566555906 56.559311723409337 5.3407703203847623 37.072381055513688 31.663176061039849 9.0598657679583976 22.829881371464584 81.650880857079756 7.1442514100344843 0.1324225512216789 2.2100886485131928 0.59090326033765439 0.78431480319704938 1.258079684594122 13.599277259847439
leaf_count=28 7099 281 19445 8907 1960 869 2033 878 49 757 311 138 1388 20912
internal_value=5.97192e-10 0.00224529 -0.00369741 -0.0146307 0.00775513 0.00907146 0.0143262 -0.0061791 -0.0294541 -0.000893377 0.0193364 -0.0374526 -0.0416438 -0.0395836
internal_weight=270.479 251.321 134.355 68.7356 65.6192 116.966 86.9917 29.9741 19.1582 4.19149 2.80099 14.9667 1.3905 14.3836
internal_count=65055 41472 37411 28352 9059 4061 2314 1747 23583 2505 1068 21078 1437 21050
is_linear=0
shrinkage=0.04


Tree=49
num_leaves=15
num_cat=0
split_feature=14 20 15 13 14 13 13 13 13 13 17 2 1 17
split_gain=10.8596 12.2783 6.91249 6.54218 6.91611 6.67448 4.74195 2.12086 1.60206 2.34555 0.90376 0.631158 1.38648 0.321441
threshold=0.045155804604291923 0.32200460829493094 73.259597778320327 1.7908816337585451 0.18883457034826281 0.73526707291603099 0.44985416531562811 1.6324449777603152 0.33070906996726995 0.28199905157089239 0.041106767952442176 0.1825629994273186 0.19141442328691485 -0.005289003485813736
decision_type=2 2 2 2 2 2 2 2 2 2 2 2 2 2
left_child=1 2 6 4 5 -2 -1 -6 9 -3 -10 12 -5 -4
right_child=3 8 13 11 7 -7 -8 -9 10 -11 -12 -13 -14 -15
leaf_value=0.011431472883049257 0.012766751817690401 -0.036552952228653283 0.054451749584359437 -0.045724271860566247 0.016594297022471602 -0.002935556734836588 -0.025989117858017795 0.043058327102295992 -0.039239242014795478 0.014047876085881338 0.004012435262775586 -0.05728224565699358 0.072435098559754704 0.034473806552131947
leaf_weight=11.73253304677201 67.816132396517787 3.3831648676641661 2.8608315091114491 0.70259153603546964 11.785501895647032 119.86938967626338 10.067459049663738 8.2279916224651952 23.130523968189667 2.5861254992996692 0.79970244178548355 2.8603372020661482 0.2053245895949658 2.3447491279803208
leaf_count=2461 3507 2371 65 746 239 18120 8156 85 26572 891 662 820 34 326
internal_value=-1.53221e-09 -0.0155112 0.00403937 0.004174 0.00512166 0.00273814 -0.00584974 0.0274742 -0.0331695 -0.0146307 -0.0377939 -0.0480592 -0.0190026 0.0454531
internal_weight=268.372 56.9051 27.0056 211.467 207.699 187.686 21.8 20.0135 29.8995 5.96929 23.9302 3.76825 0.907916 5.20558
internal_count=65055 41504 11008 23551 21951 21627 10617 324 30496 3262 27234 1600 780 391
is_linear=0
shrinkage=0.04


Tree=50
num_leaves=14
num_cat=0
split_feature=3 8 0 4 9 15 13 22 10 16 18 11 7
split_gain=10.1339 12.4304 9.64516 8.74323 12.5977 8.02661 7.98782 8.85444 7.3528 5.68487 5.52947 2.70291 1.79579
threshold=0.25820317864418035 -0.28048808872699732 -0.016948022879660126 1.1045253872871401 24.500000000000004 60.125946044921882 1.4960057735443117 0.25266006588935858 0.10566107183694841 0.21583850931677021 0.0065013431012630471 0.39775717258453375 1.0014944672584536
decision_type=2 2 2 2 2 2 2 2 2 2 2 2 2
left_child=1 2 8 12 -5 11 9 -8 -1 -7 -4 -2 -3
right_child=5 3 10 4 -6 6 7 -9 -10 -11 -12 -13 -14
leaf_value=-0.0020124552279085291 0.04450886085513666 -0.030578948426455366 -0.040023467687316211 0.031813758164740122 -0.056707004741823969 -0.018528476150866665 -0.00190833869324566 -0.0635860031600365 0.032635599474842097 0.0098919570067148872 0.00068831964838927148 0.013794003416414385 -0.066072570509255371
leaf_weight=20.031993636228435 10.603384190471845 36.913519571971847 10.065435066848297 8.7409558832878229 3.6449379020486949 12.590194007905664 11.068457382658382 5.6125581332889842 19.185302512341877 106.66967128098622 11.364569365621717 8.0752143327263166 2.4309377478202796
leaf_count=3755 133 42817 4710 72 513 1102 1523 881 736 6563 1861 192 197
internal_value=-1.11618e-09 -0.00914084 0.00314572 -0.0235453 0.00576375 0.00664358 0.00326533 -0.0226606 0.0149376 0.00689163 -0.0184336 0.0312301 -0.032772
internal_weight=266.997 112.378 60.6473 51.7304 12.3859 154.619 135.941 16.681 39.2173 119.26 21.43 18.6786 39.3445
internal_count=65055 54661 11062 43599 585 10394 10069 2404 4491 7665 6571 325 43014
is_linear=0
shrinkage=0.04


Tree=51
num_leaves=15
num_cat=0
split_feature=14 7 13 13 18 9 10 3 11 9 7 8 21 6
split_gain=9.81732 5.6345 8.77698 11.7745 10.2968 5.87456 6.09054 4.67134 2.40725 1.92447 1.46933 1.04103 0.168295 0.105441
threshold=0.025279017165303234 0.96642401814460765 0.73526707291603099 1.315638601779938 -0.070902634412050233 28.500000000000004 0.25002841651439672 0.37566706538200384 0.11185164749622346 22.500000000000004 0.22739557176828387 -0.80393108725547779 0.050641025641025648 0.089563276618719115
decision_type=2 2 2 2 2 2 2 2 2 2 2 2 2 2
left_child=8 2 4 -4 -2 7 -7 -3 11 12 -11 -1 -10 -13
right_child=1 5 3 -5 -6 6 -8 -9 9 10 -12 13 -14 -15
leaf_value=0.015398557653702799 -0.056372612532068607 0.022580316348793469 -0.029565819705727973 0.00398961182126814 0.010937890808158837 0.0070895549645788852 -0.044829843223390779 0.0049736919528958132 0.00094991372760823661 0.034748295206919223 -0.039170218116952919 -0.039183084557790786 -0.045720059603193135 0.0044847034187864045
leaf_weight=0.5903572004754104 3.8672606762702335 40.001165355322883 35.438900419889251 31.695987194652844 60.883140243560774 8.4833844422246312 6.2995186842745161 60.693968943087384 0.13846346247009877 2.0313542473013517 0.54588816075556668 13.156692482974902 1.1538625688044701 0.089071309324936787
leaf_count=28 1419 726 19445 8907 7640 475 880 1980 49 757 311 20980 1388 70
internal_value=-4.87289e-10 0.00205952 -0.00358948 -0.0137235 0.00691773 0.00851113 -0.0150351 0.0119679 -0.0287732 -0.000883716 0.0190915 -0.0365731 -0.0407197 -0.0388894
internal_weight=265.069 247.363 131.885 67.1349 64.7504 115.478 14.7829 100.695 17.7057 3.86957 2.57724 13.8361 1.29233 13.2458
internal_count=65055 41472 37411 28352 9059 4061 1355 2706 23583 2505 1068 21078 1437 21050
is_linear=0
shrinkage=0.04


Tree=52
num_leaves=15
num_cat=0
split_feature=3 8 0 4 9 15 9 14 22 10 19 17 18 4
split_gain=9.06643 11.2464 8.12753 7.63278 10.8024 7.54526 8.56793 12.2327 8.25163 6.35792 5.48967 5.91642 5.08851 4.87735
threshold=0.25820317864418035 -0.28048808872699732 -0.016948022879660126 1.1045253872871401 24.500000000000004 66.917377471923842 21.500000000000004 0.12882611155509952 -0.018879191949963566 0.10566107183694841 0.12632978723404256 -0.068432081490755067 0.0065013431012630471 1.3087893128395083
decision_type=2 2 2 2 2 2 2 2 2 2 2 2 2 2
left_child=1 2 9 -3 -5 10 8 -8 -7 -1 11 -2 -4 -12
right_child=5 3 12 4 -6 6 7 -9 -10 -11 13 -13 -14 -15
leaf_value=-0.0020627811726478757 0.04944654673074278 -0.031689723743846765 -0.038500617582037933 0.029046924441652321 -0.055168345757864452 -0.065726671271088388 -0.028678205624426797 0.013193122926068944 0.016032609713265242 0.030336503512003385 0.026782568448926139 -0.044286481727352549 0.0010546070516635202 -0.00056345158539807102
leaf_weight=19.870292855099251 1.4404301249887792 37.714684758750082 9.6561300000903447 8.5347496892791224 3.4109991229488505 2.0784408429753958 29.559654283875716 17.938557242130628 39.71730763240339 18.916735757607967 44.77188748876506 4.2755541657825225 11.284919764220829 13.607166098605374
leaf_count=3755 3 43014 4710 72 513 396 4621 1004 2100 736 1387 435 1861 448
internal_value=-3.85581e-10 -0.00879823 0.00289669 -0.0228641 0.00500003 0.00627441 -0.00124184 -0.0128647 0.0119668 0.0137386 0.0167457 -0.0206657 -0.0171847 0.0204087
internal_weight=262.778 109.389 59.7281 49.6604 11.9457 153.389 89.294 47.4982 41.7957 38.787 64.095 5.71598 20.941 58.3791
internal_count=65055 54661 11062 43599 585 10394 8121 5625 2496 4491 2273 438 6571 1835
is_linear=0
shrinkage=0.04


Tree=53
num_leaves=15
num_cat=0
split_feature=3 1 17 16 15 11 13 17 12 5 17 13 13 1
split_gain=8.72775 10.3588 7.6404 6.97668 6.94668 8.27488 10.7909 7.08421 5.64074 9.95278 4.02259 3.67836 1.30615 1.29107
threshold=0.10534156486392023 -0.039414959028363221 -0.036386946216225617 0.18634259259259262 66.917377471923842 0.75759384036064159 0.54258248209953319 0.062164071947336204 0.93672800064086925 0.031090971082448963 -0.0063204308971762648 0.49582783877849584 1.2564900517463686 0.1245173215866089
decision_type=2 2 2 2 2 2 2 2 2 2 2 2 2 2
left_child=1 3 13 -1 8 6 -6 -7 9 -2 -5 -4 -10 -3
right_child=4 2 11 10 5 7 -8 -9 12 -11 -12 -13 -14 -15
leaf_value=-0.046727643554747539 0.015230616639628396 -0.021766219292483013 -0.013668043257387233 0.02261236976768331 0.024171813237600592 0.011345259174849244 -0.02617817663610238 -0.059263392673540749 0.023507424881085554 -0.022006772841790957 -0.00709702953309428 -0.038642581349621445 0.049917835475618968 0.048840364183300428
leaf_weight=3.7204648413826353 65.329445445342571 0.49654053185076863 15.333763304981401 19.072682353980781 8.5318282685257127 47.867176549159922 33.755949382786639 2.3868689018709111 5.4579738565298594 13.933765378533279 11.805198826579728 24.531695177698566 6.6426250736840302 2.5036475450033322
leaf_count=3608 5360 671 8221 2894 713 2190 8666 381 269 2161 3898 25960 58 5
internal_value=-5.29799e-10 -0.0112624 -0.0244037 0.00501897 0.00474391 -0.00298058 -0.0160197 0.00799163 0.012568 0.00868462 0.0112539 -0.0290364 0.0380054 0.0371548
internal_weight=261.37 77.464 42.8656 34.5983 183.906 92.5418 42.2878 50.254 91.3638 79.2632 30.8779 39.8655 12.1006 3.00019
internal_count=65055 45257 34857 10400 19798 11950 9379 2571 7848 7521 6792 34181 327 676
is_linear=0
shrinkage=0.04


Tree=54
num_leaves=15
num_cat=0
split_feature=7 3 8 13 21 0 22 13 6 11 14 16 6 18
split_gain=8.28579 9.67021 16.17 7.32015 6.46051 11.4551 5.54092 5.80511 4.35076 3.43468 2.61557 0.597851 0.213171 0.0481634
threshold=0.53956300020217907 0.41149623692035681 -0.55942872166633595 1.2130795121192934 0.97014260249554385 0.25916665792465216 -0.20491365343332288 0.69407168030738842 0.32236002385616308 0.22140526026487353 0.1335747689008713 0.25667735042735046 0.35093304514884954 -0.0034375003306195136
decision_type=2 2 2 2 2 2 2 2 2 2 2 2 2 2
left_child=1 2 9 12 6 10 13 -8 -5 -1 -6 -4 -3 -2
right_child=4 3 11 8 5 -7 7 -9 -10 -11 -12 -13 -14 -15
leaf_value=0.011436918017203772 -0.06834270634762335 -0.058607885978827011 -0.039704342716631515 0.044308479545031081 -0.052148238483358825 0.025795827048916632 0.018972291965123626 0.0027388542723705924 -0.02010759910878222 -0.037738329714330596 -0.016795587782857932 -0.028954305998537606 -0.02652778671767262 -0.055191710541587467
leaf_weight=26.005306336446669 0.71433887584134947 1.4930969986744447 11.257091102284901 9.4702773691096791 7.9312966719735432 6.9527014030609271 55.25579054717673 97.329523288237397 2.0387974657933219 2.4901554109528652 5.7949576439568773 31.271295832950273 0.4259700052498373 1.1842732836375931
leaf_count=1093 64 389 16103 187 881 147 2288 6322 373 245 284 36330 135 214
internal_value=-2.26456e-09 -0.0102915 -0.0161769 0.0208377 0.00496187 -0.0160348 0.00777245 0.00861748 0.0328974 0.0071396 -0.037223 -0.0317998 -0.0514872 -0.0601397
internal_weight=259.615 84.452 71.0238 13.4281 175.163 20.679 154.484 152.585 11.5091 28.4955 13.7263 42.5284 1.91907 1.89861
internal_count=65055 54855 53771 1084 10200 1312 8888 8610 560 1338 1165 52433 524 278
is_linear=0
shrinkage=0.04


Tree=55
num_leaves=14
num_cat=0
split_feature=14 7 7 13 9 11 9 7 8 10 9 17 6
split_gain=7.80106 4.8617 5.18018 6.95944 4.52123 2.63337 1.84615 1.39699 1.01475 0.201829 0.141584 0.152803 0.134142
threshold=0.025279017165303234 2.0031316280364995 0.96642401814460765 0.73526707291603099 28.500000000000004 0.11185164749622346 22.500000000000004 0.22739557176828387 -0.80393108725547779 1.0000000180025095e-35 26.500000000000004 0.035484813153743751 0.089563276618719115
decision_type=2 2 2 2 2 2 2 2 2 2 2 2 2
left_child=5 2 3 -2 -4 8 9 -8 -1 -7 -3 -12 -10
right_child=1 10 4 -5 -6 6 7 -9 12 -11 11 -13 -14
leaf_value=0.014840973947469699 0.0064586678760890073 -0.06086211062151857 0.011885736532934996 -0.012091904131700351 -0.012701271675309747 0.0099755284633587984 0.035257497727841848 -0.038056694001279819 -0.038419451195406663 -0.044698743966626209 -0.051545752169595192 -0.02299027772549243 0.011348436138027749
leaf_weight=0.60973041260149408 63.46090000946424 1.3183223542291664 95.895377168082632 66.021085383748868 13.672595506068317 0.12023986071289927 2.1301399754665913 0.516728949281969 11.904577344947027 1.0636916037037734 0.95358682121150173 0.43733892857562751 0.087288610724500226
leaf_count=28 9059 188 2372 28352 1180 114 757 311 20980 1323 222 99 70
internal_value=2.88912e-09 0.0018127 0.00241657 -0.00300001 0.00881761 -0.026669 0.00237344 0.0209449 -0.0354977 -0.039146 -0.0514695 -0.0425673 -0.0380572
internal_weight=258.192 241.759 239.05 129.482 109.568 16.4324 3.8308 2.64687 12.6016 1.18393 2.70925 1.39093 11.9919
internal_count=65055 41472 40963 37411 3552 23583 2505 1068 21078 1437 509 321 21050
is_linear=0
shrinkage=0.04


Tree=56
num_leaves=15
num_cat=0
split_feature=3 8 13 3 6 15 16 13 0 17 8 18 15 17
split_gain=7.30455 9.87103 7.11224 6.89629 8.61526 6.20033 7.1984 5.9165 5.67349 5.24826 3.04131 2.77492 5.16153 0.397222
threshold=0.25820317864418035 -0.28048808872699732 1.6145068407058718 -0.097015436738729463 0.20687618851661685 60.125946044921882 0.21583850931677021 0.34703135490417486 -0.010922382120043038 -0.062765792012214647 -0.041393369436264031 0.062905870378017439 59.752817153930671 -0.029944380745291706
decision_type=2 2 2 2 2 2 2 2 2 2 2 2 2 2
left_child=1 2 8 4 -3 11 9 -8 -1 -7 -5 12 -2 -4
right_child=5 3 13 10 -6 6 7 -9 -10 -11 -12 -13 -14 -15
leaf_value=0.0068375243002624696 -0.02010524356561744 -0.033409781980592551 0.057814454912509153 -0.033059180410122575 0.050196224124442808 0.019672319297133846 0.041701623301104905 0.0036343098380230104 -0.021680736091826608 -0.0384835449802629 -0.00052470468971774881 0.043627957463125283 0.040757135794351522 0.036404478189233959
leaf_weight=37.301304233325936 4.2163342302665132 3.612295853883551 2.361315307818586 33.743125333203352 4.3429259212571196 3.2525959915510603 6.9372857433627351 111.96074558459804 15.927450888440942 10.491171449713873 5.3223225092442581 8.8929869174025935 4.7311413363786414 3.3585668140149201
leaf_count=5332 232 5083 21 34670 17 175 76 8535 5510 1283 3829 43 50 199
internal_value=-2.15404e-09 -0.00804465 0.00285867 -0.0217139 0.0122325 0.00566502 0.00268727 0.0058554 -0.00169589 -0.0247204 -0.0286266 0.0278042 0.0120769 0.0452431
internal_weight=256.452 105.969 58.9486 47.0207 7.95522 150.482 132.642 118.898 53.2288 13.7438 39.0654 17.8405 8.94748 5.71988
internal_count=65055 54661 11062 43599 5100 10394 10069 8611 10842 1458 38499 325 282 220
is_linear=0
shrinkage=0.04


Tree=57
num_leaves=15
num_cat=0
split_feature=14 13 4 1 3 11 3 15 11 7 22 8 3 15
split_gain=7.11432 14.087 10.0168 8.53536 6.54872 6.32277 5.82524 6.70393 9.43536 7.30209 5.1014 2.95444 4.90987 1.35355
threshold=0.070063553750514998 0.54258248209953319 -0.37669099867343897 0.22956404834985736 0.25820317864418035 0.46109800040721899 0.059941209852695472 63.583404541015632 0.54953023791313182 1.3753412365913393 0.061814030632376678 -0.25530742108821863 -0.097015436738729463 19.826560974121097
decision_type=2 2 2 2 2 2 2 2 2 2 2 2 2 2
left_child=1 4 -3 -4 10 -6 11 9 -9 -8 -1 13 -13 -2
right_child=6 2 3 -5 5 -7 7 8 -10 -11 -12 12 -14 -15
leaf_value=0.00096378604701424916 0.014224101576057122 0.033691500206538758 -0.034604036511331947 0.021735244163540529 0.03896614034998807 -0.02242061536270306 0.023998476031669849 -0.032416108976975909 0.0062046011374587914 -0.027139992279479316 -0.055481204771362536 0.040982103229990727 -0.041590910680909372 -0.046358571806573316
leaf_weight=35.397355774781317 0.65803608577698458 4.5144138134201048 41.330311010533478 4.8024157290928988 13.540209682083516 3.3484886679798356 47.183177358201647 11.69179154269659 75.351885193202179 4.9348284247098482 2.7617587331478708 2.4348667184676742 2.1870655482780403 5.7122366250332561
leaf_count=12419 50 149 39312 400 238 270 2680 2274 3830 238 1005 198 791 1201
internal_value=-1.28051e-09 -0.00795016 -0.0231744 -0.0287391 0.00605699 0.0267951 0.0055962 0.00781048 0.00101703 0.0191564 -0.00312141 -0.0224366 0.00190914 -0.0401005
internal_weight=255.849 105.695 50.6471 46.1327 55.0478 16.8887 150.154 139.162 87.0437 52.118 38.1591 10.9922 4.62193 6.37027
internal_count=65055 53793 39861 39712 13932 508 11262 9022 6104 2918 13424 2240 989 1251
is_linear=0
shrinkage=0.04


Tree=58
num_leaves=15
num_cat=0
split_feature=14 20 15 13 7 14 22 13 2 17 2 1 18 9
split_gain=7.05407 8.96209 5.49163 4.95819 4.77803 5.46115 3.64156 1.89603 2.22016 1.14787 0.794325 1.52805 0.292337 0.122709
threshold=0.045155804604291923 0.32200460829493094 73.259597778320327 1.7908816337585451 2.0031316280364995 0.17156548053026202 -0.060855776071548455 0.33070906996726995 0.020186086185276512 0.041106767952442176 0.1825629994273186 0.19141442328691485 -1.0000000180025095e-35 26.500000000000004
decision_type=2 2 2 2 2 2 2 2 2 2 2 2 2 2
left_child=1 2 6 4 5 -2 -1 8 -3 -9 11 -5 -4 -6
right_child=3 7 12 10 13 -7 -8 9 -10 -11 -12 -13 -14 -15
leaf_value=0.0065811871621705162 0.0025395950165261146 -0.029567643485475643 0.051593672359309867 -0.044884176254177323 -0.059097340675091224 0.023776966126164544 -0.029187725146109941 -0.037277244927356214 0.023356260031173196 0.012424721562784829 -0.054160981866333481 0.065896249605207485 0.031855121567885877 -0.041611392026630084
leaf_weight=13.588293551802057 175.29608315078804 3.1943783988826935 2.4963742253894452 0.66177851346583283 1.2304558098549017 21.780380082840566 6.8496351416251864 19.710281148814833 2.1032820698528667 0.77261913549591454 2.6778036626856192 0.28502011371892877 2.3127583622117518 1.3429636372020466
leaf_count=3920 21107 3038 43 746 185 342 6697 26572 224 662 820 34 348 317
internal_value=1.46434e-09 -0.0132967 0.00364289 0.00333785 0.00417958 0.00488669 -0.00540652 -0.0298857 -0.00855575 -0.0354025 -0.0430265 -0.0115353 0.0421012 -0.0499721
internal_weight=254.302 51.0276 25.2471 203.274 199.65 197.076 20.4379 25.7806 5.29766 20.4829 3.6246 0.946799 4.80913 2.57342
internal_count=65055 41504 11008 23551 21951 21449 10617 30496 3262 27234 1600 780 391 502
is_linear=0
shrinkage=0.04


Tree=59
num_leaves=13
num_cat=0
split_feature=3 0 21 10 13 15 9 7 13 13 1 7
split_gain=6.78341 8.40151 8.38785 6.93861 5.95249 6.17337 8.46136 3.66455 3.59134 4.14684 1.91137 0.641955
threshold=0.25820317864418035 -0.0091434828937053663 0.84292763157894746 0.10566107183694841 0.36087131500244146 63.583404541015632 27.500000000000004 1.3753412365913393 0.51094964146614086 0.50062769651412975 -0.14050224423408506 0.77835485339164745
decision_type=2 2 2 2 2 2 2 2 2 2 2 2
left_child=1 2 3 -1 -2 7 -7 -6 9 -3 -10 -4
right_child=4 8 11 -5 5 6 -8 -9 10 -11 -12 -13
leaf_value=-0.0057265026324054757 0.038993971965054962 -0.015875475451861427 -0.037139088082725667 0.023037571750372136 0.023028540588455489 0.0035014416886055668 -0.028015679718765969 -0.018896883150117408 0.019321690277272902 0.039133913657194021 -0.033690295378049802 -0.067169475430996495
leaf_weight=32.400729533132107 7.992308224347652 14.230831672626666 3.6064211191769564 22.902910766104469 30.225199986583903 92.66453492011351 15.979347184489596 3.7494896848220369 1.1399744522350399 2.5919825199380275 23.968295199811109 1.6646611019968984
leaf_count=14765 109 7710 3331 2829 885 6251 2991 158 123 288 25445 170
internal_value=-3.61918e-09 -0.00793739 0.00159028 0.00618557 0.00540218 0.00351971 -0.0011341 0.0184016 -0.0217013 -0.00739988 -0.0312834 -0.046623
internal_weight=253.117 102.506 60.5747 55.3036 150.611 142.619 108.644 33.9747 41.9311 16.8228 25.1083 5.27108
internal_count=65055 54661 21095 17594 10394 10285 9242 1043 33566 7998 25568 3501
is_linear=0
shrinkage=0.04


Tree=60
num_leaves=14
num_cat=0
split_feature=3 1 17 16 1 0 19 17 1 13 1 9 8
split_gain=6.37962 7.86065 6.71093 5.80675 4.88217 5.33976 9.891 4.84071 3.93112 3.02498 1.06829 0.145297 0.0643551
threshold=0.10534156486392023 -0.039414959028363221 -0.036386946216225617 0.18634259259259262 0.58096843957901012 0.10124255716800691 0.87939393939393951 0.027205673977732662 -0.042480014264583581 0.50062769651412975 0.1245173215866089 25.500000000000004 -0.39818917214870447
decision_type=2 2 2 2 2 2 2 2 2 2 2 2 2
left_child=1 3 10 12 5 6 -2 -7 -5 -4 -3 -6 -1
right_child=4 2 9 8 11 7 -8 -9 -10 -11 -12 -13 -14
leaf_value=-0.052879661871817939 0.0033872620047023547 -0.019319928489688873 -0.013066044519573702 0.0033314184817872243 -0.070481400952074932 0.02343198940429261 -0.042118608690369118 -0.0068533181295270668 0.042174675022529085 -0.036661454037373309 0.047319590402939038 -0.047727274917907361 -0.041377117067161101
leaf_weight=1.2209909592347687 122.77198017294359 0.45824906609050176 14.739520494673341 24.762289751379285 1.0580206381855521 35.806258912976773 8.1496195171566779 11.050388589574139 5.0126190346854882 21.192925362942333 2.4045963264070451 0.78005620499607164 2.1462038865865898
leaf_count=409 14168 671 8406 6183 112 1469 2733 1183 609 25775 5 133 3199
internal_value=-6.38197e-10 -0.0100656 -0.0222867 0.00424022 0.00403131 0.00470187 0.000554608 0.0162897 0.0098707 -0.0269826 0.0366528 -0.0608248 -0.0455481
internal_weight=251.554 71.9374 38.7953 33.1421 179.616 177.778 130.922 46.8566 29.7749 35.9324 2.86285 1.83808 3.36719
internal_count=65055 45257 34857 10400 19798 19553 16901 2652 6792 34181 676 245 3608
is_linear=0
shrinkage=0.04


Tree=61
num_leaves=15
num_cat=0
split_feature=14 22 5 16 21 8 20 11 9 7 8 4 21 6
split_gain=6.52213 4.34631 6.54881 5.93436 5.07924 12.411 6.77557 2.37879 1.67573 1.23947 0.737287 0.246974 0.196376 0.170264
threshold=0.025279017165303234 -0.11520701646804808 -0.073579486459493623 0.29520697167755999 0.84752415458937203 -0.14579091221094129 0.92770034843205595 0.11185164749622346 22.500000000000004 0.22739557176828387 -0.80393108725547779 -0.21925535798072812 0.050641025641025648 0.089563276618719115
decision_type=2 2 2 2 2 2 2 2 2 2 2 2 2 2
left_child=7 2 3 -2 6 -6 -3 10 12 -10 -1 -4 -9 -12
right_child=1 4 11 -5 5 -7 -8 8 9 -11 13 -13 -14 -15
leaf_value=0.010874694673023731 -0.053692441982502025 0.0089894395684537148 -0.066140171690601005 0.017457425500201674 -0.031607032081755727 0.0050390106312174802 -0.039328866993389416 0.005631991013980168 0.033985283690468403 -0.036873438180108631 -0.037676142498475701 -0.045060734307527633 -0.045422132419438557 0.018948333404300657
leaf_weight=0.53570022829808195 2.407596564502458 142.22973227952752 1.0527803661534569 8.4886971530941064 20.803154102424742 51.128932977437216 4.8001834547030731 0.13794073657481865 2.0404957261271197 0.48977961765922362 10.542532990701144 5.7273314561170974 0.95584397450875258 0.085654083726695585
leaf_count=28 652 25387 136 604 4838 6178 1253 49 757 311 20980 2424 1388 70
internal_value=-2.82903e-09 0.0016105 -0.0174689 0.00173647 0.00315074 -0.00555923 0.00741196 -0.0257714 0.0023861 0.0202693 -0.034912 -0.0483338 -0.0389835 -0.0372198
internal_weight=251.426 236.638 17.6764 10.8963 218.962 71.9321 147.03 14.7879 3.62406 2.53028 11.1639 6.78011 1.09378 10.6282
internal_count=65055 41472 3816 1256 37656 11016 26640 23583 2505 1068 21078 2560 1437 21050
is_linear=0
shrinkage=0.04


Tree=62
num_leaves=15
num_cat=0
split_feature=14 3 7 13 10 20 20 12 3 8 2 7 1 4
split_gain=5.76446 9.81781 13.9565 8.83638 11.9463 15.4812 8.40328 7.93719 7.03132 5.89388 5.8712 3.77313 2.8627 1.93476
threshold=0.10585229471325876 0.52180993556976329 1.3102507591247561 0.73526707291603099 0.28939533233642584 0.81322674418604668 0.090593434343434351 0.83578634262084972 0.25820317864418035 -0.063329733908176408 -0.064807116985321031 1.3753412365913393 -0.15072543174028394 -0.37669099867343897
decision_type=2 2 2 2 2 2 2 2 2 2 2 2 2 2
left_child=3 6 12 8 13 -6 -2 -4 10 -10 -1 -8 -3 -5
right_child=1 2 7 4 5 -7 11 -9 9 -11 -12 -13 -14 -15
leaf_value=0.0079033634329454157 -0.048874569421097885 -0.0048326431233005149 -0.035738957524666055 0.022245382327263363 0.020002311607307571 -0.03695182287497923 0.0283235632054709 0.021254388103218159 0.021467982843128987 -0.038158194255037407 -0.016989664051178504 -0.0084042524299598187 -0.06030002647094472 -0.032522955323513639
leaf_weight=29.498321427265182 2.6596599696204057 1.8555222174618391 5.0196488798246746 1.0630511397903308 23.865208178947796 11.229140262330473 40.554800282014185 17.680414938600734 35.415257843807922 2.8671927705363478 31.18762835473899 5.030539669096469 7.5316109867417236 35.355971830242197
leaf_count=5938 357 80 442 119 1759 1870 1517 613 1051 425 18113 176 909 31686
internal_value=1.72632e-10 0.008834 -0.00831279 -0.00416264 -0.0148757 0.00177869 0.0202381 0.00865149 0.00357847 0.0170022 -0.00488962 0.0242705 -0.049336 -0.0309243
internal_weight=250.814 80.3322 32.0872 170.482 71.5134 35.0943 48.245 22.7001 98.9684 38.2825 60.6859 45.5853 9.38713 36.419
internal_count=65055 4094 2044 60961 35434 3629 2050 1055 25527 1476 24051 1693 989 31805
is_linear=0
shrinkage=0.04


Tree=63
num_leaves=14
num_cat=0
split_feature=11 7 7 7 6 14 13 8 20 6 8 0 19
split_gain=6.28871 8.66949 6.73805 6.15978 4.96293 6.96496 4.87797 2.31873 2.21018 3.74141 0.518605 0.282868 0.0728868
threshold=0.10629121214151384 -0.27923780679702753 -0.0060545338783413163 1.2519875168800356 0.026654535904526714 0.072480846196413054 0.78379634022712719 -0.80393108725547779 0.021054964539007095 -0.17343985289335248 -0.64870634675025929 0.12532272189855578 0.23647660818713453
decision_type=2 2 2 2 2 2 2 2 2 2 2 2 2
left_child=1 8 10 7 6 -6 -4 -3 -1 -10 12 -12 -2
right_child=2 3 4 -5 5 -7 -8 -9 9 -11 11 -13 -14
leaf_value=0.049733178472964518 -0.071594264381240863 0.011118014177928588 0.028204896120923601 0.045950481970537603 -0.011019958167499701 0.0063338065332593221 -0.03800374987004821 -0.034672699236512144 -0.044873616642734551 0.024654142037238959 -0.037219535418631954 0.027408820623074596 -0.054579517763948086
leaf_weight=2.6280944510217505 0.77859609969891586 1.9101245312485868 19.203070054012645 1.7639970595482726 50.756267324813962 136.57602769449295 1.9623986625811074 24.009296477481261 1.6892895164637591 4.6388749719044426 3.052989913790952 0.11234444912406605 0.83465776173397899
leaf_count=23 63 67 1764 9 15224 8967 1584 33121 214 284 3528 69 138
internal_value=-3.82046e-09 -0.0153087 0.00262995 -0.0263759 0.0037063 0.00163194 0.0220662 -0.0312982 0.0188992 0.00609386 -0.0443332 -0.0349257 -0.0627913
internal_weight=249.916 36.6397 213.276 27.6834 208.498 187.332 21.1655 25.9194 8.95626 6.32816 4.77859 3.16533 1.61325
internal_count=65055 33718 31337 33197 27539 24191 3348 33188 521 498 3798 3597 201
is_linear=0
shrinkage=0.04


Tree=64
num_leaves=15
num_cat=0
split_feature=14 18 0 19 6 11 9 7 8 21 6 7 9 13
split_gain=5.40782 4.22237 4.34894 8.80335 7.04713 2.535 1.68397 1.2053 0.860239 0.209845 0.16983 0.0628054 0.0599275 0.0320873
threshold=0.025279017165303234 0.39281384646892553 0.09701185300946237 0.87939393939393951 0.2774875015020371 0.11185164749622346 22.500000000000004 0.22739557176828387 -0.80393108725547779 0.050641025641025648 0.089563276618719115 1.0014944672584536 24.500000000000004 1.3409076929092409
decision_type=2 2 2 2 2 2 2 2 2 2 2 2 2 2
left_child=5 2 3 -2 -4 8 9 -8 -1 -7 -10 13 -13 -3
right_child=1 11 4 -5 -6 6 7 -9 10 -11 -12 12 -14 -15
leaf_value=0.012123078151714123 0.0013343067138887775 -0.034193425556113988 -0.041507977214252839 -0.035193061881607063 0.016427138762544136 0.0074360077148656976 0.034238429732117694 -0.036305618191913691 -0.037239448177662136 -0.045219893995751388 0.019551804357148924 -0.068365085244898358 -0.051054699489787692 -0.051294500184052155
leaf_weight=0.61161127686500449 170.3753918578368 0.25039971877413281 3.6165457981187492 11.254093944706254 47.226591019076295 0.13964423123979874 2.1690656046921508 0.47181387493037608 9.8511026426422141 0.91159847293965868 0.084977093516500513 0.68335923133417942 0.60177034942898899 0.58730145650042687
leaf_count=28 31141 116 1534 6290 1950 49 757 311 20980 1388 70 77 137 227
internal_value=-3.42258e-09 0.0014528 0.0019656 -0.000928996 0.0123061 -0.0239344 0.00459137 0.0216352 -0.0339196 -0.0382252 -0.0367537 -0.0547045 -0.0602594 -0.0461828
internal_weight=248.835 234.595 232.473 181.629 50.8431 14.2398 3.69212 2.64088 10.5477 1.05124 9.93608 2.12283 1.28513 0.837701
internal_count=65055 41472 40915 37431 3484 23583 2505 1068 21078 1437 21050 557 214 343
is_linear=0
shrinkage=0.04


Tree=65
num_leaves=15
num_cat=0
split_feature=3 8 13 13 22 4 15 9 4 9 0 0 7 17
split_gain=5.64893 8.00964 6.85862 6.12797 6.08422 5.27075 5.22815 8.55481 4.96872 8.8944 4.19489 3.40471 1.2745 0.357794
threshold=0.25820317864418035 -0.28048808872699732 1.5829206109046938 1.6145068407058718 0.18323867768049243 1.461459279060364 63.583404541015632 27.500000000000004 1.1045253872871401 24.500000000000004 -0.016948022879660126 0.081971663981676116 1.0014944672584536 -0.029944380745291706
decision_type=2 2 2 2 2 2 2 2 2 2 2 2 2 2
left_child=1 3 6 10 5 -4 11 -8 12 -10 -1 -2 -3 -5
right_child=2 8 4 13 -6 -7 7 -9 9 -11 -12 -13 -14 -15
leaf_value=0.0066840447332705165 0.012493832588659555 -0.026282832237463635 -0.026872296527770071 0.054897970007156537 -0.058349416167823034 0.045425808420000838 0.0073767774609483742 -0.026101951573179929 0.027745773461469746 -0.052835335740108826 -0.017455608421140714 0.039655585489747291 -0.059352646471806325 0.034096357594315341
leaf_weight=32.605187181085057 24.378570141183445 30.120145728964417 4.3733228369310364 2.302207482047379 4.9251276279974263 2.5565282017923892 90.379408363318362 14.120073802681871 7.2746926157269609 3.1366106262430549 17.809342886605009 10.592018439929232 1.9876980363624159 3.1104815219441653
leaf_count=4376 818 42817 910 21 949 29 5004 2556 72 513 6466 128 197 199
internal_value=-3.92231e-09 -0.00746337 0.00485045 0.00249886 -0.0243583 -0.000200418 0.0073332 0.0028531 -0.0205437 0.00346912 -0.00184348 0.0207207 -0.0283301 0.042944
internal_weight=249.671 98.3464 151.325 55.8272 11.855 6.92985 139.47 104.499 42.5191 10.4113 50.4145 34.9706 32.1078 5.41269
internal_count=65055 54661 10394 11062 1888 939 8506 7560 43599 585 10842 946 43014 220
is_linear=0
shrinkage=0.04


Tree=66
num_leaves=14
num_cat=0
split_feature=14 9 4 21 13 9 3 17 9 21 1 11 5
split_gain=5.18651 8.15076 9.45159 8.07331 7.16017 9.83915 7.89311 5.29188 4.2887 3.73359 2.27259 0.74519 0.639633
threshold=0.10585229471325876 18.500000000000004 0.84450203180313121 0.97014260249554385 0.91683486104011547 14.500000000000002 0.25820317864418035 0.050072137266397483 26.500000000000004 0.10102040816326532 0.34960317611694341 0.56628665328025829 0.038975384086370475
decision_type=2 2 2 2 2 2 2 2 2 2 2 2 2
left_child=3 9 8 4 6 -6 -1 -4 -3 -2 12 -11 -5
right_child=1 2 7 10 5 -7 -8 -9 -10 11 -12 -13 -14
leaf_value=-0.0059572405444293921 0.025118105987279891 0.03633965229686871 0.0043411527249658148 -0.031728151325982279 0.011327626833904819 -0.030102591479963622 0.014968649031444943 -0.055295900198789404 -0.015524859704476424 -0.032078381478008761 0.0050147243887421885 -0.065555152053087679 -0.054662303340675032
leaf_weight=65.251872754794022 1.2218598786275823 24.150916395708922 44.094389642472379 2.9839472119383554 13.839155196568752 27.193161359173246 51.683723058544274 2.5165272965095928 2.8522395691397824 1.661812493461184 1.6170253077289078 2.956941828422714 5.5923328311437217
leaf_count=30686 91 599 1987 4249 8152 13602 2376 386 505 284 80 242 1816
internal_value=1.95419e-09 0.00842193 0.0120306 -0.00397929 -0.00175292 -0.0161292 0.00329168 0.00112134 0.0308614 -0.0370612 -0.0384817 -0.0535103 -0.0466828
internal_weight=247.616 79.4547 73.6141 168.161 157.968 41.0323 116.936 46.6109 27.0032 5.84061 10.1933 4.61875 8.57628
internal_count=65055 4094 3477 60961 54816 21754 33062 2373 1104 617 6145 526 6065
is_linear=0
shrinkage=0.04


Tree=67
num_leaves=14
num_cat=0
split_feature=14 13 4 1 11 3 18 12 13 20 1 13 9
split_gain=4.95582 10.7842 8.70468 7.01005 6.00639 7.56161 4.43259 4.79079 9.50241 9.45762 1.65708 4.13183 0.131426
threshold=0.070063553750514998 0.54258248209953319 -0.37669099867343897 0.22956404834985736 0.56628665328025829 0.25820317864418035 -0.10063310712575911 0.93189403414726268 1.427381753921509 0.50347222222222232 0.082823902368545546 1.4501647353172304 22.500000000000004
decision_type=2 2 2 2 2 2 2 2 2 2 2 2 2
left_child=1 4 -3 -4 5 -1 10 9 -9 -8 11 -2 -6
right_child=6 2 3 -5 12 -7 7 8 -10 -11 -12 -13 -14
leaf_value=-0.001982566052230285 -0.044675026676406396 0.03241311712001077 -0.032003715477005396 0.019659902953675902 -0.074788772968214609 0.031582613068573705 0.010212698192924162 0.02501623336413536 -0.053738218150644376 -0.013346732990556321 0.047303924976133435 0.047711631851474361 -0.053928433373504156
leaf_weight=35.312284386804095 1.2936384788044946 4.4623411880747872 38.038630644437944 4.7240131211874532 0.86622618651017447 15.431768193098831 58.180602651838853 25.889192976726921 2.7077228218404334 51.303108980828256 5.0805402291589417 1.9302205883650456 1.0929587750579228
leaf_count=13330 254 149 39312 400 63 320 4309 816 541 5226 85 31 219
internal_value=-1.37835e-09 -0.00686717 -0.0207489 -0.0262964 0.00557159 0.00822494 0.0046878 0.00298082 0.0175593 -0.000827045 0.0330704 0.0106396 -0.0631515
internal_weight=246.313 99.9282 47.225 42.7626 52.7032 50.7441 146.385 138.081 28.5969 109.484 8.3044 3.22386 1.95918
internal_count=65055 53793 39861 39712 13932 13650 11262 10892 1357 9535 370 285 282
is_linear=0
shrinkage=0.04


Tree=68
num_leaves=14
num_cat=0
split_feature=14 14 22 8 15 3 11 9 18 8 21 6 13
split_gain=4.79146 4.02095 5.42191 9.80309 4.15425 2.90238 2.30773 1.52538 1.14243 0.806372 0.201979 0.189655 0.119314
threshold=0.025279017165303234 0.026244658976793293 -0.11520701646804808 -0.64870634675025929 36.934469223022468 -0.099010068923234926 0.11185164749622346 22.500000000000004 0.022812555544078354 -0.80393108725547779 0.050641025641025648 0.089563276618719115 0.47076143324375158
decision_type=2 2 2 2 2 2 2 2 2 2 2 2 2
left_child=6 5 3 -3 -4 -2 9 10 -9 -1 -8 -11 -7
right_child=1 2 4 -5 -6 12 7 8 -10 11 -12 -13 -14
leaf_value=0.010869169879201715 0.05149002913540357 0.020300510048449693 -0.02392791414970788 -0.046075544869600277 0.0034745552146280868 -0.057606248395659573 0.0067336351090265568 -0.031169724874649498 0.03560640467816073 -0.036570870734722476 -0.044641814423215229 0.022826619744705914 -0.023535474679156482
leaf_weight=0.62641419819556077 3.9667496423426201 5.5518714017234734 9.2591603898399608 9.9233022559637885 201.21232667950972 0.24846794048789789 0.14322009243187439 0.51851480334153199 1.9574523928895358 9.2195376600538985 0.84376744439214235 0.086820004828042197 0.48637353009689832
leaf_count=28 207 220 4438 3510 32280 78 49 471 597 20980 1388 70 739
internal_value=-9.27241e-10 0.00135073 0.000588879 -0.0222625 0.00226905 0.0379633 -0.0232569 0.00486087 0.0216222 -0.0330599 -0.0371868 -0.0360167 -0.0350556
internal_weight=244.044 230.648 225.947 15.4752 210.471 4.70159 13.3957 3.46295 2.47597 9.93277 0.986988 9.30636 0.734841
internal_count=65055 41472 40448 3730 36718 1024 23583 2505 1068 21078 1437 21050 817
is_linear=0
shrinkage=0.04


Tree=69
num_leaves=15
num_cat=0
split_feature=0 19 6 8 18 19 17 1 17 11 16 6 7 7
split_gain=4.60655 7.79592 6.05804 6.01108 5.19162 13.3095 4.53774 8.39785 7.99439 2.25844 1.23615 1.06868 0.282985 0.254612
threshold=0.09701185300946237 0.79238505747126442 0.2774875015020371 -0.46841265261173243 -0.0133732333779335 0.91445993031358896 -0.0044896719045937053 0.34960317611694341 -0.0090109403245151026 0.20897409319877627 0.4156504065040651 0.31370884180068975 0.41019530594348913 -0.17903817445039746
decision_type=2 2 2 2 2 2 2 2 2 2 2 2 2 2
left_child=1 6 12 9 10 -6 8 -8 -1 -3 -4 -5 13 -2
right_child=2 3 4 11 5 -7 7 -9 -10 -11 -12 -13 -14 -15
leaf_value=-0.0041169706549290157 0.035771152214113665 -0.031682017461052044 0.040570511443445693 -0.028138610505898606 0.02302903402223206 -0.03304166562580664 -0.01315642903419016 0.03127127983156236 0.018475672032310535 0.03120997386960335 0.018033069781263018 -0.048662264734909332 -0.049546698494727488 -0.030840878999636848
leaf_weight=59.207875678821438 0.10267283403663929 1.2220749906700827 10.579948524828071 12.738159200904194 20.589412637345962 10.094183959285145 58.494465902342199 7.7039469284936777 43.449036627866008 3.6187904176767915 6.1616470591980024 5.9581009773391989 2.302160648687277 0.86781778142176247
leaf_count=13944 49 383 103 12799 919 907 25413 188 7586 132 202 935 541 954
internal_value=-8.6181e-10 -0.0028266 0.0107266 -0.0243931 0.0143589 0.00458309 0.000179604 -0.00798608 0.00544525 0.0153329 0.0322757 -0.0346791 -0.0419098 -0.0237937
internal_weight=243.09 192.392 50.6978 23.5371 47.4252 30.6836 168.855 66.1984 102.657 4.84087 16.7416 18.6963 3.27265 0.970491
internal_count=65055 61380 3675 14249 2131 1826 47131 25601 21530 515 305 13734 1544 1003
is_linear=0
shrinkage=0.04


Tree=70
num_leaves=15
num_cat=0
split_feature=14 20 15 7 15 0 22 13 2 17 17 7 9 17
split_gain=4.77014 5.68331 5.02499 4.09106 3.88326 3.68918 2.82645 1.84178 2.0845 1.32759 0.299308 0.141068 0.135307 0.157991
threshold=0.044485718011856086 0.32529069767441871 73.259597778320327 2.0031316280364995 90.036285400390639 0.09701185300946237 -0.060855776071548455 0.33070906996726995 0.020186086185276512 0.041106767952442176 -0.005289003485813736 1.0014944672584536 26.500000000000004 0.035484813153743751
decision_type=2 2 2 2 2 2 2 2 2 2 2 2 2 2
left_child=1 2 6 4 5 -2 -1 8 -3 -9 -4 -6 -5 -14
right_child=3 7 10 12 11 -7 -8 9 -10 -11 -12 -13 13 -15
leaf_value=0.0039150712608028142 0.00063441732835098287 -0.027185167486419207 0.04837247435451289 -0.057448753966389113 -0.04782603125750573 0.013356659678619489 -0.029339972215654032 -0.034952106925129373 0.026287351698421012 0.021922266208622494 0.027876273323034995 -0.071800710207036073 -0.048547297800398591 -0.019196426044600132
leaf_weight=12.08150006495271 145.85907839034917 2.7539003425044966 2.5857525216124486 1.208246989292092 0.82291347348654997 48.626981694353162 6.1815735432828669 16.264331227022925 2.0235112302179914 0.68430683036785822 2.0388008400404933 0.75110277254134417 0.89960032160161041 0.43548056099098176
leaf_count=3914 20129 3004 65 188 211 3141 6749 26080 222 628 330 73 222 99
internal_value=2.59765e-09 -0.0118192 0.00209048 0.00265503 0.0033089 0.00381534 -0.00734089 -0.0264725 -0.00453645 -0.0326558 0.0393364 -0.0592665 -0.0477505 -0.0389735
internal_weight=243.217 44.6137 22.8876 198.603 196.06 194.486 18.2631 21.726 4.77741 16.9486 4.62455 1.57402 2.54333 1.33508
internal_count=65055 40992 11058 24063 23554 23270 10663 29934 3226 26708 395 284 509 321
is_linear=0
shrinkage=0.04


Tree=71
num_leaves=14
num_cat=0
split_feature=14 14 22 8 14 3 11 9 7 8 19 6 21
split_gain=4.41365 3.67283 4.87529 8.76345 3.76703 2.51049 1.93674 1.30377 1.01084 0.773434 0.228654 0.183889 0.183323
threshold=0.025279017165303234 0.026244658976793293 -0.11520701646804808 -0.64870634675025929 0.10844151675701143 -0.10491704568266867 0.11185164749622346 22.500000000000004 0.2579264640808106 -0.80393108725547779 0.86930641821946175 0.089563276618719115 0.050641025641025648
decision_type=2 2 2 2 2 2 2 2 2 2 2 2 2
left_child=6 5 3 -3 -4 -2 9 12 -9 -1 -7 -11 -8
right_child=1 2 4 -5 -6 10 7 8 -10 11 -12 -13 -14
leaf_value=0.010727489834721436 0.050580358907910926 0.018564221992201622 -0.0017985764412274958 -0.044716471028107434 0.0094325382433375019 -0.03857605993724527 0.0046818420504802435 0.031229004361831111 -0.037839785871461674 -0.035978772984210851 0.029621251499919902 0.022088991221160016 -0.044333669365208633
leaf_weight=0.62341095739975472 3.7202022877972922 5.5398408971959716 136.58844804580076 9.5163514044179447 73.493388857939863 0.64636650248576089 0.1445470768376248 1.9471966554701796 0.41050355746847333 8.6303731025946 0.089561438631790224 0.088149521878222781 0.78572939494188176
leaf_count=28 190 220 33295 3510 3423 690 49 801 267 20980 144 70 1388
internal_value=3.96631e-10 0.0012664 0.000554636 -0.0214327 0.00213043 0.0372269 -0.0230213 0.00338145 0.0192033 -0.032314 -0.0302765 -0.0353917 -0.0367176
internal_weight=242.224 229.594 225.138 15.0562 210.082 4.45613 12.6299 3.28798 2.3577 9.34193 0.735928 8.71852 0.930276
internal_count=65055 41472 40448 3730 36718 1024 23583 2505 1068 21078 834 21050 1437
is_linear=0
shrinkage=0.04


Tree=72
num_leaves=11
num_cat=0
split_feature=14 1 0 19 6 9 18 19 8 6
split_gain=4.1383 3.64136 4.15837 6.79702 5.85193 0.167588 0.0901183 0.140873 0.0545606 0.0836056
threshold=0.014084937050938608 0.58096843957901012 0.09701185300946237 0.87939393939393951 0.2774875015020371 26.500000000000004 -0.094126332551240907 0.54598308668076123 -0.55942872166633595 -0.14752499014139173
decision_type=2 2 2 2 2 2 2 2 2 2
left_child=6 2 3 -2 -4 -3 7 -1 -8 -10
right_child=1 5 4 -5 -6 -7 8 -9 9 -11
leaf_value=0.064818313299790278 0.0003186240955984005 -0.067931522977050018 -0.040987211867507867 -0.032108751032255203 0.015033790302318646 -0.042264207164668048 -0.051718704157005198 -0.040969927089773386 0.016035302214431384 -0.037631980842537785
leaf_weight=0.034858960323617683 174.71662230098445 1.0181252524489526 3.1883045068825586 10.992973452790464 46.431730436117505 0.67807423567865033 0.44813356309896324 0.047701286886876915 0.046991813491331302 3.9892812041762218
leaf_count=76 41625 130 1543 8138 1950 118 81 154 63 11177
internal_value=-1.39401e-09 0.000726682 0.0011476 -0.0016009 0.0114342 -0.0576707 -0.0377149 0.00369646 -0.0384773 -0.0370072
internal_weight=241.593 237.026 235.33 185.71 49.62 1.6962 4.56697 0.0825602 4.48441 4.03627
internal_count=65055 53504 53256 49763 3493 248 11551 230 11321 11240
is_linear=0
shrinkage=0.04


Tree=73
num_leaves=15
num_cat=0
split_feature=3 2 15 9 7 19 18 18 13 18 14 17 7 6
split_gain=3.996 5.58573 5.00077 6.64137 9.07738 6.08295 5.86215 5.69589 4.09979 3.87661 3.64662 3.36084 2.70181 1.05042
threshold=0.10534156486392023 -0.059970933943986886 66.917377471923842 21.500000000000004 1.4553748369216921 0.12632978723404256 0.22355104982852939 0.069607369601726546 1.2564900517463686 -0.071523930877447114 0.22027926892042163 -0.0063204308971762648 1.0014944672584536 0.29136314988136297
decision_type=2 2 2 2 2 2 2 2 2 2 2 2 2 2
left_child=1 9 5 6 -5 7 -4 -2 -7 13 12 -11 -3 -1
right_child=2 10 3 4 -6 8 -8 -9 -10 11 -12 -13 -14 -15
leaf_value=-0.042507446348435396 -0.053600704904535501 -0.019624311344812524 0.012648920445445647 -0.027713290392546847 0.0075535318671672517 0.0069431965782093723 -0.046517353086280133 0.011688040417149832 0.026316162600890418 0.019314657256481692 0.035134036015750568 -0.0093025345526478592 -0.062642653366478576 0.03130999021205793
leaf_weight=3.2581535169410958 4.424701325093336 28.940944525056697 37.594799474354659 28.992297954362584 19.552914991509169 51.974077184968337 2.8849499182397258 4.1369137418369064 26.333305625579669 17.507206636997587 1.8201994491973881 10.506862464222644 2.5410753855830981 0.34068762860260893
leaf_count=3283 907 33894 3680 6601 1047 4930 622 313 1698 3647 19 4141 264 9
internal_value=-1.62801e-09 -0.00848182 0.00313028 -0.0035321 -0.0135086 0.00995802 0.0084322 -0.0220536 0.013458 0.00356109 -0.0199138 0.00858159 -0.0230965 -0.0355195
internal_weight=240.809 64.9151 175.894 89.025 48.5452 86.869 40.4797 8.56162 78.3074 31.6129 33.3022 28.0141 31.482 3.59884
internal_count=65055 45257 19798 11950 7648 7848 4302 1220 6628 11080 34177 7788 34158 3292
is_linear=0
shrinkage=0.04


Tree=74
num_leaves=14
num_cat=0
split_feature=11 7 7 7 6 14 13 20 3 8 8 0 19
split_gain=3.91681 6.7914 5.58511 4.57455 4.42822 4.96195 4.09056 2.11995 3.26463 1.7859 0.474375 0.304578 0.067561
threshold=0.10629121214151384 -0.27923780679702753 -0.0060545338783413163 1.2519875168800356 0.026654535904526714 0.072480846196413054 0.78379634022712719 0.021054964539007095 -0.15657348930835721 -0.80393108725547779 -0.64870634675025929 0.12532272189855578 0.24744897959183676
decision_type=2 2 2 2 2 2 2 2 2 2 2 2 2
left_child=1 7 10 9 6 -6 -4 -1 -9 -3 12 -12 -2
right_child=2 3 4 -5 5 -7 -8 8 -10 -11 11 -13 -14
leaf_value=0.047925706081729393 -0.069613428897799451 0.0090395036305622681 0.026375254285631131 0.042441518687310324 -0.0099748077588222572 0.0049849821263608044 -0.036191322122254614 -0.041359281824867873 0.023288935133231044 -0.031632583377431293 -0.03586979652740558 0.030764049635160284 -0.052481930890236735
leaf_weight=2.5819514415925351 0.74177092581521697 1.883884109789508 18.482517438915242 1.5656233422923822 48.222916386883298 134.19436824243166 1.8382167662348354 1.7548889793106353 4.3423493305162992 20.791311221688378 2.8007193412740885 0.11423285173077591 0.73158009158214554
leaf_count=23 66 67 1764 9 15224 8967 1584 242 256 33121 3528 69 135
internal_value=1.67204e-09 -0.0128164 0.002037 -0.0236876 0.00300336 0.00103029 0.0207155 0.0175465 0.00468208 -0.0282535 -0.0426085 -0.0332585 -0.0611069
internal_weight=240.046 32.92 207.126 24.2408 202.738 182.417 20.3207 8.67919 6.09724 22.6752 4.3883 2.91495 1.47335
internal_count=65055 33718 31337 33197 27539 24191 3348 521 498 33188 3798 3597 201
is_linear=0
shrinkage=0.04


Tree=75
num_leaves=11
num_cat=0
split_feature=14 4 2 14 10 18 17 13 8 6
split_gain=3.70562 3.64534 3.75592 4.20336 0.24336 0.0971974 0.154316 0.0848682 0.0490119 0.0855391
threshold=0.014084937050938608 2.7207884788513188 0.94592595100402843 0.10844151675701143 1.0036979317665102 -0.094126332551240907 -0.011506565846502779 1.2000194787979128 -0.55942872166633595 -0.14752499014139173
decision_type=2 2 2 2 2 2 2 2 2 2
left_child=5 2 3 -2 7 6 -1 -3 -7 -10
right_child=1 4 -4 -5 -6 8 -8 -9 9 -11
leaf_value=-0.040900189593009409 -0.0020558004353436175 -0.056396853428026604 -0.065385818870725754 0.0095827452283325475 -0.02312735275858115 -0.051144168875673635 0.07191124307675556 -0.038300204168151809 0.017091117050605099 -0.037225084618630833
leaf_weight=0.046024582730751717 158.02744916569281 1.5599598352564497 1.3470709600369435 72.395650043370551 0.62133358872961242 0.40794014977291215 0.033538800940732361 0.56474771525245149 0.046981108433101659 3.6880986140567975
leaf_count=144 49517 254 170 3309 132 81 86 122 63 11177
internal_value=-3.88384e-09 0.000668697 0.00121153 0.00160086 -0.0451474 -0.0371387 0.00665385 -0.0515868 -0.0379797 -0.0365419
internal_weight=238.739 234.516 231.77 230.423 2.74604 4.22258 0.0795634 2.12471 4.14302 3.73508
internal_count=65055 53504 52996 52826 508 11551 230 376 11321 11240
is_linear=0
shrinkage=0.04


Tree=76
num_leaves=15
num_cat=0
split_feature=14 13 7 14 18 5 21 20 6 18 2 18 2 4
split_gain=3.49372 3.51248 3.43102 4.06002 0.133754 0.100989 0.44536 0.567527 0.0438225 0.196726 0.0310745 0.0266286 0.0181117 0.0084456
threshold=0.014084937050938608 1.8432438969612124 2.0031316280364995 0.10844151675701143 0.21139615774154666 -0.039155710488557809 0.27543103448275869 0.34178433889602061 -0.067207437008619295 0.029114510864019397 0.31248785555362707 -0.038846572861075394 0.10372256860136987 0.99105033278465282
decision_type=2 2 2 2 2 2 2 2 2 2 2 2 2 2
left_child=5 2 3 -2 -4 6 -1 -8 9 -7 11 -3 -10 -12
right_child=1 10 4 -5 -6 8 7 -9 12 -11 13 -13 -14 -15
leaf_value=-0.04416665720021045 -0.0019651559729973881 -0.022328347311536895 -0.052088593919500034 0.0095067799588294342 -0.030413789134917692 -0.035712268837921328 0.16261421051476541 -0.0412634827269358 -0.040199976485058152 0.047746663800837717 -0.048872869876348188 -0.044872309928036917 -0.06949143171815686 -0.055336737318998644
leaf_weight=0.23286336554883735 157.64090588418549 0.091798918532731477 1.778699439542833 71.860705349579803 0.61235708720050741 0.5205676968180345 0.044147659704321995 0.043244678337941878 3.1274402847811866 0.049484965435112827 0.63627525934134588 0.96592010615859114 0.034143892073188797 0.65775715850759298
leaf_count=298 48583 83 340 2902 168 1296 85 117 9659 86 215 1102 10 111
internal_value=-1.90968e-09 0.000636999 0.00113027 0.00162689 -0.0465376 -0.0368257 -0.0152696 0.0617286 -0.0386757 -0.0284674 -0.0480015 -0.0429157 -0.0405163 -0.0521585
internal_weight=238.296 234.244 231.893 229.502 2.39106 4.05189 0.320256 0.0873923 3.73164 0.570053 2.35175 1.05772 3.16158 1.29403
internal_count=65055 53504 51993 51485 508 11551 500 202 11051 1382 1511 1185 9669 326
is_linear=0
shrinkage=0.04


Tree=77
num_leaves=15
num_cat=0
split_feature=14 20 15 15 11 3 12 5 0 14 14 13 17 17
split_gain=3.31061 4.68684 4.50682 3.97393 9.07308 6.49598 5.28072 8.82331 4.17356 2.96926 2.38227 2.1062 2.25254 1.44912
threshold=0.044485718011856086 0.32529069767441871 73.259597778320327 66.917377471923842 0.75759384036064159 0.67882570624351513 0.93672800064086925 0.034381188452243812 -0.10947836935520171 0.027213292196393016 0.10844151675701143 0.33070906996726995 -0.005491243675351142 0.041106767952442176
decision_type=2 2 2 2 2 2 2 2 2 2 2 2 2 2
left_child=1 2 9 6 8 -6 7 -2 -5 -1 -8 12 -3 -13
right_child=3 11 -4 4 5 -7 10 -9 -10 -11 -12 13 -14 -15
leaf_value=0.0099665806755419445 0.0091346988950078388 -0.045702131807520203 0.038674488022749171 0.0314153915846365 0.027670679572060097 -0.0039868256741398458 0.0035728568081690722 -0.022164751972932609 -0.025895505859467986 -0.023223522044568026 0.045044565291616136 -0.03374779491638652 0.017019683407948839 0.025661542009852725
leaf_weight=8.6655550816067315 89.820710850814066 1.2650884956819934 4.4309177355607963 2.1896180443000075 15.213413112825945 32.580314435996115 3.0906856431101897 17.164218454316142 28.43610401227852 8.5856841654094733 7.8325710974168032 14.877424404578047 3.3212118322117048 0.68727064165796115
leaf_count=6494 11644 1503 395 65 414 2092 320 3548 5946 4169 34 26080 1723 628
internal_value=7.9383e-10 -0.0102167 0.00269067 0.00217695 -0.00480118 0.0060902 0.00681803 0.00411314 -0.021798 -0.00655164 0.0333103 -0.0241048 -0.000281549 -0.0311245
internal_weight=238.161 41.8332 21.6822 196.328 78.4194 47.7937 117.908 106.985 30.6257 17.2512 10.9233 20.151 4.5863 15.5647
internal_count=65055 40992 11058 24063 8517 2506 15546 15192 6011 10663 354 29934 3226 26708
is_linear=0
shrinkage=0.04


Tree=78
num_leaves=15
num_cat=0
split_feature=14 9 4 13 10 20 12 10 7 19 18 21 4 16
split_gain=3.38797 8.38312 9.16732 6.54704 8.84951 12.7736 5.74367 5.12116 6.2782 3.169 2.36508 2.3634 2.3176 1.71416
threshold=0.10585229471325876 18.500000000000004 0.7973940670490266 0.73526707291603099 0.28939533233642584 0.81322674418604668 0.83578634262084972 0.27797377109527593 0.53956300020217907 0.12632978723404256 0.050595071166753776 0.65881374722838149 -0.37669099867343897 0.56330128205128216
decision_type=2 2 2 2 2 2 2 2 2 2 2 2 2 2
left_child=3 11 9 7 12 -6 -4 8 -1 -3 -9 13 -5 -2
right_child=1 2 6 4 5 -7 -8 10 -10 -11 -12 -13 -14 -15
leaf_value=-0.0068075778529653854 -0.044896069560570163 -0.012291074234954499 -0.013504668634464678 0.025161285975980885 0.01826196922679112 -0.034772303678857468 0.013885127478467998 -0.053063862485374966 0.015301374243559587 0.034822696419361997 -0.0034786742249439161 -0.062564250802942187 -0.029655044047519154 0.029496592147740631
leaf_weight=35.002477851292497 0.98163083725375955 2.5443913633498623 24.491599909670185 1.2836805450060627 23.074950401001843 10.606373112168511 24.507901947217761 3.5130195623787577 49.771982082165778 22.343016563718265 2.7391117981896969 3.3100374059577007 31.931048784652376 1.000858702464029
leaf_count=22513 191 252 1506 119 1759 1870 975 395 2337 744 282 380 31686 46
internal_value=-4.65997e-09 0.00675271 0.0102361 -0.00338569 -0.0128861 0.00156128 0.000194786 0.00359625 0.00617282 0.030006 -0.0313402 -0.0418778 -0.0275365 -0.00733898
internal_weight=237.102 79.1794 73.8869 157.923 66.8961 33.6813 48.9995 91.0266 84.7745 24.8874 6.25213 5.29253 33.2147 1.98249
internal_count=65055 4094 3477 60961 35434 3629 2481 25527 24850 996 677 617 31805 237
is_linear=0
shrinkage=0.04


Tree=79
num_leaves=13
num_cat=0
split_feature=18 3 8 13 3 7 16 13 7 4 13 2
split_gain=3.27476 3.67483 5.76097 4.95356 4.66198 8.23778 6.19511 4.40715 0.0447913 0.0374954 0.0261666 0.000916028
threshold=0.39281384646892553 0.25820317864418035 -0.27183198928833002 1.6145068407058718 0.35446901619434362 0.53956300020217907 0.24440019910403188 0.51094964146614086 1.0014944672584536 1.461459279060364 1.315638601779938 0.4371520876884461
decision_type=2 2 2 2 2 2 2 2 2 2 2 2
left_child=1 2 3 -1 5 -3 -6 -4 10 -10 -2 -12
right_child=8 4 7 -5 6 -7 -8 -9 9 -11 11 -13
leaf_value=-0.0015335738362332344 -0.032535194781950202 -0.038959797572972847 0.0024690716421417714 0.039819360177249685 -0.023502235498529971 0.021745674052710436 0.0039853024354080382 -0.02760965707451021 -0.063768388061558032 -0.049443062945767731 -0.047264524714300225 -0.050512417139716409
leaf_weight=48.67703570971571 0.21928211110934981 3.9615440167181069 11.331927963681663 5.1224664314504471 15.43067747511668 36.811050373828039 87.566234252160939 24.963721673750115 0.5870890637161208 0.58229216566542163 0.28436875924671767 0.27167854242725298
leaf_count=11759 125 2159 8399 237 1326 1094 5351 34156 78 136 156 79
internal_value=-1.68076e-09 0.000429846 -0.00590417 0.0024038 0.00439914 0.0158474 -0.000132795 -0.0182187 -0.0516921 -0.0566351 -0.0442368 -0.0488514
internal_weight=235.809 233.865 90.0952 53.7995 143.77 40.7726 102.997 36.2956 1.94471 1.16938 0.775329 0.556047
internal_count=65055 64481 54551 11996 9930 3253 6677 42555 574 214 360 235
is_linear=0
shrinkage=0.04


Tree=80
num_leaves=15
num_cat=0
split_feature=14 17 0 19 6 17 14 5 21 2 6 18 2 8
split_gain=3.19261 3.26224 4.03937 6.01818 4.88458 3.72616 0.667588 0.126634 0.44638 0.164199 0.0494025 0.19462 0.0175317 0.000815116
threshold=0.014084937050938608 0.062164071947336204 0.09701185300946237 0.79238505747126442 0.2774875015020371 0.14712163060903552 0.079192895442247405 -0.039155710488557809 0.27543103448275869 -0.091597225517034517 -0.067207437008619295 0.029114510864019397 0.10372256860136987 -0.55942872166633595
decision_type=2 2 2 2 2 2 2 2 2 2 2 2 2 2
left_child=7 2 3 -2 -4 6 -3 8 13 -10 11 -9 -12 -1
right_child=1 5 4 -5 -6 -7 -8 10 9 -11 12 -13 -14 -15
leaf_value=-0.046263401795310959 0.0013923486336590157 -0.025917593139465626 -0.039606476187481587 -0.02128897567759196 0.015472945455140668 0.019772409331075352 -0.058800357619057345 -0.035054912892457858 0.009665580184172573 0.11510944836036389 -0.040026705940081467 0.045475966249586122 -0.069517728766999742 -0.041156113515877744
leaf_weight=0.076065266970545053 158.45501940393297 1.4873281247782859 2.7434010610886608 21.224704273416137 42.252624564382131 1.8548542188946155 2.9416065903496929 0.50188346040158727 0.048666912280168617 0.045928724597615656 2.9439478080330437 0.053095193681656383 0.032609764428343513 0.14590180088998783
leaf_count=12 36919 1038 1327 11906 1578 178 558 1296 107 95 9659 86 10 286
internal_value=-4.28179e-09 0.000602045 0.00139707 -0.00128689 0.0121148 -0.0278241 -0.0477576 -0.0361345 -0.0118983 0.0608614 -0.038307 -0.0273505 -0.0403498 -0.0429063
internal_weight=234.808 230.96 224.676 179.68 44.996 6.28379 4.42893 3.8481 0.316563 0.0945956 3.53154 0.554979 2.97656 0.221967
internal_count=65055 53504 51730 48825 2905 1774 1596 11551 500 202 11051 1382 9669 298
is_linear=0
shrinkage=0.04


Tree=81
num_leaves=10
num_cat=0
split_feature=1 0 19 17 1 13 18 11 15
split_gain=3.22758 3.48848 5.65022 4.70425 5.54926 4.98347 4.44169 0.289716 0.214075
threshold=0.58096843957901012 0.09701185300946237 0.91445993031358896 0.027205673977732662 0.39555357396602636 1.4501647353172304 0.24669925123453143 0.5338711440563203 78.800930023193374
decision_type=2 2 2 2 2 2 2 2 2
left_child=1 2 6 5 -5 -3 -1 -4 -2
right_child=8 3 7 4 -6 -7 -8 -9 -10
leaf_value=0.00050837078184360913 -0.074087004286338423 0.020869379750617711 -0.032019497947753862 -0.033998945951952526 0.025754519593841667 -0.034849976539809091 -0.034170768620340693 -0.050535167899225235 -0.044375829637493862
leaf_weight=170.74331856153003 0.65610472910338902 34.539572543275426 5.5366489743901175 7.1121397896204126 3.8236614197958261 2.7745731718896414 6.12108138962867 1.7890126256534129 0.94958536565536633
leaf_count=51998 67 1533 7410 1301 166 493 1570 336 181
internal_value=-1.85932e-09 0.000390411 -0.00211765 0.00996471 -0.0131064 0.0167262 -0.000691836 -0.0365412 -0.0565162
internal_weight=234.046 232.44 184.19 48.2499 10.9358 37.3141 176.864 7.32566 1.60569
internal_count=65055 64807 61314 3493 1467 2026 53568 7746 248
is_linear=0
shrinkage=0.04


Tree=82
num_leaves=14
num_cat=0
split_feature=13 14 9 4 21 18 1 21 2 18 7 4 20
split_gain=3.0513 3.3706 6.89425 8.69059 6.16479 5.15227 2.39949 2.16208 0.0254781 0.0260741 0.021161 0.00867651 0.000363044
threshold=1.8432438969612124 0.10585229471325876 18.500000000000004 0.84450203180313121 0.97014260249554385 0.23473440855741504 0.34960317611694341 0.65881374722838149 0.29001250863075262 -0.043312653899192803 0.46380940079689031 0.99105033278465282 0.52565789473684221
decision_type=2 2 2 2 2 2 2 2 2 2 2 2 2
left_child=1 4 7 -4 5 -1 -6 -3 9 -2 -11 12 -10
right_child=8 2 3 -5 6 -7 -8 -9 11 10 -12 -13 -14
leaf_value=0.00030196923461826901 -0.020698997002242522 -0.0059857450211875177 0.028559880166219524 -0.00027329795239938406 -0.044505747447765358 -0.046581387647839145 0.0075078767652785316 -0.061221801178012791 -0.048677597630463226 -0.039475646706328263 -0.05276714951384389 -0.054126480569248257 -0.04674258747062468
leaf_weight=141.81998558942905 0.084095746773528046 1.8749924926669326 26.563833370986686 45.160888157435693 7.4825935325861774 3.8523054225697697 1.7511865798151118 2.8683438665175345 0.25122686623944879 0.55701971485541368 0.29217754828277975 0.60347514628665522 0.40559769081301056
leaf_count=52456 79 203 832 2218 6002 1435 79 294 91 1034 61 111 160
internal_value=-2.7791e-09 0.000445158 0.00731664 0.0104053 -0.00294689 -0.000937862 -0.0346414 -0.0393876 -0.0469543 -0.0419448 -0.0440488 -0.050664 -0.0474827
internal_weight=233.568 231.374 76.4681 71.7247 154.906 145.672 9.23378 4.74334 2.19359 0.933293 0.849197 1.2603 0.656825
internal_count=65055 63519 3547 3050 59972 53891 6081 497 1536 1174 1095 362 251
is_linear=0
shrinkage=0.04


Tree=83
num_leaves=15
num_cat=0
split_feature=14 4 15 22 10 22 5 21 10 13 6 18 2 8
split_gain=2.9997 3.0606 3.21953 3.22662 0.256405 0.188181 0.141618 0.439246 0.1799 0.087655 0.0534517 0.184125 0.0152327 0.000700097
threshold=0.014084937050938608 2.7207884788513188 90.036285400390639 -0.11520701646804808 1.0036979317665102 0.24232809990644458 -0.039155710488557809 0.27543103448275869 0.0043494023848325023 1.206213712692261 -0.067207437008619295 0.029114510864019397 0.10372256860136987 -0.55942872166633595
decision_type=2 2 2 2 2 2 2 2 2 2 2 2 2 2
left_child=6 2 3 -2 9 -4 7 13 -9 -3 11 -8 -12 -1
right_child=1 4 5 -5 -6 -7 10 8 -10 -11 12 -13 -14 -15
leaf_value=-0.045942873006945099 -0.015678820738751403 -0.055175024303825655 -0.032740935455020138 0.0028010807787278652 -0.01988564756674592 -0.064394114133953795 -0.034532047324376224 0.11305420267518511 0.0068478449596170287 -0.035826673612106522 -0.039948855014411692 0.04156866122004603 -0.068458379880511691 -0.041105082141308771
leaf_weight=0.072678448632359505 16.297095781595999 1.4408839328680181 0.40609529474750061 208.78130194849655 0.58199547516414885 1.1558218873688018 0.484465724435723 0.049348325828759698 0.052844017347524641 0.50626657565589983 2.8225354708902151 0.056837071679183282 0.030307944674859644 0.14016407585586454
leaf_count=12 4507 258 250 48054 132 185 1296 96 106 118 9659 86 10 286
internal_value=-2.07355e-09 0.000577555 0.00106587 0.00146302 -0.0431814 -0.0561644 -0.035684 -0.0100294 0.0581345 -0.0501444 -0.0380652 -0.0265414 -0.0402517 -0.042757
internal_weight=232.879 229.169 226.64 225.078 2.52915 1.56192 3.70918 0.315035 0.102192 1.94715 3.39415 0.541303 2.85284 0.212843
internal_count=65055 53504 52996 52561 508 435 11551 500 202 376 11051 1382 9669 298
is_linear=0
shrinkage=0.04


Tree=84
num_leaves=15
num_cat=0
split_feature=11 3 7 17 12 22 17 5 8 7 13 0 0 8
split_gain=2.92409 6.28259 4.77376 4.56766 4.39732 7.8938 4.2787 2.24749 0.510456 0.485739 0.453194 0.257648 0.101967 0.0982274
threshold=0.10629121214151384 -0.099010068923234926 -0.0060545338783413163 -0.0090109403245151026 0.22606103122234347 -0.11520701646804808 -0.0063204308971762648 -0.060695236548781388 -0.60278719663619984 -0.31706994771957392 0.53829762339591991 0.12532272189855578 -0.018356542102992531 -0.39818917214870447
decision_type=2 2 2 2 2 2 2 2 2 2 2 2 2 2
left_child=1 3 10 13 7 -6 -5 -4 -3 -10 12 -12 -2 -1
right_child=2 8 4 6 5 -7 -8 -9 9 -11 11 -13 -14 -15
leaf_value=-0.053024154593029262 -0.071640779573022922 -0.061905205083827623 0.04467880909815581 0.028641801302925707 -0.042630349809552368 0.0027314703240633072 -0.012802021617053639 0.0088232836475830596 0.031623440660606413 -0.032732458965467483 -0.034693034365057197 0.022234244706019243 -0.049238102527575822 -0.037874545023844929
leaf_weight=1.2192499408847655 0.65760206891718553 0.96853618280147458 5.6729957402567379 9.3356195856176818 6.3548470812929727 179.85482485943794 6.9552558625364336 5.5175076229061215 0.19094712386140678 10.864614943282497 2.6431873611636552 0.13363716388994351 0.64285349012788973 1.5621327778571892
leaf_count=424 103 186 62 744 2264 24910 3746 303 28 25568 3244 79 372 3022
internal_value=-2.65456e-09 -0.0114165 0.00176204 0.00285928 0.00264693 0.00118339 0.0109477 0.0270001 -0.0340603 -0.0316209 -0.0410796 -0.0319534 -0.0605665 -0.0445155
internal_weight=232.574 31.0964 201.477 19.0723 197.4 186.21 16.2909 11.1905 12.0241 11.0556 4.07728 2.77682 1.30046 2.78138
internal_count=65055 33718 31337 7936 27539 27174 4490 365 25782 25596 3798 3323 475 3446
is_linear=0
shrinkage=0.04


Tree=85
num_leaves=15
num_cat=0
split_feature=16 16 9 21 17 16 15 14 13 20 12 14 11 2
split_gain=2.83691 4.86811 5.89648 10.2843 5.3516 4.5392 3.78852 3.61575 1.95694 1.71509 1.42915 1.15036 1.115 0.328781
threshold=0.75683665927568378 0.68356867779204122 19.500000000000004 0.95698427382053664 0.01420839596539736 0.86881038647343012 84.802459716796889 0.096073158085346236 0.43359042704105383 0.81322674418604668 0.9619065821170808 0.18883457034826281 0.63645917177200328 -0.21307339519262311
decision_type=2 2 2 2 2 2 2 2 2 2 2 2 2 2
left_child=1 4 9 -4 6 8 -1 13 -2 -3 -6 -10 -9 -7
right_child=5 2 3 -5 10 7 -8 12 11 -11 -12 -13 -14 -15
leaf_value=0.0013658023224781518 0.037560956486159633 0.043635279618236884 -0.045761600284050595 0.038765762952391251 -0.043236652188528145 0.026650246012046689 -0.039411119245633675 0.039437186517566294 -0.049375311385970434 -0.012852958749514434 -0.0032088162790166724 0.011678417416578133 0.0027932316969582044 -0.041518492407448912
leaf_weight=184.50764713141871 0.49672493682737506 10.416392419574549 4.6722397715639072 4.5417185019832687 5.8250213872415761 0.11961242358665947 3.7190155020762168 2.9143986656272318 6.3673208286054432 0.93737814186170076 1.8902892836413228 0.53528509894385923 2.4416904983227141 2.1123783738657949
leaf_count=52257 194 1144 1970 140 2205 3 882 70 2924 186 248 33 151 2648
internal_value=-1.5288e-09 0.00116502 0.0196778 -0.00409661 -0.000778239 -0.0168301 0.000560125 0.00490781 -0.0391224 0.0389716 -0.0334296 -0.0446407 0.0227322 -0.0378653
internal_weight=231.497 216.51 20.5677 9.21396 195.942 14.9874 188.227 7.58808 7.39933 11.3538 7.71531 6.90261 5.35609 2.23199
internal_count=65055 59032 3440 2110 55592 6023 53139 2872 3151 1330 2453 2957 221 2651
is_linear=0
shrinkage=0.04


Tree=86
num_leaves=14
num_cat=0
split_feature=13 14 22 16 12 3 13 20 2 1 4 7 18
split_gain=2.82584 3.09121 6.73831 6.56811 5.50005 12.0042 4.63373 1.00584 0.0243557 0.0235299 0.00799807 0.00495618 0.000323602
threshold=1.8432438969612124 0.12073883414268495 0.42660161852836614 0.12347560975609757 0.83578634262084972 0.30481667816638952 1.3764527440071108 0.92770034843205595 0.29001250863075262 -0.12578116357326505 0.99105033278465282 0.40220841765403753 0.088468365371227278
decision_type=2 2 2 2 2 2 2 2 2 2 2 2 2
left_child=1 2 3 -1 5 -3 -6 -4 9 -2 12 -11 -10
right_child=8 4 7 -5 6 -7 -8 -9 10 11 -12 -13 -14
leaf_value=-0.042999265868174243 -0.028958541092108582 0.023259183633589215 -0.028512775238275574 0.00056671600244620837 0.031698431208758815 -0.027275613426794586 -0.0095050196801560825 -0.066510915284684891 -0.045928672930894712 -0.042309892109098024 -0.053570339731229454 -0.049394545077268787 -0.047775464730730931
leaf_weight=5.7306060790087932 0.19132520450511958 14.548186071740931 1.9505840107449319 163.78885138285295 19.512412405572835 15.570319704711435 5.6261809671996152 2.6007164433249272 0.25657863679225534 0.44835276075900699 0.56816120340954512 0.243954447156284 0.37177178253477905
leaf_count=6847 77 580 197 53828 321 1056 394 296 112 1031 111 66 139
internal_value=-2.694e-09 0.000420979 -0.00219556 -0.000906032 0.00866359 -0.00286572 0.0224768 -0.0502258 -0.0464116 -0.041375 -0.0501311 -0.0448064 -0.0470214
internal_weight=231.408 229.328 174.071 169.519 55.2571 30.1185 25.1386 4.5513 2.08014 0.883632 1.19651 0.692307 0.62835
internal_count=65055 63519 61168 60675 2351 1636 715 493 1536 1174 362 1097 251
is_linear=0
shrinkage=0.04


Tree=87
num_leaves=15
num_cat=0
split_feature=0 19 6 17 1 13 1 3 12 4 1 3 12 5
split_gain=2.81423 4.94242 4.16389 4.40427 3.8533 6.18456 5.91327 3.79227 3.45657 0.306666 0.366992 0.29077 0.44738 0.124523
threshold=0.09701185300946237 0.91445993031358896 0.2774875015020371 0.056358635425567634 0.0010469469125382604 0.50062769651412975 1.0000000180025095e-35 0.38704369962215429 0.97811323404312145 0.17320094257593158 0.065814744681119933 0.38704369962215429 0.69575947523117077 -0.0025517129106447096
decision_type=2 2 2 2 2 2 2 2 2 2 2 2 2 2
left_child=1 4 9 8 6 -6 -1 -5 -4 10 -2 12 -3 -11
right_child=2 11 3 7 5 -7 -8 -9 -10 13 -12 -13 -14 -15
leaf_value=0.0019815329859726779 0.031708850223146783 -0.040557861913814622 0.018949740836340604 0.02207258454440239 0.015121693933147971 -0.014448778666244404 0.052800033753043076 -0.055223557944092568 -0.025014989473972873 -0.070112785063469379 -0.031786463292896937 -0.048829932367708939 -0.016290002137896348 -0.042752672528985951
leaf_weight=103.45170689630322 0.18194880952069015 2.9123505242514502 37.849072882920154 1.6106178768095549 14.265440184099132 54.743279107529816 3.7980708957911693 2.7487418797973078 3.0952400221722192 0.31831198594591148 0.72993001571740024 1.8951629879156824 2.08602206633077 1.6242793700221221
leaf_count=31759 113 5696 1124 96 2646 18782 444 555 356 81 486 410 1643 864
internal_value=1.3655e-10 -0.00226241 0.00860426 0.0115566 -0.00096293 -0.00833599 0.00378118 -0.0266656 0.0156262 -0.0382532 -0.0191171 -0.0354884 -0.0304299 -0.0472359
internal_weight=231.31 183.152 48.1581 45.3037 176.258 69.0087 107.25 4.35936 40.9443 2.85447 0.911879 6.89354 4.99837 1.94259
internal_count=65055 61380 3675 2131 53631 21428 32203 651 1480 1544 599 7749 7339 945
is_linear=0
shrinkage=0.04


Tree=88
num_leaves=14
num_cat=0
split_feature=14 4 13 14 10 5 22 13 6 18 21 7 2
split_gain=2.69571 2.71646 2.82594 3.43877 0.261817 0.162371 0.462805 0.0871942 0.0627857 0.188187 0.0522361 0.025872 0.0171817
threshold=0.014084937050938608 2.7207884788513188 1.8432438969612124 0.12073883414268495 1.0036979317665102 -0.039155710488557809 -0.02539190091192722 1.2000194787979128 -0.067207437008619295 0.029114510864019397 0.22534722222222225 0.46380940079689031 0.10372256860136987
decision_type=2 2 2 2 2 2 2 2 2 2 2 2 2
left_child=5 2 3 -2 7 6 10 -3 9 -7 -1 -4 -10
right_child=1 4 11 -5 -6 8 -8 -9 12 -11 -12 -13 -14
leaf_value=-0.042802160995888919 -0.0013864613151876972 -0.054454783735773157 -0.040903252300274334 0.010246394698701125 -0.018057499014899711 -0.033577969986067567 0.090893132298436721 -0.034899359854468487 -0.039768626300491376 0.042086335872943623 -0.0011311890959568658 -0.050376527906207606 -0.07003555123451273
leaf_weight=0.18091387473032228 169.17809194197253 1.3331006432417773 0.74111293461464711 53.521126508014277 0.56947873398894433 0.45716426765466245 0.061559333633340763 0.50226474122609932 2.6248029807811681 0.059429819346405566 0.065577253237279365 1.2215436152473556 0.030355886556208023
leaf_count=250 49480 254 1192 2009 132 1296 132 122 9659 86 118 315 10
internal_value=1.02197e-09 0.00053545 0.000988101 0.00140925 -0.0417515 -0.0349395 -0.00721429 -0.0491033 -0.0376323 -0.0248734 -0.0317159 -0.0467994 -0.0401147
internal_weight=230.547 227.067 224.662 222.699 2.40484 3.4798 0.30805 1.83537 3.17175 0.516594 0.246491 1.96266 2.65516
internal_count=65055 53504 52996 51489 508 11551 500 376 11051 1382 368 1507 9669
is_linear=0
shrinkage=0.04


Tree=89
num_leaves=13
num_cat=0
split_feature=18 14 13 14 13 14 5 7 7 3 13 2
split_gain=2.63411 2.74003 3.93475 5.27123 3.07997 5.07936 4.41427 1.40457 0.0369591 0.033674 0.0246249 0.000517704
threshold=0.39281384646892553 0.044485718011856086 0.54258248209953319 0.034580025821924217 0.51094964146614086 0.070826206356287016 -0.013055454008281229 -0.4010332971811294 1.0014944672584536 0.7567117214202882 1.315638601779938 0.4129451215267182
decision_type=2 2 2 2 2 2 2 2 2 2 2 2
left_child=1 2 3 -1 6 -6 -3 -4 10 -10 -2 -12
right_child=8 4 7 -5 5 -7 -8 -9 9 -11 11 -13
leaf_value=0.009577631374909917 -0.029994835299560429 -0.010864261608836953 0.013812656338078719 -0.036662899589943558 -0.014531047555080371 0.0037166714697951216 0.026536084687748446 -0.029572022173741632 -0.062148930309753547 -0.047675426970002162 -0.045712353694868278 -0.048383299174156957
leaf_weight=20.003668331170051 0.18521932074508995 7.1292774666799259 1.3116313782229525 4.9132781543230513 29.821581232394237 134.42062182928203 17.306392095109913 13.308617382561351 0.4861309283878652 0.54614959517493844 0.20724340151355136 0.26404484885279089
leaf_count=11871 125 412 48 1115 12190 10502 459 27884 68 146 142 93
internal_value=6.47358e-10 0.000368316 -0.00920634 0.000459636 0.00237467 0.000403419 0.0156243 -0.0256798 -0.0497724 -0.0544914 -0.0423522 -0.0472088
internal_weight=229.904 228.215 39.5372 24.9169 188.678 164.242 24.4357 14.6202 1.68879 1.03228 0.656508 0.471288
internal_count=65055 64481 40918 12986 23563 22692 871 27932 574 214 360 235
is_linear=0
shrinkage=0.04


Tree=90
num_leaves=11
num_cat=0
split_feature=7 14 16 22 12 3 13 17 0 9
split_gain=2.57781 2.89864 5.87701 5.99778 5.29155 10.4468 4.83213 0.186153 0.128216 0.0258518
threshold=2.0031316280364995 0.12073883414268495 0.12347560975609757 0.42660161852836614 0.83578634262084972 0.30481667816638952 1.3764527440071108 0.035484813153743751 0.032811339944601066 27.500000000000004
decision_type=2 2 2 2 2 2 2 2 2 2
left_child=1 2 8 -4 5 -3 -6 9 -1 -2
right_child=7 4 3 -5 6 -7 -8 -9 -10 -11
leaf_value=-0.043391255452919227 -0.055594012526595578 0.020846920064950009 0.00042263559765786453 -0.048622422744593649 0.031998934889683077 -0.02590189376456678 -0.010443928793780984 -0.025955470994685037 -0.0048040918163385037 -0.044900029445353137
leaf_weight=5.465732477599885 0.88477426604367726 15.206497377264897 162.31541160670895 4.0900411451875689 18.812909770640548 15.387571844883494 5.5604251939803353 0.67784592253155995 0.14133948754533765 0.6117716840817593
leaf_count=6862 161 687 54712 447 189 1149 417 160 82 189
internal_value=-8.50871e-10 0.000415236 -0.00214003 -0.000782832 0.00841156 -0.00266583 0.0223162 -0.0433457 -0.0424186 -0.0512224
internal_weight=229.154 226.98 172.013 166.405 54.9674 30.5941 24.3733 2.17439 5.60707 1.49655
internal_count=65055 64545 62103 55159 2442 1836 606 510 6944 350
is_linear=0
shrinkage=0.04


Tree=91
num_leaves=15
num_cat=0
split_feature=14 13 0 14 4 20 3 14 5 22 6 18 12 2
split_gain=2.53079 2.49992 6.90122 6.38991 5.99177 5.53115 4.26872 0.413307 0.167699 0.462692 0.0658718 0.178499 0.0558361 0.0181137
threshold=0.014084937050938608 0.51094964146614086 -0.043919036164879792 0.070826206356287016 1.461459279060364 0.021054964539007095 0.059941209852695472 0.042632840573787696 -0.039155710488557809 -0.022314041852951046 -0.067207437008619295 0.029114510864019397 0.35372021794319158 0.10372256860136987
decision_type=2 2 2 2 2 2 2 2 2 2 2 2 2 2
left_child=8 2 7 5 -4 -3 -5 -2 9 12 11 -10 -1 -12
right_child=1 3 4 6 -6 -7 -8 -9 10 -11 13 -13 -14 -15
leaf_value=-0.042646064063969584 -0.033380428088748929 0.040631969019908516 0.016660241841377744 -0.02522316860468015 -0.05601450088505814 -0.017776025414064672 0.0046675578945894998 -0.066260101200328145 -0.03321092051005553 0.090613923401324042 -0.039671224997061452 0.038642897137855993 0.0008416851920659634 -0.070996494767310653
leaf_weight=0.18024722077279876 0.98016814014408682 2.7573919502610797 38.568649963941425 8.1346643284741713 1.9047745437419497 43.811612915969818 126.84767753993583 1.6271823779970871 0.44235741075499468 0.062632967212266855 2.498888015389638 0.063222748707630672 0.064016363932751119 0.029888289049267658
leaf_count=264 328 174 5481 2109 214 36241 8774 183 1296 118 9659 86 118 10
internal_value=-1.3389e-09 0.000514001 0.00917654 -0.00154155 0.01324 -0.0143176 0.0028662 -0.0538998 -0.0345563 -0.00637848 -0.0374063 -0.0242256 -0.0312488 -0.0400415
internal_weight=227.973 224.632 43.0808 181.551 40.4734 46.569 134.982 2.60735 3.34125 0.306897 3.03436 0.50558 0.244264 2.52878
internal_count=65055 53504 6206 47298 5695 36415 10883 511 11551 500 11051 1382 382 9669
is_linear=0
shrinkage=0.04


Tree=92
num_leaves=14
num_cat=0
split_feature=13 14 3 7 21 21 18 1 2 1 4 7 14
split_gain=2.40552 2.60824 5.79822 11.0717 5.73029 5.04564 4.6681 2.36621 0.0203994 0.0274652 0.00544474 0.00350676 0.000274326
threshold=1.8432438969612124 0.10844151675701143 0.52180993556976329 1.4553748369216921 0.52041666666666686 0.97014260249554385 0.23473440855741504 0.34960317611694341 0.2808354794979096 -0.12578116357326505 0.99105033278465282 0.40220841765403753 0.15221097320318225
decision_type=2 2 2 2 2 2 2 2 2 2 2 2 2
left_child=1 5 4 -4 -3 6 -1 -7 9 -2 12 -11 -10
right_child=8 2 3 -5 -6 7 -8 -9 10 11 -12 -13 -14
leaf_value=0.00034395701975883258 -0.026521148237659904 -0.018605600846513998 -0.040735520588197655 0.011104331373564995 0.022032773598257307 -0.043047260060765508 -0.044916380367033826 0.010722034603942698 -0.045401411637195306 -0.042099539435922831 -0.051751363630647695 -0.048499238494983436 -0.047189181132672849
leaf_weight=140.83073353369946 0.18027666336638493 6.5388987833139245 10.207151216687636 18.610729136795271 36.771433154935949 6.7953608423958922 3.7429736567737555 1.6220804236363617 0.36688371275522491 0.39803500869675101 0.50025440426543355 0.20889223652193323 0.21948556049028412
leaf_count=52636 76 689 875 838 909 6016 1467 89 185 1018 112 59 86
internal_value=-3.28316e-09 0.000375676 0.00664626 -0.00725709 0.0158973 -0.00258061 -0.000827821 -0.0326857 -0.0451336 -0.0402302 -0.0486859 -0.0443022 -0.0460706
internal_weight=226.993 225.119 72.1282 28.8179 43.3103 152.991 144.574 8.41744 1.87383 0.787204 1.08662 0.606927 0.586369
internal_count=65055 63519 3311 1713 1598 60208 54103 6105 1536 1153 383 1077 271
is_linear=0
shrinkage=0.04


Tree=93
num_leaves=11
num_cat=0
split_feature=7 0 19 16 15 12 1 11 17 9
split_gain=2.40818 2.71176 4.79467 4.3445 5.56413 4.26008 3.63015 0.40756 0.183597 0.0240966
threshold=2.0031316280364995 0.10124255716800691 0.91445993031358896 0.75255102040816335 66.917377471923842 0.97811323404312145 0.0010469469125382604 0.58335122466087352 0.035484813153743751 27.500000000000004
decision_type=2 2 2 2 2 2 2 2 2 2
left_child=1 2 6 5 -5 -3 -1 -4 9 -2
right_child=8 3 7 4 -6 -7 -8 -9 -10 -11
leaf_value=0.0041172178739294083 -0.054865089455242377 0.017569090673640205 -0.029772046593747992 0.0156691096415814 -0.061342245911290227 -0.041014391813385613 -0.0077468910856933887 -0.053958298355458324 -0.025257990872514499 -0.044348937076277239
leaf_weight=106.44619779782624 0.84907953487709098 35.815399050683482 5.3582262386826178 3.0449200158982412 2.9606370551628061 2.1026328703446771 67.387226931106852 1.4075791751238282 0.67432457156246517 0.59148996294243261
leaf_count=32146 161 1796 7580 320 723 372 21342 266 160 189
internal_value=3.20747e-09 0.00040018 -0.00176776 0.00931401 -0.0222962 0.0143205 -0.000481952 -0.0348038 -0.0424839 -0.0505472
internal_weight=226.638 224.523 180.599 43.9236 6.00556 37.918 173.833 6.76581 2.11489 1.44057
internal_count=65055 64545 61334 3211 1043 2168 53488 7846 510 350
is_linear=0
shrinkage=0.04


Tree=94
num_leaves=15
num_cat=0
split_feature=14 13 0 14 11 19 18 14 5 22 6 9 12 2
split_gain=2.37426 2.43529 6.13417 5.73699 5.51693 4.88721 4.12147 0.39997 0.180954 0.52101 0.0682619 0.182478 0.0606119 0.0139966
threshold=0.014084937050938608 0.51094964146614086 -0.043919036164879792 0.070826206356287016 0.56628665328025829 0.030776515151515155 -0.10063310712575911 0.042632840573787696 -0.039155710488557809 -0.019535094499588009 -0.067207437008619295 27.500000000000004 0.36458882689476019 0.10372256860136987
decision_type=2 2 2 2 2 2 2 2 2 2 2 2 2 2
left_child=8 2 7 5 -4 -3 -5 -2 9 12 11 -10 -1 -12
right_child=1 3 4 6 -6 -7 -8 -9 10 -11 13 -13 -14 -15
leaf_value=-0.042481772478359298 -0.031787852456995204 0.033329564556833634 0.01573729269683613 0.030883542666018997 -0.061994199081514774 -0.017426663197832343 0.00088113290255969069 -0.064800746312221838 -0.0327647595419127 0.098492336251898169 -0.039569825698795823 0.040634114513163448 0.0033495458324989107 -0.06849113048467366
leaf_weight=0.18489165946266439 0.95706200128552099 3.2693420120558576 38.845148908347255 7.7763565165550963 1.5180008683819313 42.401066298042679 126.46255403825489 1.5193946408689951 0.4347905623562841 0.062232877557108046 2.3976376067957967 0.061910883843665943 0.061535293656561407 0.027075858335592673
leaf_count=276 328 436 5457 352 238 35979 10531 183 1323 108 9659 59 116 10
internal_value=6.91196e-10 0.00049373 0.00906473 -0.00154718 0.0128139 -0.0137932 0.00261915 -0.0520424 -0.034048 -0.00492111 -0.0371254 -0.023616 -0.0310372 -0.0398928
internal_weight=225.979 222.749 42.8396 179.909 40.3631 45.6704 134.239 2.47646 3.23007 0.30866 2.92141 0.496701 0.246427 2.42471
internal_count=65055 53504 6206 47298 5695 36415 10883 511 11551 500 11051 1382 392 9669
is_linear=0
shrinkage=0.04


Tree=95
num_leaves=7
num_cat=0
split_feature=2 22 6 15 14 6
split_gain=2.31557 2.90566 2.52339 8.44458 3.56146 0.214352
threshold=0.94592595100402843 0.80339527130126964 0.69135653972625744 80.773609161376967 0.10844151675701143 1.133653521537781
decision_type=2 2 2 2 2 2
left_child=1 2 4 -4 -1 -2
right_child=5 -3 3 -5 -6 -7
leaf_value=-0.002482014908484553 -0.066368560127666745 0.037738176716676397 -0.051587516162825468 0.012407502378756152 0.0091156770185675199 -0.033923762348705672
leaf_weight=147.86192287809899 0.7658476554788638 3.2707287456141776 6.130697022599632 7.1432514500047546 59.377421699427941 0.56702899190713651
leaf_count=60919 118 43 627 372 2842 134
internal_value=-1.08611e-09 0.000313086 -0.000242015 -0.0171492 0.000840911 -0.052566
internal_weight=225.117 223.784 220.513 13.2739 207.239 1.33288
internal_count=65055 64803 64760 999 63761 252
is_linear=0
shrinkage=0.04


Tree=96
num_leaves=14
num_cat=0
split_feature=17 0 19 6 9 1 8 15 15 4 7 7 15
split_gain=2.41625 3.51569 3.88597 3.80434 3.50008 3.15017 2.47766 1.54577 0.531309 0.324658 0.316651 0.312646 0.0994814
threshold=0.062164071947336204 0.09701185300946237 0.91445993031358896 0.2774875015020371 17.500000000000004 0.0010469469125382604 -0.012436844408512114 66.917377471923842 83.218982696533217 0.17320094257593158 0.96642401814460765 1.0656777620315554 77.195861816406264
decision_type=2 2 2 2 2 2 2 2 2 2 2 2 2
left_child=1 2 5 9 -5 -1 8 -8 10 -3 -2 -4 -9
right_child=6 3 11 4 -6 -7 7 12 -10 -11 -12 -13 -14
leaf_value=0.0035750959670247922 -0.038306293824828287 -0.016656886671115395 -0.029196186789413284 0.033471535916139952 0.0068116961240242292 -0.0075703152465348708 0.04349828515260451 -0.051889999787195662 -0.013376222137425051 -0.046918588857572864 -0.064662963623116465 -0.053104400135216681 -0.020489891631559811
leaf_weight=104.98016661365546 1.3361674743573537 0.85835151323408299 4.9655089382013093 10.733732695429351 29.627801335300319 66.138010400605708 1.0417188289284229 0.30308553299983021 0.67638029512090714 1.6724414738710036 1.6058449564734472 1.0623803508351555 0.34542061606771313
leaf_count=31804 1120 521 7448 198 1380 20907 31 108 186 806 249 153 144
internal_value=6.11085e-10 0.00064335 -0.00184459 0.0109186 0.0139016 -0.00073266 -0.0266664 0.0133167 -0.0453433 -0.0366549 -0.0526926 -0.0334099 -0.035165
internal_weight=225.347 220.038 177.146 42.8923 40.3615 171.118 5.30862 1.69022 3.61839 2.53079 2.94201 6.02789 0.648506
internal_count=65055 63217 60312 2905 1578 52711 1838 283 1555 1327 1369 7601 252
is_linear=0
shrinkage=0.04


Tree=97
num_leaves=12
num_cat=0
split_feature=13 14 9 19 21 8 13 18 14 0 4
split_gain=2.3169 2.39799 3.27212 5.45745 5.29783 1.24797 5.67825 0.0205101 0.0214302 0.0495124 0.00414307
threshold=1.8432438969612124 0.18883457034826281 24.500000000000004 0.27622890682318418 0.97014260249554385 -0.086438726633787141 1.6324449777603152 -0.043312653899192803 0.11416394636034967 -0.081391889601945863 0.99105033278465282
decision_type=2 2 2 2 2 2 2 2 2 2 2
left_child=1 2 4 -4 -1 6 -3 -2 9 -9 -10
right_child=7 5 3 -5 -6 -7 -8 8 10 -11 -12
leaf_value=0.0054886263733448862 -0.028864293997338066 -0.032698389382853084 -0.024445527414202122 -0.0009305730808425839 -0.029392945574908562 0.033903794563141118 0.033284365106718471 0.0014591156464786603 -0.046858924418864238 -0.042825047878797144 -0.051629410067961963
leaf_weight=117.97918786165792 0.12110651833609165 3.3782248266506922 20.974642937297176 63.902467837719087 7.4038780290047717 4.5180633369600391 5.4586051309015602 0.044669427159533148 0.78202461941691559 0.42224336345679958 0.46417917188955471
leaf_count=35811 86 197 5389 17843 4126 68 85 36 340 960 114
internal_value=-1.05828e-09 0.000367251 -0.000676687 -0.00674154 0.00342887 0.0168031 0.00805987 -0.0447727 -0.0458974 -0.0385884 -0.0486358
internal_weight=225.449 223.615 210.26 84.8771 125.383 13.3549 8.83683 1.83422 1.71312 0.466913 1.2462
internal_count=65055 63519 63169 23232 39937 350 282 1536 1450 996 454
is_linear=0
shrinkage=0.04


Tree=98
num_leaves=15
num_cat=0
split_feature=0 16 1 12 15 19 2 1 13 18 9 11 12 9
split_gain=2.3333 4.45773 4.30063 4.29321 4.28019 4.01487 3.31305 3.21549 5.23173 4.72854 1.34561 0.367963 0.396787 0.176462
threshold=0.10124255716800691 0.75255102040816335 0.05364090949296952 0.97811323404312145 66.917377471923842 0.91445993031358896 0.2808354794979096 0.0010469469125382604 0.50062769651412975 0.062905870378017439 19.500000000000004 0.58335122466087352 0.69575947523117077 25.500000000000004
decision_type=2 2 2 2 2 2 2 2 2 2 2 2 2 2
left_child=5 2 10 -4 6 7 -3 9 -9 -1 -2 12 -7 -6
right_child=1 4 3 -5 13 11 -8 8 -10 -11 -12 -13 -14 -15
leaf_value=-0.0017977492546399334 0.0066298042431869406 -0.048902471859221322 0.019938760750744366 -0.039483757618964804 -0.065594412010200859 -0.039230481997878652 0.042493752013762015 0.013851501541810878 -0.013465394795719992 0.01702094103485971 -0.056264764933102916 -0.051948512066484299 -0.016637013770004219 -0.045125252954505937
leaf_weight=76.67238345135047 0.78400507969490663 0.97270757870864999 34.298744892817922 2.0623308155772966 1.9039709225726258 2.5795243604588896 1.825580506963888 14.207355361508233 53.307564168084355 29.614917615796003 1.7798880406990063 1.3401940786716293 2.4015843342840526 1.0430047075642503
leaf_count=27931 80 299 1580 391 423 5758 25 2650 18886 4287 253 288 1825 379
internal_value=2.50145e-09 0.00818332 0.0130379 0.0165684 -0.0247069 -0.00202944 0.0107237 -0.000890542 -0.00771702 0.00344572 -0.0370324 -0.0333432 -0.0283373 -0.0583499
internal_weight=224.794 44.6702 38.925 36.3611 5.74526 180.124 2.79829 173.802 67.5149 106.287 2.56389 6.3213 4.98111 2.94698
internal_count=65055 3430 2304 1971 1126 61625 324 53754 21536 32218 333 7871 7583 802
is_linear=0
shrinkage=0.04


Tree=99
num_leaves=14
num_cat=0
split_feature=17 0 19 10 18 6 0 6 8 15 7 13 18
split_gain=3.0292 3.42292 3.75021 5.43427 4.69878 3.39073 3.43766 1.34603 1.64629 0.609198 0.316816 0.211736 0.194523
threshold=0.062164071947336204 0.09701185300946237 0.40121951219512203 0.57746773958206188 0.24669925123453143 0.2774875015020371 0.19713667780160907 0.43981240689754492 -0.012436844408512114 83.218982696533217 -0.023543988354504105 1.206213712692261 0.23473440855741504
decision_type=2 2 2 2 2 2 2 2 2 2 2 2 2
left_child=1 2 4 -4 -1 10 -7 8 9 -2 -3 -9 -13
right_child=7 5 3 -5 -6 6 -8 11 -10 -11 -12 12 -14
leaf_value=0.0044778241439411819 -0.043988031782673791 0.014261028661271623 -0.012929403035299186 0.01830165638891584 -0.054650732094683824 0.020164314408183368 -0.0063931964660876098 -0.066904055733545256 0.038355847294553935 0.030568214998317668 -0.039453004987392855 -0.058734784720232698 -0.027808884320021758
leaf_weight=99.324117225787631 1.3183952945655621 0.190670679934556 64.416552106780728 10.346059441420946 2.1979423516349916 30.704804358771071 10.453418685166978 1.0347771937376822 0.74968728533713047 0.20225224801833963 2.2364255369066077 0.62648317776620366 0.6771709441090934
leaf_count=21538 1103 140 37585 563 626 1022 556 179 164 60 1187 141 191
internal_value=2.25798e-09 0.00067274 -0.0018089 -0.00860748 0.0031977 0.0107099 0.0134192 -0.0320942 -0.0101554 -0.0340718 -0.0352333 -0.0533941 -0.0426706
internal_weight=224.479 219.87 176.285 74.7626 101.522 43.5853 41.1582 4.60877 2.27033 1.52065 2.4271 2.33843 1.30365
internal_count=65055 63217 60312 38148 22164 2905 1578 1838 1327 1163 1327 511 332
is_linear=0
shrinkage=0.04


Tree=100
num_leaves=15
num_cat=0
split_feature=17 0 19 9 15 2 18 3 3 15 13 15 11 21
split_gain=2.25068 2.96685 3.61154 3.56679 4.81401 3.99894 2.87758 1.50122 1.62979 0.508255 0.523864 0.435643 0.354244 0.0732135
threshold=0.062164071947336204 0.10124255716800691 0.91445993031358896 20.500000000000004 71.768241882324233 0.4371520876884461 0.24669925123453143 0.39962765574455267 0.36452658474445349 83.218982696533217 1.2994138002395632 77.195861816406264 0.58335122466087352 0.87841832963784194
decision_type=2 2 2 2 2 2 2 2 2 2 2 2 2 2
left_child=1 2 6 5 -5 -3 -1 8 11 13 -11 -2 -4 -9
right_child=7 3 12 4 -6 -7 -8 9 -10 10 -12 -13 -14 -15
leaf_value=0.00034014988645784071 -0.040144952424794669 0.032401703340216352 -0.027278706028628034 0.013492973525932052 -0.023321313129928595 -0.021056592107480482 -0.02850856063654704 -0.053233211263665731 0.0448988575436415 0.0160127877376042 -0.051011733106241505 0.04512420556413043 -0.051221324153896339 -0.071203989436657122
leaf_weight=165.45685078404313 0.96731303756678133 14.51668533467455 4.7030248838918842 16.034937329161043 8.803374673931101 2.6471713787177569 5.7235281263801872 1.4642351263901221 0.75850819668266911 0.35836452001240093 0.38924152459367178 0.10641266296443064 1.2519313721568321 0.48216983940801572
leaf_count=51390 1001 687 7431 961 894 157 1415 370 54 81 127 110 282 95
internal_value=-1.81326e-09 0.000576671 -0.00168971 0.0101347 0.000444987 0.0241569 -0.000624426 -0.0279195 1.37551e-05 -0.0469173 -0.0188836 -0.0316943 -0.0323122 -0.057685
internal_weight=223.664 219.138 177.135 42.0022 24.8383 17.1639 171.18 4.52624 1.83223 2.69401 0.747606 1.07373 5.95496 1.9464
internal_count=65055 63217 60518 2699 1855 844 52805 1838 1165 673 208 1111 7713 465
is_linear=0
shrinkage=0.04


Tree=101
num_leaves=15
num_cat=0
split_feature=7 9 2 12 16 17 18 8 18 3 5 8 0 0
split_gain=2.27567 6.41129 4.20038 3.33918 3.6407 6.03376 3.27853 3.10234 1.92489 2.78445 1.20397 0.878567 0.429496 0.18612
threshold=-0.0060545338783413163 1.0000000180025095e-35 -0.12545397877693173 0.20000199973583224 0.20638945233265724 -0.036386946216225617 -0.090218454599380479 -0.58000493049621571 0.012780512217432262 0.80307304859161388 -0.060695236548781388 -0.64870634675025929 0.054722422733902938 -0.018356542102992531
decision_type=2 2 2 2 2 2 2 2 2 2 2 2 2 2
left_child=1 2 -1 8 5 -5 -6 -4 9 -2 -10 13 -13 -3
right_child=3 11 7 4 6 -7 -8 -9 10 -11 -12 12 -14 -15
leaf_value=-0.052445862161245048 -0.03720955409490203 -0.07080710892649493 0.03264609157397752 0.0046297870390393367 0.023095533792569584 -0.034323873875443944 0.00065567240250927184 -0.03181699806554493 0.048008051089891847 0.04756644409600895 0.017785044755241553 -0.032082694415889665 0.0085242316033579905 -0.047598496677036153
leaf_weight=1.4641516928568297 1.7348792911507183 1.0277449776767755 6.6928627525339826 13.249409427719003 11.161857670143943 12.239654029597657 156.18671760761572 1.4540045995117932 3.9489061407803092 0.96452080039307464 4.5260880573805462 6.9298537098075013 0.44342036489251757 1.1964989115949718
leaf_count=464 372 110 108 2132 1123 6373 32460 3835 17 3 216 16964 628 250
internal_value=-8.7851e-11 -0.0131622 0.00993079 0.00123927 7.39474e-06 -0.0140755 0.00215237 0.0211411 0.0224979 -0.0069183 0.0318674 -0.0362877 -0.0296406 -0.0583224
internal_weight=223.221 19.2085 9.61102 204.012 192.838 25.4891 167.349 8.14687 11.1744 2.6994 8.47499 9.59752 7.37327 2.22424
internal_count=65055 22359 4407 42696 42088 8505 33583 3943 608 375 233 17952 17592 360
is_linear=0
shrinkage=0.04


Tree=102
num_leaves=11
num_cat=0
split_feature=19 20 18 15 19 18 6 18 5 14
split_gain=2.15036 3.69747 5.15774 3.97589 3.34348 2.89149 6.90051 4.4704 1.90622 0.576147
threshold=0.12632978723404256 0.021054964539007095 0.055279521271586425 71.768241882324233 0.13176169590643277 -0.065147932618856416 0.18884004652500155 -0.055640522390604012 0.0034112721914425497 0.049291757866740234
decision_type=2 2 2 2 2 2 2 2 2 2
left_child=1 -1 8 -4 9 6 -6 -7 -3 -2
right_child=4 2 3 -5 5 7 -8 -9 -10 -11
leaf_value=0.035389623513834019 0.041584727155288208 -0.037622014746315553 0.015557056054215578 -0.057199898458037267 -0.027745231590869897 -0.052444830885974042 0.022368203994169417 -0.0006301608856066214 -0.0084700270258094689 0.017844816203447536
leaf_weight=2.6376134854435831 3.2589691641842355 11.30285182758235 9.8944253341651329 1.3678576899183088 5.4771208423972011 2.7107869091032617 22.279963874942041 154.89508193729398 5.2585416935107778 3.2837937508884352
leaf_count=170 95 3653 990 332 6019 2007 684 49962 1013 130
internal_value=6.99449e-10 -0.00987303 -0.0141638 0.00672038 0.00156715 0.000575213 0.0124797 -0.00152136 -0.0283657 0.0296697
internal_weight=222.367 30.4613 27.8237 11.2623 191.906 185.363 27.7571 157.606 16.5614 6.54276
internal_count=65055 6158 5988 1322 58897 58672 6703 51969 4666 225
is_linear=0
shrinkage=0.04


Tree=103
num_leaves=11
num_cat=0
split_feature=13 14 9 19 21 16 18 14 0 4
split_gain=2.11955 2.38948 2.90645 4.71384 4.51601 1.00685 0.022799 0.0206061 0.0541592 0.00379233
threshold=1.8432438969612124 0.18883457034826281 24.500000000000004 0.27622890682318418 0.97014260249554385 0.38956639566395673 -0.043312653899192803 0.11416394636034967 -0.081391889601945863 0.99105033278465282
decision_type=2 2 2 2 2 2 2 2 2 2
left_child=1 2 4 -4 -1 -3 -2 8 -8 -9
right_child=6 5 3 -5 -6 -7 7 9 -10 -11
leaf_value=0.0050937863138045781 -0.026704010311933805 0.0033490164399126061 -0.023155599061937596 -0.0010563256512557664 -0.027961748864062753 0.026066472503986051 0.0034089239811643177 -0.046379118627692319 -0.042690005113580065 -0.051107083430022356
leaf_weight=116.11025656333004 0.11263998652248131 5.2032313660019991 20.428158651309786 63.286349467180116 7.0121834716755975 7.8021973260911182 0.045359882438787968 0.73936881891859207 0.40355277421986002 0.42890431697014719
leaf_count=35811 86 186 5389 17843 4126 164 36 340 960 114
internal_value=-7.10609e-10 0.000347031 -0.000698663 -0.00644903 0.00321118 0.0169776 -0.044104 -0.045316 -0.038032 -0.0481149
internal_weight=221.572 219.842 206.837 83.7145 123.122 13.0054 1.72983 1.61719 0.448913 1.16827
internal_count=65055 63519 63169 23232 39937 350 1536 1450 996 454
is_linear=0
shrinkage=0.04


Tree=104
num_leaves=14
num_cat=0
split_feature=14 13 14 9 11 8 6 21 18 12 16 17 9
split_gain=2.13362 2.19829 5.80894 7.75512 4.71672 4.42101 3.79768 1.78802 0.233468 0.374349 0.130633 0.545345 0.052642
threshold=0.014084937050938608 0.60083499550819408 0.094643857330083861 17.500000000000004 0.6183723807334901 -0.16708597540855405 0.17010648548603061 0.94028520499108748 -0.094126332551240907 0.37164241075515753 1.0000000180025095e-35 -0.015173570252954958 25.500000000000004
decision_type=2 2 2 2 2 2 2 2 2 2 2 2 2
left_child=8 4 3 -3 6 -4 -2 -6 9 -1 11 -10 -12
right_child=1 2 5 -5 7 -7 -8 -9 10 -11 12 -13 -14
leaf_value=-0.040638939750810399 0.0011566852796674988 0.0057372707335183138 -0.0054428271821152221 -0.02197594400936069 -0.060993837312555699 0.01216441208361675 0.022600578082176862 0.0084461565935092346 0.24282330508091388 0.14148674575066783 -0.038722311555888012 -0.040348534122561591 -0.025355341954622801
leaf_weight=0.042245323915267696 32.760466702411577 26.920974341632245 40.261772447905969 40.402945106430707 2.1575722217967264 52.660865254198143 22.146742399942013 0.81832389699411567 0.013954424042822211 0.03153795669277315 2.3483152575809076 0.049415189007049221 0.58978946558090672
leaf_count=137 8757 16065 2873 21857 311 2707 871 63 65 93 8933 360 1963
internal_value=-6.3098e-11 0.000466449 -0.00194693 -0.0108942 0.00714778 0.0045355 0.00980605 -0.0418989 -0.0330855 0.0372089 -0.0348135 0.0220078 -0.0360391
internal_weight=221.205 218.13 160.247 67.3239 57.8831 92.9226 54.9072 2.9759 3.07526 0.0737833 3.00147 0.0633696 2.9381
internal_count=65055 53504 43502 37922 10002 5580 9628 374 11551 230 11321 425 10896
is_linear=0
shrinkage=0.04


Tree=105
num_leaves=14
num_cat=0
split_feature=17 19 16 18 6 18 10 10 10 3 2 20 14
split_gain=2.04428 3.50091 3.34224 2.28994 5.35347 5.17436 2.09773 0.994538 0.691075 0.614418 0.538087 0.165551 0.0953584
threshold=-0.05744520761072635 0.34708049886621323 0.097391598915989183 -0.090218454599380479 0.18884004652500155 -0.08220785483717917 0.063383143395185484 0.39582695066928869 1.0000000180025095e-35 0.59524893760681163 -0.10161101445555686 0.71478174603174616 0.093286465853452696
decision_type=2 2 2 2 2 2 2 2 2 2 2 2 2
left_child=1 7 8 4 -4 -5 9 -1 10 -3 -2 -10 -8
right_child=2 6 3 5 -6 -7 12 -9 11 -11 -12 -13 -14
leaf_value=0.015883626912939503 -0.048497924667749388 -0.03283119500621879 -0.041873640592891961 -0.058324980321606941 0.027488966237839942 -0.00044376053732724066 -0.039382093824904756 0.047158203805730013 -0.051342197241841872 0.057185250982252925 0.05413260045333642 -0.033298485270383968 -0.062821834967744003
leaf_weight=2.9448701933870307 0.13148497089423472 0.16562518883256405 2.1284973048896054 2.5033087856099874 10.884584579471264 192.44762892722338 0.39323704190974218 3.6350952964858152 1.9851488483527648 0.45355742517858744 0.2160339119163831 1.3785648575385492 0.94514969105512137
leaf_count=198 164 376 1870 900 277 56212 283 36 1435 3 298 2872 131
internal_value=1.02262e-10 0.0191901 -0.000773999 -0.000102556 0.0161436 -0.001187 -0.0277709 0.0331612 -0.0383992 0.0331067 0.015302 -0.0439473 -0.0559349
internal_weight=220.213 8.53753 211.675 207.964 13.0131 194.951 1.95757 6.57997 3.71123 0.619183 0.347519 3.36371 1.33839
internal_count=65055 1027 64028 59259 2147 57112 793 234 4769 379 462 4307 414
is_linear=0
shrinkage=0.04


Tree=106
num_leaves=15
num_cat=0
split_feature=17 17 8 17 22 17 15 11 20 9 13 4 14 10
split_gain=2.0574 3.13276 6.33172 5.76957 4.41415 3.91591 6.03391 6.02377 2.8262 1.41085 2.58239 0.603868 1.01792 0.443849
threshold=-0.05744520761072635 -0.015944983810186383 -0.34386597573757166 -0.031092314049601551 0.31474819779396063 -0.0044896719045937053 69.603527069091811 0.75759384036064159 0.63176169590643283 26.500000000000004 1.7229126095771792 0.66092300415039074 0.12442560866475107 0.40844221413135534
decision_type=2 2 2 2 2 2 2 2 2 2 2 2 2 2
left_child=8 2 3 -2 -4 6 -3 -7 9 13 -11 12 -10 -1
right_child=1 5 4 -5 -6 7 -8 -9 11 10 -12 -13 -14 -15
leaf_value=0.02655811942041009 0.037085411752430443 0.012971969449506755 -0.035187101381586282 -0.026055198948605102 0.007896819356300145 -0.010600082866370446 -0.018206091387888836 0.0097634974356553671 -0.043087217280201574 -0.039405466594956903 0.045844653439551436 -0.058181806427926093 0.14739572826065389 0.049742492681383588
leaf_weight=2.4800629007549997 6.2707768288018997 64.191665294392806 16.042364255564284 3.6710554855963 4.9878340646973802 69.49475871143477 11.749497370437892 34.921859789697919 0.1388802766723527 1.1912456769750863 1.0875793957238782 0.82699091173708439 0.066323242208454758 2.8274237557779998
leaf_count=231 280 16043 8655 837 303 33847 2301 1762 364 275 10 131 4 12
internal_value=7.5526e-10 -0.000781257 -0.0125336 0.0137705 -0.0249687 0.00123693 0.00814815 -0.00378954 0.0191568 0.0276059 0.00128053 -0.0429415 0.0184782 0.038909
internal_weight=219.948 211.33 30.972 9.94183 21.0302 180.358 75.9412 104.417 8.61851 7.58631 2.27883 1.03219 0.205204 5.30749
internal_count=65055 64028 10075 1117 8958 53953 18344 35609 1027 528 285 499 368 243
is_linear=0
shrinkage=0.04


Tree=107
num_leaves=14
num_cat=0
split_feature=17 17 8 17 22 17 15 11 19 10 10 1 19
split_gain=2.20159 2.84841 6.09773 5.14245 4.3102 3.52805 5.49539 5.26934 2.67622 2.28379 1.26714 0.182044 0.0819756
threshold=-0.05744520761072635 -0.015944983810186383 -0.3399845659732818 -0.031092314049601551 0.31474819779396063 -0.0044896719045937053 69.603527069091811 0.75759384036064159 0.34708049886621323 0.063383143395185484 0.39582695066928869 0.026723113842308525 0.43534002229654406
decision_type=2 2 2 2 2 2 2 2 2 2 2 2 2
left_child=8 2 3 -2 -4 6 -3 -7 10 11 -1 -10 -11
right_child=1 5 4 -5 -6 7 -8 -9 9 12 -12 -13 -14
leaf_value=0.011924871618770099 0.035635216670608039 0.012214894512990791 -0.035328985528512769 -0.023850727586942757 0.0073860998413213235 -0.010092822543641102 -0.017677643430022674 0.008969682185019881 0.013357457692825474 -0.070592117438593269 0.046971338868653033 0.053405243468640173 -0.047387900286220565
leaf_weight=2.9135409804293868 6.2422506472794339 64.356245268323619 15.266953498206933 3.7054752813128307 5.023310331394895 69.117878966830176 11.616012991522437 34.925231676825206 0.33168008864595355 0.32891540151831555 3.8081251409603283 0.40138945035505458 0.93909563311899547
leaf_count=198 293 16043 8605 874 303 33847 2301 1762 367 54 36 12 360
internal_value=-2.02813e-09 -0.000816933 -0.0121767 0.013477 -0.0247539 0.00109121 0.00764438 -0.00369391 0.0196913 -0.0209156 0.0317803 0.0352855 -0.053407
internal_weight=218.976 210.253 30.238 9.94773 20.2903 180.015 75.9723 104.043 8.72275 2.00108 6.72167 0.73307 1.26801
internal_count=65055 64028 10075 1167 8908 53953 18344 35609 1027 793 234 379 414
is_linear=0
shrinkage=0.04


Tree=108
num_leaves=9
num_cat=0
split_feature=1 4 0 20 6 17 18 7
split_gain=2.07222 2.33544 2.30985 3.20705 3.13505 0.24502 0.143053 0.073035
threshold=0.58096843957901012 2.7207884788513188 0.09701185300946237 0.51250781738586626 0.2774875015020371 0.02869437821209431 -0.043312653899192803 2.0031316280364995
decision_type=2 2 2 2 2 2 2 2
left_child=1 2 3 -1 -4 -2 -3 -8
right_child=5 6 4 -5 -6 -7 7 -9
leaf_value=0.0032803992606728477 -0.064139936657914925 -0.022576663436596714 -0.034574278905171806 -0.0078129449579089245 0.011522815443680818 -0.028768410608129798 -0.056964950201161733 -0.039719450477671343
leaf_weight=98.929566035436437 0.79209358629304805 0.44877796317450735 2.5034017739453693 72.07448730089709 41.373668607426225 0.51841440686257556 0.77144218585453816 0.80076850953628309
leaf_count=29452 127 90 1538 31555 1809 121 117 246
internal_value=1.64387e-09 0.00030299 0.000705517 -0.0013952 0.00889275 -0.0501476 -0.0424956 -0.0481814
internal_weight=218.213 216.902 214.881 171.004 43.8771 1.31051 2.02099 1.57221
internal_count=65055 64807 64354 61007 3347 248 453 363
is_linear=0
shrinkage=0.04


Tree=109
num_leaves=15
num_cat=0
split_feature=7 9 2 12 16 17 17 8 5 8 8 0 0 5
split_gain=2.07154 6.24879 3.66738 2.82224 2.8203 5.14411 3.50522 2.75789 1.82644 3.97502 0.597533 0.493955 0.167663 0.0386595
threshold=-0.019262592308223244 1.0000000180025095e-35 -0.12545397877693173 0.20000199973583224 0.20638945233265724 -0.036386946216225617 -0.047792311757802956 -0.60278719663619984 -0.062138926237821572 -0.58000493049621571 -0.64870634675025929 0.12532272189855578 -0.018356542102992531 -0.08135321736335753
decision_type=2 2 2 2 2 2 2 2 2 2 2 2 2 2
left_child=1 2 13 8 5 -5 -6 -4 -2 -10 12 -12 -3 -1
right_child=3 10 7 4 6 -7 -8 -9 9 -11 11 -13 -14 -15
leaf_value=-0.056821557875957426 0.038137987460665379 -0.06861892754238795 0.035217447237660397 0.0046625598139255755 0.046399502930336206 -0.03210065513643915 0.0011486151475379851 -0.016667120431548416 -0.031936501605151373 0.035773682802474505 -0.033071058243336927 0.053449109621193334 -0.045790504406077147 -0.043267520651409715
leaf_weight=0.7638767213356914 5.1963392464604112 0.95390756850247305 5.6287181166408109 12.934160319120567 2.7860712501133085 11.50822935074302 161.87896423545681 2.3126258978209107 2.5284120661090128 3.0736094764761202 6.4342182569753259 0.10733903017535329 1.1181555707589721 0.6020759749371789
leaf_count=192 114 109 76 2190 57 6803 35172 3694 217 456 15407 64 248 256
internal_value=8.1438e-10 -0.0130282 0.00969447 0.00116794 3.22227e-05 -0.0126467 0.00191424 0.020108 0.0210572 0.00521342 -0.0375807 -0.0316514 -0.0562999 -0.0508473
internal_weight=217.827 17.9209 9.3073 199.906 189.107 24.4424 164.665 7.94134 10.7984 5.60202 8.61362 6.54156 2.07206 1.36595
internal_count=65055 20046 4218 45009 44222 8993 35229 3770 787 673 15828 15471 357 448
is_linear=0
shrinkage=0.04


Tree=110
num_leaves=12
num_cat=0
split_feature=18 7 9 12 19 12 15 8 5 0 21
split_gain=1.99103 1.97793 4.95176 3.36871 2.8011 2.46593 1.64308 1.01928 0.0256983 0.0217697 0.00418036
threshold=0.39281384646892553 0.0081212394870817679 1.0000000180025095e-35 0.037124436348676688 0.059714795008912663 0.20000199973583224 19.826560974121097 -0.64870634675025929 0.20432253181934359 0.054722422733902938 0.41240409207161127
decision_type=2 2 2 2 2 2 2 2 2 2 2
left_child=1 2 3 -1 6 -6 -3 -4 9 10 -2
right_child=8 4 7 -5 5 -7 -8 -9 -10 -11 -12
leaf_value=0.023346635920337304 -0.041460504641482834 0.044036419147636854 -0.05632922078183393 -0.032405974763389384 0.022465607080127584 0.001456544235088889 -0.026337672968256159 -0.024834979610261862 -0.052620739498182849 -0.030333803748854443 -0.048770271906472422
leaf_weight=6.8785602546240643 0.20032021249062271 0.57070495642255803 2.0701991894165985 2.3184872011561311 9.4096619163319684 178.69635247058704 7.5969921982432425 7.9897949167352618 0.69785316741035786 0.19234087831137003 0.33370705094421282
leaf_count=1550 175 17 369 2987 470 37842 1496 19750 198 101 100
internal_value=2.66528e-09 0.000311496 -0.0119219 0.00929194 0.00151175 0.00250748 -0.0214204 -0.031316 -0.047139 -0.0418724 -0.0460283
internal_weight=216.955 215.531 19.257 9.19705 196.274 188.106 8.1677 10.06 1.42422 0.726368 0.534027
internal_count=65055 64481 24656 4537 39825 38312 1513 20119 574 376 275
is_linear=0
shrinkage=0.04


Tree=111
num_leaves=7
num_cat=0
split_feature=2 22 17 18 15 18
split_gain=1.98913 2.32488 2.05054 5.61997 4.35049 0.245576
threshold=0.94592595100402843 0.80339527130126964 -0.0044896719045937053 0.036639763042330749 70.664844512939467 0.1903837248682976
decision_type=2 2 2 2 2 2
left_child=1 2 4 -4 -1 -2
right_child=5 -3 3 -5 -6 -7
leaf_value=0.0067158148799075215 -0.064486727965025206 0.036512403215046806 -0.014981470926165067 0.0041551296100472181 -0.01567097949554019 -0.028611232801002896
leaf_weight=96.780801272968347 0.75437529280315974 2.7988641349365926 44.296530727363461 55.092695902552805 16.216323830851252 0.51282243279274553
leaf_count=26306 112 43 23752 11661 3041 140
internal_value=-2.24574e-10 0.000294256 -0.000183033 -0.00437381 0.00350306 -0.0499683
internal_weight=216.452 215.185 212.386 99.3892 112.997 1.2672
internal_count=65055 64803 64760 35413 29347 252
is_linear=0
shrinkage=0.04


Tree=112
num_leaves=12
num_cat=0
split_feature=7 15 15 17 13 17 2 4 7 4 9
split_gain=1.95271 2.25483 3.49237 2.13791 0.423679 0.227833 0.193577 0.150356 0.0320537 0.0267957 0.0066052
threshold=2.0031316280364995 90.036285400390639 88.190071105957045 -0.0044896719045937053 1.5677354335784914 0.035484813153743751 0.3256767094135285 0.26059402525424963 1.0014944672584536 2.7207884788513188 27.500000000000004
decision_type=2 2 2 2 2 2 2 2 2 2 2
left_child=1 2 3 -1 -4 9 7 -3 -8 -2 -11
right_child=5 6 4 -5 -6 -7 8 -9 -10 10 -12
leaf_value=0.0036553047836134622 -0.055813274741707455 0.011936683732809815 0.022716774539107289 -0.0044816163353877982 0.046619259438166985 -0.020170641552237703 -0.052962741423248576 -0.047851895055097453 -0.06711413935997064 -0.048191264454536482 -0.040541538581419997
leaf_weight=112.20374951133363 0.58725663367658743 0.11726907455340452 2.3845245280608642 95.753759801452361 2.3616142758328351 0.62853139449725848 0.50355800843681187 0.15793215615849476 0.52111991168931127 0.35588496606214903 0.36666991468518972
leaf_count=29068 107 162 177 34768 58 160 136 101 75 97 146
internal_value=1.48441e-09 0.000362007 0.000682982 -9.13298e-05 0.0346103 -0.0399674 -0.0521601 -0.0223747 -0.0601597 -0.0494671 -0.0443093
internal_weight=215.942 214.004 212.704 207.958 4.74614 1.93834 1.29988 0.275201 1.02468 1.30981 0.722555
internal_count=65055 64545 64071 63836 235 510 474 263 211 350 243
is_linear=0
shrinkage=0.04


Tree=113
num_leaves=14
num_cat=0
split_feature=17 0 17 20 0 19 8 9 13 6 10 20 16
split_gain=1.93565 2.49161 3.69697 2.36805 2.3101 3.15499 2.24766 1.5432 2.55961 0.807346 0.951937 0.502746 0.470969
threshold=-0.05744520761072635 -0.091827549040317522 -0.0018971862737089393 0.63176169590643283 -0.074367504566907869 0.12632978723404256 -0.23297228664159772 26.500000000000004 1.7229126095771792 0.24097886681556704 0.40844221413135534 0.031754032258064523 0.18634259259259262
decision_type=2 2 2 2 2 2 2 2 2 2 2 2 2
left_child=3 2 11 7 6 -6 -3 12 -9 10 -5 -2 -1
right_child=1 4 -4 9 5 -7 -8 8 -10 -11 -12 -13 -14
leaf_value=0.027722244957909078 -0.01132991239380734 0.028708364413371348 0.015668775756480978 -0.042865409662733493 -0.018772460864507571 0.00053247556670059251 -0.014064022297019807 -0.040355762190366476 0.045230270539397682 -0.055963167450638791 0.12973843964978021 -0.050195128514821996 0.051748155599967045
leaf_weight=3.0293105245182215 0.61366525703851937 8.0100939742369501 2.4511444547897545 0.11753689651595756 14.683348104728791 174.7238901836854 2.6050145475492164 1.2286015749450601 1.0259992432111174 0.82549705351266311 0.090479597449302673 4.0279424223590468 2.2939719705609605
leaf_count=211 85 375 178 353 4740 57484 433 275 10 145 1 733 32
internal_value=3.36327e-10 -0.000772595 -0.024071 0.0185819 5.35607e-05 -0.000964094 0.0182118 0.0263284 -0.0014082 -0.0382163 0.032211 -0.0450568 0.0380758
internal_weight=215.726 207.115 7.09275 8.6114 200.022 189.407 10.6151 7.57788 2.2546 1.03351 0.208016 4.64161 5.32328
internal_count=65055 64028 996 1027 63032 62224 808 528 285 499 354 818 243
is_linear=0
shrinkage=0.04


Tree=114
num_leaves=12
num_cat=0
split_feature=17 17 8 19 22 18 6 13 14 11 3
split_gain=2.36342 2.43225 5.52766 3.50895 3.30084 2.75983 4.17098 3.65223 2.34457 1.04439 0.129574
threshold=-0.05744520761072635 -0.015944983810186383 -0.37914574146270746 0.21478174603174607 0.31474819779396063 -0.090218454599380479 0.18884004652500155 1.4377373456954958 0.11734332144260408 0.85980194807052623 0.21288745105266574
decision_type=2 2 2 2 2 2 2 2 2 2 2
left_child=8 2 3 -2 -4 6 -3 -7 9 10 -1
right_child=1 5 4 -5 -6 7 -8 -9 -10 -11 -12
leaf_value=-0.024875654053733771 -0.051289734740971718 -0.040391573698181443 -0.030607422623110919 0.027759555190996422 0.0062776073813396952 0.0017125295150590622 0.029396579077909855 -0.016993464921905743 0.03024856051213232 0.020813700767745108 -0.055119890736216107
leaf_weight=0.32501482396219017 1.0355370257166239 1.5886057967691147 16.530816571458676 6.7875718731047527 5.0732291306194375 146.91688986282679 9.9680725840153155 18.841749919038193 7.1382121447531972 0.57551502477144811 0.74887290653350647
leaf_count=639 236 1478 8975 557 307 46094 210 6171 165 33 190
internal_value=-2.86303e-10 -0.00086357 -0.0115135 0.0172959 -0.0219458 0.000903892 0.0198033 -0.000413777 0.0203168 -0.0226653 -0.0459664
internal_weight=215.53 206.742 29.4272 7.82311 21.604 177.315 11.5567 165.759 8.78761 1.6494 1.07389
internal_count=65055 64028 10075 793 9282 53953 1688 52265 1027 862 829
is_linear=0
shrinkage=0.04


Tree=115
num_leaves=14
num_cat=0
split_feature=17 19 17 8 17 22 17 11 11 10 10 1 1
split_gain=2.09392 2.22936 2.13808 5.01615 3.4645 3.39081 2.64646 4.96712 4.57059 2.12998 0.800793 0.15764 0.123472
threshold=-0.05744520761072635 0.34708049886621323 -0.015944983810186383 -0.37914574146270746 -0.031092314049601551 0.31474819779396063 -0.0044896719045937053 0.63645917177200328 0.75759384036064159 0.063383143395185484 0.39582695066928869 0.026723113842308525 -0.10536607354879378
decision_type=2 2 2 2 2 2 2 2 2 2 2 2 2
left_child=1 10 3 4 -2 -5 7 -4 -8 11 -1 -3 -11
right_child=2 9 6 5 -6 -7 8 -9 -10 12 -12 -13 -14
leaf_value=0.015467797275114029 0.036737034626646702 0.015005343744277295 0.011004409717154603 -0.029916576258312469 -0.019117133156851367 0.0072144983246695635 -0.0093847760598284018 -0.017361987301072326 0.0084728927053159368 -0.075496818400723129 0.043139260937178306 0.051638414622807723 -0.044594530103940197
leaf_weight=3.1458001050232252 4.9635013614824857 0.35606390035536595 63.056708482943577 16.138944550711134 2.7675915945510523 5.2038511559367171 67.719078743033606 11.711153436321181 34.673775511531858 0.26562919835851029 3.5748252376215532 0.39807341776031535 0.93527669542891101
leaf_count=198 186 367 17471 8975 607 307 33847 873 1762 41 36 12 373
internal_value=-4.01242e-09 0.0192504 -0.000809811 -0.0108635 0.0167423 -0.0208632 0.000840095 0.00656128 -0.00333755 -0.0183442 0.0301868 0.0343422 -0.0514298
internal_weight=214.91 8.67567 206.235 29.0739 7.73109 21.3428 177.161 74.7679 102.393 1.95504 6.72063 0.754137 1.20091
internal_count=65055 1027 64028 10075 793 9282 53953 18344 35609 793 234 379 414
is_linear=0
shrinkage=0.04


Tree=116
num_leaves=14
num_cat=0
split_feature=17 13 10 7 14 9 9 7 20 12 16 3 19
split_gain=2.10544 2.04534 4.16147 4.75858 3.87128 5.56524 3.62607 2.87575 1.89127 1.67872 2.2776 1.05327 0.726301
threshold=-0.05744520761072635 0.60083499550819408 0.024545939639210704 1.2015199661254885 0.072480846196413054 17.500000000000004 10.500000000000002 1.2519875168800356 0.63176169590643283 0.69921121001243602 0.060915275200989494 0.16517397761344912 0.34178433889602061
decision_type=2 2 2 2 2 2 2 2 2 2 2 2 2
left_child=8 2 7 -4 5 -3 -6 -2 9 10 -1 12 -10
right_child=1 4 3 -5 6 -7 -8 -9 11 -11 -12 -13 -14
leaf_value=0.024100606729259424 -0.028208852230025686 0.0012721369964200119 0.013663694249297188 -0.033962825403449415 -0.044049105474664445 -0.030950740931890271 0.0014082526707231728 0.037632267004489038 0.11091783035702717 0.037433334212175054 -0.063694055760729937 -0.053497563816455963 -0.042302790038331248
leaf_weight=1.4776382232521412 7.8641869731172829 16.88401110329869 45.403522264250569 3.6245600530528455 2.8812238163663997 17.427869727771395 109.99663393558876 1.2269983554724602 0.12102571874856938 5.5985813783627236 0.69522352062995185 0.79369110630796058 0.083755868712614756
leaf_count=97 8380 17532 8639 331 925 19310 8897 14 3 176 255 197 299
internal_value=-9.07434e-10 -0.000819859 0.0055337 0.0101427 -0.00332862 -0.0150947 0.000247947 -0.0193226 0.0191934 0.0258516 -0.00398996 -0.0326296 0.0482504
internal_weight=214.079 205.309 58.1193 49.0281 147.19 34.3119 112.878 9.09119 8.76992 7.77144 2.17286 0.998473 0.204782
internal_count=65055 64028 17364 8970 46664 36842 9822 8394 1027 528 352 499 302
is_linear=0
shrinkage=0.04


Tree=117
num_leaves=15
num_cat=0
split_feature=17 13 18 14 8 9 7 20 9 13 3 10 16 8
split_gain=2.09133 2.11243 4.91418 4.80185 5.65457 5.43086 3.50326 1.71554 1.36605 1.98417 1.00308 0.606763 0.40525 0.122347
threshold=-0.05744520761072635 0.73526707291603099 0.10403414443135263 0.094643857330083861 -0.16708597540855405 17.500000000000004 0.53956300020217907 0.63176169590643283 26.500000000000004 1.7229126095771792 0.14627581089735034 0.40844221413135534 0.18634259259259262 -0.30533190071582789
decision_type=2 2 2 2 2 2 2 2 2 2 2 2 2 2
left_child=7 2 6 5 -5 -3 -2 8 12 -10 11 -9 -1 -4
right_child=1 3 13 4 -6 -7 -8 10 9 -11 -12 -13 -14 -15
leaf_value=0.026628124691117368 -0.004759491194479948 0.0016288463092955334 -0.068813601581704645 -0.011978734406468593 0.010132295371785569 -0.027131649065421422 0.01234004147239866 -0.041623310750357731 -0.034732019269716113 0.042788170738090027 -0.051973222238004928 0.10505220709892008 0.048583358247786701 -0.047854071673897706
leaf_weight=3.0307898717073822 31.204401354205402 18.25937509576579 0.60145248615299385 29.884744506656716 48.600395570007095 24.736320534044353 49.707217780785868 0.072072915658281889 1.2234824348633995 0.92973972168692842 0.75845536537235603 0.12069298326969147 2.4185483724286314 1.7196890715331381
leaf_count=211 21756 15027 106 2562 2590 18371 2511 288 275 10 209 2 32 1105
internal_value=-1.90373e-09 -0.000809685 0.00409923 -0.00417303 0.00171309 -0.0149177 0.00574543 0.0193778 0.0257141 -0.00125958 -0.0312653 0.0502119 0.0363724 -0.0532851
internal_weight=213.267 204.714 83.2328 121.481 78.4851 42.9957 80.9116 8.55378 7.60256 2.15322 0.951221 0.192766 5.44934 2.32114
internal_count=65055 64028 25478 38550 5152 33398 24267 1027 528 285 499 290 243 1211
is_linear=0
shrinkage=0.04


Tree=118
num_leaves=14
num_cat=0
split_feature=17 16 13 18 10 19 10 4 13 10 2 13 13
split_gain=2.18366 2.1728 2.03021 4.4194 4.12537 1.76015 0.966662 0.919163 0.845116 0.797836 0.647439 0.496232 0.118512
threshold=-0.05744520761072635 0.097391598915989183 0.73526707291603099 0.10403414443135263 0.097529448568820967 0.43534002229654406 0.39582695066928869 1.461459279060364 1.7229126095771792 1.0000000180025095e-35 -0.21307339519262311 0.7146727740764619 0.79582953453063976
decision_type=2 2 2 2 2 2 2 2 2 2 2 2 2
left_child=5 9 3 -3 -4 6 7 -1 12 11 -11 -2 -7
right_child=1 2 4 -5 -6 8 -8 -9 -10 10 -12 -13 -14
leaf_value=-0.014522524599602269 -0.045095419629085226 0.0060730777074699382 -0.024629552046898907 -0.051800563629222855 -0.00098316796518418026 -0.014545193141352329 0.041026035693790729 0.027715741238877808 0.04128324810014939 0.026332544527847453 -0.043943937933773498 0.054284783951583447 -0.049205741802422168
leaf_weight=1.3121562876876836 0.1171886321590131 79.957290559346802 13.299106453179773 2.16841523424955 105.04872856599468 0.19925239098120051 3.8325100493966602 2.2172727772267535 0.24470428591848759 0.2262368986594091 2.8779635668979604 0.25601518292933179 0.75937248354603071
leaf_count=228 272 22230 17749 1200 18080 167 45 42 34 44 4263 190 511
internal_value=1.38812e-09 -0.000830928 -0.000287169 0.004545 -0.00364038 0.0197856 0.0271165 0.0120126 -0.025065 -0.0321788 -0.0388221 0.0230787 -0.0420015
internal_weight=212.516 203.951 200.474 82.1257 118.348 8.56527 7.36194 3.52943 1.20333 3.4774 3.1042 0.373204 0.958625
internal_count=65055 64028 59259 23430 35829 1027 315 270 712 4769 4307 462 678
is_linear=0
shrinkage=0.04


Tree=119
num_leaves=11
num_cat=0
split_feature=17 0 8 5 13 14 11 11 4 19
split_gain=2.14889 2.05976 3.06554 2.02092 2.36015 1.62064 1.44803 1.06053 0.509276 0.13545
threshold=-0.05744520761072635 -0.091827549040317522 -0.16594393551349637 -0.1433240547776222 0.60083499550819408 0.11734332144260408 0.85980194807052623 0.6183723807334901 0.8971429467201234 0.83503401360544227
decision_type=2 2 2 2 2 2 2 2 2 2
left_child=5 2 8 7 -5 6 9 -3 -2 -1
right_child=1 3 -4 4 -6 -7 -8 -9 -10 -11
leaf_value=-0.050887748401012838 -0.030804558305579696 0.0027793958585931688 0.012921941118335251 0.0060388522245128744 -0.0036668838416812834 0.02850757597044002 0.02868542096295466 0.038377463274173719 -0.058666422947401833 -0.007781206944152832
leaf_weight=0.8911720014657456 2.3637758235745423 2.2727137278998262 2.4603999502542129 57.141273063917652 134.31288727155606 6.7875134976347908 0.72257702755450726 3.2593853902071714 1.888114586821757 0.1341927847961415
leaf_count=508 529 232 199 17253 45514 165 33 33 268 321
internal_value=-6.08862e-10 -0.00082391 -0.0226139 -8.14186e-05 -0.000770117 0.0196626 -0.0146838 0.023753 -0.043177 -0.0452463
internal_weight=212.234 203.699 6.71229 196.986 191.454 8.53546 1.74794 5.5321 4.25189 1.02536
internal_count=65055 64028 996 63032 62767 1027 862 265 797 829
is_linear=0
shrinkage=0.04


end of trees

feature_importances:
ma90_dev=172
vol_ratio=133
vol_7=130
dd_60=128
dsl_30=93
peer_med_1=88
peer_med_7=85
r_14=74
ma30_dev=68
up_14=65
r_30=52
r_1=50
up_7=47
rsi_14=47
peer_rank_1=46
peer_rank_7=44
r_7=41
peer_breadth1=39
r_3=36
pos_60=35
ma7_dev=34
peer_rs7=33
peer_rank_3=31
cat_code=6

parameters:
[boosting: gbdt]
[objective: lambdarank]
[metric: ndcg]
[tree_learner: serial]
[device_type: cpu]
[data_sample_strategy: bagging]
[data: ]
[valid: ]
[num_iterations: 120]
[learning_rate: 0.04]
[num_leaves: 15]
[num_threads: 2]
[seed: 389]
[deterministic: 0]
[force_col_wise: 0]
[force_row_wise: 0]
[histogram_pool_size: -1]
[max_depth: 4]
[min_data_in_leaf: 100]
[min_sum_hessian_in_leaf: 0.001]
[bagging_fraction: 1]
[pos_bagging_fraction: 1]
[neg_bagging_fraction: 1]
[bagging_freq: 0]
[bagging_seed: 27313]
[bagging_by_query: 0]
[feature_fraction: 1]
[feature_fraction_bynode: 1]
[feature_fraction_seed: 24186]
[extra_trees: 0]
[extra_seed: 31967]
[early_stopping_round: 0]
[early_stopping_min_delta: 0]
[first_metric_only: 0]
[max_delta_step: 0]
[lambda_l1: 0]
[lambda_l2: 0]
[linear_lambda: 0]
[min_gain_to_split: 0]
[drop_rate: 0.1]
[max_drop: 50]
[skip_drop: 0.5]
[xgboost_dart_mode: 0]
[uniform_drop: 0]
[drop_seed: 23585]
[top_rate: 0.2]
[other_rate: 0.1]
[min_data_per_group: 100]
[max_cat_threshold: 32]
[cat_l2: 10]
[cat_smooth: 10]
[max_cat_to_onehot: 4]
[top_k: 20]
[monotone_constraints: ]
[monotone_constraints_method: basic]
[monotone_penalty: 0]
[feature_contri: ]
[forcedsplits_filename: ]
[refit_decay_rate: 0.9]
[cegb_tradeoff: 1]
[cegb_penalty_split: 0]
[cegb_penalty_feature_lazy: ]
[cegb_penalty_feature_coupled: ]
[path_smooth: 0]
[interaction_constraints: ]
[verbosity: -1]
[saved_feature_importance_type: 0]
[use_quantized_grad: 0]
[num_grad_quant_bins: 4]
[quant_train_renew_leaf: 0]
[stochastic_rounding: 1]
[linear_tree: 0]
[max_bin: 255]
[max_bin_by_feature: ]
[min_data_in_bin: 3]
[bin_construct_sample_cnt: 200000]
[data_random_seed: 1308]
[is_enable_sparse: 1]
[enable_bundle: 1]
[use_missing: 1]
[zero_as_missing: 0]
[feature_pre_filter: 1]
[pre_partition: 0]
[two_round: 0]
[header: 0]
[label_column: ]
[weight_column: ]
[group_column: ]
[ignore_column: ]
[categorical_feature: ]
[forcedbins_filename: ]
[precise_float_parser: 0]
[parser_config_file: ]
[objective_seed: 23528]
[num_class: 1]
[is_unbalance: 0]
[scale_pos_weight: 1]
[sigmoid: 1]
[boost_from_average: 1]
[reg_sqrt: 0]
[alpha: 0.9]
[fair_c: 1]
[poisson_max_delta_step: 0.7]
[tweedie_variance_power: 1.5]
[lambdarank_truncation_level: 30]
[lambdarank_norm: 1]
[label_gain: ]
[lambdarank_position_bias_regularization: 0]
[eval_at: 1,2,3,4,5]
[multi_error_top_k: 1]
[auc_mu_weights: ]
[num_machines: 1]
[local_listen_port: 12400]
[time_out: 120]
[machine_list_filename: ]
[machines: ]
[gpu_platform_id: -1]
[gpu_device_id: -1]
[gpu_device_id_list: ]
[gpu_use_dp: 0]
[num_gpu: 1]

end of parameters

pandas_categorical:[]
