tree
version=v4
num_class=1
num_tree_per_iteration=1
label_index=0
max_feature_idx=23
objective=lambdarank
feature_names=r_1 r_3 r_7 r_14 r_30 ma7_dev ma30_dev ma90_dev dd_60 dsl_30 up_7 up_14 pos_60 vol_ratio vol_7 rsi_14 peer_breadth1 peer_med_1 peer_med_7 peer_rank_1 peer_rank_3 peer_rank_7 peer_rs7 cat_code
feature_infos=[-0.66546171903610229:1.9891947507858276] [-0.67031013965606689:1.9891947507858276] [-0.67718750238418579:2.9342491626739502] [-0.75970637798309326:4.8116230964660645] [-0.83181089162826538:8.9496641159057617] [-0.59926164150238037:1.3272337913513184] [-0.70558804273605347:2.4181208610534668] [-0.67702203989028931:5.2151737213134766] [-0.9534953236579895:0] [0:29] [0:43.285713195800781] [0:43.285713195800781] [0:1] [0:2.1941003799438477] [0:0.9746098518371582] [0:100] [0:1] [-0.17972350120544434:0.2976190447807312] [-0.36520737409591675:0.78571426868438721] [0.0069444444444444441:1] [0.0069444444444444441:1] [0.0069444444444444441:1] [-0.90937042236328125:2.4784214496612549] [0:2]
tree_sizes=1774 1765 1760 1758 1759 1647 1755 1764 1772 1771 1759 1774 1765 1758 1774 1762 1774 1777 1765 1762 1765 1769 1758 1769 1771 1541 1764 1665 1773 1762 1769 1765 1765 1752 1770 1662 1660 1555 1780 1778 1772 1772 1773 1657 1447 1669 1771 1666 1770 1768 1763 1666 1772 1763 1759 1768 1658 1538 1758 1764 1755 1759 1759 1757 1443 1783 1549 1758 1773 1758 1561 1763 1762 1559 1562 1569 1563 1779 1566 1461 1462 1676 1352 1562 1749 1774 1567 1773 1451 1782 1451 1570 1671 1572 1653 1550 1548 1661 1118 1233 1128 1771 1663 1752 1431 1666 1653 1359 1792 1318 1414 1319 1434 1431 1546 1325 1427 1444 1771 1559

Tree=0
num_leaves=15
num_cat=0
split_feature=23 7 23 8 7 21 18 4 8 9 14 12 6 5
split_gain=153.053 93.1841 49.3248 16.7211 5.53886 6.39766 4.72065 2.97002 9.12174 6.71505 1.73604 0.0189711 0.098464 0.00366931
threshold=1.5000000000000002 0.18031323701143268 1.0000000180025095e-35 -0.25530742108821863 0.52827745676040661 0.87367021276595758 0.032030543312430389 -0.0278156129643321 -0.12131990119814871 26.500000000000004 0.066442672163248076 0.8016113042831422 0.19311501830816272 -0.017761914990842339
decision_type=2 2 2 2 2 2 2 2 2 2 2 2 2 2
left_child=1 2 3 -1 5 -3 -4 8 9 -2 -6 13 -13 -9
right_child=7 4 6 -5 10 -7 -8 11 -10 -11 -12 12 -14 -15
leaf_value=0.010743516295556825 -0.07739346688215365 0.055313354861822657 0.07574486993587011 -0.04767012009507756 0.055157764352206505 0.0019934845936292805 -0.046141366057272711 -0.079999999999999974 0.047774170743071491 0.014820785067111606 0.075705950432962729 -0.063680688752370179 -0.079999999999999974 -0.078924396104545491
leaf_weight=10.427600961509592 10.326267825803368 17.667585616487489 8.7510607858712284 31.605690528402196 8.9835224048474611 4.5220607796691175 0.53976634086575437 10.395644209784225 1.244304946361807 1.4396461083670136 24.574267326039262 0.77028701642120667 2.5494125445693498 9.9140643423743331
leaf_count=7033 1389 10744 8421 20170 3459 2198 1519 1041 153 53 6913 208 231 1523
internal_value=-1.67914e-10 0.0241476 -0.0147431 -0.0331789 0.0599525 0.0444472 0.0686637 -0.0705663 -0.0552184 -0.0661104 0.0702051 -0.0790167 -0.0762133 -0.079475
internal_weight=143.711 107.072 51.3241 42.0333 55.7474 22.1896 9.29083 36.6396 13.0102 11.7659 33.5578 23.6294 3.3197 20.3097
internal_count=65055 60457 37143 27203 23314 12942 9940 4598 1595 1442 10372 3003 439 2564
is_linear=0
shrinkage=0.04


Tree=1
num_leaves=15
num_cat=0
split_feature=7 8 3 7 18 18 7 20 19 17 17 15 7 9
split_gain=314.618 146.806 46.8311 28.3828 25.1777 10.1483 10.0245 9.98487 8.71954 8.1741 4.64377 4.25074 2.02548 0.509186
threshold=0.17173261940479281 -0.50193053483963002 0.50472483038902294 0.0047068730928003797 -0.074589297175407396 -0.019123893231153485 0.79893964529037487 0.82665598290598297 0.20069444444444448 0.066287465393543257 -0.0272162826731801 32.812154769897468 0.66000521183013927 26.500000000000004
decision_type=2 2 2 2 2 2 2 2 2 2 2 2 2 2
left_child=1 5 3 -3 10 11 7 -6 -7 -8 13 -1 -12 -2
right_child=4 2 -4 -5 6 8 9 -9 -10 -11 12 -13 -14 -15
leaf_value=0.020002179622004831 0.0044589006762114228 -0.066141488345554653 0.048267928509032311 -0.03160283202634577 0.040979701415056857 -0.047608035929404643 0.056255176724364662 0.0053906245803527078 0.035317376806830947 -0.0089514032461370657 -0.063245068793504652 0.065447743475847517 -0.020316444175853925 0.064379996715122179
leaf_weight=3.9577842183716738 0.31472205070895121 100.88585616191267 7.6343969814988659 61.138254689685709 61.340392871468794 3.0053112271343689 79.176241508466774 15.878328458064059 6.2437877314077923 3.2002630057395427 3.208211327204479 19.607547593812342 3.8917736361909192 0.81314517069404246
leaf_count=327 111 22826 134 15928 12626 242 4872 4260 620 499 1345 459 559 247
internal_value=-2.54495e-10 -0.0335675 -0.0485469 -0.0531087 0.0404981 0.0438792 0.0440159 0.0336616 0.00837241 0.053722 -0.0277371 0.0578152 -0.0397142 0.0476595
internal_weight=370.296 202.473 169.659 162.024 167.823 32.8144 159.595 77.2187 9.2491 82.3765 8.22785 23.5653 7.09998 1.12787
internal_count=65055 40536 38888 38754 24519 1648 22257 16886 862 5371 2262 786 1904 358
is_linear=0
shrinkage=0.04


Tree=2
num_leaves=15
num_cat=0
split_feature=14 7 13 14 13 6 8 14 7 9 2 13 8 12
split_gain=109.637 92.268 29.5675 29.468 21.6645 20.3628 19.6805 11.8849 10.4474 10.2193 8.01728 5.87889 1.95485 2.48442
threshold=0.083901129662990584 -0.31706994771957392 1.3581288456916811 0.041980860754847533 0.59203851222991954 0.18126733601093295 -0.11332964152097701 0.14492193609476092 0.18031323701143268 17.500000000000004 0.19863430410623553 0.80933281779289257 -0.60278719663619984 0.037124436348676688
decision_type=2 2 2 2 2 2 2 2 2 2 2 2 2 2
left_child=1 12 5 8 -5 11 9 -8 -3 -4 -7 -2 -1 -14
right_child=2 3 6 4 -6 10 7 -9 -10 -11 -12 -13 13 -15
leaf_value=0.06540554943063194 0.013520754848791844 -0.063614356434155597 -0.049171203165299188 0.016211162032053077 -0.028551845783519738 0.023035315517789662 -0.060242597129525087 0.00080692353203330595 -0.031909377175975279 0.022355570460230748 0.044273203659940759 -0.039781996838433815 0.058972261216894896 0.01643574960624708
leaf_weight=12.783765184052756 6.0648265193449316 44.174803197995061 3.5585565192595814 23.044703408464557 69.388809226365993 45.042920237669023 11.89573364207172 8.9338549612730258 26.668375152206863 31.366218133247457 77.153945880389074 7.2902970141440164 5.2237280103145149 3.7915894534962717
leaf_count=224 280 33313 463 1727 16209 1417 1137 272 5660 1731 1332 1046 98 146
internal_value=1.90626e-09 -0.0219489 0.0212341 -0.0322687 -0.0173919 0.0313194 -0.00328566 -0.0340583 -0.0516793 0.0150676 0.0364447 -0.0155762 0.0553465 0.0410826
internal_weight=376.382 185.076 191.306 163.277 92.4335 135.552 55.7544 20.8296 70.8432 34.9248 122.197 13.3551 21.7991 9.01532
internal_count=65055 57377 7678 56909 17936 4075 3603 1409 38973 2194 2749 1326 468 244
is_linear=0
shrinkage=0.04


Tree=3
num_leaves=15
num_cat=0
split_feature=7 8 23 14 13 14 21 9 14 9 7 3 12 20
split_gain=181.774 133.147 14.7955 13.9968 14.0027 9.74828 9.43898 16.0276 8.97795 7.28771 4.9729 7.4669 4.1229 2.14152
threshold=0.60244572162628185 -0.53738564252853382 1.0000000180025095e-35 0.083901129662990584 0.59203851222991954 0.046586945652961738 0.94028520499108748 23.500000000000004 0.12442560866475107 19.500000000000004 0.18031323701143268 0.50472483038902294 0.3177617490291596 0.32529069767441871
decision_type=2 2 2 2 2 2 2 2 2 2 2 2 2 2
left_child=1 2 9 4 5 -2 7 -5 -8 -1 11 -3 -12 -6
right_child=3 10 -4 6 13 -7 8 -9 -10 -11 12 -13 -14 -15
leaf_value=-0.050343115175348847 -0.038521407516250473 -0.062240419812962217 0.054058144073254717 0.041449093687350662 -0.0050828909504376154 0.032411252569095307 0.023892592562014779 0.0082029081223575755 0.050980931863656327 0.028621995112781268 0.020175907633144589 0.026676003791051405 -0.045685072583647388 -0.045297707505966109
leaf_weight=3.6785318466136223 3.7976423510117483 64.521028170420323 24.524034665781073 36.245799634722061 2.7934102414292274 16.873628431756515 35.952291016059462 64.464280086220242 42.978738980949856 3.8035406631533988 1.5665751166525286 1.5473503492539737 52.025209292420186 8.7717338027432543
leaf_count=896 750 39599 379 807 498 683 551 2726 631 340 182 139 14595 2279
internal_value=-1.61342e-09 -0.0334307 0.0390363 0.0239304 -0.000339155 0.0193798 0.0282855 0.0201683 0.0386425 -0.0102009 -0.0528138 -0.060158 -0.0437598 -0.0355843
internal_weight=363.544 151.666 32.0061 211.878 32.2364 20.6713 179.641 100.71 78.931 7.48207 119.66 66.0684 53.5918 11.5651
internal_count=65055 56130 1615 8925 4210 1433 4715 3533 1182 1236 54515 39738 14777 2777
is_linear=0
shrinkage=0.04


Tree=4
num_leaves=15
num_cat=0
split_feature=7 8 14 12 13 15 13 14 16 3 14 7 7 5
split_gain=172.436 143.521 15.3504 13.627 12.2966 9.44379 8.31193 9.53473 5.58172 5.44809 4.09517 3.58458 3.39026 3.36306
threshold=0.60244572162628185 -0.46841265261173243 0.094643857330083861 0.58146044611930858 1.3581288456916811 50.989847183227546 0.83081197738647472 0.046586945652961738 0.18634259259259262 0.50472483038902294 0.086388446390628829 0.16404709219932559 0.0047068730928003797 -0.12551650404930112
decision_type=2 2 2 2 2 2 2 2 2 2 2 2 2 2
left_child=1 5 6 13 -5 8 7 -2 -1 11 -8 -3 -11 -4
right_child=2 9 3 4 -6 -7 10 -9 -10 12 -12 -13 -14 -15
leaf_value=-0.028839958709834971 -0.04491610296973373 -0.061576950193671903 0.018070398021105952 0.039460295468445303 0.0089988770181200148 -0.03237755026540734 -0.041137273194428316 0.023012914334591465 0.042587352324728489 0.046836346054344606 0.00017345690007009457 -0.047016137057174036 -0.036607502381124285 -0.045066391451584142
leaf_weight=1.841680492798331 3.6670955166919148 66.893691825738642 1.9378446592018006 114.71386383011122 26.01125946897082 3.2178346210857844 7.0172363795863921 33.585510037722997 35.352204277121928 1.3020954369567328 8.4781997292302531 45.417723953709356 1.9393984914640894 4.448828762775519
leaf_count=358 1004 37973 107 1773 1611 700 1641 1959 1488 42 527 15014 555 303
internal_value=2.54728e-10 -0.0315214 0.0245984 0.0312364 0.0338299 0.033363 0.00608533 0.0163261 0.0390506 -0.0542131 -0.0185344 -0.0556887 -0.00308843 -0.0259094
internal_weight=355.824 155.965 199.86 147.112 140.725 40.4117 52.748 37.2526 37.1939 115.553 15.4954 112.311 3.24149 6.38667
internal_count=65055 56130 8925 3794 3384 2546 5131 2963 1846 53584 2168 52987 597 410
is_linear=0
shrinkage=0.04


Tree=5
num_leaves=14
num_cat=0
split_feature=7 8 4 9 21 9 8 20 8 13 2 4 7
split_gain=160.413 124.159 14.7648 12.2623 10.0803 17.0292 8.95463 8.95246 6.80243 5.80852 1.68971 1.50996 0.997405
threshold=0.72492825984954845 -0.46841265261173243 0.27236881852149969 16.500000000000004 0.938137755102041 23.500000000000004 -0.71726045012474049 0.22996794871794876 -0.60278719663619984 1.3581288456916811 0.15503890812397006 0.14656963944435122 0.056346278637647636
decision_type=2 2 2 2 2 2 2 2 2 2 2 2 2
left_child=1 6 12 10 5 -5 11 -4 -8 -6 -2 -1 -3
right_child=3 2 7 4 9 -7 8 -9 -10 -11 -12 -13 -14
leaf_value=-0.065284728237920905 -0.010985038338430784 -0.061022916635240239 0.00057655646789173771 0.039206819699914387 0.039836132556821009 0.0029928928745115947 0.048516317850307196 -0.040843165181893806 0.015996698586907714 0.0043962850638788881 -0.070218005124815103 0.016662446947595052 -0.052274114072096547
leaf_weight=1.7607440111460158 1.1885220227995881 51.664479700644733 12.205955488461766 34.961764667474199 84.068210903496947 51.203775334055535 23.10789839643985 26.42432280635694 18.556646133365575 8.1136372355977056 2.1911471441853791 0.45214895647950459 34.956145663018106
leaf_count=441 90 29129 2232 882 1061 4190 467 9083 1673 466 196 44 15101
internal_value=1.20305e-09 -0.0280361 -0.0483209 0.0260924 0.0275227 0.0176867 0.0298682 -0.0277558 0.0340327 0.0367168 -0.0493877 -0.0485409 -0.0574923
internal_weight=350.855 169.128 125.251 181.727 178.347 86.1655 43.8774 38.6303 41.6645 92.1818 3.37967 2.21289 86.6206
internal_count=65055 58170 55545 6885 6599 5072 2625 11315 2140 1527 286 485 44230
is_linear=0
shrinkage=0.04


Tree=6
num_leaves=15
num_cat=0
split_feature=7 8 7 18 3 13 2 18 16 2 20 14 14 20
split_gain=149.191 122.216 11.6251 10.5752 9.74666 8.12398 8.90921 8.50855 7.28354 6.23394 4.95939 1.29062 2.06622 0.426628
threshold=0.72492825984954845 -0.46841265261173243 0.60244572162628185 -0.074589297175407396 0.50472483038902294 1.3581288456916811 0.21049453318119052 0.12808387726545337 0.18634259259259262 -0.028956001624464985 0.18834459459459463 0.090249050408601775 0.079192895442247405 0.86899313501144182
decision_type=2 2 2 2 2 2 2 2 2 2 2 2 2 2
left_child=1 8 4 11 -3 6 -5 -7 13 -10 -4 12 -2 -1
right_child=3 2 10 5 -6 7 -8 -9 9 -11 -12 -13 -14 -15
leaf_value=-0.062198979220520874 -0.054442959596129777 -0.054278412690167421 0.02377848318291146 0.014710665325301041 0.010640922742063923 0.022732223974596646 0.03571153537297294 -0.03364857877145018 0.039570597967313915 0.0023574225930192193 -0.030931759763145369 -0.068011918329102278 0.024292164055108572 -0.021056785965338803
leaf_weight=1.2623443552292872 1.2467268281616268 106.79483836903819 4.4286785702570324 45.392698418814689 3.83302931964863 11.349907705443913 112.23734924924793 6.8778770645149043 34.78590893256478 9.083346907165831 6.6044172813708428 1.6076107233529908 0.93190805998165149 0.59257111424813036
leaf_count=353 274 52987 315 2798 597 606 1930 954 1173 963 1646 246 77 136
internal_value=1.71243e-09 -0.0271704 -0.0481243 0.0253163 -0.0520291 0.0267404 0.0296639 0.0014581 0.0285827 0.0318654 -0.0089711 -0.0408252 -0.0207641 -0.0490557
internal_weight=347.029 167.385 121.661 179.644 110.628 175.858 157.63 18.2278 45.7242 43.8693 11.0331 3.78625 2.17863 1.85492
internal_count=65055 58170 55545 6885 53584 6288 4728 1560 2625 2136 1961 597 351 489
is_linear=0
shrinkage=0.04


Tree=7
num_leaves=15
num_cat=0
split_feature=14 8 7 8 7 9 21 7 4 16 1 7 22 4
split_gain=131.31 37.2556 35.8123 51.2117 10.2887 7.41806 11.3146 6.57716 6.303 4.81993 2.88284 1.39119 0.729772 0.404125
threshold=0.041980860754847533 -0.48433074355125422 0.79893964529037487 -0.53738564252853382 0.61660420894622814 23.500000000000004 0.938137755102041 1.8039995431900027 -0.079771697521209703 0.24273989898989903 0.009352898225188257 0.18031323701143268 -0.090919665992259965 -0.25851276516914362
decision_type=2 2 2 2 2 2 2 2 2 2 2 2 2 2
left_child=1 8 3 10 -5 7 -7 -4 9 -1 -2 13 -13 -3
right_child=2 11 5 4 -6 6 -8 -9 -10 -11 -12 12 -14 -15
leaf_value=-0.036842412301024072 0.042729848475185045 -0.034283812695550274 0.041149676297569222 -0.038149936453565354 -0.0013673561657643516 0.0021731766765531483 0.029144463493917631 -0.0026705958213737954 -0.05801081224922669 0.032379825256952467 0.0051305413104366249 -0.023113185278846062 -0.047237927403245727 -0.057574563047570797
leaf_weight=1.8598655086243514 24.836675187805671 1.2179488680558268 53.958836492733099 41.798735382035375 17.163457401678897 39.604986480087973 66.962135664187372 6.0998884638538575 1.7262336590792973 11.95194518426433 3.7561597696621893 2.3772202095424282 12.855721019150222 55.902369815739803
leaf_count=250 619 617 1038 17052 2346 3270 1101 123 354 533 306 807 4664 31975
internal_value=-3.91089e-10 -0.0421452 0.0145731 -0.00613956 -0.0274428 0.0254567 0.0191208 0.0366991 0.0140519 0.0230585 0.0377905 -0.0542136 -0.0434731 -0.0570779
internal_weight=342.072 87.8913 254.181 87.555 58.9622 166.626 106.567 60.0587 15.538 13.8118 28.5928 72.3533 15.2329 57.1203
internal_count=65055 39200 25855 20323 19398 5532 4371 1161 1137 783 925 38063 5471 32592
is_linear=0
shrinkage=0.04


Tree=8
num_leaves=15
num_cat=0
split_feature=14 14 8 8 7 13 2 18 2 1 1 7 9 22
split_gain=125.575 33.4475 35.2866 31.4702 27.8509 8.73138 11.8661 8.28642 5.42961 4.98851 4.77538 1.1037 0.901761 0.706474
threshold=0.041980860754847533 0.094643857330083861 -0.45250815153121943 -0.46841265261173243 0.72492825984954845 1.4064165949821474 0.21049453318119052 0.12808387726545337 -0.040211467072367661 0.022224936634302143 -0.034483946859836571 0.10234665125608446 20.500000000000004 -0.10010264441370963
decision_type=2 2 2 2 2 2 2 2 2 2 2 2 2 2
left_child=3 2 9 8 -4 6 -3 -7 10 -2 -1 -5 -10 -13
right_child=1 5 4 11 -6 7 -8 -9 12 -11 -12 13 -14 -15
leaf_value=-0.014021308473685138 0.038279653771308327 0.0052613531568928068 -0.04259161903058159 -0.056098443518485058 0.0057577331465509772 0.016756008695439608 0.036254789644698471 -0.040870596294916198 -0.063289941431496924 -0.014826156006807182 0.039989885721993378 -0.025896733970623833 -0.010609092597878563 -0.047966598083934241
leaf_weight=3.8480462156003332 27.937361955642704 24.483596943435259 36.961264092358761 50.813496201997623 39.364156317140441 16.640626299864383 102.54586776846554 5.2527042945148414 1.4692938032094383 3.1491536750108926 8.2013343600556237 2.675918373832249 0.80456398025853548 17.481516337080393
leaf_count=417 812 1821 15905 29274 3081 1409 1167 1233 381 427 296 1089 134 7609
internal_value=2.11821e-10 0.0139891 -0.00302433 -0.0420415 -0.0176559 0.0262602 0.0302811 0.00293009 0.0120426 0.0328999 0.0227411 -0.0529567 -0.0446498 -0.0450368
internal_weight=341.629 256.335 107.412 85.2942 76.3254 148.923 127.029 21.8933 14.3232 31.0865 12.0494 70.9709 2.27386 20.1574
internal_count=65055 25855 20225 39200 18986 5630 2988 2642 1228 1239 713 37972 515 8698
is_linear=0
shrinkage=0.04


Tree=9
num_leaves=15
num_cat=0
split_feature=14 14 8 8 7 9 9 18 8 8 17 7 22 4
split_gain=113.057 31.9375 35.1942 31.0087 22.5867 8.12264 6.66922 6.38127 4.59103 4.64704 4.28085 1.11353 0.665314 0.451903
threshold=0.041980860754847533 0.094643857330083861 -0.37321148812770838 -0.46841265261173243 0.72492825984954845 16.500000000000004 23.500000000000004 -0.041028412058949464 -0.64870634675025929 -0.60278719663619984 -0.029944380745291706 0.10234665125608446 -0.10010264441370963 -0.2470683082938194
decision_type=2 2 2 2 2 2 2 2 2 2 2 2 2 2
left_child=3 2 7 8 -4 10 -7 -2 -1 -10 -3 13 -13 -5
right_child=1 5 4 11 -6 6 -8 -9 9 -11 -12 12 -14 -15
leaf_value=-0.057542010177287203 -0.030290627861094935 0.044194403783134231 -0.044454256155269913 -0.032025786707325025 0.001684578789268481 0.037133684672049597 0.01966367469355795 0.032679270000323182 0.047484871016342724 -0.00067064469218347425 -0.051942129776893262 -0.02460484615419109 -0.046205522312722298 -0.055201056361315601
leaf_weight=1.3313635918311764 2.7860526358999769 0.96311662765219797 32.939485004666494 1.3847225492936548 35.029420836537611 59.065409631060902 85.680487603938673 33.975620530662127 5.709422954125329 7.3133368924609377 3.2148041221371377 2.6368728451197994 16.926372679678025 48.415488526370609
leaf_count=303 490 34 15173 741 3019 1132 3763 1543 102 823 701 1089 7609 28533
internal_value=-1.84872e-09 0.0133028 -0.00362247 -0.0403058 -0.0206755 0.0252054 0.0267925 0.027907 0.0132086 0.0204416 -0.0297802 -0.0513801 -0.043294 -0.0545567
internal_weight=337.372 253.654 104.731 83.7176 67.9689 148.924 144.746 36.7617 14.3541 13.0228 4.17792 69.3635 19.5632 49.8002
internal_count=65055 25855 20225 39200 18192 5630 4895 2033 1228 925 735 37972 8698 29274
is_linear=0
shrinkage=0.04


Tree=10
num_leaves=15
num_cat=0
split_feature=14 8 7 9 13 2 8 13 4 1 18 7 14 7
split_gain=99.5863 84.6431 27.8365 10.1265 7.16677 8.59046 8.4399 7.1019 6.9052 4.9238 1.91474 1.3393 0.123453 0.114061
threshold=0.083901129662990584 -0.46841265261173243 0.7592015564441682 12.500000000000002 1.4064165949821474 0.19863430410623553 -0.17424602061510083 0.59203851222991954 0.27236881852149969 0.026723113842308525 0.0090238866396248358 0.16404709219932559 0.094643857330083861 0.085099902004003539
decision_type=2 2 2 2 2 2 2 2 2 2 2 2 2 2
left_child=1 8 11 12 5 -5 -6 -4 9 -1 -10 -3 13 -2
right_child=3 2 7 4 6 -7 -8 -9 10 -11 -12 -13 -14 -15
leaf_value=0.032434181110149833 -0.027571764904569373 -0.05166397692521002 0.01637183012243178 0.0078229321596438271 0.021942131577081865 0.031619479768944962 -0.029000987634120626 -0.028774464844067579 -0.071379133923573451 -0.025221207728255819 -0.0038872661958636572 -0.041955467359950836 -0.063844769454361627 -0.057749530653588101
leaf_weight=40.056367976998445 0.3480768854496995 63.959395032085013 15.185630286519883 31.047618312120903 13.144916424469558 111.2242120038718 8.6127170181134698 8.8091654403833655 1.3221029997803264 2.5189947973703957 1.3689231814350931 35.272914414992556 1.6968245679745448 0.47230542055331171
leaf_count=1515 94 37694 937 2536 1069 1530 1819 1612 196 410 98 14915 477 153
internal_value=3.62666e-10 -0.0216814 -0.0388644 0.0219349 0.0231567 0.0264264 0.0017764 -0.000202647 0.0250953 0.029023 -0.0370461 -0.048213 -0.0576853 -0.0449455
internal_weight=335.04 168.493 123.227 166.547 164.029 142.272 21.7576 23.9948 45.2664 42.5754 2.69103 99.2323 2.51721 0.820382
internal_count=65055 57377 55158 7678 6954 4066 2888 2549 2219 1925 294 52609 724 247
is_linear=0
shrinkage=0.04


Tree=11
num_leaves=15
num_cat=0
split_feature=14 14 8 8 7 2 13 12 18 1 2 23 7 22
split_gain=90.7272 29.3532 34.709 26.2769 18.7754 6.79581 8.21336 7.90265 4.83473 4.52718 4.91781 1.14804 1.11713 0.543282
threshold=0.039484228938817985 0.094643857330083861 -0.37321148812770838 -0.48433074355125422 0.72492825984954845 0.21049453318119052 1.4064165949821474 0.075528636574745192 -0.041028412058949464 -0.034483946859836571 -0.071208484470844255 1.0000000180025095e-35 0.18438129872083667 -0.10301736369729041
decision_type=2 2 2 2 2 2 2 2 2 2 2 2 2 2
left_child=3 2 8 9 -4 7 -7 -3 -2 11 -11 -1 -5 -14
right_child=1 5 4 12 -6 6 -8 -9 -10 10 -12 -13 13 -15
leaf_value=-0.057843422463998068 -0.027419269657857619 0.057016427502479657 -0.042786957238973237 -0.051378819033285505 -0.0003694764511493601 0.0311838800977303 -0.0033087883170502337 -0.00091921168173296865 0.029170244390007385 0.041096717643849666 -0.019547451287778843 -0.0078167805087392631 -0.015942744482667272 -0.041083316160525511
leaf_weight=1.4018461360828944 2.587344082130584 4.348184634349308 34.209057496482274 51.91984103951836 32.613973991479725 103.69412210071459 12.362388155597726 28.185863587859785 36.384978837857489 7.7558075666893265 2.9545405317330724 1.5405326662585137 1.598817866470198 9.8370614301820734
leaf_count=281 530 68 16969 31519 3092 1167 1715 2680 1683 168 473 124 569 4017
internal_value=-1.99429e-10 0.0115154 -0.0045875 -0.0380394 -0.0220845 0.0229805 0.0275097 0.0068239 0.0254133 0.0122946 0.0243675 -0.0316511 -0.048886 -0.0375685
internal_weight=331.394 254.386 105.795 77.0084 66.823 148.591 116.057 32.534 38.9723 13.6527 10.7103 2.94238 63.3557 11.4359
internal_count=65055 27904 22274 37151 20061 5630 2882 2748 2213 1046 641 405 36105 4586
is_linear=0
shrinkage=0.04


Tree=12
num_leaves=15
num_cat=0
split_feature=14 8 7 1 17 21 20 9 20 14 16 6 0 7
split_gain=83.8061 70.8735 31.5569 7.50603 7.27173 5.42512 8.41749 7.55344 6.37007 7.30054 4.97487 4.86508 4.50301 1.57262
threshold=0.094643857330083861 -0.45250815153121943 0.72492825984954845 0.035933554172515876 -0.010403555817902086 0.94519519519519524 0.55684754521963831 24.500000000000004 0.57665598290598297 0.12442560866475107 0.62678571428571439 0.31370884180068975 0.005629144376143814 0.16404709219932559
decision_type=2 2 2 2 2 2 2 2 2 2 2 2 2 2
left_child=1 3 13 4 -1 6 7 -2 11 -10 -4 -7 -8 -3
right_child=5 2 10 -5 -6 8 12 -9 9 -11 -12 -13 -14 -15
leaf_value=-0.043271420779204595 0.039138602459127696 -0.04935857063649212 0.0057072577576497696 -0.041889477986711519 0.029316215527048169 0.027131224629194463 -0.023457855769585839 0.0043535059893443336 0.012819137045150688 0.042005395099850386 -0.035078152803721098 -0.042998727538186295 0.0091678836309450427 -0.038706140739543891
leaf_weight=2.3211978938197708 27.041100090602413 61.65777065147995 28.958577965386212 2.7752291948418124 45.348159794288222 3.1315181829268104 9.7800761452526803 15.837972849607466 19.206371882930398 47.938950174371712 5.732312395470216 3.2000836201477796 21.982331258244812 34.626996854611207
leaf_count=510 865 37744 2592 530 1531 103 1033 1395 406 529 934 151 1148 15584
internal_value=-7.24357e-10 -0.0182266 -0.0337423 0.0220587 0.0257817 0.0223246 0.0147293 0.0262903 0.0300403 0.0336569 -0.00103211 -0.00831347 -0.000878024 -0.0455276
internal_weight=329.539 181.42 130.976 50.4446 47.6694 148.118 74.6415 42.8791 73.4769 67.1453 34.6909 6.3316 31.7624 96.2848
internal_count=65055 59425 56854 2571 2041 5630 4441 2260 1189 935 3526 254 2181 53328
is_linear=0
shrinkage=0.04


Tree=13
num_leaves=15
num_cat=0
split_feature=14 14 8 8 7 9 9 13 17 2 1 12 7 22
split_gain=77.7343 25.6686 28.3058 24.9438 16.952 6.05713 5.48555 5.17773 4.97596 4.36055 4.56993 2.416 1.1404 0.684937
threshold=0.039484228938817985 0.096073158085346236 -0.36766850948333735 -0.48433074355125422 0.72492825984954845 16.500000000000004 23.500000000000004 0.96748444437980663 -0.029944380745291706 -0.071208484470844255 -0.033800618723034852 0.31053039431571966 0.10234665125608446 -0.10301736369729041
decision_type=2 2 2 2 2 2 2 2 2 2 2 2 2 2
left_child=3 2 7 9 -4 8 -7 -2 -3 10 -1 -11 -5 -14
right_child=1 5 4 12 -6 6 -8 -9 -10 11 -12 -13 13 -15
leaf_value=-0.026410563373187649 0.028243646630649554 0.043298179145904954 -0.040174153057041695 -0.049931529795425443 -8.049289258459276e-05 0.033558413053208648 0.017099051035481424 -0.011224575350507422 -0.05992061603653847 -0.043278678425949749 0.037752538833295865 0.03961032782455861 -0.016583982722667204 -0.040783650761775585
leaf_weight=2.2386879394762209 34.930749876279151 1.061357914702967 33.264408372051548 45.042910829826724 34.241104551882017 51.866678287042305 86.309627227776218 6.2732966935727736 2.5251820188132106 2.8195803581038485 8.5945513097103667 0.7028888149652629 2.1581035511335385 14.082977124257011
leaf_count=304 1536 34 17020 28411 3175 1072 3608 799 660 551 164 27 915 6779
internal_value=1.63914e-10 0.0107319 -0.00389082 -0.0355376 -0.0198373 0.0219452 0.0232773 0.0222346 -0.0293753 0.0119224 0.0244932 -0.0267386 -0.046655 -0.037568
internal_weight=326.112 250.472 108.71 75.6397 67.5055 141.763 138.176 41.204 3.58654 14.3557 10.8332 3.52247 61.284 16.2411
internal_count=65055 27904 22530 37151 20195 5374 4680 2335 694 1046 468 578 36105 7694
is_linear=0
shrinkage=0.04


Tree=14
num_leaves=15
num_cat=0
split_feature=14 8 14 8 7 13 11 8 2 1 13 7 18 22
split_gain=71.1983 30.9495 22.1228 23.6103 13.776 5.3249 9.4777 7.22547 4.88679 4.81595 4.45864 1.17851 0.497167 0.485606
threshold=0.041980860754847533 -0.48433074355125422 0.096073158085346236 -0.36766850948333735 0.72492825984954845 1.4064165949821474 0.19413686543703082 -0.31724999845027918 -0.040211467072367661 -0.034483946859836571 0.96748444437980663 0.18031323701143268 0.017083189450204376 -0.074819687753915773
decision_type=2 2 2 2 2 2 2 2 2 2 2 2 2 2
left_child=1 8 3 10 -5 7 -7 -4 9 -1 -2 -3 -10 -13
right_child=2 11 5 4 -6 6 -8 -9 12 -11 -12 13 -14 -15
leaf_value=-0.021498567346031141 0.025943695218883466 -0.048205850004733479 -0.012722429062713514 -0.038907110021532229 -0.0010046588417838623 0.049397964132519248 -0.012031521720972277 0.02678716919724497 -0.061048198259643492 0.034632937322881509 -0.014360941904529774 -0.019326517561715748 -0.019550161624154423 -0.038588983027722394
leaf_weight=3.0765912083443263 34.003015182475792 50.581429944606498 7.9258436008822164 29.257228516042233 32.261157799744979 5.295665635145272 16.66324659975362 112.9061559838301 1.1605716767953698 11.924662966281176 5.0427630991907781 2.6316391918226136 0.76732302445452649 10.250108615844509
leaf_count=388 1382 32592 691 15233 3102 181 2368 2134 301 284 764 1015 164 4456
internal_value=-7.22148e-10 -0.0326366 0.0107815 -0.00358956 -0.0190305 0.0209027 0.00278297 0.0241956 0.0154167 0.023121 0.0207384 -0.0454551 -0.0445315 -0.0346538
internal_weight=323.747 80.3923 243.355 100.564 61.5184 142.791 21.9589 120.832 16.9291 15.0013 39.0458 63.4632 1.92789 12.8817
internal_count=65055 39200 25855 20481 18335 5374 2549 2825 1137 672 2146 38063 465 5471
is_linear=0
shrinkage=0.04


Tree=15
num_leaves=15
num_cat=0
split_feature=14 8 7 9 3 14 18 18 13 21 14 15 14 7
split_gain=68.227 64.1898 14.0849 7.48451 6.89266 6.29486 11.5285 5.93686 4.47488 4.04313 2.76814 2.62709 0.0823966 0.0571813
threshold=0.083901129662990584 -0.53738564252853382 0.7592015564441682 12.500000000000002 -0.1816737428307533 0.1335747689008713 0.062905870378017439 0.1903837248682976 0.59203851222991954 0.34178433889602061 0.043321594595909126 33.714874267578132 0.094643857330083861 0.085099902004003539
decision_type=2 2 2 2 2 2 2 2 2 2 2 2 2 2
left_child=1 9 4 12 -3 6 -5 -7 -4 11 -11 -1 13 -2
right_child=3 2 8 5 -6 7 -8 -9 -10 10 -12 -13 -14 -15
leaf_value=0.013137892555283495 -0.029548180743199461 -0.0029497678505487476 0.010039149651109271 -0.0044031787968365783 -0.042968546086353913 0.032112861574250952 0.024569329298927359 -0.010193509983391158 -0.027450878754189861 -0.051657074301558858 0.0099606184344657421 0.03779069425926479 -0.057802331110595288 -0.051509668126964545
leaf_weight=9.7661991293425654 0.33901171945035402 7.4582545734301666 13.406661298882684 37.74151802106644 89.779366473318078 62.801084997539874 52.600342681136681 5.7970994400093323 8.2159501250425802 1.442359006992773 6.1000744944904 23.699007515853737 1.5765900836267972 0.43067447392968461
leaf_count=375 94 2131 943 2798 51318 1338 2270 548 1618 333 268 391 477 153
internal_value=-8.12276e-10 -0.0185182 -0.0334059 0.0183554 -0.0398991 0.0194023 0.0124657 0.0285376 -0.00420595 0.0246335 -0.00182269 0.0305962 -0.0525649 -0.0418366
internal_weight=321.154 159.868 118.86 161.286 97.2376 158.94 90.3419 68.5982 21.6226 41.0076 7.54243 33.4652 2.34628 0.769686
internal_count=65055 57377 56010 7678 53449 6954 5068 1886 2561 1367 601 766 724 247
is_linear=0
shrinkage=0.04


Tree=16
num_leaves=15
num_cat=0
split_feature=14 8 14 8 7 12 12 8 8 15 7 22 4 18
split_gain=63.5073 27.1499 19.6469 16.234 19.1812 4.54136 11.8911 4.01744 6.22207 3.22169 1.18459 0.622299 0.453235 0.271262
threshold=0.041980860754847533 -0.46841265261173243 0.10585229471325876 -0.55942872166633595 0.77835485339164745 0.075528636574745192 0.60856705904006969 -0.64870634675025929 -0.60278719663619984 44.625263214111335 0.10234665125608446 -0.10010264441370963 -0.25851276516914362 0.0051940961275249728
decision_type=2 2 2 2 2 2 2 2 2 2 2 2 2 2
left_child=1 7 3 9 -5 -4 -7 13 -9 -2 12 -12 -3 -1
right_child=2 10 5 4 -6 6 -8 8 -10 -11 11 -13 -14 -15
leaf_value=-0.064064129639219064 0.034920803109284387 -0.020691271663790381 0.054012361676399112 -0.028307680939685713 0.0076837491937117152 -0.028929348736579926 0.023514129256183042 0.043403235410594466 -0.0069869156202344756 0.0044109265158886312 -0.01615019409026125 -0.038037454568177184 -0.047973336286922727 -0.027019502311849797
leaf_weight=0.93142997982795595 19.504118655517235 0.99706017837161098 6.6562865645391858 43.601325779178296 51.884447834105231 7.4158533511217675 102.97408179054037 8.0936800361378118 7.604377649520754 7.7332491033012039 2.4165555972722386 14.854661694553213 42.665692776427022 0.47887300985166803
leaf_count=207 326 585 54 17831 3253 1035 3005 102 823 351 1089 7609 28689 96
internal_value=-2.29412e-10 -0.0313414 0.0102013 -0.000980867 -0.00875089 0.0219258 0.019991 0.0131836 0.0189935 0.0262584 -0.0438427 -0.034975 -0.0473503 -0.0514855
internal_weight=317.812 78.0423 239.769 122.723 95.4858 117.046 110.39 17.1084 15.6981 27.2374 60.934 17.2712 43.6628 1.4103
internal_count=65055 39200 25855 21761 21084 4094 4040 1228 925 677 37972 8698 29274 303
is_linear=0
shrinkage=0.04


Tree=17
num_leaves=15
num_cat=0
split_feature=14 8 14 8 7 12 12 18 1 21 18 7 22 4
split_gain=59.7021 25.6108 18.5151 16.3837 17.3776 4.49329 10.4529 4.07825 3.46876 3.07175 1.50476 1.19859 0.514855 0.404307
threshold=0.041980860754847533 -0.46841265261173243 0.10585229471325876 -0.55942872166633595 0.7592015564441682 0.075528636574745192 0.60856705904006969 -0.0133732333779335 -0.034483946859836571 0.13263888888888892 0.014390549622476103 0.18031323701143268 -0.060855776071548455 -0.25851276516914362
decision_type=2 2 2 2 2 2 2 2 2 2 2 2 2 2
left_child=1 7 3 9 -5 -4 -7 8 -1 -2 -9 13 -13 -3
right_child=2 11 5 4 -6 6 -8 10 -10 -11 -12 12 -14 -15
leaf_value=-0.017828788214992845 0.036413089354422994 -0.020854445235374941 0.052118970166110945 -0.028671518568497249 0.0062052400958749919 -0.030498803411679938 0.022218562671561273 -0.053632634068086944 0.033134920435148332 0.0095785261388942333 -0.00085282941127868292 -0.017451060146550266 -0.036546504801797428 -0.046448740065089339
leaf_weight=2.6726065851398753 16.787792837945748 1.0089277426013712 7.0465547352796412 41.10756467061583 51.488091920036823 6.3864914365403811 104.28480795415817 1.6374943947885179 10.659408485022141 11.501086633157682 1.8303251828765494 3.0036845010181414 9.1141118586820067 46.535043681709794
leaf_count=331 227 595 54 17662 3422 1035 3005 302 330 450 265 1233 4216 31928
internal_value=-2.1195e-10 -0.0307589 0.00985688 -0.00113878 -0.00927819 0.0211483 0.0191764 0.0128671 0.0229185 0.0255033 -0.0257753 -0.0430433 -0.0318132 -0.0459056
internal_weight=315.064 76.4616 238.602 120.885 92.5957 117.718 110.671 16.7998 13.332 28.2889 3.46782 59.6618 12.1178 47.544
internal_count=65055 39200 25855 21761 21084 4094 4040 1228 661 677 567 37972 5449 32523
is_linear=0
shrinkage=0.04


Tree=18
num_leaves=15
num_cat=0
split_feature=14 8 14 8 7 3 13 14 1 21 7 15 22 18
split_gain=54.2443 24.5085 16.702 16.9361 14.9147 4.50217 8.86604 3.79642 3.28542 2.92939 1.30903 0.827948 0.542817 0.444296
threshold=0.041980860754847533 -0.46841265261173243 0.10585229471325876 -0.55942872166633595 0.7592015564441682 -0.083833057433366762 1.4064165949821474 0.020570453256368641 -0.034483946859836571 0.34178433889602061 0.18031323701143268 45.953653335571296 -0.060855776071548455 0.014390549622476103
decision_type=2 2 2 2 2 2 2 2 2 2 2 2 2 2
left_child=1 7 3 9 -5 11 -7 13 -9 -2 -3 -4 -12 -1
right_child=2 10 5 4 -6 6 -8 8 -10 -11 12 -13 -14 -15
leaf_value=-0.051483571110569233 0.032294855347235835 -0.045129279783568468 0.03207656600810798 -0.028232180950391463 0.0047284061603729407 0.022249765766829081 -0.01063928850387919 -0.020160328446731778 0.028815813357292865 0.0022577639615061211 -0.015390560585766613 0.05388507442721123 -0.035161618181358725 -0.010067580163991115
leaf_weight=1.3869375039066678 22.275336547987539 45.974912102596136 5.0467843518126738 39.460338717035484 49.545046508399537 91.162489690672373 15.31795588909881 2.6784941079677091 12.053443165787026 6.7749760157021219 2.9619429924496208 6.2157247858121991 8.8920225001929776 0.59104778396431346
leaf_count=249 341 32523 223 17662 3422 1826 2024 362 523 336 1233 21 4216 94
internal_value=-1.94854e-10 -0.029744 0.00940244 -0.00122914 -0.0098846 0.0200623 0.0175184 0.012925 0.0199112 0.0252897 -0.0420734 0.0441126 -0.0302214 -0.0391079
internal_weight=310.337 74.5388 235.799 118.056 89.0054 117.743 106.48 16.7099 14.7319 29.0503 57.8289 11.2625 11.854 1.97799
internal_count=65055 39200 25855 21761 21084 4094 3850 1228 885 677 37972 244 5449 343
is_linear=0
shrinkage=0.04


Tree=19
num_leaves=15
num_cat=0
split_feature=14 8 14 8 7 3 13 4 21 4 7 3 17 22
split_gain=50.5386 18.9362 17.6715 18.9689 14.7529 4.52973 7.69547 3.91862 3.1771 2.55463 1.34744 0.868686 0.730354 0.536713
threshold=0.039484228938817985 -0.48433074355125422 0.10585229471325876 -0.55942872166633595 0.7592015564441682 -0.083833057433366762 1.4064165949821474 -0.28798323869705195 0.11952380952380953 -0.082050234079360948 0.18438129872083667 -0.12657659500837323 -0.00609354069456458 -0.10301736369729041
decision_type=2 2 2 2 2 2 2 2 2 2 2 2 2 2
left_child=1 7 3 8 -5 11 -7 12 -2 -9 -3 -4 -1 -12
right_child=2 10 5 4 -6 6 -8 9 -10 -11 13 -13 -14 -15
leaf_value=-0.0158819878444563 0.035168227212667102 -0.044389040886324359 0.029720321715865975 -0.029031023339564515 0.0035208907871997846 0.021218958907182412 -0.010218464960936938 0.028971613390279524 0.0094250058913079842 -0.021564599711333982 -0.0061160066467837379 0.051470711381728922 -0.059869144405702825 -0.032019254042456861
leaf_weight=1.3875080285361039 18.540133891860027 43.605773095812765 4.9284302500309423 41.39927855640417 48.226180093013681 91.844111783691915 14.413520719594088 9.6524598540563584 13.083514693920732 1.9185656850750081 1.5057724168582343 7.2745540907490049 1.0694650144141622 8.5294562894268875
leaf_count=147 231 31519 204 19585 3486 1826 2024 378 508 329 569 40 192 4017
internal_value=7.34906e-10 -0.0305269 0.00861761 -0.00211736 -0.0115153 0.0196053 0.0169546 0.0108504 0.0245176 0.0205923 -0.0413477 0.0426864 -0.0350286 -0.0281325
internal_weight=307.379 67.669 239.71 121.249 89.6255 118.461 106.258 14.028 31.6236 11.571 53.641 12.203 2.45697 10.0352
internal_count=65055 37151 27904 23810 23071 4094 3850 1046 739 707 36105 244 339 4586
is_linear=0
shrinkage=0.04


Tree=20
num_leaves=15
num_cat=0
split_feature=14 8 14 8 7 21 12 13 13 14 14 7 22 3
split_gain=46.1978 18.6232 17.4524 18.486 12.6973 4.78852 7.06771 4.18145 3.36699 3.62936 3.29693 1.39248 0.55095 0.405993
threshold=0.039484228938817985 -0.48433074355125422 0.10585229471325876 -0.55942872166633595 0.7592015564441682 0.94519519519519524 0.075528636574745192 1.3581288456916811 0.6139146387577058 0.020570453256368641 0.069267082959413542 0.18438129872083667 -0.10301736369729041 0.27742062509059912
decision_type=2 2 2 2 2 2 2 2 2 2 2 2 2 2
left_child=1 8 3 10 -5 6 -4 -7 9 -1 -2 13 -13 -3
right_child=2 11 5 4 -6 7 -8 -9 -10 -11 -12 12 -14 -15
leaf_value=-0.035653478542071945 0.029063945479684154 -0.043993724239339053 0.047419373391454682 -0.028720906122312175 0.0020213751590088163 0.030259064530654679 0.004917220726374287 -0.00071956355962208424 -0.038788338405013008 0.027867700942857392 -0.0057687675909640869 -0.004904016101912427 -0.031084860947105365 0.016267032761026722
leaf_weight=1.6691703983815376 26.612569170829378 42.069846317201154 7.1855224459432057 40.230633112703799 46.160688988369657 56.18895883532241 48.603095255064545 7.9589050437207325 1.8524897219904222 10.444531868706688 5.196621927083469 1.5198330012644863 8.361557200943933 0.17964681953890149
leaf_count=298 427 31423 53 19585 3486 363 3097 581 272 476 312 569 4017 96
internal_value=-5.35809e-10 -0.0295862 0.00821191 -0.00269596 -0.0122947 0.0189619 0.0103915 0.0264155 0.0114346 0.019115 0.0233734 -0.0405759 -0.027058 -0.0437375
internal_weight=304.234 66.0971 238.137 118.201 86.3913 119.936 55.7886 64.1479 13.9662 12.1137 31.8092 52.1309 9.88139 42.2495
internal_count=65055 37151 27904 23810 23071 4094 3150 944 1046 774 739 36105 4586 31519
is_linear=0
shrinkage=0.04


Tree=21
num_leaves=15
num_cat=0
split_feature=14 8 14 8 7 15 21 14 17 16 18 7 18 22
split_gain=43.0283 17.6215 16.2063 17.6132 11.8409 5.5723 5.31472 3.3033 3.0835 3.33801 1.95252 1.45371 0.618153 0.551142
threshold=0.039484228938817985 -0.48433074355125422 0.10585229471325876 -0.55942872166633595 0.7592015564441682 85.724609375000014 0.94519519519519524 0.069267082959413542 -0.0015021992730908094 0.24273989898989903 0.030689911916852001 0.18438129872083667 0.099388845264911665 -0.10301736369729041
decision_type=2 2 2 2 2 2 2 2 2 2 2 2 2 2
left_child=1 8 3 7 -5 6 -4 -2 9 -1 -10 -3 -7 -13
right_child=2 11 5 4 -6 12 -8 -9 10 -11 -12 13 -14 -15
leaf_value=-0.03034023080235191 0.027913640090432956 -0.043122091712809542 0.010852940066334192 -0.028416701057187396 0.0016303443901777731 -0.040510089492804602 0.028105618449209047 -0.0072887172727282238 -0.057750167735491617 0.029141557001593158 0.016371217762625314 -0.0039574841814278986 -0.010733586448569169 -0.030055174844038066
leaf_weight=1.7905029611429188 27.311882717825938 41.025721380312461 53.856794999883277 39.101454743155045 45.290808783960529 2.2212677408242589 60.842744038265664 5.0543375928245942 1.5119727445417077 9.6192098347819393 0.91138579370453943 1.5366972186166084 2.2408096746075898 8.2226610495272308
leaf_count=312 427 31519 3069 19585 3486 62 814 312 285 361 88 569 149 4017
internal_value=-2.17729e-10 -0.0289196 0.00792104 -0.00267013 -0.0122913 0.0182986 0.0200047 0.0224164 0.0111037 0.0198072 -0.0298743 -0.0398213 -0.0255566 -0.0259459
internal_weight=300.538 64.6182 235.92 116.758 84.3923 119.162 114.7 32.3662 13.8331 11.4097 2.42336 50.7851 4.46208 9.75936
internal_count=65055 37151 27904 23810 23071 4094 3883 739 1046 673 373 36105 211 4586
is_linear=0
shrinkage=0.04


Tree=22
num_leaves=15
num_cat=0
split_feature=14 8 7 18 18 2 9 7 18 13 16 13 11 7
split_gain=41.0934 42.5296 10.1141 5.47966 5.43359 5.19317 4.62702 5.0402 3.90258 3.50577 3.00151 1.49607 1.43965 0.413813
threshold=0.094643857330083861 -0.36766850948333735 0.51756387948989879 -0.073476206511259065 -0.050422055646777146 -0.064807116985321031 16.500000000000004 -0.11907323449850081 -0.065147932618856416 0.30225461721420294 0.60737812911725964 1.4174467921257021 0.13572096824645999 1.3102507591247561
decision_type=2 2 2 2 2 2 2 2 2 2 2 2 2 2
left_child=1 4 12 11 9 -6 8 -8 -5 -1 -4 13 -3 -2
right_child=3 2 10 6 5 -7 7 -9 -10 -11 -12 -13 -14 -15
leaf_value=0.023964058594181496 -0.043315279695873975 -0.042447720660976511 -0.0055148272472826353 0.054537875581623443 0.027405439164563339 0.0018764256168238729 0.051032757354518073 0.016401097552341572 -0.050908121484988918 -0.051046462598736408 -0.035918229961158128 0.0070574272164242611 -0.030196363031693357 -0.080840301700765241
leaf_weight=1.4434359309379932 1.4290177654474971 44.954219288381864 26.901153645376326 0.70923682104330543 31.826436693198048 21.269504733936628 7.104629239300265 125.46910588807077 2.697435573412803 3.2226638002321124 6.4388707713078466 0.85189817621721875 23.300890057420474 0.70078228873899195
leaf_count=146 251 34198 4444 9 1178 2608 13 4519 668 902 1699 90 14250 80
internal_value=-3.09868e-11 -0.0138633 -0.0294447 0.015898 0.013542 0.0171789 0.0170742 0.018257 -0.0289553 -0.0278423 -0.0113866 -0.0377428 -0.0382654 -0.0556624
internal_weight=298.319 159.357 101.595 138.962 57.762 53.0959 135.98 132.574 3.40667 4.6661 33.34 2.9817 68.2551 2.1298
internal_count=65055 59425 54591 5630 4834 3786 5209 4532 677 1048 6143 421 48448 331
is_linear=0
shrinkage=0.04


Tree=23
num_leaves=15
num_cat=0
split_feature=14 8 7 18 2 21 12 7 13 14 18 20 11 17
split_gain=38.1157 40.2116 10.1561 4.95397 4.93863 4.90543 7.82275 6.8946 4.27839 4.95039 2.69219 2.64493 1.51509 0.107164
threshold=0.096073158085346236 -0.36766850948333735 0.51756387948989879 -0.074589297175407396 -0.067399792373180376 0.94028520499108748 0.075528636574745192 0.61660420894622814 1.4064165949821474 0.12442560866475107 0.022812555544078354 0.36474501108647456 0.13572096824645999 -0.025216707959771153
decision_type=2 2 2 2 2 2 2 2 2 2 2 2 2 2
left_child=1 3 12 13 -5 6 -2 -8 9 -7 -10 -4 -3 -1
right_child=5 2 11 4 -6 8 7 -9 10 -11 -12 -13 -14 -15
leaf_value=-0.030364312442059924 0.045547672461969849 -0.04196251580596487 0.0076563361932470101 0.024641913345700758 0.00036025617320948911 0.0081567810205435392 -0.041413526963793197 0.0068662177046101827 -0.05500427400399948 0.032647000052725889 0.0060516494735138879 -0.017503230337381392 -0.029298495311404233 -0.053852443449318922
leaf_weight=0.38671986863482732 7.6462932811118653 43.848012518632459 9.1026374126522551 34.79579920519609 21.797583857056452 18.365297856566031 5.2070724308723575 51.936415498843417 1.5274962245603081 47.009654922643676 4.7447396030183882 25.175319535293966 23.066813416837249 1.5829893914633419
leaf_count=103 66 34220 1450 1486 2790 336 1456 2648 240 249 379 4825 14325 482
internal_value=2.92194e-11 -0.0132606 -0.0285273 0.0131191 0.0152896 0.015527 0.0075511 0.00246683 0.0227395 0.0257671 -0.00881748 -0.010822 -0.037597 -0.0492409
internal_weight=296.193 159.756 101.193 58.5631 56.5934 136.437 64.7898 57.1435 71.6472 65.375 6.27224 34.278 66.9148 1.96971
internal_count=65055 59681 54820 4861 4276 5374 4170 4104 1204 585 619 6275 48545 585
is_linear=0
shrinkage=0.04


Tree=24
num_leaves=15
num_cat=0
split_feature=14 8 14 8 7 18 14 13 7 1 18 7 22 7
split_gain=35.7763 14.8664 14.0385 8.65536 17.9765 3.9442 3.89511 3.82151 3.29138 3.13933 2.96001 1.54813 0.668776 0.582604
threshold=0.039484228938817985 -0.48433074355125422 0.1335747689008713 -0.55942872166633595 0.61660420894622814 0.1903837248682976 0.069267082959413542 1.2343484759330752 2.0031316280364995 -0.034483946859836571 -0.013153760228306053 0.099538024514913573 -0.10301736369729041 -0.31706994771957392
decision_type=2 2 2 2 2 2 2 2 2 2 2 2 2 2
left_child=1 9 3 6 -5 8 -2 -7 -4 13 -11 -3 -13 -1
right_child=2 11 5 4 -6 7 -8 -9 -10 10 -12 12 -14 -15
leaf_value=-0.0071404707968699454 0.025315892892223989 -0.042415588572392075 0.028722875533104434 -0.028517473352870415 0.0051974592495037022 0.020920590427620504 -0.011428595154275857 -0.043009451953601611 0.0037745400833384649 0.028608424273363679 -0.021097767735847432 -0.0045325920514608774 -0.030020150648019345 -0.046069295330177742
leaf_weight=1.0116388922906483 26.99600155261578 33.86617824131099 55.013750976155279 34.917556333268294 91.899637807349791 3.1981088181491932 5.5679078485409255 2.8110106936073862 9.9986257139826176 9.0056192931369861 2.4352070921449913 1.9207854695414415 11.564186578660154 1.5692717211786646
leaf_count=92 427 28253 1286 18642 6385 70 404 497 193 276 365 928 6924 313
internal_value=-9.98076e-11 -0.0271387 0.00722899 0.000637959 -0.00408553 0.0220201 0.0190332 -0.00898529 0.0248859 0.00903885 0.0180283 -0.0378516 -0.0263897 -0.0308104
internal_weight=291.775 61.3729 230.403 159.381 126.817 71.0215 32.5639 6.00912 65.0124 14.0217 11.4408 47.3512 13.485 2.58091
internal_count=65055 37151 27904 25858 25027 2046 831 567 1479 1046 641 36105 7852 405
is_linear=0
shrinkage=0.04


Tree=25
num_leaves=13
num_cat=0
split_feature=14 8 7 12 7 8 2 18 4 20 11 18
split_gain=34.0169 34.9164 9.03367 4.60579 10.7984 5.65686 4.4484 6.1196 5.12205 2.43609 1.54626 0.277265
threshold=0.096073158085346236 -0.36766850948333735 0.51756387948989879 0.075528636574745192 0.61660420894622814 -0.32067653536796564 -0.064807116985321031 -0.041028412058949464 1.5442107915878298 0.36474501108647456 0.13572096824645999 0.024669191800057892
decision_type=2 2 2 2 2 2 2 2 2 2 2 2
left_child=1 6 10 -2 11 -6 7 -1 -8 -4 -3 -5
right_child=3 2 9 4 5 -7 8 -9 -10 -11 -12 -13
leaf_value=-0.022862447480867815 0.044093471687983082 -0.04075478809917172 0.00685649679516927 -0.049244871100265208 -0.027297624224350218 0.017218808250959221 -0.0098919021351655551 0.02623154448468961 0.054710167331825696 -0.017212234767750915 -0.02769435373131052 -0.031660463181416652
leaf_weight=4.639873835083562 8.0564002036117 41.484481591804069 9.2701124940795108 2.94818402302917 4.755413075152318 115.42668797576334 18.457565393720873 32.642776461842004 2.1974667310714713 24.538603815613897 22.300883259355032 2.7946992395445704
leaf_count=976 72 34220 1450 801 430 3189 2817 1057 11 4825 14325 882
internal_value=5.58028e-10 -0.0127258 -0.0273285 0.0147727 0.0128968 0.0154574 0.011872 0.0201217 -0.00301896 -0.0106128 -0.0361885 -0.0406876
internal_weight=289.513 155.532 97.5941 133.981 125.925 120.182 57.9377 37.2827 20.655 33.8087 63.7854 5.74288
internal_count=65055 59681 54820 5374 5302 3619 4861 2033 2828 6275 48545 1683
is_linear=0
shrinkage=0.04


Tree=26
num_leaves=15
num_cat=0
split_feature=14 8 7 0 6 10 11 21 12 18 14 13 21 22
split_gain=32.7207 32.2656 8.7355 4.75195 6.10701 5.89996 4.22891 4.13604 6.8531 5.58955 4.12697 4.34564 1.512 0.859824
threshold=0.096073158085346236 -0.36766850948333735 0.32628865540027624 0.17908172309398654 0.74426704645156871 1.0036979317665102 1.0825885534286501 0.94028520499108748 0.075528636574745192 0.032649820670485503 0.020570453256368641 0.82677963376045238 0.95293466223698797 -0.06663056835532187
decision_type=2 2 2 2 2 2 2 2 2 2 2 2 2 2
left_child=1 10 13 7 6 -6 -5 8 -2 -9 -1 -12 -4 -3
right_child=3 2 12 4 5 -7 -8 9 -10 -11 11 -13 -14 -15
leaf_value=-0.036808603267672255 0.043347208933704737 -0.024486019783955999 -0.0097868963965194629 -0.0044856768170470698 -0.084369591698101834 -0.0030258308757317139 0.042891859679542156 0.0092179277489067377 0.004420495745573543 0.035236549115119906 0.018862005610382229 -0.0098333468537078923 -0.031069439272470564 -0.039397122821052018
leaf_weight=2.7491488739033221 8.4730327494908106 7.1234417759551425 35.056250565903611 9.3690102208638582 2.5081952705513677 3.3085735158529133 4.4443652355112127 21.324243303359253 49.573067910241662 34.721190472715534 44.465994923943072 10.423440409475004 6.3010231513180761 47.088637396445847
leaf_count=840 64 6035 9764 454 186 131 39 474 3603 423 2523 1498 1372 37649
internal_value=-8.2834e-10 -0.0126195 -0.0268752 0.0144585 -0.00372009 -0.0381013 0.0107577 0.0175862 0.0101027 0.0253369 0.0110174 0.0134128 -0.0130294 -0.0374378
internal_weight=286.93 153.208 95.5694 133.722 19.6301 5.81677 13.8134 114.092 58.0461 56.0454 57.6386 54.8894 41.3573 54.2121
internal_count=65055 59681 54820 5374 810 317 493 4564 3667 897 4861 4021 11136 43684
is_linear=0
shrinkage=0.04


Tree=27
num_leaves=14
num_cat=0
split_feature=14 8 7 9 7 8 18 2 17 20 11 1 14
split_gain=32.8907 29.7783 8.28714 4.77326 4.75902 8.92609 4.06154 4.49701 2.86697 1.97698 1.58194 0.162051 0.0987595
threshold=0.096073158085346236 -0.36766850948333735 0.51756387948989879 16.500000000000004 -0.11907323449850081 -0.31724999845027918 -0.074589297175407396 -0.067399792373180376 -0.029944380745291706 0.36474501108647456 0.13572096824645999 -0.15072543174028394 0.065759979188442244
decision_type=2 2 2 2 2 2 2 2 2 2 2 2 2
left_child=1 6 10 8 -5 -6 12 -8 -2 -4 -3 -10 -1
right_child=3 2 9 4 5 -7 7 -9 11 -11 -12 -13 -14
leaf_value=-0.05269483287672766 0.036383342002572316 -0.039979468009918723 0.005156059301054651 0.046373073685806884 -0.036821537792065845 0.016065382574661082 0.020542158742752573 -0.0030331527283829229 -0.02783322069062194 -0.01655218294255608 -0.026546401557282901 -0.054525670738096679 -0.031663733919439711
leaf_weight=1.4326042706961732 0.78100879990961436 39.770773580821697 9.3593288556585303 7.607429635943844 5.3373738722002591 117.80963794072159 35.283966173097724 20.448381932990742 0.43085456214612428 23.733545040391618 21.669563455216121 2.3421506895392654 0.47593789605889458
leaf_count=476 34 34220 1450 14 684 3982 1486 2790 76 4825 14325 584 109
internal_value=-9.91521e-10 -0.0127329 -0.0265499 0.0144267 0.0156699 0.0137732 0.00992741 0.0118923 -0.0313121 -0.0104127 -0.0352417 -0.0503783 -0.0474503
internal_weight=286.483 152.174 94.5332 134.308 130.754 123.147 57.6409 55.7323 3.55401 33.0929 61.4403 2.77301 1.90854
internal_count=65055 59681 54820 5374 4680 4666 4861 4276 694 6275 48545 660 585
is_linear=0
shrinkage=0.04


Tree=28
num_leaves=15
num_cat=0
split_feature=14 8 7 21 12 14 13 14 18 2 22 21 11 14
split_gain=31.0228 27.8003 7.79878 4.4356 6.6891 5.80195 4.7808 5.30603 3.62985 4.17421 2.73376 1.57045 0.889709 0.0897505
threshold=0.096073158085346236 -0.36766850948333735 0.32628865540027624 0.94028520499108748 0.075528636574745192 0.15221097320318225 1.4064165949821474 0.12442560866475107 -0.074589297175407396 -0.067399792373180376 0.53542032837867748 0.95293466223698797 0.13572096824645999 0.065759979188442244
decision_type=2 2 2 2 2 2 2 2 2 2 2 2 2 2
left_child=1 8 12 4 -2 -6 7 -5 13 -10 -8 -4 -3 -1
right_child=3 2 11 6 5 -7 10 -9 9 -11 -12 -13 -14 -15
leaf_value=-0.051596461757193048 0.04063449219184604 -0.039779540517780876 -0.00977682368840661 0.0054852730016616436 0.0064974535121103509 -0.032199918213564854 0.0083533712188778777 0.031638898195028985 0.019396433005851404 -0.0032994502489038942 -0.045655279409907948 -0.032310978304294885 -0.028227409678239519 -0.031058390415943566
leaf_weight=1.3567453383584496 8.0483389708679152 36.632414910149237 34.786164172517601 17.097551315702731 49.679061817470938 7.0829733401478725 4.0175454790005451 45.285198849858716 35.442352488258621 20.445296176949341 2.3925210053566843 5.7690090219693948 15.049245054164201 0.45447557163424779
leaf_count=476 66 33111 9764 336 3288 816 336 249 1486 2790 283 1372 10573 109
internal_value=-5.37967e-10 -0.0124896 -0.0261124 0.0140165 0.00650754 0.00166865 0.0210907 0.0244708 0.0092875 0.0110936 -0.0118051 -0.0129823 -0.0364157 -0.046443
internal_weight=283.539 149.936 92.2368 133.603 64.8104 56.762 68.7928 62.3828 57.6989 55.8876 6.41007 40.5552 51.6817 1.81122
internal_count=65055 59681 54820 5374 4170 4104 1204 585 4861 4276 619 11136 43684 585
is_linear=0
shrinkage=0.04


Tree=29
num_leaves=15
num_cat=0
split_feature=14 8 7 1 21 11 14 13 8 20 17 18 7 6
split_gain=29.4893 21.1845 15.7036 5.05901 4.22777 6.94623 5.59784 3.85669 3.81571 3.36038 3.26629 3.1336 1.73505 1.09682
threshold=0.10585229471325876 -0.45250815153121943 0.56414049863815319 0.035933554172515876 0.94519519519519524 0.030304577201604847 0.15221097320318225 1.3581288456916811 -0.045405676588416093 0.95130420054200548 -0.010403555817902086 0.069607369601726546 0.16404709219932559 -0.11366624757647513
decision_type=2 2 2 2 2 2 2 2 2 2 2 2 2 2
left_child=1 3 12 10 5 -2 -7 11 -4 -9 -1 -6 -3 -5
right_child=4 2 8 13 7 6 -8 9 -10 -11 -12 -13 -14 -15
leaf_value=-0.024196268112807028 0.042104556771820789 -0.038084010379173243 0.0013763176431828732 -0.075315400933518586 0.017072611635601802 0.006973445469740879 -0.033536548179893599 -0.040183619847742449 -0.030263174581237437 0.014312043070891789 0.016956693078479846 0.036499636853362882 -0.024494426521009336 -0.02270858849457032
leaf_weight=3.3170297946780911 7.8177635619649655 41.92481152813707 41.771785230288515 0.80324229964753646 26.721891702851281 38.690060099761467 6.35412444313988 2.5953169245040026 7.1413198948575873 5.9865049033542164 44.272552943439223 26.418526698602363 23.434536062020925 3.0116914875106877
leaf_count=542 63 37858 5057 113 247 2263 824 308 1361 273 1578 116 13981 471
internal_value=1.48916e-09 -0.0107905 -0.0203838 0.0105354 0.015602 0.0072996 0.00125893 0.0227125 -0.00324305 -0.00216855 0.0140883 0.0267307 -0.0332115 -0.0337851
internal_weight=280.261 165.677 114.272 51.4045 114.584 52.8619 45.0442 61.7222 48.9131 8.58182 47.5896 53.1404 65.3593 3.81493
internal_count=65055 60961 58257 2704 4094 3150 3087 944 6418 581 2120 363 51839 584
is_linear=0
shrinkage=0.04


Tree=30
num_leaves=15
num_cat=0
split_feature=14 8 14 18 13 18 7 7 15 17 15 17 7 2
split_gain=26.7554 15.6183 11.4337 5.33581 5.61485 3.47483 2.8516 2.69884 3.37249 2.68061 3.11887 2.65019 2.24074 0.300278
threshold=0.04408500716090203 -0.60278719663619984 0.1335747689008713 -0.074589297175407396 1.4064165949821474 0.1903837248682976 2.0031316280364995 0.18438129872083667 27.883761405944828 -0.00609354069456458 43.266174316406257 0.016045977361500267 -0.31706994771957392 0.057135760784149177
decision_type=2 2 2 2 2 2 2 2 2 2 2 2 2 2
left_child=1 9 3 13 -5 6 -4 12 -9 -1 -11 -7 -3 -2
right_child=2 7 5 4 -6 11 -8 8 -10 10 -12 -13 -14 -15
leaf_value=0.035644306343791017 -0.033356817633422221 -0.0028104354213616158 0.026941971817987864 0.0046684015620636473 -0.024327942832890446 -0.041805517274928303 0.0024178734008077195 0.030568186005288888 -0.023926626153861263 -0.051929886783082482 0.020956636559074478 0.013841127150380255 -0.03856797430858145 -0.058471399379127681
leaf_weight=7.1674716031411663 4.7761806156995581 3.0258930710260747 52.560066496400395 125.25194626900338 11.681447675313391 2.3541865061270064 8.8658091152319667 2.1371708133810889 12.129691094363805 1.4556403521855807 2.6483378487173468 3.2734329802915454 38.23437818880484 0.90624175329867274
leaf_count=154 1805 135 1286 15395 4875 327 193 268 5843 190 87 240 34059 198
internal_value=1.66209e-09 -0.0220458 0.00702359 0.000618679 0.0021948 0.0206462 0.0234023 -0.0307601 -0.0157633 0.0208836 -0.00489549 -0.00943738 -0.0359456 -0.0373621
internal_weight=276.468 66.7986 209.669 142.616 136.933 67.0535 61.4259 55.5271 14.2669 11.2714 4.10398 5.62762 41.2603 5.68242
internal_count=65055 40736 24319 22273 20270 2046 1479 40305 6111 431 277 567 34194 2003
is_linear=0
shrinkage=0.04


Tree=31
num_leaves=15
num_cat=0
split_feature=14 8 7 1 21 11 7 20 8 18 13 17 11 7
split_gain=24.713 19.2746 14.5976 4.58197 4.23471 5.88029 5.25667 3.48556 3.47097 3.32211 3.13963 3.12259 1.85088 1.75321
threshold=0.10585229471325876 -0.45250815153121943 0.56414049863815319 0.009352898225188257 0.94519519519519524 0.030304577201604847 0.7592015564441682 0.67533783783783796 -0.045405676588416093 0.044627062976360328 1.0125763416290285 -0.010403555817902086 0.053422275930643089 0.056346278637647636
decision_type=2 2 2 2 2 2 2 2 2 2 2 2 2 2
left_child=1 3 13 11 5 -2 -7 10 -4 -9 -6 -1 -5 -3
right_child=4 2 8 12 7 6 -8 9 -10 -11 -12 -13 -14 -15
leaf_value=-0.025240039623098367 0.039272089287436779 -0.038975993741874618 0.0014069842005139793 0.022058619648264454 0.024457938956030146 -0.032690154259167742 0.0062184104976416889 0.011649670563291668 -0.029612104566765361 0.032520425084462463 -0.027436101195091024 0.018119428816221913 -0.029142572974432252 -0.02559751557473328
leaf_weight=2.8425428142654701 7.2842087409226215 30.247415897967585 41.986985772251501 1.4033784613129672 3.4099854428786776 6.5156897868728256 37.708600198762724 18.873614440381061 6.6917146282357853 34.524815724813379 4.1180584416724741 40.814541229658062 5.7912152249045903 32.525720125799126
leaf_count=490 63 29257 5057 62 32 1309 1778 327 1361 372 213 1364 788 22582
internal_value=2.96272e-10 -0.00998503 -0.0192961 0.010422 0.0144137 0.00597095 0.000485902 0.0215514 -0.00285712 0.0251437 -0.00392961 0.0152963 -0.0191553 -0.032044
internal_weight=274.738 162.304 111.452 50.8517 112.435 51.5085 44.2243 60.9265 48.6787 53.3984 7.52804 43.6571 7.19459 62.7731
internal_count=65055 60961 58257 2704 4094 3150 3087 944 6418 699 245 1854 850 51839
is_linear=0
shrinkage=0.04


Tree=32
num_leaves=15
num_cat=0
split_feature=14 8 7 16 1 21 12 7 13 8 9 18 7 20
split_gain=23.6299 17.9524 13.852 4.27529 4.36508 3.9693 5.44804 5.15141 3.36773 2.93561 2.81322 2.60347 1.76092 0.61624
threshold=0.10585229471325876 -0.45250815153121943 0.56414049863815319 0.18634259259259262 0.035933554172515876 0.94519519519519524 0.075528636574745192 0.7592015564441682 1.3581288456916811 -0.045405676588416093 24.500000000000004 0.069607369601726546 0.056346278637647636 0.86899313501144182
decision_type=2 2 2 2 2 2 2 2 2 2 2 2 2 2
left_child=1 3 12 13 -5 6 -2 -8 11 -4 -10 -7 -3 -1
right_child=5 2 9 4 -6 8 7 -9 10 -11 -12 -13 -14 -15
leaf_value=-0.056229491565629119 0.037872503695664694 -0.038593274074634448 0.00088065218834371779 0.015611208849358 -0.032184584331279811 0.016072998085510676 -0.034322616133316136 0.0059516749483134292 -0.042197977508047491 -0.028455734171936906 0.010668019996038057 0.034038737350269258 -0.025038234986405419 -0.0090683245049255328
leaf_weight=1.6722098232130513 7.2962387874722472 29.395147065937635 42.162721812681411 45.155957203591242 3.2792843039496793 25.981438756920397 5.8722778844094128 37.733912485389737 2.0783588248305005 6.2691397219314231 7.1550096221035346 25.643648579949513 32.056605850957567 0.60321512780501496
leaf_count=367 53 29257 5057 1653 538 247 1316 1781 253 1361 328 116 22582 146
internal_value=3.43632e-10 -0.00982886 -0.0189142 0.00985787 0.0123752 0.0141235 0.00588095 0.000528091 0.0210177 -0.00291672 -0.0012317 0.0249971 -0.0315222 -0.0437271
internal_weight=272.355 160.594 109.884 50.7107 48.4352 111.761 50.9024 43.6062 60.8585 48.4319 9.23337 51.6251 61.4518 2.27542
internal_count=65055 60961 58257 2704 2191 4094 3150 3097 944 6418 581 363 51839 513
is_linear=0
shrinkage=0.04


Tree=33
num_leaves=15
num_cat=0
split_feature=14 8 7 9 1 9 20 17 3 7 13 7 6 4
split_gain=21.8101 16.9567 12.793 3.9768 3.84018 3.4259 5.58879 2.94827 2.76222 2.26915 2.10948 1.6799 0.659254 0.359573
threshold=0.10585229471325876 -0.45250815153121943 0.51756387948989879 17.500000000000004 0.035933554172515876 23.500000000000004 0.09449404761904763 -0.010403555817902086 0.71272972226142894 1.5519620180130007 0.92559051513671886 0.056346278637647636 -0.11366624757647513 0.7545263171195985
decision_type=2 2 2 2 2 2 2 2 2 2 2 2 2 2
left_child=1 4 11 10 7 9 -7 -1 -4 -5 -2 -3 -6 -12
right_child=3 2 8 5 12 6 -8 -9 -10 -11 13 -13 -14 -15
leaf_value=-0.026394206026938979 0.0076949593264997434 -0.038133247435602195 -0.00044025792522362389 0.031389241141199398 -0.06940530070017864 -0.039538014945531254 0.012870742109657168 0.014985524748525967 -0.032408636856423777 0.0029199542509901494 -0.043398147621533496 -0.024549987334700193 -0.023796893352842168 -0.081222897074063119
leaf_weight=2.9363518336904226 1.6125391125679009 28.423260818424751 44.764807591869612 25.289563826634552 0.63099513977067578 3.4087520717293947 72.456916140072281 44.591314151883125 4.7869480774097601 5.4437597941723643 1.5984681433619701 29.884797067446925 2.582324365983367 0.53728076093830157
leaf_count=542 65 29257 6500 603 113 328 2486 1578 760 134 401 21740 471 77
internal_value=-6.84768e-10 -0.0095013 -0.018472 0.0136561 0.00956773 0.01508 0.0105159 0.012429 -0.00352856 0.0263465 -0.0268394 -0.0311714 -0.032753 -0.0529135
internal_weight=268.948 158.601 107.86 110.347 50.741 106.599 75.8657 47.5277 49.5518 30.7333 3.74829 58.3081 3.21332 2.13575
internal_count=65055 60961 58257 4094 2704 3551 2814 2120 7260 737 543 50997 584 478
is_linear=0
shrinkage=0.04


Tree=34
num_leaves=15
num_cat=0
split_feature=14 14 8 6 7 17 13 20 18 13 13 7 22 4
split_gain=20.4772 9.57073 8.05177 5.37211 9.31603 5.0396 3.21445 3.17899 2.88396 2.53649 2.08865 1.89109 0.664598 0.460605
threshold=0.039484228938817985 0.1335747689008713 -0.46841265261173243 -0.10343935340642928 0.61660420894622814 -0.0082445638254284841 0.6139146387577058 0.40862708719851587 0.1903837248682976 1.0688574314117434 1.2343484759330752 0.099538024514913573 -0.10301736369729041 -0.2470683082938194
decision_type=2 2 2 2 2 2 2 2 2 2 2 2 2 2
left_child=2 3 6 5 -5 -2 7 -1 9 -3 -10 13 -13 -4
right_child=1 8 11 4 -6 -7 -8 -9 10 -11 -12 12 -14 -15
leaf_value=-0.01600591454013919 -0.048821742365324779 0.032709563034766465 -0.008819732854323881 -0.02181499522665363 0.0030277763882531838 0.020623920664290082 -0.044007741450543147 0.025462980008374922 0.013468753681070094 0.015076428483860926 -0.036943273086833137 0.0036416772049334446 -0.023205880049406317 -0.039652962383943897
leaf_weight=4.7183836024196335 1.7907914022362117 19.212069226254243 0.80048885584255813 33.12538326804497 89.155823283086647 25.196480759659607 2.0499084067851063 7.9267195420834469 2.8124351487494996 40.711729282164015 2.4696939143468626 1.7320354686526105 9.9512747986373125 24.53298585567973
leaf_count=444 773 190 675 17667 6471 947 317 367 70 1289 497 924 6899 27525
internal_value=-1.70803e-09 0.00544765 -0.0225941 -0.000137105 -0.00370201 0.0160157 0.00245689 0.00998931 0.0182322 0.0207298 -0.0101017 -0.0325389 -0.0192258 -0.0386787
internal_weight=266.186 214.474 51.7118 149.268 122.281 26.9873 14.695 12.6451 65.2059 59.9238 5.28213 37.0168 11.6833 25.3335
internal_count=65055 27904 37151 25858 24138 1720 1128 811 2046 1479 567 36023 7823 28200
is_linear=0
shrinkage=0.04


Tree=35
num_leaves=14
num_cat=0
split_feature=14 8 7 21 14 14 18 13 14 7 0 14 11
split_gain=18.9759 15.3117 9.70679 3.75664 4.745 5.95899 3.62265 3.45972 3.99901 3.05439 2.70343 2.23642 0.995455
threshold=0.10585229471325876 -0.36766850948333735 0.32628865540027624 0.94519519519519524 0.22027926892042163 0.15221097320318225 -0.027001189067959782 0.82677963376045238 0.020570453256368641 -0.31706994771957392 0.17908172309398654 0.083901129662990584 0.13572096824645999
decision_type=2 2 2 2 2 2 2 2 2 2 2 2 2
left_child=1 7 12 4 5 -2 -5 8 -1 -9 -8 -4 -3
right_child=3 2 11 6 -6 -7 10 9 -10 -11 -12 -13 -14
leaf_value=-0.035378503746070121 0.0049461053192793539 -0.036714539119050725 -0.014463015617938113 -0.0055743649309103038 0.033890489382432838 -0.041879531670691757 0.027649877654244107 0.0081956043341920217 0.014822696561398882 -0.035110139931574622 0.0030109796635349145 0.0019999504529927175 -0.023673843771926092
leaf_weight=2.6926425550482227 38.0400211486849 30.140145235098316 30.236679995396116 7.9117305962718083 7.5956377880938808 4.909568729606689 42.461283419863321 5.1994828234892339 44.464786859869491 5.224079302766766 8.5618065109592845 23.435406817836338 13.588021992087304
leaf_count=777 2291 33154 9592 184 156 703 547 163 2595 1499 213 2469 10712
internal_value=7.205e-10 -0.00900551 -0.0186725 0.0127483 0.00474742 -0.000406534 0.0196102 0.00734654 0.0119563 -0.0135084 0.0235154 -0.00727462 -0.0326623
internal_weight=264.461 154.981 97.4003 109.48 50.5452 42.9496 58.9348 57.581 47.1574 10.4236 51.0231 53.6721 43.7282
internal_count=65055 60961 55927 4094 3150 2994 944 5034 3372 1662 760 12061 43866
is_linear=0
shrinkage=0.04


Tree=36
num_leaves=14
num_cat=0
split_feature=14 8 7 9 4 12 14 13 18 9 22 18 13
split_gain=17.4355 14.2098 9.22534 3.62563 3.18376 6.57729 3.09374 3.51094 2.21346 1.96272 1.02749 0.245309 0.169934
threshold=0.10585229471325876 -0.36766850948333735 0.32628865540027624 17.500000000000004 0.12217040732502939 0.60856705904006969 0.020570453256368641 0.82677963376045238 -0.053077256307005875 16.500000000000004 -0.06663056835532187 0.021103564649820331 1.3961321115493777
decision_type=2 2 2 2 2 2 2 2 2 2 2 2 2
left_child=1 6 10 9 -5 -6 11 -8 -4 12 -3 -1 -2
right_child=3 2 8 4 5 -7 7 -9 -10 -11 -12 -13 -14
leaf_value=-0.041512115739650225 -0.060120184645144896 -0.01642276719116691 -0.029059343725635782 0.039982960384286302 -0.032954742826986509 0.014214046033630334 0.013831982960982885 -0.012275983299932416 -0.0040165664995775391 0.01015194204965424 -0.034530703096208253 -0.011285073209699889 -0.037506406252270259
leaf_weight=2.0960464950476303 1.2912350022234016 5.8095676447846918 6.4224870900361557 6.8673941427841774 4.984432203375035 92.648861690104241 44.9040478640527 10.093893524550365 46.775583690396161 1.3739946086425336 36.599994201176742 0.54031410766765464 0.90385966976464249
leaf_count=692 180 6076 1944 57 741 2753 2595 1599 10117 56 37790 148 307
internal_value=-1.20251e-09 -0.00867682 -0.0181339 0.0123036 0.0136576 0.011806 0.00701129 0.00904033 -0.00703993 -0.0273406 -0.0320501 -0.0353172 -0.0508087
internal_weight=261.312 153.242 95.6076 108.07 104.501 97.6333 57.6343 54.9979 53.1981 3.56909 42.4096 2.63636 2.19509
internal_count=65055 60961 55927 4094 3551 3494 5034 4194 12061 543 43866 840 487
is_linear=0
shrinkage=0.04


Tree=37
num_leaves=13
num_cat=0
split_feature=14 8 7 21 18 11 7 3 14 13 21 7
split_gain=16.3155 13.3791 8.68197 3.36556 5.27489 4.32095 4.56806 3.11598 5.19585 2.90027 2.22314 1.0719
threshold=0.10585229471325876 -0.36766850948333735 0.32628865540027624 0.94519519519519524 -0.027001189067959782 0.030304577201604847 0.7592015564441682 0.64947217702865612 0.080266173928976073 1.3581288456916811 0.95698427382053664 0.056346278637647636
decision_type=2 2 2 2 2 2 2 2 2 2 2 2
left_child=1 7 11 5 -5 -2 -7 8 -1 -6 -4 -3
right_child=3 2 10 4 9 6 -8 -9 -10 -11 -12 -13
leaf_value=0.0073614735460568502 0.035910958610776644 -0.037228371525214493 -0.0036293775333858264 -0.015651847670825229 0.026992770258201664 -0.033806327408014494 0.0048406992880868213 0.047520473291424205 -0.04957572711148054 0.0016761798039198507 -0.027242731955649521 -0.02424082115874935
leaf_weight=52.213812100053474 6.0514663578942409 23.132578435943287 44.898740862474369 6.4496515638893461 42.871111107291654 5.6226249099272527 37.735787109297235 2.8417987587163216 2.6968413226568364 8.7113478166284022 7.435745294293155 18.141640740301227
leaf_count=4519 63 27883 10620 184 263 1309 1778 50 465 497 1441 15983
internal_value=-1.97024e-09 -0.00846165 -0.0178026 0.0119205 0.0184529 0.00424816 -0.000170963 0.00667879 0.0045651 0.0227173 -0.00698439 -0.0315198
internal_weight=258.803 151.361 93.6087 107.442 58.0321 49.4099 43.3584 57.7525 54.9107 51.5825 52.3345 41.2742
internal_count=65055 60961 55927 4094 944 3150 3087 5034 4984 760 12061 43866
is_linear=0
shrinkage=0.04


Tree=38
num_leaves=15
num_cat=0
split_feature=14 14 8 18 13 12 7 13 16 7 8 11 4 14
split_gain=15.1175 8.3051 7.2276 4.61717 4.70219 3.31388 4.37568 2.49831 3.43879 2.01884 1.55145 0.707049 0.465288 0.315528
threshold=0.039484228938817985 0.1335747689008713 -0.46841265261173243 -0.074589297175407396 0.96748444437980663 0.25764800608158117 -0.31706994771957392 1.1677055358886721 0.71130952380952395 0.099538024514913573 -0.14479489624500272 0.12558695673942569 -0.2470683082938194 0.078041117638349547
decision_type=2 2 2 2 2 2 2 2 2 2 2 2 2 2
left_child=2 3 5 13 -5 6 -1 10 -9 12 -3 -11 -4 -2
right_child=1 7 9 4 -6 -7 -8 8 -10 11 -12 -13 -14 -15
leaf_value=0.016098093206182069 -0.044021343224336519 0.016278326710080969 -0.0068395132694323056 0.0074146343741713829 -0.0074042945159703234 0.030790833001187502 -0.03586637016794314 0.013343778742287267 -0.034958819245362267 -0.026969996794146023 0.03533545846951177 -0.0067835528189540001 -0.038343329056520263 -0.025191870696933964
leaf_weight=5.2277253061765796 3.1939168929602593 13.438844823394904 0.77690786228049447 78.047579306010448 61.065330301367794 4.7082265505450769 5.1437708289013235 32.539478756138124 2.5424808998359358 5.3161179667295055 13.909557712031527 5.8106439259281615 21.733432749097123 2.5693909062465536
leaf_count=178 1731 265 675 9149 14372 151 799 1397 288 3998 96 3825 27525 606
internal_value=7.32504e-10 0.00471186 -0.0200506 -0.000543772 0.000909682 0.00296015 -0.00967382 0.0169081 0.00984316 -0.0303664 0.0259709 -0.0164282 -0.037256 -0.0356268
internal_weight=256.023 207.307 48.7168 144.876 139.113 15.0797 10.3715 62.4304 35.082 33.6371 27.3484 11.1268 22.5103 5.76331
internal_count=65055 27904 37151 25858 23521 1128 977 2046 1685 36023 361 7823 28200 2337
is_linear=0
shrinkage=0.04


Tree=39
num_leaves=15
num_cat=0
split_feature=14 8 11 0 6 14 11 9 0 14 17 13 17 22
split_gain=13.9937 15.6346 5.25237 3.54938 4.14167 4.62607 4.40475 3.28574 2.94566 2.84409 2.68155 2.67135 1.7822 0.579117
threshold=0.094643857330083861 -0.36766850948333735 0.13208121806383136 0.17908172309398654 0.74426704645156871 0.15221097320318225 1.0825885534286501 16.500000000000004 -0.0019104597740806637 0.020570453256368641 0.013526943046599628 0.83081197738647472 -0.029944380745291706 -0.059518061578273766
decision_type=2 2 2 2 2 2 2 2 2 2 2 2 2 2
left_child=1 9 13 7 6 -6 -5 12 -9 -1 -11 -4 -2 -3
right_child=3 2 11 4 5 -7 -8 8 -10 10 -12 -13 -14 -15
leaf_value=-0.034164204239386438 0.031066655433023213 -0.021907251734880184 -0.0034451354784203352 -0.012608048424060148 -0.088713310512545926 -0.0079118323148821799 0.038772247047697286 0.0067067254684052106 0.020297427405535813 0.010631592233665362 -0.038978659414421774 -0.022700667301916045 -0.046458306419003066 -0.036308179696076741
leaf_weight=2.5619393276574547 0.60265685105696354 5.4517701223885551 25.123331569731818 7.613663369847929 1.8307010858552519 2.9776323378900997 4.1111038362141699 49.554789250905742 52.601417256068089 52.083447373806848 1.8036293710392772 21.301791582416627 2.2303175154229384 24.757941730509629
leaf_count=840 34 5700 7232 478 159 159 39 2557 1600 3615 379 13023 604 28636
internal_value=-6.75904e-10 -0.00896102 -0.0207277 0.00981356 -0.00741318 -0.0386758 0.00540764 0.0125263 0.0137047 0.00701341 0.00897111 -0.0122804 -0.0299665 -0.0337093
internal_weight=254.606 133.084 76.6348 121.522 16.5331 4.80833 11.7248 104.989 102.156 56.449 53.8871 46.4251 2.83297 30.2097
internal_count=65055 59425 54591 5630 835 318 517 4795 4157 4834 3994 20255 638 34336
is_linear=0
shrinkage=0.04


Tree=40
num_leaves=15
num_cat=0
split_feature=14 8 9 7 14 18 21 8 3 22 21 3 22 8
split_gain=13.4594 15.4659 4.24659 3.78323 3.41859 6.12572 2.95266 3.6436 2.86453 2.13704 1.70597 0.658565 0.109428 0.11387
threshold=0.083901129662990584 -0.36766850948333735 12.500000000000002 0.16404709219932559 0.1335747689008713 0.066425044089555754 0.11237373737373739 -0.71726045012474049 -0.018583297729492184 -0.16056207567453382 0.95293466223698797 0.48594939708709722 0.42660161852836614 -0.71726045012474049
decision_type=2 2 2 2 2 2 2 2 2 2 2 2 2 2
left_child=1 6 12 11 5 -4 9 -8 -6 -1 -5 -3 13 -2
right_child=2 3 4 10 8 -7 7 -9 -10 -11 -12 -13 -14 -15
leaf_value=-0.0072950351421669449 -0.057779899461019281 -0.034298277045940975 -0.0097304783424910554 -0.011457528930085517 0.037589013256532668 0.014306945392642323 -0.052295114977769473 0.0017290001012903334 0.013050258578385101 0.022446645757605414 -0.0382480175299095 0.030690294522990713 -0.065833768014836369 -0.035772877438258618
leaf_weight=4.8142945258296121 0.5186631219694392 27.805174882618306 30.540422040823614 34.389999534236267 8.9046860672242456 38.155444934905972 2.1574183093034689 26.938520249794237 52.410241446574219 19.613183273962932 4.2758826893477808 0.25174382902332482 0.36172661639284331 1.3694856032234375
leaf_count=283 104 35866 2859 14830 78 2209 287 3352 1808 697 1961 101 93 527
internal_value=-2.77882e-11 -0.00968536 0.00880555 -0.0225337 0.00974843 0.00362052 0.00633151 -0.0022768 0.016614 0.016585 -0.0144202 -0.0337152 -0.0456792 -0.0418181
internal_weight=252.507 120.246 132.261 66.7228 130.011 68.6959 53.5234 29.0959 61.3149 24.4275 38.6659 28.0569 2.24988 1.88815
internal_count=65055 57377 7678 52758 6954 5068 4619 3639 1886 980 16791 35967 724 631
is_linear=0
shrinkage=0.04


Tree=41
num_leaves=15
num_cat=0
split_feature=14 8 7 9 18 13 21 8 21 12 3 7 2 8
split_gain=12.3619 14.4267 3.77643 3.70017 3.16848 3.10013 3.08138 3.09707 1.62299 1.41115 0.648626 0.598105 0.0806412 0.105588
threshold=0.083901129662990584 -0.36766850948333735 0.16404709219932559 12.500000000000002 -0.083602890372276292 1.4064165949821474 0.031754032258064523 -0.60278719663619984 0.95293466223698797 0.27330306172370916 0.48594939708709722 1.3102507591247561 0.4371520876884461 -0.71726045012474049
decision_type=2 2 2 2 2 2 2 2 2 2 2 2 2 2
left_child=1 6 10 12 11 -6 9 -8 -4 -1 -3 -5 13 -2
right_child=3 2 8 4 5 -7 7 -9 -10 -11 -12 -13 -14 -15
leaf_value=0.011313830266922585 -0.055688030180950039 -0.033928829867559997 -0.010981329983213155 -0.026239666661287131 0.012889600414353861 -0.0039601325371344202 0.01379045578422111 -0.0073531596317849756 -0.037682867137211078 0.043764340116107477 0.028847026599342431 -0.074113729145071694 -0.059419839676818652 -0.033659053498274361
leaf_weight=4.1679509154637326 0.48619056143797945 26.972815928489585 34.171165283019945 1.5685850134905188 106.41968371684197 20.902329483011272 19.642780445079548 25.440497384421182 4.0767099658114594 4.4156838429626077 0.26594390938407642 0.56899927119957272 0.42288374248892058 1.2260180599550941
leaf_count=155 104 35866 14830 318 3725 2835 665 3707 1961 92 101 76 129 491
internal_value=2.36985e-09 -0.0093336 -0.0219335 0.00845119 0.00931257 0.0101234 0.00604134 0.00185911 -0.0138274 0.0280074 -0.0333159 -0.0389832 -0.0437776 -0.0399143
internal_weight=250.748 119.154 65.4866 131.595 129.46 127.322 53.6669 45.0833 38.2479 8.58363 27.2388 2.13758 2.13509 1.71221
internal_count=65055 57377 52758 7678 6954 6560 4619 4372 16791 247 35967 394 724 595
is_linear=0
shrinkage=0.04


Tree=42
num_leaves=15
num_cat=0
split_feature=14 8 7 20 13 13 2 10 16 1 21 3 20 20
split_gain=11.4997 9.34985 8.12486 3.64807 6.06297 4.1734 3.95003 3.58275 3.23657 3.33609 2.28748 0.903145 0.773039 0.617451
threshold=0.10585229471325876 -0.45250815153121943 0.18031323701143268 0.09449404761904763 2.0429792404174809 1.4064165949821474 0.19863430410623553 0.28336048126220709 0.18634259259259262 0.035933554172515876 0.79238505747126442 0.27742062509059912 0.063164893617021281 0.86899313501144182
decision_type=2 2 2 2 2 2 2 2 2 2 2 2 2 2
left_child=1 8 11 4 12 6 -5 -7 13 -10 -4 -3 -2 -1
right_child=3 2 10 5 -6 7 -8 -9 9 -11 -12 -13 -14 -15
leaf_value=-0.053582741458083422 -0.032902267076399705 -0.032916311730987753 -0.00086400129023434847 -0.0010261107268570405 0.042537607212878699 0.021866077604689078 0.020276778567933178 -0.020661172781444678 0.01165910272817043 -0.032100708559749148 -0.016469405962351337 0.0083126216492815565 -0.06899693873751174 -0.0059878332301253135
leaf_weight=1.6050161924213164 3.2962763982359311 29.449003498717506 40.717238199307758 17.778158095636172 1.8399091791943645 4.6018543172831405 64.282061912235804 10.183744334353831 44.718816198874265 2.9727475922409203 23.821594582172111 0.87537562289798998 1.3334086878749074 0.59882931399624784
leaf_count=367 358 38334 13127 899 24 455 833 1362 1653 538 6298 498 163 146
internal_value=1.48305e-09 -0.00727567 -0.0146483 0.0101942 -0.0188869 0.0121369 0.0156616 -0.00742504 0.00674144 0.00893143 -0.00662403 -0.0317262 -0.043298 -0.0406502
internal_weight=248.074 144.759 94.8632 103.315 6.46959 96.8458 82.0602 14.7856 49.8954 47.6916 64.5388 30.3244 4.62969 2.20385
internal_count=65055 60961 58257 4094 545 3549 1732 1817 2704 2191 19425 38832 521 513
is_linear=0
shrinkage=0.04


Tree=43
num_leaves=14
num_cat=0
split_feature=14 14 18 19 21 14 13 15 6 1 10 7 12
split_gain=11.3437 7.88963 5.0845 4.36335 2.71697 8.25956 2.96245 3.4055 1.43254 1.29377 1.25448 1.06244 0.301002
threshold=0.1335747689008713 0.020570453256368641 -0.074589297175407396 0.91445993031358896 0.80600358422939078 0.22027926892042163 1.3581288456916811 70.664844512939467 0.18884004652500155 0.080497931689023985 0.25549724698066717 0.18031323701143268 0.6349124312400819
decision_type=2 2 2 2 2 2 2 2 2 2 2 2 2
left_child=1 8 12 -4 5 10 9 -8 11 -6 -2 -1 -3
right_child=4 2 3 -5 6 -7 7 -9 -10 -11 -12 -13 -14
leaf_value=-0.037071508538549111 -0.014837771947409586 -0.041949297481148763 0.001584326711268185 -0.017947860426398815 0.013394401120535575 0.033045834274208243 -0.037846505716126598 0.013751048378471936 0.10574452398196214 0.029959572672590667 -0.049783132318866496 -0.0044841876914055185 -0.025365859413409138
leaf_weight=13.609408211508702 3.2873240018379857 4.2880938018824954 141.75755463080714 21.011878683668328 10.713896094792288 5.8440080560103524 2.6699772691354147 8.7665843728464079 0.11957973966491486 25.494529403978959 3.2872280861483887 1.8141556229893474 2.9600973571141367
leaf_count=17872 341 2915 33714 6523 149 104 299 487 52 179 487 795 1138
internal_value=-1.7697e-09 -0.00489062 -0.00239679 -0.00093708 0.0151091 -0.00155452 0.0194525 0.00170509 -0.0321693 0.025058 -0.0323102 -0.0332385 -0.0351768
internal_weight=245.624 185.561 170.018 162.769 60.0635 12.4186 47.645 11.4366 15.5431 36.2084 6.57455 15.4236 7.24819
internal_count=65055 63009 44290 40237 2046 932 1114 786 18719 328 828 18667 4053
is_linear=0
shrinkage=0.04


Tree=44
num_leaves=12
num_cat=0
split_feature=14 14 7 7 15 0 20 18 13 6 7
split_gain=10.9016 7.36441 5.10815 11.3575 3.57868 2.47999 2.94202 6.06056 3.52444 1.34925 1.06172
threshold=0.1335747689008713 0.020570453256368641 -0.31706994771957392 -0.0060545338783413163 33.417839050292976 0.34358438849449163 0.75809822361546508 0.088468365371227278 1.4064165949821474 0.18884004652500155 0.18031323701143268
decision_type=2 2 2 2 2 2 2 2 2 2 2
left_child=1 9 4 -4 -3 6 7 -2 -8 10 -1
right_child=5 2 3 -5 -6 -7 8 -9 -10 -11 -12
leaf_value=-0.036771035279306877 0.015519052980394347 -0.011860125984765038 -0.040916169595603326 -0.0015851103955552537 0.026837392603389274 -0.013781770540411121 0.029679983241856042 -0.039457534706939149 -0.0073130268241731232 0.093582029169023986 -0.0041527251633298413
leaf_weight=13.092014731584635 17.754736933537064 5.1853459694539223 12.854921397018186 136.31186347414405 14.56021835724823 4.4974738236051044 29.145327188598458 3.9159308133530422 4.7992363980738437 0.13640979590127322 1.8183958075969719
leaf_count=17872 622 187 10023 33815 265 193 282 523 426 52 795
internal_value=-1.35639e-09 -0.00483247 -0.00244378 -0.00497459 0.0166751 0.0147885 0.0170989 0.00558468 0.0244497 -0.0316474 -0.0327931
internal_weight=244.072 183.959 168.912 149.167 19.7456 60.1127 55.6152 21.6707 33.9446 15.0468 14.9104
internal_count=65055 63009 44290 43838 452 2046 1853 1145 708 18719 18667
is_linear=0
shrinkage=0.04


Tree=45
num_leaves=14
num_cat=0
split_feature=14 14 18 13 18 3 13 10 20 7 18 3 12
split_gain=9.99069 6.98277 4.80731 4.37966 2.37449 3.63934 3.18161 4.01857 2.33243 1.32206 1.10643 0.580293 0.299015
threshold=0.1335747689008713 0.020570453256368641 -0.074589297175407396 0.83899512887001049 -0.024776275269687172 0.36452658474445349 1.4064165949821474 0.28336048126220709 0.76631205673758884 0.18031323701143268 0.060844181105494506 0.16875217854976657 0.6349124312400819
decision_type=2 2 2 2 2 2 2 2 2 2 2 2 2
left_child=1 9 12 -4 5 -2 8 -8 -6 11 -11 -1 -3
right_child=4 2 3 -5 6 -7 7 -9 -10 10 -12 -13 -14
leaf_value=-0.036562784968715505 0.016421130335784719 -0.041509258005214662 0.005681447434443169 -0.0074837950214133864 0.0083335308026859893 -0.036859563872968265 0.030198824721677699 -0.021167667788004992 0.029007452951154131 -0.013226502603347415 0.07075452880452511 0.068871106817719213 -0.024812182956126749
leaf_weight=12.584731503226063 5.0166030282562115 4.147221607669052 80.707619978682487 81.012590342266776 12.699994317808885 3.4699707319959998 3.8647390700061788 6.5956998731126077 27.941261734464206 1.6606778804853082 0.29569824645295728 0.084081113047432932 2.9273524596137577
leaf_count=17793 173 2915 15020 25217 325 189 220 905 234 698 144 84 1138
internal_value=-1.44729e-09 -0.00462279 -0.00232547 -0.000913587 0.0142295 -0.00536416 0.0174835 -0.00218968 0.0225471 -0.031137 -0.000533113 -0.035863 -0.0346003
internal_weight=243.008 183.42 168.795 161.72 59.5883 8.48657 51.1017 10.4604 40.6413 14.6252 1.95638 12.6688 7.07457
internal_count=65055 63009 44290 40237 2046 362 1684 1125 559 18719 842 17877 4053
is_linear=0
shrinkage=0.04


Tree=46
num_leaves=15
num_cat=0
split_feature=14 8 14 22 18 13 7 7 23 12 18 6 7 22
split_gain=9.55042 8.05662 4.96026 3.28689 8.85913 4.25445 3.16227 3.62642 2.79201 5.62701 2.31492 7.40796 5.28208 1.57936
threshold=0.04408500716090203 -0.60278719663619984 0.1335747689008713 0.061814030632376678 0.069607369601726546 0.83899512887001049 0.18031323701143268 0.22264990210533145 1.0000000180025095e-35 0.20895068347454074 0.12808387726545337 0.82335397601127636 2.0031316280364995 -0.062189629301428788
decision_type=2 2 2 2 2 2 2 2 2 2 2 2 2 2
left_child=1 8 3 5 -5 -2 13 -8 9 -1 12 -12 -4 -3
right_child=2 6 10 4 -6 -7 7 -9 -10 -11 11 -13 -14 -15
leaf_value=-0.054618913549418203 0.014577435176847668 -0.012915104365996322 0.022336643652650704 -0.022173262865701659 0.0086104626964107443 -0.0055314987030481988 0.023721961006257175 -0.02038022170175207 0.03467555009420184 0.035679634949781776 -0.050458163526376706 0.01793960470512097 -0.02274006376996026 -0.035334557554556306
leaf_weight=2.1076862028276064 38.608169307313801 6.5027269235506528 42.193540312960977 30.394640784354124 29.451573581551202 29.84840651221748 4.2578000221983521 9.9649932764514215 5.9251048958394676 2.3190875973086804 3.540660962869878 8.9074919889681023 4.6141534197377032 22.160587905542346
leaf_count=340 3783 4720 1069 5973 2614 9903 1341 4922 63 28 520 313 144 29322
internal_value=4.74573e-10 -0.0149522 0.00424413 -0.000176575 -0.00702395 0.00580955 -0.0225971 -0.00717759 0.0167198 -0.00731353 0.013816 -0.00151495 0.0178931 -0.0302483
internal_weight=240.797 53.238 187.559 128.303 59.8462 68.4566 42.8861 14.2228 10.3519 4.42677 59.2558 12.4482 46.8077 28.6633
internal_count=65055 40736 24319 22273 8587 13686 40305 6263 431 368 2046 833 1213 34042
is_linear=0
shrinkage=0.04


Tree=47
num_leaves=14
num_cat=0
split_feature=14 14 7 7 15 18 3 0 21 8 7 18 6
split_gain=8.78489 6.29724 4.51926 10.6099 3.89594 2.43685 2.9574 2.63312 2.82664 1.36526 1.35529 1.03701 0.604606
threshold=0.1335747689008713 0.020570453256368641 -0.31706994771957392 -0.0060545338783413163 33.417839050292976 -0.024776275269687172 0.46934300661087042 0.34358438849449163 0.80600358422939078 -0.19453829526901242 0.18031323701143268 0.060844181105494506 0.10925443843007089
decision_type=2 2 2 2 2 2 2 2 2 2 2 2 2
left_child=1 10 4 -4 -3 6 9 8 -7 -2 12 -12 -1
right_child=5 2 3 -5 -6 7 -8 -9 -10 -11 11 -13 -14
leaf_value=-0.035983590941470002 -0.010860626484996916 -0.016873297428570421 -0.040472754579261173 -0.0013980547461784599 0.025678643827715741 -0.0015582668234287791 -0.043792198945279887 -0.015908363508732502 0.023812555293053834 0.028626052279295024 -0.012415025910350173 0.065695850394170377 0.085312942782939966
leaf_weight=11.858966551902991 2.7902632631594315 4.4684955077245858 12.107715969184936 136.06026771554025 14.995929502765646 8.5892822405730822 2.4403198019135743 3.6858057139907023 38.610422783764079 2.8137805864680541 1.6508693305295299 0.32557441090466444 0.066116526664701136
leaf_count=17808 176 187 10023 33815 265 691 160 173 820 26 698 144 69
internal_value=1.97085e-11 -0.00435604 -0.00221064 -0.00459109 0.0159099 0.0134188 -0.00703891 0.0166529 0.0191956 0.00896557 -0.0302265 0.000451975 -0.0353111
internal_weight=240.464 181.534 167.632 148.168 19.4644 58.9299 8.04436 50.8855 47.1997 5.60404 13.9015 1.97644 11.9251
internal_count=65055 63009 44290 43838 452 2046 362 1684 1511 202 18719 842 17877
is_linear=0
shrinkage=0.04


Tree=48
num_leaves=15
num_cat=0
split_feature=14 14 18 8 20 13 18 18 8 7 18 1 6 12
split_gain=8.52965 6.04768 4.54327 4.29193 2.23469 4.65965 2.92516 2.68406 2.37098 1.33158 0.949872 0.939858 0.638598 0.311168
threshold=0.1335747689008713 0.020570453256368641 -0.074589297175407396 -0.2346771955490112 0.09449404761904763 2.0429792404174809 -0.02840572968125343 0.12808387726545337 -0.19453829526901242 0.18031323701143268 0.060844181105494506 -0.18515487015247342 0.11707579717040063 0.6349124312400819
decision_type=2 2 2 2 2 2 2 2 2 2 2 2 2 2
left_child=1 9 13 -4 5 11 8 -8 -6 12 -11 -2 -1 -3
right_child=4 2 3 -5 6 -7 7 -9 -10 10 -12 -13 -14 -15
leaf_value=-0.035847985001808753 -0.074015501599533573 -0.041097404236213428 0.00596967609863367 -0.0071232182517271449 -0.046070824696054918 0.040730068465866312 0.02359858627741104 0.0015436004332998149 0.0079706237478404766 -0.012550138428857808 0.059796592203501808 -0.02597164752865001 0.089243412197432315 -0.023912341714093982
leaf_weight=11.544523542175735 1.1648816038214134 4.0389898287867245 76.895266241564968 83.623006602811074 2.0704973027750384 1.5210656772833315 37.797564650420099 11.519445670244748 3.4858663591439827 1.6535813468217377 0.35221565602114413 1.4782147710793645 0.065668333671056511 2.8935573604685487
leaf_count=17819 130 2915 12132 28105 192 22 735 742 75 698 144 150 58 1138
internal_value=8.00208e-11 -0.00430497 -0.00222041 -0.00085115 0.0132033 -0.0150469 0.0153471 0.018447 -0.0121671 -0.0299412 0.000153865 -0.0471458 -0.0351405 -0.0339246
internal_weight=240.104 181.067 167.451 160.518 59.0375 4.16416 54.8734 49.317 5.55636 13.616 2.0058 2.6431 11.6102 6.93255
internal_count=65055 63009 44290 40237 2046 302 1744 1477 267 18719 842 280 17877 4053
is_linear=0
shrinkage=0.04


Tree=49
num_leaves=15
num_cat=0
split_feature=14 14 18 8 13 15 12 8 5 7 18 3 8 12
split_gain=8.61363 5.62246 4.27384 3.98282 2.16089 3.77733 5.43801 1.667 2.06057 1.3202 0.859285 0.595289 0.575453 0.283438
threshold=0.1335747689008713 0.020570453256368641 -0.074589297175407396 -0.2346771955490112 1.2000194787979128 82.527378082275405 0.71925079822540294 -0.082930888980627046 0.13909674435853961 0.18031323701143268 0.060844181105494506 0.19389360398054126 -0.080327015370130525 0.6349124312400819
decision_type=2 2 2 2 2 2 2 2 2 2 2 2 2 2
left_child=1 9 13 -4 7 6 -6 8 -2 11 -11 -1 -7 -3
right_child=4 2 3 -5 5 12 -8 -9 -10 10 -12 -13 -14 -15
leaf_value=-0.035452788692013501 0.023251176184054763 -0.040548519738420538 0.0054296632445038117 -0.0071845306188713341 0.014488479089563378 0.038426682177794068 -0.025348220441789329 0.036844803202228549 -0.0050337882647177121 -0.012104662290139625 0.054961043808996121 0.087935260959541892 0.017991918581782011 -0.023946264179301121
leaf_weight=11.181776970694042 14.439191607030812 3.9005686274176687 78.026271004175214 82.282630061508826 12.646734759531688 4.3786097512347624 9.6785983379231748 7.9046497810631982 5.7667693274561307 1.6468457170631148 0.3753393071820027 0.062912725421484406 4.4414730388671142 2.8455929698429827
leaf_count=17832 272 2915 12132 28105 745 86 694 50 84 698 144 45 115 1138
internal_value=-7.19454e-10 -0.00434782 -0.00235736 -0.00104489 0.0132308 0.005974 -0.00278174 0.0212711 0.0151787 -0.0294115 0.000343455 -0.0347624 0.0281365 -0.0335455
internal_weight=239.578 180.322 167.055 160.309 59.256 31.1454 22.3253 28.1106 20.206 13.2669 2.02219 11.2447 8.82008 6.74616
internal_count=65055 63009 44290 40237 2046 1640 1439 406 356 18719 842 17877 201 4053
is_linear=0
shrinkage=0.04


Tree=50
num_leaves=15
num_cat=0
split_feature=14 8 9 7 0 19 18 21 16 13 12 3 22 8
split_gain=8.3093 10.1743 3.41577 2.97081 2.95057 3.27935 3.19084 2.72669 2.05766 1.52605 1.36057 0.64643 0.10914 0.104951
threshold=0.083901129662990584 -0.36766850948333735 12.500000000000002 0.16404709219932559 0.17908172309398654 0.15075757575757578 -0.0022507969988510008 0.031754032258064523 0.17376207729468601 0.36087131500244146 0.27330306172370916 0.48594939708709722 0.42660161852836614 -0.71726045012474049
decision_type=2 2 2 2 2 2 2 2 2 2 2 2 2 2
left_child=1 7 12 11 5 -4 -6 10 -9 -5 -1 -3 13 -2
right_child=2 3 4 9 6 -7 -8 8 -10 -11 -12 -13 -14 -15
leaf_value=0.009053489342687758 -0.055071446661306089 -0.03113137165816126 -0.004236101045681194 0.01254977896667292 0.016264418570106663 0.013699470425928647 -0.021338130622476692 -0.036394823167401447 0.0031206965997697496 -0.014707150672014769 0.041218178521587233 0.029431833782992207 -0.064252477283153364 -0.033344045888280667
leaf_weight=4.0059007057861873 0.48709748580586176 22.464399932607197 20.06061280144786 3.629356284687673 5.5630993635859349 87.261475756422442 10.288134564994831 2.2212932484690091 41.496516264240199 34.791902661316271 4.4323322359705344 0.28556832519825448 0.32906054437626142 1.3186659736820721
leaf_count=155 104 35866 1407 1108 166 4627 754 810 3562 15683 92 101 93 527
internal_value=1.98943e-10 -0.00784869 0.00709827 -0.0189155 0.0079677 0.010347 -0.00814126 0.00513104 0.00111292 -0.0121324 0.0259486 -0.0303712 -0.0430657 -0.0392049
internal_weight=238.635 113.327 125.308 61.1712 123.173 107.322 15.8512 52.156 43.7178 38.4213 8.43823 22.75 2.13482 1.80576
internal_count=65055 57377 7678 52758 6954 6034 920 4619 4372 16791 247 35967 724 631
is_linear=0
shrinkage=0.04


Tree=51
num_leaves=14
num_cat=0
split_feature=14 14 18 19 18 3 0 21 7 6 18 3 12
split_gain=8.39652 4.97517 3.81673 3.60803 2.23799 2.67195 2.51488 2.5511 1.31432 1.16455 0.772983 0.686074 0.271323
threshold=0.1335747689008713 0.020570453256368641 -0.074589297175407396 0.91445993031358896 -0.023678756318986412 0.46934300661087042 0.34358438849449163 0.80600358422939078 0.18031323701143268 0.40989618003368383 0.060844181105494506 0.21288745105266574 0.6349124312400819
decision_type=2 2 2 2 2 2 2 2 2 2 2 2 2
left_child=1 8 12 -4 5 9 7 -6 11 -2 -10 -1 -3
right_child=4 2 3 -5 6 -7 -8 -9 10 -11 -12 -13 -14
leaf_value=-0.034985079662688615 -0.0094771678431739247 -0.039697098895480114 0.0010112473707693343 -0.017102875887401805 -0.0011456476680048653 -0.044148957851296612 -0.015914536060835108 0.022806653740170036 -0.011389932950622895 0.026510134795232315 0.050369023623472953 0.10090582940827407 -0.023172878364284107
leaf_weight=10.521943150535659 3.0329996850050511 3.6917964076492344 139.39816369854088 20.134898887947202 8.6858142387936805 2.2077723079128191 3.6621237699873737 39.331178186926991 1.6444641251364367 2.7371046387124807 0.40389855462126423 0.05978207508451383 2.7924661138276861
leaf_count=17844 174 2915 33714 6523 687 160 173 819 698 33 144 33 1138
internal_value=-6.58146e-10 -0.00433886 -0.0024977 -0.00127496 0.0129931 -0.00672536 0.0160371 0.0184739 -0.0285402 0.00759376 0.000787771 -0.0342174 -0.0325809
internal_weight=238.304 178.647 166.017 159.533 59.657 7.97788 51.6791 48.017 12.6301 5.7701 2.04836 10.5817 6.48426
internal_count=65055 63009 44290 40237 2046 367 1679 1506 18719 207 842 17877 4053
is_linear=0
shrinkage=0.04


Tree=52
num_leaves=15
num_cat=0
split_feature=14 8 9 7 2 11 9 15 15 20 18 3 22 8
split_gain=7.91513 9.39257 3.1212 2.73273 2.64517 4.67515 3.4176 2.4254 4.58564 1.98227 1.38317 0.945529 0.108963 0.0938114
threshold=0.083901129662990584 -0.36766850948333735 12.500000000000002 0.056346278637647636 -0.040211467072367661 0.16270761936903003 18.500000000000004 85.724609375000014 82.527378082275405 0.97014260249554385 -0.051307037472724908 0.48594939708709722 0.42660161852836614 -0.71726045012474049
decision_type=2 2 2 2 2 2 2 2 2 2 2 2 2 2
left_child=1 4 12 11 5 -1 -6 8 -4 -9 -5 -3 13 -2
right_child=2 3 7 10 6 -7 -8 9 -10 -11 -12 -13 -14 -15
leaf_value=0.01432797412517252 -0.053687731751054159 -0.034036911536995625 0.0060278108032155676 -0.030568638062917996 -0.031466243069189208 -0.036511863355968725 0.0084006543209942958 -0.0038824874836437791 0.031199451486626232 -0.063285737368695444 -0.010519127256912593 0.052437475640672686 -0.063732872182773154 -0.032567934407033178
leaf_weight=34.985063249027007 0.45641376858111482 15.478813739031462 105.90146078004909 6.4516530458640764 6.4821398262865824 3.1550518578005713 7.3319699406856671 2.9448935253894879 13.001289123203604 1.2936224676668642 37.536251790475944 0.2049905373714872 0.31364525831304479 1.2809031103824955
leaf_count=2131 104 27706 6373 4440 1487 337 664 218 250 113 20551 61 93 527
internal_value=1.37433e-09 -0.0077444 0.00690519 -0.0185711 0.00469053 0.0101224 -0.0103065 0.00772029 0.00878018 -0.0220127 -0.0134598 -0.0329067 -0.0420338 -0.0381164
internal_weight=236.818 111.626 125.192 59.6717 51.9542 38.1401 13.8141 123.141 118.903 4.23852 43.9879 15.6838 2.05096 1.73732
internal_count=65055 57377 7678 52758 4619 2468 2151 6954 6623 331 24991 27767 724 631
is_linear=0
shrinkage=0.04


Tree=53
num_leaves=15
num_cat=0
split_feature=14 14 19 18 1 21 14 13 10 1 10 7 3 18
split_gain=7.10637 4.37494 3.70996 3.3974 2.41352 2.1767 5.69531 2.39116 5.08734 1.73683 1.40853 1.34221 0.768483 0.727188
threshold=0.1335747689008713 0.020570453256368641 0.91445993031358896 0.18491619080305102 0.39555357396602636 0.80600358422939078 0.22027926892042163 1.4064165949821474 0.28336048126220709 0.078127112239599242 0.25549724698066717 0.18031323701143268 0.25219266116619116 0.060844181105494506
decision_type=2 2 2 2 2 2 2 2 2 2 2 2 2 2
left_child=1 11 3 -3 -4 6 10 9 -9 -7 -2 12 -1 -13
right_child=5 2 4 -5 -6 7 -8 8 -10 -11 -12 13 -14 -15
leaf_value=-0.034244563738297838 -0.010970427867847727 -0.0024895203745697045 -0.01498394537893003 0.015383842451308581 -0.076213936148178354 0.0064805405772797014 0.029060472791270203 0.039364657502330314 -0.022472619301682002 0.025839746377795715 -0.047660845708420684 -0.010109846375600633 0.11443909075643836 0.048469087204047079
leaf_weight=9.8878856591436453 3.7948915691522398 124.2079556955905 19.394566133367338 19.717009106461774 1.0877808445366088 10.221231205156071 5.0113937940041069 3.191453258157706 6.3923012707382441 27.005682764574885 2.995572003768757 1.6247092646663071 0.055934212781722503 0.42848839197540645
leaf_count=17857 341 33991 7350 2791 158 163 104 76 653 222 487 698 20 144
internal_value=-1.02967e-09 -0.00400936 -0.00230772 -4.0958e-05 -0.0182358 0.0120668 -0.00328504 0.0159373 -0.0018804 0.0205244 -0.0271562 -0.0273287 -0.0334082 0.00211518
internal_weight=235.017 176.404 164.407 143.925 20.4823 58.6125 11.8019 46.8107 9.58375 37.2269 6.79046 11.997 9.94382 2.0532
internal_count=65055 63009 44290 36782 7508 2046 932 1114 729 385 828 18719 17877 842
is_linear=0
shrinkage=0.04


Tree=54
num_leaves=15
num_cat=0
split_feature=14 8 7 2 10 16 13 10 8 7 4 22 4 7
split_gain=6.74942 5.70195 5.58989 3.48167 5.85908 4.10841 3.97903 4.6076 3.39887 7.13759 3.36608 2.38488 2.18932 1.4596
threshold=0.10585229471325876 -0.45250815153121943 0.30754214525222784 0.19863430410623553 0.34223610162734991 0.21583850931677021 1.4064165949821474 0.28336048126220709 -0.71726045012474049 0.0081212394870817679 0.21195933222770694 0.061814030632376678 0.99105033278465282 1.3102507591247561
decision_type=2 2 2 2 2 2 2 2 2 2 2 2 2 2
left_child=1 8 -3 4 5 -2 12 -8 9 -1 -10 -4 -5 -6
right_child=3 2 11 6 13 -7 7 -9 10 -11 -12 -13 -14 -15
leaf_value=-0.075979286848936983 -0.032355231749850041 -0.024585741304694621 0.0036042529215916793 0.030856562871718812 -0.029734245084497176 0.011123803471031821 0.039250714100301322 -0.021172011510438009 0.013471877556984884 0.019429649717912584 -0.018826478365366259 -0.013015934481904664 0.012668858635126836 -0.08388914874106064
leaf_weight=2.3821373348473562 4.3143136776052478 33.524346208858333 30.524822292856697 13.829487297683952 1.6912613438325927 17.921664121706272 2.5659668216831042 9.4775442135869508 37.285091867597657 2.6504270457662642 5.9925599369453257 25.232887265854515 45.198892533779144 1.5048192921676671
leaf_count=309 508 45057 7700 178 156 947 119 1354 1818 132 445 5500 702 130
internal_value=3.24182e-10 -0.00568815 -0.0116779 0.00810999 -0.00459105 0.00268783 0.0126549 -0.00829846 0.00538158 -0.0257317 0.0089996 -0.00391713 0.01693 -0.0552321
internal_weight=234.096 137.592 89.2821 96.5039 25.4321 22.236 71.0719 12.0435 48.3102 5.03256 43.2777 55.7577 59.0284 3.19608
internal_count=65055 60961 58257 4094 1741 1455 2353 1473 2704 441 2263 13200 880 286
is_linear=0
shrinkage=0.04


Tree=55
num_leaves=15
num_cat=0
split_feature=14 7 7 15 15 18 18 14 18 4 19 8 12 14
split_gain=6.96752 4.04922 12.4161 4.17601 3.7756 2.62111 1.95777 2.48628 2.39457 6.10192 2.53308 0.868713 0.710585 0.44348
threshold=0.1335747689008713 -0.31706994771957392 -0.0060545338783413163 27.883761405944828 32.812154769897468 -0.023678756318986412 -0.024776275269687172 0.15221097320318225 0.12808387726545337 2.7207884788513188 0.95130420054200548 -0.58000493049621571 0.78716000914573681 0.036758005619049079
decision_type=2 2 2 2 2 2 2 2 2 2 2 2 2 2
left_child=1 4 11 -4 13 -6 7 -2 10 -10 -8 -3 -9 -1
right_child=6 2 3 -5 5 -7 8 12 9 -11 -12 -13 -14 -15
leaf_value=-0.0076133784246078919 -0.045163495628629535 -0.058011340136062364 0.02230805090136638 -0.0040885992147553377 0.034896160522982049 0.00050277194271294693 0.023764841684025782 -0.0062958172265679168 -0.03755399152795201 0.021350032106065248 -0.0055623524894499064 -0.033976834183941519 0.023328749094691022 -0.034542579663319264
leaf_weight=1.8749675442231848 2.017005427973344 2.8841903482098159 10.364502139422255 128.19727530201999 9.7028759818349499 5.5866090238559964 33.308662184572313 2.8616827793885022 4.5145588288432901 7.4692177579272538 5.4887485501239999 14.51782492472921 2.3670431501523126 2.0464002860244364
leaf_count=116 129 394 1831 38888 96 195 694 195 676 157 157 21396 38 93
internal_value=-9.31132e-10 -0.00397935 -0.00611373 -0.00211411 0.0133487 0.0223292 0.0120131 -0.00743769 0.0147884 -0.000840442 0.0196159 -0.0379603 0.00711522 -0.0216666
internal_weight=233.202 175.175 155.964 138.562 19.2109 15.2895 58.0269 7.24573 50.7812 11.9838 38.7974 17.402 5.22873 3.92137
internal_count=65055 63009 62509 40719 500 291 2046 362 1684 833 851 21790 233 209
is_linear=0
shrinkage=0.04


Tree=56
num_leaves=14
num_cat=0
split_feature=14 7 7 15 15 18 18 3 18 4 19 8 17
split_gain=6.47514 3.93214 11.3948 3.76296 2.97108 2.59374 1.82239 2.13767 1.96595 3.50706 1.94158 0.783966 0.634276
threshold=0.1335747689008713 -0.31706994771957392 -0.0060545338783413163 27.883761405944828 33.417839050292976 -0.023678756318986412 -0.024776275269687172 0.36452658474445349 0.079132519662380232 2.1022181510925297 0.93969696969696981 -0.58000493049621571 -0.0074472499545663587
decision_type=2 2 2 2 2 2 2 2 2 2 2 2 2
left_child=1 4 11 -4 12 -6 7 -2 10 -10 -8 -3 -1
right_child=6 2 3 -5 5 -7 8 -9 9 -11 -12 -13 -14
leaf_value=0.0010817730780627716 0.0094370736626869373 -0.057219291074313221 0.021009473163611937 -0.0040448752383710831 0.03534292688087113 0.00063171191842948543 0.024656003995190016 -0.036316754877566158 -0.018392101183656848 0.017548013838427128 -0.0024365792763918971 -0.033407625358032426 -0.029304561515361791
leaf_weight=2.0315098330902401 4.4351819349540156 2.6250399723358013 10.36535150448435 128.45872528251857 9.0000580447303946 5.5797331000212553 26.750368654524213 2.5867212815210223 6.9845991255715516 11.491249664803034 5.0277476553746956 14.068935576789952 2.3947440985066377
leaf_count=104 173 394 1831 38888 88 190 524 189 743 286 131 21396 118
internal_value=-2.28224e-10 -0.00382989 -0.00592884 -0.00217418 0.0133449 0.0220588 0.01167 -0.00741767 0.0143371 0.00396123 0.0203696 -0.0371519 -0.0153582
internal_weight=231.8 174.524 155.518 138.824 19.006 14.5798 57.2759 7.0219 50.254 18.4758 31.7781 16.694 4.42625
internal_count=65055 63009 62509 40719 500 278 2046 362 1684 1029 655 21790 222
is_linear=0
shrinkage=0.04


Tree=57
num_leaves=13
num_cat=0
split_feature=14 7 7 4 18 19 15 12 3 0 3 4
split_gain=6.028 3.71654 10.3602 3.69156 2.6487 6.51247 2.0629 1.701 2.86193 4.4164 2.83037 1.07386
threshold=0.1335747689008713 -0.31706994771957392 0.0064742581453174361 -0.079771697521209703 -0.023678756318986412 0.7963966836734695 36.664527893066413 0.95148062705993663 1.3345883488655093 0.0030951768858358268 0.93415564298629772 0.10673123970627786
decision_type=2 2 2 2 2 2 2 2 2 2 2 2
left_child=1 4 11 -4 6 -6 -1 8 10 -10 -2 -3
right_child=7 2 3 -5 5 -7 -8 -9 9 -11 -12 -13
leaf_value=0.0058814094940336419 0.0057895112928064716 -0.037289214238308749 0.018355816568949492 -0.0041992851157862171 -0.053719696717064176 0.027350980536309067 0.038466042397625792 0.026883490475185904 0.0092723752480744354 -0.056335679626495772 0.029372550125224186 0.006835711356839416
leaf_weight=5.6890018421108852 29.72523511905456 16.398168011699457 12.809715559986214 123.98658085718489 2.8020669436373273 3.6512645911425352 6.8537673867831472 9.3235554612474498 4.3581125654745838 2.6336906246142462 11.214618001540655 0.93265843208791821
leaf_count=153 1301 22938 2317 36357 204 75 68 178 124 156 287 897
internal_value=1.65142e-10 -0.00372097 -0.00577849 -0.00208721 0.012973 -0.00785029 0.0236867 0.0112511 0.00821035 -0.015441 0.0122496 -0.0349146
internal_weight=230.378 173.123 154.127 136.796 18.9961 6.45333 12.5428 57.2552 47.9317 6.9918 40.9399 17.3308
internal_count=65055 63009 62509 38674 500 279 221 2046 1868 280 1588 23835
is_linear=0
shrinkage=0.04


Tree=58
num_leaves=15
num_cat=0
split_feature=7 8 4 9 8 18 12 8 2 9 18 13 7 2
split_gain=5.38524 10.6735 4.09053 3.93963 3.7854 6.5976 3.74506 4.04068 3.79097 2.89455 2.67021 2.08883 1.00647 0.393731
threshold=0.7592015564441682 -0.46841265261173243 0.23330856859683993 18.500000000000004 -0.40680709481239313 0.07697670161724092 0.71925079822540294 -0.20120422542095182 -0.061125785112380975 26.500000000000004 0.037961240857839591 0.54258248209953319 -0.019262592308223244 0.074298955500125899
decision_type=2 2 2 2 2 2 2 2 2 2 2 2 2 2
left_child=1 2 3 -1 5 13 8 -8 -6 12 -11 -4 -3 -2
right_child=4 9 11 -5 6 -7 7 -9 -10 10 -12 -13 -14 -15
leaf_value=0.0025724315512646529 -0.060086709041705419 -0.035608628652905705 -0.06431113215794855 0.027639982507755581 -0.016693739635698802 0.030398271751803336 -0.037703619562356086 0.0044933571062254372 0.023482928436785962 -0.016759338665432527 0.012605872589430392 -0.0080442924081626545 -0.020537871278524897 -0.093155658634560046
leaf_weight=29.602717337344075 1.1922114977787712 9.283106933695306 1.6728201489895571 15.172530317970084 4.3070021658786564 1.5618720243219284 3.805857219384051 78.971738966705743 29.464058058802038 13.203937469064842 7.9300707279398912 2.861275177448988 30.012701140803983 1.1146942221093921
leaf_count=1779 135 17308 161 454 406 40 271 4504 941 9984 3833 247 24914 78
internal_value=6.17996e-10 -0.00640936 0.00740066 0.0110668 0.005841 -0.0330848 0.00713312 0.00255327 0.018359 -0.017678 -0.00574069 -0.0288035 -0.0240981 -0.0760656
internal_weight=230.157 109.739 49.3093 44.7752 120.417 3.86878 116.549 82.7776 33.7711 60.4298 21.134 4.5341 39.2958 2.30691
internal_count=65055 58680 2641 2233 6375 253 6122 4775 1347 56039 13817 408 42222 213
is_linear=0
shrinkage=0.04


Tree=59
num_leaves=15
num_cat=0
split_feature=14 7 7 15 15 11 20 13 18 18 22 4 16 1
split_gain=6.27758 3.84271 9.40096 3.25066 2.58617 2.22335 2.0599 3.91802 2.30328 2.29009 1.59454 0.763794 0.700043 0.661197
threshold=0.1335747689008713 -0.31706994771957392 -0.0060545338783413163 27.883761405944828 33.417839050292976 0.070715710520744338 0.09449404761904763 2.0429792404174809 -0.02840572968125343 0.083668190985918059 0.27949236333370214 0.10673123970627786 0.22086720867208673 -0.18515487015247342
decision_type=2 2 2 2 2 2 2 2 2 2 2 2 2 2
left_child=1 4 11 -4 12 -6 7 13 10 -10 -8 -3 -1 -2
right_child=6 2 3 -5 5 -7 8 -9 9 -11 -12 -13 -14 -15
leaf_value=0.0041912085046620119 -0.070220463645373155 -0.037592431107796372 0.019009319103995274 -0.0043472288459606512 0.033707285642134592 0.0012893714549287976 -0.039072233311756292 0.038503475531074589 0.022277782645247515 0.0040260675358737529 0.007015135804335354 0.0041333440411291909 -0.028525473550233129 -0.028952296635591054
leaf_weight=1.8714089757413628 1.0246897014731078 14.625879136448926 10.300326470938669 128.14207167843415 8.9360413727263204 5.4491372379707164 2.0971254215401123 1.3634717093082147 32.313619667082094 16.675503232050687 2.8113449346274137 0.73730450283801552 2.3737091855145991 1.5774771469441464
leaf_count=84 130 21072 1831 38888 104 174 197 22 594 883 70 718 138 150
internal_value=5.52239e-10 -0.00382558 -0.00590379 -0.00260947 0.0133314 0.0214273 0.0114005 -0.0164229 0.0134476 0.016065 -0.0126755 -0.0355899 -0.0141027 -0.045203
internal_weight=230.299 172.436 153.806 138.442 18.6303 14.3852 57.8632 3.96564 53.8976 48.9891 4.90847 15.3632 4.24512 2.60217
internal_count=65055 63009 62509 40719 500 278 2046 302 1744 1477 267 21790 222 280
is_linear=0
shrinkage=0.04


Tree=60
num_leaves=15
num_cat=0
split_feature=14 7 7 18 18 18 13 0 3 8 3 4 15 4
split_gain=5.74719 3.64684 8.71578 5.03901 4.19834 2.97938 1.70305 3.37435 3.26565 1.95756 2.93118 1.95228 1.407 0.737994
threshold=0.1335747689008713 -0.31706994771957392 -0.0060545338783413163 -0.0201328732073307 -0.014390099328011273 -0.074589297175407396 1.2000194787979128 0.10124255716800691 0.93415564298629772 -0.14479489624500272 0.327068641781807 1.7761802673339846 36.664527893066413 0.10673123970627786
decision_type=2 2 2 2 2 2 2 2 2 2 2 2 2 2
left_child=1 3 13 12 -5 -4 9 8 -8 10 -2 -9 -1 -3
right_child=6 2 5 4 -6 -7 7 11 -10 -11 -12 -13 -14 -15
leaf_value=0.0093298743215996134 0.022701741392845785 -0.036931954518729514 -0.029975078861990721 0.020738561362838422 -0.065115110510031257 -0.0013138841618719386 -0.0040504742496165376 -0.0053458602587550651 0.024482032468248614 0.028080285586120839 -0.018953476144515955 -0.054150319284180376 0.03419750114080989 0.0039251545416943093
leaf_weight=6.3888158004992901 6.7148304469010345 14.055660737174545 6.070230715606157 1.5882731225283353 2.1382545927190213 131.8540001086767 12.317009604390483 3.5507000027573659 13.401314959046429 14.792153806425629 4.5237833368009888 2.0794481138000265 8.4620696027413924 0.7448396498475639
leaf_count=172 127 21072 3784 36 197 36935 888 238 340 116 163 174 95 718
internal_value=2.44948e-09 -0.00367002 -0.00570553 0.0130639 -0.0285237 -0.0025753 0.0109566 0.00467702 0.0108173 0.018519 0.00593462 -0.0233714 0.0234995 -0.0348758
internal_weight=228.681 171.302 152.725 18.5774 3.72653 137.924 57.3792 31.3485 25.7183 26.0308 11.2386 5.63015 14.8509 14.8005
internal_count=65055 63009 62509 500 233 40719 2046 1640 1228 406 290 412 267 21790
is_linear=0
shrinkage=0.04


Tree=61
num_leaves=15
num_cat=0
split_feature=14 7 7 4 15 11 7 12 21 11 10 4 22 13
split_gain=5.43972 3.9284 8.24715 2.86556 2.29431 2.12337 1.78925 5.67082 2.66203 2.96684 2.57291 0.733561 0.554613 0.366719
threshold=0.1335747689008713 -0.31706994771957392 -0.0060545338783413163 -0.079771697521209703 32.502521514892585 0.070715710520744338 0.8370148539543153 0.075528636574745192 0.80600358422939078 0.41370177268981939 0.30976088345050817 0.10673123970627786 0.26549996435642248 0.67393207550048839
decision_type=2 2 2 2 2 2 2 2 2 2 2 2 2 2
left_child=1 4 11 -4 13 -6 7 -2 9 -8 -10 -3 -9 -1
right_child=6 2 3 -5 5 -7 8 12 10 -11 -12 -13 -14 -15
leaf_value=-0.0023736173794995756 0.029651796300902249 -0.03677305084577441 0.015187213490950389 -0.004548847677524788 0.032384513421368999 0.0009646385841497471 0.02508729674422077 -0.031483571293385859 0.038000090818213865 -0.033060249075902055 0.012469756333595797 0.0038147361463629448 -0.069551871293219214 -0.028560112981005203
leaf_weight=1.7021854223712609 3.6703533846884957 13.516104575533969 12.997324039599333 124.74300120173939 9.3379298741492658 5.4499439828796303 2.2375958360498762 3.566098735871492 7.6897203586995593 3.7683479175320826 35.350788979500066 0.75211425889210737 0.73926419572671864 1.7205336166662162
leaf_count=109 36 21072 2585 38134 112 181 57 537 67 428 783 718 138 98
internal_value=-6.32654e-10 -0.00358197 -0.00568523 -0.00268653 0.0139744 0.020805 0.0106927 -0.00687815 0.01355 -0.0113966 0.0170311 -0.0346336 -0.0380202 -0.0155371
internal_weight=227.241 170.219 152.009 137.74 18.2106 14.7879 57.0222 7.97572 49.0465 6.00594 43.0405 14.2682 4.30536 3.42272
internal_count=65055 63009 62509 40719 500 293 2046 711 1335 485 850 21790 675 207
is_linear=0
shrinkage=0.04


Tree=62
num_leaves=15
num_cat=0
split_feature=14 7 7 15 15 18 1 9 17 15 11 11 4 13
split_gain=4.99029 3.76655 7.64665 2.87881 2.04916 1.82561 1.5509 5.12113 2.78648 1.98662 3.56869 3.09066 0.972486 0.491496
threshold=0.1335747689008713 -0.31706994771957392 0.0064742581453174361 27.883761405944828 33.417839050292976 -0.023678756318986412 0.46124781668186193 23.500000000000004 0.031714230775833137 68.345600128173842 1.7671085596084597 0.42223611474037176 0.10673123970627786 0.67393207550048839
decision_type=2 2 2 2 2 2 2 2 2 2 2 2 2 2
left_child=1 4 12 -4 13 -6 9 -8 -9 11 -11 -2 -3 -1
right_child=6 2 3 -5 5 -7 7 8 -10 10 -12 -13 -14 -15
leaf_value=0.0027950850580458486 0.020345437227698802 -0.035212178053407844 0.01792591568734473 -0.0041609807496365402 0.032359848187201938 0.0025734661269550658 0.027124997156207017 -0.068706914980323483 -0.0037059959575471923 0.027737856973187348 -0.011741508055885726 -0.0090607966923397249 0.0063352873634391791 -0.02503558470054263
leaf_weight=2.0215431082324384 10.632659112074181 14.085098073104742 10.207344971575365 125.92822328866532 8.7015798954817001 5.2959882983705002 3.9109174524201062 2.123517976491712 2.0974614133592695 20.790106502710845 4.4470498998416579 12.373611904360585 0.96302253471003574 2.0397243180195801
leaf_count=115 391 22938 1617 37057 88 190 94 117 85 561 151 647 897 107
internal_value=-9.44413e-12 -0.00343341 -0.0054958 -0.00250492 0.0138323 0.0210902 0.0103073 -0.00585225 -0.0364071 0.0130312 0.0207812 0.00452969 -0.0325533 -0.0111825
internal_weight=225.618 169.243 151.184 136.136 18.0588 13.9976 56.3753 8.1319 4.22098 48.2434 25.2372 23.0063 15.0481 4.06127
internal_count=65055 63009 62509 38674 500 278 2046 296 202 1750 712 1038 23835 222
is_linear=0
shrinkage=0.04


Tree=63
num_leaves=15
num_cat=0
split_feature=7 8 9 15 4 8 21 13 12 12 0 7 4 4
split_gain=4.65216 7.73233 3.39568 3.36299 3.09654 3.37087 3.07336 2.71498 2.53983 2.45768 1.56684 1.45899 2.99801 1.03871
threshold=0.81895685195922863 -0.55942872166633595 25.500000000000004 85.724609375000014 0.23866481333971026 -0.71726045012474049 0.30116279069767443 0.32039673626422888 0.29984055459499365 0.71925079822540294 1.0000000180025095e-35 2.0031316280364995 1.918610751628876 0.62860798835754406
decision_type=2 2 2 2 2 2 2 2 2 2 2 2 2 2
left_child=1 4 7 6 5 -1 10 -3 -4 -8 -2 12 -5 -6
right_child=3 2 8 11 13 -7 9 -9 -10 -11 -12 -13 -14 -15
leaf_value=-0.018974934602184274 -0.007284758638396378 0.010806903711034172 0.032839992372626921 -0.054654994535222302 -0.053842135418057477 0.018372697024380255 0.018734607687150316 -0.022920526594173051 -0.0063744784747369323 0.004890861853894867 -0.052348673284143485 -0.069875586583449154 0.026341699941205169 -0.0073150548193907676
leaf_weight=4.4761613435402969 4.0335010397539 4.2083887760218195 2.8993407463367467 1.5112921741674648 1.4134305086918169 28.396741991178715 28.698935564549174 41.24450243928186 29.843308174489721 71.97998287268274 1.7789507720153777 1.0793278962373731 1.4164639908121897 1.6805164139950646
leaf_count=452 378 2783 1083 303 120 794 923 38060 16053 3629 247 80 50 100
internal_value=-8.34528e-10 -0.00566292 -0.0127231 0.00585069 0.00968655 0.0132872 0.00720433 -0.0197978 -0.00290206 0.00883708 -0.021077 -0.0301232 -0.0154684 -0.0285704
internal_weight=224.661 114.162 78.1955 110.498 35.9669 32.8729 106.491 45.4529 32.7426 100.679 5.81245 4.00708 2.92776 3.09395
internal_count=65055 59445 57979 5610 1466 1246 5177 40843 17136 4552 625 433 353 220
is_linear=0
shrinkage=0.04


Tree=64
num_leaves=12
num_cat=0
split_feature=18 7 2 8 15 15 14 13 7 7 12
split_gain=4.31381 3.93402 7.05161 3.38193 2.96208 2.58899 2.43416 1.31089 1.21186 0.447764 0.528238
threshold=-0.074589297175407396 0.81895685195922863 -0.039391063153743737 -0.58000493049621571 83.218982696533217 85.724609375000014 0.1335747689008713 2.0429792404174809 2.0031316280364995 1.4553748369216921 0.68865787982940685
decision_type=2 2 2 2 2 2 2 2 2 2 2
left_child=7 2 3 -2 -4 6 -3 9 -7 10 -1
right_child=1 5 4 -5 -6 8 -8 -9 -10 -11 -12
leaf_value=-0.03682108207545981 0.017401990880463167 0.0021735406166882216 -0.015941780588761497 -0.0035634828001110024 0.023822551446218806 -0.013204851308480639 0.014478780101720039 0.040069778188679274 -0.066075045684456907 -0.064464548988689349 -0.013181737550550352
leaf_weight=4.8682302019496984 24.337143976852531 57.837379460979719 54.970772997941822 24.911567892557287 3.170152027218136 2.7966841021552677 46.320253549667541 0.42150169784144953 0.92247045622207213 0.63812842254992563 2.194095519320399
leaf_count=4393 599 3569 39233 13403 1316 350 1147 4 74 117 850
internal_value=-7.66903e-10 0.0010797 -0.00433997 0.00679699 -0.0137736 0.00647489 0.00764584 -0.0286166 -0.0263184 -0.0323763 -0.0294769
internal_weight=223.388 215.266 107.39 49.2487 58.1409 107.877 104.158 8.12196 3.71915 7.70045 7.06233
internal_count=65055 59691 54551 14002 40549 5140 4716 5364 424 5360 5243
is_linear=0
shrinkage=0.04


Tree=65
num_leaves=15
num_cat=0
split_feature=14 8 18 15 11 13 13 17 14 23 3 17 22 12
split_gain=4.13262 4.16453 3.14425 3.39945 2.53351 2.51659 2.2531 2.36337 2.34627 1.83583 4.18533 1.67833 1.02196 0.468621
threshold=0.04408500716090203 -0.60278719663619984 -0.02840572968125343 69.603527069091811 0.015389937907457353 0.36087131500244146 1.7908816337585451 -0.052051123231649392 0.1335747689008713 1.0000000180025095e-35 -0.016482841223478314 -0.0047504596877843133 -0.060855776071548455 0.79462212324142467
decision_type=2 2 2 2 2 2 2 2 2 2 2 2 2 2
left_child=1 9 3 4 -2 11 8 -8 -4 10 -1 -3 -7 -5
right_child=2 5 6 13 -6 12 7 -9 -10 -11 -12 -13 -14 -15
leaf_value=-0.057260952810036694 0.027744506531835033 -0.023011583571283606 0.0024383570011274527 -0.025443906916516882 -0.0097470663383750367 -0.0094268793641782579 0.046777485243033524 -0.035401805493979581 0.01335965000409382 0.030400274854250637 0.030844316652966379 0.015662077707471581 -0.026884707623769433 -0.068749501253812045
leaf_weight=1.5286401359335289 3.2665815088985317 2.6822803013819794 96.541428080123296 0.53418492589844335 24.614319482228893 7.2136631829052922 0.65866731223650266 3.7348816716839783 46.698198844096623 4.8767965114675462 1.9801493795239347 5.4302205318272154 20.935276524194709 1.5893760493199804
leaf_count=279 308 2461 15387 106 5409 5166 38 1496 1275 63 89 2905 29773 300
internal_value=-6.92148e-10 -0.010879 0.0027343 -0.00907026 -0.00535448 -0.0167538 0.00513342 -0.0230817 0.00599886 0.014525 -0.00753965 0.00287519 -0.0224108 -0.0578559
internal_weight=222.285 44.647 177.638 30.0045 27.8809 36.2614 147.633 4.39355 143.24 8.38559 3.50879 8.1125 28.1489 2.12356
internal_count=65055 40736 24319 6123 5717 40305 18196 1534 16662 431 368 5366 34939 406
is_linear=0
shrinkage=0.04


Tree=66
num_leaves=13
num_cat=0
split_feature=18 14 8 15 11 20 1 13 13 12 15 4
split_gain=3.8699 3.52793 3.59512 5.43155 3.15683 2.18185 1.72969 1.34723 1.17086 0.345028 0.555087 0.177664
threshold=-0.074589297175407396 0.1335747689008713 -0.2346771955490112 76.415218353271499 0.15830259025096896 0.09449404761904763 0.46124781668186193 1.7229126095771792 2.0429792404174809 0.68865787982940685 65.852111816406264 1.461459279060364
decision_type=2 2 2 2 2 2 2 2 2 2 2 2
left_child=8 2 3 -2 -4 7 -7 -3 9 11 -11 -1
right_child=1 5 4 -5 -6 6 -8 -9 -10 10 -12 -13
leaf_value=-0.035076425057841046 0.0010281080199418017 -0.043518070610939236 -0.0248220909754748 0.039607968886566473 -0.00419787119229379 0.014848962272780998 -0.0057134847571340972 0.010807117838342322 0.039315467094080431 -0.0062422898976934307 -0.046747377116983756 -0.060793072557433291
leaf_weight=4.3824776361107061 69.877294859976246 1.9161878211598371 14.389639782843004 6.3711478813202111 67.937131376405887 43.625672852213029 7.7008436588512259 1.1802868016529826 0.39475588468485501 1.6835718572874614 0.79787617319379922 0.47656372902565625
leaf_count=4344 15301 175 25759 289 16433 1353 287 94 4 689 243 84
internal_value=3.27282e-11 0.00100931 -0.00200651 0.00425175 -0.00780271 0.00979667 0.0117638 -0.0228109 -0.0277924 -0.0314014 -0.0192662 -0.0375987
internal_weight=220.733 212.998 158.575 76.2484 82.3268 54.423 51.3265 3.09647 7.73525 7.34049 2.48145 4.85904
internal_count=65055 59691 57782 15590 42192 1909 1640 269 5364 5360 932 4428
is_linear=0
shrinkage=0.04


Tree=67
num_leaves=15
num_cat=0
split_feature=14 8 15 2 3 21 4 9 3 10 21 22 15 7
split_gain=3.73602 3.03217 5.70335 4.24065 3.18441 2.8556 1.76165 5.07682 2.92266 2.48879 2.28975 1.78264 1.65072 1.53829
threshold=0.1335747689008713 -0.2346771955490112 76.415218353271499 0.060601538047194488 0.25820317864418035 0.67928571428571438 1.5442107915878298 23.500000000000004 1.3345883488655093 0.54693749547004711 0.96824596774193561 0.64713233709335338 68.345600128173842 0.13115029036998752
decision_type=2 2 2 2 2 2 2 2 2 2 2 2 2 2
left_child=1 2 3 -1 13 -6 7 12 11 -9 -10 -8 -2 -3
right_child=6 4 -4 -5 5 -7 8 9 10 -11 -12 -13 -14 -15
leaf_value=0.0030579762258962223 -0.0016136025105771396 -0.029568700152909903 0.038617683985148824 -0.025762921010204352 0.012363269796043644 -0.0084522367785235426 0.015681146452642486 -0.008339626033461096 0.011649002729352638 -0.052725404003931796 -0.028322019585331742 0.040648155424483627 0.030149475350522363 -0.011780377847870218
leaf_weight=64.044213703313289 4.1753125679097156 11.064256527377436 6.4484631698869626 9.3625424135934718 15.931647220408193 31.187397946479905 19.024729176744589 7.0805142436875013 5.7430386911146325 2.828766231687041 3.8171924595953897 6.024590824963524 7.018165273591876 26.191031194393872
leaf_count=15233 288 25690 290 2329 3049 4459 489 491 192 179 146 59 202 11959
internal_value=7.90745e-10 -0.00303641 0.00255042 -0.000617937 -0.008324 -0.00141421 0.00895077 -0.000158272 0.0145049 -0.0210103 -0.00431056 0.0216859 0.0183014 -0.0170632
internal_weight=219.942 164.23 79.8552 73.4068 84.3743 47.119 55.7123 21.1028 34.6096 9.90928 9.56023 25.0493 11.1935 37.2553
internal_count=65055 63009 17852 17562 45157 7508 2046 1160 886 670 338 548 490 37649
is_linear=0
shrinkage=0.04


Tree=68
num_leaves=15
num_cat=0
split_feature=7 8 4 17 21 12 18 8 9 18 6 17 7 1
split_gain=3.64592 7.18674 3.75601 3.58893 2.34362 2.82931 4.53732 3.09263 2.06897 2.02468 1.68398 1.63413 0.918908 0.592313
threshold=0.7592015564441682 -0.46841265261173243 0.23330856859683993 -0.0082445638254284841 0.20069444444444448 0.71925079822540294 0.062905870378017439 -0.21052268147468564 26.500000000000004 0.037961240857839591 0.1118610166013241 -0.022515061311423775 -0.019262592308223244 -0.045702649280428879
decision_type=2 2 2 2 2 2 2 2 2 2 2 2 2 2
left_child=1 2 3 -1 11 6 -6 -7 12 -10 -4 -2 -3 -13
right_child=4 8 10 -5 5 7 -8 -9 9 -11 -12 13 -14 -15
leaf_value=-0.034138091547760624 0.010767568840674207 -0.033553525739386893 -0.049041020691721234 0.012619441956392306 0.0023549319509692098 -0.050022150467286974 0.031542554847469359 0.0029619617122249031 -0.014637148742503317 0.011651789405675491 0.0035314058517455834 -0.024762263588423414 -0.017708686419357852 -0.060722421732815939
leaf_weight=2.8107596695772363 1.4708764733513815 7.382832129196685 2.6911289465497239 40.072154770110501 18.928169344522757 1.8039535316638637 15.499685791903174 76.908837305236375 12.72398983554922 7.4213057429733444 1.528590635047294 1.6434178994968531 28.320902273962929 1.3227403669152402
leaf_count=549 105 17308 243 1684 883 164 376 4472 9984 3833 165 174 24914 201
internal_value=-8.49067e-10 -0.00549637 0.00601148 0.00955472 0.00481265 0.005931 0.0154954 0.00174766 -0.015202 -0.00495259 -0.0299967 -0.0237043 -0.0209851 -0.0407985
internal_weight=220.529 102.952 47.1026 42.8829 117.578 113.141 34.4279 78.7128 55.849 20.1453 4.21972 4.43703 35.7037 2.96616
internal_count=65055 58680 2641 2233 6375 5895 1259 4636 56039 13817 408 480 42222 375
is_linear=0
shrinkage=0.04


Tree=69
num_leaves=15
num_cat=0
split_feature=14 8 15 13 11 21 2 10 2 20 0 7 7 9
split_gain=3.62472 2.95896 5.17039 4.08122 2.76094 1.96639 1.5958 4.06487 3.63891 4.54334 2.12116 1.8393 0.84918 0.737796
threshold=0.1335747689008713 -0.2346771955490112 76.415218353271499 0.83899512887001049 0.11488493904471399 0.69732205778717427 0.204692117869854 0.27147078514099127 0.23628862202167514 0.68819444444444455 -0.071059681475162492 1.3102507591247561 1.2519875168800356 27.500000000000004
decision_type=2 2 2 2 2 2 2 2 2 2 2 2 2 2
left_child=1 2 3 -1 12 -6 7 10 -8 -10 -2 -9 -3 -4
right_child=6 4 13 -5 5 -7 8 11 9 -11 -12 -13 -14 -15
leaf_value=0.0044487739935466951 -0.026460145201638363 -0.027777834023862993 0.021721936832019621 -0.018227294046214992 0.0027771733325070154 -0.010699533613818698 0.040862990317962374 -0.019798270145329869 -0.022357189741886462 0.014380589179751989 0.016830703373538595 -0.092029826100357592 0.14421210887086072 0.048105014790501478
leaf_weight=57.138879664518754 2.3400914930098216 10.828322439239852 3.1722317355452097 16.328049532514342 28.410013441160118 44.389230770782888 6.2121878165053195 1.2686068722396151 6.5752186134341164 29.780498085165164 8.0084074203623441 1.0156173044524619 0.046127474633977594 3.6441124017292168
leaf_count=11193 198 23519 255 6369 10616 11019 65 132 496 757 283 115 3 35
internal_value=4.32182e-10 -0.00298487 0.00250101 -0.00059099 -0.00824847 -0.00544023 0.00886568 -0.0036188 0.0125707 0.00773627 0.0070414 -0.051914 -0.0270483 0.0358267
internal_weight=219.158 163.957 80.2833 73.4669 83.6737 72.7992 55.2006 12.6327 42.5679 36.3557 10.3485 2.28422 10.8744 6.81634
internal_count=65055 63009 17852 17562 45157 21635 2046 728 1318 1253 481 247 23522 290
is_linear=0
shrinkage=0.04


Tree=70
num_leaves=13
num_cat=0
split_feature=18 14 13 4 16 15 11 13 14 12 15 3
split_gain=3.54995 3.08882 2.78071 2.25839 1.92435 1.83637 1.38241 1.09137 0.840704 0.314318 0.50326 0.147233
threshold=-0.074589297175407396 0.039484228938817985 0.51094964146614086 -0.079771697521209703 0.91902173913043483 18.784506797790531 0.17534349858760837 2.0429792404174809 0.11137337610125543 0.68865787982940685 65.852111816406264 -0.25163242220878596
decision_type=2 2 2 2 2 2 2 2 2 2 2 2
left_child=7 2 3 -2 5 -3 -4 9 -6 11 -11 -1
right_child=1 4 6 -5 8 -7 -8 -9 -10 10 -12 -13
leaf_value=-0.020264937979041848 0.016483242154048363 0.031234031785762176 -0.026954983998621569 -0.0140264377678003 -0.021736231772197849 0.0028234461312835373 0.0034864918164739301 0.038752895242298177 -0.084189826364323483 -0.0069477602719442838 -0.046028833109527385 -0.039885749481404401
leaf_weight=0.72586725807195751 8.0448683056583814 3.7180950002220916 13.886624715491054 7.5016736690467942 1.2351880839669309 173.63764967057796 2.8822459071125186 0.38196437637088809 0.47844623221317295 1.6944229907967385 0.76533208399268904 3.8979068520347928
leaf_count=255 2509 109 21911 7278 817 24433 2563 4 71 689 243 4173
internal_value=-9.687e-10 0.000957391 -0.0104248 0.0017614 0.00301145 0.00341905 -0.0217227 -0.0271085 -0.0391733 -0.0306599 -0.0191075 -0.0368056
internal_weight=218.85 211.385 32.3154 15.5465 179.069 177.356 16.7689 7.46549 1.71363 7.08353 2.45976 4.62377
internal_count=65055 59691 34261 9787 25430 24542 24474 5364 888 5360 932 4428
is_linear=0
shrinkage=0.04


Tree=71
num_leaves=15
num_cat=0
split_feature=14 8 15 2 3 3 4 9 3 21 15 7 22 18
split_gain=3.36876 2.90942 5.41629 4.04531 2.66488 2.94424 1.87937 3.4306 2.93546 2.01739 1.86713 1.85593 1.80643 1.42177
threshold=0.1335747689008713 -0.2346771955490112 76.415218353271499 0.060601538047194488 0.25820317864418035 0.62072125077247631 1.5442107915878298 23.500000000000004 1.3345883488655093 0.96824596774193561 68.345600128173842 1.0314524769783022 0.64713233709335338 -0.041028412058949464
decision_type=2 2 2 2 2 2 2 2 2 2 2 2 2 2
left_child=1 2 3 -1 13 -6 7 10 12 -10 -2 -9 -8 -3
right_child=6 4 -4 -5 5 -7 8 11 9 -11 -12 -13 -14 -15
leaf_value=0.002865179576315408 -0.0062273103414930142 -0.033863100023480197 0.035916957003072153 -0.025616761686926885 0.0057053593653719229 -0.015109226302993047 0.015505876247247986 -0.0047154363451314199 0.010425242206967512 -0.027198788742873643 0.027705437603291059 -0.040918960808789137 0.040827804634157402 -0.012717936224311282
leaf_weight=63.976959021241782 4.2681222142418864 6.1318060082539878 7.0959054522973011 9.1155223918613029 29.924747589495382 17.078785377772874 18.863502778054684 6.0109287865343486 5.7155074378242698 3.7937816409394145 6.6166438225191087 3.6360470873769373 5.9229892720468333 29.8813469036686
leaf_count=15233 288 7773 290 2329 5823 1685 489 486 192 146 202 184 59 29876
internal_value=-1.98594e-09 -0.00288182 0.00255222 -0.000686865 -0.00813074 -0.00185764 0.00857831 -0.000993064 0.0143084 -0.00458507 0.0143998 -0.0183609 0.0215568 -0.0163182
internal_weight=218.033 163.205 80.1884 73.0925 83.0167 47.0035 54.8275 20.5317 34.2958 9.50929 10.8848 9.64698 24.7865 36.0132
internal_count=65055 63009 17852 17562 45157 7508 2046 1160 886 338 490 670 548 37649
is_linear=0
shrinkage=0.04


Tree=72
num_leaves=15
num_cat=0
split_feature=7 8 8 4 15 9 12 13 15 18 6 0 20 0
split_gain=3.36995 5.67805 2.69463 6.70915 3.18452 2.67486 2.83569 1.99431 1.97988 2.08423 6.41071 3.694 1.12575 1.08382
threshold=0.79893964529037487 -0.55942872166633595 -0.71726045012474049 0.15742473304271701 33.714874267578132 25.500000000000004 0.29984055459499365 0.32039673626422888 85.724609375000014 0.044627062976360328 0.74426704645156871 0.17908172309398654 0.97014260249554385 0.058579094707965858
decision_type=2 2 2 2 2 2 2 2 2 2 2 2 2 2
left_child=1 2 3 -1 -4 7 -7 -3 9 10 -2 -11 13 -10
right_child=8 5 4 -5 -6 6 -8 -9 12 11 -12 -13 -14 -15
leaf_value=-0.05806023946608705 0.0035172856619329453 0.008635429990093502 -0.011560446404521646 0.03716500519561565 0.019540544226114061 0.033807352657156155 -0.0066819496042943927 -0.021102003119876974 -0.043295729187762672 0.014202029662848987 -0.055298836258914463 -0.019076276833690828 -0.061628234736314048 0.0090559309493597646
leaf_weight=2.9178496455861014 45.966901760126348 3.9958056116265643 6.8011406579753411 1.9919932229677213 23.361958328998298 3.0882382904819705 26.65297709029619 37.209112598044157 1.0242145527154205 53.268120860331692 3.1695048909750758 5.9312129187164819 0.95018243318190787 1.655360043630935
leaf_count=442 2631 2783 345 49 623 1083 15895 37970 154 2226 175 389 124 166
internal_value=-1.94084e-10 -0.00511104 0.00805471 -0.019426 0.0125279 -0.0116197 -0.00247766 -0.0182182 0.00483959 0.00581321 -0.000276602 0.0108679 -0.0242196 -0.0109545
internal_weight=217.985 106.019 35.0729 4.90984 30.1631 70.9461 29.7412 41.2049 111.965 108.336 49.1364 59.1993 3.62976 2.67957
internal_count=65055 59190 1459 491 968 57731 16978 40753 5865 5421 2806 2615 444 320
is_linear=0
shrinkage=0.04


Tree=73
num_leaves=13
num_cat=0
split_feature=18 14 8 15 11 20 7 0 13 12 15 7
split_gain=3.38936 2.86304 2.86852 4.17373 2.45835 1.75679 1.56996 1.07459 1.00422 0.341041 0.476924 0.132246
threshold=-0.074589297175407396 0.1335747689008713 -0.2346771955490112 76.415218353271499 0.13572096824645999 0.09449404761904763 0.8370148539543153 -0.023229320533573624 2.0429792404174809 0.68865787982940685 65.852111816406264 1.3753412365913393
decision_type=2 2 2 2 2 2 2 2 2 2 2 2
left_child=8 2 3 -2 -4 7 -7 -3 9 11 -11 -1
right_child=1 5 4 -5 -6 6 -8 -9 -10 10 -12 -13
leaf_value=-0.035356950845885041 0.00079163423712905201 -0.048455809343554881 -0.024632091763621293 0.033225807392827919 -0.0042835851034347108 -0.011013532042481164 0.013019249934133106 0.00043274590460019033 0.038252410931811538 -0.0064050706393532853 -0.045271191672771362 -0.068496371587385738
leaf_weight=4.2755644367334744 69.947645357744477 1.2915908807481176 11.007923328363175 6.9816279215156092 69.320719874278439 4.810516807017847 45.342900943971472 1.6236976102227334 0.35944084229413409 1.6715154452977006 0.72394381457706902 0.20176173557410937
leaf_count=4390 15301 171 23821 289 18371 512 1128 98 4 689 243 38
internal_value=-1.02158e-09 0.000925804 -0.00178526 0.00373516 -0.00707206 0.00895947 0.0107141 -0.0212269 -0.0269241 -0.0303328 -0.018151 -0.0368503
internal_weight=217.559 210.327 157.258 76.9293 80.3286 53.0687 50.1534 2.91529 7.23223 6.87279 2.39546 4.47733
internal_count=65055 59691 57782 15590 42192 1909 1640 269 5364 5360 932 4428
is_linear=0
shrinkage=0.04


Tree=74
num_leaves=13
num_cat=0
split_feature=18 14 8 11 7 6 13 23 13 12 15 3
split_gain=3.10049 2.67692 3.45383 2.18838 4.0416 2.74519 1.92298 1.57225 0.920112 0.344355 0.425087 0.118191
threshold=-0.074589297175407396 0.04408500716090203 -0.60278719663619984 0.055836942046880729 0.47314243018627172 -0.086534764617681489 0.36087131500244146 1.0000000180025095e-35 2.0429792404174809 0.68865787982940685 65.852111816406264 -0.25163242220878596
decision_type=2 2 2 2 2 2 2 2 2 2 2 2
left_child=8 2 7 5 -5 -3 -4 -2 9 11 -11 -1
right_child=1 3 6 4 -6 -7 -8 -9 -10 10 -12 -13
leaf_value=-0.021165465943735397 -0.0067111089758929753 0.023715653454308327 0.0037537273466624805 -0.012860200867298742 0.0045581547827131703 -0.034046674601975177 -0.019762482077781855 0.029158383763709765 0.037550177193315513 -0.0062266848825749113 -0.04371732101008724 -0.039093395167559504
leaf_weight=0.70278920426790126 3.2622498569544387 13.087633345814536 7.1989432506143229 25.533757833833079 128.95972325075854 1.4636721618662694 24.492446104617557 4.8799224619287997 0.34471185662550841 1.6632453873862689 0.68244159347523226 3.6135142005496155
leaf_count=255 322 611 4709 11515 9335 718 32421 60 4 689 243 4173
internal_value=-8.8059e-11 0.000877958 -0.00845044 0.00307609 0.00167935 0.0179055 -0.0144206 0.0147869 -0.026173 -0.0294702 -0.017134 -0.0361743
internal_weight=215.885 208.878 39.8336 169.045 154.493 14.5513 31.6914 8.14217 7.0067 6.66199 2.34569 4.3163
internal_count=65055 59691 37512 22179 20850 1329 37130 382 5364 5360 932 4428
is_linear=0
shrinkage=0.04


Tree=75
num_leaves=13
num_cat=0
split_feature=18 14 14 1 4 3 5 13 13 12 15 3
split_gain=2.88333 2.45997 1.93122 3.3072 1.57934 1.29313 1.21823 0.849082 0.622194 0.300212 0.482022 0.123655
threshold=-0.074589297175407396 0.02033146191388369 0.1335747689008713 0.02764809783548117 1.5442107915878298 0.10278290882706644 -0.043138258159160607 1.8432438969612124 0.33070906996726995 0.68865787982940685 65.852111816406264 -0.25163242220878596
decision_type=2 2 2 2 2 2 2 2 2 2 2 2
left_child=7 5 3 -3 -4 8 -7 9 -2 11 -11 -1
right_child=1 2 4 -5 -6 6 -8 -9 -10 10 -12 -13
leaf_value=-0.019900941491837063 -0.010627192952896401 0.0041203005910761085 -0.00093788002645657617 -0.0082247727463814722 0.013495171055778906 0.13553176889938831 0.0052007868897500824 0.032044745481223831 -0.034136341396457284 -0.0060991050146393501 -0.047230850992936661 -0.038529516306308846
leaf_weight=0.68240898111253034 2.8951008825315494 90.332324656838864 18.944177128389128 56.399368808639338 33.726695789140649 0.14144335839955602 0.60805420765245788 0.38580384261149436 4.7673209913145911 1.6575098289367818 0.62879740103562642 3.4650331989651013
leaf_count=251 3313 24718 1094 15750 815 30 527 22 13444 689 241 4161
internal_value=-1.73456e-09 0.000839842 0.0017337 -0.000624784 0.00830402 -0.0203489 0.0297965 -0.0255928 -0.0252539 -0.0290491 -0.0174115 -0.0354644
internal_weight=214.634 207.814 199.403 146.732 52.6709 8.41192 0.749498 6.81955 7.66242 6.43375 2.28631 4.14744
internal_count=65055 59691 42377 40468 1909 17314 557 5364 16757 5342 930 4412
is_linear=0
shrinkage=0.04


Tree=76
num_leaves=13
num_cat=0
split_feature=18 11 13 14 21 16 11 16 13 12 14 16
split_gain=2.63958 2.29852 4.05289 3.73564 3.32438 3.21581 3.3604 1.80649 0.778458 0.283147 0.572533 0.0678916
threshold=-0.074589297175407396 0.72990000247955333 0.86037081480026256 0.22027926892042163 0.95060975609756104 0.77525510204081638 1.1825036406517031 0.47295321637426907 1.8432438969612124 0.6349124312400819 0.090249050408601775 0.097391598915989183
decision_type=2 2 2 2 2 2 2 2 2 2 2 2
left_child=8 2 4 -4 -2 7 -7 -3 9 11 -11 -1
right_child=1 5 3 -5 -6 6 -8 -9 -10 10 -12 -13
leaf_value=-0.025684644075803061 0.0055935204548119219 0.003007669875941582 -0.012591687480747866 0.030646264786693793 -0.029861225641704153 -0.0023564685106698953 -0.078987423263633103 0.016683656835335684 0.030851814649334668 -0.0050360811394700123 -0.041612498398833637 -0.039290817696728264
leaf_weight=0.75946165208733818 77.390282740658222 34.136941718519665 55.530078251797931 3.3924041358986861 4.4761191338284325 2.8517102373880325 1.3485798945184795 28.236754910838499 0.37805145387392247 1.7805448664012149 1.1125856810976982 2.5803856887478105
leaf_count=969 26664 1612 27234 65 2569 285 175 1087 22 1077 236 3060
internal_value=8.57846e-10 0.000793262 -0.00210266 -0.0101023 0.003655 0.00691748 -0.0269602 0.00919883 -0.0248816 -0.028262 -0.019102 -0.0361969
internal_weight=213.974 207.363 140.789 58.9225 81.8664 66.574 4.20029 62.3737 6.61103 6.23298 2.89313 3.33985
internal_count=65055 59691 56532 27299 29233 3159 460 2699 5364 5342 1313 4029
is_linear=0
shrinkage=0.04


Tree=77
num_leaves=15
num_cat=0
split_feature=14 8 18 11 13 9 16 0 7 8 23 3 22 20
split_gain=2.65148 3.04048 1.92735 2.72896 2.23121 2.05459 3.6798 2.72986 1.67767 3.62794 1.4882 3.7543 1.34319 0.451506
threshold=0.04408500716090203 -0.60278719663619984 -0.02840572968125343 0.015389937907457353 1.1074821352958681 28.500000000000004 0.75255102040816335 -0.027643961831927296 0.18031323701143268 -0.50193053483963002 1.0000000180025095e-35 -0.016482841223478314 -0.062189629301428788 0.043015726179463469
decision_type=2 2 2 2 2 2 2 2 2 2 2 2 2 2
left_child=1 10 3 13 -5 6 -4 -7 12 -10 11 -1 -3 -2
right_child=2 8 5 4 -6 7 -8 -9 9 -11 -12 -13 -14 -15
leaf_value=-0.055839552974072046 0.039119940687209545 -0.005192378180086236 0.0030803893610912396 -0.0058899691772033268 -0.035816296920764837 -0.0065348666832687656 -0.027500055692035931 0.01772682143633059 -0.073907523728490521 0.0024918563574590968 0.027105884948507665 0.029531591741555025 -0.028527279157410282 0.0087313281996523138
leaf_weight=1.4601321841037136 1.9733354730269668 5.4827138930249921 96.899895046630263 20.308739632077053 4.9596080678857097 9.8384673659311357 6.7333769377000854 30.18885993224103 1.0813508026767511 12.380610006104687 4.7835154335480183 1.8923422232910505 14.088830529747613 1.2960759232810231
leaf_count=279 39 4720 12987 4106 1709 1040 1800 2369 99 6164 63 89 29322 269
internal_value=-9.76077e-10 -0.00911941 0.00218028 -0.0073145 -0.0117638 0.00406639 0.00109348 0.0117634 -0.0145142 -0.00364503 0.0127842 -0.00765084 -0.0219903 0.0270731
internal_weight=213.368 41.1695 172.198 28.5378 25.2683 143.661 103.633 40.0273 33.0335 13.462 8.13599 3.35247 19.5715 3.26941
internal_count=65055 40736 24319 6123 5815 18196 14787 3409 40305 6263 431 368 34042 308
is_linear=0
shrinkage=0.04


Tree=78
num_leaves=13
num_cat=0
split_feature=18 14 22 13 11 7 6 8 13 12 2 3
split_gain=2.47697 2.18689 2.73462 2.38678 1.86635 3.63159 2.67614 1.55181 0.686483 0.271571 0.427434 0.117803
threshold=-0.074589297175407396 0.04408500716090203 -0.060855776071548455 0.29251816868782049 0.055836942046880729 0.47314243018627172 -0.086534764617681489 -0.64870634675025929 1.8432438969612124 0.68865787982940685 0.057135760784149177 -0.25163242220878596
decision_type=2 2 2 2 2 2 2 2 2 2 2 2
left_child=8 2 7 -4 6 -6 -3 -2 9 11 -11 -1
right_child=1 4 3 -5 5 -7 -8 -9 -10 10 -12 -13
leaf_value=-0.01866218670110216 -0.050321065514301967 0.022428466859294751 0.012725574974796672 -0.022077123856522166 -0.012490557717643845 0.0041704553779585733 -0.034444037875864961 0.008125865094723966 0.029687341594196472 -0.0057198190554818675 -0.045287401910816615 -0.037327896490762
leaf_weight=0.65201392876042552 0.76463634625542809 12.82686677915626 3.7596753363886846 19.534852428982049 25.016223298127443 128.21556983527989 1.4761526424990723 14.701484590703329 0.35286830293625815 1.6006101051079897 0.60079177350417001 3.1770595516672975
leaf_count=251 133 611 2384 28893 11515 9335 718 6102 22 711 219 4161
internal_value=-2.97682e-10 0.000759341 -0.00780287 -0.0164601 0.00274028 0.00145042 0.0165589 0.00523628 -0.0245402 -0.0277133 -0.0165183 -0.0341495
internal_weight=212.679 206.295 38.7606 23.2945 167.535 153.232 14.303 15.4661 6.38334 6.03048 2.2014 3.82907
internal_count=65055 59691 37512 31277 22179 20850 1329 6235 5364 5342 930 4412
is_linear=0
shrinkage=0.04


Tree=79
num_leaves=12
num_cat=0
split_feature=18 23 14 14 13 18 12 15 3 2 15
split_gain=2.26388 2.09259 1.79154 1.44817 0.627397 0.485937 0.274778 0.421574 0.109817 0.0492908 0.0443298
threshold=-0.074589297175407396 1.5000000000000002 0.014314945321530105 0.1335747689008713 1.8432438969612124 0.10403414443135263 0.68865787982940685 65.852111816406264 -0.25163242220878596 -0.10391502827405928 23.732146263122562
decision_type=2 2 2 2 2 2 2 2 2 2 2
left_child=4 2 5 -4 6 -2 8 -8 -1 -3 -11
right_child=1 9 3 -5 -6 -7 7 -9 -10 10 -12
leaf_value=-0.018433540474944103 -0.02662824159497109 -0.069063508060839732 -0.0003450511280841026 0.0074282036139291397 0.028751648313579906 0.039315524770708168 -0.005255800949249676 -0.045682787297202231 -0.036721059249994067 -0.0012215023659945055 -0.039738188446161268
leaf_weight=0.63486733698300701 4.2980225894716559 0.089842476183548459 147.18098651370201 51.858810701203765 0.34292015186656488 0.18655414093882416 1.6110831533096646 0.55485397624761379 3.0467598074378648 0.04907829013245546 1.8499909938855124
leaf_count=251 10117 14 43436 1899 22 408 689 241 4161 68 3749
internal_value=3.02437e-10 0.000717902 0.00111691 0.00168023 -0.0238331 -0.023885 -0.0269168 -0.0156121 -0.0335675 -0.0401124 -0.0387428
internal_weight=211.704 205.513 203.524 199.04 6.19048 4.48458 5.84756 2.16594 3.68163 1.98891 1.89907
internal_count=65055 59691 55860 45335 5364 10525 5342 930 4412 3831 3817
is_linear=0
shrinkage=0.04


Tree=80
num_leaves=12
num_cat=0
split_feature=18 23 14 14 13 18 12 14 16 8 15
split_gain=2.11727 1.93588 1.63654 1.31857 0.582098 0.469689 0.271465 0.510831 0.0685797 0.0394246 0.046447
threshold=-0.074589297175407396 1.5000000000000002 0.014314945321530105 0.1335747689008713 1.8432438969612124 0.10403414443135263 0.6349124312400819 0.090249050408601775 0.097391598915989183 -0.51999199390411366 24.316864013671879
decision_type=2 2 2 2 2 2 2 2 2 2 2
left_child=4 2 5 -4 6 -2 8 -8 -1 -3 -11
right_child=1 9 3 -5 -6 -7 7 -9 -10 10 -12
leaf_value=-0.023699929735648721 -0.026001027054259163 -0.0533592576296942 -0.00033883570014975003 0.007085102032965771 0.027685058558640462 0.037480912833172446 -0.0039240766936486735 -0.03980502934128325 -0.038079164652617646 0.0025535061575801682 -0.03829816559100907
leaf_weight=0.69143979201908168 4.1705797467720904 0.28155052731744934 146.93150958451406 51.764196231422829 0.33745463272498444 0.19520737297352742 1.7093538097215062 1.0099335562299527 2.282749339730799 0.045831950650607634 1.568274014099188
leaf_count=969 10117 83 43436 1899 22 408 1077 236 3060 79 3669
internal_value=-1.40187e-10 0.000687353 0.00106296 0.00159525 -0.0233592 -0.0231626 -0.0263846 -0.0172501 -0.0347363 -0.0395474 -0.0371382
internal_weight=210.988 204.957 203.061 198.696 6.03093 4.36579 5.69348 2.71929 2.97419 1.89566 1.61411
internal_count=65055 59691 55860 45335 5364 10525 5342 1313 4029 3831 3748
is_linear=0
shrinkage=0.04


Tree=81
num_leaves=14
num_cat=0
split_feature=14 8 7 8 11 12 18 17 12 1 22 23 17
split_gain=2.01317 2.75601 1.67868 3.15776 1.67165 2.97864 2.52154 1.4752 1.682 1.39444 1.16476 0.833216 0.792781
threshold=0.04408500716090203 -0.60278719663619984 0.18031323701143268 -0.50193053483963002 0.030955179594457153 0.025434242561459545 -0.02840572968125343 -0.0082445638254284841 0.40031726658344274 -0.047500973567366593 -0.062189629301428788 1.0000000180025095e-35 -0.0027558585861697789
decision_type=2 2 2 2 2 2 2 2 2 2 2 2 2
left_child=1 9 10 -4 7 -6 -7 8 -2 -1 -3 -11 -9
right_child=4 2 3 -5 5 6 -8 12 -10 11 -12 -13 -14
leaf_value=-0.011088251578805629 -0.069273181840033227 -0.0056289505911406405 -0.071010510517594896 0.0030746929427155258 -0.077127486479199828 -0.010764044842003507 0.0033538607496315454 0.031731914865973994 0.018064221213585922 0.0064133502401546019 -0.027548478407114833 0.038666614919652391 0.0074426455149485173
leaf_weight=2.5435559435863979 0.63411731328233034 5.5071447722757538 0.99491588410455634 12.31154161627637 0.77974576142150809 23.799815476309959 135.39228657557578 5.9538858580344822 0.7953159612879972 2.2239707124608676 13.117909317493288 3.0241803808603436 3.3652729991645156
leaf_count=158 278 4720 99 6164 67 5615 17740 139 281 242 29322 31 199
internal_value=5.11911e-10 -0.00811059 -0.0133152 -0.00246461 0.00188717 0.000861181 0.00124318 0.0171571 -0.0206799 0.0132185 -0.0210672 0.0249989 0.0229607
internal_weight=210.444 39.7232 31.9315 13.3065 170.72 159.972 159.192 10.7486 1.42943 7.79171 18.6251 5.24815 9.31916
internal_count=65055 40736 40305 6263 24319 23422 23355 897 559 431 34042 273 338
is_linear=0
shrinkage=0.04


Tree=82
num_leaves=11
num_cat=0
split_feature=23 18 14 22 20 13 12 3 8 14
split_gain=1.91519 1.75812 1.44858 2.5559 1.5967 0.503628 0.329614 0.234516 0.0292812 0.00991123
threshold=1.5000000000000002 -0.074589297175407396 0.1335747689008713 0.087254047393798842 0.09449404761904763 2.0429792404174809 0.55785340070724498 -0.36601132154464716 -0.46841265261173243 0.04099062271416188
decision_type=2 2 2 2 2 2 2 2 2 2
left_child=1 5 3 -3 -4 6 -1 -2 -9 -10
right_child=7 2 4 -5 -6 -7 -8 8 9 -11
leaf_value=-0.037698758124469392 0.026758869754672964 0.0025783299943935192 -0.022995883421396492 -0.0085977742510205436 0.0084233181793440821 0.033114234170632119 -0.01690529567943996 -0.05084239868865896 -0.035258368634755281 -0.041386861065774133
leaf_weight=1.9479635628567837 0.086634938139468765 102.47406182598752 2.7321590780920806 48.112167690660499 49.023688119428698 0.25297126447549079 3.2628433428453718 0.35682758215989507 0.87005511402821734 0.82029516746843001
leaf_count=2801 24 45303 266 8658 1633 4 1792 165 3063 1346
internal_value=1.43942e-10 0.00038714 0.000991727 -0.000992425 0.00676472 -0.0220028 -0.0246785 -0.0377024 -0.0404304 -0.0382324
internal_weight=209.94 207.806 202.342 150.586 51.7558 5.46378 5.21081 2.13381 2.04718 1.69035
internal_count=65055 60457 55860 53961 1899 4597 4593 4598 4574 4409
is_linear=0
shrinkage=0.04


Tree=83
num_leaves=13
num_cat=0
split_feature=14 8 13 19 22 1 6 15 12 23 3 3
split_gain=1.82022 2.58829 1.62145 1.59559 4.34538 3.88512 3.28341 1.98183 1.48425 1.23142 3.12758 0.898297
threshold=0.04408500716090203 -0.60278719663619984 0.36087131500244146 0.93969696969696981 0.80339527130126964 0.58096843957901012 0.82335397601127636 82.527378082275405 0.31053039431571966 1.0000000180025095e-35 -0.016482841223478314 0.10278290882706644
decision_type=2 2 2 2 2 2 2 2 2 2 2 2
left_child=1 9 8 5 6 7 -5 -2 -3 10 -1 -4
right_child=3 2 11 4 -6 -7 -8 -9 -10 -11 -12 -13
leaf_value=-0.053101263295058224 0.0025443914026911213 -0.027308952431925694 -0.022172627543357488 -0.011999447847103623 0.026234494016614113 -0.061479314227350042 -0.075982390630876612 0.019222726852995042 0.013427502588452853 0.026184400821676557 0.027790828723816816 -0.0036859258408686057
leaf_weight=1.3228097529645313 133.35993948999021 1.9094602786253769 18.475766842424495 16.826367822344771 4.7069394828286013 1.4657398821727827 1.3892154392087821 12.464831329911247 5.7119951509866951 4.5906367057468742 1.8127123972808465 5.4449335138669985
leaf_count=279 19452 2109 30234 3492 100 132 139 1004 3257 63 89 4705
internal_value=-3.57233e-10 -0.00776291 -0.0128455 0.00179091 -0.00802612 0.00331872 -0.0168791 0.00397002 0.00322149 0.0129867 -0.00633582 -0.0179646
internal_weight=209.481 39.2683 31.5422 170.213 22.9225 147.291 18.2156 145.825 7.62146 7.72616 3.13552 23.9207
internal_count=65055 40736 40305 24319 3731 20588 3631 20456 5366 431 368 34939
is_linear=0
shrinkage=0.04


Tree=84
num_leaves=15
num_cat=0
split_feature=11 21 13 21 11 1 6 10 13 15 16 18 4 7
split_gain=1.87572 3.49185 2.99086 5.31377 2.34403 2.43083 5.34997 2.24439 2.03824 2.16439 2.15292 1.98062 1.80027 2.55225
threshold=0.72990000247955333 0.95698427382053664 0.83899512887001049 0.94519519519519524 1.7671085596084597 0.21876360476017001 0.5421397089958192 0.38464672863483435 1.7457878589630129 82.527378082275405 0.17108013937282232 0.17246892303228381 1.918610751628876 0.96642401814460765
decision_type=2 2 2 2 2 2 2 2 2 2 2 2 2 2
left_child=1 2 7 -4 8 6 -6 -1 9 -2 -10 -7 13 -3
right_child=4 12 3 -5 5 11 -8 -9 10 -11 -12 -13 -14 -15
leaf_value=0.0050541297477298209 0.0059453892086180488 -0.01833095362691653 -0.011484458314187882 0.036585370327609459 0.012390543200833173 -0.023529591196688914 -0.08462362130386604 -0.058856400328810524 0.022871262713005026 0.02500662853669032 -0.059536418006253811 0.020385630772572116 0.018158506901417723 -0.06536496144209028
leaf_weight=76.44334621969756 41.570376639283495 7.7256807247631496 50.02544265798042 3.9715132188248381 1.7435907725011914 2.7949249762750696 1.9012122431304304 0.88940102653577824 0.80361190997064058 12.366771908506051 1.3753786204033529 3.9875929547706619 1.444427860144059 2.4254870995355304
leaf_count=28354 2064 6330 26208 363 72 140 163 174 34 540 254 105 35 219
internal_value=3.6183e-10 -0.00258275 -0.000724955 -0.00794889 0.00554736 -0.0118686 -0.0382143 0.0043191 0.00878353 0.0103158 -0.0291445 0.00228914 -0.0236238 -0.0295691
internal_weight=209.469 142.925 131.33 53.997 66.5435 10.4273 3.6448 77.3327 56.1161 53.9371 2.17899 6.78252 11.5956 10.1512
internal_count=65055 61683 55099 26571 3372 480 235 28528 2892 2604 288 245 6584 6549
is_linear=0
shrinkage=0.04


Tree=85
num_leaves=15
num_cat=0
split_feature=14 8 9 19 21 0 4 11 22 14 3 12 22 15
split_gain=1.96712 3.87842 2.56771 2.2283 2.14174 2.08228 1.89382 1.3347 1.53807 1.20425 1.11518 1.04604 0.670355 0.558459
threshold=0.083901129662990584 -0.36766850948333735 16.500000000000004 0.030776515151515155 0.031754032258064523 0.17908172309398654 1.918610751628876 0.13393180072307589 0.061814030632376678 0.10138145089149476 0.80307304859161388 0.27330306172370916 -0.059518061578273766 68.867424011230483
decision_type=2 2 2 2 2 2 2 2 2 2 2 2 2 2
left_child=1 4 9 13 11 -5 -6 12 -9 10 -2 -1 -3 -4
right_child=2 7 3 5 6 -7 -8 8 -10 -11 -12 -13 -14 -15
leaf_value=0.0059232856765645339 -0.024462321054192829 -0.0069153107542099471 -0.054125515950255602 0.007605730170987938 -0.0014096066722254059 -0.0096598870518393685 0.043910427299911028 0.00012317183188263189 -0.017070084140889966 -0.049390831054798627 0.046075539030601215 0.036250959970134965 -0.02554988723550777 -0.015604801605892185
leaf_weight=3.0906880422553504 1.2569844403042219 4.079143240516717 1.1085754476516734 94.331973984779324 36.610150064665504 12.678339039412093 1.5372407841496158 19.427734701415829 14.566988389298784 2.0625898556463653 0.50175459589809168 4.4247856450383551 12.721996523565393 1.3182382136001249
leaf_count=155 502 5677 161 5481 4358 860 14 11236 7102 568 36 92 28743 70
internal_value=-7.67962e-10 -0.00419782 0.00357515 0.00470059 0.00426177 0.00556014 0.000416673 -0.0118026 -0.00724426 -0.0286558 -0.00433842 0.0237789 -0.0210256 -0.0332012
internal_weight=209.717 96.4587 113.258 109.437 45.6629 107.01 38.1474 50.7959 33.9947 3.82133 1.75874 7.51547 16.8011 2.42681
internal_count=65055 57377 7678 6572 4619 6341 4372 52758 18338 1106 538 247 34420 231
is_linear=0
shrinkage=0.04


Tree=86
num_leaves=13
num_cat=0
split_feature=7 17 2 7 4 18 0 6 6 8 5 21
split_gain=1.89923 4.24457 4.41615 3.21016 1.97805 2.5686 4.09264 3.10784 1.83607 0.892945 0.638372 0.239655
threshold=0.48330099880695349 -0.0082445638254284841 -0.067399792373180376 0.33251950144767767 -0.071593947708606706 0.042957050725817687 0.17908172309398654 0.74426704645156871 -0.30221831798553461 -0.53738564252853382 0.02258703671395779 0.16496598639455784
decision_type=2 2 2 2 2 2 2 2 2 2 2 2
left_child=1 9 3 -3 -2 7 -7 -6 -4 11 -11 -1
right_child=4 2 8 -5 5 6 -8 -9 -10 10 -12 -13
leaf_value=-0.07079953553489983 0.033379848739061475 0.013563373836189069 -0.08082380206209086 -0.05218539692540447 -0.0018067270204081196 0.010211198871068462 -0.023108443147270227 -0.041243685620653558 -0.0096406889934245576 -0.026553271955472951 -0.0005739249875644939 -0.039527806384796194
leaf_weight=0.7533373170881521 3.3030424991156897 27.184421176290929 0.59061127644963463 1.2424523094232416 57.369389866915299 64.927842866483843 6.487599278392735 3.3859093905775799 31.585733298937157 9.22534133342924 1.8103080364371624 0.81772579374955967
leaf_count=144 103 4786 62 462 5844 4651 660 217 31498 14687 1712 229
internal_value=-1.20354e-09 -0.00519096 -0.000798127 0.0106897 0.00280519 0.00204111 0.00718434 -0.00400456 -0.0109473 -0.0263083 -0.0222916 -0.0545229
internal_weight=208.684 73.2099 60.6032 28.4269 135.474 132.171 71.4154 60.7553 32.1763 12.6067 11.0356 1.57106
internal_count=65055 53580 36808 5248 11475 11372 5311 6061 31560 16772 16399 373
is_linear=0
shrinkage=0.04


Tree=87
num_leaves=15
num_cat=0
split_feature=14 22 13 11 7 14 22 3 20 3 6 11 21 1
split_gain=1.82972 2.19251 1.85413 1.63571 2.28314 3.07951 2.04873 1.4237 1.29135 1.2302 1.06248 0.845891 0.818757 0.744804
threshold=0.04408500716090203 -0.060855776071548455 0.29251816868782049 0.030955179594457153 0.48330099880695349 0.046230025589466102 -0.15476977080106732 -0.17617081105709073 0.12220009955201594 -0.14578267931938169 -0.30221831798553461 0.08237782865762712 0.04210992907801419 -0.11969100311398505
decision_type=2 2 2 2 2 2 2 2 2 2 2 2 2 2
left_child=1 8 7 10 5 -5 -6 -3 13 -10 -2 -4 -12 -1
right_child=3 2 11 4 6 -7 -8 -9 9 -11 12 -13 -14 -15
leaf_value=0.016959878025304111 -0.01941805055047939 0.036225422034396319 -0.030076849203450644 0.018906124018893054 -0.028764865798315914 -0.015334127523605516 0.0038270806093333876 -0.01323737058764394 -0.012595385281425925 0.01821623880013223 0.034950488701681846 -0.013189022002069917 0.011181806841498981 -0.024383595141186435
leaf_weight=0.88994520959386125 1.144079443940426 1.7587634657247693 8.5980059327057479 5.0925406083770239 3.1627924545682609 24.051972956982354 126.9608359689737 1.9784287507891374 2.7355337328699525 8.5646935374752484 4.0652465472085151 10.591251403469867 5.3975752323058259 3.2187983440981034
leaf_count=109 53 180 19636 1208 505 12227 9482 2563 749 4318 103 11838 741 1343
internal_value=-4.41859e-10 -0.00789342 -0.0157358 0.00178129 0.000768366 -0.00935119 0.0030349 0.0100404 0.003775 0.0107574 0.0169909 -0.0207558 0.0213929 -0.0154287
internal_weight=208.21 38.3354 22.9264 169.875 159.268 29.1445 130.124 3.73719 15.409 11.3002 10.6069 19.1893 9.46282 4.10874
internal_count=65055 40736 34217 24319 23422 13435 9987 2743 6519 5067 897 31474 844 1452
is_linear=0
shrinkage=0.04


Tree=88
num_leaves=12
num_cat=0
split_feature=18 23 4 9 1 13 12 18 16 3 8
split_gain=1.78534 1.54899 1.40133 6.56077 2.24658 0.46187 0.268037 0.3988 0.105766 0.038731 0.0270155
threshold=-0.074589297175407396 1.5000000000000002 2.3819879293441777 27.500000000000004 0.0026298968587070708 1.8432438969612124 0.68865787982940685 -0.11639535054564475 0.060915275200989494 -0.36601132154464716 -0.3915558904409408
decision_type=2 2 2 2 2 2 2 2 2 2 2
left_child=5 2 4 -4 -2 6 8 -8 -1 -3 -11
right_child=1 9 3 -5 -6 -7 7 -9 -10 10 -12
leaf_value=-0.015340406766777608 0.0040094895536606188 -0.0025985230014185265 -0.026322517203439113 0.022741690667167178 -0.0050132794163250238 0.026179465754506494 0.02315093752525749 -0.022080681586891634 -0.035191911249898733 -0.049989047887772815 -0.036822400050445479
leaf_weight=0.50881816984838169 93.079811738673015 0.047057687770575174 5.8526814499055062 17.104291127354372 83.998413565498595 0.29842347464000329 0.38325260150304563 1.674779012422732 2.7518333106281716 0.31081491201257438 1.2605263599107264
leaf_count=798 30564 8 280 409 24607 22 150 780 3614 170 3653
internal_value=9.05407e-10 0.000619592 0.000934926 0.0102332 -0.00027053 -0.0222433 -0.0249602 -0.0136575 -0.0320941 -0.0383559 -0.0394268
internal_weight=207.271 201.654 200.035 22.957 177.078 5.61711 5.31868 2.05803 3.26065 1.6184 1.57134
internal_count=65055 59691 55860 689 55171 5364 5342 930 4412 3831 3823
is_linear=0
shrinkage=0.04


Tree=89
num_leaves=15
num_cat=0
split_feature=14 8 13 2 16 22 13 14 12 12 4 23 12 7
split_gain=1.72685 2.12773 1.36505 3.68258 3.20065 2.5673 2.0751 1.95546 1.82092 1.34659 2.69157 1.25288 2.70743 1.00128
threshold=0.04408500716090203 -0.60278719663619984 0.86503928899765026 0.19863430410623553 0.62678571428571439 0.091892860829830184 1.7908816337585451 0.044811224564909942 0.097891513258218779 0.29612976312637335 -0.079771697521209703 1.0000000180025095e-35 0.20895068347454074 0.31361448764801031
decision_type=2 2 2 2 2 2 2 2 2 2 2 2 2 2
left_child=1 11 4 8 5 -2 -5 -6 -4 13 -11 12 -1 -3
right_child=2 9 3 6 7 -7 -8 -9 -10 10 -12 -13 -14 -15
leaf_value=-0.049166070931895699 0.014665980115982295 -0.022377189891399498 0.0096732165793344486 0.0058651517044142369 0.037336858639574387 -0.0057760376003927454 -0.028270416499472963 -0.029160259201972877 -0.014660649254185421 0.025529491745828508 -0.013052813858531957 0.025183697859679707 0.027681327567314909 -0.11241565170687294
leaf_weight=1.3880236383556614 40.729983211520448 10.106768774357079 5.8027458472570279 68.246425935736625 0.81338548102939867 12.956988935176922 2.9734935512387883 5.4383769100313657 32.352684155102907 3.498950649999645 16.705319642781433 4.3838732056319714 1.5556469080038366 0.20155666489154178
leaf_count=340 3893 14161 259 5054 47 1357 774 1018 11917 2332 23793 63 28 19
internal_value=4.20541e-10 -0.00772522 0.00172652 -0.000932261 0.00657821 0.00973244 0.00443996 -0.0205087 -0.0109599 -0.0123734 -0.00637118 0.0116302 -0.00855439 -0.0241377
internal_weight=207.154 37.8401 169.314 109.375 59.9387 53.687 71.2199 6.25176 38.1554 30.5126 20.2043 7.32754 2.94367 10.3083
internal_count=65055 40736 24319 18004 6315 5250 5828 1065 12176 40305 26125 431 368 14180
is_linear=0
shrinkage=0.04


Tree=90
num_leaves=12
num_cat=0
split_feature=18 23 4 9 7 13 12 18 16 3 8
split_gain=1.60329 1.43276 1.24887 5.80122 2.3832 0.417072 0.272199 0.394518 0.106872 0.0369927 0.0259971
threshold=-0.074589297175407396 1.5000000000000002 2.3819879293441777 27.500000000000004 2.0031316280364995 1.8432438969612124 0.68865787982940685 -0.11639535054564475 0.060915275200989494 -0.36601132154464716 -0.3915558904409408
decision_type=2 2 2 2 2 2 2 2 2 2 2
left_child=5 2 4 -4 -2 6 8 -8 -1 -3 -11
right_child=1 9 3 -5 -6 -7 7 -9 -10 10 -12
leaf_value=-0.014442128453036399 0.00015131265158516963 -0.0032654467280120759 -0.025082797824382396 0.021328562916729413 -0.052459438135139341 0.02519347165181034 0.02327439513700685 -0.021259398005642964 -0.034581167969211353 -0.049749707894150175 -0.036441361051742553
leaf_weight=0.50160872104606768 174.51398300662095 0.047670030966400989 5.7554072986240525 17.148170919623226 1.388589322392362 0.2912517600780119 0.39541652523985282 1.6315187910058737 2.6434208740474787 0.29247883033895039 1.1920054751826672
leaf_count=798 55090 8 280 409 81 22 150 780 3614 170 3653
internal_value=-1.37232e-09 0.000583019 0.000879981 0.00966592 -0.000264001 -0.0213796 -0.0240023 -0.0125717 -0.0313691 -0.0379496 -0.0390634
internal_weight=205.802 200.338 198.806 22.9036 175.903 5.46322 5.17196 2.02694 3.14503 1.53215 1.48448
internal_count=65055 59691 55860 689 55171 5364 5342 930 4412 3831 3823
is_linear=0
shrinkage=0.04


Tree=91
num_leaves=13
num_cat=0
split_feature=14 6 15 3 7 11 17 13 18 0 14 17
split_gain=1.60197 3.02175 2.26986 3.03547 2.43996 2.16012 2.07894 1.67383 1.66073 1.03005 0.995714 0.595199
threshold=0.083901129662990584 -0.065814014524221406 45.500000000000007 -0.060276307165622704 0.52827745676040661 0.21184565126895907 -0.0082445638254284841 0.65314078330993663 -0.025248317047953602 0.079150710254907622 0.17156548053026202 -0.005491243675351142
decision_type=2 2 2 2 2 2 2 2 2 2 2 2
left_child=1 5 10 -4 -5 6 -1 8 -3 -9 11 -2
right_child=2 7 3 4 -6 -7 -8 9 -10 -11 -12 -13
leaf_value=-0.020996311398571898 -0.022587635334933992 -0.017504438160322652 0.036455322231933221 -0.024454493718241658 0.0042333786050987674 -0.061295562891676147 0.010327496405324176 -0.01905011812441168 0.0038119950196516886 0.0013699758877792742 0.0014914161205554668 -0.063191208166343119
leaf_weight=3.8106870232368228 1.1083536447840745 8.2557980665669692 4.4889058094267957 4.9819121889158842 99.151560910104308 0.76019249529781419 30.715432150817833 25.771970102252457 20.048568560107924 4.6683579573473244 1.1728073428384957 1.2063343306363088
leaf_count=4589 264 5487 87 2073 4962 170 5453 29119 10038 2521 56 236
internal_value=-4.23141e-10 -0.00385027 0.00322937 0.00424922 0.0028609 0.00540172 0.00687025 -0.00940769 -0.00240557 -0.0159185 -0.028535 -0.0437488
internal_weight=206.141 94.031 112.11 108.622 104.133 35.2863 34.5261 58.7447 28.3044 30.4403 3.4875 2.31469
internal_count=65055 57377 7678 7122 7035 10212 10042 47165 15525 31640 556 500
is_linear=0
shrinkage=0.04


Tree=92
num_leaves=14
num_cat=0
split_feature=18 15 16 18 7 23 3 7 4 3 23 13 14
split_gain=1.46684 2.33537 2.10694 1.94334 4.5581 1.97062 1.71356 1.68461 3.43089 1.33318 0.83555 0.23836 0.459197
threshold=-0.027001189067959782 71.20163726806642 0.22886904761904764 -0.0181744210422039 -0.27923780679702753 1.0000000180025095e-35 -0.36601132154464716 1.3753412365913393 0.41578733921051031 -0.36601132154464716 1.0000000180025095e-35 1.3409076929092409 0.096073158085346236
decision_type=2 2 2 2 2 2 2 2 2 2 2 2 2
left_child=1 2 9 7 10 -6 -4 8 -2 -1 -5 12 -3
right_child=3 11 6 4 5 -7 -8 -9 -10 -11 -12 -13 -14
leaf_value=0.036662808336514932 0.015167434831792278 -0.043708247367236289 -0.072380564340737211 -0.080100540237593373 0.0016449315563371672 -0.025669874042722345 0.0017703528993034362 0.036004145598245905 -0.030137374336648735 -0.025147426575517287 -0.029439866243517031 -0.023523441548139554 -0.0938154479797077
leaf_weight=0.59565450866648362 15.743655309276624 0.76036067702443577 0.50762763188686122 1.2075803804145828 135.99819098491844 4.3615014068109295 28.157731307956968 4.0109179536811999 3.2217803747771532 8.9097775401405652 0.91602839371626021 0.30528221698477853 0.4757103540468961
leaf_count=62 4724 416 71 189 31582 8782 10536 48 563 7834 112 92 44
internal_value=1.48727e-09 -0.00690361 -0.00495439 0.00165694 -8.38489e-05 0.000796158 0.000457233 0.0124521 0.00747122 -0.0212741 -0.0582478 -0.0551751 -0.0629923
internal_weight=205.172 39.7121 38.1708 165.46 142.483 140.36 28.6654 22.9764 18.9654 9.50543 2.12361 1.54135 1.23607
internal_count=65055 19055 18503 46000 40665 40364 10607 5335 5287 7896 301 552 460
is_linear=0
shrinkage=0.04


Tree=93
num_leaves=13
num_cat=0
split_feature=14 6 13 8 14 12 11 17 13 18 5 11
split_gain=1.38206 2.84314 2.16942 3.24474 3.88014 2.28969 1.89516 1.86423 1.49912 1.42371 1.20132 1.00703
threshold=0.083901129662990584 -0.065814014524221406 0.6899542808532716 -0.32067653536796564 0.22027926892042163 0.63173004984855663 0.21184565126895907 -0.0082445638254284841 0.65314078330993663 -0.025248317047953602 0.0075789387337863454 0.13393180072307589
decision_type=2 2 2 2 2 2 2 2 2 2 2 2
left_child=1 6 10 4 -4 -5 7 -1 9 -3 -2 -10
right_child=2 8 3 5 -6 -7 -8 -9 11 -11 -12 -13
leaf_value=-0.020139383436496378 0.038040782619569051 -0.016619700289802645 -0.037057451957240077 0.021454145328983838 0.016013839212762667 0.0016295231891704461 -0.059389972097822125 0.0099622922620116999 -0.028228105034056847 0.0032966506313095189 0.0052555669236368186 -0.011107509707469267
leaf_weight=3.6875563006269649 4.1951104472973375 8.0405737898499883 6.8614161201403459 10.491077534876238 3.2473852975817863 83.616871247941162 0.70783275274879898 30.674748468232792 7.2529609975526936 20.095324697193064 3.1167926086054649 22.70541412813327
leaf_count=4589 116 5487 1116 1089 91 5121 170 5453 16664 10038 145 14976
internal_value=-2.22198e-10 -0.00359617 0.00300403 0.00152633 -0.0200087 0.00383956 0.0053974 0.00673196 -0.00902538 -0.00239497 0.0240657 -0.0152524
internal_weight=204.693 93.1644 111.529 104.217 10.1088 94.1079 35.0701 34.3623 58.0943 28.1359 7.3119 29.9584
internal_count=65055 57377 7678 7417 1207 6210 10212 10042 47165 15525 261 31640
is_linear=0
shrinkage=0.04


Tree=94
num_leaves=14
num_cat=0
split_feature=7 8 4 8 18 12 16 7 8 1 4 3 6
split_gain=1.46539 3.34243 2.66691 3.47338 1.83628 4.3478 3.58167 3.51871 2.66808 1.97878 1.67199 1.63394 1.57948
threshold=0.63142272830009472 -0.58000493049621571 -0.45652477443218226 -0.64870634675025929 0.063603769987821593 0.65847796201705944 0.16496598639455784 2.0031316280364995 -0.40680709481239313 0.011121686547994615 -0.45652477443218226 -0.27140088379383082 -0.10343935340642928
decision_type=2 2 2 2 2 2 2 2 2 2 2 2 2
left_child=1 2 3 -1 7 9 -7 8 -2 -6 -3 -12 -4
right_child=4 10 12 -5 5 6 -8 -9 -10 -11 11 -13 -14
leaf_value=-0.075539037489404562 -0.033681742123848203 0.04380269571260393 0.017053163794053756 0.02049181659913768 0.039268730986494325 0.03277842155237487 -0.0017915378952502595 -0.046467393014430439 0.002037291667894557 0.0051277719857883769 0.013462743143422547 -0.012721156856143801 -0.010036989777111257
leaf_weight=1.3298401074207507 3.5483675622090223 0.91567515232600172 18.611222152540002 1.1020227225963051 8.6907842761138436 5.4178865180292624 41.722636530321324 2.7215077103464855 58.655116074027319 3.9511200940469271 4.1308877743867916 49.580317118706262 4.2253910592553394
leaf_count=199 310 27 506 30 182 162 3070 196 4294 201 471 54978 429
internal_value=1.73502e-09 -0.00422927 0.00780014 -0.0320217 0.00270954 0.00776781 0.00218161 -0.00194808 -2.83295e-07 0.0285983 -0.00979366 -0.0107074 0.0120408
internal_weight=204.603 79.8954 25.2685 2.43186 124.707 59.7824 47.1405 64.925 62.2035 12.6419 54.6269 53.7112 22.8366
internal_count=65055 56640 1164 229 8415 3615 3232 4800 4604 383 55476 55449 935
is_linear=0
shrinkage=0.04


Tree=95
num_leaves=13
num_cat=0
split_feature=4 9 16 16 0 1 16 17 18 3 22 7
split_gain=1.59048 4.71311 2.90242 1.84506 3.13293 2.34313 3.16752 2.23257 1.78283 1.57317 1.72837 1.09801
threshold=2.3819879293441777 27.500000000000004 0.47295321637426907 0.17376207729468601 -0.10947836935520171 0.0026298968587070708 0.56330128205128216 -0.022515061311423775 0.069607369601726546 1.3345883488655093 0.29515947401523596 1.2519875168800356
decision_type=2 2 2 2 2 2 2 2 2 2 2 2
left_child=3 2 -2 4 8 6 -5 -7 -1 10 -3 -6
right_child=1 9 -4 5 11 7 -8 -9 -10 -11 -12 -13
leaf_value=-0.0051475550043959331 -0.059085763096826914 0.011963337593156365 0.00034321133797234055 0.007550273361245482 -0.019075440686367597 -0.043001261397277835 -0.016334345197520757 -0.0037093874402237266 0.048197549083195311 0.0016449536301242121 0.04165198576622841 -0.053724691974928199
leaf_weight=2.4954052357716163 2.1278235694917411 5.9958472588186869 3.4415564781520516 74.039878339332063 11.116114757836838 2.3850880486133965 10.095171778420079 77.381491439557976 1.6754107260494491 5.3751877530012271 6.5811987691558897 1.6851413850090455
leaf_count=267 164 245 131 22125 10413 690 6224 24384 55 159 64 134
internal_value=-4.03041e-10 0.00978459 -0.0223621 -0.00127243 -0.013827 2.75993e-05 0.00468441 -0.00488425 0.0162811 0.0197576 0.0274985 -0.0236366
internal_weight=204.395 23.5216 5.56938 180.874 16.9721 163.902 84.1351 79.7666 4.17082 17.9522 12.577 12.8013
internal_count=65055 763 295 64292 10869 53423 28349 25074 322 468 309 10547
is_linear=0
shrinkage=0.04


Tree=96
num_leaves=13
num_cat=0
split_feature=18 16 16 16 18 1 10 3 6 10 14 6
split_gain=1.631 4.2802 4.26482 4.06331 2.9498 2.58597 2.89247 1.89432 2.12151 1.07458 1.04318 0.66601
threshold=0.063603769987821593 0.17573529411764707 0.21583850931677021 0.16064516129032261 0.083668190985918059 0.58096843957901012 0.70580026507377636 0.7567117214202882 0.57027834653854381 0.30976088345050817 0.22027926892042163 0.57027834653854381
decision_type=2 2 2 2 2 2 2 2 2 2 2 2
left_child=3 9 11 7 -4 6 -5 8 -1 10 -2 -3
right_child=1 2 4 5 -6 -7 -8 -9 -10 -11 -12 -13
leaf_value=-0.025905901603590933 -0.024005871949376742 -0.040551383692573932 0.020189246346129092 -0.0016829373602448648 -0.0014027442338686914 -0.087488843074514003 0.022394812784788182 -0.073642903605477913 0.02655873165944073 0.03772099294814997 0.058727479772602065 -0.090296003458250007
leaf_weight=9.9481892973335544 0.9307215071603403 1.3162502669292724 12.851334678764031 112.32863321164768 47.691491726651293 0.54262801760341872 8.5935628004517621 1.1329879781114858 1.4076966449501913 7.1413304160232656 0.33041382068768144 0.64003167126793403
leaf_count=8862 640 481 2285 42681 9404 63 249 121 21 194 2 52
internal_value=-1.5602e-10 0.00490583 0.00130229 -0.00259665 0.00318056 -0.000362778 2.81931e-05 -0.024323 -0.0194023 0.0317097 -0.00232997 -0.0568262
internal_weight=204.855 70.9016 62.4991 133.954 60.5428 121.465 120.922 12.4889 11.3559 8.40247 1.26114 1.95628
internal_count=65055 13058 12222 51997 11689 42993 42930 9004 8883 836 642 533
is_linear=0
shrinkage=0.04


Tree=97
num_leaves=14
num_cat=0
split_feature=18 4 12 16 1 16 10 3 6 13 15 6 9
split_gain=1.59083 4.14241 4.11814 3.67366 2.9209 2.83329 2.23803 1.62792 2.15554 1.33693 1.11675 1.07959 0.78825
threshold=0.069607369601726546 0.53019747138023388 0.65847796201705944 0.16064516129032261 0.58096843957901012 0.15504807692307696 0.70580026507377636 0.7567117214202882 0.57027834653854381 0.36087131500244146 70.664844512939467 -0.064402744174003587 24.500000000000004
decision_type=2 2 2 2 2 2 2 2 2 2 2 2 2
left_child=3 9 10 7 6 -4 -5 8 -1 12 -3 -11 -2
right_child=1 2 5 4 -6 -7 -8 -9 -10 11 -12 -13 -14
leaf_value=-0.025444717193126114 -0.0034568169344761221 0.013486936679859099 0.03069926547061818 -0.0014649705647948031 -0.086966389401833114 -6.6792632329769512e-05 0.019529279154654126 -0.070040095557531212 0.027233030790699581 -0.074974337859949017 0.038756617850910419 -0.01862601292886578 0.099841757996337044
leaf_weight=9.8284752093377374 0.24277558499306806 4.3459703916450945 5.4368031102058003 115.39666729386227 0.62082465086132188 40.209686882095411 8.7395920685230504 1.0872026490687847 1.4227744609815989 0.57934139644202964 7.8568337366450578 8.9235348779093329 0.23032763386436272
leaf_count=8887 183 305 192 43626 65 3425 280 121 21 219 171 7439 121
internal_value=-9.96588e-12 0.00501067 0.00911573 -0.00247893 -0.000419741 0.00359765 1.30922e-05 -0.0232999 -0.0187834 -0.018794 0.0297569 -0.0220613 0.0468335
internal_weight=204.921 67.8253 57.8493 137.096 124.757 45.6465 124.136 12.3385 11.2512 9.97598 12.2028 9.50288 0.473103
internal_count=65055 12055 4093 53000 43971 3617 43906 9029 8908 7962 476 7658 304
is_linear=0
shrinkage=0.04


Tree=98
num_leaves=9
num_cat=0
split_feature=14 13 0 4 21 18 0 4
split_gain=1.70584 2.69041 1.76419 1.79052 0.886979 0.871093 0.700754 0.296799
threshold=0.22027926892042163 1.7457878589630129 -0.15294261276721952 2.3819879293441777 0.82426470588235301 0.069607369601726546 -0.15294261276721952 0.7973940670490266
decision_type=2 2 2 2 2 2 2 2
left_child=1 2 -1 -4 6 -2 -3 -6
right_child=5 4 3 -5 7 -7 -8 -9
leaf_value=-0.049709705058128682 0.0024162339604158201 0.047669028174737137 -0.0011490800308394048 0.011316223108814322 -0.036297390234905288 0.027813685709504484 -0.023209711364041957 -0.06682864830469655
leaf_weight=1.1399249109526852 3.723144758230772 0.2556894616573121 170.32641178148606 20.675110099720769 1.0135900914465312 5.1490066092810594 1.755274006667604 1.0242238953942431
leaf_count=177 134 22 61537 644 662 121 1590 168
internal_value=-5.80611e-10 -0.000775823 -9.58661e-05 0.000200237 -0.0330443 0.0171558 -0.0141976 -0.0516427
internal_weight=205.062 196.19 192.141 191.002 4.04878 8.87215 2.01096 2.03781
internal_count=65055 64800 62358 62181 2442 255 1612 830
is_linear=0
shrinkage=0.04


Tree=99
num_leaves=10
num_cat=0
split_feature=14 13 15 18 13 11 13 17 10
split_gain=1.87829 2.10504 1.65668 2.84047 2.38654 1.12792 1.27945 0.827635 0.879698
threshold=0.22027926892042163 1.7457878589630129 68.345600128173842 -0.027001189067959782 1.3409076929092409 0.31785546243190771 1.315638601779938 -0.052051123231649392 0.089190591126680388
decision_type=2 2 2 2 2 2 2 2 2
left_child=1 2 4 -4 -1 -2 -7 -3 -9
right_child=5 7 3 -5 -6 6 -8 8 -10
leaf_value=-0.0015978776752033936 0.033396135919336697 0.031585875751040653 -0.038347331146319406 0.0062426418485265903 -0.024741986963800668 0.023985764348831488 -0.016009035428655727 0.028189254749770666 -0.041779619074094027
leaf_weight=114.94333892379473 4.0668897757714131 0.32007360942225238 2.3669271599965205 66.678626216445991 7.600011075837755 2.7247309009544551 2.4132715314626694 0.31550954454723923 3.2389852506312309
leaf_count=46797 42 75 806 10314 4441 25 188 512 1855
internal_value=-5.15561e-10 -0.000831557 -0.000241242 0.00471407 -0.00303325 0.0176579 0.00520058 -0.0300214 -0.0355689
internal_weight=204.668 195.463 191.589 69.0456 122.543 9.20489 5.138 3.87457 3.55449
internal_count=65055 64800 62358 11120 51238 255 213 2442 2367
is_linear=0
shrinkage=0.04


Tree=100
num_leaves=9
num_cat=0
split_feature=14 13 16 3 15 13 0 10
split_gain=1.71691 1.84754 1.67449 3.35674 1.63317 1.28082 0.903963 0.813283
threshold=0.22027926892042163 1.7457878589630129 0.12701612903225809 0.64947217702865612 68.345600128173842 1.7457878589630129 -0.15294261276721952 0.089190591126680388
decision_type=2 2 2 2 2 2 2 2
left_child=1 2 3 -1 -4 -2 -3 -8
right_child=5 6 4 -5 -6 -7 7 -9
leaf_value=-0.0074610127477504383 0.0029658091190030524 0.031586786319037718 -0.0022685113675671616 -0.076650311179559005 0.0055950045212505295 0.032939453625023159 0.025344668518178369 -0.041429585141920799
leaf_weight=10.138403706225288 4.9005643873242644 0.36037833808222819 112.29554728854237 1.2615146561583959 67.756937652505258 4.2672855771379545 0.32263393355242387 3.0575816556192876
leaf_count=7468 137 30 44096 159 10635 118 532 1880
internal_value=2.42103e-09 -0.000794576 -0.000250619 -0.0151175 0.000690669 0.0169174 -0.0286356 -0.0350561
internal_weight=204.361 195.193 191.452 11.3999 180.052 9.16785 3.74059 3.38022
internal_count=65055 64800 62358 7627 54731 255 2442 2412
is_linear=0
shrinkage=0.04


Tree=101
num_leaves=15
num_cat=0
split_feature=14 13 18 22 11 14 11 20 13 13 20 10 1 21
split_gain=1.47956 2.14496 5.29029 3.59965 3.01681 2.97689 2.75524 1.79119 1.47547 3.25291 3.38906 1.97168 3.00772 1.24463
threshold=0.1335747689008713 0.83899512887001049 0.17246892303228381 0.091892860829830184 0.54953023791313182 0.044485718011856086 1.1825036406517031 0.92546296296296304 1.6324449777603152 1.4064165949821474 0.76253132832080206 0.37364740669727331 0.20926609635353091 0.97646733111849404
decision_type=2 2 2 2 2 2 2 2 2 2 2 2 2 2
left_child=1 3 6 5 -4 -1 -3 -5 9 10 -2 -10 -13 -11
right_child=8 2 4 7 -6 -7 -8 -9 11 13 -12 12 -14 -15
leaf_value=-0.0037709044910702108 -0.011659711411097822 -0.011973494542884723 -0.021749425934420651 -0.030131486202180355 0.018719167815143999 0.012730520794474728 -0.059724445169537795 0.0011840782886604563 0.032538738194755196 -0.048258434360486893 0.014997306685531184 -0.054090289410502763 0.017567941321299321 -0.0031753713479004061
leaf_weight=30.240803471371692 11.375065014915888 48.748050789334229 3.6519922479710685 7.3720199965800912 15.275390535622135 41.491921979981271 2.0132180635700925 4.8417778146758792 6.7135578120651171 2.5887895862106225 23.183263794620871 1.2602612373302688 3.6558041807147674 1.5764244691235942
leaf_count=25295 451 27655 2205 1813 947 4094 219 781 271 378 339 253 270 84
internal_value=1.79295e-09 -0.00195025 -0.00713759 0.00235604 0.0109109 0.00577391 -0.0138673 -0.0177174 0.00595052 0.00219814 0.006223 0.0184449 -0.000802052 -0.0311957
internal_weight=203.988 153.635 69.6887 83.9465 18.9274 71.7327 50.7613 12.2138 50.3532 38.7235 34.5583 11.6296 4.91607 4.16521
internal_count=65055 63009 31026 31983 3152 29389 27874 2594 2046 1252 790 794 523 462
is_linear=0
shrinkage=0.04


Tree=102
num_leaves=14
num_cat=0
split_feature=18 18 11 0 16 1 18 13 3 14 10 21 12
split_gain=1.35716 3.58485 4.17553 4.7255 2.92627 2.714 2.33195 2.08702 1.47236 1.44385 0.655944 0.673483 0.644486
threshold=0.069607369601726546 0.07697670161724092 0.54953023791313182 0.17908172309398654 0.16064516129032261 0.58096843957901012 0.083668190985918059 0.86503928899765026 -0.23476610332727429 0.15221097320318225 0.42265838384628301 0.86425061425061445 0.54399442672729503
decision_type=2 2 2 2 2 2 2 2 2 2 2 2 2
left_child=4 10 6 -4 8 7 -3 -6 12 -10 11 -2 -1
right_child=1 2 3 -5 5 -7 -8 -9 9 -11 -12 -13 -14
leaf_value=-0.01804873653554134 0.019504332786470867 0.021686246298842287 0.01132921321092327 -0.033657005667815813 0.0041401563648747856 -0.087492501196006836 -0.024373551570422872 -0.0064858542211258668 -0.020706493387568338 -0.066204734731747705 0.0049000507210948578 0.046818002978405937 0.039744956617808511
leaf_weight=0.48766113050078164 2.3386227882656376 2.0600320713292595 41.507117717264919 4.1055537325737523 74.639705420919199 0.57080187954124895 12.023843550396121 48.980858687409636 9.3987891678334545 1.2663340926519584 1.281438667385373 3.7774496004385583 0.84138215536950156
leaf_count=308 595 637 2282 508 25391 65 7868 18515 8549 135 47 118 37
internal_value=8.91582e-10 0.00465642 0.00140164 0.00728005 -0.00229406 -0.000471881 -0.0176364 -7.00746e-05 -0.0211615 -0.0261088 0.0309219 0.036374 0.0185389
internal_weight=203.28 67.0941 59.6965 45.6127 136.186 124.191 14.0839 123.621 11.9942 10.6651 7.39751 6.11607 1.32904
internal_count=65055 12055 11295 2790 53000 43971 8505 43906 9029 8684 760 713 345
is_linear=0
shrinkage=0.04


Tree=103
num_leaves=15
num_cat=0
split_feature=14 21 10 14 16 18 9 13 20 10 7 10 4 7
split_gain=1.51559 1.90141 3.68292 2.5433 1.98961 1.88688 1.55539 1.33445 3.04646 2.87056 2.6597 1.78085 2.71415 1.23052
threshold=0.1335747689008713 0.95698427382053664 0.70580026507377636 0.11734332144260408 0.63762626262626265 0.17969890683889392 22.500000000000004 1.6324449777603152 0.75809822361546508 0.2453163415193558 1.4553748369216921 0.37364740669727331 1.3087893128395083 0.88327744603157055
decision_type=2 2 2 2 2 2 2 2 2 2 2 2 2 2
left_child=1 4 3 -3 5 -1 -6 8 9 -2 -10 13 -13 -9
right_child=7 2 -4 -5 6 -7 -8 11 10 -11 -12 12 -14 -15
leaf_value=-0.00043096227200156625 0.0090736365090495937 -0.021457832008492429 0.014230474084431411 -0.086394300796056339 0.0013265682217719343 0.014903174517468629 -0.022074976286942549 0.014025658673173423 -0.012614107940234254 -0.028353278816089889 0.018048669218546788 -0.051199745933937724 0.017104294879261267 0.048595855184489098
leaf_weight=104.16452142069556 5.6032158796733693 10.059513236985365 4.8004855377948834 1.0674293062766071 7.6700169831246994 14.644535613835613 11.151221949783574 3.2423542012402304 5.9389425180270363 7.904033548766165 19.02679824171355 1.2470449327665845 3.6705847411649302 3.3490569812711328
leaf_count=44826 284 6711 192 91 4657 2254 4278 244 211 420 337 297 226 27
internal_value=-6.08114e-11 -0.00196923 -0.0150534 -0.0276873 -0.000455053 0.00145914 -0.0125384 0.00604999 0.00247525 -0.0128275 0.0107545 0.0179998 -0.000216694 0.0315906
internal_weight=203.54 153.558 15.9274 11.1269 137.63 118.809 18.8212 49.982 38.473 13.5072 24.9657 11.509 4.91763 6.59141
internal_count=65055 63009 6994 6802 56015 47080 8935 2046 1252 704 548 794 523 271
is_linear=0
shrinkage=0.04


Tree=104
num_leaves=12
num_cat=0
split_feature=4 9 14 21 6 17 11 3 22 4 18
split_gain=1.53233 5.15541 2.61721 2.60368 2.21304 5.34846 1.76488 1.37362 1.67609 1.26035 1.80144
threshold=2.3819879293441777 27.500000000000004 0.18883457034826281 0.94519519519519524 0.74426704645156871 -0.0016190429450944064 0.72990000247955333 1.3345883488655093 0.2145170941948891 1.5442107915878298 -0.0092926677316427213
decision_type=2 2 2 2 2 2 2 2 2 2 2
left_child=2 3 4 -2 6 -6 -1 8 -3 10 -4
right_child=1 7 9 -5 5 -7 -8 -9 -10 -11 -12
leaf_value=-0.0036989726330334096 -0.064284784904573802 0.006861646132763446 0.025332601691138358 -0.0048968688492143763 -0.083840073221687836 -0.0029670317164456894 0.0065552340184728544 0.0025290875141823232 0.03683267792874622 0.029852158104222648 -0.024175252622361192
leaf_weight=128.83881264396769 1.8194490272726422 4.5851856782246641 2.5301653858041391 3.3669521101983264 1.8067901708418501 4.7433052006526841 33.927174893433403 5.4745594785199492 8.5571831272682157 6.0868300008587539 2.1971314505208266
leaf_count=61372 188 216 79 107 171 307 2084 159 93 108 171
internal_value=-1.62681e-10 0.00953821 -0.00126043 -0.0257308 -0.00247895 -0.0252752 -0.00156157 0.0193636 0.0263762 0.0178178 0.00232257
internal_weight=203.934 23.8033 180.13 5.1864 169.316 6.5501 162.766 18.6169 13.1424 10.8141 4.7273
internal_count=65055 763 64292 295 63934 478 63456 468 309 358 250
is_linear=0
shrinkage=0.04


Tree=105
num_leaves=14
num_cat=0
split_feature=14 8 14 4 8 12 4 0 11 4 22 2 3
split_gain=1.4278 1.65587 1.41912 3.08598 2.00536 1.29758 2.2931 1.23336 1.20088 1.06189 0.833433 0.696962 0.44418
threshold=0.04408500716090203 -0.60278719663619984 0.046230025589466102 -0.45652477443218226 -0.53738564252853382 0.29612976312637335 -0.079771697521209703 0.17908172309398654 0.039275111630558975 2.3819879293441777 -0.055653672665357583 -0.10609187558293341 -0.054922655224800103
decision_type=2 2 2 2 2 2 2 2 2 2 2 2 2
left_child=1 8 4 -4 -2 10 -7 -5 11 -6 -3 -1 -10
right_child=2 5 3 7 9 6 -8 -9 12 -11 -12 -13 -14
leaf_value=-0.041063652071601231 0.030753913803219676 -0.010554006469457878 -0.063240053454941977 0.0022591573120863905 -0.02162364247036257 0.024213697964806359 -0.011619378426159194 -0.010847175632605618 0.008211364341833418 0.061650567133996248 -0.033770216104904986 0.0062550045157010173 0.031903615912084973
leaf_weight=0.94013141829054792 5.7417164114303887 4.5969775675876008 1.1973453471800883 144.93095113784511 2.1964988678118957 3.46444281446293 16.308391952024976 12.47706919624761 2.4203480959986332 0.2757670753635465 5.3572850667897018 1.0591087403445261 2.6548753812967338
leaf_count=97 59 2234 155 21409 1474 2332 23793 1219 122 3 11946 105 107
internal_value=9.29042e-10 -0.00713137 0.00157323 0.000733649 0.0177849 -0.0112705 -0.00534098 0.00122027 0.0102614 -0.0123349 -0.0230487 -0.0159963 0.0206049
internal_weight=203.621 36.8016 166.819 158.605 8.21398 29.7271 19.7728 157.408 7.07446 2.47227 9.95426 1.99924 5.07522
internal_count=65055 40736 24319 22783 1536 40305 26125 22628 431 1477 14180 202 229
is_linear=0
shrinkage=0.04


Tree=106
num_leaves=14
num_cat=0
split_feature=7 8 23 4 21 12 13 13 17 16 4 18 4
split_gain=1.3457 2.83676 2.91489 5.37328 2.04052 2.52424 1.54783 2.48865 2.39449 3.04588 1.73511 1.51296 1.48236
threshold=0.63142272830009472 -0.60278719663619984 1.0000000180025095e-35 -0.19774357229471204 0.031754032258064523 0.35721172392368322 1.6324449777603152 1.4064165949821474 -0.012855404056608675 0.70659971305595415 0.59856772422790538 0.16638492047786715 -0.45652477443218226
decision_type=2 2 2 2 2 2 2 2 2 2 2 2 2
left_child=1 2 3 -1 5 -3 7 11 -8 -10 -9 -2 -6
right_child=6 4 -4 -5 12 -7 8 10 9 -11 -12 -13 -14
leaf_value=-0.052171364619704778 0.00012564435347908241 0.030472489901541944 0.0265817037059526 0.012664501694657628 0.040440263500452371 -0.040581515223673162 0.033746175629458114 0.014918881701530018 -0.032746214391916773 0.028971077337957979 -0.031813130781249123 0.01147430464430498 -0.011465133077375846
leaf_weight=2.8066449055550038 81.482699371568742 3.9692802737117736 8.6062891486799344 7.5380675513879396 0.89499301620526139 1.0018912751747846 6.0803124161902815 1.6372060579305969 2.6872470593079907 2.4422018144396134 5.6865647684026044 24.431190640607383 53.756750619994818
leaf_count=410 5530 350 116 400 31 477 199 102 352 176 820 1236 54856
internal_value=1.00288e-09 -0.00409843 0.00938258 -0.00492625 -0.00838334 0.0161522 0.00258768 0.00118412 0.016766 -0.00336176 -0.0213663 0.00274344 -0.0106151
internal_weight=203.021 78.5739 18.951 10.3447 59.6229 4.97117 124.447 113.238 11.2098 5.12945 7.32377 105.914 54.6517
internal_count=65055 56640 926 810 55714 827 8415 7688 727 528 922 6766 54887
is_linear=0
shrinkage=0.04


Tree=107
num_leaves=11
num_cat=0
split_feature=23 14 18 12 16 18 12 6 19 3
split_gain=1.23672 1.15806 1.12704 1.08785 0.424697 0.457163 0.300218 0.185083 0.0240948 0.00958203
threshold=1.5000000000000002 0.014314945321530105 -0.074589297175407396 0.99998426437377941 0.060915275200989494 0.10403414443135263 0.68865787982940685 -0.30221831798553461 0.52405753968253987 0.18472536653280261
decision_type=2 2 2 2 2 2 2 2 2 2
left_child=1 4 6 -4 -1 -6 -3 -2 -9 -10
right_child=7 2 3 -5 5 -7 -8 8 9 -11
leaf_value=0.079005768625806341 0.022697790622683775 -0.027662094924458182 0.0015209053757316133 -0.025719891578900013 -0.025545619268957834 0.035835766895184251 -0.0067626112840920719 -0.052726211493240846 -0.03499650387293593 -0.043383521802445472
leaf_weight=0.067140530212781324 0.083278835285454877 2.6532656708504865 189.26109805632404 2.3750078398006726 3.8258769422964178 0.20451936664903758 1.878212957177311 0.17054367349010013 1.0432988396969447 0.27550859834445884
leaf_count=129 18 3137 44775 560 10568 406 882 179 3923 478
internal_value=-1.25479e-09 0.000277462 0.000717074 0.0011833 -0.0207688 -0.0224309 -0.0189997 -0.0353333 -0.0385782 -0.0367486
internal_weight=201.838 200.265 196.168 191.636 4.09754 4.0304 4.53148 1.57263 1.48935 1.31881
internal_count=65055 60457 49354 45335 11103 10974 4019 4598 4580 4401
is_linear=0
shrinkage=0.04


Tree=108
num_leaves=15
num_cat=0
split_feature=7 6 17 12 0 18 4 18 7 2 18 11 8 5
split_gain=1.16262 2.65489 3.03825 1.9767 1.42143 2.85853 2.74773 2.00416 5.47411 2.85114 1.08334 0.849454 0.529658 0.526682
threshold=0.60244572162628185 -0.065814014524221406 -0.0082445638254284841 0.3501392006874085 0.17908172309398654 -0.0075051833409816018 0.71556499600410473 0.042957050725817687 1.8039995431900027 0.028699345886707309 -0.025248317047953602 0.051157841458916671 -0.53738564252853382 0.012983499560505153
decision_type=2 2 2 2 2 2 2 2 2 2 2 2 2 2
left_child=1 2 12 -4 7 -6 -7 8 -2 -9 13 -12 -1 -3
right_child=4 10 3 -5 5 6 -8 9 -10 -11 11 -13 -14 -15
leaf_value=-0.058498956903140178 0.0005847145573855976 -0.029316440262571707 0.010137561206455963 -0.030985184920093754 0.016992371028514336 0.017911393623877787 -0.037684835226581601 -0.036944986258415059 -0.063544379843445825 0.0099878652491191249 -0.027766356551487792 -0.0055532614018920217 -0.022671572885190696 -0.0041733713857506653
leaf_weight=0.90042546312906813 48.215374954044819 6.4569879137579829 30.699509741251859 1.9915621378040658 3.9468670525238849 1.8572267633862773 6.0742045065853745 2.1428114914451717 2.228143417654791 61.813863844639855 3.0542173769572427 28.068616231945271 2.4748045572450783 1.6797885269343167
leaf_count=259 4130 10287 4478 1294 138 125 609 334 204 3385 8148 25468 4475 1721
internal_value=-8.11185e-10 -0.00393298 0.00390191 0.00763234 0.00234605 -0.0108242 -0.0246664 0.00371353 -0.00224794 0.00841542 -0.0111306 -0.00773313 -0.0322294 -0.0241258
internal_weight=201.604 75.3259 36.0663 32.6911 126.278 11.8783 7.93143 114.4 50.4435 63.9567 39.2596 31.1228 3.37523 8.13678
internal_count=65055 56130 10506 5772 8925 872 734 8053 4334 3719 45624 33616 4734 12008
is_linear=0
shrinkage=0.04


Tree=109
num_leaves=11
num_cat=0
split_feature=4 11 14 0 9 7 21 4 14 17
split_gain=1.2904 4.50761 3.66348 3.54973 3.34891 2.94924 2.66054 1.88648 1.66847 1.06381
threshold=2.1022181510925297 1.7671085596084597 0.18883457034826281 0.17908172309398654 27.500000000000004 2.0031316280364995 0.94519519519519524 1.5442107915878298 0.15997555851936343 0.056358635425567634
decision_type=2 2 2 2 2 2 2 2 2 2
left_child=1 2 5 4 6 -1 -2 -4 -6 -5
right_child=3 -3 7 9 8 -7 -8 -9 -10 -11
leaf_value=-0.0019042271534934563 -0.048026135592290312 -0.075554377571729975 0.004066681591317494 -0.057658545872923253 0.026370263684025605 -0.10069769547850445 0.00586648928288946 0.039369631462795408 -0.0020505033869573385 -0.0091622882480773948
leaf_weight=160.39248719890657 2.2290480257361258 1.2990257199271571 4.5022231765324232 1.5017206236952909 15.837632662442049 0.48493695229990308 4.2795566180138849 5.2412916544126347 4.1764986195921656 1.3969329963438211
leaf_count=63549 204 150 239 109 368 34 105 65 132 100
internal_value=-5.40052e-10 -0.00132472 -0.000759572 0.00774083 0.012334 -0.00220202 -0.0125905 0.0230571 0.0204395 -0.034287
internal_weight=201.341 171.92 170.621 29.4214 26.5227 160.877 6.5086 9.74351 20.0141 2.89865
internal_count=65055 64037 63887 1018 809 63583 309 304 500 209
is_linear=0
shrinkage=0.04


Tree=110
num_leaves=12
num_cat=0
split_feature=4 11 14 9 16 7 18 11 4 3 11
split_gain=1.43484 3.42674 3.20523 2.4243 3.47364 2.0843 1.97437 5.3366 1.8804 1.3972 0.870606
threshold=2.1022181510925297 1.7671085596084597 0.18883457034826281 27.500000000000004 0.30993431855500825 2.0031316280364995 0.027463063597679142 0.43139754235744482 1.5442107915878298 1.3345883488655093 2.4473962783813481
decision_type=2 2 2 2 2 2 2 2 2 2 2
left_child=1 2 5 4 -2 -1 7 -5 -4 -8 -6
right_child=3 -3 8 6 10 -7 9 -9 -10 -11 -12
leaf_value=-0.0020577845381886165 -0.058056475798189608 -0.069807144912828481 0.002528633258993124 0.031269166916350483 -0.0089349267369396353 -0.098725659185577366 0.030125747129100783 -0.046241793667994545 0.037977007956709982 0.0049140774402188 0.022320368779498372
leaf_weight=160.95577107150348 1.9015262864413696 1.163725301856174 4.4760457462398318 3.0125759087386568 3.4014872931002174 0.35766801645513524 11.011863839055879 2.6904570240876637 5.1480524359503761 5.167421188671141 2.4551089227898046
leaf_count=63549 140 150 239 70 199 34 209 208 65 136 56
internal_value=7.61291e-10 -0.00139995 -0.000934244 0.00812855 -0.0110837 -0.00227212 0.01494 -0.00529733 0.0214904 0.0220735 0.00416742
internal_weight=201.742 172.101 170.938 29.6404 7.75812 161.313 21.8823 5.70303 9.6241 16.1793 5.8566
internal_count=65055 64037 63887 1018 395 63583 623 278 304 345 255
is_linear=0
shrinkage=0.04


Tree=111
num_leaves=11
num_cat=0
split_feature=4 11 14 13 4 9 21 14 15 8
split_gain=1.54555 2.83871 3.00624 1.86187 1.79328 1.77648 2.57511 1.87916 1.4062 1.00054
threshold=2.1022181510925297 1.7671085596084597 0.18883457034826281 0.83899512887001049 1.5442107915878298 27.500000000000004 0.94519519519519524 0.15997555851936343 72.633998870849624 -0.11562442034482955
decision_type=2 2 2 2 2 2 2 2 2 2
left_child=1 2 3 -1 -4 6 9 8 -7 -2
right_child=5 -3 4 -5 -6 7 -8 -9 -10 -11
leaf_value=0.0020741709569826105 -0.021039511722805698 -0.065871402192531139 0.0021853245871034845 -0.0065092698010234028 0.036842127510897792 0.00618674392926832 0.0074894021114035626 -0.00898916850744352 0.02951991535591314 -0.07409991943841765
leaf_weight=78.941188819852869 1.3717028588871474 1.0871999720693555 4.4681556757714116 82.891018166787944 5.1333645366830751 6.8461190798552769 5.188654733588919 4.4078298287786302 10.426260338106657 0.97119020042009907
leaf_count=31682 146 150 239 31901 65 262 144 179 182 105
internal_value=1.0184e-09 -0.00144069 -0.00103208 -0.0023223 0.0207143 0.00850855 -0.00822741 0.0143225 0.0202715 -0.0430344
internal_weight=201.733 172.521 171.434 161.832 9.60152 29.2118 7.53155 21.6802 17.2724 2.34289
internal_count=65055 64037 63887 63583 304 1018 395 623 444 251
is_linear=0
shrinkage=0.04


Tree=112
num_leaves=12
num_cat=0
split_feature=4 14 7 1 9 16 14 4 18 15 15
split_gain=1.60666 2.27865 1.73541 1.62156 1.51194 2.00601 1.90861 1.43665 1.63522 1.23327 0.643869
threshold=2.1022181510925297 0.18883457034826281 2.0031316280364995 -0.032463496550917618 27.500000000000004 0.42020373514431247 0.15997555851936343 1.5442107915878298 -0.0092926677316427213 72.633998870849624 68.07083892822267
decision_type=2 2 2 2 2 2 2 2 2 2 2
left_child=1 2 3 -1 5 10 9 8 -3 -6 -2
right_child=4 7 -4 -5 6 -7 -8 -9 -10 -11 -12
leaf_value=0.0027991505374893666 -0.015339898831467502 0.023901738990316931 -0.089951552401838733 -0.0054820275467647875 0.0065986499241442956 0.0086474671852863113 -0.0097415577692656838 0.032002547160947643 -0.023934905963764713 0.028146236251212584 -0.054608574343033699
leaf_weight=60.171434930988653 1.351395665493331 2.4021779551112559 0.36311379744438355 101.90598285331089 7.0125441616983215 4.7016492241527885 4.4082343475456574 5.0916842449223623 2.1817802953009942 10.787820515455676 1.3212445134413426
leaf_count=16680 78 79 46 46980 262 190 179 81 171 182 127
internal_value=-7.75429e-10 -0.00148006 -0.00260332 -0.00240763 0.00861115 -0.00708193 0.013822 0.0173779 0.00113341 0.0196575 -0.0347527
internal_weight=201.699 172.116 162.441 162.077 29.5829 7.37429 22.2086 9.67564 4.58396 17.8004 2.67264
internal_count=65055 64037 63706 63660 1018 395 623 331 250 444 205
is_linear=0
shrinkage=0.04


Tree=113
num_leaves=12
num_cat=0
split_feature=4 11 14 4 13 18 11 13 18 14 13
split_gain=1.4627 2.09693 2.47995 1.53809 1.53653 1.35096 3.75666 1.89521 1.70072 1.60162 1.07857
threshold=2.1022181510925297 1.7671085596084597 0.18883457034826281 1.5442107915878298 0.83899512887001049 0.044627062976360328 0.42223611474037176 1.0332366824150088 0.21139615774154666 0.15997555851936343 0.92982494831085216
decision_type=2 2 2 2 2 2 2 2 2 2 2
left_child=1 2 4 -4 -1 6 -2 -8 10 -10 -7
right_child=5 -3 3 -5 -6 8 7 -9 9 -11 -12
leaf_value=0.0017449405812342753 0.025763378789122098 -0.059911282119258689 0.0019254364670161503 0.034466552424728118 -0.006054871710435593 0.03563830225456209 -0.0092069182417516913 -0.059401874416735792 -0.032033571163656169 0.014429492400752099 0.013077290680209004
leaf_weight=79.309723298095378 3.8900935630663316 0.97465428482973848 4.4311455612187256 4.8872166576329619 82.390902101637948 5.1351784594589871 3.6678917617537081 1.7913099516881628 2.1691414313390842 2.6217481940984726 9.9785168136004341
leaf_count=31682 103 150 239 65 31901 71 226 141 149 102 226
internal_value=-7.56749e-11 -0.00140639 -0.00107297 0.0189923 -0.00222928 0.00826868 -0.0042736 -0.0256772 0.0141599 -0.0066073 0.0207428
internal_weight=201.248 171.994 171.019 9.31836 161.701 29.2539 9.3493 5.4592 19.9046 4.79089 15.1137
internal_count=65055 64037 63887 304 63583 1018 470 367 548 251 297
is_linear=0
shrinkage=0.04


Tree=114
num_leaves=13
num_cat=0
split_feature=4 14 7 7 15 4 18 18 11 7 20 18
split_gain=1.65758 1.92801 1.57834 4.09193 1.76699 1.27075 1.41087 1.25835 2.96057 1.4665 2.59136 0.907001
threshold=2.1022181510925297 0.18883457034826281 -0.31706994771957392 -0.028031049296259877 32.812154769897468 1.5442107915878298 -0.0092926677316427213 -0.0025548156118020411 0.46109800040721899 1.6692986488342287 0.76253132832080206 -0.043312653899192803
decision_type=2 2 2 2 2 2 2 2 2 2 2 2
left_child=1 2 4 -4 -1 6 -3 8 -2 -9 -11 -10
right_child=7 5 3 -5 -6 -7 -8 9 11 10 -12 -13
leaf_value=-0.015890706150817797 0.018877321557501686 0.022003116677693373 -0.030164159756734827 -0.002106641832291692 0.017017610183583533 0.029751315932912886 -0.022512974212462226 0.027670752478905287 -0.016622324003215082 -0.019721066664984816 0.015427559050320521 -0.068003921863972291
leaf_weight=3.3498951762448987 2.6215107457828735 2.3715170725190546 8.8479229471286072 138.51305432793924 11.829381038682184 5.0441372140776366 2.1920557857374643 7.1811024735216078 1.0320485140982785 4.556620339513759 12.737717335345222 1.1760795320151372
leaf_count=209 94 79 17956 45249 292 81 171 129 134 237 326 98
internal_value=-7.51053e-10 -0.00149703 -0.00252622 -0.00379129 0.00975512 0.0159144 0.000620363 0.00879407 -0.00986533 0.0124761 0.00616679 -0.0439889
internal_weight=201.453 172.148 162.54 147.361 15.1793 9.60771 4.56357 29.3051 4.82964 24.4754 17.2943 2.20813
internal_count=65055 64037 63706 63205 501 331 250 1018 326 692 563 232
is_linear=0
shrinkage=0.04


Tree=115
num_leaves=11
num_cat=0
split_feature=4 11 14 9 21 1 14 4 15 9
split_gain=1.33454 1.76227 1.91826 1.60335 1.98193 1.44324 1.42432 1.22168 1.19913 0.977856
threshold=2.1022181510925297 1.7671085596084597 0.18883457034826281 27.500000000000004 0.94519519519519524 -0.032463496550917618 0.15997555851936343 1.5442107915878298 72.633998870849624 25.500000000000004
decision_type=2 2 2 2 2 2 2 2 2 2
left_child=1 2 5 4 9 -1 8 -4 -5 -2
right_child=3 -3 7 6 -6 -7 -8 -9 -10 -11
leaf_value=0.00284994356047462 -0.067494027004878471 -0.05734020135008034 0.0013821681067357186 0.0055277440412583754 0.0056968525963610531 -0.0049735868668548313 -0.0071471013654147699 0.030598431057893137 0.027002660106903158 -0.014802154799034134
leaf_weight=60.111180079409678 1.055658503959424 0.89449405285995354 4.3581273044401296 6.8903758856467965 5.030806417344138 101.31418237995422 4.3290968162036725 4.8255364266224205 10.500063950952606 1.2087652697227893
leaf_count=16654 131 150 239 262 144 46929 179 65 182 120
internal_value=-9.49349e-10 -0.00134221 -0.00104862 0.00793369 -0.00829079 -0.00206028 0.0133832 0.0167338 0.0184939 -0.0393667
internal_weight=200.518 171.504 170.609 29.0148 7.29523 161.425 21.7195 9.18366 17.3904 2.26442
internal_count=65055 64037 63887 1018 395 63583 623 304 444 251
is_linear=0
shrinkage=0.04


Tree=116
num_leaves=12
num_cat=0
split_feature=4 11 14 13 9 16 18 11 4 3 5
split_gain=1.42112 1.63575 1.736 1.45381 1.39579 1.79473 1.46308 4.32399 1.14375 1.12929 0.647109
threshold=2.1022181510925297 1.7671085596084597 0.18883457034826281 0.83899512887001049 27.500000000000004 0.42020373514431247 0.044627062976360328 0.63645917177200328 1.5442107915878298 1.3345883488655093 0.086211532354354872
decision_type=2 2 2 2 2 2 2 2 2 2 2
left_child=1 2 3 -1 5 10 7 -6 -4 -8 -2
right_child=4 -3 8 -5 6 -7 9 -9 -10 -11 -12
leaf_value=0.0017835560510933233 -0.014931151386873977 -0.058577450237834637 0.0011666005487305235 -0.0058109706091282387 0.021688098070905392 0.0077993327440166243 0.027474825875476255 -0.046411105041804984 0.029632893370756964 0.0044958566435550932 -0.055139898387725657
leaf_weight=79.320379034775215 1.3554838698764826 0.79652245360193674 4.3545509410905634 82.04484416161722 4.1534358063363497 4.6049799724714831 10.33959311514627 2.328013208360062 4.6913425294915214 5.1145267430692902 1.2139423640910534
leaf_count=31682 99 150 239 31901 119 190 182 192 65 130 106
internal_value=-3.40119e-09 -0.00138924 -0.00112193 -0.00207782 0.00817065 -0.00714482 0.0131798 -0.00277184 0.0159297 0.01987 -0.033928
internal_weight=200.318 171.208 170.411 161.365 29.11 7.17441 21.9356 6.48145 9.04589 15.4541 2.56943
internal_count=65055 64037 63887 63583 1018 395 623 311 304 312 205
is_linear=0
shrinkage=0.04


Tree=117
num_leaves=12
num_cat=0
split_feature=4 13 22 6 1 12 18 3 14 8 15
split_gain=1.37293 1.4058 2.86298 1.68042 1.40467 2.83904 3.29902 1.34416 1.10256 1.21481 0.310575
threshold=2.1022181510925297 0.55218923091888439 0.20563595741987231 0.82335397601127636 -0.032463496550917618 0.82800492644310009 0.062905870378017439 1.1572695374488833 0.18883457034826281 -0.64870634675025929 59.934406280517585
decision_type=2 2 2 2 2 2 2 2 2 2 2
left_child=4 -2 3 -3 5 6 -1 -4 9 -6 -7
right_child=1 2 7 -5 8 10 -8 -9 -10 -11 -12
leaf_value=-0.00032830251448067783 0.029064790517813407 -0.037802386642918594 0.020860177126375803 0.013620813413392449 -0.034536709451525004 -0.014618992985920294 0.021363541725452611 -8.1667475080904022e-05 0.012998201458034276 -0.0044787043492755061 -0.053320353354314794
leaf_weight=47.505012985890062 4.3317236873554092 3.504781588024346 10.603762279613877 1.4322768728015942 2.1990880356097469 0.42714268587587767 14.685841050046291 9.1229618110228312 5.6675686051021321 99.083529395531514 1.4858491521881658
leaf_count=14327 140 296 165 72 386 114 2005 345 185 46636 384
internal_value=-5.79846e-10 0.00804854 0.00435744 -0.0228841 -0.00136432 0.00331767 0.00479404 0.0111753 -0.0041706 -0.00513134 -0.0446789
internal_weight=200.05 28.9955 24.6638 4.93706 171.054 64.1038 62.1909 19.7267 106.95 101.283 1.91299
internal_count=65055 1018 878 368 64037 16830 16332 510 47207 47022 498
is_linear=0
shrinkage=0.04


Tree=118
num_leaves=15
num_cat=0
split_feature=18 4 12 9 16 13 18 14 13 4 13 9 7 11
split_gain=1.35895 3.10307 2.97891 2.93525 2.4808 1.75595 4.50986 1.82699 1.7307 1.43037 1.42317 1.22615 1.18648 0.829934
threshold=0.069607369601726546 0.53019747138023388 0.63817083835601818 23.500000000000004 0.15075757575757578 0.9535978138446809 0.050595071166753776 0.12073883414268495 1.0956401228904726 1.7761802673339846 0.36087131500244146 26.500000000000004 0.77835485339164745 0.85980194807052623
decision_type=2 2 2 2 2 2 2 2 2 2 2 2 2 2
left_child=4 10 11 -4 8 7 -7 -6 9 -1 -2 -3 -12 -10
right_child=1 2 3 -5 5 6 -8 -9 13 -11 12 -13 -14 -15
leaf_value=-0.020263224351414443 0.04914183014207707 0.0050579144333849704 0.019812669371603839 -0.0023856972468383995 0.00071694941536570498 -0.0033953175499151739 -0.050541385462572606 0.021581268025635331 -0.033019099149278523 0.019845023003515379 -0.014417073140226484 0.036020394204531646 -0.057455157542435992 -0.078920520188079643
leaf_weight=5.7054212690636614 0.5031380238069677 2.8094349693274108 13.294455554161685 33.664322662865743 75.831267193596432 35.242211300896088 3.5756981867834829 7.3674259799299753 2.3732303218166639 1.8952352625783531 7.9582121154526231 7.5346850797068328 1.1763869682326911 0.85814043876598578
leaf_count=6526 304 218 845 2840 29135 13344 1757 156 1918 74 7500 190 158 90
internal_value=-1.22574e-09 0.00464739 0.00817931 0.00389886 -0.00234176 -0.00071313 -0.00773816 0.00256453 -0.0206874 -0.0102622 -0.0163522 0.0276111 -0.0199597 -0.0452089
internal_weight=199.789 66.9406 57.3029 46.9588 132.849 122.017 38.8179 83.1987 10.832 7.60066 9.63774 10.3441 9.1346 3.23137
internal_count=65055 12055 4093 3685 53000 44392 15101 29291 8608 6600 7962 408 7658 2008
is_linear=0
shrinkage=0.04


Tree=119
num_leaves=13
num_cat=0
split_feature=18 4 18 14 18 9 21 10 6 12 18 13
split_gain=1.31685 1.27761 1.69598 2.05904 1.83635 1.41262 1.70308 1.22137 0.254634 0.320949 0.3499 0.0764236
threshold=-0.074589297175407396 2.1022181510925297 -0.065147932618856416 0.09979294985532762 -0.054793629795312875 27.500000000000004 0.94519519519519524 0.25002841651439672 -0.23217421025037763 0.6349124312400819 -0.11639535054564475 0.17719537764787677
decision_type=2 2 2 2 2 2 2 2 2 2 2 2
left_child=8 2 3 -2 -4 6 -3 -7 -1 11 -11 -10
right_child=1 5 4 -5 -6 7 -8 -9 9 10 -12 -13
leaf_value=0.014921635408069948 -0.0058926045289061212 -0.037514318484414291 -0.02923770757589645 0.037721841348116167 -0.0010026527292559314 0.029007199313155985 0.0057012121102723735 0.0075777327994942028 0.010760639160846944 0.017372637268645821 -0.0205010018702434 -0.035363633723280018
leaf_weight=0.30446824197133526 3.1072832991958412 2.0876908774953362 3.7752322269743663 3.9127733443165198 155.08213119070388 5.869343226891945 4.8456687935395166 15.475737772649152 0.059097862137604706 0.48839037197831237 1.943099851010629 2.0946591748697756
leaf_count=81 1853 239 2572 66 54277 130 136 418 111 234 1082 3856
internal_value=-3.24022e-10 0.00051632 -0.000823413 0.0184168 -0.00167366 0.00837501 -0.00731133 0.0134703 -0.0205015 -0.0228537 -0.0128937 -0.034098
internal_weight=199.046 194.156 165.877 7.02006 158.857 28.2784 6.93336 21.3451 4.88972 4.58525 2.43149 2.15376
internal_count=65055 59691 58768 1919 56849 923 375 548 5364 5283 1316 3967
is_linear=0
shrinkage=0.04


end of trees

feature_importances:
vol_7=188
ma90_dev=172
peer_med_7=144
dd_60=132
vol_ratio=118
r_30=82
pos_60=68
r_14=65
rsi_14=62
up_14=59
dsl_30=56
peer_rank_7=55
peer_rs7=45
peer_breadth1=41
r_3=40
ma30_dev=35
peer_med_1=35
r_7=34
peer_rank_3=34
r_1=28
up_7=23
cat_code=20
peer_rank_1=11
ma7_dev=8

parameters:
[boosting: gbdt]
[objective: lambdarank]
[metric: ndcg]
[tree_learner: serial]
[device_type: cpu]
[data_sample_strategy: bagging]
[data: ]
[valid: ]
[num_iterations: 120]
[learning_rate: 0.04]
[num_leaves: 15]
[num_threads: 2]
[seed: 389]
[deterministic: 0]
[force_col_wise: 0]
[force_row_wise: 0]
[histogram_pool_size: -1]
[max_depth: 4]
[min_data_in_leaf: 100]
[min_sum_hessian_in_leaf: 0.001]
[bagging_fraction: 1]
[pos_bagging_fraction: 1]
[neg_bagging_fraction: 1]
[bagging_freq: 0]
[bagging_seed: 27313]
[bagging_by_query: 0]
[feature_fraction: 1]
[feature_fraction_bynode: 1]
[feature_fraction_seed: 24186]
[extra_trees: 0]
[extra_seed: 31967]
[early_stopping_round: 0]
[early_stopping_min_delta: 0]
[first_metric_only: 0]
[max_delta_step: 0]
[lambda_l1: 0]
[lambda_l2: 0]
[linear_lambda: 0]
[min_gain_to_split: 0]
[drop_rate: 0.1]
[max_drop: 50]
[skip_drop: 0.5]
[xgboost_dart_mode: 0]
[uniform_drop: 0]
[drop_seed: 23585]
[top_rate: 0.2]
[other_rate: 0.1]
[min_data_per_group: 100]
[max_cat_threshold: 32]
[cat_l2: 10]
[cat_smooth: 10]
[max_cat_to_onehot: 4]
[top_k: 20]
[monotone_constraints: ]
[monotone_constraints_method: basic]
[monotone_penalty: 0]
[feature_contri: ]
[forcedsplits_filename: ]
[refit_decay_rate: 0.9]
[cegb_tradeoff: 1]
[cegb_penalty_split: 0]
[cegb_penalty_feature_lazy: ]
[cegb_penalty_feature_coupled: ]
[path_smooth: 0]
[interaction_constraints: ]
[verbosity: -1]
[saved_feature_importance_type: 0]
[use_quantized_grad: 0]
[num_grad_quant_bins: 4]
[quant_train_renew_leaf: 0]
[stochastic_rounding: 1]
[linear_tree: 0]
[max_bin: 255]
[max_bin_by_feature: ]
[min_data_in_bin: 3]
[bin_construct_sample_cnt: 200000]
[data_random_seed: 1308]
[is_enable_sparse: 1]
[enable_bundle: 1]
[use_missing: 1]
[zero_as_missing: 0]
[feature_pre_filter: 1]
[pre_partition: 0]
[two_round: 0]
[header: 0]
[label_column: ]
[weight_column: ]
[group_column: ]
[ignore_column: ]
[categorical_feature: ]
[forcedbins_filename: ]
[precise_float_parser: 0]
[parser_config_file: ]
[objective_seed: 23528]
[num_class: 1]
[is_unbalance: 0]
[scale_pos_weight: 1]
[sigmoid: 1]
[boost_from_average: 1]
[reg_sqrt: 0]
[alpha: 0.9]
[fair_c: 1]
[poisson_max_delta_step: 0.7]
[tweedie_variance_power: 1.5]
[lambdarank_truncation_level: 30]
[lambdarank_norm: 1]
[label_gain: ]
[lambdarank_position_bias_regularization: 0]
[eval_at: 1,2,3,4,5]
[multi_error_top_k: 1]
[auc_mu_weights: ]
[num_machines: 1]
[local_listen_port: 12400]
[time_out: 120]
[machine_list_filename: ]
[machines: ]
[gpu_platform_id: -1]
[gpu_device_id: -1]
[gpu_device_id_list: ]
[gpu_use_dp: 0]
[num_gpu: 1]

end of parameters

pandas_categorical:[]
