tree
version=v4
num_class=1
num_tree_per_iteration=1
label_index=0
max_feature_idx=75
objective=regression_l1
feature_names=lr1 r_1 r_3 r_5 r_7 r_10 r_14 r_21 r_30 r_45 r_60 r_90 ma7_dev ma14_dev ma30_dev ma60_dev ma90_dev ma7_30 ma14_60 ma30_90 dd_7 up_7 pos_7 dd_14 up_14 pos_14 dd_30 up_30 pos_30 dd_60 up_60 pos_60 dd_90 up_90 pos_90 rsi_7 rsi_14 bb_pctb bb_width vol_7 vol_14 vol_30 atr14 vol_ratio streak dsh_30 dsl_30 body range lower_shadow upper_shadow down_days_7 down_days_14 flat_14 logp cat_code dow breadth7 above_ma30 mkt_med_r7 mkt_med_r30 mkt_r_3 mkt_r_7 mkt_r_14 mkt_r_30 mkt_r_60 mkt_dd_90 mkt_up_90 mkt_ma30_dev mkt_vol_14 rs_7 rs_30 r_30_rank r_7_rank dd_60_rank vol_30_rank
feature_infos=[-1.4964557886123657:2.1541650295257568] [-0.77607762813568115:7.620689868927002] [-0.8636777400970459:8.6525096893310547] [-0.87941175699234009:8.4696969985961914] [-0.88927996158599854:8.8039216995239258] [-0.88753539323806763:8.7276268005371094] [-0.89936619997024536:10.182108879089355] [-0.90311866998672485:10.363636016845703] [-0.90042793750762939:15.769230842590332] [-0.93405407667160034:28.811321258544922] [-0.91820579767227173:31.139951705932617] [-0.92482995986938477:33.433334350585938] [-0.83630931377410889:3.2599804401397705] [-0.85538274049758911:4.9261765480041504] [-0.85147470235824585:6.6390304565429688] [-0.85581934452056885:7.8354830741882324] [-0.84793907403945923:8.4109954833984375] [-0.83323937654495239:1.8432828187942505] [-0.79721689224243164:1.9172275066375732] [-0.7632027268409729:1.5600550174713135] [-0.99762123823165894:0] [0:41.661903381347656] [0:1] [-0.99799978733062744:0] [0:41.661903381347656] [0:1] [-0.99829983711242676:0] [0:41.661903381347656] [0:1] [-0.99829983711242676:0] [0:60.111110687255859] [0:1] [-0.99829983711242676:0] [0:60.111110687255859] [0:1] [0:100] [0:100] [-2.1241564750671387:2.1242644786834717] [0:5.6904020309448242] [0:0.8566441535949707] [0:0.59436655044555664] [6.1887556512374431e-05:0.49985387921333313] [8.2706765169859864e-06:90.7166748046875] [0:2.1981148719787598] [-46:13] [0:29] [0:29] [-0.87294071912765503:7.620689868927002] [0:158.94401550292969] [0:0.95028847455978394] [0:156.35209655761719] [0:7] [0:14] [0:0.89999997615814209] [-1.309333324432373:11.944707870483398] [0:2] [0:6] [0:0.88732391595840454] [0:0.91293323040008545] [-0.48993223905563354:0.32275131344795227] [-0.37817257642745972:0.39363417029380798] [-0.23631417751312256:0.22629034519195557] [-0.30265086889266968:0.22934198379516602] [-0.35573035478591919:0.39302742481231689] [-0.3585476279258728:0.41720044612884521] [-0.47616362571716309:0.46575379371643066] [-0.50132149457931519:0] [0:0.50958162546157837] [-0.27879565954208374:0.23819877207279205] [0.0066956966184079647:0.086818456649780273] [-0.85054284334182739:8.8477973937988281] [-0.98684298992156982:15.781658172607422] [0.00078247260535135865:1] [0.00078247260535135865:1] [0.00078247260535135865:1] [0.00078247260535135865:1]
tree_sizes=3166 3157 3171 3166 3166 3143 3162 3145 3118 3158 3168 3146 3169 3169 3190 3158 3178 3155 3163 3157 3148 3140 3137 3157 3165 3148 3123 3170 3162 3141 3159 3156 3146 3177 3155 3137 3137 3164 3152 3113 3146 3156 3138 3154 3164 3125 3142 3149 3092 3155 3116 3140 3118 3147 3114 3155 3141 3135 3158 3176 3165 3151 3153 3142 3130 3125 3112 3120 3135 3116 3162 3131 3161 3158 3126 3113 3181 3131 3123 3156 3131 3151 3098 3182 3125 3175 3122 3122 3073 3157 3124 3122 3161 3138 3162 3158 3141 3137 3151 3153 3135 3136 3096 3099 3157 3154 3171 3163 3136 3141 3115 3117 3152 3131 3096 3128 3157 3131 3159 3096 3134 3096 3105 3103 3154 3102 3117 3164 3094 3116 3115 3086 3130 3108 3142 3167 3111 3128 3137 3116 3084 3161 3126 3101 3121 3109 3125 3148 3079 3153 3130 3120 3087 3150 3131 3097 3101 3085 3160 3130 3094 3128 3125 3122 3106 3103 3106 3094 3171 3134 3127 3118 3155 3109 3125 3136 3134 3072 3156 3073 3070 3150 3120 3082 3078 3095 3134 3131 3128 3131 3129 3158 3096 3117 3127 3175 3148 3064 3087 3076 3152 3125 3135 3111 3131 3147 3080 3158 3100 3088 3099 3151 3078 3120 3071 3124 3097 3109 3073 3162 3090 3126 3136 3152 3147 3076 3087 3104 3128 3085 3110 3129 3139 3084 3105 3084 3096 3110 3128 3129 3120 3103 3075 3082 3090 3134 3106 3103 3133 3103 3152 3174 3091 3113 3120 3113 3073 3107 3088 3142 3095 3103 3115 3098 3126 3129 3077 3119 3133 3102 3138 3107 3121 3115 3102 3114 3102 3121 3104 3094 3146 3111 3093 3126 3073 3100 3115 3148 3099 3114 3151 3138 3129 3068 3074 3105 3115 3112 3106 3119

Tree=0
num_leaves=31
num_cat=0
split_feature=41 64 69 64 54 54 64 64 54 69 69 41 55 32 54 11 41 74 13 69 63 11 71 64 63 65 11 41 65 64
split_gain=1012.66 2303.55 1062.28 999.046 938.112 784.728 1833.78 1741.43 1391.18 1045.58 805.432 775.989 775.941 703.973 651.229 628.647 538.78 529.274 520.23 508.335 497.785 936.841 457.335 444.716 423.777 419.062 516.191 386.249 410.023 342.874
threshold=0.025612433440983299 -0.050559073686599725 0.011557383462786676 -0.19646158814430234 5.2516713142395028 7.3266301155090341 -0.033014029264450066 -0.021728426218032833 5.2988171577453622 0.022214193828403953 0.022214193828403953 0.15303128212690356 1.5000000000000002 -0.34319731593132013 5.7778069972991952 0.072178728878498091 0.17003232240676883 0.26843050122261053 0.16655326634645465 0.010981327388435604 -0.029126673936843869 0.3236574530601502 0.14693544805049899 0.14481955766677859 0.045551598072052009 -0.26936599612236017 -0.11070325970649718 0.042185133323073394 -0.056580841541290276 -0.062025576829910271
decision_type=8 8 10 10 2 2 8 10 2 10 10 10 2 10 2 10 10 8 10 10 10 10 10 8 10 8 8 10 8 10
left_child=1 3 4 -1 -3 6 14 11 9 12 -9 19 15 -5 25 18 -16 -12 -8 -7 21 -11 -21 -4 -17 26 -2 -27 -29 -30
right_child=5 2 23 13 -6 7 8 10 -10 20 17 -13 -14 -15 16 24 -18 -19 -20 22 -22 -23 -24 -25 -26 27 -28 28 29 -31
leaf_value=-0.00019670482724905015 0.00091542978771030903 0.00010090200230479242 0.00063912742771208295 0.00081501286476850512 -0.0030909924767911438 -0.0056443646550178531 0.001979162823408842 -0.0037794645875692369 -0.0006685477681457997 -0.0013141024857759476 0.0044290058314800261 0.0087620459496974955 -0.0013692628592252732 0.0017651379108428956 9.3805044889450081e-05 0.0025168774649500848 0.0058321412652730942 -0.0012742441147565843 -0.0018179506063461305 0.00047059413045644763 -0.0013509184122085572 0.0068000689148902897 -0.0022419137880206109 -0.0012182869948446752 0.0097187325358390822 -0.00018951101228594782 -0.0017412202432751656 -0.0024453520774841311 -0.001531042577698827 0.0010564919561147691
leaf_weight=5824 10052 3886 11244 7924 5440 2111 31990 11485 29188 5055 1013 1922 3769 14288 19096 9065 1523 2585 3967 14075 11598 3771 2388 5247 8860 16488 9074 22870 21992 5210
leaf_count=5824 10052 3886 11244 7924 5440 2111 31990 11485 29188 5055 1013 1922 3769 14288 19096 9065 1523 2585 3967 14075 11598 3771 2388 5247 8860 16488 9074 22870 21992 5210
internal_value=-3.89426e-05 0.00617771 -0.0045979 0.0160986 -0.0180752 -0.00138286 -0.000237384 -0.00825676 0.00437482 0.00785618 -0.0211456 0.00123379 0.0112997 0.0209297 -0.00489113 0.012834 0.00308546 -0.000498891 0.0090166 -0.00190217 -0.00186454 0.007079 0.00106538 0.00303012 0.0204823 -0.0068107 -0.000287416 -0.00868484 -0.0108702 -0.00671762
internal_weight=303000 53853 25817 28036 9326 249147 213568 35579 107263 78075 15083 20496 57651 22212 106305 53882 20619 3598 35957 18574 20424 8826 16463 16491 17925 85686 19126 66560 50072 27202
internal_count=303000 53853 25817 28036 9326 249147 213568 35579 107263 78075 15083 20496 57651 22212 106305 53882 20619 3598 35957 18574 20424 8826 16463 16491 17925 85686 19126 66560 50072 27202
is_linear=0
shrinkage=0.05


Tree=1
num_leaves=31
num_cat=0
split_feature=42 60 54 69 60 38 11 11 54 60 60 54 69 33 58 13 54 41 33 41 15 53 68 59 72 11 69 54 69 63
split_gain=1449.21 969.501 1786.48 1558.08 1351.39 934.542 591.41 590.232 570.937 1611.26 1373.75 1187.38 821.878 799.652 733.634 739.122 723.284 605.386 596.008 583.312 494.039 432.521 416.476 434.547 361.986 339.214 307.891 290.181 278.645 303.488
threshold=0.035802157595753677 -0.038501882925629609 5.6054160594940194 0.016699732281267646 -0.1715523228049278 0.14690622687339785 -0.32352925837039942 0.12158096209168436 7.4723017215728769 -0.028727388009428974 -0.028727388009428974 5.2277607917785653 0.022214193828403953 0.34501349925994879 0.74451306462287914 0.14941962063312533 5.5198595523834237 0.18197849392890933 0.28349311649799352 0.17003232240676883 -0.10964132845401763 1.0000000180025095e-35 -0.16086433082818982 -0.092760320752859102 0.66355198621749889 -0.40297737717628473 0.011557383462786676 5.010401964187623 0.033149430528283126 -0.030864506959915158
decision_type=8 10 2 10 8 8 10 8 2 10 8 2 10 10 2 10 2 10 10 10 8 8 10 10 8 8 8 2 10 10
left_child=1 4 -3 7 22 6 -6 -4 10 17 16 13 -11 21 15 -15 18 24 -2 -18 -14 25 -1 -24 -10 -12 -17 -8 29 -13
right_child=8 2 3 -5 5 -7 27 -9 9 12 11 28 20 14 -16 26 19 -19 -20 -21 -22 -23 23 -25 -26 -27 -28 -29 -30 -31
leaf_value=-0.0055064554372802376 -0.00039758717408403758 0.0014235028112307192 -0.0029384677391499285 0.00038249338627792899 0.0010332666977774351 0.00067273390479385855 0.00089951835572719583 -0.00044797586626373233 0.00072588582523167142 -0.0038810882158577444 0.0025460336962714793 -0.0022208977630361914 0.0046938860171940183 0.0019438526779413223 0.010299363657832147 0.0041562096448615193 -2.459292300045491e-05 0.0098366178944706926 -0.0019806989259086548 0.0052505497820675377 -0.0012964628078043462 0.0035461668670177457 0.0029135142406448724 -0.00050243122503161434 -0.001287038652226329 -0.00087795201223343604 -0.0034839212149381641 0.0020278033614158633 0.0025785611802712086 -0.00046457596123218543
leaf_weight=1154 35109 19769 8048 8406 4900 14805 2105 3530 6359 10558 2273 8013 1004 31355 5909 1514 20234 1519 37570 2257 1973 5235 1431 7749 7085 17941 4669 10369 1530 18474
leaf_count=1154 35109 19769 8048 8406 4900 14805 2105 3530 6359 10558 2273 8013 1004 31355 5909 1514 20234 1519 37570 2257 1973 5235 1431 7749 7085 17941 4669 10369 1530 18474
internal_value=1.81604e-06 0.00566508 5.15555e-05 -0.0104881 0.0109129 0.0159635 0.0238265 -0.0223766 -0.00211047 -0.00871334 -0.00113044 0.00305965 -0.0212071 0.00658869 0.0107106 0.00812826 -0.00539714 0.00259467 -0.00782168 0.00243767 0.00199197 -0.000449743 -0.00481439 -0.00124048 -0.000795303 -0.0037678 -0.00766188 0.0296059 -0.0056178 -0.00681775
internal_weight=302847 82266 39753 19984 42513 32179 17374 11578 220581 28498 192083 96913 13535 68896 43447 37538 95170 14963 72679 22491 2977 25449 10334 9180 13444 20214 6183 12474 28017 26487
internal_count=302847 82266 39753 19984 42513 32179 17374 11578 220581 28498 192083 96913 13535 68896 43447 37538 95170 14963 72679 22491 2977 25449 10334 9180 13444 20214 6183 12474 28017 26487
is_linear=0
shrinkage=0.05


Tree=2
num_leaves=31
num_cat=0
split_feature=40 60 60 23 11 69 55 65 75 16 55 41 69 30 11 67 65 18 67 75 65 73 57 30 41 59 41 60 63 15
split_gain=934.216 1471.41 1018.66 1012.01 797.09 1018.25 619.993 616.849 1118.95 1006.91 824.174 2100.05 751.983 695.986 651.191 446.569 412.46 345.082 308.351 303.452 302.124 291.618 284.875 281.961 275.047 256.602 251.609 243.882 241.538 237.091
threshold=0.026289297267794613 -0.043686289340257638 -0.1715523228049278 -0.083405002951621995 0.12970305234193805 0.01690835785120726 1.0000000180025095e-35 -0.031145840883255001 0.49187968671321874 -0.30314555764198298 1.0000000180025095e-35 0.17555166035890582 0.015650454442948106 0.20184144377708438 0.085658960044384017 0.18671448528766635 -0.22089359164237973 -0.20553256571292874 0.24067033082246783 0.73397472500801098 -0.23058083653450009 0.69964015483856212 0.75550267100334179 0.13105330616235736 0.021450406871736053 0.095193415880203261 0.047204473987221725 -0.025919166393578049 -0.091187685728073106 -0.29860839247703547
decision_type=8 8 10 10 8 10 2 8 8 10 2 10 10 8 10 10 10 8 8 10 10 8 2 10 10 10 10 10 10 8
left_child=1 2 16 -4 5 6 23 8 25 15 12 13 14 -12 18 27 -1 -14 -9 -11 -21 -19 -13 -3 -5 -2 -27 28 -10 -15
right_child=7 4 3 24 -6 -7 -8 10 9 19 11 22 17 29 -16 -17 -18 21 -20 20 -22 -23 -24 -25 -26 26 -28 -29 -30 -31
leaf_value=-0.00052058241004124283 0.00015912728384137153 -0.0017193751293234528 0.00048510676942532886 0.0018503410890698434 0.00079311195970512927 0.00033582343367743306 -0.0028314588773064317 -0.00089393602835480127 0.0022302830615080894 -0.00096315668302122514 -9.1176537098363024e-06 0.010796586183365434 -0.0021306513609597459 0.0017225042643840426 0.0038191822431981565 -0.0028046515360474586 0.0024292701651575047 0.00028231868537841363 0.0011453003278002142 -0.0019734200054081158 -0.0033768500607111495 -0.00094619589298963541 0.0002493734983727336 0.00015301099885255099 0.0011651923987665213 0.0030174155749264175 0.00022763461235444997 0.007559695321833715 -0.00090817141003208222 -0.0039521891651675108
leaf_weight=9081 23526 5682 11926 11082 14751 10174 5095 9860 5427 21725 5217 2271 4467 576 17310 1849 1464 43734 19858 12825 11554 23645 701 4469 4757 1672 1677 1522 3530 11924
leaf_count=9081 23526 5682 11926 11082 14751 10174 5095 9860 5427 21725 5217 2271 4467 576 17310 1849 1464 43734 19858 12825 11554 23645 701 4469 4757 1672 1677 1522 3530 11924
internal_value=-8.25749e-05 0.0046139 0.0116232 0.0166463 -0.00207187 -0.0074361 -0.015607 -0.00172181 -0.00507109 -0.00895418 0.000325636 -0.00888207 0.00192877 -0.0154087 0.0068434 0.00373642 -0.00160587 -0.00128869 0.00235132 -0.0123477 -0.0161774 -0.000395465 0.0299463 -0.00844897 0.0249259 0.00337177 0.0162995 0.00773668 0.0045779 -0.0218066
internal_weight=303351 78481 38310 27765 40171 25420 15246 224870 85307 58432 139563 20689 118874 17717 47028 12328 10545 71846 29718 46104 24379 67379 2972 10151 15839 26875 3349 10479 8957 12500
internal_count=303351 78481 38310 27765 40171 25420 15246 224870 85307 58432 139563 20689 118874 17717 47028 12328 10545 71846 29718 46104 24379 67379 2972 10151 15839 26875 3349 10479 8957 12500
is_linear=0
shrinkage=0.05


Tree=3
num_leaves=31
num_cat=0
split_feature=39 66 41 41 69 54 65 71 65 33 54 41 69 66 69 58 16 33 60 55 32 60 54 19 66 67 54 60 37 62
split_gain=1034.02 900.877 970.098 789.543 903.013 981.591 725.823 764.562 566.944 833.124 651.758 1058.4 882.484 748.494 560.409 517.04 464.128 439.064 411.729 393.538 389.788 365.837 493.951 401.808 335.483 325.865 328.932 409.967 322.665 314.433
threshold=0.029762378893792633 -0.14113382250070569 0.03244381211698056 0.037851378321647651 0.017325930297374729 5.6332526206970224 -0.30392172932624811 -0.047485038638114922 -0.019914120435714718 0.41529585421085363 7.0335946083068857 0.15680141746997836 0.015650454442948106 -0.16169383376836774 0.017325930297374729 0.05359937250614167 -0.3074656873941421 0.2365926802158356 0.1771495193243027 1.5000000000000002 -0.32544118165969843 0.1771495193243027 5.1299579143524179 0.21720249205827716 -0.07424647361040114 0.092453431338071837 4.7007529735565194 -0.046998683363199227 -0.20249760150909421 -0.015469014644622801
decision_type=8 10 8 10 10 2 10 10 8 10 2 10 10 10 10 2 10 10 10 2 10 10 2 10 10 8 2 8 10 10
left_child=1 2 6 4 5 -3 -1 -8 9 16 12 14 13 19 -12 -9 -2 -15 -16 -10 -17 22 -14 -23 -7 -4 27 -27 -28 -6
right_child=8 3 25 -5 29 24 7 15 10 -11 11 -13 21 17 18 20 -18 -19 -20 -21 -22 23 -24 -25 -26 26 28 -29 -30 -31
leaf_value=-0.0015783476387616247 0.0011319143318687566 -0.00020736380540765836 -0.00083810093749489176 0.0017782617102435326 -0.00050938395375706017 -0.00058572555754799382 0.00034406190505542329 -0.00055727463092189282 0.00060421496429480617 -0.0020230496398347896 -0.0038874174031981973 0.0063281875577988105 -0.0012344595901362483 -0.0013366200748539997 0.00013539617401111173 0.00092766781512327733 -0.00048680032347911043 0.0055970180940872532 -0.0025033507418433147 -0.0036015013163094413 0.0015446897451969564 -0.00036048700979445132 0.00059317679469531872 0.0041121161562346969 -0.0045657862463907807 -0.00015930410606670195 -0.00087108195480686866 0.0021787420640233903 0.0007169686004410323 0.0012183470912219491
leaf_weight=3125 11158 7227 9983 7261 3125 2099 15577 1860 16811 29965 7868 2391 34888 1810 7818 9526 27934 14155 2704 1358 15936 7082 13715 5706 6108 6861 9116 9421 5732 4417
leaf_count=3125 11158 7227 9983 7261 3125 2099 15577 1860 16811 29965 7868 2391 34888 1810 7818 9526 27934 14155 2704 1358 15936 7082 13715 5706 6108 6861 9116 9421 5732 4417
internal_value=-4.37659e-05 0.00362826 0.00620848 -0.00380699 -0.00834856 -0.0152745 0.0111939 0.0128889 -0.00236901 -0.00595726 -0.000238144 -0.00826079 0.00150782 0.00795162 -0.0123315 0.0179277 -0.00114828 0.0158466 -0.00477592 0.00100941 0.0197864 -0.0020757 -0.0040555 0.00544616 -0.0270963 0.00062617 0.00314708 0.00805303 -0.00223449 0.00582627
internal_weight=302737 117374 87137 30237 22976 15434 46024 42899 185363 69057 116306 20781 95525 34134 18390 27322 39092 15965 10522 18169 25462 61391 48603 12788 8207 41113 31130 16282 14848 7542
internal_count=302737 117374 87137 30237 22976 15434 46024 42899 185363 69057 116306 20781 95525 34134 18390 27322 39092 15965 10522 18169 25462 61391 48603 12788 8207 41113 31130 16282 14848 7542
is_linear=0
shrinkage=0.05


Tree=4
num_leaves=31
num_cat=0
split_feature=42 60 60 32 11 65 65 75 10 63 75 72 58 68 11 68 64 10 53 41 62 11 60 61 60 34 67 67 67 64
split_gain=1100.42 887.077 1197.83 1084.31 709.517 451.618 401.15 1068.21 790.818 491.367 361.342 401.445 449.614 600.084 476.99 369.276 382.262 323.536 328.761 286.37 285.544 284.279 281.649 265.271 248.921 379.029 240.196 220.828 211.068 248.478
threshold=0.035802157595753677 -0.043686289340257638 -0.1715523228049278 -0.32544118165969843 0.12970305234193805 -0.22089359164237973 -0.019914120435714718 0.48384159803390508 -0.27857005596160883 -0.091187685728073106 0.56028392910957348 0.03286577761173249 0.74451306462287914 0.03581663221120835 0.092403933405876174 -0.026094447821378704 -0.062025576829910271 -0.33700518310070032 1.0000000180025095e-35 0.027668563649058345 -0.0022153854370117183 -0.61071309447288502 0.040859729051589973 -0.051544368267059319 0.13435557484626773 0.021547923795878891 0.42722320556640631 0.43428435921669012 0.23188174515962603 0.089545965194702162
decision_type=8 8 10 10 8 10 8 10 10 10 10 10 2 10 10 10 10 10 10 10 10 10 10 10 10 10 10 10 8 8
left_child=1 2 5 -4 17 23 7 -2 9 -9 24 28 13 15 -14 16 21 -3 20 -5 -19 -13 -11 -1 -8 -26 -22 -27 -12 -30
right_child=6 4 3 19 -6 -7 10 8 -10 22 11 12 14 -15 -16 -17 -18 18 -20 -21 26 -23 -24 -25 25 27 -28 -29 29 -31
leaf_value=-0.0064326401538012589 0.00037188471234439935 0.0026059217567394807 0.00051388875451513743 0.0017204883377756051 0.0009183304951887113 0.0026952307575847227 -0.000222869533098783 0.0013189053790731123 -0.0019184617943156627 -0.0013016213504660119 0.00047541104364347123 0.0014107398077633116 -0.0079724244123250531 -0.0016375800025377433 0.0080445863251529959 0.0021381168788747163 0.0015228962129770662 -0.00015354967940809728 0.0005653249805112865 0.00079935900007738377 -0.001739885430704162 -0.0016232076842129753 0.0016552769096542033 -0.00046717132431862415 -0.010194122438149354 -0.0013107071187658586 0.001372358417111391 0.00074270234062016242 -0.0044620518969328993 -0.001169507163261078
leaf_weight=808 25175 1207 14386 12002 17457 1155 57106 9327 34277 12142 3612 2955 638 9488 5595 23030 9675 7753 5197 2367 11081 8035 2219 8394 888 8422 506 1849 1681 4001
leaf_count=808 25175 1207 14386 12002 17457 1155 57106 9327 34277 12142 3612 2955 638 9488 5595 23030 9675 7753 5197 2367 11081 8035 2219 8394 888 8422 506 1849 1681 4001
internal_value=-0.000125646 0.00480607 0.0102602 0.0155102 -0.000133068 -0.00431658 -0.00197002 -0.00470956 -0.00844416 -0.00141784 -0.000306968 0.00225262 0.00376435 0.0022738 0.0164584 0.00474888 -0.00010399 -0.00540887 -0.00665458 0.0252208 -0.00965375 -0.00648182 -0.0072194 -0.00802215 -0.00288319 -0.00970991 -0.0146202 -0.00697889 -0.00740542 -0.0134048
internal_weight=302428 82313 39112 28755 43201 10357 220115 83140 57965 23688 136975 68710 59416 53183 6233 43695 20665 25744 24537 14369 19340 10990 14361 9202 68265 11159 11587 10271 9294 5682
internal_count=302428 82313 39112 28755 43201 10357 220115 83140 57965 23688 136975 68710 59416 53183 6233 43695 20665 25744 24537 14369 19340 10990 14361 9202 68265 11159 11587 10271 9294 5682
is_linear=0
shrinkage=0.05


Tree=5
num_leaves=31
num_cat=0
split_feature=42 54 8 67 58 54 67 33 70 68 55 33 54 59 54 67 8 41 58 26 58 8 43 55 37 33 8 33 58 72
split_gain=1092 564.251 1421.4 632.206 557.469 567.267 452.005 592.263 450.702 447.516 390.281 367.057 717.339 363.942 355.327 595.798 661.905 439.989 390.979 380.56 348.553 314.137 312.209 295.656 276.116 263.707 260.133 258.575 257.381 324.859
threshold=0.030598237179219726 7.6134459972381601 -0.12359315901994704 0.30560804903507238 0.74451306462287914 5.6054160594940194 0.068181291222572341 0.15798658877611163 0.17882549762725833 -0.16086433082818982 1.0000000180025095e-35 0.45900668203830725 5.6633076667785653 0.042183548212051399 4.2051401138305673 0.30049517750740057 -0.40170335769653315 0.17003232240676883 0.64666709303855907 -0.64579802751541127 0.76816859841346752 0.056176844984292991 0.81100159883499157 1.0000000180025095e-35 -0.18082790821790692 0.88243147730827343 -0.61502894759178151 0.77781623601913463 0.05359937250614167 0.51978459954261791
decision_type=8 2 8 10 2 2 8 10 10 8 2 10 2 10 2 8 10 10 2 10 2 10 10 2 10 10 10 10 2 10
left_child=4 6 3 -3 9 -6 7 10 14 -1 -2 13 -13 28 15 16 -8 19 22 -16 -10 24 -18 -19 -4 -22 -21 -5 -11 -30
right_child=1 2 21 27 5 -7 8 -9 20 11 -12 12 -14 -15 17 -17 18 23 -20 26 25 -23 -24 -25 -26 -27 -28 -29 29 -31
leaf_value=-0.0053876633227656527 -0.00031499546739662768 0.0013121478699096806 -0.0024357845143652725 0.00030419708878390522 0.0046260514205348742 -0.0054361376799726569 -0.001997756694376436 -0.0017729269897566848 -0.0020433686515230658 -0.00087533003673565695 0.0011789638082565761 0.0013916953181120481 -0.0010697642628712857 0.0029532240154325883 -0.0040873423675944322 0.0023868341326788744 0.00093010343699051739 0.0009741508993682509 0.011409544640931725 0.0017764302206008831 -0.0012816179010258894 -0.0037346505681919774 -0.00034876489491609029 0.0073462955602739098 -0.00039383846363574414 0.0072623541560302724 -0.00018104846900891971 -0.005568015531717433 0.00043745135598950951 0.0010134927543796041
leaf_weight=792 16903 8801 5394 544 1070 2777 8643 18854 19153 1993 3097 6315 4526 3464 4691 17158 26197 1713 2304 4296 1986 7191 17351 1207 5085 2373 64306 837 25146 18731
leaf_count=792 16903 8801 5394 544 1070 2777 8643 18854 19153 1993 3097 6315 4526 3464 4691 17158 26197 1713 2304 4296 1986 7191 17351 1207 5085 2373 64306 837 25146 18731
internal_value=1.91477e-05 -0.00154729 -0.00823344 0.00664246 0.00577255 -0.0126653 -0.000661143 -0.00552954 0.000442855 0.00693786 0.000464768 0.00743125 -0.000898535 0.00926151 0.00146542 0.00399299 0.00143381 -0.000911142 0.0038267 -0.00167046 -0.00598589 -0.0168043 0.00276183 0.0180887 -0.0112642 0.00676356 -0.000727278 -0.0246945 0.00807759 0.0088762
internal_weight=302898 238084 27852 10182 64814 3847 210232 38854 171378 60967 20000 60175 10841 49334 147866 71653 54495 76213 45852 73293 23512 17670 43548 2920 10479 4359 68602 1381 45870 43877
internal_count=302898 238084 27852 10182 64814 3847 210232 38854 171378 60967 20000 60175 10841 49334 147866 71653 54495 76213 45852 73293 23512 17670 43548 2920 10479 4359 68602 1381 45870 43877
is_linear=0
shrinkage=0.05


Tree=6
num_leaves=31
num_cat=0
split_feature=42 60 54 69 60 32 54 8 60 54 69 33 55 58 68 69 28 60 41 60 68 68 54 54 55 59 18 16 54 69
split_gain=996.003 760.068 1424.3 1352.57 939.586 1106.67 477.966 1315.48 810.972 990.893 793.125 633.873 615.598 574.062 734.026 546.489 454.397 431.13 424.071 423.773 370.594 356.649 349.892 336.334 336.297 334.237 323.62 317.02 276.962 271.894
threshold=0.03714310564100743 -0.038501882925629609 5.6054160594940194 0.016699732281267646 -0.1715523228049278 -0.32544118165969843 7.5382263660430917 -0.10112269595265387 -0.028727388009428974 5.0632274150848398 0.012069122400134804 0.34501349925994879 1.0000000180025095e-35 0.74451306462287914 0.043573452159762389 0.021456195972859863 0.36430095136165624 -0.028727388009428974 0.067052777856588378 -0.094063065946102128 -0.10816015675663947 -0.16086433082818982 3.0128351449966435 4.9615850448608407 1.0000000180025095e-35 -0.092760320752859102 -0.31007558107376093 -0.070601873099803911 6.9221806526184091 0.026225361041724685
decision_type=8 10 2 10 8 10 2 8 8 2 10 10 2 2 10 10 10 10 8 10 10 10 2 2 2 10 10 8 2 10
left_child=1 4 -3 28 21 -6 8 10 12 11 19 20 15 14 29 27 -14 24 -17 -8 22 -1 -10 -7 -9 -23 -20 -2 -4 -13
right_child=6 2 3 -5 5 23 7 17 9 -11 -12 13 16 -15 -16 18 -18 -19 26 -21 -22 25 -24 -25 -26 -27 -28 -29 -30 -31
leaf_value=-0.0044508922426396754 -0.00085858075863573839 0.0011318666521990372 -0.0011630201947216885 0.00036906644160632847 0.00049835941623337272 0.00055343223713263891 0.0011217108266447975 0.00032266254356485912 0.011160033558631571 -0.00073797318129070711 0.0013138396113098823 0.0016151100265660988 0.0014419178283480117 0.0095939822480275248 -0.0014919805883380575 0.00067280582485181506 -0.0006392259565265743 -0.0032720247081416288 -0.0038828076983134056 -0.0047038714824449166 -0.00051963069068598528 0.0026205677582057489 -0.00063613441459709592 0.0016045242489690838 -0.0032470242175644953 -0.00036195750352253128 -0.00057906319583239316 -0.002579536142789194 -0.0025036698298929703 0.006312774999270041
leaf_weight=1235 27877 21315 5904 8651 18727 2678 557 3559 2008 31275 8629 25548 5998 5569 6168 14331 3251 9146 3210 1315 19633 1506 1977 12215 3106 8226 25394 13984 6304 3282
leaf_count=1235 27877 21315 5904 8651 18727 2678 557 3559 2008 31275 8629 25548 5998 5569 6168 14331 3251 9146 3210 1315 19633 1506 1977 12215 3106 8226 25394 13984 6304 3282
internal_value=-0.000126905 0.00439721 -0.000414849 -0.00970099 0.00894791 0.0130925 -0.00194577 -0.00825925 -0.00106878 0.00217765 0.00545619 0.00573331 -0.00436394 0.00952387 0.00714694 -0.00570007 0.00787882 -0.0173662 -0.00173594 -0.0239639 -0.000778737 -0.00375786 0.0131039 0.0232604 -0.0076779 -0.000533771 -0.00525267 -0.00976451 -0.0204125 0.0104958
internal_weight=302578 86761 42174 20859 44587 33620 215817 26312 189505 95460 10501 64185 94045 40567 34998 84796 9249 15811 42935 1872 23618 10967 3985 14893 6665 9732 28604 41861 12208 28830
internal_count=302578 86761 42174 20859 44587 33620 215817 26312 189505 95460 10501 64185 94045 40567 34998 84796 9249 15811 42935 1872 23618 10967 3985 14893 6665 9732 28604 41861 12208 28830
is_linear=0
shrinkage=0.05


Tree=7
num_leaves=31
num_cat=0
split_feature=42 66 54 69 68 75 54 11 66 65 14 75 54 69 69 75 16 54 75 54 64 67 75 64 64 54 66 30 57 65
split_gain=909.639 1000.07 917.88 1082.55 757.174 667.756 556.949 549.184 499.919 890.276 774.157 555.994 537.814 812.444 788.207 387.656 358.363 499.479 353.024 352.242 887.686 587.706 348.352 334.319 402.903 333.282 308.283 306.168 387.49 294.014
threshold=0.048908604308962829 -0.14113382250070569 4.7007529735565194 0.017325930297374729 -0.16086433082818982 0.29114660620689398 7.7151236534118661 -0.24357559531927106 -0.14113382250070569 -0.30392172932624811 -0.23672010749578473 0.45232506096363073 7.0335946083068857 0.016699732281267646 0.022214193828403953 0.40384837985038763 -0.29902988672256464 5.6922156810760507 0.60885748267173778 6.4382314682006845 -0.021728426218032833 0.045626759529113776 0.2144296392798424 -0.19646158814430234 -0.021728426218032833 4.1574759483337411 -0.07424647361040114 0.15333671122789386 0.37793426215648657 0.053520381450653083
decision_type=8 10 2 10 8 10 2 10 10 10 10 8 2 10 10 10 8 2 10 2 10 10 10 10 10 2 10 8 2 8
left_child=1 4 15 6 -1 7 22 29 9 16 -10 -11 13 18 -14 -3 17 -2 -12 20 -13 -21 26 -9 -25 -22 -4 28 -5 -6
right_child=8 2 3 27 5 -7 -8 23 10 11 12 19 14 -15 -16 -17 -18 -19 -20 21 25 -23 -24 24 -26 -27 -28 -29 -30 -31
leaf_value=-0.0038186552702016222 0.00046208742215365608 -0.00018907148637577992 -5.3473292011430859e-05 -0.00034302599415063199 0.0007617402182192401 0.00019888781341573957 -0.0041391019899402757 7.8730011005050509e-05 -0.0068043823906898671 0.00016802940494448475 0.0004803006593073751 -0.0017444565557565826 -0.0035021605789435171 6.3636649569528305e-05 0.001247793455584202 0.004069134006228139 -9.523537048112884e-05 0.0062610369377751433 0.0068764490483131883 0.00046452631172314539 0.0016844157775138258 -0.0025313819797195491 -0.00066086656764280469 0.0014149082652789348 0.00033730998528016452 -0.00095183510466139993 -0.0036698079847755417 -0.00095285799085516191 0.0014242760664986969 -0.00015520278758343676
leaf_weight=1959 5732 6699 1177 1933 18979 39545 3348 3127 1824 15093 3784 37533 4203 22076 2802 5845 43279 2473 9364 2473 9226 10524 5570 14815 3888 7102 3409 2970 3207 9312
leaf_count=1959 5732 6699 1177 1933 18979 39545 3348 3127 1824 15093 3784 37533 4203 22076 2802 5845 43279 2473 9364 2473 9226 10524 5570 14815 3888 7102 3409 2970 3207 9312
internal_value=-8.07832e-06 0.00324462 -0.00405643 -0.0102987 0.00596661 0.00663946 -0.0189655 0.0104716 -0.00231327 -0.00383791 0.00230465 -0.00707471 0.00368498 0.0062014 -0.00895937 0.00669906 0.00131472 0.0108886 0.0160359 -0.00903123 -0.00724601 -0.0164181 -0.0131123 0.0164286 0.0189574 0.002485 -0.0233029 0.00413793 0.0115146 0.00587082
internal_weight=303271 125783 34158 21614 91625 89666 13504 50121 177488 133435 44053 81951 42229 35224 7005 12544 51484 8205 13148 66858 53861 12997 10156 21830 18703 16328 4586 8110 5140 28291
internal_count=303271 125783 34158 21614 91625 89666 13504 50121 177488 133435 44053 81951 42229 35224 7005 12544 51484 8205 13148 66858 53861 12997 10156 21830 18703 16328 4586 8110 5140 28291
is_linear=0
shrinkage=0.05


Tree=8
num_leaves=31
num_cat=0
split_feature=39 58 62 54 69 54 41 58 71 63 64 54 8 64 55 69 54 54 11 69 63 62 64 63 41 68 63 54 55 58
split_gain=746.961 558.886 635.517 456.492 382.226 1240.63 645.15 509.069 718.598 363.058 340.02 330.545 982.736 673.787 670.189 477.31 456.9 443.327 734.328 502.813 683.195 394.601 382.434 377.967 353.638 283.086 269.636 267.193 243.899 242.936
threshold=0.031720839440822608 0.74451306462287914 0.079522550106048598 4.7007529735565194 0.010136223398149015 5.6332526206970224 0.025014420039951805 0.05359937250614167 -0.027793928980827328 -0.037073880434036248 0.23266619443893435 7.5382263660430917 -0.13409532606601712 -0.033014029264450066 1.0000000180025095e-35 0.011580507270991804 5.2988171577453622 5.3887975215911874 inf 0.020636602304875854 0.005550861358642579 -0.13136702775955197 -0.051977246999740594 -0.11394205689430235 0.17555166035890582 -0.18285975605249402 0.048340797424316413 2.2990788221359257 1.0000000180025095e-35 0.81410688161849987
decision_type=8 2 10 2 10 2 8 2 10 8 8 2 8 8 2 10 2 2 8 10 10 8 10 10 10 10 10 2 2 2
left_child=1 2 4 -3 5 -1 7 -6 -9 -7 -5 13 15 16 17 -13 23 18 19 26 -21 -16 -14 -2 -18 27 -15 -20 -17 -22
right_child=11 3 -4 10 6 9 -8 8 -10 -11 -12 12 22 14 21 28 24 -19 25 20 29 -23 -24 -25 -26 -27 -28 -29 -30 -31
leaf_value=0.001200926433978085 -3.6386793973385661e-05 0.0028513207528113177 0.0025170001011169639 -0.0068506801830502551 -0.0011435548154743395 0.00077199507291936145 6.629980283285942e-05 0.00020831579200573372 0.0010451639489974969 -0.0026173385773402944 -0.00066608712835859295 -0.0038669642011700273 -0.00093733247210406193 0.0025609368118754065 0.0072079187590329942 -4.7871418685652388e-05 -5.0016475941101041e-05 -0.00055190444376880434 0.012047407161173826 0.003827521362669391 -0.0014642369703374335 -0.0020272050336252413 -0.0031744732071370173 -0.001397921258036518 0.0042171363729430747 -0.00067483862156153475 0.0086549923141839517 0.00059992834855680474 0.0033613283044399232 0.00514000139388708
leaf_weight=10299 14318 1451 5197 2479 2602 1007 58812 16311 19239 6151 2092 856 6064 11319 523 2160 19800 17791 1206 5270 7196 6509 7900 41174 1600 19251 7412 2335 3677 797
leaf_count=10299 14318 1451 5197 2479 2602 1007 58812 16311 19239 6151 2092 856 6064 11319 523 2160 19800 17791 1206 5270 7196 6509 7900 41174 1600 19251 7412 2335 3677 797
internal_value=-0.000183945 0.00276482 0.00351339 -0.0120855 0.00273571 -0.0040734 0.00396189 0.00902468 0.0105877 -0.0200474 -0.0198319 -0.00227524 -0.00821842 -0.00149031 0.00173388 0.00752648 -0.00482822 0.00316241 0.00538908 0.0102737 0.00282152 -0.0129935 -0.015765 -0.00722136 0.00137786 -0.00146917 0.0155461 0.0115038 0.0126475 -0.00639135
internal_weight=302798 125640 119618 6022 114421 17457 96964 38152 35550 7158 4571 177158 20657 156501 79609 6693 76892 72577 54786 31994 13263 7032 13964 55492 21400 22792 18731 3541 5837 7993
internal_count=302798 125640 119618 6022 114421 17457 96964 38152 35550 7158 4571 177158 20657 156501 79609 6693 76892 72577 54786 31994 13263 7032 13964 55492 21400 22792 18731 3541 5837 7993
is_linear=0
shrinkage=0.05


Tree=9
num_leaves=31
num_cat=0
split_feature=42 66 65 32 54 69 63 54 18 65 69 64 54 69 75 65 66 73 55 63 18 67 33 63 53 57 16 28 8 65
split_gain=786.35 878.147 596.738 567.435 478.697 1082.86 426.547 419.166 1277.75 571.573 530.126 509.871 772.048 819.495 765.677 800.209 491.079 415.468 370.102 358.7 720.382 342.378 336.942 388.004 385.598 325.358 341.479 319.608 299.611 285.491
threshold=0.030598237179219726 -0.14113382250070569 -0.23058083653450009 -0.25599582493305201 5.6054160594940194 0.016699732281267646 -0.096147537231445299 7.5731456279754648 -0.066644757986068712 0.37205332517623907 0.011693994514644148 -0.033014029264450066 4.2051401138305673 0.022214193828403953 0.66750019788742077 -0.30392172932624811 -0.12041218206286429 0.85928457975387584 1.0000000180025095e-35 -0.018152415752410885 0.25570696592330938 0.2066248953342438 0.34501349925994879 0.12725162506103518 1.0000000180025095e-35 0.31287483870983129 -0.29152086377143854 0.074078217148780837 -0.080003388226032243 0.39618486166000372
decision_type=8 10 10 10 2 10 8 2 8 8 10 8 2 10 8 10 10 8 2 10 10 10 10 10 8 2 8 10 8 8
left_child=1 2 6 -4 -3 -6 -1 11 10 -10 -9 14 13 22 -2 18 25 -11 -16 20 -15 -5 24 -24 -13 26 -17 -14 -12 -29
right_child=7 4 3 21 5 -7 -8 8 9 17 28 12 27 19 15 16 -18 -19 -20 -21 -22 -23 23 -25 -26 -27 -28 29 -30 -31
leaf_value=-0.00060966225530560822 6.654432435716582e-05 0.00079694411217122528 0.0007375535676799077 0.0019627109474752418 -0.0027029386534716021 0.00048077687489363511 0.00056258080786098679 -0.0023018362702102021 -0.0025795657352992571 0.0016486015550244129 0.0014555024191460703 -0.00025669429602954893 -0.0024742440422651736 -0.0014189514927573452 -6.9697383948951483e-06 0.0012518886236124321 0.0028558582395748176 -0.0092969930508590409 0.003830197266358683 -0.0018139858931744163 0.0087388110721036538 0.00057541324219047068 0.002015473295993598 0.011140976677938886 0.0053564447166262984 -0.002693336448323258 -0.0018591468902518116 -0.00037515456660808802 -0.00081067997108041912 0.0013403436540777942
leaf_weight=7225 59475 7002 17535 5634 6118 4444 13475 1944 12251 2875 8382 9720 7073 4184 9729 2890 2308 1605 1605 7752 2280 3113 20676 4019 3693 16589 13447 36954 1740 7297
leaf_count=7225 59475 7002 17535 5634 6118 4444 13475 1944 12251 2875 8382 9720 7073 4184 9729 2890 2308 1605 1605 7752 2280 3113 20676 4019 3693 16589 13447 36954 1740 7297
internal_value=-0.000144533 0.00475091 0.00831631 0.0133158 -0.00478548 -0.0115021 0.00196523 -0.00146961 -0.007125 -0.0160653 0.00527493 -0.000692653 0.00180112 0.00607444 -0.00313004 -0.00793078 -0.0116474 -0.00077951 0.00362306 -0.00416842 0.0045258 0.0237125 0.00989559 0.0133596 0.00351263 -0.0132105 -0.00819416 -0.00255581 0.00986972 -0.000977158
internal_weight=303034 64546 46982 26282 17564 10562 20700 238488 28797 16731 12066 209691 103648 52324 106043 46568 35234 4480 11334 14216 6464 8747 38108 24695 13413 32926 16337 51324 10122 44251
internal_count=303034 64546 46982 26282 17564 10562 20700 238488 28797 16731 12066 209691 103648 52324 106043 46568 35234 4480 11334 14216 6464 8747 38108 24695 13413 32926 16337 51324 10122 44251
is_linear=0
shrinkage=0.05


Tree=10
num_leaves=31
num_cat=0
split_feature=42 60 65 75 11 62 58 70 41 55 55 33 60 75 75 75 11 45 65 63 46 38 31 58 63 29 58 33 29 11
split_gain=751.555 607.662 820.904 605.328 597.628 392.747 378.102 305.682 350.132 716.748 345.626 1619.15 796.408 684.496 590.041 535.667 643.624 375.949 371.812 342.052 297.319 294.331 255.485 213.142 236.8 208.128 193.959 220.99 191.328 190.794
threshold=0.035078644752502448 -0.038501882925629609 -0.30392172932624811 0.22695059329271319 0.14640617370605472 -0.0027405321598052974 0.05359937250614167 0.2064359784126282 0.17003232240676883 1.0000000180025095e-35 1.0000000180025095e-35 0.3568809181451798 -0.043686289340257638 0.72238224744796764 0.71053865551948558 0.67528298497200023 7.5530228614807138 17.500000000000004 -0.30392172932624811 -0.041279762983322137 5.5000000000000009 0.22960989922285083 0.41827094554901129 0.74451306462287914 0.077254831790924086 -0.59544739127159108 0.81410688161849987 1.0435770153999331 -0.36912515759468073 -0.62975919246673573
decision_type=8 10 10 10 8 8 2 10 10 2 2 8 8 8 8 10 8 10 10 8 10 10 10 2 10 10 2 10 10 8
left_child=1 2 5 6 21 -1 -4 8 10 25 12 17 13 -2 22 19 -17 -12 -15 -14 -8 23 -13 24 -3 -10 -9 -28 -21 -20
right_child=7 4 3 -5 -6 -7 20 26 9 -11 11 14 15 18 -16 16 -18 -19 29 28 -22 -23 -24 -25 -26 -27 27 -29 -30 -31
leaf_value=-0.001767264753491438 -0.0001106141212683482 -0.00051149207686292358 -0.00071739963842470846 0.00034717199158710324 0.0008746036137762457 0.0016359320197214763 0.00091600983457308682 -0.0021143173839015968 -0.0018441930677600652 0.0076703589850546823 -0.0004765160694679859 -0.00029315404163585655 -0.0010078901870445433 0.00052874365945491963 -0.0051833403016666472 0.0031924603007143851 -0.00072008231456564202 0.00090565688958067813 0.0014294217883024296 0.00097263592844205708 0.0017420119155796825 0.0015349100535452572 -0.0022142181144497847 -0.0033545045265356206 0.0017896699291987967 0.0027760194008132023 -0.0014411132884542639 0.0082060914378110136 -0.00013276614139659144 -0.0022002773796799902
leaf_weight=4868 52332 19114 1126 14755 13475 2825 10981 20391 3749 2401 3444 5386 10723 4498 6020 20809 7202 9168 1017 19636 7015 2743 4054 2638 655 2441 1801 1429 25864 20953
leaf_count=4868 52332 19114 1126 14755 13475 2825 10981 20391 3749 2401 3444 5386 10723 4498 6020 20809 7202 9168 1017 19636 7015 2743 4054 2638 655 2441 1801 1429 25864 20953
internal_value=-0.000183676 0.00396796 0.00816258 0.0115103 -0.000547431 -0.00657536 0.0173793 -0.00167467 -0.00103827 0.00883037 -0.00148235 -0.00660565 -0.000599838 -0.00421266 -0.0174467 0.00278002 0.00842761 0.00668674 -0.0107637 -3.46771e-05 0.0191381 -0.00509936 -0.00962963 -0.00699246 -0.00520502 -0.000177419 -0.00705218 0.00432099 0.00185893 -0.013444
internal_weight=303513 80195 41570 33877 38625 7693 19122 223318 199697 8591 191106 28072 163034 78800 15460 84234 28011 12612 26468 56223 17996 25150 9440 22407 19769 6190 23621 3230 45500 21970
internal_count=303513 80195 41570 33877 38625 7693 19122 223318 199697 8591 191106 28072 163034 78800 15460 84234 28011 12612 26468 56223 17996 25150 9440 22407 19769 6190 23621 3230 45500 21970
is_linear=0
shrinkage=0.05


Tree=11
num_leaves=31
num_cat=0
split_feature=42 66 68 41 54 71 66 65 41 54 33 55 33 41 55 60 54 16 11 64 11 70 37 41 13 55 67 54 60 68
split_gain=697.624 780.082 678.947 642.3 641.942 475.543 377.922 694.155 653.146 493.532 454.687 384.587 420.71 373.824 395.458 508.212 417.571 363.31 357.765 310.264 326.008 291.746 291.686 272.316 263.964 261.679 273.84 237.771 373.036 232.917
threshold=0.047854879871010787 -0.14113382250070569 -0.16086433082818982 0.034808136522769935 4.7007529735565194 -0.047485038638114922 -0.14113382250070569 -0.26936599612236017 0.29077659547328955 6.9221806526184091 0.27408523857593542 1.5000000000000002 0.1147856004536152 0.052001018077135093 1.0000000180025095e-35 -0.043686289340257638 5.010401964187623 -0.3074656873941421 -0.1655551344156265 -0.19646158814430234 -0.32352925837039942 0.37150365114212042 0.195418655872345 0.03952163644134999 -0.49489067494869227 1.0000000180025095e-35 0.18671448528766635 5.6054160594940194 -0.02039990201592445 -0.025827755220234391
decision_type=8 10 8 10 2 10 10 10 8 2 10 2 10 8 2 10 2 8 10 10 8 10 10 10 8 2 10 2 10 10
left_child=1 2 -1 5 23 -4 7 17 9 11 -11 12 -8 -9 15 -15 -17 25 -6 -7 -21 -14 -20 -3 -19 26 -2 -22 29 -29
right_child=6 4 3 -5 18 19 8 13 -10 10 -12 -13 21 14 -16 16 -18 24 22 20 27 -23 -24 -25 -26 -27 -28 28 -30 -31
leaf_value=-0.0037108036493443855 0.0018892927472010353 -3.554448374586724e-05 0.00028230284587388836 -2.2943298165826002e-06 -0.002066529919218605 0.00013833177438558769 -0.0014797790271521274 -0.00026037751208367858 -0.010494498588012687 0.001009396800070344 -0.0026432319381055774 -0.0014401401971633966 0.0021330326569592973 -0.0019766783051477078 -0.0030431500187046326 0.00078777162554887208 -0.0018582793760651918 0.0086442509140852216 4.7696904615559136e-05 0.00026572356820699013 0.00080350812485911825 -0.0015058859713492963 -0.0017149965978965006 0.0041528783833296645 -0.00029886622571356232 0.0056467004044913937 -0.0016998701553579722 0.0011273043123530761 0.00012290282148814027 0.0023242174075052886
leaf_weight=1901 6548 7819 22217 30826 5853 5607 4009 29071 980 2625 5225 2567 25821 22612 4498 11200 5597 988 8995 5060 8314 3514 6135 4247 51654 1532 1933 9772 2255 3005
leaf_count=1901 6548 7819 22217 30826 5853 5607 4009 29071 980 2625 5225 2567 25821 22612 4498 11200 5597 988 8995 5060 8314 3514 6135 4247 51654 1532 1933 9772 2255 3005
internal_value=-0.00023182 0.00268817 0.00512493 0.00577148 -0.00387035 0.00895092 -0.00220696 -0.00352138 0.00177761 0.00268557 -0.00866412 0.00516829 0.0066049 -0.00683537 -0.0097468 -0.00813948 -0.00154995 0.000339105 -0.00915305 0.0126664 0.0147874 0.00868121 -0.00508587 0.00531633 -0.00132189 0.00906415 0.00561182 0.0172804 0.0210344 0.0243411
internal_weight=302380 122006 88957 87056 33049 56230 180374 135633 44741 43761 7850 35911 33344 72978 43907 39409 16797 62655 20983 34013 28406 29335 15130 12066 52642 10013 8481 23346 15032 12777
internal_count=302380 122006 88957 87056 33049 56230 180374 135633 44741 43761 7850 35911 33344 72978 43907 39409 16797 62655 20983 34013 28406 29335 15130 12066 52642 10013 8481 23346 15032 12777
is_linear=0
shrinkage=0.05


Tree=12
num_leaves=31
num_cat=0
split_feature=48 16 72 63 55 11 19 70 65 41 55 41 46 46 65 65 28 41 60 64 32 64 67 55 65 57 62 67 41 32
split_gain=595.395 350.283 309.443 289.699 268.016 251.674 268.526 241.702 263.502 667.632 623.183 973.77 317.674 288.184 278.949 219.793 233.322 212.836 754.003 469.887 419.548 411.836 370.242 349.105 272.399 245.638 240.695 232.309 212.43 189.924
threshold=0.035008534789085395 -0.32134212553501124 0.069813903421163573 -0.18926718831062314 1.0000000180025095e-35 -0.34819965064525599 -0.26276449859142298 0.57482156157493602 -0.0064574778079986564 0.041273845359683044 1.0000000180025095e-35 0.17003232240676883 10.500000000000002 9.5000000000000018 -0.23596140742301938 0.19084477424621585 0.45036901533603674 0.040962267667055137 -0.038501882925629609 -0.15015792846679685 -0.31270629167556757 -0.059726804494857781 0.12880866229534152 1.0000000180025095e-35 0.1043643355369568 0.82357424497604381 0.16826921701431277 0.23188174515962603 0.12043272331357004 -0.20557281374931333
decision_type=2 8 10 8 2 8 10 10 8 10 2 10 8 8 10 8 8 8 8 10 10 8 10 2 8 2 8 10 10 8
left_child=3 2 4 -1 -2 6 -5 8 9 -3 12 13 -10 15 -11 -12 -17 18 19 25 -21 28 -20 -23 -24 -7 -25 -26 -19 -29
right_child=1 7 -4 5 -6 17 -8 -9 10 14 11 -13 -14 -15 -16 16 -18 21 22 20 -22 23 24 26 27 -27 -28 29 -30 -31
leaf_value=-0.0044221510373237422 -0.0015442957127546311 0.00023018278136623907 0.0017757682877442397 0.0014949659568960771 0.0094923700105604171 0.00018325490870087625 -0.00043047830601305732 -0.0044212311692649634 -0.00050513438101716386 -0.00073292467845431284 -0.0015145601457176722 0.0057214257700865939 0.00053244450277703992 -0.0029467312507850977 -0.001812093157109452 0.0013213462037710974 -0.0037024191616108065 -0.00099821784172014023 -0.00074146920168697314 0.00053335758889657445 0.0014042047891936933 0.0013096035450132007 0.00073237371059399817 -0.00030365970350366669 -0.0052110168205647522 0.0036715497596123471 -0.013516292529035174 -0.00072486595542666941 0.0010033606330730296 0.00061390365374769905
leaf_weight=1521 4278 18452 9492 3929 508 11163 18223 4500 26807 21329 3475 1970 58098 7495 17048 2156 1068 13061 9090 5639 9917 23445 13450 2531 1813 537 783 3280 3302 4449
leaf_count=1521 4278 18452 9492 3929 508 11163 18223 4500 26807 21329 3475 1970 58098 7495 17048 2156 1068 13061 9090 5639 9917 23445 13450 2531 1813 537 783 3280 3302 4449
internal_value=-0.000110462 -0.00198375 0.00552212 0.00251342 -0.00483736 0.0027788 -0.00205306 -0.00264396 -0.00231781 -0.00504143 -0.000786019 -0.00978113 0.000927398 -0.0143551 -0.00879855 -0.00680429 0.0025974 0.00382356 0.00576599 0.0118793 0.0175703 0.00114996 0.000570236 0.0049703 0.00394748 0.00430401 -0.0101986 -0.00251256 -0.00509681 0.00127277
internal_weight=302809 176676 14278 126133 4786 124612 22152 162398 157898 56829 101069 16164 84905 14194 38377 6699 3224 102460 59338 27256 15556 43122 32082 26759 22992 11700 3314 9542 16363 7729
internal_count=302809 176676 14278 126133 4786 124612 22152 162398 157898 56829 101069 16164 84905 14194 38377 6699 3224 102460 59338 27256 15556 43122 32082 26759 22992 11700 3314 9542 16363 7729
is_linear=0
shrinkage=0.05


Tree=13
num_leaves=31
num_cat=0
split_feature=39 66 41 75 69 65 71 57 69 65 75 66 70 66 19 41 11 75 64 75 68 41 67 65 11 59 74 53 69 69
split_gain=548.708 538.945 591.92 572.393 709.282 548.966 478.728 332.532 315.904 333.936 298.427 275.907 266.974 284.899 490.243 375.201 363.771 350.428 284.186 252.35 245.43 242.23 248.653 231.135 434.372 230.848 225.238 220.095 208.681 207.616
threshold=0.031720839440822608 -0.14113382250070569 0.033763946965336807 0.47627076506614691 0.016699732281267646 -0.30392172932624811 -0.032657969743013375 0.37793426215648657 0.024035197682678703 -0.22968477010726926 0.2144296392798424 -0.23254808783531186 0.27819286286830908 -0.19076969474554059 0.049290474504232414 0.1897392421960831 1.0525166988372805 0.67137715220451366 -0.1867772042751312 0.19101610779762271 -0.012484795879572628 0.035636432468891151 0.078704115003347411 0.16629457473754886 1.0525166988372805 0.061875877901911742 0.36450120806694036 1.0000000180025095e-35 0.012069122400134804 0.021456195972859863
decision_type=8 10 8 10 10 10 10 2 10 10 10 10 10 8 10 10 10 10 10 10 10 8 10 10 8 10 10 10 10 10
left_child=1 2 5 4 10 -1 -7 -6 9 28 20 19 13 14 15 18 23 -16 -2 -11 -3 -20 -23 -15 26 -4 -25 -22 -8 -19
right_child=12 3 25 -5 7 6 8 -9 -10 11 -12 -13 -14 16 17 -17 -18 29 21 -21 27 22 -24 24 -26 -27 -28 -29 -30 -31
leaf_value=-0.0014464847423145888 0.0004948353099581839 -1.1817104261337403e-05 -0.00013679086044106228 0.0017414879019204113 -0.00048035933759352223 0.0002640929087723787 0.0011942774700858677 0.00086470695074219008 0.0019270371567438336 0.0016801339536914575 -0.00077651751325013901 0.00050055100491434585 -0.0020398736584920744 0.00027950421155698767 0.00015653749544184274 0.0037325311691867313 0.0026015210621159863 -0.003448143097398207 0.00036769532430638982 0.00075111628505684848 -0.0030345408681673337 -0.0014017684543425561 -0.00042380271267322293 0.00091977365016198776 -0.0059371043011038852 0.0019743114087016852 -0.00099946530258745894 -0.00029048393106340732 0.00011457871977805053 -0.0015312854264177191
leaf_weight=3406 18123 1250 39726 7291 4587 19816 1948 5814 2873 5223 6784 4442 16168 38900 5030 3488 10414 7284 7249 3754 5743 10466 41067 4532 1327 3532 6863 959 8855 6148
leaf_count=3406 18123 1250 39726 7291 4587 19816 1948 5814 2873 5223 6784 4442 16168 38900 5030 3488 10414 7284 7249 3754 5743 10466 41067 4532 1327 3532 6863 959 8855 6148
internal_value=-0.000192364 0.00232952 0.00425442 -0.00322461 -0.006802 0.00794107 0.00934869 0.00319374 0.0136672 0.0117984 -0.0138546 0.0170638 -0.00198708 -0.00137134 -0.00303798 -0.00135007 0.00128453 -0.0103833 -0.00207827 0.0221042 -0.020422 -0.00376582 -0.00496964 -0.000435776 -0.00628338 -3.46677e-05 -0.00311705 -0.0242104 0.00524831 -0.014596
internal_weight=303062 126003 93575 32428 25137 50317 46911 10401 27095 24222 14736 13419 177059 160891 98855 80393 62036 18462 76905 8977 7952 58782 51533 51622 12722 43258 11395 6702 10803 13432
internal_count=303062 126003 93575 32428 25137 50317 46911 10401 27095 24222 14736 13419 177059 160891 98855 80393 62036 18462 76905 8977 7952 58782 51533 51622 12722 43258 11395 6702 10803 13432
is_linear=0
shrinkage=0.05


Tree=14
num_leaves=31
num_cat=0
split_feature=48 62 12 60 17 66 19 38 34 11 11 29 66 26 11 60 60 32 19 38 26 58 59 59 9 60 26 23 66 66
split_gain=505.696 249.101 221.938 229.705 458.415 271.673 399.024 334.952 276.577 263.662 195.555 209.424 180.924 590.573 434.063 384.418 415.418 327.114 262.053 233.924 215.792 190.119 162.927 144.325 142.298 173.083 149.862 141.407 133.162 130.044
threshold=0.040160711854696281 -0.15639650821685788 0.27518749237060552 -0.1715523228049278 -0.46432514488697046 -0.16108464449644086 0.012358747422695162 0.23158402740955356 0.12321682646870614 -0.37513817846775049 4.2231070995330819 -0.29924280941486353 -0.16108464449644086 -0.1304264813661575 -0.081358119845390306 -0.1715523228049278 -0.028727388009428974 -0.34533442556858057 0.049290474504232414 0.11464919149875642 -0.037312764674425118 0.32340787351131445 0.11316314712166788 -0.014226437546312807 -0.22350647300481793 0.0061887693591415891 -0.24029527604579923 -0.11870978400111197 -0.30540493130683893 -0.35092857480049128
decision_type=2 8 10 10 10 10 10 10 10 8 8 10 10 10 10 8 8 8 10 10 10 2 10 10 8 10 8 10 10 8
left_child=1 -1 3 9 -5 7 10 -6 -9 -2 11 -7 13 18 19 29 17 -17 22 23 -16 -19 24 -14 25 -3 -26 -10 -20 -15
right_child=2 12 -4 4 5 6 -8 8 27 -11 -12 -13 14 15 20 16 -18 21 28 -21 -22 -23 -24 -25 26 -27 -28 -29 -30 -31
leaf_value=-0.0038148277746054625 0.0023289675278960241 0.00022639925781702195 -0.0036787283340513136 -0.0093255419489270321 0.00012086386537507048 0.00073789236006980825 0.00063458519664133647 -3.4895655692914092e-05 -0.0015109802843677347 2.2764212915137331e-05 -0.0049047670933489709 -0.0012139848537505646 -0.00021369205369113512 -0.0013268550367599851 0.00065777166108440274 0.00044709144576773359 0.00034377471730803868 0.00080385599860984848 -0.0029244201667690227 -0.00032822875923312175 -0.00094742977161703748 0.0019062525845918547 0.0018183095992859101 -0.002534534282598663 -0.00068824785953946642 0.0019368542521378499 0.00012939956989574427 -0.00065120088510137251 -0.00054004211791406178 0.00015024369848907188
leaf_weight=1644 3653 20964 4666 965 17305 3394 30730 12577 23420 42355 965 7459 1565 1501 21662 4663 13259 7285 2264 10222 4042 4477 3641 3483 10331 3708 20495 14425 4682 1510
leaf_count=1644 3653 20964 4666 965 17305 3394 30730 12577 23420 42355 965 7459 1565 1501 21662 4663 13259 7285 2264 10222 4042 4477 3641 3483 10331 3708 20495 14425 4682 1510
internal_value=-0.00012462 0.00206 -0.00203243 -0.00171311 -0.00294202 -0.00263998 0.000491095 -0.00460679 -0.0066664 0.0012582 -0.00731316 -0.00538065 0.00228814 0.00344671 -0.000505075 0.00894206 0.0106688 0.0159811 0.000726984 -0.00717932 0.00346115 0.0204213 0.00180645 -0.0159747 0.00113317 0.0039624 -0.00113179 -0.00880069 -0.00845313 -0.00806024
internal_weight=303312 141398 161914 157248 111240 110275 42548 67727 50422 46008 11818 10853 139754 98780 40974 32695 29684 16425 66085 15270 25704 11762 59139 5048 55498 24672 30826 37845 6946 3011
internal_count=303312 141398 161914 157248 111240 110275 42548 67727 50422 46008 11818 10853 139754 98780 40974 32695 29684 16425 66085 15270 25704 11762 59139 5048 55498 24672 30826 37845 6946 3011
is_linear=0
shrinkage=0.05


Tree=15
num_leaves=31
num_cat=0
split_feature=42 69 54 58 16 54 60 69 60 54 69 54 11 67 11 55 27 69 60 74 55 67 17 60 72 55 58 67 67 41
split_gain=521.036 493.295 462.992 962.198 372.288 438.459 1090.09 818.391 483.449 825.743 598.098 566.753 383.293 386.422 362.969 347.165 478.209 386.144 343.452 311.804 303.634 361.87 274.028 350.368 264.796 352.821 265.618 254.001 238.518 232.361
threshold=0.028139073401689533 0.015650454442948106 6.9582107067108163 0.38029931485652929 -0.3265578150749206 7.6134459972381601 -0.028727388009428974 0.022214193828403953 -0.043686289340257638 5.2772979736328134 0.016699732281267646 5.49509620666504 1.2294731140136721 0.23188174515962603 0.14640617370605472 1.5000000000000002 0.14438821375370028 0.020478217862546447 -0.23599888384342191 0.30833491683006292 1.0000000180025095e-35 0.18671448528766635 -0.065374635159969316 0.021580761298537258 0.78568449616432201 1.0000000180025095e-35 0.75626385211944591 0.24067033082246783 0.43428435921669012 0.035636432468891151
decision_type=8 10 2 2 8 2 10 10 8 2 10 2 10 10 10 2 10 10 8 8 2 10 10 10 8 2 2 8 10 8
left_child=1 2 -1 -4 20 8 24 -8 11 10 14 15 -12 -14 27 17 -17 -6 -3 -9 21 -2 -11 -24 -7 26 -26 -10 -15 -13
right_child=4 18 3 -5 5 6 7 19 9 22 12 29 13 28 -16 16 -18 -19 -20 -21 -22 -23 23 -25 25 -27 -28 -29 -30 -31
leaf_value=0.00032501323929055192 0.0012351210449326978 -0.002786743628040678 0.00045254147045578256 -0.0021365895614425616 -0.0014294542448886277 0.00067913079155589831 -0.0028432597273084213 0.0032532881065022016 -0.0007322960725387259 -0.0020059601272019848 -0.00042602054478959944 0.00077753539995883655 -0.0052633943864149662 0.005836280586720595 0.0046196759961210964 0.0010034916882867568 -0.0011499208478756727 -0.00047451723522228803 0.00075209935774863952 -0.00066484477660019305 0.0042176398295460087 -0.0012784772385083256 0.00058623427525542234 -0.00083507504428029808 -0.00018708325865898962 -0.0031967120562762354 0.0052669044380806379 0.0012834787211375947 -0.0016272854841340426 -2.8300787718795557e-05
leaf_weight=22096 12455 1032 3652 4077 31654 8355 10725 1088 4881 6775 29407 7090 886 4825 12483 3385 2117 28489 25660 1709 2235 4719 10022 16817 2418 2884 619 21915 1030 17647
leaf_count=22096 12455 1032 3652 4077 31654 8355 10725 1088 4881 6775 29407 7090 886 4825 12483 3385 2117 28489 25660 1709 2235 4719 10022 16817 2418 2884 619 21915 1030 17647
internal_value=-0.000206988 0.00412281 -0.000296631 -0.0108218 -0.00119932 -0.00176714 -0.00764888 -0.017817 -0.000946935 0.00129435 0.00419887 -0.00365077 -0.000442502 0.0103022 0.00846929 -0.00608103 0.00593251 -0.00718086 0.00905925 0.00625223 0.0054457 0.00318319 -0.00522246 -0.00295169 0.00198796 -0.00609509 0.00579258 0.00518541 0.0149616 0.00279832
internal_weight=303147 56517 29825 7729 246630 227221 27798 13522 199423 109041 75427 90382 36148 6741 39279 65645 5502 60143 26692 2797 19409 17174 33614 26839 14276 5921 3037 26796 5855 24737
internal_count=303147 56517 29825 7729 246630 227221 27798 13522 199423 109041 75427 90382 36148 6741 39279 65645 5502 60143 26692 2797 19409 17174 33614 26839 14276 5921 3037 26796 5855 24737
is_linear=0
shrinkage=0.05


Tree=16
num_leaves=31
num_cat=0
split_feature=48 16 40 18 15 68 11 19 66 38 60 75 71 65 45 6 75 60 14 66 55 55 66 71 66 27 30 70 16 66
split_gain=497.403 287.282 248.731 241.273 259.709 215.154 195.907 203.086 196.066 499.858 397.357 289.341 236.638 219.415 301.233 194.738 193.851 192.647 364.194 178.433 273.189 173.196 927.926 488.361 325.347 265.469 239.525 267.24 233.663 169.454
threshold=0.028053078800439838 -0.31212764978408808 0.14222022891044619 -0.23184262216091153 -0.54739755392074574 -0.16086433082818982 -0.33405500650405878 -0.25750511884689326 -0.1584544628858566 0.19086997956037524 -0.1715523228049278 0.43211852014064794 -0.032657969743013375 0.23151963949203494 22.500000000000004 -0.14578450471162793 0.27524821460247045 -0.11916516721248625 -0.55376571416854847 -0.35092857480049128 1.0000000180025095e-35 1.0000000180025095e-35 -0.24460959434509275 0.093373507261276259 -0.25589400529861445 0.22576077282428744 0.19315011054277423 0.57482156157493602 -0.021693070419132706 -0.15983666479587552
decision_type=2 8 10 8 8 8 8 10 10 8 8 10 10 8 10 10 10 10 10 10 2 2 8 10 8 10 8 8 10 10
left_child=5 2 19 -3 -5 -1 7 -7 9 10 -8 13 -12 14 -10 17 -14 -6 -19 -2 -21 24 23 -23 28 -24 -26 -28 -17 -20
right_child=1 3 -4 4 15 6 8 -9 11 -11 12 -13 16 -15 -16 21 -18 18 29 20 -22 22 25 -25 26 -27 27 -29 -30 -31
leaf_value=-0.0027127067287010314 0.0018871424845753424 -0.0015689083079355919 -0.003827914009459624 0.01045750062444758 -0.00039777821223200459 0.0013977734515374998 -0.00031940337091019259 -0.00035328295143068978 -0.0013955939864443193 0.00015463169194701891 0.00052336282981468483 0.0014905108940550214 0.0010927985439187779 0.00066288961199358195 0.00012915810587843057 -0.0001779646282882113 0.00059370557248549047 -0.0098580167822269471 -0.0015274907781673834 -0.00074340337092756266 0.003178730005346006 0.00089987274159163523 -0.00066300818694774936 -0.0010338418254742627 -0.00054933106045564203 -0.0036236217127661552 0.00058172005892002585 -0.0036668116174755163 -0.0018287860860098323 -9.9731802354125832e-05
leaf_weight=1812 9411 8283 996 704 23654 3522 3806 16188 7371 28446 7593 9888 11592 3142 6817 24805 3710 814 7976 5405 1428 6794 8036 2797 11321 5154 62894 3133 10078 5315
leaf_count=1812 9411 8283 996 704 23654 3522 3806 16188 7371 28446 7593 9888 11592 3142 6817 24805 3710 814 7976 5405 1428 6794 8036 2797 11321 5154 62894 3133 10078 5315
internal_value=-0.000152033 -0.00161602 0.00455072 -0.00220116 -0.00180275 0.00265215 0.00295587 -0.0015213 0.00402731 0.00574089 0.0106529 0.000554576 0.0131391 -0.0033391 -0.00598676 -0.00192701 0.0167189 -0.00510074 -0.0097237 0.00604159 -0.000109601 -0.00103909 -0.00501294 0.006817 -0.00023209 -0.0136136 0.00157579 0.00272802 -0.00424011 -0.00771746
internal_weight=302885 198998 17240 181758 173475 103887 102075 19710 82365 55147 26701 27218 22895 17330 14188 172771 15302 37759 14105 16244 6833 135012 22781 9591 112231 13190 77348 66027 34883 13291
internal_count=302885 198998 17240 181758 173475 103887 102075 19710 82365 55147 26701 27218 22895 17330 14188 172771 15302 37759 14105 16244 6833 135012 22781 9591 112231 13190 77348 66027 34883 13291
is_linear=0
shrinkage=0.05


Tree=17
num_leaves=31
num_cat=0
split_feature=42 63 60 54 54 55 58 69 65 11 57 63 69 58 30 43 55 68 60 54 69 33 11 58 65 38 68 41 69 41
split_gain=464.458 471.63 340.176 1347.78 899.814 573.144 544.376 658.458 538.357 434.052 410.679 399.807 359.409 336.325 330.667 304.637 355.48 1043.41 497.809 628.53 494.593 488.585 485.145 406.732 391.548 404.793 388.16 348.97 334.771 329.955
threshold=0.056428996846079833 -0.18763202428817746 -0.038501882925629609 4.7007529735565194 5.7492017745971689 1.0000000180025095e-35 0.74451306462287914 0.011580507270991804 -0.30392172932624811 0.052196757867932327 0.7299274504184724 0.036920368671417243 0.022214193828403953 0.34958578646183019 0.19959972798824313 0.22802554070949557 1.0000000180025095e-35 -0.090743582695722566 -0.038501882925629609 5.8378760814666757 0.021456195972859863 0.38132910430431372 inf 0.74451306462287914 0.091605424880981459 0.26712854206562048 0.039748834446072585 0.17555166035890582 0.022499637678265575 0.069749608635902419
decision_type=8 8 10 2 2 2 2 10 10 8 2 10 10 2 10 8 2 8 8 2 10 8 8 2 10 10 10 10 10 8
left_child=1 -1 4 12 5 10 7 9 -6 -5 -3 -9 -4 -10 -13 -2 18 -18 20 22 -17 -19 23 26 25 -24 -20 -23 -21 -22
right_child=15 2 3 6 8 -7 -8 11 13 -11 -12 14 -14 -15 -16 16 17 21 19 28 29 27 24 -25 -26 -27 -28 -29 -30 -31
leaf_value=-0.0042331426370474526 0.001527828296730243 -0.00052513585218414078 0.0013885204583722111 -0.0017375046097549689 -0.00018215024759833735 0.00089388224019986199 -0.0029850593459223892 -0.00018874216159722322 0.00070495468502630254 -0.00014841974277626042 0.0019022809413469094 0.001690664828899493 -0.0012037870146202195 0.0017309403886218988 1.6430876649726827e-05 -0.0014712705066975162 0.0031269195902491028 0.00015889893527628484 0.0017987892478137112 -0.0018686112495378431 0.00072196854071918679 -0.0031853857839929476 0.0022663870380615885 0.0070851420150959202 -0.0089393590170631001 -0.001011804178315147 -0.0012001542122387972 0.0011949543079380429 0.00050302880772247819 -0.00076634806720835772
leaf_weight=1635 5851 31773 28907 8454 7390 5500 5374 16921 21395 5240 3190 2906 2579 5506 2736 24715 3245 3962 20355 10240 12011 11850 6333 5366 594 13138 5405 1057 4196 25691
leaf_count=1635 5851 31773 28907 8454 7390 5500 5374 16921 21395 5240 3190 2906 2579 5506 2736 24715 3245 3962 20355 10240 12011 11850 6333 5366 594 13138 5405 1057 4196 25691
internal_value=-0.000253521 0.00173159 0.00202764 -0.000397254 0.00439918 -0.000651051 -0.00630028 -0.00409601 0.0103568 -0.0127408 -0.00301232 0.00115403 0.00740729 0.0136394 0.0126681 -0.00218058 -0.0026227 -0.00880044 -0.00165165 0.0013887 -0.00484806 -0.0137952 0.00398723 0.0078944 -0.00207472 -0.000844413 0.00528133 -0.0185066 -0.00782223 -0.00124364
internal_weight=303515 149506 147871 73117 74754 40463 41631 36257 34291 13694 34963 22563 31486 26901 5642 154009 148158 20114 128044 65627 62417 16869 51191 31126 20065 19471 25760 12907 14436 37702
internal_count=303515 149506 147871 73117 74754 40463 41631 36257 34291 13694 34963 22563 31486 26901 5642 154009 148158 20114 128044 65627 62417 16869 51191 31126 20065 19471 25760 12907 14436 37702
is_linear=0
shrinkage=0.05


Tree=18
num_leaves=31
num_cat=0
split_feature=42 16 54 62 60 60 54 69 17 54 54 60 69 63 58 55 67 39 46 67 69 60 75 54 10 69 67 60 69 11
split_gain=421.542 316.043 333.296 478.24 307.485 410.786 511.33 520.343 299.35 279.088 257.178 1146.74 682.937 399.394 304.507 234.634 330.306 228.244 225.294 211.715 218.014 206.27 805.01 414.536 333.138 439.029 502.391 285.525 272.803 213.052
threshold=0.021648253314197067 -0.33208763599395746 1.7413425445556643 0.056552946567535407 -0.1715523228049278 -0.043686289340257638 5.6054160594940194 0.016699732281267646 -0.11116496846079825 5.6332526206970224 7.2951922416687021 -0.028727388009428974 0.022214193828403953 -0.029967874288558956 0.74451306462287914 1.0000000180025095e-35 0.18671448528766635 0.38094952702522283 4.5000000000000009 0.19418858736753467 0.014888271223753692 -0.043686289340257638 0.63632631301879894 5.6332526206970224 0.14728675037622455 0.016699732281267646 0.23188174515962603 0.35841675102710729 0.019833452999591831 -0.27313525974750513
decision_type=8 8 2 8 8 8 2 10 10 2 2 10 10 8 2 2 10 10 10 10 10 8 10 2 10 10 10 8 10 8
left_child=4 15 3 -3 -1 9 -7 -8 17 -6 21 19 14 -14 -13 16 -2 -4 -11 20 -12 22 -10 24 -23 -26 -27 29 -24 -25
right_child=1 2 8 -5 5 6 7 -9 10 18 11 12 13 -15 -16 -17 -18 -19 -20 -21 -22 23 28 27 25 26 -28 -29 -30 -31
leaf_value=-0.00070830471078444312 0.0012428353200476916 9.7167851624939731e-05 -0.00092357609973993642 0.0042662837862506887 0.00030971495815884778 0.0016198454884442616 -0.0012339480246730057 0.0004098473597319522 0.00021008128890610811 0.0005799148854466927 0.00093136520695513811 -0.0016559675412282293 -0.0012442822887377585 0.0016689031814420656 -0.0046881110735854077 0.0040556924805291369 -0.0011633195112895317 0.0083854223305037025 0.0014830156400845692 0.0016827983859090422 -0.00030600507079561913 3.6772853812805201e-06 -0.0020256287211845299 -0.001421699390841044 0.0030544966310232353 -0.0021060759674557893 0.0014013657081510208 0.0014076216969397155 -0.00050666147511214163 -0.00048721490122930898
leaf_weight=4096 12370 16357 42212 4811 4618 7169 5554 5096 36962 4285 2643 11322 1190 1744 2305 2098 4564 590 4295 4873 7707 35298 15407 2569 15604 4138 12296 2853 9891 17871
leaf_count=4096 12370 16357 42212 4811 4618 7169 5554 5096 36962 4285 2643 11322 1190 1744 2305 2098 4564 590 4295 4873 7707 35298 15407 2569 15604 4138 12296 2853 9891 17871
internal_value=-0.000154889 -0.00083064 -0.00130604 0.00469355 0.0049953 0.00669578 0.00174154 -0.00520638 -0.00186452 0.0133783 -0.000991158 -0.00508272 -0.0141844 0.00767663 -0.0188935 0.00537759 0.00341714 -0.0056316 0.0187078 0.00482177 0.000772201 -0.000140289 -0.00235587 0.00138186 0.00337065 0.00706128 0.00135612 -0.00436639 -0.00922633 -0.00643521
internal_weight=302788 267675 248643 21168 35113 31017 17819 10650 227475 13198 184673 31784 16561 2934 13627 19032 16934 42802 8580 15223 10350 152889 62260 90629 67336 32038 16434 23293 25298 20440
internal_count=302788 267675 248643 21168 35113 31017 17819 10650 227475 13198 184673 31784 16561 2934 13627 19032 16934 42802 8580 15223 10350 152889 62260 90629 67336 32038 16434 23293 25298 20440
is_linear=0
shrinkage=0.05


Tree=19
num_leaves=31
num_cat=0
split_feature=70 50 68 19 58 33 65 65 6 62 58 11 67 33 26 58 65 40 67 33 64 24 16 64 27 65 68 43 64 24
split_gain=460.865 332.354 257.571 212.777 217.561 209.332 210.696 174.832 164.07 160.164 193.072 357.753 198.019 258.372 165.168 213.071 285.728 169.114 159.01 159.857 145.953 145.29 144.639 141.08 137.012 134.842 152.516 142.265 159.364 155.528
threshold=0.10165789723396303 0.0050505902618169793 -0.096016701310873018 0.020441688597202304 0.81410688161849987 2.3153638839721684 0.15390419960021975 0.31251299381256109 -0.1413580924272537 0.016285657882690433 0.73004695773124706 0.14640617370605472 0.15650286525487903 0.27408523857593542 -0.12612910568714139 0.070422533899545683 -0.031145840883255001 0.031345354393124587 0.13543916493654254 0.12500426173210147 -0.14856553077697751 0.076195240020751967 -0.35719723999500269 0.25705593824386602 0.086209509521722807 -0.40212038159370417 -0.026094447821378704 0.31143237650394445 -0.029635548591613766 1.3003067374229433
decision_type=8 2 8 10 2 10 8 10 10 10 2 8 8 8 10 2 8 10 10 10 10 10 8 10 10 8 10 8 8 8
left_child=1 5 -3 7 -5 9 -7 25 -4 14 12 23 -11 -14 22 -16 17 20 -18 -20 -17 -21 -1 -12 -13 -2 -27 -28 -29 -30
right_child=3 2 8 4 -6 6 -8 -9 -10 10 11 24 13 -15 15 16 18 -19 19 21 -22 -23 -24 -25 -26 26 27 28 29 -31
leaf_value=0.0012042438815916478 -0.0060984756209013884 0.0006503109084988653 -0.0010087528406209155 -0.00045413902033436711 0.0049118858204054532 -0.0018394458641743184 0.0023857001755019521 -0.0092049950548000678 -0.00017674169632756062 0.00014442625456887061 -0.005044025841085778 -0.0055424430568104237 0.0015158521431504575 0.00068037227866857774 -0.0012346639490657236 0.00012601920576117551 -0.00075385705884134947 1.9658442154864548e-05 0.00094313739029813597 -0.00060941039118981286 0.00098867104966796375 0.0011254626256082135 -3.0539662637201451e-05 -5.4091005672281954e-05 0.002549954226874528 -0.00045153211623462895 0.0053380323754002104 -0.0022328896290224245 -0.0008540764588549877 -0.0062334035368524872
leaf_weight=7560 688 12189 14292 17806 2645 5772 1727 521 59225 12721 2056 601 7621 16377 1039 2105 4203 2839 2263 3196 8019 3543 73503 1357 3910 17041 516 5526 11211 1177
leaf_count=7560 688 12189 14292 17806 2645 5772 1727 521 59225 12721 2056 601 7621 16377 1039 2105 4203 2839 2263 3196 8019 3543 73503 1357 3910 17041 516 5526 11211 1177
internal_value=-0.000117227 0.00082193 -0.00169163 -0.00416251 -7.57539e-05 0.00216492 -0.00598615 -0.00644045 -0.00280781 0.00256502 0.00508476 -0.00199143 0.00661194 0.00928441 0.00152567 0.00489584 0.00577966 0.0110499 0.000601589 0.00434976 0.0140714 0.000481553 0.000394089 -0.0141835 0.00724397 -0.00602035 -0.00559032 -0.00874187 -0.00949007 -0.00633167
internal_weight=303249 246118 85706 57131 20451 160412 7499 36680 73517 152913 44643 7924 36719 23998 108270 27207 26168 12963 13205 9002 10124 6739 81063 3413 4511 36159 35471 18430 17914 12388
internal_count=303249 246118 85706 57131 20451 160412 7499 36680 73517 152913 44643 7924 36719 23998 108270 27207 26168 12963 13205 9002 10124 6739 81063 3413 4511 36159 35471 18430 17914 12388
is_linear=0
shrinkage=0.05


Tree=20
num_leaves=31
num_cat=0
split_feature=70 42 66 41 41 11 60 58 41 54 66 19 14 54 8 63 32 33 54 66 66 54 34 33 58 33 33 60 68 60
split_gain=429.855 311.504 535.2 498.758 371.255 313.094 344.113 311.92 294.442 485.134 374.017 480.705 319.064 264.466 346.04 237.459 250.863 229.908 225.179 299.544 205.268 179.027 459.678 314.286 220.247 211.982 176.437 176.326 175.052 364.815
threshold=0.12320813164114953 0.053731046617031104 -0.14113382250070569 0.038954211398959167 0.03244381211698056 -0.3132347166538238 -0.23599888384342191 0.39162753522396093 0.16077584773302081 6.0113162994384775 -0.15764278918504712 0.018213152885437015 -0.21463843435049054 7.0690448284149179 -0.0049530293326824895 -0.095230549573898302 -0.46458835899829859 0.71122634410858165 7.6134459972381601 -0.30540493130683893 -0.2181165739893913 6.8267512321472177 0.2084755748510361 0.61988744139671337 0.74451306462287914 1.5125314593315127 1.3381869196891787 0.019442561082541946 -0.0421217493712902 -0.030300218611955639
decision_type=8 10 10 8 10 8 8 2 10 2 10 10 10 2 10 8 8 10 2 10 10 2 10 10 2 10 10 10 10 8
left_child=1 2 4 13 5 26 -7 -6 10 27 11 15 -12 -4 17 16 -3 -15 19 -13 -11 23 -23 -14 25 -24 -1 -10 -8 -30
right_child=-2 8 3 -5 7 6 28 -9 9 20 12 18 21 14 -16 -17 -18 -19 -20 -21 -22 22 24 -25 -26 -27 -28 -29 29 -31
leaf_value=0.00014087563246499083 -0.0009918689636283977 0.0014794961440988373 -0.00029020165861509217 0.0015112235561904883 -0.00031605630184857554 -0.0017604442329876013 0.0004071339992805098 0.0006275040588337214 -0.00095153324057458603 0.0082676104038867416 -0.0027515270701894013 -0.0024938270589206155 -4.5761688368906647e-05 -0.00015813653586716533 -0.0033479788424260327 -0.00041957412117675215 -0.000366350520254621 -0.0024103037991667076 -0.0032066020174858971 -0.00041548933285832874 -0.00043414235410012514 0.0025690054010723885 0.00012144837500047321 0.0025255876417198662 -0.0043932596736672314 -0.0039918699331074293 -0.0012310149198268973 0.0070368807005423695 0.0012872925853015006 0.00062772238570904949
leaf_weight=13504 49256 10022 18965 7690 24070 1066 19326 17166 5076 2089 1729 8233 10457 4789 2848 42275 9331 879 2269 10867 517 1653 2550 12640 934 925 608 1323 9050 10371
leaf_count=13504 49256 10022 18965 7690 24070 1066 19326 17166 5076 2089 1729 8233 10457 4789 2848 42275 9331 879 2269 10867 517 1653 2550 12640 934 925 608 1323 9050 10371
internal_value=-0.000253233 0.000578126 0.00228092 -0.00298883 0.0042287 0.0069593 0.00922708 0.000657033 -0.00122783 0.00747088 -0.00191624 -0.00366415 0.00278012 -0.00613837 -0.013453 -0.00142282 0.00316325 -0.00628743 -0.0101244 -0.00834642 0.0256116 0.00401968 -0.00362319 0.00602631 -0.0120502 -0.00621234 0.000559411 5.46107e-05 0.00999948 0.0133524
internal_weight=302478 253222 130332 35171 95161 53925 39813 41236 122890 9005 113885 82997 30888 27481 8516 61628 19353 5668 21369 19100 2606 29159 6062 23097 4409 3475 14112 6399 38747 19421
internal_count=302478 253222 130332 35171 95161 53925 39813 41236 122890 9005 113885 82997 30888 27481 8516 61628 19353 5668 21369 19100 2606 29159 6062 23097 4409 3475 14112 6399 38747 19421
is_linear=0
shrinkage=0.05


Tree=21
num_leaves=31
num_cat=0
split_feature=42 69 65 41 65 43 58 70 41 69 39 53 75 65 50 68 11 68 42 69 70 41 58 63 11 70 57 19 30 38
split_gain=349.154 401.792 448.647 471.101 424.038 241.802 239.694 223.04 221.411 188.978 155.51 154.111 153.522 277.885 147.655 231.049 212.545 194.662 158.196 181.469 140.271 134.925 199.407 274.83 133.363 131.21 131.105 129.92 124.213 123.88
threshold=0.027778442949056629 0.015650454442948106 0.06125611066818238 0.020756955258548263 -0.30392172932624811 0.21987720578908923 0.0774647891521454 0.39783994853496557 0.25680419802665716 0.010136223398149015 0.38094952702522283 1.0000000180025095e-35 0.96634596586227428 0.13726484775543216 0.0056838102173060187 -0.10816015675663947 1.0940843224525454 0.00095063619664870213 0.093136899173259749 0.033149430528283126 0.074367824941873564 0.025327835232019428 0.75626385211944591 0.044269859790802009 -0.34112007915973658 0.029728712514042858 0.092140555381774916 -0.26276449859142298 0.2220563814043999 0.089917395263910307
decision_type=8 10 8 8 8 8 2 10 10 10 10 10 10 10 2 8 10 8 8 10 8 10 2 10 8 10 2 8 10 10
left_child=1 2 6 11 -3 8 25 10 -2 28 12 -4 14 -14 17 24 18 27 19 -17 -21 22 23 26 -16 -1 -6 -7 -8 -11
right_child=5 4 3 -5 21 7 9 -9 -10 29 -12 -13 13 -15 15 16 -18 -19 -20 20 -22 -23 -24 -25 -26 -27 -28 -29 -30 -31
leaf_value=0.00011364170374020499 0.00068145158703929892 -0.0013827716082212755 -0.0028180765025031928 0.00013043163907358143 0.0030549115555601226 0.00092408561635951003 -0.0010497167873336742 -0.0024618951702406475 0.013876744977270723 0.0007728402090589389 0.0070374781315447948 -0.00063141613913529756 -0.0026625100670740055 0.0067673844473201406 0.0024762988539410746 -0.00039128102286742632 0.0010478100287981554 0.00043088225870503916 -0.0012504873808535388 0.001786643059411272 -0.00091047088957854844 0.00035386058885587162 -0.0010340956845536695 0.0018127874299520574 0.00025636680287368117 -0.0014274435904748587 0.00057588050572219792 -0.00020070030664825762 0.0012853205590064511 0.00036046602724494657
leaf_weight=1378 9582 1869 3396 5194 893 5892 1826 9211 667 4812 929 908 5792 884 2169 49513 7511 45967 20618 1872 998 6896 1158 2470 8459 1338 12691 77620 675 9674
leaf_count=1378 9582 1869 3396 5194 893 5892 1826 9211 667 4812 929 908 5792 884 2169 49513 7511 45967 20618 1872 998 6896 1158 2470 8459 1338 12691 77620 675 9674
internal_value=-0.000159143 0.00343734 -0.000587108 -0.00950778 0.00795975 -0.000960459 0.00371582 -0.00128514 0.00655522 0.00592163 -0.000977067 -0.02172 -0.00106091 -0.00852528 -0.000834659 -0.0023763 -0.00329103 0.0002506 -0.00411513 -0.00265398 0.00954861 0.00973961 0.0121066 0.013552 0.00454973 -0.0100514 0.0107474 -0.00118771 -0.0067503 0.00811258
internal_weight=302862 55178 29201 9498 25977 247684 19703 237435 10249 16987 228224 4304 227295 6676 220619 91140 80512 129479 73001 52383 2870 24108 17212 16054 10628 2716 13584 83512 2501 14486
internal_count=302862 55178 29201 9498 25977 247684 19703 237435 10249 16987 228224 4304 227295 6676 220619 91140 80512 129479 73001 52383 2870 24108 17212 16054 10628 2716 13584 83512 2501 14486
is_linear=0
shrinkage=0.05


Tree=22
num_leaves=31
num_cat=0
split_feature=70 55 69 54 18 42 66 54 69 54 59 66 69 54 60 60 69 66 54 55 32 64 57 13 17 33 33 33 45 27
split_gain=397.703 408.423 377.218 402.651 368.106 251.546 474.755 402.079 1006.65 432.882 318.134 297.05 290.332 402.196 554.396 303.282 354.047 315.854 390.109 277.396 236.115 309.824 235.195 250.808 220.009 219.26 190.389 187.628 187.02 186.439
threshold=0.091212261468172087 1.0000000180025095e-35 0.011557383462786676 4.2768049240112314 0.12770721316337588 0.05765174329280854 -0.18374802917242047 4.7007529735565194 0.016699732281267646 7.1026558876037607 0.042183548212051399 -0.048871429637074464 0.021456195972859863 4.1272149085998544 -0.016484301537275311 -0.17026768624782559 0.013897051569074394 -0.1584544628858566 7.3266301155090341 1.5000000000000002 -0.21290995180606839 -0.14856553077697751 0.33885440230369573 0.028537414036691192 -0.17077933251857755 0.36262892186641699 0.32869361340999609 0.17978125810623172 23.500000000000004 2.2016229629516606
decision_type=8 2 10 2 8 10 10 2 10 2 10 10 10 2 10 8 10 8 2 2 10 10 2 10 10 10 8 8 10 10
left_child=5 2 3 -2 29 6 10 27 9 -9 19 -11 13 14 -7 16 -15 -17 24 20 -1 -22 28 -24 -19 -23 -12 -8 -10 -3
right_child=1 4 -4 -5 -6 12 7 8 22 11 26 -13 -14 15 -16 17 -18 18 -20 -21 21 25 23 -25 -26 -27 -28 -29 -30 -31
leaf_value=0.00012912178124288942 0.0045466930757446381 -0.0011969976827229712 -0.00080980934618227153 -0.0010307676014630223 -0.0095803271790812616 -0.00082157145852995305 -0.00055758066097880805 -0.00082577617388329824 -0.0010472120435898872 -0.0011806161507897672 0.0021325192875986084 -0.0055566627128335894 0.00020975383450551614 0.0031221114064542109 0.0018920291177133759 -0.0015907935990698637 -0.0019928562554932666 -0.0033146681277756609 -0.0029022648747553874 0.00080304798478619723 -0.000148473200284408 0.0010691119522346897 0.00095339236966565438 -0.00083541936031628289 0.0016830741015226025 0.00015981946607882778 0.0011990088123130108 0.0010984554450295396 0.00022971815115020562 0.0088158613163554066
leaf_weight=64739 6521 4355 42203 5422 2906 13660 4050 9201 2731 3579 3456 2302 53491 2432 10950 15883 1627 910 2521 5546 3062 4507 6726 1460 5180 1737 5794 11658 3608 521
leaf_count=64739 6521 4355 42203 5422 2906 13660 4050 9201 2731 3579 3456 2302 53491 2432 10950 15883 1627 910 2521 5546 3062 4507 6726 1460 5180 1737 5794 11658 3608 521
internal_value=-0.000199836 -0.00377313 -0.00223244 0.00560947 -0.0144764 0.000719209 0.00216001 -0.00200441 -0.00543438 -0.0144779 0.00428414 -0.0250637 -0.00109315 -0.00370959 0.000974817 -0.00774604 0.00490292 -0.00984329 -0.00212852 0.00326315 0.00245426 0.00989695 0.00395941 0.00955344 0.00472131 0.0162776 0.0130562 0.00445985 -0.00326823 -0.00605813
internal_weight=302738 61928 54146 11943 7782 240810 134156 45315 29607 15082 88841 5881 106654 53163 24610 28553 4059 24494 8611 79591 74045 9306 14525 8186 6090 6244 9250 15708 6339 4876
internal_count=302738 61928 54146 11943 7782 240810 134156 45315 29607 15082 88841 5881 106654 53163 24610 28553 4059 24494 8611 79591 74045 9306 14525 8186 6090 6244 9250 15708 6339 4876
is_linear=0
shrinkage=0.05


Tree=23
num_leaves=31
num_cat=0
split_feature=42 68 66 54 69 54 41 67 68 69 75 55 59 41 54 8 69 66 65 17 69 54 30 66 71 59 65 41 55 66
split_gain=316.331 399.276 373.465 477.199 825.357 493.906 431.657 330.799 326.199 314.832 331.866 288.29 343.545 358.126 315.806 516.159 416.838 298.729 487.271 389.644 296.807 559.145 281.071 319.141 242.869 294.679 409.013 269.867 233.068 600.078
threshold=0.05765174329280854 -0.16086433082818982 -0.18374802917242047 4.7007529735565194 0.016699732281267646 7.0690448284149179 0.035080257803201682 0.10717913880944253 -0.001750723924487829 0.016699732281267646 0.54002910852432262 1.5000000000000002 -0.089714664965867982 0.060168460011482246 8.4078235626220721 -0.14931720495223996 0.012069122400134804 -0.14113382250070569 -0.30392172932624811 -0.28493806719779963 0.016699732281267646 6.8917274475097665 0.15079683065414431 -0.071908425539731965 -0.052718294784426682 0.096195809543132796 -0.22968477010726926 0.025014420039951805 1.0000000180025095e-35 -0.21896099299192426
decision_type=8 8 10 2 10 2 10 8 10 10 10 2 8 8 2 8 10 10 10 10 10 2 8 10 10 10 10 10 2 8
left_child=1 -1 6 9 5 -5 24 -8 -7 10 -4 14 -13 -14 17 16 -16 18 28 -19 21 -21 23 -6 -3 26 -26 -28 -2 -30
right_child=11 2 3 4 22 8 7 -9 -10 -11 -12 12 13 -15 15 -17 -18 19 -20 20 -22 -23 -24 -25 25 -27 27 -29 29 -31
leaf_value=-0.0025999334679601364 0.0001605739193910287 0.00020827926550840323 0.00031455384557678028 -0.00072130250959461276 6.3385825959260449e-05 -0.00039438165523618049 -0.00070593269063060548 0.00034347140108964536 -0.003620641941858173 -0.00063826940459094377 0.0052317533759770884 0.0025956692138109829 -0.00037358340752013925 -0.0034478826297291935 -0.0039238225851661425 -0.0028067716049058802 0.0019950469504279671 -0.0061534284296261947 -0.00069160888719291041 0.0050792917850626318 0.00013520456820342188 -0.0033703245403719551 -0.00054857769062078069 0.0012087636977122012 0.00014529011062005721 0.0031780422045237441 0.0010363000681869524 0.00043662420988332018 0.0078236575410304526 -0.005227998826230755
leaf_weight=2488 39124 20787 8198 10390 5797 1718 13800 28001 4815 5747 5376 916 3211 3060 567 5599 2427 933 59540 9267 20824 1360 6572 3552 15909 908 11991 7105 2163 999
leaf_count=2488 39124 20787 8198 10390 5797 1718 13800 28001 4815 5747 5376 916 3211 3060 567 5599 2427 933 59540 9267 20824 1360 6572 3552 15909 908 11991 7105 2163 999
internal_value=-0.000226617 0.00137173 0.00170034 -0.00172017 -0.00538747 -0.0130721 0.00351179 -0.000343211 -0.0238346 0.00451348 0.00866461 -0.00185867 -0.0116229 -0.0158016 -0.00136647 -0.0106533 0.00609188 -0.000771122 -0.00210142 0.00341113 0.00435937 0.0111545 0.00278388 0.00835025 0.00635338 0.00884252 0.00810653 0.0130378 0.00200255 0.0150378
internal_weight=303144 153154 150666 52165 32844 16923 98501 41801 6533 19321 13574 149990 7187 6271 142803 8593 2994 134210 101826 32384 31451 10627 15921 9349 56700 35913 35005 19096 42286 3162
internal_count=303144 153154 150666 52165 32844 16923 98501 41801 6533 19321 13574 149990 7187 6271 142803 8593 2994 134210 101826 32384 31451 10627 15921 9349 56700 35913 35005 19096 42286 3162
is_linear=0
shrinkage=0.05


Tree=24
num_leaves=31
num_cat=0
split_feature=70 42 66 75 65 54 64 41 54 29 58 34 63 41 75 68 11 11 65 11 11 66 58 54 39 59 64 29 41 66
split_gain=349.475 211.915 495.177 422.662 295.133 373.786 488.952 483.014 350.853 345.466 293.069 282.214 278.984 257.251 238.064 235.754 216.482 203.892 245.257 203.608 195.08 194.286 193.481 239.417 210.485 234.516 190.624 190.023 179.784 182.219
threshold=0.082382544875144972 0.047854879871010787 -0.14113382250070569 0.44449009001255041 -0.30392172932624811 5.8378760814666757 -0.021728426218032833 0.059304494410753257 4.5590739250183114 -0.48272316157817835 0.74451306462287914 0.0078485007397830504 0.04733324050903321 0.034808136522769935 0.53209573030471813 0.047834005206823356 0.30086734890937811 -0.35928365588188166 -0.30392172932624811 -0.077539436519145952 0.79038625955581676 -0.07424647361040114 0.88253614306449901 4.8121438026428232 0.11081116273999216 -0.1601353585720062 -0.021728426218032833 -0.23936233669519422 0.059739632532000549 -0.2597478032112121
decision_type=8 10 10 8 10 2 10 8 2 8 2 10 8 10 10 10 8 8 10 8 10 10 2 2 10 8 8 10 8 10
left_child=1 2 12 19 8 6 14 10 16 -10 15 -8 13 17 -6 26 -3 -1 -19 -4 -13 -16 24 -24 25 -2 -7 -14 -11 -30
right_child=22 4 3 -5 5 7 11 -9 9 28 -12 20 27 -15 21 -17 -18 18 -20 -21 -22 -23 23 -25 -26 -27 -28 -29 29 -31
leaf_value=-7.353702586758906e-05 -0.0049939253312445229 0.0013762422045212122 -0.0010522582369172262 0.0016005251221006154 0.00030852992705582527 0.00013914911004213061 -0.005514405232126921 -0.0021858351338800604 0.0039691710515203813 0.0017859618779789096 -0.0027272400294271258 0.0004961830214861246 0.0010495914404932396 -0.00014498024443253989 -0.00096836565771820553 0.0011690533903719849 -0.00081005203884091867 -0.00085922778992440134 0.00050396988520332194 -0.00020299082173065179 0.0040437146284407356 0.006648529637905869 0.0045433598466019008 -0.001852405519090844 -0.0022628121818860864 -0.00029709107451149548 -0.0010740505574260012 0.0015949625948494584 -0.00095540657869667631 0.00084121291123050125
leaf_weight=10005 1841 4015 9906 5847 8720 9654 704 8443 5093 3249 1290 22131 7878 22206 27597 1830 14813 2141 33484 13442 5681 760 2776 1397 14835 45802 6038 2712 4455 4517
leaf_count=10005 1841 4015 9906 5847 8720 9654 704 8443 5093 3249 1290 22131 7878 22206 27597 1830 14813 2141 33484 13442 5681 760 2776 1397 14835 45802 6038 2712 4455 4517
internal_value=-0.000293796 0.000607089 0.00224517 -0.00331279 -0.00075969 -0.00225183 -0.000206545 -0.0071722 0.00307314 0.00820827 -0.0027096 0.004715 0.00431435 0.00313504 -0.00399196 -0.00100958 -0.00165092 0.00528265 0.00705346 -0.00632332 0.00551003 -0.00621321 -0.00349155 0.00692087 -0.004188 -0.00256752 -0.00299325 0.0118585 0.00364238 -1.11334e-05
internal_weight=303262 236611 107621 29195 128990 92848 65593 27255 36142 17314 18812 28516 78426 67836 37077 17522 18828 45630 35625 23348 27812 28357 66651 4173 62478 47643 15692 10590 12221 8972
internal_count=303262 236611 107621 29195 128990 92848 65593 27255 36142 17314 18812 28516 78426 67836 37077 17522 18828 45630 35625 23348 27812 28357 66651 4173 62478 47643 15692 10590 12221 8972
is_linear=0
shrinkage=0.05


Tree=25
num_leaves=31
num_cat=0
split_feature=70 55 30 69 54 58 72 66 41 72 16 33 50 54 63 54 69 69 67 54 33 55 41 60 69 54 14 66 54 66
split_gain=350.04 410.865 390.549 305.17 348.064 279.051 253.547 309.247 253.851 218.456 288.042 214.629 196.839 195.651 188.932 167.524 171.368 167.521 166.356 359.803 214.321 186.032 174.51 656.239 328.696 278.837 247.747 179.399 178.838 170.043
threshold=0.12320813164114953 1.0000000180025095e-35 0.073851384222507491 0.01120073674246669 4.1574759483337411 0.81410688161849987 0.87094315886497509 -0.18479430675506589 0.25680419802665716 0.078277900815010085 -0.3265578150749206 1.1500421762466433 0.0050505902618169793 4.6435251235961923 0.0013092756271362307 8.0267419815063494 0.022071841172873977 0.02885202877223492 0.23914169520139697 3.673892736434937 0.20000833272933963 1.0000000180025095e-35 0.026207208633422855 -0.038501882925629609 0.016699732281267646 5.6054160594940194 -0.016493109054863449 -0.19687496870756147 6.8267512321472177 -0.35254344344139094
decision_type=8 2 10 10 2 2 10 10 10 8 8 8 2 2 8 2 10 10 8 2 8 2 8 10 10 2 10 8 2 10
left_child=6 3 -3 4 14 13 8 -8 9 11 -11 15 18 -5 -2 17 -17 -1 22 -20 -21 -22 23 25 28 -12 29 -24 -25 -27
right_child=1 2 -4 5 -6 -7 7 -9 -10 10 12 -13 -14 -15 -16 16 -18 -19 19 20 21 -23 27 24 -26 26 -28 -29 -30 -31
leaf_value=-7.2175832931852118e-05 -0.0016174398699006012 -0.010953460659195061 -0.0010330464939047 -0.0019289916822326494 -0.0011551217441698621 0.0018677591058154789 -0.0012305117116838929 0.0016102684656788845 0.0092843497405137119 0.0013969925421200504 9.6896831315487926e-05 -0.0022590872066796694 -0.00013659602244238731 -0.0001979300860010848 0.0077133217497693113 -0.00027544132087811398 0.0029867796861321148 -0.0023020931879290892 0.0016454521723039289 0.00061383268068806909 0.00020272066746716461 -0.00068851921876439924 -0.00027641915725555328 -0.0011762369212689004 0.0002334594570994983 0.00013270426916255873 0.001241652598181796 0.00064544880600685291 -0.0032249135147466713 0.00085214447335057997
leaf_weight=11334 887 2302 3852 18000 4349 4449 14876 5421 1184 12234 7534 4451 68533 11412 3979 862 889 2508 15839 6541 19743 6311 41089 3076 3462 4175 2908 13198 1874 5292
leaf_count=11334 887 2302 3852 18000 4349 4449 14876 5421 1184 12234 7534 4451 68533 11412 3979 862 889 2508 15839 6541 19743 6311 41089 3076 3462 4175 2908 13198 1874 5292
internal_value=-0.00025911 -0.00411657 -0.0161908 -0.00238825 0.0056748 -0.00458357 0.000490637 -0.00486778 0.000957532 0.000839073 0.00131126 -0.0041488 0.000854523 -0.00634899 0.0148482 -0.00138114 0.0131459 -0.00322697 0.00199005 0.00431632 0.00131115 -0.000721301 0.000625772 0.00380678 -0.00789599 0.00875295 0.013367 -0.00103413 -0.0161492 0.00942809
internal_weight=302564 49230 6154 43076 9215 33861 253334 20297 233037 231853 211809 20044 199575 29412 4866 15593 1751 13842 131042 48434 32595 26054 82608 28321 8412 19909 12375 54287 4950 9467
internal_count=302564 49230 6154 43076 9215 33861 253334 20297 233037 231853 211809 20044 199575 29412 4866 15593 1751 13842 131042 48434 32595 26054 82608 28321 8412 19909 12375 54287 4950 9467
is_linear=0
shrinkage=0.05


Tree=26
num_leaves=31
num_cat=0
split_feature=39 41 57 65 40 65 54 66 69 65 50 64 4 54 18 54 67 38 65 73 27 69 16 71 54 54 65 6 62 67
split_gain=285.876 245.275 239.131 226.962 341.655 311.865 516.878 217.198 198.852 263.338 190.998 189.475 171.157 199.116 177.005 164.452 174.734 156.125 135.484 195.446 131.953 126.512 209.725 162.035 139.372 132.355 168.89 127.079 125.411 122.484
threshold=0.059661135077476508 0.25680419802665716 0.88051518797874462 0.10496115684509279 0.14222022891044619 0.19891721010208133 5.4681022167205819 -0.10803645104169844 0.010136223398149015 -0.28657999634742731 0.0036746197147294883 0.14481955766677859 -0.54566097259521473 1.7741041183471682 0.43037801980972296 2.685463666915894 0.43428435921669012 0.2145456671714783 -0.37683534622192377 0.61303904652595531 0.44467648863792425 0.01194895710796118 0.083069022744894042 0.10071366280317308 7.0690448284149179 4.4762566089630136 0.0085728168487548845 -0.087220303714275346 -0.0302777886390686 0.43712089955806738
decision_type=8 10 2 8 8 8 2 10 10 10 2 10 8 2 10 2 10 10 8 10 8 10 10 10 2 2 10 10 10 10
left_child=1 2 10 4 8 6 7 -5 -2 -10 18 21 -7 17 -15 -13 -17 -14 19 -1 -11 22 25 -23 -24 -12 27 -27 -16 -20
right_child=3 -3 -4 5 -6 12 -8 -9 9 20 11 15 13 14 28 16 -18 -19 29 -21 -22 23 24 -25 -26 26 -28 -29 -30 -31
leaf_value=0.0010891529657347028 0.0021688429985052674 0.011614240385700048 0.0021184100919521328 0.00090398189629184694 -0.0043343337413005384 0.0058685631705404284 -0.0032607257194850019 0.010528726774711087 0.0005418039101509405 -0.00053556573742445104 -0.00011257776207116137 0.0022777537004868616 0.011318599283997012 -0.00093536576851356047 0.0087760623897848063 -0.0017668792677113512 0.00063338373288837353 0.00073378182840767902 0.00017009486499303917 -0.00408612398817082 -0.0019551771258110228 0.00019545011927190985 0.0017184869147410945 -0.0005586179471796461 -0.002502479438240654 -0.0016697390190070268 -0.0017330607671023957 0.00041460540691335356 0.00039789947072129788 0.0015596413036715624
leaf_weight=807 3194 649 1515 2087 4360 994 1315 3239 8445 18302 5122 855 704 28913 735 6295 1008 3508 130198 1009 11502 41275 3538 10942 725 1607 4658 1945 2821 859
leaf_count=807 3194 649 1515 2087 4360 994 1315 3239 8445 18302 5122 855 704 28913 735 6295 1008 3508 130198 1009 11502 41275 3538 10942 725 1607 4658 1945 2821 859
internal_value=-0.000271825 0.000726937 0.000632393 -0.00263234 -0.00510008 -8.12164e-05 0.00990077 0.0168291 -0.00369696 -0.00469824 0.000489678 -0.00147474 -0.00184291 -0.00239977 -0.00372702 -0.00868022 -0.0111104 0.0078162 0.00164242 -0.0118839 -0.00690615 -0.000631606 -0.00429707 0.000604094 0.00534753 -0.0073827 -0.0113139 -0.00308815 0.00678632 0.00183074
internal_weight=303126 213007 212358 90119 45803 44316 6641 5326 41443 38249 210843 77970 37675 36681 32469 8158 7303 4212 132873 1816 29804 69812 17595 52217 4263 13332 8210 3552 3556 131057
internal_count=303126 213007 212358 90119 45803 44316 6641 5326 41443 38249 210843 77970 37675 36681 32469 8158 7303 4212 132873 1816 29804 69812 17595 52217 4263 13332 8210 3552 3556 131057
is_linear=0
shrinkage=0.05


Tree=27
num_leaves=31
num_cat=0
split_feature=42 59 66 54 58 66 75 59 65 71 68 75 54 8 19 10 54 33 66 38 65 75 75 15 9 67 68 64 64 67
split_gain=277.293 392.115 339.376 399.88 420.55 506.216 319.362 267.982 424.428 284.064 260.511 234.667 233.968 485.246 324.072 214.98 214.684 211.268 209.321 360.194 310.145 226.283 203.904 216.444 193.053 179.636 177.494 173.579 171.087 165.394
threshold=0.05765174329280854 -0.1601353585720062 -0.18374802917242047 4.7007529735565194 0.74451306462287914 -0.016393478959798809 0.44837467372417456 0.042183548212051399 -0.23058083653450009 -0.034252975136041634 -0.0071172378957271567 0.40788818895816809 8.4078235626220721 -0.14931720495223996 -0.0033300195354968305 -0.43142816424369806 7.1026558876037607 0.32869361340999609 -0.14113382250070569 1.9256732463836672 -0.29570579528808588 0.8396815061569215 0.60516563057899486 -0.1436110585927963 -0.0062875112053006879 0.005656945053488017 -0.014910161960870026 0.23266619443893435 0.0019999742507934575 0.43712089955806738
decision_type=8 8 10 2 2 10 10 10 10 10 10 10 2 8 8 10 2 8 10 8 10 8 10 10 8 8 10 8 10 10
left_child=1 -1 6 11 5 10 7 8 -3 -10 28 -4 18 14 -14 -8 -6 -9 20 22 25 -22 -20 -24 -12 -2 -13 -18 -5 -25
right_child=12 2 3 4 16 -7 15 17 9 -11 24 26 13 -15 -16 -17 27 -19 19 -21 21 -23 23 29 -26 -27 -28 -29 -30 -31
leaf_value=-0.0041537447012811287 0.0030877224943822693 -4.5421275731600568e-05 -0.00020875238128512035 0.00037895564541735389 -0.0012588498272743578 0.001267825662559172 0.0010890688501347596 0.0020810551384236918 0.00023162281427001655 0.00082339767875329187 -0.0013300974456905955 -0.00067129191821314448 0.002602764957924171 -0.0025206758804165261 -0.0018442403925327277 -0.00031098251112849561 -0.0063866515330128788 0.0012098461236998265 -0.00031903385048327287 -0.0073152535011458053 -0.00029867662460431071 -0.0016555293538920574 -0.0013390339222952427 0.0021497832925980731 -0.00031342965416053027 -4.3555499226351995e-05 0.0030795368525723095 -0.0011470115028467765 -0.00052693614657372222 -0.0021398461729142493
leaf_weight=1596 3949 27172 9449 6769 3586 2786 5355 3119 14073 18169 6819 1984 1785 5645 1189 25424 1373 5792 10856 1025 38668 20973 2653 18658 6003 43536 8011 1334 4194 1236
leaf_count=1596 3949 27172 9449 6769 3586 2786 5355 3119 14073 18169 6819 1984 1785 5645 1189 25424 1373 5792 10856 1025 38668 20973 2653 18658 6003 43536 8011 1334 4194 1236
internal_value=-0.000209274 0.00128874 0.00154931 -0.00170878 -0.00507088 -0.00231556 0.00326896 0.00517378 0.00395968 0.00783827 -0.00467955 0.00397348 -0.00173555 -0.00972882 0.00660188 -0.000959758 -0.0166825 0.0132552 -0.0012482 0.00214298 -0.00233815 -0.00473839 0.00304223 0.00575209 -0.00951527 0.000676913 0.00931034 -0.0272911 0.000979677 0.0075412
internal_weight=303181 153008 151412 52308 32864 26571 99104 68325 59414 32242 23785 19444 150173 8619 2974 30779 6293 8911 141554 34428 107126 59641 33403 22547 12822 47485 9995 2707 10963 19894
internal_count=303181 153008 151412 52308 32864 26571 99104 68325 59414 32242 23785 19444 150173 8619 2974 30779 6293 8911 141554 34428 107126 59641 33403 22547 12822 47485 9995 2707 10963 19894
is_linear=0
shrinkage=0.05


Tree=28
num_leaves=31
num_cat=0
split_feature=0 72 65 69 50 59 64 69 35 20 66 59 65 33 45 40 40 30 43 66 11 11 72 16 11 16 65 36 33 3
split_gain=229.716 190.276 294.021 191.653 173.33 166.189 141.977 137.192 129.794 121.19 178.22 125.792 177.855 129.174 120.17 144.409 117.453 110.928 140.609 130.224 121.088 99.7526 90.2452 147.621 107.935 150.918 121.614 91.1372 87.2157 86.0661
threshold=0.063726179301738753 0.87880828976631176 0.10496115684509279 0.01120073674246669 0.0055814166553318509 -0.05797461420297622 1.0000000180025095e-35 0.01120073674246669 60.848405838012702 -0.016666194424033162 -0.14356330037117002 0.042183548212051399 -0.22899353504180905 0.10535559803247453 15.500000000000002 0.01675895415246487 0.074928738176822676 0.9622684419155122 0.28289425373077398 -0.33285777270793909 -0.081358119845390306 -0.033340480178594582 0.036960991099476821 -0.38757792115211481 -0.39080899953842158 -0.29152086377143854 -0.34564670920372004 35.054693222045906 1.0947649478912356 0.93564787507057201
decision_type=8 10 8 10 2 8 10 10 2 10 10 10 10 8 10 10 10 10 10 8 10 10 8 8 8 8 8 2 10 8
left_child=1 4 3 -3 9 8 -4 -2 -6 22 11 12 -11 -14 15 -12 -8 19 -19 20 -7 -16 -1 27 25 -25 -26 -24 -27 -9
right_child=7 2 6 -5 5 17 16 29 -10 10 14 -13 13 -15 21 -17 -18 18 -20 -21 -22 -23 23 24 26 28 -28 -29 -30 -31
leaf_value=-0.00077170180517532178 0.00074362954151470026 0.0012339514980051719 -0.00049239538122416038 -0.0013938445379388749 0.00061828900802905458 0.00026439781521329193 -0.0014413855938225897 -0.00086300009783436707 -0.0040042555202428427 -8.8987638810526456e-05 -0.0030792940053365777 0.0018946591906771071 0.0013051440827391875 0.00056995811403660304 -0.0005532101294053424 -0.00018166398167281041 0.0059347677554336649 0.0028543170845355876 6.1078237635986415e-06 -0.00055196615597418017 -0.0011073083650685433 0.0009590180237850686 0.0027917774661048301 0.00059528078615811344 -0.00099703112512991923 -0.00043320963431472753 0.00018736583479098525 0.00033707482899637895 -0.0013274344640839988 -0.0086712301905383874
leaf_weight=5872 4905 3112 3199 16508 12902 12207 817 24712 504 5648 1167 3381 2031 6593 1958 2239 2772 1504 10180 41016 2344 2735 2770 4685 3245 10374 109745 1876 985 765
leaf_count=5872 4905 3112 3199 16508 12902 12207 817 24712 504 5648 1167 3381 2031 6593 1958 2239 2772 1504 10180 41016 2344 2735 2770 4685 3245 10374 109745 1876 985 765
internal_value=-0.000243261 0.000216794 -0.00381558 -0.00691798 0.000649873 -0.0012502 0.00514857 -0.00436628 0.00383125 0.001577 0.00472789 0.00754402 0.00548243 0.00999537 -0.00141201 -0.00854801 0.0119617 -0.00226357 0.0021635 -0.00319467 0.000868759 0.00377419 0.000995257 0.00126187 0.000946189 -0.00289025 0.00149115 0.0100086 -0.00600317 -0.00584023
internal_weight=302751 272369 26408 19620 245961 80657 6788 30382 13406 165304 25752 17653 14272 8624 8099 3406 3589 67251 11684 55567 14551 4693 139552 133680 129034 16044 112990 4646 11359 25477
internal_count=302751 272369 26408 19620 245961 80657 6788 30382 13406 165304 25752 17653 14272 8624 8099 3406 3589 67251 11684 55567 14551 4693 139552 133680 129034 16044 112990 4646 11359 25477
is_linear=0
shrinkage=0.05


Tree=29
num_leaves=31
num_cat=0
split_feature=39 57 65 75 65 54 60 67 67 60 54 60 54 57 69 16 11 54 16 65 73 38 33 55 69 75 4 54 18 30
split_gain=255.288 229.959 211.774 316.611 237.444 577.359 245.398 204.721 169.773 263.127 588.525 244.318 178.916 169.034 197.963 167.821 181.738 216.066 167.701 165.363 165.441 162.39 161.986 157.947 192.371 156.711 151.264 166.448 164.097 151.462
threshold=0.055449755862355239 0.88051518797874462 0.1043643355369568 0.96245503425598156 0.20940178632736209 5.4681022167205819 0.040859729051589973 0.15791502594947818 0.43428435921669012 0.13435557484626773 4.5590739250183114 0.19188776612281802 6.801394224166871 0.75979983806610119 0.022258413955569271 -0.33208763599395746 -0.44733951985836024 4.9869911670684823 -0.31643816828727717 -0.36600917577743525 0.61303904652595531 0.094325318932533278 0.29327327013015753 1.0000000180025095e-35 0.01194895710796118 0.76920068264007579 -0.54566097259521473 1.6667625308036806 -0.17180458456277845 1.0104045867919924
decision_type=8 2 8 8 8 2 10 10 10 10 2 10 2 2 10 8 8 2 8 8 10 8 8 2 10 10 8 2 8 10
left_child=1 8 3 7 5 6 -4 18 9 13 -11 12 -12 15 -15 -1 17 -17 -2 20 -18 -13 -16 24 -9 -25 -6 28 -28 -29
right_child=2 -3 4 -5 26 -7 -8 23 -10 10 11 21 -14 14 22 16 19 -19 -20 -21 -22 -23 -24 25 -26 -27 27 29 -30 -31
leaf_value=0.0010160176450237912 0.0016591070026650747 0.0021400864358986928 -0.00026816435639856831 -0.0035983103117865293 0.0059563155054291033 -0.0028111515644268169 0.0068493093302177737 0.0010552034936354036 0.0011478098861961263 0.0014079395108086111 -0.0016891811878188728 0.0006840858675836517 -0.0051337881630923957 0.00033375167012967492 0.0023962806099577542 -4.9747857753895414e-05 0.00061027708432278562 -0.0010755134314904572 -0.00028983627943900955 7.9836002607275004e-05 -0.0034500673372602243 -0.00082129174310534053 0.00097122928270178223 -0.00077973965621939013 -0.00098346226079719834 -0.0042980433905085045 -0.0024661110179694623 -0.00097832870273864797 0.002893238909820199 0.00037920361688851254
leaf_weight=11808 4535 1307 1682 5810 1003 1846 4925 3593 1968 4626 1833 782 1793 6818 1636 6725 804 4108 19733 149757 1157 5737 2192 1627 15300 1212 611 23310 3272 10988
leaf_count=11808 4535 1307 1682 5810 1003 1846 4925 3593 1968 4626 1833 782 1793 6818 1636 6725 804 4108 19733 149757 1157 5737 2192 1627 15300 1212 611 23310 3272 10988
internal_value=-0.000239663 0.00077686 -0.00231507 -0.00452721 9.12964e-05 0.0076864 0.0145912 -0.00313627 0.000640879 0.000496531 -0.00592314 -0.0126588 -0.0230473 0.00100938 0.00712275 0.000635721 0.000217457 -0.00603615 2.05948e-05 0.000664347 -0.013724 -0.00685404 0.0162064 -0.00665992 -0.00500185 -0.0176378 -0.00154871 -0.00205415 0.00774467 -0.00316544
internal_weight=302498 203051 99447 51810 47637 8453 6607 46000 201744 199776 14771 10145 3626 185005 10646 174359 162551 10833 24268 151718 1961 6519 3828 21732 18893 2839 39184 38181 3883 34298
internal_count=302498 203051 99447 51810 47637 8453 6607 46000 201744 199776 14771 10145 3626 185005 10646 174359 162551 10833 24268 151718 1961 6519 3828 21732 18893 2839 39184 38181 3883 34298
is_linear=0
shrinkage=0.05


Tree=30
num_leaves=31
num_cat=0
split_feature=70 42 60 58 69 54 54 69 54 19 24 9 58 54 16 72 54 57 17 69 54 54 69 54 60 11 60 54 60 11
split_gain=275.302 170.898 234.006 251.725 229.044 344.258 166.148 161.725 470.418 298.014 237.149 162.854 157.737 173.111 152.11 205.897 185.22 251.774 210.182 205.008 243.796 236.272 197.916 367.825 1178.27 195.587 278.539 185.091 183.938 176.823
threshold=0.16173921525478366 0.020179820246994499 -0.1715523228049278 0.74451306462287914 0.0091856517829000967 5.7492017745971689 6.5786120891571054 0.015650454442948106 4.3921005725860605 0.03118825983256102 0.15000469237565997 -0.24206528812646863 0.33450703322887426 4.8829913139343271 -0.3074656873941421 0.10655393078923227 1.7741041183471682 0.61630824208259594 -0.11116496846079825 0.012069122400134804 4.0074241161346444 5.6332526206970224 0.022173252888023857 7.7151236534118661 -0.043686289340257638 0.11361105740070344 -0.043686289340257638 4.835646629333497 0.13435557484626773 -0.72197014093399037
decision_type=8 10 8 2 10 2 2 10 2 8 10 10 2 2 8 10 2 2 10 10 2 2 10 2 8 8 8 2 10 10
left_child=1 2 -1 4 5 -4 -5 8 9 -2 -9 -10 13 -12 15 -3 17 -16 19 20 -18 -21 23 25 -25 -20 -27 -28 -29 -26
right_child=7 14 3 6 -6 -7 -8 10 11 -11 12 -13 -14 -15 16 -17 18 -19 22 21 -22 -23 -24 24 29 26 27 28 -30 -31
leaf_value=-0.00066112624087788898 -0.00079870144547626522 -0.0002835281189676856 0.0027502008972745762 0.0011332725309259337 0.00054710055966080123 -0.0033093736757591058 -0.0052310075737784928 -0.0070892698981343157 -0.0057969668992648984 0.0063759173815762992 -0.0015569158379268296 -0.00052318680453341225 -0.0017549082683600463 0.0014292482221683067 0.00014202190276181408 0.0011551970256952393 -5.7637908820932543e-05 0.0026682829775549729 -0.00019770039543902398 -0.00097061166241466969 -0.0029961175801455305 0.00033872824476829998 0.00026240722414716658 0.00069112114929597548 -0.00090156580100988017 -0.0009075828388917011 0.0012881390593279065 0.00034150869118164092 -0.0013498714182415092 -0.0022017126671134125
leaf_weight=3499 3266 9901 889 597 23073 1061 1023 1237 3606 5298 4400 4271 12954 3903 13713 13605 1327 4557 53125 18714 1854 10116 47869 5238 2877 8721 18894 12846 3262 6905
leaf_count=3499 3266 9901 889 597 23073 1061 1023 1237 3606 5298 4400 4271 12954 3903 13713 13605 1327 4557 53125 18714 1854 10116 47869 5238 2877 8721 18894 12846 3262 6905
internal_value=-0.000231816 0.000347775 0.00389029 0.00548719 0.00672512 -0.00969388 -0.0135583 -0.00415586 -0.000385995 0.00772102 -0.00690988 -0.00919868 -0.0056637 -0.00028269 -0.00010962 0.00370386 -0.000536595 0.00427243 -0.000995004 -0.00469223 -0.0167189 -0.00335992 -0.000253839 -0.0014051 -0.00868263 -0.000275661 0.00220086 0.00419285 0.000254374 -0.0189236
internal_weight=302601 263666 30142 26643 25023 1950 1620 38935 16441 8564 22494 7877 21257 8303 233524 23506 210018 18270 191748 32011 3181 28830 159737 111868 15020 96848 43723 35002 16108 9782
internal_count=302601 263666 30142 26643 25023 1950 1620 38935 16441 8564 22494 7877 21257 8303 233524 23506 210018 18270 191748 32011 3181 28830 159737 111868 15020 96848 43723 35002 16108 9782
is_linear=0
shrinkage=0.05


Tree=31
num_leaves=31
num_cat=0
split_feature=39 65 74 55 43 60 54 54 68 60 42 65 66 11 69 42 55 66 11 63 54 55 55 60 54 10 68 64 60 19
split_gain=254.963 283.231 212.673 445.625 193.049 246.181 188.121 182.272 424.402 208.143 163.742 233.151 317.665 210.188 206.554 301.849 423.272 301.433 219.566 465.851 397.226 243.616 219.04 485.918 188.863 188.221 185.97 174.732 171.219 170.43
threshold=0.10456991568207742 0.1043643355369568 0.79991659522056591 1.0000000180025095e-35 1.9871807694435122 0.039390623569488532 2.0636930465698247 1.825355112552643 0.069418396800756468 -0.30476647615432734 0.020915850065648559 -0.23058083653450009 -0.14356330037117002 -0.23404136300086972 0.021362843923270706 0.08081261441111566 1.0000000180025095e-35 -0.12041218206286429 0.12158096209168436 0.034583151340484626 7.6614093780517587 1.5000000000000002 1.0000000180025095e-35 -0.043686289340257638 6.7558269500732431 0.12277136370539667 -0.022166334092617031 -0.033014029264450066 -0.18651503324508664 -0.14269439131021497
decision_type=8 8 8 2 10 8 2 2 8 8 8 10 10 10 10 8 2 10 8 10 2 2 2 10 2 10 8 8 8 8
left_child=7 -2 4 6 5 -3 -4 8 9 -1 11 28 13 -13 15 18 17 -17 19 22 -21 26 -12 -24 -19 -25 29 -18 -9 -20
right_child=1 2 3 -5 -6 -7 -8 10 -10 -11 14 12 -14 -15 -16 16 27 24 21 20 -22 -23 23 25 -26 -27 -28 -29 -30 -31
leaf_value=-0.0027165506578557459 -0.0021203888256854926 -0.00101599897395497 0.0037233168198646002 -0.010163413462203567 0.0056632726814466114 0.0034526362625937248 -0.0013546011770989323 -0.0013626388657193872 0.0079159362038530596 0.00051071788786791639 -0.00018748120248735127 0.00033008532616964916 -8.2989508269363908e-05 0.0010428787659295402 0.00019138241559789597 -0.0010898103968452017 -0.00028028529410639778 0.0032666999199027977 0.0025553438083341633 -0.00070145986165719241 -0.0027294767157941273 -0.0017481137397489873 0.00069168897544973128 -0.00018952816809214307 -0.0027159721179819689 -0.0020052446198179741 0.00060430775797406719 -0.0035072535998401989 3.7962017418085793e-05 -0.00073229346480850144
leaf_weight=1054 12818 6975 1618 1211 1282 4575 7350 2119 2124 22551 40085 5610 8263 6495 70998 16812 1014 3857 687 11343 2746 2322 8167 3317 565 725 37004 3417 7753 8507
leaf_count=1054 12818 6975 1618 1211 1282 4575 7350 2119 2124 22551 40085 5610 8263 6495 70998 16812 1014 3857 687 11343 2746 2322 8167 3317 565 725 37004 3417 7753 8507
internal_value=-6.46067e-05 -0.00402494 -0.000705877 -0.00609972 0.00357421 0.00152249 -0.00223881 0.000465903 0.00446599 0.00253441 4.01131e-05 0.00348099 0.00653646 0.0116921 -0.000451847 -0.00156212 -0.00646349 -0.0035257 -0.000466875 -0.00233534 -0.0104014 0.00208943 -0.0001606 0.00570014 0.00807762 -0.00846496 0.00288478 -0.0205021 -0.00282332 -0.00347675
internal_weight=303364 35829 23011 10179 12832 11550 8968 267535 25729 23605 241806 30240 20368 12105 211566 140568 25665 21234 114903 66383 14089 48520 52294 12209 4422 4042 46198 4431 9872 9194
internal_count=303364 35829 23011 10179 12832 11550 8968 267535 25729 23605 241806 30240 20368 12105 211566 140568 25665 21234 114903 66383 14089 48520 52294 12209 4422 4042 46198 4431 9872 9194
is_linear=0
shrinkage=0.05


Tree=32
num_leaves=31
num_cat=0
split_feature=70 55 30 72 41 43 50 58 39 59 55 66 17 64 72 19 53 30 64 59 68 64 74 75 35 27 66 70 58 75
split_gain=228.167 339.508 397.499 215.05 207.015 171.073 164.879 156.557 202.355 155.655 148.255 151.06 147.085 144.464 138.447 128.137 126.526 124.355 123.465 117.036 116.582 164.58 113.797 104.788 100.561 99.6642 111.899 98.2053 94.9715 93.7919
threshold=0.12320813164114953 1.0000000180025095e-35 0.070401150733232512 0.90532314777374279 0.25680419802665716 0.48572249710559851 0.0041323956102132806 0.81410688161849987 0.11552156880497934 -0.05797461420297622 1.0000000180025095e-35 -0.21078661084175107 -0.24486944824457166 0.25705593824386602 0.020885605365037922 0.26428805291652685 1.0000000180025095e-35 1.1120765209198 0.2085571885108948 -0.19344343990087506 0.016445854678750042 -0.021728426218032833 0.057131679728627212 0.80841991305351268 72.826850891113295 1.0988057851791384 -0.36765815317630762 -0.090321712195873247 0.32975134253501898 0.26696059107780462
decision_type=8 2 10 10 10 10 2 2 10 10 2 10 10 8 10 8 10 10 8 8 10 8 10 10 2 10 10 10 2 10
left_child=3 7 -3 4 6 -4 13 8 19 -8 11 -5 24 14 -1 -10 -15 -7 -9 -2 21 28 -6 -23 -11 26 29 -16 -21 -14
right_child=1 2 5 10 22 17 9 18 15 12 -12 -13 25 16 27 -17 -18 -19 -20 20 -22 23 -24 -25 -26 -27 -28 -29 -30 -31
leaf_value=-0.0011159718174852118 -0.0067585356897017501 -0.0097692606722325735 0.00588913772598465 -0.0013058508678304357 0.0010928569674269072 3.0924982443701272e-05 0.00039687878422665793 0.011560479918541568 -0.0032023658431297774 -0.0023724335309059808 -0.0024777047514789128 0.0010623997116752022 0.00095813979590609341 0.00057410838336376807 0.00073685806304155837 -0.00087236392246790645 0.0029912066876456125 -0.0036018655196543518 0.00030744499278355657 0.0001752375550435132 -0.00088042151677763343 0.001286412099107091 0.012657976121980634 0.0068229782607239471 0.001129605240045391 0.0011755020119527432 -0.00028148266108517862 8.1225253125071883e-05 -0.0013751395298248891 1.4212031920509458e-05
leaf_weight=3772 645 2314 512 8050 523 1793 15734 1280 5266 3489 1582 4161 2358 10029 19093 5318 1645 1521 3153 6657 7803 7864 709 1294 704 2933 57345 115582 3779 5525
leaf_count=3772 645 2314 512 8050 523 1793 15734 1280 5266 3489 1582 4161 2358 10029 19093 5318 1645 1521 3153 6657 7803 7864 709 1294 704 2933 57345 115582 3779 5525
internal_value=-0.000220372 -0.00333577 -0.0143252 0.000385004 0.000734806 -0.00440563 0.000628623 -0.00176577 -0.00278756 -0.00108856 -0.00568355 -0.00380902 -0.00206871 0.00163624 0.00118557 -0.00867472 0.00697535 -0.00857401 0.00712357 -0.00056324 -6.38523e-05 0.00199449 0.021095 0.00688264 -0.0111468 -0.00150871 -0.00191453 0.00145042 -0.00229753 0.00366781
internal_weight=302433 49199 6140 253234 239441 3826 238209 43059 38626 88088 13793 12211 72354 150121 138447 10584 11674 3314 4433 28042 27397 19594 1232 9158 4193 68161 65228 134675 10436 7883
internal_count=302433 49199 6140 253234 239441 3826 238209 43059 38626 88088 13793 12211 72354 150121 138447 10584 11674 3314 4433 28042 27397 19594 1232 9158 4193 68161 65228 134675 10436 7883
is_linear=0
shrinkage=0.05


Tree=33
num_leaves=31
num_cat=0
split_feature=70 33 65 54 66 54 68 18 65 35 39 48 65 62 64 54 18 38 54 64 33 64 67 11 54 66 33 66 42 65
split_gain=244.638 172.78 433.299 296.465 150.628 139.608 268.92 193.642 181.214 156.207 138.286 142.537 180.358 191.534 147.335 338.536 180.988 162.854 158.979 258.146 233.764 222.417 389.244 244.585 226.843 252.34 217.461 207.649 197.018 384.303
threshold=0.12320813164114953 2.3777000904083256 0.15390419960021975 7.7662854194641122 -0.24460959434509275 1.7925921082496645 0.20571347326040271 -0.28562486171722407 -0.37683534622192377 44.285486221313484 0.38094952702522283 0.012795450631529095 -0.22968477010726926 0.097396075725555434 -0.18132436275482175 4.5590739250183114 0.95542469620704662 0.094325318932533278 3.8855763673782353 -0.019271701574325558 0.31800381839275366 0.14481955766677859 0.43428435921669012 -0.32014685869216913 6.8917274475097665 -0.00959199760109186 1.112768888473511 -0.38750028610229487 0.063977189362049117 -0.056580841541290276
decision_type=8 10 8 2 10 2 8 10 10 2 10 2 10 10 10 2 8 10 2 10 10 10 10 8 2 10 10 10 10 8
left_child=1 10 3 4 -3 6 -2 8 -7 -9 11 12 13 -1 15 -13 18 -17 19 27 -21 23 24 26 -23 -26 -20 -16 -25 -30
right_child=5 2 -4 -5 -6 7 -8 9 -10 -11 -12 14 -14 -15 16 17 -18 -19 21 20 -22 22 -24 28 25 -27 -28 -29 29 -31
leaf_value=-0.00025999429130407309 -0.00028967205388944709 -0.0036772430862954315 0.0024768454850293536 -0.0034449902577955091 -0.00040455453149039716 -0.0019455400342808728 0.011637140955704107 -0.0050339032503133388 -0.0053288831266699102 -0.00036029266787497165 0.0073468686752815931 -0.00036872336596360664 0.00053921461862350571 0.0018776854180674284 0.0015502292904088629 -0.0010726057887161416 -0.0028819610763688875 0.00092506522484348387 -0.00035854967575669756 -0.00024114841784423906 0.0014828394656499931 -0.00080690458540711796 0.00095096767248066679 0.00019198285100782768 -0.00069354806499461971 -0.0039740115589060043 -0.0015209583853985874 -0.00035619604942311532 -0.0012838259531575769 0.00023227542957459125
leaf_weight=14293 3772 2099 3679 2004 6322 10082 971 920 1697 31901 768 18570 27830 2254 2836 1546 1264 21866 15980 7632 15725 6728 1967 43818 2108 1939 1530 26466 8901 15330
leaf_count=14293 3772 2099 3679 2004 6322 10082 971 920 1697 31901 768 18570 27830 2254 2836 1546 1264 21866 15980 7632 15725 6728 1967 43818 2108 1939 1530 26466 8901 15330
internal_value=-0.000267496 0.000359616 -0.0050163 -0.0102204 -0.00609062 -0.00348814 0.00466021 -0.00435553 -0.0098524 -0.00238037 0.000676593 0.000607939 0.00316421 -0.000969379 2.3685e-05 0.00264574 -0.000699581 0.00664333 -0.000541167 0.00167556 0.0055955 -0.0017287 -0.00788896 -0.000810457 -0.0116226 -0.0209638 -0.00607877 -0.00144992 0.00054585 -0.00307124
internal_weight=302798 253455 14104 10425 8421 49343 4743 44600 11779 32821 239351 238583 44377 16547 194206 41982 152224 23412 150960 52659 23357 98301 12742 85559 10775 4047 17510 29302 68049 24231
internal_count=302798 253455 14104 10425 8421 49343 4743 44600 11779 32821 239351 238583 44377 16547 194206 41982 152224 23412 150960 52659 23357 98301 12742 85559 10775 4047 17510 29302 68049 24231
is_linear=0
shrinkage=0.05


Tree=34
num_leaves=31
num_cat=0
split_feature=42 69 66 55 65 60 75 12 16 55 66 60 71 18 41 72 57 75 72 59 55 55 60 68 19 60 75 17 65 55
split_gain=221.665 266.273 324.336 531.65 315.768 293.985 239.872 175.733 149.655 184.899 266.961 182.824 205.832 161.924 157.508 244.516 194.587 174.916 153.007 147.548 145.84 181.259 187.006 211.61 147.701 149.543 141.388 133.933 125.599 120.753
threshold=0.027778442949056629 0.015650454442948106 -0.074918244034051881 1.0000000180025095e-35 -0.30392172932624811 -0.18651503324508664 0.19491196423769 0.22904147952795031 -0.33208763599395746 1.0000000180025095e-35 -0.35092857480049128 -0.025919166393578049 -0.2157299071550369 -0.19950042665004727 0.10462068021297456 0.96164676547050487 0.83542278409004223 0.30359286069870001 0.33112570643424993 -0.27293194830417628 1.5000000000000002 1.0000000180025095e-35 0.018331309780478481 0.018180883489549163 0.1079549975693226 -0.043686289340257638 0.9398336410522462 -0.011934853624552487 -0.23915767669677732 1.5000000000000002
decision_type=8 10 8 2 8 10 8 8 8 2 10 10 10 8 10 8 2 8 10 8 2 2 10 10 10 10 10 10 8 2
left_child=1 2 5 6 -3 -1 -4 8 9 10 11 12 -2 29 16 20 19 28 -11 -15 21 22 24 -24 -16 -26 -21 -7 -18 -10
right_child=7 4 3 -5 -6 27 -8 -9 13 18 -12 -13 -14 14 15 -17 17 -19 -20 26 -22 -23 23 -25 25 -27 -28 -29 -30 -31
leaf_value=-0.0012186481233269738 -0.00097551108305034273 -0.0012245810925990174 -0.0017529742491420681 -0.0026831168686387505 0.00053929783145165947 9.4130154000848906e-05 0.0016079750161645994 -0.0020548472417330926 -0.00058023283566702253 0.0050750739081596372 -0.00082188400800750801 0.0057100223170749136 0.0015370708161317392 -0.0041280036796198351 0.00085804864470628611 -0.0011074271119211763 0.0027424862266165915 0.00031105512790687885 -0.00086741812061147817 -0.00012243517998118567 -0.0018526970326741797 0.0069534146716738222 0.0066800125834200613 0.00046482859682340713 -0.0029654680967313683 0.0012544390176205354 -0.0021160376906336426 0.00069773692381062155 0.0013731947729168402 -0.0034603323941079416
leaf_weight=2360 3049 1901 2349 2385 24150 11723 3142 8854 17784 1594 6161 1573 5691 1048 10732 7743 933 4487 504 161904 895 1154 3072 2313 2116 1508 2985 7008 1210 697
leaf_count=2360 3049 1901 2349 2385 24150 11723 3142 8854 17784 1594 6161 1573 5691 1048 10732 7743 933 4487 504 161904 895 1154 3072 2313 2116 1508 2985 7008 1210 697
internal_value=-0.000177702 0.00269317 -0.000605653 -0.00925691 0.00636008 0.00262784 -0.000681694 -0.000814662 -0.000558406 0.00375094 0.00196554 0.00688269 0.00404571 -0.000921388 -0.000511603 0.00286193 -0.00108908 0.00730422 0.0176945 -0.00142485 0.00557339 0.00642191 0.00528834 0.0132252 0.00230405 -0.00641167 -0.00130534 0.00472493 0.01902 -0.00539992
internal_weight=303025 55018 28967 7876 26051 21091 5491 248007 239153 18572 16474 10313 8740 220581 202100 29533 172567 6630 2098 165937 21790 20895 19741 5385 14356 3624 164889 18731 2143 18481
internal_count=303025 55018 28967 7876 26051 21091 5491 248007 239153 18572 16474 10313 8740 220581 202100 29533 172567 6630 2098 165937 21790 20895 19741 5385 14356 3624 164889 18731 2143 18481
is_linear=0
shrinkage=0.05


Tree=35
num_leaves=31
num_cat=0
split_feature=70 54 68 38 66 60 54 16 39 72 48 60 27 54 69 66 66 71 17 54 69 11 58 10 42 31 18 66 54 60
split_gain=215.829 173.918 429.389 206.944 298.892 203.802 178.97 164.656 192.729 149.903 147.003 207.446 155.948 163.955 597.163 488.018 205.92 180.13 143.986 176.884 174.025 143.945 130.391 143.267 124.744 123.197 108.941 140.837 106.196 141.473
threshold=0.42813605070114141 1.825355112552643 0.069418396800756468 1.9256732463836672 -0.070716280490159975 -0.30476647615432734 4.0431389808654794 -0.38757792115211481 0.38094952702522283 0.08255424723029138 0.016311450861394409 -0.17026768624782559 1.4505711793899538 8.4618916511535662 0.017325930297374729 -0.23291204869747159 -0.048871429637074464 -0.064663797616958604 -0.12054571509361266 5.8378760814666757 0.012069122400134804 -0.33405500650405878 0.47574335336685186 -0.54266801476478566 0.10532062873244287 0.22779249399900439 0.31081819534301763 -0.30540493130683893 5.7778069972991952 0.36180025339126592
decision_type=10 2 8 8 10 8 2 8 10 10 2 8 10 2 10 10 10 8 10 2 10 8 2 10 10 10 8 8 2 8
left_child=1 2 5 7 6 -1 24 9 10 22 11 -9 13 18 15 -15 -17 -16 19 -12 -21 -13 23 -3 -5 -14 -20 -28 -29 -30
right_child=-2 3 -4 4 -6 -7 -8 8 -10 -11 12 21 25 14 17 16 -18 -19 26 20 -22 -23 -24 -25 -26 -27 27 28 29 -31
leaf_value=-0.0028512246431696611 -0.0022356497466053766 0.0023659753286094775 0.0072437391773438721 0.0035663342078761729 -0.009206083518311271 0.00041180478340051253 -0.0036112137695335543 -0.00051847371279769899 0.0080938655152052921 0.0022249612474755723 -0.00095218269642124054 -0.00023649592760864696 -0.0034958030902976309 0.00042859392551544646 0.00097379137447107177 -0.0019193590222219413 -0.0068158561276685922 -0.00030483053647477771 -7.8952643229645463e-05 -0.0025037864840584735 0.0005920541097963433 0.00039685301852351119 -0.0027900661829622746 -0.001328470880022658 -0.0047605217868953711 0.0016889199746937021 -0.0029402879815530083 0.0012863411896459663 -0.0019121451368485087 0.00077216115958193181
leaf_weight=1222 8107 2224 3028 1965 594 25129 4984 7910 685 4958 19726 7942 707 1497 2585 3722 1018 4826 128955 533 6376 36020 762 1165 503 7601 982 12222 1732 2728
leaf_count=1222 8107 2224 3028 1965 594 25129 4984 7910 685 4958 19726 7942 707 1497 2585 3722 1018 4826 128955 533 6376 36020 762 1165 503 7601 982 12222 1732 2728
internal_value=-0.00014351 7.83185e-05 0.00372759 -0.000326499 -0.00821748 0.00167482 -0.0054677 -7.90234e-05 -0.000321862 0.00651936 -0.000395804 0.00196985 -0.00102449 -0.00132255 -0.00659687 -0.0179846 -0.0258316 0.00299825 -0.000906709 -0.00428786 0.00259431 0.0033112 -0.00049267 0.00372168 0.00552865 0.00567444 -0.000292234 0.00338916 0.0044752 -0.00212528
internal_weight=302408 294301 29379 264922 8046 26351 7452 256876 247767 9109 247082 51872 195210 186902 13648 6237 4740 7411 173254 26635 6909 43962 4151 3389 2468 8308 146619 17664 16682 4460
internal_count=302408 294301 29379 264922 8046 26351 7452 256876 247767 9109 247082 51872 195210 186902 13648 6237 4740 7411 173254 26635 6909 43962 4151 3389 2468 8308 146619 17664 16682 4460
is_linear=0
shrinkage=0.05


Tree=36
num_leaves=31
num_cat=0
split_feature=12 54 26 38 66 59 16 42 58 63 55 65 43 71 16 33 65 55 54 58 63 26 13 63 66 54 67 19 75 26
split_gain=194.427 186.297 353.784 195.697 185.235 177.468 163.569 160.645 223.225 271.399 250.604 191.149 160.12 146.047 145.967 265.965 287.797 215.365 173.274 148.73 138.29 136.151 132.527 129.315 127.665 140.666 175.369 126.97 123.476 119.686
threshold=0.27518749237060552 1.7741041183471682 -0.022803456522524353 1.5926524400711062 -0.070716280490159975 -0.018051765859127041 -0.30314555764198298 0.022375144064426426 0.70653614401817333 0.057892978191375739 1.0000000180025095e-35 -0.29247787594795221 0.18026729673147204 -0.20333945751190183 0.61531853675842296 2.4447788000106816 0.31251299381256109 1.0000000180025095e-35 5.49509620666504 0.38994675874710089 -0.045648485422134392 -0.11788325384259223 -0.49489067494869227 0.080741226673126235 -0.095037013292312608 5.7492017745971689 0.10717913880944253 -1.0000000180025095e-35 0.99390903115272533 -0.068804152309894548
decision_type=10 2 8 8 10 10 8 10 2 8 2 10 10 10 10 10 8 2 2 2 10 10 10 10 10 2 10 8 8 10
left_child=1 2 5 6 -5 -1 12 8 9 11 27 -8 -3 23 15 22 17 -17 19 20 -16 -19 -9 -14 29 -26 -27 -10 -6 -13
right_child=-2 3 -4 4 28 -7 7 14 10 -11 -12 24 13 -15 18 16 -18 21 -20 -21 -22 -23 -24 -25 25 26 -28 -29 -30 -31
leaf_value=-0.00033988804646314236 -0.0027720585774159154 0.0037722522330830262 0.0061574223780977476 -0.0013639032003901954 -0.0022095515511306794 0.0010423525491263881 -0.00095147951700162508 0.0063215111996161094 -0.0020518988334158618 0.0014891795043287118 -0.0065380048766652326 0.00017551876752435453 -3.2249830705541954e-05 0.00086359749723008525 0.0019084675917250223 -0.001354279021742198 0.0060063769354890125 -0.004465141299019551 -0.0011875966426673817 0.0038146432449370632 -0.0023134202972101641 -0.0011634203904326895 -0.00011284118530665018 -0.0030064421527737726 0.0009483551431519893 -0.0032110778443849119 -0.00016721080539031688 0.0040230352381374779 -0.0090434543202255416 0.00059417994008186112
leaf_weight=11719 4722 1318 2519 9042 505 12863 2170 631 740 2657 913 14989 6309 13073 2072 7149 761 1277 2853 5632 1412 502 182564 976 2061 965 1965 536 560 6764
leaf_count=11719 4722 1318 2519 9042 505 12863 2170 631 740 2657 913 14989 6309 13073 2072 7149 761 1277 2853 5632 1412 502 182564 976 2061 965 1965 536 560 6764
internal_value=-0.000151706 8.2351e-06 0.00395965 -0.000387935 -0.00721064 0.00212671 -0.000122743 -0.00050058 0.0026947 0.00376651 -0.0127103 0.0023579 0.00403486 0.00293598 -0.00102727 -0.00135981 -0.00942881 -0.011949 0.00432841 0.00769231 -0.000429307 -0.0274734 -0.000932562 -0.00273475 0.00351723 -0.00368926 -0.0107143 0.00163297 -0.0268372 0.00517162
internal_weight=302219 297497 27101 270396 10107 24582 260289 238613 33760 31571 2189 28914 21676 20358 204853 192884 9689 8928 11969 9116 3484 1779 183195 7285 26744 4991 2930 1276 1065 21753
internal_count=302219 297497 27101 270396 10107 24582 260289 238613 33760 31571 2189 28914 21676 20358 204853 192884 9689 8928 11969 9116 3484 1779 183195 7285 26744 4991 2930 1276 1065 21753
is_linear=0
shrinkage=0.05


Tree=37
num_leaves=31
num_cat=0
split_feature=0 54 60 69 66 74 71 70 68 42 42 67 54 55 65 64 54 72 65 55 66 15 38 54 65 70 20 17 69 41
split_gain=198.662 135.456 1074.67 983.136 593.116 263.511 194.642 191.319 182.362 172.73 167.566 172.097 248.769 161.575 161.716 147.433 193.593 140.652 138.229 145.89 152.105 128.899 127.812 117.069 118.263 114.087 168.258 120.817 115.309 295.599
threshold=0.074120450764894499 7.3266301155090341 -0.028727388009428974 0.018437072634696964 -0.048871429637074464 0.23242710530757907 0.1329767927527428 0.21443867683410647 -0.026316926814615723 0.082103051245212569 0.019773689098656181 0.074904575943946852 6.1518812179565439 1.0000000180025095e-35 -0.13668876886367795 -0.19448858499526975 1.7038381695747378 0.22696427255868915 -0.23058083653450009 1.5000000000000002 -0.074918244034051881 -0.25514605641365046 1.5926524400711062 8.2555646896362322 0.14101535081863406 -0.058549946174025529 -0.063824314624071107 -0.46432514488697046 0.01628866791725159 0.025612433440983299
decision_type=8 2 8 10 10 8 8 8 10 8 10 8 2 2 10 10 2 10 8 2 8 10 10 2 10 8 10 10 8 10
left_child=1 10 6 4 9 -5 8 23 -3 -4 18 12 13 15 -15 21 -17 -18 -1 -20 -21 -12 25 24 -7 26 27 -13 29 -27
right_child=-2 2 3 5 -6 7 -8 -9 -10 -11 11 22 -14 14 -16 16 17 -19 19 20 -22 -23 -24 -25 -26 28 -28 -29 -30 -31
leaf_value=-0.00012784040739986739 -0.00076993908890446319 0.00037517259221058033 -0.00072120346795134641 0.0026892982271037504 -0.0048870554956654717 0.00044621662684114755 -0.00044430053920091928 -0.0064672139103106735 0.0013497545314663485 -0.0033995582443645204 0.0010457638629366372 -0.0032204912220367972 0.00052512133433329448 0.00052703600631819525 -0.00073770976236045322 0.00044052051723962458 -0.001813486252343649 -0.00070419282967499957 0.00077426202390016663 0.00044746004728359187 -0.0083704530350139257 -0.00071657876830391045 -0.0020129042762711178 0.00061608870545034125 -0.00083557969357018536 -0.00057925741240433639 0.001449057467344858 0.00040080631128844269 -9.9369952494559073e-05 0.00056511693944807614
leaf_weight=5865 25820 12774 9367 1541 3022 2147 3417 720 4336 2738 4753 907 7495 3557 823 3563 6312 14556 16816 501 523 6411 2866 4154 2241 7234 5587 35380 66285 40995
leaf_count=5865 25820 12774 9367 1541 3022 2147 3417 720 4336 2738 4753 907 7495 3557 823 3563 6312 14556 16816 501 523 6411 2866 4154 2241 7234 5587 35380 66285 40995
internal_value=-0.000126852 0.000264359 -0.00219833 -0.00896299 -0.0171864 0.00255711 0.00634708 -0.000636324 0.0085222 -0.0122204 0.000760939 0.000304256 -0.00233783 -0.00390521 0.00514806 -0.00502036 -0.00719488 -0.00903343 0.00474172 0.00692997 -0.0113153 -0.000259531 0.0010919 0.00146165 -0.0042292 0.0012839 0.00351686 0.00227154 0.000467151 0.00232696
internal_weight=302706 276886 46457 25930 15127 10803 20527 9262 17110 12105 230429 206724 47470 39975 4380 35595 24431 20868 23705 17840 1024 11164 159254 8542 4388 156388 41874 36287 114514 48229
internal_count=302706 276886 46457 25930 15127 10803 20527 9262 17110 12105 230429 206724 47470 39975 4380 35595 24431 20868 23705 17840 1024 11164 159254 8542 4388 156388 41874 36287 114514 48229
is_linear=0
shrinkage=0.05


Tree=38
num_leaves=31
num_cat=0
split_feature=0 72 55 37 63 48 60 30 55 33 55 60 10 9 67 13 66 75 66 19 43 66 75 55 63 63 55 10 26 19
split_gain=181.241 150.181 187.823 161.664 121.227 110.109 175.091 107.517 290.011 222.843 336.148 182.271 235.022 242.271 257.399 191.006 153.531 151.916 140.313 138.46 138.45 121.794 119.394 119.317 111.936 124.34 106.767 235.997 105.472 95.5687
threshold=0.063726179301738753 0.87484934926033031 1.0000000180025095e-35 -0.20249760150909421 0.10271692276000978 0.0078195594251155871 -0.17026768624782559 0.99584484100341808 1.5000000000000002 1.5410844683647158 1.0000000180025095e-35 0.068993821740150466 -0.68747311830520619 -0.19728124141693112 0.43428435921669012 0.016640392132103447 -0.071908425539731965 0.46814061701297766 -0.27325443923473353 0.1279348433017731 0.25212000310420996 -0.016393478959798809 0.93207123875617992 1.0000000180025095e-35 -0.01263037323951721 0.13418185710906985 1.0000000180025095e-35 -0.35370261967182154 -0.045594280585646622 -0.060249364003539078
decision_type=8 10 2 10 10 2 8 10 2 10 2 10 10 10 10 10 10 10 10 10 10 10 10 2 10 10 2 10 10 10
left_child=1 5 3 -3 -5 6 -1 9 18 11 -11 -7 16 21 17 -16 -13 24 19 -9 22 -14 -20 -19 -15 -26 -22 -28 -4 -27
right_child=-2 2 28 4 -6 7 -8 8 -10 10 -12 12 13 14 15 -17 -18 23 20 -21 26 -23 -24 -25 25 29 27 -29 -30 -31
leaf_value=-0.00066341546008419664 -0.00062942163129136469 -0.0014114639168934838 -0.0024088628528604189 -0.00020330261722216228 0.0029125757510548439 8.4849833748334871e-05 0.00049661176461483964 9.4602774998243315e-05 -0.0027646868885575233 -0.00057842016498425972 -0.002005258486064049 -0.0010633183823715955 0.00055615445699378038 -0.00099963295763533418 0.0013863149426114312 -0.0013517546841718157 -0.0081517508276203274 0.00029191993250824903 0.0013577570441467754 -0.0042539098876130431 0.00087725521118659508 0.0036860959312984597 0.012547125270683829 -0.0018575783656871606 6.4759467448781242e-05 -0.0031642553660209227 0.00038192961879183969 -0.0023303977544943304 0.0003170403107132682 -0.00083290575079132114
leaf_weight=4197 30420 5351 2468 16891 2070 152419 25115 1686 862 6241 1367 788 4132 5484 1556 561 653 6769 2057 674 17004 660 608 929 4129 821 1611 968 559 3968
leaf_count=4197 30420 5351 2468 16891 2070 152419 25115 1686 862 6241 1367 788 4132 5484 1556 561 653 6769 2057 674 17004 660 608 929 4129 821 1611 968 559 3968
internal_value=-0.000234302 0.000174243 -0.00334016 -0.00187485 0.000292552 0.000566113 0.0034411 0.000175729 0.00322606 -0.000232299 -0.00861118 0.000116744 -0.00341431 -0.00243117 -0.00446403 0.0121533 -0.0230531 -0.00606061 0.00422861 -0.00734177 0.00545871 0.00783007 0.0161308 -0.000389206 -0.00908965 -0.00562276 0.00399888 -0.00546543 -0.0150642 -0.0110961
internal_weight=303018 272598 27339 24312 18961 245259 29312 215947 25470 190477 7608 182869 30450 29009 24217 2117 1441 22100 24608 2360 22248 4792 2665 7698 14402 8918 19583 2579 3027 4789
internal_count=303018 272598 27339 24312 18961 245259 29312 215947 25470 190477 7608 182869 30450 29009 24217 2117 1441 22100 24608 2360 22248 4792 2665 7698 14402 8918 19583 2579 3027 4789
is_linear=0
shrinkage=0.05


Tree=39
num_leaves=31
num_cat=0
split_feature=39 41 55 58 57 54 69 66 66 31 72 74 58 55 18 58 58 19 57 66 58 54 69 30 66 19 69 55 60 10
split_gain=191.038 179.61 248.507 167.393 255.602 164.52 729.276 707.34 253.018 154.189 150.191 164.568 164.302 136.493 313.927 207.421 150.829 134.99 128.001 125.525 112.778 389.49 559.073 475.429 329.617 306.675 383.391 282.294 204.434 191.052
threshold=0.118008840829134 0.21903185546398166 1.0000000180025095e-35 0.8371647596359254 0.11057564988732339 8.4078235626220721 0.01628866791725159 -0.23368164896965024 -0.048871429637074464 0.34654803574085241 0.45159314572811132 0.72651985287666332 0.79433494806289684 1.0000000180025095e-35 0.049467332661151893 0.39358372986316686 0.26589320600032812 0.36259780824184423 0.49589490890502935 -0.070716280490159975 0.45515727996826177 5.8378760814666757 0.016562150791287426 0.21188857406377795 -0.073163468390703187 0.093422468751668944 0.016562150791287426 1.0000000180025095e-35 0.20223063975572589 -0.40202701091766352
decision_type=8 10 2 2 2 2 10 8 10 10 8 8 2 2 8 2 2 8 2 10 2 2 10 8 10 10 10 2 10 8
left_child=1 5 -3 4 -2 20 7 -7 18 -6 12 -12 19 16 -15 -16 -13 -11 -9 -8 29 25 24 27 -23 -22 -27 -24 -28 -1
right_child=3 2 -4 -5 9 6 10 8 -10 17 11 13 -14 14 15 -17 -18 -19 -20 -21 21 22 23 -25 -26 26 28 -29 -30 -31
leaf_value=0.00075111278175868975 0.00039844739047390057 -0.001081635410571273 0.0075086182666151665 0.0018499463560638113 -0.0028288022798245585 0.00058206165525800187 0.00067720227871463114 -0.0026230536297441216 -0.0059076558848316025 -0.0021376790911628897 -0.0012417468924038793 6.7011992073116825e-05 -0.00093687960875566312 0.0010887637814218241 0.0010363848038067024 -0.0063308080718519431 0.0021225111067689839 0.00071695833997054777 -0.00084637379073999842 0.0019998829618112545 0.00025918666958673497 -0.00027764863543598104 0.00030830762624965008 -0.00036445027007011736 -0.0023885655121368885 0.004529249465135202 -0.0015800054762652031 0.001286699731768317 0.0013867108717588515 -9.4544855468842176e-05
leaf_weight=14752 9309 1036 1232 2573 7209 2193 2851 2705 1246 5981 1456 1428 508 931 523 998 1107 3733 2378 1005 50573 9391 3199 9210 6962 9346 2506 3156 4682 139197
leaf_count=14752 9309 1036 1232 2573 7209 2193 2851 2705 1246 5981 1456 1428 508 931 523 998 1107 3733 2378 1005 50573 9391 3199 9210 6962 9346 2506 3156 4682 139197
internal_value=-0.000164807 0.000241641 0.014223 -0.00403783 -0.00523207 0.000124673 -0.00432029 -0.0152485 -0.0237183 -0.00889092 0.00430341 -0.000550132 0.011454 0.00377226 -0.00463038 -0.0185826 0.0118861 -0.0047717 -0.0187021 0.0149767 0.000464456 0.00178068 -0.0027656 0.00401605 -0.00921897 0.00394311 0.00985251 0.0145247 0.00116699 -0.000382245
internal_weight=303376 274571 2268 28805 26232 272303 19329 8522 6329 16923 10807 6443 4364 4987 2452 1521 2535 9714 5083 3856 252974 99025 31918 15565 16353 67107 16534 6355 7188 153949
internal_count=303376 274571 2268 28805 26232 272303 19329 8522 6329 16923 10807 6443 4364 4987 2452 1521 2535 9714 5083 3856 252974 99025 31918 15565 16353 67107 16534 6355 7188 153949
is_linear=0
shrinkage=0.05


Tree=40
num_leaves=31
num_cat=0
split_feature=70 69 54 66 24 9 58 50 68 54 6 54 12 68 54 69 60 66 54 60 60 32 66 41 33 15 54 69 19 58
split_gain=182.491 146.616 354.899 378.259 169.241 154.382 144.362 131.785 120.852 142.749 126.024 118.619 117.008 116.853 398.978 923.791 361.849 332.829 153.787 401.356 191.356 211.347 164.046 134.608 165.252 129.381 126.684 236.233 177.107 158.468
threshold=0.17882549762725833 0.015650454442948106 4.2768049240112314 -0.07424647361040114 0.16916979849338534 -0.24206528812646863 0.31025040149688726 0.0061225942336022863 -0.096016701310873018 4.2329463958740243 -0.1658862233161926 4.8829913139343271 -0.13749617338180539 -0.0028993753949180241 7.0335946083068857 0.015650454442948106 0.12381578981876375 -0.060593469068408005 6.2238552570343026 0.019442561082541946 -0.0077817519195377818 -0.4287606924772262 -0.41795988380908961 0.21903185546398166 0.3568809181451798 0.1128191687166691 3.6890044212341313 0.022214193828403953 0.0050153678748756656 0.64666709303855907
decision_type=8 10 2 8 10 10 2 2 8 2 10 2 10 8 2 10 8 10 2 10 8 8 10 10 8 8 2 10 10 2
left_child=7 2 3 -2 -3 -4 11 13 9 -9 -10 -6 -11 18 26 17 -17 -16 20 22 -1 -22 -20 24 -24 -23 27 28 -15 -30
right_child=1 4 5 -5 6 -7 -8 8 10 12 -12 -13 -14 14 15 16 -18 -19 19 -21 21 25 23 -25 -26 -27 -28 -29 29 -31
leaf_value=-0.00024386501291721337 -0.0013103864277242288 -0.0062295371123411991 -0.0051570273505382363 0.007248730616770227 -0.0012773065854589909 -0.00016199987840626796 -0.0015682115382202476 -0.0006497783329262604 -0.00094092710604361013 0.0051641358174518252 -0.00012744829713100191 0.0014064308598845594 0.00059073493128549131 0.00093938930379157577 -0.00059167186666457127 0.0015780436876554694 1.4969730643417867e-05 -0.0035450081149391121 -0.00055435640153527214 -0.00071521122363162471 0.0019783781517974421 -0.00048407948443194399 0.00047957023506180321 0.0082221233601224297 -0.00023606548660958697 0.001326184456551375 0.0002954575798441807 -0.00047947803173331767 0.0025711303277747856 0.012183554202230452
leaf_weight=67210 3063 1039 3598 4682 3496 3968 12543 4572 11148 1419 65661 3272 6710 11337 3981 2251 4186 2960 2499 5233 5525 5584 21084 684 5996 3627 25619 3698 5071 1704
leaf_count=67210 3063 1039 3598 4682 3496 3968 12543 4572 11148 1419 65661 3272 6710 11337 3981 2251 4186 2960 2499 5233 5525 5584 21084 684 5996 3627 25619 3698 5071 1704
internal_value=-0.000176977 -0.00353649 0.000159911 0.00767892 -0.00631631 -0.00753696 -0.00525076 0.000270569 -0.00129468 0.00322162 -0.00204181 0.000634405 0.00719376 0.00105661 0.00283556 -0.00478787 0.00884908 -0.0174291 0.000135374 0.00288402 -0.00105544 0.00410281 0.0050953 0.00620004 0.00564046 -0.000536818 0.0049864 0.00778643 0.0101369 0.0165291
internal_weight=303420 35661 15311 7745 20350 7566 19311 267759 89510 12701 76809 6768 8129 178249 60807 13378 6437 6941 117442 35496 81946 14736 30263 27764 27080 9211 47429 21810 18112 6775
internal_count=303420 35661 15311 7745 20350 7566 19311 267759 89510 12701 76809 6768 8129 178249 60807 13378 6437 6941 117442 35496 81946 14736 30263 27764 27080 9211 47429 21810 18112 6775
is_linear=0
shrinkage=0.05


Tree=41
num_leaves=31
num_cat=0
split_feature=38 54 62 37 41 54 18 54 63 42 68 66 65 66 41 11 65 67 11 11 69 54 28 19 54 69 65 63 19 57
split_gain=166.658 147.305 407.243 243.055 180.925 255.655 174.294 139.699 167.457 138.056 289.34 277.85 326.556 241.605 221.279 257.09 218.453 214.738 193.788 193.321 188.368 177.789 170.351 160.805 232.253 242.673 176.824 157.854 151.922 150.647
threshold=1.9256732463836672 1.825355112552643 0.056552946567535407 1.0500282645225527 0.25680419802665716 6.3440122604370126 -0.24842009693384168 3.7161297798156743 -0.041279762983322137 0.054470896720886237 -0.16086433082818982 -0.14113382250070569 -0.23058083653450009 -0.18374802917242047 0.041273845359683044 -0.40297737717628473 -0.20184394717216489 0.005656945053488017 -0.17798140645027158 -0.077539436519145952 0.012069122400134804 5.106853961944581 0.70395258069038402 0.12398320063948633 6.6561930179595956 0.016699732281267646 0.16629457473754886 0.04733324050903321 -0.25750511884689326 0.046288574114441879
decision_type=10 2 8 8 10 2 8 2 8 10 10 10 10 10 10 8 10 8 10 10 10 2 10 10 2 10 10 8 8 2
left_child=1 2 -1 4 9 -6 -4 -5 -9 10 -3 12 17 14 15 -12 -14 20 -19 -15 -11 -22 -21 -13 25 -25 -27 -17 -16 -23
right_child=-2 3 6 7 5 -7 -8 8 -10 11 13 23 16 19 28 27 -18 18 -20 22 21 29 -24 24 -26 26 -28 -29 -30 -31
leaf_value=4.6515125579331064e-05 -0.0034776909241978045 -0.0023115408667785326 -0.0010229364601700801 0.00011067900783551348 -0.0018457444672995275 0.013931499304319609 0.0039630564633708109 0.0011795384726205884 -0.001851333970058785 -0.0018562785871696881 -0.00028572936590097242 -0.00011930242962204541 -0.0020628042237058248 -0.00047720240753116856 0.0013441797361839558 0.00031235257285413317 -0.00059634214983149034 6.6337641359064394e-05 -0.0010437884299907209 0.00033282865233659616 0.00083212251882807265 0.001566181923835841 -0.00090349123372935344 0.0057756367136918806 -0.0012496278869426551 -0.0011754868860431198 0.0016639974327747331 0.0011402555493046785 -0.00032483582838058276 0.0055078890827979371
leaf_weight=23740 2249 1984 766 6115 501 712 5444 1338 12892 642 8451 14882 3495 17836 2596 41599 36656 36284 11517 18179 4210 877 6084 4660 2080 2712 6596 7152 19071 1560
leaf_count=23740 2249 1984 766 6115 501 712 5444 1338 12892 642 8451 14882 3495 17836 2596 41599 36656 36284 11517 18179 4210 877 6084 4660 2080 2712 6596 7152 19071 1560
internal_value=-0.000170689 -6.90192e-05 0.00325768 -0.000437214 -9.98618e-06 0.0191742 0.0146463 -0.00569148 -0.0084059 -0.000104161 0.00108814 -0.00126604 -0.00260312 0.00139943 0.00303186 0.00466161 -0.00603197 -0.000103448 -0.00132292 -0.00165879 0.00788464 0.0103876 0.00124624 0.00285068 0.00632084 0.00864215 0.00397081 0.00605709 -0.00127093 0.0211075
internal_weight=302880 300631 29950 270681 250336 1213 6210 20345 14230 249123 122952 126171 95241 120968 78869 57202 40151 55090 47801 42099 7289 6647 24263 30930 16048 13968 9308 48751 21667 2437
internal_count=302880 300631 29950 270681 250336 1213 6210 20345 14230 249123 122952 126171 95241 120968 78869 57202 40151 55090 47801 42099 7289 6647 24263 30930 16048 13968 9308 48751 21667 2437
is_linear=0
shrinkage=0.05


Tree=42
num_leaves=31
num_cat=0
split_feature=39 65 41 65 40 54 69 65 67 71 55 58 59 65 58 58 63 58 54 54 69 10 58 65 29 30 10 67 14 31
split_gain=161.479 211.457 184.615 180.017 156.465 133.144 802.698 888.285 279.177 259.949 306.704 352.221 359.805 304.638 227.738 216.682 234.179 154.392 180.621 177.564 195.5 222.154 199.708 173.435 188.613 169.834 151.009 148.905 145.466 151.533
threshold=0.10456991568207742 0.1043643355369568 0.25680419802665716 0.21190196275711062 0.14222022891044619 7.3266301155090341 0.015650454442948106 0.058614075183868415 0.041261008009314544 0.075338058173656478 1.0000000180025095e-35 0.75626385211944591 0.087626799941062941 -0.2255708575248718 0.54211843013763439 0.81410688161849987 -0.0022725164890289302 0.39358372986316686 6.2238552570343026 3.673892736434937 0.021588088013231758 0.015159090980887415 0.64666709303855907 0.019681751728057865 -0.54704982042312611 0.94452220201492321 -0.49576716125011439 0.12384505942463876 -0.07048968598246573 0.17132361233234408
decision_type=8 8 10 8 8 2 10 10 8 8 2 2 10 8 2 2 10 2 2 2 10 10 2 10 10 8 8 8 10 10
left_child=2 4 5 -3 -2 17 7 8 -7 15 13 12 -12 -11 -9 16 -8 18 26 20 21 27 -23 24 -22 -21 -1 -19 -15 -30
right_child=1 3 -4 -5 -6 6 9 14 -10 10 11 -13 -14 28 -16 -17 -18 19 -20 25 23 22 -24 -25 -26 -27 -28 -29 29 -31
leaf_value=0.0012517291149784086 -0.0010185331851452334 0.0035396049058564918 0.0084122310455513726 -0.00052421225350880957 -0.0043073678235780169 0.00050709986214688004 0.00029800494776531338 -0.0014641056613465056 -0.00060212303008943461 -0.001164660499570386 -0.0012743228622428078 -0.0094295609556633644 0.0034759420637136156 -0.00061072913298575247 -0.0052860619066903624 -0.001108778689533731 0.0010799511993389106 -0.0010165016815317297 0.00026981504350866576 -0.00012880878952887948 -0.00061628684765538009 0.0015838768289117612 0.0084602065251198535 -0.0014260350286395013 0.0017148522859927004 0.00065731554494990845 -0.00023089219432416051 0.00069340033122775144 0.0035614535272745582 0.00075363482885471966
leaf_weight=4890 9352 2999 989 20060 3504 3503 10889 3637 9118 1318 3346 816 773 888 2741 815 5658 2804 21345 45523 2918 10415 2929 3786 1984 16390 91939 14553 1287 1658
leaf_count=4890 9352 2999 989 20060 3504 3503 10889 3637 9118 1318 3346 816 773 888 2741 815 5658 2804 21345 45523 2918 10415 2929 3786 1984 16390 91939 14553 1287 1658
internal_value=-0.00030594 -0.00345303 0.000117637 -0.000587368 -0.00858853 3.70394e-05 -0.00239469 -0.0102925 -0.00260074 0.00307379 -0.00330824 -0.0122042 -0.00621216 0.00522186 -0.0254853 0.00678103 0.0080238 0.000551744 -0.000676064 0.00198397 0.00460798 0.00648139 0.0113299 -0.00201196 0.00419381 0.0003141 -0.00159388 0.00274947 0.0123471 0.0176819
internal_weight=302827 35915 266912 23059 12856 265923 46447 18999 12621 27448 10086 4935 4119 5151 6378 17362 16547 219476 118174 101302 39389 30701 13344 8688 4902 61913 96829 17357 3833 2945
internal_count=302827 35915 266912 23059 12856 265923 46447 18999 12621 27448 10086 4935 4119 5151 6378 17362 16547 219476 118174 101302 39389 30701 13344 8688 4902 61913 96829 17357 3833 2945
is_linear=0
shrinkage=0.05


Tree=43
num_leaves=31
num_cat=0
split_feature=0 72 65 69 64 36 64 41 55 18 16 66 60 18 67 45 57 41 75 69 38 41 60 75 60 75 55 75 69 55
split_gain=147.753 115.918 218.515 116.617 110.513 111.055 102.648 101.956 186.6 138.718 147.143 165.692 171.387 133.115 107.486 102.57 100.002 111.092 94.6895 92.2803 88.8552 101.048 130.694 156.795 108.444 494.427 357.021 448.617 414.295 471.599
threshold=0.061370706185698516 0.8825482726097108 0.10496115684509279 0.01120073674246669 -0.053029716014862054 44.454523086547859 0.039486408233642585 0.21903185546398166 1.0000000180025095e-35 -0.37884296476840967 -0.37148711085319513 -0.34944723546504969 -0.02039990201592445 -0.23552460968494413 0.17291559278964999 19.500000000000004 0.88051518797874462 0.050915816798806197 0.83568856120109569 0.011381749063730242 1.5926524400711062 0.15303128212690356 -0.25795917212963099 0.33963783085346227 -0.028727388009428974 0.53209573030471813 1.0000000180025095e-35 0.54388952255249035 0.019488948397338394 1.5000000000000002
decision_type=8 10 8 10 10 2 10 10 2 8 8 10 10 8 10 10 2 10 10 10 10 10 8 8 10 10 2 10 10 2
left_child=1 7 3 -3 5 -5 -4 9 -9 14 11 12 -11 -12 -1 -10 20 -18 -8 -2 21 22 23 -15 25 -24 27 -26 -28 -30
right_child=19 2 6 4 -6 -7 18 8 15 10 13 -13 -14 16 -16 -17 17 -19 -20 -21 -22 -23 24 -25 26 -27 28 -29 29 -31
leaf_value=-6.5072379592318302e-05 0.00061533508727738796 0.00093461744164992627 -7.5671443071044861e-05 -0.0014901198964086331 -0.0023249627596047171 -0.0001721971498345383 -0.00072056184363909271 -0.001115385055536193 0.0014311997189513127 0.0015226686033945629 -0.00069038969726706767 -0.00034167357008815449 0.0095197468734663643 -0.001192773338978396 -0.0025110314254221302 0.0086514707356904561 0.002288076634704025 0.00039709318627896502 0.0066260873331435285 -0.00074497597348899486 -0.0037137197207959376 0.0018892342942290466 0.00035096126571322275 0.00022587490889655468 -0.00020091675828699899 -0.00037570377582144736 -0.00085444134397726914 0.0010469403623024323 0.0006882000464594547 -0.0011036128267583895
leaf_weight=1468 5295 2888 3925 3032 5443 7417 766 1183 686 5252 10390 3270 709 5183 1616 872 646 1150 1883 26059 626 4047 70090 4333 48974 34724 13071 30152 4867 2047
leaf_count=1468 5295 2888 3925 3032 5443 7417 766 1183 686 5252 10390 3270 709 5183 1616 872 646 1150 1883 26059 626 4047 70090 4333 48974 34724 13071 30152 4867 2047
internal_value=-0.000229745 0.000146646 -0.00307128 -0.00581692 -0.00749591 -0.0044794 0.00476914 0.000479284 0.0100509 0.000370737 0.000506594 0.006693 0.011648 0.000258347 -0.0101487 0.0213648 0.000519734 0.012237 0.0123543 -0.00347851 0.000422695 0.000477246 0.000328647 -0.00539576 0.000596023 0.00171716 -0.000589683 0.000918672 -0.00655914 0.00333622
internal_weight=302064 270710 25354 18780 15892 10449 6574 245356 2741 242615 239531 9231 5961 230300 3084 1558 219910 1796 2649 31354 218114 217488 213441 9516 203925 104814 99111 79126 19985 6914
internal_count=302064 270710 25354 18780 15892 10449 6574 245356 2741 242615 239531 9231 5961 230300 3084 1558 219910 1796 2649 31354 218114 217488 213441 9516 203925 104814 99111 79126 19985 6914
is_linear=0
shrinkage=0.05


Tree=44
num_leaves=31
num_cat=0
split_feature=70 55 64 68 54 58 72 54 41 55 18 67 37 50 67 54 60 54 58 68 54 55 30 10 41 55 27 3 41 41
split_gain=168.629 288.634 338.744 152.428 292.138 133.499 114.679 166.093 126.304 247.554 134.796 134.397 124.302 115.712 133.055 211.141 128.995 379.244 237.183 245.687 236.813 231.451 278.313 173.52 146.731 131.288 113.864 108.229 106.028 152.198
threshold=0.2064359784126282 1.0000000180025095e-35 0.073653459548950209 0.20571347326040271 3.2848508358001713 0.81410688161849987 0.90532314777374279 7.8142783641815194 0.21903185546398166 1.0000000180025095e-35 -0.37884296476840967 0.19208712130784991 -0.20981595665216443 0.0011778702028095724 0.23914169520139697 3.6890044212341313 -0.028727388009428974 6.8560881614685067 0.74451306462287914 0.061147125437855727 4.6052701473236093 1.5000000000000002 0.38272061944007879 -0.68747311830520619 0.060168460011482246 1.5000000000000002 0.14438821375370028 0.4757456928491593 0.058417396619915969 0.14067939668893817
decision_type=8 2 8 8 2 2 10 2 10 2 8 10 10 2 8 2 10 2 2 10 2 2 10 10 10 2 8 8 8 10
left_child=6 3 -3 5 -5 27 8 12 10 -10 11 -1 -8 14 -12 -16 20 21 19 -19 25 22 23 -18 -23 -15 -27 -2 -22 -30
right_child=1 2 -4 4 -6 -7 7 -9 9 -11 13 -13 -14 16 15 -17 17 18 -20 -21 28 24 -24 -25 -26 26 -28 -29 29 -31
leaf_value=-6.3795538383314582e-05 -0.00065166319919841603 4.2573482152091134e-05 -0.0077835970823837671 0.0071875762951616393 -0.0010704827611697869 0.0017452571757393164 -0.0016479764783588439 -0.002086818406606144 -0.0011874608439377218 0.0061672635914292676 2.8797860585619276e-05 -0.0025561993686506294 9.5182921413554638e-05 -0.00049643003179468718 0.001365556140509031 9.1963952789967353e-05 -0.0059353494503425232 -0.00078539936518369111 -0.0029751512325571282 0.00098936134373921571 0.00042036720863624245 -0.00048085211523869634 0.00079280869748041358 -0.00024631156812463391 -0.0029364608962149314 0.00092496080675338779 -0.00050271415923504846 -0.0038812231294799368 -0.0003717996470895855 0.0019516253900133897
leaf_weight=1726 15019 1800 2325 2291 3536 2203 3785 1825 1231 1507 84959 1517 11400 25061 16452 29428 634 10050 1867 1159 23721 4008 18675 17187 654 1504 799 3639 10876 2353
leaf_count=1726 15019 1800 2325 2291 3536 2203 3785 1825 1231 1507 84959 1517 11400 25061 16452 29428 634 10050 1867 1159 23721 4008 18675 17187 654 1504 799 3639 10876 2353
internal_value=-0.000224109 -0.00372936 -0.0160218 -0.00182411 0.00531951 -0.00382109 0.000172548 -0.00380141 0.000437391 0.011099 0.000321406 -0.00979096 -0.00208292 0.000453293 0.00147842 0.00364785 -0.000678149 -0.00247401 -0.00988843 -0.0071263 0.000836391 -0.000116595 0.00122446 -0.00324435 -0.010595 -0.00268868 0.00871163 -0.00519606 0.00344697 -0.000139739
internal_weight=303191 30813 4125 26688 5827 20861 272378 17010 255368 2738 252630 3243 15185 249387 130839 45880 118548 54234 13076 11209 64314 41158 36496 17821 4662 27364 2303 18658 36950 13229
internal_count=303191 30813 4125 26688 5827 20861 272378 17010 255368 2738 252630 3243 15185 249387 130839 45880 118548 54234 13076 11209 64314 41158 36496 17821 4662 27364 2303 18658 36950 13229
is_linear=0
shrinkage=0.05


Tree=45
num_leaves=31
num_cat=0
split_feature=38 37 55 60 54 38 61 41 54 18 16 66 11 67 67 54 69 65 8 63 58 55 41 55 65 66 9 69 38 8
split_gain=153.942 115.517 325.282 281.756 196.271 169.257 166.391 116.002 256.702 119.046 159.854 154.849 156.347 121.716 113.716 264.99 920.42 424.082 298.05 217.212 191.293 280.056 215.375 179.484 606.945 477.361 266.138 238 198.623 193.612
threshold=1.9256732463836672 0.95638418197631847 1.0000000180025095e-35 0.10291142016649248 1.8570786118507387 0.17842299491167071 -0.0061792433261871329 0.25680419802665716 6.040837526321412 -0.37884296476840967 -0.3791432380676269 -0.35254344344139094 -0.42401720583438868 0.16151469945907596 0.15399915724992755 6.9221806526184091 0.015650454442948106 0.089679002761840834 0.10301778465509416 -0.041279762983322137 0.81410688161849987 1.0000000180025095e-35 0.052384123206138618 1.0000000180025095e-35 0.0454930067062378 -0.35254344344139094 -0.18888305872678754 0.018043832853436474 0.1275134012103081 -0.28045064210891718
decision_type=10 8 2 8 2 10 10 10 2 8 8 10 8 10 8 2 10 10 10 8 2 2 8 2 10 10 10 10 10 10
left_child=1 7 4 -4 5 -3 -5 9 -9 13 11 12 -11 -1 23 -16 17 -17 19 -18 22 -22 -21 -12 25 27 -27 -25 -28 -29
right_child=-2 2 3 6 -6 -7 -8 8 -10 10 14 -13 -14 -15 15 16 18 -19 -20 20 21 -23 -24 24 -26 26 28 29 -30 -31
leaf_value=0.00021331544305270338 -0.0033351015054922427 0.0076131424393213664 0.0002352320535323818 -0.011442293949302705 -0.00047086783151959952 -0.00033348497451444575 -0.0029844011963076032 -0.0021881545510623788 0.013040612501689733 0.0038059270268055809 -0.0002366618207456019 -0.00027451781540566421 0.0002667711906943774 -0.0022243253003034267 0.00027022509645792788 -0.00065016376131387527 -0.00010044162523473403 -0.0025568436787166025 -0.00097218584450066848 0.0012582681178364417 0.0013120683007251423 -0.0050920722649612608 0.0003774030064435858 0.00022337044430602903 -0.0030691647382027785 0.0018955877104353917 0.0005758743966969885 0.0044353097366759122 -0.00016948869685631278 -0.00091043509296769444
leaf_weight=1506 2326 1420 1506 917 20084 1260 2101 619 729 3447 92947 3286 2302 1987 110222 8280 6292 3932 2947 5717 934 784 3685 5384 1859 4166 4181 530 3558 4051
leaf_count=1506 2326 1420 1506 917 20084 1260 2101 619 729 3447 92947 3286 2302 1987 110222 8280 6292 3932 2947 5717 934 784 3685 5384 1859 4166 4181 530 3558 4051
internal_value=-0.000185002 -8.56498e-05 -0.00318705 -0.0154169 -0.000750856 0.0119331 -0.0242074 0.000224068 0.0148012 0.000151283 0.000270749 0.00680486 0.0117468 -0.00900657 4.29707e-05 0.000989125 -0.00297259 -0.0138193 0.00353724 0.00602686 0.0102246 -0.00509259 0.0130259 -0.00111496 0.00276549 0.00510055 0.0118548 -0.00297243 0.00635566 -0.0113374
internal_weight=302959 300633 27288 4524 22764 2680 3018 273345 1348 271997 268504 9035 5749 3493 259469 142793 32571 12212 20359 17412 11120 1718 9402 116676 23729 21870 11905 9965 7739 4581
internal_count=302959 300633 27288 4524 22764 2680 3018 273345 1348 271997 268504 9035 5749 3493 259469 142793 32571 12212 20359 17412 11120 1718 9402 116676 23729 21870 11905 9965 7739 4581
is_linear=0
shrinkage=0.05


Tree=46
num_leaves=31
num_cat=0
split_feature=70 33 60 54 54 65 15 54 5 74 64 43 39 53 68 65 11 54 60 68 28 54 68 33 57 14 18 26 54 63
split_gain=147.575 193.39 272.714 146.981 141.866 122.682 110.931 186.805 262.029 133.179 120.498 107.777 99.8893 97.4677 224.47 143.23 330.543 219.83 206.502 307.036 176.731 214.3 168.601 209.324 169.362 214.013 166.015 211.063 148.862 145.363
threshold=0.076260715723037734 2.3777000904083256 0.12381578981876375 5.4381010532379159 7.7151236534118661 0.0454930067062378 -0.049511129036545747 2.541208148002625 -0.6059732437133788 0.90064141154289257 0.09177869558334352 1.651568651199341 0.38094952702522283 1.0000000180025095e-35 0.025955964811146263 0.0454930067062378 -0.070264630019664751 6.1901209354400644 0.021580761298537258 0.015842686407268051 0.73587051033973705 6.8560881614685067 -0.013134761247783898 0.36262892186641699 0.49029123783111578 0.024186065420508388 -0.12262151762843131 -0.070286922156810747 2.0274899005889897 -0.041279762983322137
decision_type=8 10 8 2 2 8 10 2 10 10 10 10 10 10 8 10 10 2 10 10 10 2 10 8 2 8 8 10 2 10
left_child=1 12 4 -4 5 -3 7 8 -2 10 -9 -8 13 15 -15 17 28 -1 22 -20 29 -22 26 -24 -25 -26 -19 -28 -17 -18
right_child=6 2 3 -5 -6 -7 11 9 -10 -11 -12 -13 -14 14 -16 16 20 18 19 -21 21 -23 23 24 25 -27 27 -29 -30 -31
leaf_value=-1.9284557228737491e-05 0.0081761141093777533 -0.0021150405767667683 0.006528250083712237 -0.001551697577822817 -0.0024225575534151597 -6.8406134839478323e-05 8.3057369242394054e-05 -0.00082693315023373178 -0.00050697127865786137 -0.0035190670354754358 -0.0033685623632215139 -0.001150230588562393 0.0061038913605583204 0.00011625303415628476 0.0016795111899751249 0.00088574904525166745 -0.00021828783271936604 0.00078789922702251548 -0.0011710056527135576 0.00041018057752513531 -0.00022755441728254753 -0.0033102790643600236 0.0011031934426061693 0.0016612420487049995 -0.0020337247852116654 0.00098840214788038349 -0.00010551524880024288 0.00056918012843032472 -0.00060490157248521519 0.00065488301378592399
leaf_weight=93692 1515 3988 1239 503 2030 4688 34898 19973 4523 790 1060 7102 750 19099 5575 2844 9122 9394 2737 2640 3945 1025 4339 2426 1063 2169 15240 2869 24250 17430
leaf_count=93692 1515 3988 1239 503 2030 4688 34898 19973 4523 790 1060 7102 750 19099 5575 2844 9122 9394 2737 2640 3945 1025 4339 2426 1063 2169 15240 2869 24250 17430
internal_value=-0.000226456 0.000377788 -0.0056831 0.0126142 -0.00866928 -0.00587152 -0.00224199 -0.00468767 0.00309193 -0.00684056 -0.00607565 -0.0006189 0.00072002 0.000657437 0.00361773 0.00028305 -0.00178419 0.00117038 0.00413529 -0.00502135 0.00169669 -0.00694779 0.00544921 0.0110073 0.00465773 -0.00283775 0.00342565 0.000626414 -0.00583309 0.00331677
internal_weight=302918 233057 12448 1742 10706 8676 69861 27861 6038 21823 21033 42000 220609 219859 24674 195185 58616 136569 42877 5377 31522 4970 37500 9997 5658 3232 27503 18109 27094 26552
internal_count=302918 233057 12448 1742 10706 8676 69861 27861 6038 21823 21033 42000 220609 219859 24674 195185 58616 136569 42877 5377 31522 4970 37500 9997 5658 3232 27503 18109 27094 26552
is_linear=0
shrinkage=0.05


Tree=47
num_leaves=31
num_cat=0
split_feature=70 54 68 37 54 12 21 42 63 66 58 54 67 65 69 11 65 54 66 11 54 69 69 9 75 15 11 58 11 75
split_gain=142.315 111.23 187.362 154.188 172.796 141.919 122.581 117.07 273.768 220.788 233.282 164.457 260.728 276.75 163.608 159.464 148.829 402.366 255.288 287.747 203.313 362.709 329.837 307.273 233.711 191.442 169.231 163.109 159.999 152.784
threshold=0.65430933237075817 1.5800085663795473 0.069418396800756468 1.1353541612625124 3.3373696804046635 0.020324383862316612 0.088723104447126402 0.048908604308962829 -0.18763202428817746 -0.19076969474554059 0.49958297610282904 6.1901209354400644 0.2066248953342438 -0.22899353504180905 0.03453906066715718 -0.077539436519145952 -0.30392172932624811 4.5850696563720712 -0.14113382250070569 inf 6.8560881614685067 0.016699732281267646 0.016699732281267646 -0.20609020441770551 0.50394031405448925 -0.36801144480705256 2.5003572702407841 0.048904540017247207 0.4091091006994248 0.31946584582328802
decision_type=10 2 8 8 2 10 10 10 8 10 2 2 10 8 10 8 10 2 10 8 2 10 10 10 10 8 10 2 8 8
left_child=1 2 -1 7 6 -6 -5 8 -3 10 11 -10 13 -13 -12 -11 17 28 27 20 22 -22 24 -23 -20 -19 -24 -18 -9 -29
right_child=-2 3 -4 4 5 -7 -8 16 9 15 14 12 -14 -15 -16 -17 18 25 19 -21 21 23 26 -25 -26 -27 -28 29 -30 -31
leaf_value=0.00025383039178782096 -0.0030379050263899276 -0.0028761417797669923 0.0059196085000771904 0.0062092820975953814 -0.0046168035672946505 -0.00072842949850255201 -0.00015813875253886463 0.00067757006447073231 -3.8911366974155952e-05 -0.00044149844214330208 0.00070045004975392345 5.8943912127585913e-05 -0.00070803141671830052 0.00075190361229760883 0.0024320103665512538 9.4812618291435831e-05 0.0028804275998874883 0.0039799384951016842 -0.00069280932221547215 -0.0042014898326473826 -0.0024560976786327619 0.0037813925542391951 -0.00030836733847009785 -0.00025973265441472666 0.0043892826739063253 0.00062271326602083416 0.003310176237843643 0.00033740818392622167 -0.00104451485514801 -0.00055316377772995885
leaf_weight=17713 3579 1251 2245 928 3526 8801 3174 4322 35172 15817 12103 11066 2345 10724 866 24091 836 2731 1785 1043 2795 906 13050 3038 8503 19623 2305 5703 15362 66339
leaf_count=17713 3579 1251 2245 928 3526 8801 3174 4322 35172 15817 12103 11066 2345 10724 866 24091 836 2731 1785 1043 2795 906 13050 3038 8503 19623 2305 5703 15362 66339
internal_value=-0.000203147 -8.40116e-05 0.00352063 -0.000342721 -0.00503984 -0.00799627 0.00384241 -4.77489e-05 0.00116136 0.00142164 0.00306975 0.00174065 0.0049182 0.00662385 0.00914169 -0.0015632 -0.000972356 0.00154585 -0.00196824 0.00164947 0.00248518 -0.00523781 0.00451604 0.00452706 0.0114391 0.00613486 -0.000126912 -0.00362748 -0.00366609 -0.00388331
internal_weight=301742 298163 19958 278205 16429 12327 4102 261776 113435 112184 72276 59307 24135 21790 12969 39908 148341 42038 106303 33425 32382 6739 25643 3944 10288 22354 15355 72878 19684 72042
internal_count=301742 298163 19958 278205 16429 12327 4102 261776 113435 112184 72276 59307 24135 21790 12969 39908 148341 42038 106303 33425 32382 6739 25643 3944 10288 22354 15355 72878 19684 72042
is_linear=0
shrinkage=0.05


Tree=48
num_leaves=31
num_cat=0
split_feature=50 60 54 32 54 62 38 54 60 72 54 46 33 6 74 38 11 63 53 58 33 74 16 46 11 54 60 58 64 9
split_gain=130.33 138.468 226.937 112.514 90.8179 279.836 132.82 126.202 109.183 94.7266 85.5368 129.175 177.961 108.597 85.0717 84.0506 76.3548 70.7154 94.0817 101.542 93.1032 126.021 79.7169 104.931 98.3313 140.749 144.045 123.887 95.1858 92.8342
threshold=0.011345066130161287 -0.1715523228049278 6.1518812179565439 -0.46458835899829859 1.825355112552643 0.0615452527999878 1.5926524400711062 8.4078235626220721 -0.30476647615432734 0.93902671337127697 7.6134459972381601 15.500000000000002 1.4875310659408572 1.7533362507820132 0.25206968188285833 0.63933727145195018 1.0940843224525454 0.17142993211746219 1.0000000180025095e-35 0.81410688161849987 0.24458466470241549 0.43701772391796118 -0.3791432380676269 19.500000000000004 -0.44733951985836024 4.9615850448608407 -0.027211055159568783 0.18086766451597217 -0.27194344997406 -0.15437398105859754
decision_type=2 8 2 8 2 8 8 2 8 10 2 8 10 8 8 10 10 8 10 2 8 10 8 10 8 2 10 2 8 10
left_child=4 2 15 -4 5 8 17 -8 -1 -10 13 12 14 16 -12 -2 -3 22 20 -20 21 -19 23 -6 25 26 -24 -27 -26 -28
right_child=1 10 3 -5 6 -7 7 -9 9 -11 11 -13 -14 -15 -16 -17 -18 18 19 -21 -22 -23 24 -25 28 27 29 -29 -30 -31
leaf_value=-0.0022864252436959622 0.00022068647311929165 -0.0002804125045627681 0.0042077509197126477 0.00070996825835120149 0.00050606748787214429 0.003043187720860702 -0.0012677197036407946 -0.0061644727570015637 0.00034997298257531781 -0.0026677378364485596 0.0011772304811336909 -0.0016183637143739361 -0.002406216062328618 -0.0026491306276237919 -0.00023238582587503166 -0.0017169023203231961 0.00073496308193305652 -0.00037073021326555408 0.00037703807439502422 0.0048938345180996028 1.3914697030955465e-05 0.0011222055662408444 -0.00050959891933625371 0.0042869673173294588 -0.0010769462788141183 8.3615321839742633e-05 0.0035124118907886195 -0.0011605891970647576 2.9086207731516232e-05 0.0001328656780677043
leaf_weight=975 6052 46583 1696 3001 5863 4440 6128 720 18004 667 1193 4040 754 3945 3339 3320 8023 705 873 781 8861 1087 4978 972 2946 1411 867 3311 156565 1068
leaf_count=975 6052 46583 1696 3001 5863 4440 6128 720 18004 667 1193 4040 754 3945 3339 3320 8023 705 873 781 8861 1087 4978 972 2946 1411 867 3311 156565 1068
internal_value=-0.000220992 -0.0019242 0.00258896 0.0115466 0.000409977 0.0033076 5.57962e-05 -0.0067804 0.000742776 0.00159788 -0.0028599 -0.00730506 -0.00215257 -0.00215075 0.00160722 -0.00190791 -0.00157097 0.000302158 0.00396606 0.015024 0.00223671 0.0125971 4.8598e-05 0.00533966 -0.000163009 -0.00459854 -5.05561e-05 -0.0112426 0.000160794 0.011491
internal_weight=303168 81946 14069 4697 221222 24086 197136 6848 19646 18671 67877 9326 5286 58551 4532 9372 54606 190288 12307 1654 10653 1792 177981 6835 171146 11635 6913 4722 159511 1935
internal_count=303168 81946 14069 4697 221222 24086 197136 6848 19646 18671 67877 9326 5286 58551 4532 9372 54606 190288 12307 1654 10653 1792 177981 6835 171146 11635 6913 4722 159511 1935
is_linear=0
shrinkage=0.05


Tree=49
num_leaves=31
num_cat=0
split_feature=39 65 74 54 40 54 16 45 18 63 54 64 69 66 66 10 69 45 68 33 57 71 30 69 50 65 39 26 54 32
split_gain=147.902 201.532 144.203 219.769 124.029 117.451 96.5183 173.125 155.877 126.931 123.368 592.113 430.81 461.793 236.713 228.114 204.133 203.903 197.546 197.296 179.15 177.124 160.292 257.882 208.872 128.345 128.002 116.436 112.385 110.288
threshold=0.118008840829134 0.1043643355369568 0.74979010224342357 8.0672273635864276 0.14222022891044619 2.6451103687286381 -0.29152086377143854 26.500000000000004 -0.19950042665004727 0.094280242919921889 7.0335946083068857 -0.033014029264450066 0.018636054359376434 -0.03172687999904155 -0.25029592961072916 0.038957208395004279 0.0074047872330993423 23.500000000000004 -0.026316926814615723 0.38132910430431372 0.76534500718116771 0.079805441200733199 0.61503702402114879 0.0091856517829000967 0.002304154098965228 0.37205332517623907 0.042050657793879516 -0.2004396393895149 8.6812872886657733 -0.4688850045204162
decision_type=8 8 8 2 8 2 8 10 8 10 2 10 10 10 8 8 8 10 10 8 2 8 10 10 2 8 10 8 2 10
left_child=6 4 -3 5 -2 -4 7 -1 28 -9 14 16 13 27 15 20 -12 25 19 -18 29 -20 24 -24 -16 -14 -22 -13 -8 -10
right_child=1 2 3 -5 -6 -7 8 9 10 -11 11 12 17 -15 22 -17 18 -19 21 -21 26 -23 23 -25 -26 -27 -28 -29 -30 -31
leaf_value=0.0011785796215868162 -0.0011901061301025102 0.00077409820067868805 0.0019659704000577322 -0.0049486620210718694 -0.0041017413299437129 -0.0016188302363409183 -0.00078078363877675508 0.00010643697161136731 -0.00043520842130895574 -0.0020891704509334893 -0.0070031511973453475 -0.0013975939906992509 -0.0005091142167926489 -0.0042479543746804889 0.00036737020044488514 -0.00098459203409902705 0.00020012467795903731 0.00075351469563896445 0.0012483350314074827 -0.0010866645526946741 0.0020150522422912511 0.000454503600703162 0.0069916229571830666 0.00057890087179991289 -0.00024849606284349306 0.00096142797301909059 0.00044279340066358583 -0.00049406446020521801 0.0025981689572452419 7.3096973226378928e-05
leaf_weight=11503 5792 10416 2224 838 3244 6062 12872 14674 14652 1182 505 3275 4880 2469 41882 17478 13801 2805 3689 4439 806 5460 1990 35859 32712 639 1198 9801 640 35024
leaf_count=11503 5792 10416 2224 838 3244 6062 12872 14674 14652 1182 505 3275 4880 2469 41882 17478 13801 2805 3689 4439 806 5460 1990 35859 32712 639 1198 9801 640 35024
internal_value=-0.000201604 -0.00362415 -0.000767263 -0.00535362 -0.00979438 -0.00286885 0.000155153 0.00297234 -0.000157158 -0.000415984 0.00014526 -0.0020078 -0.00778718 -0.0127001 0.00075904 -0.00154262 0.00293865 0.00139189 0.00352385 0.000515068 0.000127684 0.00951523 0.00217469 0.00482448 0.000829714 -0.00418701 0.0147468 -0.00894085 -0.00537642 -0.00046492
internal_weight=302811 28576 19540 9124 9036 8286 274235 27359 246876 15856 233364 51763 23869 15545 181601 69158 27894 8324 27389 18240 51680 9149 112443 37849 74594 5519 2004 13076 13512 49676
internal_count=302811 28576 19540 9124 9036 8286 274235 27359 246876 15856 233364 51763 23869 15545 181601 69158 27894 8324 27389 18240 51680 9149 112443 37849 74594 5519 2004 13076 13512 49676
is_linear=0
shrinkage=0.05


Tree=50
num_leaves=31
num_cat=0
split_feature=38 54 41 54 54 59 75 55 60 11 66 41 54 16 67 64 18 40 54 54 18 66 26 60 68 64 67 60 63 19
split_gain=141.17 122.254 115.719 153.548 102.206 206.087 165.987 264.632 196.53 184.564 302.994 109.579 114.112 103.711 186.086 127.947 114.846 103.348 112.41 99.6191 271.615 193.638 229.786 218.984 204.637 125.564 131.467 99.026 132.702 97.9541
threshold=1.5926524400711062 5.899966001510621 0.25680419802665716 6.4692425727844247 1.6667625308036806 0.10476028546690942 0.95853689312934887 1.5000000000000002 -0.043686289340257638 -0.72197014093399037 -0.084988009184598909 0.15303128212690356 2.786553263664246 -0.38757792115211481 0.16758607327938083 -0.069045156240463243 -0.2734819203615188 0.060240816324949271 3.0128351449966435 8.4078235626220721 -0.061341464519500725 -0.23368164896965024 -0.10124695301055907 0.23014293611049655 0.079542174935340895 0.080898582935333266 0.30560804903507238 -0.14898253232240674 -0.12289276719093321 -0.44643607735633845
decision_type=10 2 10 2 2 8 8 2 8 10 10 10 2 8 10 10 8 10 2 2 10 10 10 10 10 10 10 8 10 8
left_child=2 -2 4 -4 5 27 11 8 -8 10 17 13 -13 14 15 -6 -15 18 -10 -18 25 22 -22 24 -23 26 -21 28 -1 -29
right_child=1 -3 3 -5 6 -7 7 -9 9 -11 -12 12 -14 16 -16 -17 19 -19 -20 20 21 23 -24 -25 -26 -27 -28 29 -30 -31
leaf_value=0.0012519244800680764 -0.003460456959108025 0.00045960014763703357 -0.0010777160673137041 0.011162244214164889 0.0011646364644157957 0.0034900133505967428 -0.0024561522776436616 -0.010204528430005345 0.0047864755018025527 0.0039656067022973409 -0.0069998701532167614 -0.001975504352829277 0.0016669157980238769 -0.0011452490673744917 -0.00111811746475986 0.0074587863364500816 1.2918516159624374e-05 -0.0016505037746669213 -0.00025683107944331419 0.00021675879373651732 -0.0011106977169158545 -0.0012886885234328215 0.00068795338439768213 0.00038561400122785457 -0.0060929970687454973 0.0015423142437251639 -0.0015323615695544393 -0.001736502113475693 -0.0015741994804213046 0.00064588777918626384
leaf_weight=1531 3148 1462 503 568 5036 2926 4112 779 1336 2596 625 1183 6061 5263 1774 1063 216209 3452 6621 6868 1659 4576 1544 1015 722 891 791 515 3224 15239
leaf_count=1531 3148 1462 503 568 5036 2926 4112 779 1336 2596 625 1183 6061 5263 1774 1063 216209 3452 6621 6868 1659 4576 1544 1015 722 891 791 515 3224 15239
internal_value=-0.000136168 -0.00880952 -2.00876e-06 0.0163275 -6.13196e-05 0.00310727 -0.000332256 -0.00477446 -0.00357828 -0.000860656 -0.00347061 8.44246e-06 0.00606562 -0.000169145 0.0054738 0.00961696 -0.000354835 -0.00159821 0.00153759 -0.00019058 -0.00375636 -0.0095633 0.000451292 -0.014637 -0.0187076 0.00271028 0.000632416 0.00133291 -0.00498426 0.00324156
internal_weight=303292 4610 298682 1071 297611 23435 274176 19521 18742 14630 12034 254655 7244 247411 7873 6099 239538 11409 7957 234275 18066 9516 3203 6313 5298 8550 7659 20509 4755 15754
internal_count=303292 4610 298682 1071 297611 23435 274176 19521 18742 14630 12034 254655 7244 247411 7873 6099 239538 11409 7957 234275 18066 9516 3203 6313 5298 8550 7659 20509 4755 15754
is_linear=0
shrinkage=0.05


Tree=51
num_leaves=31
num_cat=0
split_feature=12 58 67 18 64 72 59 69 54 30 33 57 70 69 20 54 66 19 69 65 10 59 54 64 33 30 66 65 19 65
split_gain=112.533 99.2306 89.1415 110.939 80.8636 74.9886 109.413 91.6725 154.931 128.299 101.166 93.421 88.3683 142.864 251.772 243.687 144.406 297.676 119.94 176.064 112.453 112.197 103.921 116.939 100.559 87.2228 183.483 137.382 120.238 111.771
threshold=0.15793747454881671 0.89003458619117748 0.18914184719324115 -0.37884296476840967 -0.024361550807952877 0.053276965394616134 0.10802803933620454 0.012069122400134804 8.0672273635864276 0.36071786284446722 0.91002157330513012 0.10819707438349725 -0.058549946174025529 0.021068535745143894 -0.065174721181392656 7.6614093780517587 -0.23254808783531186 0.012358747422695162 0.017034504562616352 0.08141189813613893 0.038957208395004279 -0.057171028107404702 4.835646629333497 -0.047647595405578606 0.11997468397021295 1.0500192642211916 -0.26653704047203058 -0.24108341336250302 -0.24349965900182721 0.16629457473754886
decision_type=8 2 10 10 10 8 10 10 2 10 8 2 8 10 10 2 8 10 10 10 8 10 2 8 8 10 10 10 8 10
left_child=5 2 4 -4 -2 6 7 9 11 10 -1 -9 13 15 21 16 17 -7 19 -17 -16 -15 24 -24 -18 29 27 -27 -28 -14
right_child=1 -3 3 -5 -6 12 -8 8 -10 -11 -12 -13 25 14 20 18 22 -19 -20 -21 -22 -23 23 -25 -26 26 28 -29 -30 -31
leaf_value=-0.0011851499124670547 -0.00073355878833620885 0.0017579413114421072 -0.0072373867887393518 -0.0014610801776884187 0.0047290250445958379 0.00017745214626246368 -0.0026765218956315505 0.0017708696997502417 0.0018326820190416192 0.0012181913348885132 -0.0031865145454322858 -0.00052306577015038104 -2.1526544426958563e-05 0.0013785577359470744 0.0017346022180310585 -0.00060455636139132996 -0.001030616182769903 -0.0021843158678859823 -0.00019178587576919765 -0.004564403692398581 0.00078678948168156137 4.2411990140661617e-05 0.0020915740061428984 -0.00027099397185785556 0.0019573686787836739 -0.00026325860355176542 -0.001738725824911067 -0.0032514531781300698 0.00069269927642473007 -0.00040264584370019237
leaf_weight=1429 5744 1655 612 7205 793 10285 866 1301 1130 935 800 7852 163359 7752 2220 1706 927 3232 1835 832 1508 15586 765 6324 9229 3064 678 1339 24952 16904
leaf_count=1429 5744 1655 612 7205 793 10285 866 1301 1130 935 800 7852 163359 7752 2220 1706 927 3232 1835 832 1508 15586 765 6324 9229 3064 678 1339 24952 16904
internal_value=-0.000125979 -0.00420438 -0.00554163 -0.00914143 -0.00122957 0.000101806 -0.00342456 -0.00230735 -1.4573e-05 -0.00973535 -0.0162349 -0.00217723 0.000287149 0.00194258 0.00467203 -0.000160763 0.00141037 -0.00245805 -0.011191 -0.0182104 0.0167202 0.00274113 0.00444219 -0.000204254 0.00768247 -0.000202562 0.00229172 -0.00712667 0.00391186 -0.000618229
internal_weight=302819 16009 14354 7817 6537 286810 14313 13447 10283 3164 2229 9153 272497 62201 27066 35135 30762 13517 4373 2538 3728 23338 17245 7089 10156 210296 30033 4403 25630 180263
internal_count=302819 16009 14354 7817 6537 286810 14313 13447 10283 3164 2229 9153 272497 62201 27066 35135 30762 13517 4373 2538 3728 23338 17245 7089 10156 210296 30033 4403 25630 180263
is_linear=0
shrinkage=0.05


Tree=52
num_leaves=31
num_cat=0
split_feature=70 55 61 68 69 54 58 68 54 69 33 60 54 60 11 54 54 37 62 62 54 37 66 66 39 38 60 54 71 41
split_gain=123.715 239.167 351.225 184.734 143.141 158.352 155.472 155.272 136.409 125.657 124.516 253.462 117.566 195.787 102.42 137.098 98.323 92.8107 91.7037 81.7492 80.1292 102.472 86.0973 75.6689 73.9692 91.6323 95.4195 166.767 116.135 130.917
threshold=0.16173921525478366 1.0000000180025095e-35 -0.040527313947677605 0.018180883489549163 0.008363042492419483 3.2848508358001713 0.74451306462287914 -0.019774370826780793 6.4382314682006845 0.01194895710796118 3.0836247205734257 0.15869567543268207 4.4485747814178476 0.019442561082541946 0.79038625955581676 4.7837345600128183 3.4198555946350102 -0.24516881257295606 -0.014309793710708616 0.00066965818405151378 7.7151236534118661 0.13107240200042727 -0.24460959434509275 -0.20504894107580182 0.38094952702522283 1.25279837846756 0.35841675102710729 4.3068988323211679 -0.57695674896240223 0.15303128212690356
decision_type=8 2 10 8 10 2 2 10 2 10 10 10 2 10 10 2 2 10 10 10 2 10 10 10 10 8 8 2 10 10
left_child=10 4 -3 8 5 -2 7 12 -4 -9 24 20 13 23 -8 -16 18 -14 -11 -10 22 -22 -12 -6 25 26 28 -28 -1 -30
right_child=1 2 3 -5 6 -7 14 9 19 16 11 -13 17 -15 15 -17 -18 -19 -20 -21 21 -23 -24 -25 -26 -27 27 -29 29 -31
leaf_value=-0.0016406489584706895 0.0071443492399059427 -0.0096503530259224382 -0.0029970959721348119 -0.0034109250540365985 -0.00084953677698622549 -0.00017904572914187873 -0.00019094780087238405 0.00023659683232996081 0.0066575196321476352 -0.00081112585309935201 -0.0028707965612595355 0.0043238083840399849 -0.0029679774214086316 0.0089450489143333093 0.0097657692254283762 -0.0015036553740330758 -0.0011406729063523512 0.0017640712256842613 -0.0037450620436347928 0.00051344855539705214 -0.0029535565763328464 -0.00028124149259667401 -0.00041166429502970862 -0.0031451559980317277 0.0051656646490736355 -0.0012004469940046425 -0.00042732878804628647 0.0010807612355856293 1.5614833871961664e-05 0.0014584842081685689
leaf_weight=1747 2144 1242 553 1735 3783 3268 2807 3075 557 954 1717 1397 505 639 1644 611 6274 3829 3128 941 1126 611 4786 1380 787 5471 5494 9573 224779 6260
leaf_count=1747 2144 1242 553 1735 3783 3268 2807 3075 557 954 1717 1397 505 639 1644 611 6274 3829 3128 941 1126 611 4786 1380 787 5471 5494 9573 224779 6260
internal_value=-0.000188061 -0.00281353 -0.0129813 -0.00537408 -0.00130833 0.00614165 -0.00271832 -0.00442592 0.00477923 -0.00794956 0.000200942 -0.00537473 0.000246403 -0.00440468 0.00522476 0.0131347 -0.0105827 0.00646869 -0.0166178 0.0125995 -0.00871515 -0.0182313 -0.00614924 -0.00764547 0.000412599 0.000364736 0.000506126 0.00436095 0.000256448 0.000353821
internal_weight=302817 39069 5028 3786 34041 5412 28629 23567 2051 13431 263748 9637 10136 5802 5062 2255 10356 4334 4082 1498 8240 1737 6503 5163 254111 253324 247853 15067 232786 231039
internal_count=302817 39069 5028 3786 34041 5412 28629 23567 2051 13431 263748 9637 10136 5802 5062 2255 10356 4334 4082 1498 8240 1737 6503 5163 254111 253324 247853 15067 232786 231039
is_linear=0
shrinkage=0.05


Tree=53
num_leaves=31
num_cat=0
split_feature=70 69 54 63 58 11 72 37 41 54 18 67 65 16 67 64 54 54 62 19 17 54 69 19 65 42 13 41 65 69
split_gain=141.154 91.1566 255.061 224.21 108.235 90.1872 87.6625 112.336 98.2708 139.954 117.731 95.1957 91.3937 91.2237 130.117 90.165 86.6272 83.6185 196.229 107.755 89.1767 174.664 337.73 135.224 102.871 180.709 96.854 93.8811 138.383 113.746
threshold=0.27819286286830908 0.015650454442948106 4.3068988323211679 0.022664606571197513 0.31025040149688726 2.3336231708526616 0.93902671337127697 -0.12827598303556439 0.25680419802665716 6.080127716064454 -0.37884296476840967 0.16151469945907596 0.1063971519470215 -0.40839247405529017 0.16948374360799792 -0.069045156240463243 4.8829913139343271 1.825355112552643 -0.0079316198825836164 -0.0016703208675608037 -0.097988460212945924 6.080127716064454 0.012069122400134804 0.064531162381172194 -0.36600917577743525 0.055650480091571815 0.05928496643900872 0.11032802611589433 0.17508482933044436 0.032248817384243018
decision_type=8 10 2 8 2 10 10 10 10 2 8 10 8 8 10 10 2 2 10 8 10 2 10 8 8 10 10 8 10 10
left_child=6 2 3 -2 16 -6 8 -8 10 -10 11 -1 -9 14 15 -12 -3 18 -15 -20 21 -19 -23 -24 25 -22 -25 29 -29 -26
right_child=1 4 -4 -5 5 -7 7 12 9 -11 13 -13 -14 17 -16 -17 -18 20 19 -21 24 22 23 26 27 -27 -28 28 -30 -31
leaf_value=6.9574162435408028e-05 -0.0033778024420106885 -0.0022099642347638373 -0.0025579701421576777 0.0049037922955142213 -0.0024703044027816843 -0.00016143235866574319 -0.0021794271477899151 -0.00075622091259278784 -0.0016479111028821431 0.0088004483456053575 0.0014825548735896679 -0.0018908541567179292 0.0020986680212033509 -0.00021226684548620052 -0.00089646927813794074 0.0075310799301747198 0.0019924589670364729 -0.0005201184680721304 0.00049553634952007454 0.0026488429293396072 -0.0021376498516783452 -0.0018466448175059492 0.00095318758550987873 -0.00042432645813700011 -6.9013949261954352e-06 0.0024660265667568455 0.0028113894352954742 0.00041482816265014569 0.0045174075662116273 0.00043343687155802252
leaf_weight=1548 1143 1900 5363 4303 6237 1995 2740 6612 548 936 3888 2102 2171 12210 1419 809 1884 33284 7274 5305 1030 1461 7593 4887 155289 521 971 10281 1875 15165
leaf_count=1548 1143 1900 5363 4303 6237 1995 2740 6612 548 936 3888 2102 2171 12210 1419 809 1884 33284 7274 5305 1030 1461 7593 4887 155289 521 971 10281 1875 15165
internal_value=-9.34752e-05 -0.00387344 -0.000540715 0.00707478 -0.00686845 -0.0100825 0.000214876 -0.00405359 0.000398277 0.0131861 0.000326687 -0.00857923 -0.0012908 0.000450485 0.00648057 0.0104844 0.000131787 0.000306818 0.00306666 0.00744698 1.22651e-05 -0.00190225 0.00259349 0.00507763 0.000513382 -0.0122678 -0.000630539 0.000622604 0.00486602 0.000319716
internal_weight=302744 22825 10809 5446 12016 8232 279919 11523 268396 1484 266912 3650 8783 263262 6116 4697 3784 257146 24789 12579 232357 48196 14912 13451 184161 1551 5858 182610 12156 170454
internal_count=302744 22825 10809 5446 12016 8232 279919 11523 268396 1484 266912 3650 8783 263262 6116 4697 3784 257146 24789 12579 232357 48196 14912 13451 184161 1551 5858 182610 12156 170454
is_linear=0
shrinkage=0.05


Tree=54
num_leaves=31
num_cat=0
split_feature=39 58 62 41 13 11 54 27 74 43 33 17 54 74 58 19 65 54 67 33 60 67 54 60 38 11 60 11 15 67
split_gain=133.942 143.399 161.833 139.683 130.949 117.622 144.988 103.165 90.6406 113.536 90.0718 198.333 110.188 129.589 118.764 111.344 93.4137 253.834 389.668 287.803 210.847 277.19 194.574 190.394 142.626 145.166 138.171 132.706 130.431 121.686
threshold=0.10456991568207742 0.81410688161849987 -0.056242078542709344 0.25680419802665716 0.70117357373237621 7.5530228614807138 3.7729907035827641 0.86896818876266491 0.86649835109710704 2.0269219875335698 2.3777000904083256 -0.041696099564433091 6.5297107696533212 0.50861749053001415 0.70653614401817333 -0.055937571451067918 0.13726484775543216 4.5326533317565927 0.23188174515962603 0.27882158756256109 -0.043686289340257638 0.43428435921669012 6.801394224166871 -0.043686289340257638 0.14858714491128924 -0.13351321220397946 0.24458108097314837 0.42276604473590856 -0.15114685148000714 0.18671448528766635
decision_type=8 2 10 10 8 8 2 8 10 10 10 10 2 10 2 10 10 2 10 10 10 10 2 10 8 10 10 8 10 10
left_child=3 2 8 10 -4 6 -3 -7 9 -2 16 -12 14 -14 -13 -15 29 19 22 28 -20 24 -19 -21 25 -22 -25 -23 -18 -1
right_child=1 5 4 -5 -6 7 -8 -9 -10 -11 11 12 13 15 -16 -17 17 18 20 23 21 27 -24 26 -26 -27 -28 -29 -30 -31
leaf_value=-3.95092296275144e-06 -1.4895185268732083e-05 0.018833241070415389 -0.0012167082491592114 0.0065772716195762419 -0.0070834482723349697 0.0021857299213960519 -0.00055756968180474184 -0.0017274433442188439 -0.003030863997353628 0.0042917669691126302 -0.0019921713451504191 0.0001262679086561587 -0.0034320494576998138 0.0044361346073842952 0.0059185453757550181 -0.00098505052151388363 -0.004177149501749809 -0.0022668412341741483 0.00069096344459326558 -0.001765578254118503 -0.0007517652603015384 0.0012050555152165632 -0.0048073346496878069 0.0037762572077859346 -0.001009381323959866 0.00048142294393366703 0.00015755567134651842 -0.0006441785381125283 -0.00035543744285515891 0.00026372057914287667
leaf_weight=142886 11918 905 17731 1032 1066 561 570 1336 939 890 3586 7763 647 507 971 2636 722 1667 3473 965 1270 1509 1429 5234 10419 2517 2382 715 2216 72590
leaf_count=142886 11918 905 17731 1032 1066 561 570 1336 939 890 3586 7763 647 507 971 2636 722 1667 3473 965 1270 1509 1429 5234 10419 2517 2382 715 2216 72590
internal_value=-0.000134296 -0.00300061 -0.00401794 0.000251174 -0.00703196 0.00680071 0.0173401 -0.00144206 0.000105401 0.00120924 0.000179622 -0.00344293 -0.00047072 -0.00757895 0.00261894 -0.00334602 0.000413193 -0.00200127 -0.00503499 0.00405499 -0.00246321 -0.00482968 -0.0215068 0.00867769 -0.00740011 0.000908612 0.0113297 0.0115488 -0.00943012 0.000800052
internal_weight=303052 35916 32544 267136 18797 3372 1475 1897 13747 12808 266104 16110 12524 3790 8734 3143 249994 34518 22999 11519 19903 16430 3096 8581 14206 3787 7616 2224 2938 215476
internal_count=303052 35916 32544 267136 18797 3372 1475 1897 13747 12808 266104 16110 12524 3790 8734 3143 249994 34518 22999 11519 19903 16430 3096 8581 14206 3787 7616 2224 2938 215476
is_linear=0
shrinkage=0.05


Tree=55
num_leaves=31
num_cat=0
split_feature=0 22 72 65 70 54 69 4 66 65 65 54 60 34 65 59 75 69 60 6 42 16 18 30 19 69 26 9 19 23
split_gain=123.705 81.9092 69.5764 102.696 86.6661 106.791 162.408 79.6612 75.7786 72.0642 80.1234 221.074 360.974 271.939 271.515 170.642 152.403 119.378 115.891 104.797 97.3077 115.506 96.5081 87.4601 120.366 83.5844 409.972 283.702 174.171 135.45
threshold=0.026007798500359062 0.95543387532234203 0.89021757245063793 0.10496115684509279 0.19903139770030978 3.3373696804046635 0.016699732281267646 0.16176307946443561 -0.082297258079051958 0.39618486166000372 0.11591053009033205 5.2516713142395028 -0.043686289340257638 0.044690117239952094 0.23151963949203494 -0.024325580336153504 0.71835035085678112 0.017325930297374729 0.044788839295506484 -0.079997472465038286 0.030598237179219726 0.23382341861724856 0.13167319446802142 0.20184144377708438 -0.050180032849311822 0.0091856517829000967 -0.080415047705173479 -0.0090448311530053598 0.26428805291652685 -0.041786229237914078
decision_type=8 10 10 8 8 2 10 10 8 10 10 2 10 10 10 10 10 10 10 8 10 8 10 8 10 10 10 10 10 10
left_child=1 2 4 -4 9 6 8 -7 -6 10 25 13 20 -12 15 19 17 -15 -18 -14 -13 -22 -19 24 -16 26 27 -1 29 -27
right_child=-2 -3 3 -5 5 7 -8 -9 -10 -11 11 12 14 16 23 -17 18 22 -20 -21 21 -23 -24 -25 -26 28 -28 -29 -30 -31
leaf_value=-0.00059003302097467014 -0.00031279292740967645 0.00058319633299972872 -0.00073686884699808105 0.00087023747959008048 -0.00067895941883018866 -0.0041316416173327918 -0.0013986607172251045 -0.00051401526196359593 0.0093988018612824308 0.0013045031570398135 -0.0028527069676869475 -8.2186397102962738e-05 -0.0014197209749500096 0.0015565230061718098 -0.00085953852960042642 -0.0028015906286542329 8.9117813714189624e-05 -0.00087320688574216068 0.0054332965861398283 -0.00020618946660618646 0.0020323411975360487 -0.00053214227063437937 0.00066157114729555814 -0.00053682636449547472 0.00059118197075114579 0.00010046182622821844 -0.0024796816464084459 0.0037221251627594233 -0.0013095484118598325 0.00037254436845663943
leaf_weight=5729 58653 7581 14661 5124 511 2861 2070 4157 1405 821 1130 1194 2276 3755 560 3570 1151 3162 2637 2786 1537 512 2369 3030 1906 136069 2535 2862 4978 20892
leaf_count=5729 58653 7581 14661 5124 511 2861 2070 4157 1405 821 1130 1194 2276 3755 560 3570 1151 3162 2637 2786 1537 512 2369 3030 1906 136069 2535 2862 4978 20892
internal_value=-0.000174218 0.000321726 0.000157454 -0.00267997 0.000416907 -0.00390412 0.00262763 -0.00761241 0.0130841 0.00064851 0.00058881 -0.00172709 -0.00550889 0.00289855 -0.00896166 -0.0144874 0.00493733 0.00148451 0.0133755 -0.00855678 0.00951429 0.0161 -0.00318535 -0.00027243 0.00670436 0.00101141 -0.00317888 0.00204046 0.00129948 0.0015917
internal_weight=302484 243831 236250 19785 216465 11004 3986 7018 1916 205461 204640 31575 17371 14204 14128 8632 13074 9286 3788 5062 3243 2049 5531 5496 2466 173065 11126 8591 161939 156961
internal_count=302484 243831 236250 19785 216465 11004 3986 7018 1916 205461 204640 31575 17371 14204 14128 8632 13074 9286 3788 5062 3243 2049 5531 5496 2466 173065 11126 8591 161939 156961
is_linear=0
shrinkage=0.05


Tree=56
num_leaves=31
num_cat=0
split_feature=38 37 55 60 61 54 13 55 63 41 55 66 10 43 75 54 60 60 55 54 58 54 67 58 66 33 60 30 68 63
split_gain=107.796 89.9201 244.648 262.468 154.272 134.158 105.927 94.8464 135.591 81.4701 333.189 285.287 231.734 198.48 190.637 175.653 194.741 174.313 331.27 471.027 247.667 222.086 256.206 287.485 402.614 203.756 203.584 166.894 158.833 147.327
threshold=2.222191691398621 0.95638418197631847 1.0000000180025095e-35 0.10291142016649248 -0.0073198080062866202 1.8570786118507387 0.10814649239182474 1.5000000000000002 -0.020277470350265499 0.057993313297629363 1.5000000000000002 -0.14113382250070569 -0.22272168099880216 1.408693850040436 0.35968609154224401 6.3440122604370126 0.046194680035114295 -0.028727388009428974 1.5000000000000002 5.7778069972991952 0.23278560489416125 5.8082926273345956 0.43428435921669012 0.70653614401817333 -0.016393478959798809 0.10766640678048135 0.21457071602344516 0.16959531605243686 -0.026316926814615723 -0.0284447968006134
decision_type=10 8 2 8 10 2 10 2 10 10 2 10 10 10 10 2 10 10 2 2 2 2 10 2 10 10 10 8 10 10
left_child=1 9 5 -4 -5 6 -3 8 -6 17 11 12 14 -12 -11 16 -14 18 19 -1 27 25 23 24 -23 -19 -25 -20 -21 -27
right_child=-2 2 3 4 7 -7 -8 -9 -10 10 13 -13 15 -15 -16 -17 -18 21 20 28 -22 22 -24 26 -26 29 -28 -29 -30 -31
leaf_value=-0.00022903846828471101 -0.0043881061515343321 0.006552016957214731 0.00034305242307101967 -0.010245666665492939 0.0015806987961635378 -0.00038210846062919932 -1.96119269169813e-05 -0.0057023822354041725 -0.002925238174971409 -0.00078061769788051981 -0.0021926659612689714 0.00095132648386413599 -0.00092340674760924739 0.0020140076147006059 0.00029684181439730518 -0.0015198046011349927 0.00073936958399977348 -0.00068837227987552274 0.00051160215623433385 0.00025668843081330488 0.00143095205398993 -0.0003138377169232022 0.0010340071080893875 -0.003648190511610755 0.0011904961846369681 -0.00043763040304799846 -0.00024183042150500295 -0.0013845016488620943 0.00084994442967472629 0.00055764991872948454
leaf_weight=44315 1170 1372 1510 885 862 20189 1383 596 729 8069 2893 22941 22185 506 39258 4954 6550 5951 3104 30178 3060 26350 1361 2519 1829 5393 1851 673 9724 30713
leaf_count=44315 1170 1372 1510 885 862 20189 1383 596 729 8069 2893 22941 22185 506 39258 4954 6550 5951 3104 30178 3060 26350 1361 2519 1829 5393 1851 673 9724 30713
internal_value=-0.000171405 -0.00011245 -0.00283629 -0.0133711 -0.0217391 -0.000727542 0.00960217 -0.014497 -0.00802623 0.000160904 -0.000913697 -0.000409264 -0.00180312 -0.0162951 0.000453134 -0.00497196 -0.00347017 0.000851638 0.00232693 0.00146687 0.0129035 -0.000916725 -0.00392689 -0.00481741 -0.00296392 0.00151069 -0.0167352 0.0043174 0.0054069 0.00292391
internal_weight=303073 301903 27526 4582 3072 22944 2755 2187 1591 274377 107356 103957 81016 3399 47327 33689 28735 167021 91054 84217 6837 75967 33910 32549 28179 42057 4370 3777 39902 36106
internal_count=303073 301903 27526 4582 3072 22944 2755 2187 1591 274377 107356 103957 81016 3399 47327 33689 28735 167021 91054 84217 6837 75967 33910 32549 28179 42057 4370 3777 39902 36106
is_linear=0
shrinkage=0.05


Tree=57
num_leaves=31
num_cat=0
split_feature=70 50 68 11 54 60 6 55 54 69 20 54 60 60 54 6 69 54 19 10 23 70 68 33 55 9 60 68 54 66
split_gain=108.425 84.8505 116.945 134.929 133.595 95.6295 102.541 103.084 99.5895 120.673 94.5946 93.7294 120.854 93.3614 92.0975 90.9639 82.3524 76.4554 182.969 107.719 71.743 66.9566 191.964 117.902 103.596 211.129 102.309 83.5279 101.883 100.927
threshold=0.65430933237075817 0.0060161889996379623 -0.070557802915573106 1.1812189221382143 4.2051401138305673 0.13435557484626773 -0.18010564148426053 1.5000000000000002 4.2329463958740243 0.025682572275400165 -0.38492459058761591 5.9586830139160165 -0.0515186209231615 0.30414491891860967 4.6731090545654306 0.10762074217200281 0.077305238693952574 1.7038381695747378 0.34890191256999975 -0.68747311830520619 -0.057385591790080064 0.070583917200565352 -0.16086433082818982 2.3777000904083256 1.0000000180025095e-35 0.74566984176635753 0.1557077765464783 0.091217182576656355 5.2988171577453622 -0.016393478959798809
decision_type=10 2 8 10 2 10 10 2 2 10 10 2 10 10 2 8 10 2 8 10 8 8 8 10 2 8 10 8 2 10
left_child=1 17 4 5 -3 6 7 20 9 -7 -6 12 14 -10 -5 -15 -12 18 19 -1 -4 23 -23 -19 27 -26 -25 29 -29 -24
right_child=-2 2 3 11 10 8 -8 -9 13 -11 16 -13 -14 15 -16 -17 -18 21 -20 -21 -22 22 24 26 25 -27 -28 28 -30 -31
leaf_value=-0.0015260720781508216 -0.0027992505996966449 -0.00048222845694228351 -0.0011245695813060679 -0.0025412575579683147 0.0050398524716788202 0.00098010422217370313 -0.00013351209934566209 -0.0040944225457103097 -0.0017297361301369851 -0.0022498371966161615 0.00049859186555511483 -0.0013129090414596503 0.0029226931127589138 0.00035343197156003964 0.0017957300203769917 -0.0012399212692495863 -0.0018627214565849184 9.0089199570782789e-05 0.0035441377885009869 0.00044158031399334653 0.00049652901725427722 -0.0026830038307848695 -7.5663518739942098e-05 -0.0011906555554246946 8.8677318703528322e-05 -0.0052977181841902784 0.004695313076515422 0.0027178662704235657 -0.00097083144384059678 -0.0027529567172909549
leaf_weight=1774 3611 7492 6844 1068 1120 2333 56276 713 4188 778 11577 1406 4937 1324 561 1122 757 134569 2967 13041 2774 1921 21659 5393 2458 1736 583 4508 1829 1039
leaf_count=1774 3611 7492 6844 1068 1120 2333 56276 713 4188 778 11577 1406 4937 1324 561 1122 757 134569 2967 13041 2774 1921 21659 5393 2458 1736 583 4508 1829 1039
internal_value=-0.000195788 -9.1546e-05 -0.00123385 -0.00206441 0.00210918 -0.00271077 -0.00203326 -0.00660961 -0.0073347 4.80615e-05 0.00508764 0.00412177 0.00663017 -0.0107917 -0.00515558 -0.00301303 0.00381562 0.00053001 0.00365333 0.00137943 -0.00523473 0.00021371 -0.00173777 0.00070186 -0.000846897 -0.00818268 -0.00616438 0.000215183 0.00528596 -0.00120222
internal_weight=302358 298747 105270 84324 20946 76352 66607 10331 9745 3111 13454 7972 6566 6634 1629 2446 12334 193477 17782 14815 9618 175695 35150 140545 33229 4194 5976 29035 6337 22698
internal_count=302358 298747 105270 84324 20946 76352 66607 10331 9745 3111 13454 7972 6566 6634 1629 2446 12334 193477 17782 14815 9618 175695 35150 140545 33229 4194 5976 29035 6337 22698
is_linear=0
shrinkage=0.05


Tree=58
num_leaves=31
num_cat=0
split_feature=37 54 68 68 54 69 3 68 66 41 66 69 75 69 54 34 68 16 69 9 65 65 32 30 60 57 54 60 53 69
split_gain=104.44 175.776 160.669 86.4511 101.774 154.108 96.7068 77.5862 75.7013 74.8117 273.785 258.331 236.158 225.574 481.462 201.004 184.386 182.862 166.917 149.272 202.468 137.149 127.27 126.803 153.587 290.845 179.761 168.833 137.939 123.825
threshold=0.95638418197631847 2.0636930465698247 0.21357220411300662 -0.0072389503475278607 4.2486379146575937 0.015650454442948106 0.018964425660669807 0.15645035356283191 -0.34530882537364954 0.050915816798806197 -0.14113382250070569 0.0091856517829000967 0.17529125511646274 0.016699732281267646 6.5297107696533212 0.081838879734277739 -0.0071172378957271567 -0.2652092427015304 0.022071841172873977 -0.26118502020835871 0.1043643355369568 0.083075463771820082 -0.29290911555290217 0.9622684419155122 0.0049116066657006749 0.76534500718116771 6.3061475753784189 -0.25795917212963099 1.0000000180025095e-35 0.010981327388435604
decision_type=8 2 8 8 2 10 10 8 10 8 10 10 10 10 2 10 10 10 10 8 8 10 10 8 8 2 2 10 10 10
left_child=9 2 -2 -3 5 -5 -6 -7 -8 11 17 12 22 14 15 -12 -17 -11 -19 -15 -21 -16 -1 24 25 26 -13 -28 -26 -29
right_child=1 3 -4 4 6 7 8 -9 -10 10 13 23 -14 19 21 16 -18 18 -20 20 -22 -23 -24 -25 28 -27 27 29 -30 -31
leaf_value=-0.00011320639069817302 -0.00020700589416856727 0.0002902795514113183 0.0074612336189510105 0.0013757066185248253 -0.0044134173504132004 -0.0030864812338003427 0.00026250134947337217 -0.00059568667579528659 -0.0011642330040170814 9.3446048147140381e-05 -0.0044524625934651927 -9.246288481142365e-06 -0.00041498353720389737 0.0061049898248307288 -0.00043305424470782512 0.0005696654147760268 0.0072347910248610264 -0.00078842601834790106 -2.931324162526554e-05 -0.001395182561155568 0.00042946253959632528 -0.0045886798655051042 -0.002961410694548311 0.00076762816490019909 -0.00022586499589178702 0.0015364871145045454 -0.0012245887604702835 -0.00034089962716694693 0.00065519924039943015 0.00038796154423444959
leaf_weight=527 2193 3726 1458 4081 3426 1467 2541 1971 6932 40623 502 52368 5549 570 936 2241 6644 39442 21983 5039 12330 753 1540 9647 34440 2172 1489 2173 5658 28520
leaf_count=527 2193 3726 1458 4081 3426 1467 2541 1971 6932 40623 502 52368 5549 570 936 2241 6644 39442 21983 5039 12330 753 1540 9647 34440 2172 1489 2173 5658 28520
internal_value=-0.000203168 -0.00312354 0.00708823 -0.00467003 -0.00594772 -0.00132156 -0.00864126 -0.00910673 -0.00602657 9.19478e-05 -0.00077247 0.000878252 -0.00807763 0.00351249 0.00911961 0.0135416 0.0152839 -0.00199102 -0.00371205 4.73564e-05 -0.000785431 -0.0153914 -0.0224603 0.00137862 0.000957975 0.00214108 0.00167573 0.00461605 -0.00160068 0.00541478
internal_weight=302941 27795 3651 24144 20418 7519 12899 3438 9473 275146 131063 144083 7616 29015 11076 9387 8885 102048 61425 17939 17369 1689 2067 136467 126820 86722 84550 32182 40098 30693
internal_count=302941 27795 3651 24144 20418 7519 12899 3438 9473 275146 131063 144083 7616 29015 11076 9387 8885 102048 61425 17939 17369 1689 2067 136467 126820 86722 84550 32182 40098 30693
is_linear=0
shrinkage=0.05


Tree=59
num_leaves=31
num_cat=0
split_feature=0 20 66 60 41 8 34 10 11 60 34 63 20 72 32 18 41 63 59 41 72 59 23 41 66 8 60 11 67 40
split_gain=96.4152 81.6308 103.39 114.077 74.6288 74.5138 74.1119 73.077 195.673 188.758 119.908 106.208 138.916 94.0241 82.2743 65.4279 98.6389 104.642 78.4897 70.1373 152.878 112.164 90.4545 88.071 237.995 217.09 139.396 268.291 133.989 129.682
threshold=0.074120450764894499 -0.0098886638879775984 -0.14356330037117002 -0.17026768624782559 0.028828617185354236 0.011989012360572817 0.53396016359329235 -0.40202701091766352 0.072178728878498091 -0.024686188437044617 0.046825556084513671 -0.091187685728073106 -0.080426700413227067 0.16266697645187381 -0.76145794987678517 -0.23552460968494413 0.25680419802665716 -0.10592633485794066 0.13381223380565646 0.1134409047663212 0.96502509713172924 -0.27293194830417628 -0.39135691523551935 0.058417396619915969 -0.084988009184598909 0.43497572839260107 -0.030300218611955639 -0.077539436519145952 0.15791502594947818 0.043577328324317939
decision_type=8 10 10 8 10 8 8 8 8 10 10 10 10 10 10 8 10 10 10 10 8 8 10 8 10 8 10 8 10 10
left_child=1 7 3 6 5 -4 -3 8 9 11 -10 12 -1 -13 -11 16 17 -9 19 21 -21 22 -17 26 -25 -26 28 29 -23 -28
right_child=-2 2 4 -5 -6 -7 -8 15 10 14 -12 13 -14 -15 -16 18 -18 -19 -20 20 -22 23 -24 24 25 -27 27 -29 -30 -31
leaf_value=0.0016874879621382724 -0.00054557139900134825 -0.0011830491886125546 -1.0437684668984128e-05 0.00059018742236406239 0.00076357210691717988 -0.00157556059500861 0.0013481837449486275 0.00092044519317464142 -0.001705565520143352 0.0004236449335200843 -7.5288336807079718e-05 -0.00094144708617938718 -0.0010330964903990467 0.00050846987100128824 0.0051226402195345463 -0.00057727092173012339 0.0037246370763661957 -0.0010178269682471419 0.00046292642224209958 0.00089781978440726332 -0.0010900349321639039 3.9154774973954555e-05 -0.0053634466779844056 -0.00055962641397077446 0.002599569927662772 -0.00069571473047141681 -0.00054149203826811857 0.00010206431002010401 0.00047482368830406162 0.00043111676656570203
leaf_weight=5687 25779 1411 1918 13727 3087 1810 506 1567 1644 549 5498 2929 1086 3168 1815 716 690 8291 10719 15042 5124 52250 515 49321 5319 4613 21641 38915 14075 3417
leaf_count=5687 25779 1411 1918 13727 3087 1810 506 1567 1644 549 5498 2929 1086 3168 1815 716 690 8291 10719 15042 5124 52250 515 49321 5319 4613 21641 38915 14075 3417
internal_value=-0.000199281 7.29084e-05 0.00296186 0.00519995 -0.00217582 -0.00692884 -0.00620135 -0.00018205 0.00254623 0.00574652 -0.00427852 0.00335404 0.00765885 -0.00143278 0.0187026 -0.000445043 -0.00429059 -0.00557357 -0.000261867 -0.000474028 0.0023295 -0.000770473 -0.0157534 -0.000672343 -0.00227039 0.00478777 5.44863e-05 -0.00161058 0.00166051 -0.00564465
internal_weight=302829 277050 22459 15644 6815 3728 1917 254591 22376 15234 7142 12870 6773 6097 2364 232215 10548 9858 221667 210948 20166 190782 1231 189551 59253 9932 130298 63973 66325 25058
internal_count=302829 277050 22459 15644 6815 3728 1917 254591 22376 15234 7142 12870 6773 6097 2364 232215 10548 9858 221667 210948 20166 190782 1231 189551 59253 9932 130298 63973 66325 25058
is_linear=0
shrinkage=0.05


Tree=60
num_leaves=31
num_cat=0
split_feature=38 2 69 58 58 33 53 71 65 75 64 69 65 10 63 69 40 42 58 75 30 71 33 69 26 42 10 11 11 57
split_gain=126.797 82.5033 102.822 109.363 112.988 94.1839 91.6385 74.1728 193.869 130.753 146.16 126.887 137.121 201.216 165.69 162.24 233.229 151.804 143.765 331.457 136.655 184.674 228.158 158.833 232.037 155.225 125.642 133.054 120.734 117.794
threshold=2.222191691398621 0.0527425054460764 0.01120073674246669 0.31025040149688726 0.86440083384513866 1.5410844683647158 1.0000000180025095e-35 0.098120778799057021 0.086961686611175551 0.76544812321662914 -0.0071673989295959464 0.01194895710796118 0.13274532556533816 -0.52943667769432057 -0.041279762983322137 0.015650454442948106 0.027891213074326519 0.024537010118365291 0.47395291924476629 0.44837467372417456 0.40002000331878668 -0.13255847245454785 1.1319898366928103 0.0091856517829000967 -0.081817269325256334 0.019360440783202652 -0.40202701091766352 1.0147603750228884 -0.40297737717628473 0.61437448859214794
decision_type=10 8 8 2 2 10 10 10 10 10 10 10 10 10 10 10 10 10 2 8 10 8 8 8 10 8 8 8 10 2
left_child=1 7 -3 -4 -5 6 -6 11 -9 -10 -11 20 18 -14 17 16 -16 -15 26 28 21 22 -1 24 -23 -25 27 -13 -20 -30
right_child=-2 2 3 4 5 -7 -8 8 9 10 -12 12 13 14 15 -17 -18 -19 19 -21 -22 23 -24 25 -26 -27 -28 -29 29 -31
leaf_value=-0.00054208670128089338 -0.0041306495995924132 0.00083835160376531648 2.1751230183578513e-05 -0.0007972216613272784 -0.00063048765004823008 0.0056072938949497586 0.0036602343350629163 -0.00039572182244780271 -0.00010870529865965392 -0.0011513070919810864 0.0040223597967139332 0.0010619693122417152 -0.0025116144641949383 0.00033325351484177733 -0.0016639047181575745 0.00038568820495172028 0.0011269625003145873 -0.0010542814478139162 0.00065395959557755664 -8.3438131860708208e-05 0.0006485584192552923 -0.00010309898679036183 -0.0018866298179817075 0.00061451131370327038 -0.0023049001137853118 -9.4321500243032064e-05 3.430232605912604e-05 -0.0016779948371537059 0.00047882309998232002 0.0012963668213467558
leaf_weight=5629 1173 7169 23629 26517 4337 1029 673 39067 7484 1191 4907 11863 1608 1528 2632 10603 2510 5150 10368 14116 7471 3671 1972 3913 2134 14415 78754 749 3164 3648
leaf_count=5629 1173 7169 23629 26517 4337 1029 673 39067 7484 1191 4907 11863 1608 1528 2632 10603 2510 5150 10368 14116 7471 3671 1972 3913 2134 14415 78754 749 3164 3648
internal_value=-0.000188397 -0.000124374 -0.00172811 -0.00244773 -0.0043266 0.00184328 -0.000996016 0.000301605 -0.00135494 0.00378899 0.00921742 0.000770811 0.00144612 -0.00200699 -0.000777872 0.00202158 -0.00526009 -0.00737141 0.00212273 0.00504696 -0.00175571 -0.003188 -0.00997898 -0.00104585 -0.00824592 0.00123787 0.00112064 0.00575186 0.00970913 0.0148783
internal_weight=303074 301901 63354 56185 32556 6039 5010 238547 52649 13582 6098 185898 146693 24031 22423 15745 5142 6678 122662 31296 39205 31734 7601 24133 5805 18328 91366 12612 17180 6812
internal_count=303074 301901 63354 56185 32556 6039 5010 238547 52649 13582 6098 185898 146693 24031 22423 15745 5142 6678 122662 31296 39205 31734 7601 24133 5805 18328 91366 12612 17180 6812
is_linear=0
shrinkage=0.05


Tree=61
num_leaves=31
num_cat=0
split_feature=70 54 24 53 58 60 7 61 19 35 74 54 69 54 18 54 41 54 69 66 66 41 60 67 59 60 66 67 41 59
split_gain=112.792 118.98 72.2947 70.9073 259.231 171.791 150.017 76.2049 73.8228 73.4051 68.8982 101.099 129.252 85.4052 65.2913 207.454 146.182 154.281 337.801 313.3 178.022 148.858 144.399 143.035 142.187 141.123 193.424 134.017 131.012 128.301
threshold=0.42813605070114141 1.7038381695747378 0.49258445203304296 1.0000000180025095e-35 0.69366195797920238 -0.1715523228049278 0.078683894127607359 -0.047044277191162102 0.016246625222265724 1.0000000180025095e-35 0.31613215804100042 5.2277607917785653 0.01628866791725159 3.9113227128982548 -0.19950042665004727 5.931077480316163 0.10596744343638421 8.4078235626220721 0.017325930297374729 -0.048871429637074464 -0.23291204869747159 0.03244381211698056 -0.18996608257293698 0.23779359459877017 1.0000000180025095e-35 0.02340295817703009 -0.26653704047203058 0.19418858736753467 0.098385874181985869 -0.016223182901740071
decision_type=8 2 10 10 2 8 10 10 8 2 10 2 10 2 10 2 10 2 10 10 10 10 8 10 10 10 10 10 8 10
left_child=3 2 -2 9 5 8 7 -7 -5 -1 11 12 -3 -12 15 23 17 -16 19 20 -19 -20 -17 25 -22 29 -27 -23 -25 -11
right_child=1 10 -4 4 -6 6 -8 -9 -10 14 13 -13 -14 -15 16 22 -18 18 21 -21 24 27 -24 28 -26 26 -28 -29 -30 -31
leaf_value=0.00038086240539857754 0.0082078205664093164 0.00073615764628935871 -0.0014601405866799437 -0.0013918100177170156 0.0037816874000059343 -0.00072771147802917074 -0.00071468443350415254 0.0006645594274943715 0.00031628362933406234 9.4240829303216504e-05 -0.0028540810115835953 -0.0040959530059595283 -0.003715445315160069 0.0011345529162358548 -4.2333887532886029e-06 0.0018825928831276751 0.00074764079087675139 0.00027518960017087601 0.00060148367042530716 -0.0041172717393283308 -0.0017984860606168687 -0.001075713433784048 2.00770842411904e-05 -0.00039524493357263153 -0.0003138449818208749 0.0092053942112288109 -0.00099826675456491883 0.0005272772655656729 -0.0021041424882710887 -0.0010477664201884514
leaf_weight=13882 768 3169 503 3738 2446 1143 5974 17201 1629 11093 1869 3510 1772 2801 159945 3324 22325 1887 2787 1242 2282 2004 10139 5461 1995 935 758 1583 4672 10005
leaf_count=13882 768 3169 503 3738 2446 1143 5974 17201 1629 11093 1869 3510 1772 2801 159945 3324 22325 1887 2787 1242 2282 2004 10139 5461 1995 935 758 1583 4672 10005
internal_value=-0.000125474 -0.00444383 0.0101093 9.01338e-05 0.00230391 0.00101195 0.00279924 0.00503977 -0.00707644 -0.000187454 -0.00586018 -0.008551 -0.0039285 -0.000982906 -0.000389982 -0.00207664 9.18086e-06 -0.000480329 -0.00555475 -0.0128101 -0.00816327 0.00288221 0.00315075 -0.00421449 -0.0137975 -0.00201526 0.0118321 -0.00385043 -0.0091541 -0.00313151
internal_weight=302842 14392 1271 288450 32131 29685 24318 18344 5367 256319 13121 8451 4941 4670 242437 46387 196050 173725 13780 7406 6164 6374 13463 32924 4277 22791 1693 3587 10133 21098
internal_count=302842 14392 1271 288450 32131 29685 24318 18344 5367 256319 13121 8451 4941 4670 242437 46387 196050 173725 13780 7406 6164 6374 13463 32924 4277 22791 1693 3587 10133 21098
is_linear=0
shrinkage=0.05


Tree=62
num_leaves=31
num_cat=0
split_feature=13 74 16 45 18 11 41 63 8 55 28 61 58 23 58 11 66 75 33 37 53 61 67 69 69 72 62 68 60 41
split_gain=86.8543 69.4352 101.999 137.708 108.25 109.916 97.0448 84.5476 80.0866 400.194 341.799 188.008 190.897 267.457 185.328 175.548 166.013 136.344 151.078 129.038 127.629 127.591 118.178 117.822 158.012 176.511 111.638 109.63 104.698 98.6188
threshold=0.70117357373237621 0.025029987096786502 -0.3074656873941421 25.500000000000004 -0.29294627904891962 -0.44226892292499537 0.095016878098249449 0.085009515285491957 0.1650103181600571 1.0000000180025095e-35 0.31138193607330328 -0.024838864803314206 0.74451306462287914 -0.071577258408069597 0.74451306462287914 0.12158096209168436 -0.016393478959798809 0.17529125511646274 1.5700467824935915 0.54888153076171886 1.0000000180025095e-35 -0.037371516227722161 0.43712089955806738 0.011557383462786676 0.025897045619785789 0.65139228105545055 -0.073597133159637437 0.05920959264039994 0.32049667835235601 0.21903185546398166
decision_type=10 8 8 10 8 8 10 10 8 2 8 10 2 10 2 8 10 8 10 8 10 10 10 10 10 10 10 10 10 10
left_child=1 -1 3 -3 -4 6 -6 -5 22 14 21 19 13 -13 16 -16 23 -17 20 -12 -19 -11 29 -10 -25 26 -26 -15 -18 -7
right_child=-2 2 4 7 5 8 -8 -9 9 10 11 12 -14 27 15 17 28 18 -20 -21 -22 -23 -24 24 25 -27 -28 -29 -30 -31
leaf_value=-0.00093809019640005067 -0.0043449900269254714 0.001319680094041863 -0.0015097055292863219 0.00019418323063686085 -0.00049958512996120823 3.8324650719359474e-05 0.0031098779468164781 -0.0014851538476828357 0.00083485842270780795 0.0053512914369259774 -0.0016722263544535463 -0.0019850303273941999 -0.0049477008593764417 1.8344223628368861e-06 -0.0025499362685922075 0.0045755815693855227 -0.0024881574115450892 0.0001029688882135991 0.0060790486483944086 -0.0086514693131059701 0.0035364299499103836 0.00010879278295607195 0.00097479787796877181 -0.00070887718857676457 0.00026591274639759644 0.0015625109906186666 -0.0015367735129699631 0.0049033099121335135 0.00035073447229051177 0.0041615116777080248
leaf_weight=6754 1221 7957 2658 12925 12647 173448 501 1118 13925 511 944 3120 1374 1887 812 533 2972 8823 2466 1237 1287 882 1087 24556 3841 7640 2669 674 976 1403
leaf_count=6754 1221 7957 2658 12925 12647 173448 501 1118 13925 511 944 3120 1374 1887 812 533 2972 8823 2466 1237 1287 882 1087 24556 3841 7640 2669 674 976 1403
internal_value=-0.000190188 -0.000136091 -2.11948e-05 0.00325307 -0.000285287 -0.000186326 -0.00464356 0.000273963 4.18163e-05 -0.00125772 -0.010297 -0.0137789 -0.00978769 -0.00571956 0.000106368 0.00527241 -0.00116542 0.00667353 0.00560941 -0.026586 0.00289526 0.0127227 0.000641099 -0.000422674 -0.00184162 0.00236582 -0.00368098 0.00624271 -0.0110409 0.000538428
internal_weight=302848 301627 294873 22000 272873 270215 13148 14043 257067 81129 10629 9236 7055 5681 70500 13921 56579 13109 12576 2181 10110 1393 175938 52631 38706 14150 6510 2561 3948 174851
internal_count=302848 301627 294873 22000 272873 270215 13148 14043 257067 81129 10629 9236 7055 5681 70500 13921 56579 13109 12576 2181 10110 1393 175938 52631 38706 14150 6510 2561 3948 174851
is_linear=0
shrinkage=0.05


Tree=63
num_leaves=31
num_cat=0
split_feature=38 42 55 62 41 63 9 66 57 18 55 54 69 63 54 69 63 37 23 41 66 33 66 54 42 55 27 54 66 19
split_gain=110.169 78.1063 251.321 253.771 212.887 208.946 151.097 141.318 190.921 147.503 158.061 120.935 320.248 327.3 214.925 198.702 183.271 301.505 184.648 176.732 211.155 167.926 145.68 111.329 111.161 104.16 262.261 156.736 306.417 200.904
threshold=2.222191691398621 0.061785830184817321 1.5000000000000002 -0.098854959011077867 0.063415251672267928 -0.18763202428817746 0.076644521206617369 -0.18911322206258771 0.82357424497604381 -0.19125561416149137 1.0000000180025095e-35 4.7007529735565194 0.016699732281267646 0.00077974796295166026 7.9848816394805917 0.016699732281267646 -0.042294859886169427 0.66986137628555309 -0.07882672548294066 0.03952163644134999 -0.07424647361040114 0.21461787074804309 -0.048871429637074464 8.0267419815063494 0.016879055649042133 1.5000000000000002 0.11416934803128244 6.1901209354400644 -0.23785667121410367 -0.25750511884689326
decision_type=10 8 2 8 8 8 10 10 2 10 2 2 10 10 2 10 8 10 10 10 10 10 10 2 10 2 8 2 8 8
left_child=1 5 -3 -4 6 -1 -5 8 25 10 -10 15 13 -13 21 19 18 -18 23 -9 -21 -15 -16 -14 -23 27 -27 28 29 -7
right_child=-2 2 3 4 -6 7 -8 11 9 -11 -12 12 16 14 22 -17 17 -19 -20 20 -22 24 -24 -25 -26 26 -28 -29 -30 -31
leaf_value=-0.0023348862056803031 -0.0038711844435065528 -7.7804547567463325e-05 0.0022915603076966214 0.00021995204520961493 -0.0030281482050556969 0.00089357332169348158 -0.0018786816655637075 1.2623676467941881e-05 0.002142365268428998 0.0018819789069397443 -0.0033779709208114394 0.00024929997651657255 -0.0013718984298370465 -0.0019411321518381514 -0.0010629358890273653 -0.00061437941354862587 0.00057429117074355167 -0.0011283876356882432 0.00030783428101139221 -4.8481110792768149e-06 0.0060553958749194796 0.00099132348864494906 -0.0038382424287334545 0.00040266156975739319 -0.00065898074135588812 0.00071420971065244351 -0.00057980890089690006 0.00024474287412605805 0.00069648091155921122 -0.00036626102376105117
leaf_weight=1770 1134 130665 856 1860 2624 4910 942 8659 1959 1464 925 5072 2641 3676 1563 6618 9763 2029 2295 2654 4128 502 1147 597 6590 4845 1773 35054 16815 36966
leaf_count=1770 1134 130665 856 1860 2624 4910 942 8659 1959 1464 925 5072 2641 3676 1563 6618 9763 2029 2295 2654 4128 502 1147 597 6590 4845 1773 35054 16815 36966
internal_value=-0.000159997 -0.000101204 -0.000983155 -0.0107438 -0.0147351 0.000633419 -0.00512091 0.000819833 0.00191604 0.0121615 0.00556323 -0.00116147 -0.00295249 -0.00751616 -0.0115881 0.00175133 0.00193539 0.0054567 -0.00556558 0.00485729 0.0108952 -0.00840601 -0.0241544 -0.0132389 -0.00390031 0.00147101 0.00752867 0.00104261 -0.00053747 -0.00282672
internal_weight=302496 301362 136947 6282 5426 164415 2802 162645 104711 4348 2884 57934 35875 18550 13478 22059 17325 11792 5533 15441 6782 10768 2710 3238 7092 100363 6618 93745 58691 41876
internal_count=302496 301362 136947 6282 5426 164415 2802 162645 104711 4348 2884 57934 35875 18550 13478 22059 17325 11792 5533 15441 6782 10768 2710 3238 7092 100363 6618 93745 58691 41876
is_linear=0
shrinkage=0.05


Tree=64
num_leaves=31
num_cat=0
split_feature=48 63 43 59 53 18 16 41 41 60 42 60 69 41 74 4 33 41 74 26 38 44 64 68 43 16 33 69 74 66
split_gain=90.3795 120.311 76.4925 69.8653 108.504 127.967 87.5618 81.7309 72.3099 110.98 70.3969 156.921 124.135 214.847 106.31 77.8728 67.6202 66.8623 65.1122 59.6815 58.3787 58.2936 56.0627 55.5023 54.2505 53.5124 127.449 119.106 81.9395 113.984
threshold=0.18632632493972781 -0.18763202428817746 1.9871807694435122 0.13184227049350741 1.0000000180025095e-35 -0.18576814979314801 -0.076020520180463777 0.071985151618719115 0.25680419802665716 -0.25795917212963099 0.020915850065648559 -0.17026768624782559 0.0091856517829000967 0.015021879691630604 0.97658652067184459 -0.054443335160613053 1.2083433270454409 0.0085138194262981432 0.33266408741474157 -0.10258772969245909 1.7416462898254397 -7.4999999999999991 0.14921003580093387 -0.070557802915573106 0.80623155832290661 0.53474870324134838 2.4447788000106816 0.02885202877223492 0.62838295102119457 -0.17024333029985425
decision_type=2 8 10 10 10 10 8 10 10 8 8 8 10 8 10 10 8 10 10 8 8 2 10 10 10 10 10 10 10 10
left_child=3 2 16 8 5 7 -7 -5 10 -10 11 15 13 -13 17 -1 -2 -14 -9 -15 22 -12 -3 -22 -20 26 -23 -27 29 -28
right_child=1 20 -4 4 -6 6 -8 18 9 -11 21 12 14 19 -16 -17 -18 -19 24 -21 23 25 -24 -25 -26 27 28 -29 -30 -31
leaf_value=0.0003331019236300658 0.0032310528127783541 -0.0011228155353382857 0.0048884994901658499 0.00041445978118272923 0.0025299163691252218 0.0015307586527519652 0.00045967561929334164 -0.0017599992132459705 0.00795611141285151 -0.0014777262267415365 0.0005367809316092516 -0.0024234858928710596 0.00059284810241044014 0.0029470914452159333 0.001035110571224767 -0.00077736459156877357 -0.00085542311625983131 0.00019182197715801919 0.0010037042841885872 -0.0010048865497334105 -0.00030431110565907755 -6.4153762589256019e-05 0.00051442025003516155 -0.0046364315945699478 -0.0010658885277852936 -8.1563140542995595e-05 -0.0022628923354104324 0.0023710750287369558 -0.00017618352412435078 0.00011815964020405476
leaf_weight=1181 967 10774 628 4578 1691 1162 4591 2625 740 506 6086 799 2758 663 1281 2833 2897 21802 925 763 608 204886 2545 1419 723 9823 3771 3495 3830 1570
leaf_count=1181 967 10774 628 4578 1691 1162 4591 2625 740 506 6086 799 2758 663 1281 2833 2897 21802 925 763 608 204886 2545 1419 723 9823 3771 3495 3830 1570
internal_value=-0.000219853 -0.00348146 0.00370946 8.83105e-06 0.00318614 0.0017928 0.00759153 -0.00198059 -0.000185347 0.0117834 -0.00024195 0.00195388 0.00327682 -0.00803132 0.00425322 -0.00728131 0.00105834 0.00351648 -0.00694607 0.00362117 -0.00558739 -0.000543751 -0.00437767 -0.0134757 0.000844391 -0.000673087 -0.000864449 0.00240096 -0.00662782 -0.0106242
internal_weight=302920 19838 4492 283082 16295 14604 5753 8851 266787 1246 265541 32080 28066 2225 25841 4014 3864 24560 4273 1426 15346 233461 13319 2027 1648 227375 214057 13318 9171 5341
internal_count=302920 19838 4492 283082 16295 14604 5753 8851 266787 1246 265541 32080 28066 2225 25841 4014 3864 24560 4273 1426 15346 233461 13319 2027 1648 227375 214057 13318 9171 5341
is_linear=0
shrinkage=0.05


Tree=65
num_leaves=31
num_cat=0
split_feature=38 54 68 0 54 6 74 52 54 13 55 54 67 16 45 46 55 15 66 65 65 72 33 54 58 72 55 63 18 9
split_gain=97.6613 150.903 92.8938 65.9853 65.645 55.657 55.1762 53.8325 106.409 51.6882 66.5679 113.293 50.6271 153.233 106.792 104.769 126.564 232.187 162.55 148.196 138.095 103.926 120.438 100.157 264.689 207.476 276.024 165.397 160.221 183.648
threshold=1.5926524400711062 1.3389397859573366 0.039748834446072585 0.034687440842390067 8.7652239799499529 -0.14578450471162793 0.016432888805866245 7.5000000000000009 3.1736692190170293 0.14941962063312533 1.0000000180025095e-35 6.6786251068115243 0.15399915724992755 -0.35719723999500269 26.500000000000004 15.500000000000002 1.0000000180025095e-35 -0.14179939776659009 -0.41795988380908961 -0.30392172932624811 -0.097585171461105333 0.078277900815010085 1.5989966392517092 6.8267512321472177 0.81410688161849987 0.1585260406136513 1.0000000180025095e-35 0.13711714744567874 0.015609574969857933 -0.34119263291358942
decision_type=8 2 10 10 2 10 10 10 2 10 2 2 8 8 10 10 2 10 10 8 10 8 8 2 2 10 2 8 10 8
left_child=3 -2 4 12 7 -5 -4 8 -3 10 -10 -12 13 14 -1 16 -15 18 -18 -19 -20 22 -14 -23 27 26 -26 28 29 -25
right_child=1 2 6 5 -6 -7 -8 -9 9 -11 11 -13 21 15 -16 -17 17 19 20 -21 -22 23 -24 24 25 -27 -28 -29 -30 -31
leaf_value=0.0028145442005304347 0.0050345441280537423 0.0034735289101573163 -0.0040450368566317093 -0.00087096553876659863 -0.0049465919148676558 -0.0001224250602826979 -0.0016550854578465616 -0.0021861891326282758 -0.00070689215215060351 0.0017697451736860244 -0.0096440930004812794 -0.00073324526072346896 -0.00010875354655361406 -9.8184874599491564e-05 0.00018894859674784334 -0.00035348148981314284 -0.0010889697695393961 -0.0017528508051050718 0.0016735785200591173 4.6502131813863735e-05 -5.4487074545716546e-05 0.00025970273100524619 -0.0014871176005827899 -0.0014755541320555297 0.001923931188155888 -0.0028776853535329816 -0.0076232372866800319 0.00093905954193301703 -0.00070819612759755635 0.00020673601482542638
leaf_weight=3558 977 1869 1031 8435 561 37037 753 1549 3650 695 648 863 7732 54299 4937 32635 641 550 3988 10402 1066 93860 2151 1014 776 1561 522 2980 6358 15065
leaf_count=3558 977 1869 1031 8435 561 37037 753 1549 3650 695 648 863 7732 54299 4937 32635 641 550 3988 10402 1066 93860 2151 1014 776 1561 522 2980 6358 15065
internal_value=-0.000134195 -0.00444233 -0.00603233 5.33537e-05 -0.00411884 -0.00169518 -0.0164994 -0.00310211 -0.00138979 -0.00470508 -0.00643009 -0.0152202 0.00037914 -0.00040237 0.00604938 -0.000932031 0.00014657 0.0039593 0.0121385 -0.00030104 0.0151461 0.00104257 -0.00388659 0.00144172 -0.00116665 -0.0155629 -0.000764526 0.000458174 -0.0010135 0.00164398
internal_weight=302163 12596 11619 289567 9835 45472 1784 9274 7725 5856 5161 1511 244095 112076 8495 103581 70946 16647 5695 10952 5054 132019 9883 122136 28276 2859 1298 25417 22437 16079
internal_count=302163 12596 11619 289567 9835 45472 1784 9274 7725 5856 5161 1511 244095 112076 8495 103581 70946 16647 5695 10952 5054 132019 9883 122136 28276 2859 1298 25417 22437 16079
is_linear=0
shrinkage=0.05


Tree=66
num_leaves=31
num_cat=0
split_feature=39 65 41 65 58 41 13 59 59 72 42 55 26 30 33 42 65 58 65 65 11 9 75 29 10 11 64 33 58 17
split_gain=86.0262 147.875 93.6763 89.7785 98.2409 85.9291 71.4369 67.1851 63.4386 99.2804 92.6073 85.8108 199.494 104.731 78.6262 69.7989 145.126 107.593 98.9714 114.161 101.186 70.9789 66.9058 65.2682 61.9442 172.66 164.51 146.076 88.0489 85.7833
threshold=0.118008840829134 0.1043643355369568 0.21903185546398166 0.21190196275711062 0.58048373460769664 0.29077659547328955 -0.49489067494869227 -0.27293194830417628 0.13381223380565646 0.51574799418449413 0.081439040601253523 1.0000000180025095e-35 -0.065729342401027666 0.084729701280593886 0.30744582414627081 0.02127847354859114 -0.30392172932624811 0.8371647596359254 -0.22968477010726926 -0.056580841541290276 -0.23404136300086972 -0.22350647300481793 0.22277851402759555 -0.14281494915485379 -0.40202701091766352 0.10632187500596048 -0.053029716014862054 0.1548489332199097 0.048904540017247207 -0.068680856376886354
decision_type=8 8 8 8 2 10 8 8 10 10 10 2 10 10 8 8 8 2 10 10 10 10 8 10 8 8 10 10 2 10
left_child=5 2 -2 4 -3 7 -5 -1 15 10 11 13 -13 22 -11 16 -9 18 21 20 -20 -18 -10 -23 25 26 28 -27 -17 -28
right_child=1 3 -4 6 -6 -7 -8 8 9 14 -12 12 -14 -15 -16 24 17 -19 19 -21 -22 23 -24 -25 -26 27 29 -29 -30 -31
leaf_value=-0.0048284538679437064 -0.0013513328455356218 0.00048120407797881616 -0.007665043532240387 0.0035829348141847035 0.017508397463687934 0.0083022351856766353 -0.00052364976481015374 -0.0014058265834319 0.0040324940402521117 0.0017828696599917052 -0.00060300698436485634 0.0012413499543730254 -0.005006684855227532 -0.00018383861195839192 0.00074673166639587874 0.0023649729375829448 0.00056000142189598307 -0.0022625729866943126 0.00040529596894822077 0.0001791837584692816 0.00079496349479125689 -0.00047008209426976715 0.0014159720528394903 0.00013781739640319796 -6.9369005362714985e-05 -0.001960878709807753 0.0054696098186766745 -9.0089937384740804e-05 8.026942154387984e-05 0.00064300815116878878
leaf_weight=635 8569 1541 556 949 702 533 16348 1041 569 785 4160 777 701 1408 3822 2227 2915 846 3947 14353 3504 4602 1839 2204 204211 1385 1781 5438 9701 851
leaf_count=635 8569 1541 556 949 702 533 16348 1041 569 785 4160 777 701 1408 3822 2227 2915 846 3947 14353 3504 4602 1839 2204 204211 1385 1781 5438 9701 851
internal_value=-0.000161434 -0.00276722 -0.00801861 -0.00031202 0.00907679 0.000111032 -0.00153406 7.16081e-05 0.000109676 0.00337929 0.000443787 0.00482655 -0.00537634 0.00878202 0.00938921 -6.79495e-05 0.00206451 0.00265742 0.00313144 0.00500138 0.0100188 -0.00106361 0.0150951 -0.00385857 -0.000383858 0.00217595 0.00525051 -0.00438314 0.00274753 0.0165405
internal_weight=302900 28665 9125 19540 2243 274235 17297 273702 273067 14061 9454 5294 1478 3816 4607 259006 33412 32371 31525 21804 7451 9721 2408 6806 225594 21383 14560 6823 11928 2632
internal_count=302900 28665 9125 19540 2243 274235 17297 273702 273067 14061 9454 5294 1478 3816 4607 259006 33412 32371 31525 21804 7451 9721 2408 6806 225594 21383 14560 6823 11928 2632
is_linear=0
shrinkage=0.05


Tree=67
num_leaves=31
num_cat=0
split_feature=74 0 68 10 22 37 55 61 68 60 63 19 64 53 18 55 19 9 16 45 7 14 59 20 39 75 46 59 67 67
split_gain=97.8769 85.237 79.3962 80.6397 66.6455 68.489 142.842 212.828 108.835 96.8591 86.6363 75.3608 71.9274 119.088 105.129 154.529 85.229 173.029 71.8449 81.5554 65.131 59.8706 58.4917 158.062 63.4795 52.545 59.2955 51.1283 50.0869 49.1098
threshold=0.025029987096786502 0.077260646969079985 -0.039750961586832993 2.7661693096160893 0.95543387532234203 0.7517092525959016 1.0000000180025095e-35 -0.040527313947677605 0.16306236386299136 -0.097551476210355745 -0.0046353936195373526 -0.1531611084938049 0.25705593824386602 0.074175827205181136 -0.44391077756881708 1.0000000180025095e-35 -0.048806764185428612 0.1083231568336487 -0.38757792115211481 25.500000000000004 -0.1503559276461601 -0.024623697623610493 0.11644834652543069 -0.067361768335103975 0.049497818574309356 0.46012090146541601 2.5000000000000004 0.036791242659091956 0.23188174515962603 0.16758607327938083
decision_type=8 8 10 8 10 8 2 10 8 10 10 10 8 10 10 2 8 8 8 10 8 10 10 10 10 8 10 10 10 10
left_child=2 4 -1 21 5 12 9 -8 10 25 -9 -11 14 16 15 28 -14 -18 19 29 -19 -4 -20 -24 -25 -7 -27 -12 -2 -16
right_child=1 -3 3 -5 -6 6 7 8 -10 11 27 -13 13 -15 18 -17 17 20 22 -21 -22 -23 23 24 -26 26 -28 -29 -30 -31
leaf_value=0.00018571941237656621 -0.0018054251703911114 -0.00048201721715602878 -0.0015763001982671112 -0.0054714421612341918 0.00043145284390942729 0.0016699222815697906 -0.00958425175886643 0.00074190771016283249 -0.0030722585479883028 -0.001588403003575466 -0.0012924835746907831 -0.00026008250041206321 -0.00079800329036368691 0.0034384331496374178 0.003965130344650054 0.00064842593928157906 0.00086788058780834553 0.0030987462973012824 -1.6941550933923922e-05 0.00011304551987845468 8.9688262242960257e-05 0.00078497301709682548 -0.00015270657067254883 0.0017805700842373887 0.00068051054176609428 0.0037881301353336742 -0.00018836221165107402 0.00028159811816633304 -0.0035523538602664807 0.00014039389734378911
leaf_weight=2528 615 24237 2353 954 12887 894 667 968 1270 1649 903 9817 799 905 2045 792 2108 688 199796 4749 15095 1037 4487 1247 1358 2078 4336 642 676 820
leaf_count=2528 615 24237 2353 954 12887 894 667 968 1270 1649 903 9817 799 905 2045 792 2108 688 199796 4749 15095 1037 4487 1247 1358 2078 4336 642 676 820
internal_value=-0.000164464 -2.76524e-05 -0.00605929 -0.0101516 0.000225302 5.08839e-05 -0.00253938 -0.010583 -0.00594516 -0.000628194 9.90884e-05 -0.00349425 0.000305686 0.00320581 4.31681e-05 -0.0111085 0.00234225 0.00305849 0.000151973 0.00491868 0.00125689 -0.0065 -2.36832e-05 0.00443537 0.0142065 0.00386718 0.00227273 -0.00723473 -0.0217141 0.0115652
internal_weight=303400 296528 6872 4344 272291 259404 23224 4450 3783 18774 2513 11466 236180 19595 216585 2083 18690 17891 214502 7614 15783 3390 206888 7092 2605 7308 6414 1545 1291 2865
internal_count=303400 296528 6872 4344 272291 259404 23224 4450 3783 18774 2513 11466 236180 19595 216585 2083 18690 17891 214502 7614 15783 3390 206888 7092 2605 7308 6414 1545 1291 2865
is_linear=0
shrinkage=0.05


Tree=68
num_leaves=31
num_cat=0
split_feature=39 65 54 75 67 64 33 27 41 30 33 54 66 42 66 70 69 20 54 64 64 67 58 64 66 45 33 66 59 65
split_gain=89.3853 110.014 96.3158 111.415 92.0607 134.574 137.365 80.7868 79.2973 112.096 106.139 149.249 194.966 95.9175 95.0957 81.4986 110.815 161.331 146.616 132.775 123.14 163.901 138.376 101.383 96.5216 85.3405 85.2437 84.0758 111.864 83.7067
threshold=0.11552156880497934 0.10496115684509279 8.1604328155517596 0.25120261311531072 0.43428435921669012 0.039486408233642585 1.9192672967910769 1.7154453396797182 0.14067939668893817 0.36598187685012823 2.3153638839721684 7.0690448284149179 -0.12563372775912282 0.072800766676664366 -0.18374802917242047 -0.058549946174025529 0.022071841172873977 -0.065847281366586671 4.1272149085998544 -0.051977246999740594 -0.1974227428436279 0.26121567189693456 0.70653614401817333 -0.069045156240463243 -0.12041218206286429 24.500000000000004 0.27882158756256109 -0.016393478959798809 -0.057171028107404702 0.15324246883392337
decision_type=8 8 2 10 10 10 10 8 10 10 10 2 10 10 10 8 10 10 2 8 8 8 2 8 10 10 8 10 10 8
left_child=8 7 4 -4 5 -3 -7 -2 10 -10 15 12 -12 14 -13 16 18 27 19 -1 -20 22 24 -23 -22 -25 -19 28 -18 -17
right_child=1 2 3 -5 -6 6 -8 -9 9 -11 11 13 -14 -15 -16 29 17 26 20 -21 21 23 -24 25 -26 -27 -28 -29 -30 -31
leaf_value=-0.00013896984381398561 -0.0010468749475365028 -0.00024711131835726768 -0.0046523891140972029 0.00053545250081292147 -0.0028705330945652044 -0.00023362062591550251 0.0063869212221126966 -0.005923444828402926 -0.0011893170553124114 0.001215644734131051 -0.00092219918479784539 0.0005311587054729884 0.0020465958405758342 -0.0024427803124028587 -0.0018529991666279633 2.230404135209821e-05 0.001293489117670346 0.0015434799063336392 0.0018933289393153127 0.0013296853264114891 -0.00082595180387493516 0.0018416467427542181 -0.0032223613879554754 0.00016391516392634046 0.00072390878926990941 -0.00080573147135146964 0.00066553941586074074 0.0014854052873587995 -8.967667389699047e-05 -0.00027184132695258804
leaf_weight=7730 8483 14382 622 516 1132 1551 1968 1252 1612 9662 8104 1177 3658 2173 650 149249 4392 1945 978 9378 6847 803 1437 6873 1593 1482 1377 893 10633 40887
leaf_count=7730 8483 14382 622 516 1132 1551 1968 1252 1612 9662 8104 1177 3658 2173 650 149249 4392 1945 978 9378 6847 803 1437 6873 1593 1482 1377 893 10633 40887
internal_value=-0.000169551 -0.00276441 -0.000656558 -0.0147213 0.000191671 0.00106918 0.00981865 -0.00712673 0.000114242 0.00421836 -6.23406e-05 -0.0040388 -0.00119776 -0.0123691 -0.00389222 0.000192084 0.00186177 0.00494026 0.000265277 0.00366281 -0.00263946 -0.00353111 -0.00799535 0.00128709 -0.00553846 -0.00035266 0.014946 0.00284405 0.00195211 -0.000302925
internal_weight=303439 29906 20171 1138 19033 17901 3519 9735 273533 11274 262259 15762 11762 4000 1827 246497 56361 19240 37121 17108 20013 19035 9877 9158 8440 8355 3322 15918 15025 190136
internal_count=303439 29906 20171 1138 19033 17901 3519 9735 273533 11274 262259 15762 11762 4000 1827 246497 56361 19240 37121 17108 20013 19035 9877 9158 8440 8355 3322 15918 15025 190136
is_linear=0
shrinkage=0.05


Tree=69
num_leaves=31
num_cat=0
split_feature=39 65 41 54 40 67 66 54 43 71 18 54 67 63 54 48 23 66 54 8 41 69 69 73 64 66 64 67 69 31
split_gain=94.783 112.375 92.2092 90.6931 84.4348 81.9365 116.471 140.787 79.2773 73.78 63.3233 55.4066 69.7408 63.8399 55.3207 52.48 52.0221 118.779 175.57 178.852 102.785 147.061 123.472 95.0976 114.491 95.0975 83.0426 83.7803 82.7516 74.3366
threshold=0.11552156880497934 0.10496115684509279 0.29077659547328955 8.6812872886657733 0.14222022891044619 0.43712089955806738 -0.010510313324630259 3.7729907035827641 1.953701972961426 -0.23975710570812223 0.58876311779022228 0.84371772408485424 0.30758725106716162 -0.26936456561088556 3.3373696804046635 0.077101949602365508 -0.041786229237914078 -0.14356330037117002 7.0335946083068857 -0.0026295263087376948 0.025327835232019428 0.009492550045251848 0.017325930297374729 0.46974857151508337 -0.033014029264450066 -0.07424647361040114 -0.14856553077697751 0.031841583549976356 0.017267272807657722 0.36639727652072912
decision_type=8 8 10 2 8 10 10 2 10 10 10 2 8 8 2 2 10 10 2 8 10 10 10 8 8 10 8 8 10 10
left_child=2 4 11 5 14 6 8 -8 10 -10 15 12 -1 -13 -2 -3 -15 23 20 -20 21 -19 -22 24 -18 -21 29 -28 -27 -25
right_child=1 3 -4 -5 -6 -7 7 -9 9 -11 -12 13 -14 16 -16 -17 17 18 19 25 22 -23 -24 26 -26 28 27 -29 -30 -31
leaf_value=0.00054283808864909861 -0.0017380535556894301 0.0004106437613465214 0.0076230308341115761 -0.003203208387652218 -0.0030846884057480249 -0.0030722260774247363 0.016265469984490712 -0.0019866407835535181 0.0045587944969605913 0.00013467561507026355 0.0031572184842050877 -0.0047112037688391388 0.01341933360437691 -3.683141817231546e-05 -5.6526874020407261e-06 -0.0010206513212832973 0.00094430886599952159 -0.0022962645683363911 0.00014702242578215282 2.8108862332758799e-06 0.0021767780360828458 7.8181688150007547e-06 -0.00043648880838395137 -0.00067492232192704383 0.00036387722317972478 -0.0035592520807690787 0.00069549504718569716 0.00018658916459588989 -0.00079300038156517874 0.00023506776915446605
leaf_weight=2669 2654 4836 527 683 3347 913 877 530 656 1047 1238 559 519 215214 3807 9511 2270 1270 1668 576 5555 3753 3360 2462 4419 1540 1775 22111 701 2076
leaf_count=2669 2654 4836 527 683 3347 913 877 530 656 1047 1238 559 519 215214 3807 9511 2270 1270 1668 576 5555 3753 3360 2462 4419 1540 1775 22111 701 2076
internal_value=-0.000228777 -0.00289116 6.48271e-05 -0.000765972 -0.00728254 -0.000137629 0.000580059 0.0143613 -0.000549196 0.00966141 -0.00167041 2.40361e-05 0.0065666 -5.36538e-05 -0.00393293 -0.00260848 -1.82319e-05 0.00137639 -0.00187436 -0.0104672 0.000896186 -0.0048182 0.00411765 0.00308203 0.00844156 -0.0181288 0.00181825 0.00299632 -0.0227677 -0.00437555
internal_weight=303123 30099 273024 20291 9808 19608 18695 1407 17288 1703 15585 272497 3188 269309 6461 14347 268750 53536 18423 4485 13938 5023 8915 35113 6689 2817 28424 23886 2241 4538
internal_count=303123 30099 273024 20291 9808 19608 18695 1407 17288 1703 15585 272497 3188 269309 6461 14347 268750 53536 18423 4485 13938 5023 8915 35113 6689 2817 28424 23886 2241 4538
is_linear=0
shrinkage=0.05


Tree=70
num_leaves=31
num_cat=0
split_feature=48 62 55 17 54 68 60 19 10 59 26 20 55 18 39 19 54 21 16 11 18 71 55 69 46 54 45 54 65 69
split_gain=75.5683 118.185 131.722 69.2685 62.7234 190.958 131.462 81.2159 80.3738 77.4773 142.626 81.908 101.463 92.2176 84.6667 51.8262 51.6366 56.0033 49.1318 147.791 119.936 116.082 113.679 217.923 136.655 87.7774 79.319 121.952 256.007 346.098
threshold=0.19863881170749667 -0.10255140066146849 1.0000000180025095e-35 -0.064313191920518861 1.7741041183471682 0.091217182576656355 -0.30476647615432734 0.34890191256999975 0.63410609960556041 -0.19344343990087506 -0.35282406210899347 -0.36474026739597315 1.0000000180025095e-35 -0.12099370732903479 0.011940740980207922 -0.44643607735633845 7.3266301155090341 0.097106352448463454 -0.26803843677043909 -0.42856903374195093 -0.20553256571292874 -0.11278241872787474 1.0000000180025095e-35 0.015152627602219583 21.500000000000004 8.7652239799499529 27.500000000000004 7.0690448284149179 0.061795532703399665 0.017325930297374729
decision_type=2 10 2 10 2 8 8 8 8 10 10 8 2 10 10 10 2 10 8 8 8 10 2 10 10 2 10 2 10 10
left_child=4 2 -2 -3 5 6 -1 8 15 10 11 -6 13 16 -14 -8 17 -13 21 -20 25 22 24 -24 -11 -21 27 -22 -29 -30
right_child=1 3 -4 -5 9 -7 7 -9 -10 18 -12 12 14 -15 -16 -17 -18 -19 19 20 26 -23 23 -25 -26 -27 -28 28 29 -31
leaf_value=-0.0023942771320287579 -2.9264866485398392e-06 -0.0019321101420716241 0.0074807085400273796 -0.00073783315295486538 0.0015273262274323783 0.0054412224181870352 -0.0013759012114598743 0.0020775470798720685 -0.0018288160022405589 -0.00049122131884592494 -0.0037569284934552425 0.0031487354148205145 -0.008659186981083233 -0.0034083031330454858 -0.0013422736337365259 0.00036405893841766731 -0.0046082715054741692 -0.0010474570070784506 -0.0005045473901685246 -0.00080094672297931376 6.2560978286798315e-05 0.00065611584837154508 -0.00095798377805145815 0.0032126263716012087 0.0025713191477315326 0.0023506088665331774 0.00016855429383995368 3.6883949967002515e-05 -0.0018954087986566921 -9.0038415706079905e-05
leaf_weight=1004 3983 3969 686 8699 1709 2203 522 2304 1541 13328 1045 2212 640 872 568 17313 524 1571 10383 8752 123017 11496 1016 1397 1224 502 44563 22455 5441 7299
leaf_count=1004 3983 3969 686 8699 1709 2203 522 2304 1541 13328 1045 2212 640 872 568 17313 524 1571 10383 8752 123017 11496 1016 1397 1224 502 44563 22455 5441 7299
internal_value=-9.62786e-05 -0.00330028 0.00349434 -0.00580533 9.88028e-05 0.00249628 0.00112805 0.00195021 0.000892397 -0.000130757 -0.00464977 -0.00239329 -0.00499453 -0.00193679 -0.0179803 0.00184085 0.00107714 0.00312418 3.40796e-05 -0.000216256 6.90911e-05 0.00198974 -0.000639175 0.00938919 -0.00230738 -0.00549439 0.000323249 -0.000201615 -0.00279648 -0.0084549
internal_weight=302238 17337 4669 12668 284901 24887 22684 21680 19376 260014 9141 8096 6387 5179 1208 17835 4307 3783 250873 222412 212029 28461 16965 2413 14552 9254 202775 158212 35195 12740
internal_count=302238 17337 4669 12668 284901 24887 22684 21680 19376 260014 9141 8096 6387 5179 1208 17835 4307 3783 250873 222412 212029 28461 16965 2413 14552 9254 202775 158212 35195 12740
is_linear=0
shrinkage=0.05


Tree=71
num_leaves=31
num_cat=0
split_feature=48 63 54 11 74 41 18 54 33 58 67 60 73 65 55 58 18 18 65 54 68 54 19 58 60 67 42 37 19 55
split_gain=79.2217 87.7381 146.646 66.045 68.8435 74.3306 111.398 85.1099 260.676 200.259 144.391 130.597 165.802 115.476 101.046 217.904 138.095 95.2949 88.1355 108.864 77.6444 187.491 151.025 271.825 190.857 149.139 128.7 119.266 109.848 109.323
threshold=0.22926009446382525 -0.18763202428817746 4.2768049240112314 -0.77870699763298024 0.025029987096786502 0.17003232240676883 -0.37884296476840967 8.4078235626220721 0.43649782240390783 0.74451306462287914 0.15791502594947818 0.070128150284290328 0.93901610374450695 0.058614075183868415 1.0000000180025095e-35 0.74451306462287914 -0.047282850369811051 -0.15878347307443616 -0.077818274497985826 9.1471605300903338 -0.0048766708932816974 3.6890044212341313 0.026686299592256549 0.74451306462287914 0.074655961245298399 0.16518618911504748 0.035802157595753677 0.76770567893981945 -0.26276449859142298 1.5000000000000002
decision_type=2 8 2 8 8 10 8 2 8 2 8 8 8 10 2 2 10 10 10 2 8 2 10 2 10 8 10 8 8 2
left_child=3 2 -2 -1 -5 6 -6 20 9 10 17 13 14 -10 16 -16 -13 -9 19 -19 28 22 25 24 -24 -22 -27 -23 -8 -29
right_child=1 -3 -4 4 5 -7 7 8 11 -11 -12 12 -14 -15 15 -17 -18 18 -20 -21 21 27 23 -25 -26 26 -28 29 -30 -31
leaf_value=0.003098309270338983 -0.0023529761968044145 -0.0014670077331778249 0.0029887620447221898 -0.00098034184978894648 -0.0017194064880080282 0.00096679897972374229 0.00068809901467733916 0.0016163992034577885 -0.0007659403252121337 -0.0015803057826734746 0.00080089737991480357 0.0031684110974659566 -0.0047659957221363597 -0.0020871430458894733 0.00066090988001395461 -0.0058053397201319971 -0.00053880420213301154 -0.00062554194311206324 -0.00071440592081060104 0.00040375006872696816 -0.001020184437674638 9.6926615535101147e-05 0.0021061505494746474 0.010734832193812278 -0.00088787306983240393 0.0016832490954377839 0.00012471362011178821 -0.00040341271551973718 -7.2959749978145089e-05 -0.0020448605072332878
leaf_weight=913 1622 9225 1964 5783 1618 7922 8117 813 3754 800 3361 980 830 1679 1361 587 565 1247 1658 1991 3297 51536 6362 2549 2967 7276 14407 15378 141061 1277
leaf_count=913 1622 9225 1964 5783 1618 7922 8117 813 3754 800 3361 980 830 1679 1361 587 565 1247 1658 1991 3297 51536 6362 2549 2967 7276 14407 15378 141061 1277
internal_value=-0.000143277 -0.00398955 0.00264182 2.6715e-05 -1.59067e-05 9.43886e-05 -4.30157e-05 3.45063e-05 -0.0031371 0.00259109 0.00471366 -0.00892894 -0.0024348 -0.0140823 0.00235512 -0.0052094 0.011865 -0.000131142 -0.00277212 0.00203202 0.000279464 0.00132069 0.00419334 0.00883244 0.00486669 0.00198479 0.00349191 -0.000232401 -0.00045379 -0.00390939
internal_weight=302900 12811 3586 290089 289176 283393 275471 273853 19626 9870 9070 9756 4323 5433 3493 1948 1545 5709 4896 3238 254227 105049 36858 11878 9329 24980 21683 68191 149178 16655
internal_count=302900 12811 3586 290089 289176 283393 275471 273853 19626 9870 9070 9756 4323 5433 3493 1948 1545 5709 4896 3238 254227 105049 36858 11878 9329 24980 21683 68191 149178 16655
is_linear=0
shrinkage=0.05


Tree=72
num_leaves=31
num_cat=0
split_feature=13 54 68 38 16 58 74 41 55 54 75 58 64 69 74 11 32 10 26 62 69 54 58 71 41 69 55 8 68 64
split_gain=72.4956 57.8475 149.37 82.3841 76.1944 88.2174 73.6138 82.8766 184.804 135.951 106.111 179.529 100.288 95.1407 86.0505 69.796 92.2322 91.1861 65.1629 112.828 92.121 95.621 345.564 241.963 199.6 249.779 179.791 168.447 151.04 158.292
threshold=0.70117357373237621 1.6667625308036806 0.091217182576656355 1.5926524400711062 -0.43325495719909662 0.42450639605522161 0.02068808022886515 0.1353508606553078 1.5000000000000002 2.4977405071258549 0.92802298069000255 0.69366195797920238 -0.024672806262969967 0.010136223398149015 0.99337172508239757 -0.41959793865680689 -0.90988892316818226 1.3077418208122256 -0.28124676644802088 -0.15639650821685788 0.032483408227562911 6.9941577911376962 0.74451306462287914 -0.15489420294761655 0.062447449192404754 0.010136223398149015 1.0000000180025095e-35 -0.14046184718608853 0.048545239493250854 -0.021728426218032833
decision_type=10 2 8 8 8 2 8 10 2 2 10 2 10 10 8 8 10 8 8 10 10 2 2 10 10 10 2 10 10 10
left_child=1 2 15 4 5 -3 -6 10 9 12 18 13 -9 -12 -11 -1 -17 -18 -8 -20 21 -21 24 26 25 -23 27 -24 29 -27
right_child=-2 3 -4 -5 6 -7 7 8 -10 14 11 -13 -14 -15 -16 16 17 -19 19 20 -22 22 23 -25 -26 28 -28 -29 -30 -31
leaf_value=0.001124669973047193 -0.0037195593663689507 0.0016849114491628834 0.0049941009265964138 -0.0011570612096131667 -0.0015239925406161699 -0.0010148410147805126 -0.00023454808866814607 -0.003088636001204792 -0.0033149565293720124 0.0015251377046881878 0.0037204652082564352 0.0088287498887888814 0.0029912903137460402 -0.0017143046600756242 -0.0018368133452662857 0.0015882091934358779 -4.7031295667288793e-05 -0.0018815154594684818 -0.0017910735746316669 6.5792565175368809e-05 0.00035687286674791774 -0.00087932425613739234 0.0035869481352200725 -0.0030901668465036676 -0.0013381961660187639 0.00023305788874739849 -0.0032687800665658871 -0.00059091723289510516 0.00090234501422318625 -0.00026051520442561902
leaf_weight=3179 1192 4659 2459 10576 2742 1082 51761 1263 583 11692 575 678 738 7050 904 2824 13488 1914 1940 124999 15166 4071 741 2224 3569 16404 1015 695 3444 9593
leaf_count=3179 1192 4659 2459 10576 2742 1082 51761 1263 583 11692 575 678 738 7050 904 2824 13488 1914 1940 124999 15166 4071 741 2224 3569 16404 1015 695 3444 9593
internal_value=-0.000224252 -0.000175475 0.00218648 -0.000378181 -0.000207027 0.005486 -0.000332051 -0.000245644 0.00333772 0.0044465 -0.000468772 -0.00602069 -0.00763302 -0.00821873 0.00636998 0.000842867 -0.000350954 -0.00187516 -0.000272883 0.000168325 0.000296541 -4.28747e-05 -0.00211416 -0.0149093 -0.000497425 0.000701032 -0.00404307 0.00733057 0.00230722 0.00100165
internal_weight=303220 302028 23864 278164 267588 5741 261847 259105 15180 14597 243925 8303 2001 7625 12596 21405 18226 15402 235622 183861 181921 166755 41756 4675 37081 33512 2451 1436 29441 25997
internal_count=303220 302028 23864 278164 267588 5741 261847 259105 15180 14597 243925 8303 2001 7625 12596 21405 18226 15402 235622 183861 181921 166755 41756 4675 37081 33512 2451 1436 29441 25997
is_linear=0
shrinkage=0.05


Tree=73
num_leaves=31
num_cat=0
split_feature=13 50 59 67 16 69 8 46 69 33 55 69 19 67 28 58 70 13 32 19 8 46 7 41 48 31 46 46 9 55
split_gain=74.4393 56.3931 83.229 59.0022 105.777 92.8927 83.4066 106.741 91.1889 113.323 101.256 368.775 247.06 179.93 171.445 120.186 108.143 107.14 97.9502 108.154 94.2492 84.325 83.8221 82.7247 81.8542 74.0924 79.6452 65.1825 86.6553 80.6926
threshold=0.70117357373237621 0.017916798591613773 -0.0090036150068044645 0.15399915724992755 -0.3791432380676269 0.01233551185578108 -0.28447425365447992 20.500000000000004 0.033450027927756316 0.26949299871921545 1.0000000180025095e-35 0.015256227459758522 0.049290474504232414 0.28388369083404547 0.49666944146156317 0.55712050199508678 -0.03003770392388105 0.0071256239898502835 -0.37601481378078455 -0.058896429836750024 -0.12359315901994704 12.500000000000002 0.072385497391223921 0.21903185546398166 0.0060318047180771836 0.21943140029907229 22.500000000000004 15.500000000000002 -0.29243943095207209 1.0000000180025095e-35
decision_type=10 2 8 8 8 10 8 10 10 8 2 10 8 10 10 2 10 10 10 10 10 8 10 10 2 10 10 10 10 2
left_child=1 3 -3 4 5 -1 7 -5 10 -10 18 13 15 16 17 -13 -12 -14 21 -20 -15 24 -17 -23 -8 -18 -27 29 -29 -6
right_child=-2 2 -4 6 27 -7 8 -9 9 -11 11 12 14 20 -16 22 25 -19 19 -21 -22 23 -24 -25 -26 26 -28 28 -30 -31
leaf_value=-0.0019870342039777877 -0.0036618509261718505 2.9509771522181345e-05 -0.00050631925654436602 -0.00063508331919942475 -0.00012380566837842216 0.0013069469492176036 0.0016433092309826717 0.0011124161710138398 0.0012330395166323519 0.00042257377407390381 -0.0032968793658851776 0.0001754169467251667 -0.0006010616563630639 -0.0013790342376622437 -0.0035980115231617569 0.0009498543244242097 0.00048070181258096046 0.0074108264321876508 -0.00052527922546873995 0.0001020844661294363 9.8034522714768486e-05 0.00086845771316010161 -0.00017198018879480625 -0.0035862506575682906 -0.00012835513434158842 -0.0013665125556356532 -0.00056185824554093897 -0.0021119080281369663 -0.00024421296277863589 0.0001654668804485308
leaf_weight=532 1184 31925 29165 10012 53822 5395 2113 2307 1803 9441 2304 5208 2391 603 1218 2487 514 502 5947 40563 2914 26185 521 578 14100 849 1048 2216 29179 15937
leaf_count=532 1184 31925 29165 10012 53822 5395 2113 2307 1803 9441 2304 5208 2391 603 1218 2487 514 502 5947 40563 2914 26185 521 578 14100 849 1048 2216 29179 15937
internal_value=-0.000270486 -0.000221181 -0.00157774 0.000123183 -0.00075123 0.00573522 0.000823991 -0.00309433 0.00122219 0.00550915 0.000783699 -0.00237979 0.00309232 -0.0105678 -0.00690366 0.00809628 -0.0169418 -0.000258353 0.00151068 -7.95357e-05 -0.00199887 0.00323128 0.0160371 0.00495462 0.000385256 -0.00947955 -0.0140273 -0.00113183 -0.0030234 -0.00028021
internal_weight=302963 301779 61090 240689 107081 5927 133608 12319 121289 11244 110045 20559 12327 8232 4111 8216 4715 2893 89486 46510 3517 42976 3008 26763 16213 2411 1897 101154 31395 69759
internal_count=302963 301779 61090 240689 107081 5927 133608 12319 121289 11244 110045 20559 12327 8232 4111 8216 4715 2893 89486 46510 3517 42976 3008 26763 16213 2411 1897 101154 31395 69759
is_linear=0
shrinkage=0.05


Tree=74
num_leaves=31
num_cat=0
split_feature=39 65 65 38 75 33 43 54 66 41 50 67 54 65 18 67 73 54 60 30 66 54 18 33 19 67 59 14 75 17
split_gain=86.1828 93.4773 87.6012 82.8022 66.7103 67.7823 88.414 66.6491 115.548 59.2632 60.5418 107.241 141.864 84.1585 86.635 110.252 94.5942 100.179 100.119 82.4749 110.057 96.4032 131.979 79.721 77.272 76.883 73.712 107.228 70.6362 70.2817
threshold=0.11308941990137102 0.11591053009033205 0.20940178632736209 0.62326589226722728 0.15521558374166491 3.2147355079650883 1.4796725511550906 4.2486379146575937 -0.10688271000981329 0.29077659547328955 0.0010189376771450045 0.25350864231586462 3.673892736434937 -0.23058083653450009 -0.086865894496440874 0.18671448528766635 0.56499972939491283 6.3768801689147958 -0.12002927809953688 0.55868032574653637 -0.27802273631095881 6.8560881614685067 0.044595746323466308 1.0435770153999331 -0.22529061138629911 0.12747262418270114 -0.19344343990087506 -0.20067720115184781 0.34363523125648504 -0.032104287296533578
decision_type=8 8 8 8 8 8 10 2 10 10 2 8 2 8 10 10 10 2 10 10 10 2 10 10 8 10 10 8 10 10
left_child=9 3 7 -2 -4 -6 -7 8 -3 10 11 26 -13 14 -12 16 17 -16 -19 -15 23 25 24 -21 -23 -22 27 -1 -17 -14
right_child=1 2 4 -5 5 6 -8 -9 -10 -11 13 12 29 19 15 28 -18 18 -20 20 21 22 -24 -25 -26 -27 -28 -29 -30 -31
leaf_value=0.00058522425975545583 -4.0732897609893717e-05 0.00040168385472395753 -0.0024465048462617087 -0.0020523450234977039 -0.0019576135807713455 -0.00060360273701335905 0.001184888995808514 -0.0017496764090836625 0.020331089884486175 0.0075425612749066874 0.00041633271918632014 0.0012386037059798599 -0.00022216087293130423 -0.0002266131450965027 -0.0003076077849691087 0.0016544662495455002 0.00011433529034975896 0.00014386235016941012 -0.0016996882416033766 -0.00015523454769456326 0.0027734368939487022 -0.0011377353957287839 -0.0014157653982552845 -0.002537258547690293 0.00051671835267454429 0.00023306471350946083 3.8692781957536537e-06 -0.0053992318536920892 0.00031137677434796166 0.00027184746220712324
leaf_weight=745 3617 921 576 6869 2294 10583 4988 543 739 518 17924 15464 11076 66583 3880 515 5422 505 1470 1249 2466 553 3414 1189 3198 24368 92250 684 980 17546
leaf_count=745 3617 921 576 6869 2294 10583 4988 543 739 518 17924 15464 11076 66583 3880 515 5422 505 1470 1249 2466 553 3414 1189 3198 24368 92250 684 980 17546
internal_value=-0.000164116 -0.00265575 -0.000702043 -0.00649771 -0.00182917 -0.00128392 -9.94801e-05 0.0086986 0.0136527 0.000121136 8.85849e-05 0.00082417 0.0028574 -0.000669279 0.00162835 -0.00151776 -0.00321166 -0.00761296 -0.0167506 -0.00135397 0.000558345 0.00129525 -0.00385366 -0.00968137 0.00261898 0.00267099 -0.000132886 -0.0113621 0.011196 0.000771864
internal_weight=303129 31130 20644 10486 18441 17865 15571 2203 1660 271999 271481 137765 44086 133716 30696 12772 11277 5855 1975 103020 36437 33999 7165 2438 3751 26834 93679 1429 1495 28622
internal_count=303129 31130 20644 10486 18441 17865 15571 2203 1660 271999 271481 137765 44086 133716 30696 12772 11277 5855 1975 103020 36437 33999 7165 2438 3751 26834 93679 1429 1495 28622
is_linear=0
shrinkage=0.05


Tree=75
num_leaves=31
num_cat=0
split_feature=74 58 10 69 54 37 55 54 59 66 71 70 69 55 66 16 55 65 7 28 72 69 33 58 54 54 33 59 10 66
split_gain=63.5478 107.12 127.684 97.9454 75.0229 73.805 172.904 90.7903 118.24 73.1952 58.3684 53.3343 92.2398 230.245 185.536 195.087 168.616 166.642 150.022 112.4 112.312 99.6587 81.0174 74.8112 86.3301 74.1169 67.7001 64.6104 64.5101 67.3034
threshold=0.025029987096786502 0.31025040149688726 1.9319123625755312 0.011557383462786676 0.84371772408485424 1.1683737039566042 1.5000000000000002 3.0447604656219487 0.02996277250349522 -0.18635211884975431 -0.14449764043092725 -0.058549946174025529 0.019805978983640674 1.0000000180025095e-35 -0.27325443923473353 -0.052983283996582024 1.0000000180025095e-35 0.08141189813613893 0.055891487747430808 0.36430095136165624 0.06573155522346498 0.011795486789196731 0.21461787074804309 0.0774647891521454 3.7991901636123662 3.6890044212341313 2.4447788000106816 -0.025068439543247219 -1.0000000180025095e-35 -0.0080204543191939575
decision_type=8 2 8 10 2 8 2 2 8 8 10 10 10 2 8 10 2 10 8 10 8 10 10 2 2 2 10 10 10 10
left_child=1 -1 3 -3 9 11 7 8 -7 -2 -5 12 13 14 15 21 20 19 22 27 -14 -6 -18 25 -25 -23 28 -15 29 -16
right_child=4 2 -4 10 5 6 -8 -9 -10 -11 -12 -13 16 17 26 -17 18 -19 -20 -21 -22 23 -24 24 -26 -27 -28 -29 -30 -31
leaf_value=0.0003924019390043122 0.00039965455641936321 0.002831093716494381 -0.0067287249165464665 -0.002189018229370746 -0.0013335121653575343 -0.0015600835273077045 -0.0055519412389669343 -0.00076264823758641223 0.0026273487924255001 0.0081464279613749826 -9.1205151580755575e-05 -3.031143988869126e-05 -0.0014061106212672179 -0.0010217642247578335 0.00055860506955892155 -0.0021064443813456914 0.0016485917367999197 -0.0027274606793945885 -0.00026185281744824438 -0.0015937399524706812 0.00033217010998597526 -0.00012256664324219858 0.0003136609256469289 0.00049844241828798594 -0.00083920356870843121 0.0028893309601727849 -0.00079801378446961446 0.00053943467877058953 0.0018590253197631496 -0.0016223558458250673
leaf_weight=2756 2506 836 810 1531 1550 1381 888 12612 3175 1129 918 209294 2197 969 7885 1671 2863 1455 1383 1336 24117 775 1063 3751 3147 968 1415 2055 6077 630
leaf_count=2756 2506 836 810 1531 1550 1381 888 12612 3175 1129 918 209294 2197 969 7885 1671 2863 1455 1383 1336 24117 775 1063 3751 3147 968 1415 2055 6077 630
internal_value=-0.000147285 -0.00490453 -0.0100244 -0.00559939 -3.71243e-05 -0.000125911 -0.00322152 -0.00210153 0.00394218 0.00709191 -0.0106344 7.77463e-05 0.00132508 -0.000495637 0.00139352 -0.003344 0.003264 -0.00953648 0.0113837 -0.00462243 0.00162209 -0.000740124 0.0163618 0.00135822 -0.000984366 0.0105819 0.00490416 0.000725115 0.005917 0.00310264
internal_weight=303143 6851 4095 3285 296292 292657 18056 17168 4556 3635 2449 274601 65307 33684 27869 11862 31623 5815 5309 4360 26314 10191 3926 8641 6898 1743 16007 3024 14592 8515
internal_count=303143 6851 4095 3285 296292 292657 18056 17168 4556 3635 2449 274601 65307 33684 27869 11862 31623 5815 5309 4360 26314 10191 3926 8641 6898 1743 16007 3024 14592 8515
is_linear=0
shrinkage=0.05


Tree=76
num_leaves=31
num_cat=0
split_feature=2 18 72 36 67 59 33 55 58 41 6 61 33 6 13 65 65 70 58 20 60 65 55 59 58 26 64 68 64 8
split_gain=68.0557 97.853 72.0362 126.058 85.0471 69.0806 67.7691 72.3999 69.076 60.076 59.497 72.0136 70.6707 99.1155 65.1858 64.2217 72.8216 57.7447 95.4125 135.752 114.215 87.8752 238.414 99.3793 181.221 95.5242 111.571 90.1453 177.699 109.422
threshold=0.026570590212941173 -0.25819423794746393 0.78568449616432201 45.475376129150398 0.30259124934673315 -0.011225768364965914 0.27408523857593542 1.0000000180025095e-35 0.70653614401817333 0.11176951974630357 -0.14359682798385617 -0.064984470605850206 0.63876533508300792 0.097483776509761824 0.30332559347152716 -0.2383615970611572 -0.10124921798706053 -0.057360764592885964 0.88253614306449901 -0.065847281366586671 0.1771495193243027 0.0020232200622558598 1.0000000180025095e-35 -0.089714664965867982 0.048904540017247207 -0.1304264813661575 -0.053029716014862054 -0.041908014565706246 -0.024672806262969967 -0.12992728501558301
decision_type=8 8 10 2 10 10 10 2 2 10 8 8 8 10 8 8 10 8 2 10 8 8 2 10 2 10 10 10 10 10
left_child=2 5 17 9 6 -2 -5 8 -8 -4 -3 -12 13 -13 -14 -15 -17 18 19 -1 -20 22 25 24 -24 26 -19 29 -29 -25
right_child=1 10 3 4 -6 -7 7 -9 -10 -11 11 12 14 15 -16 16 -18 21 20 -21 -22 -23 23 27 -26 -27 -28 28 -30 -31
leaf_value=0.00018544815784474349 3.2257631075510655e-05 -0.00067157608203825955 -0.00077740233259216416 0.00044398266650790452 0.0016578841399882149 -0.0015929101658858991 -0.00034616330192333136 -0.001499408317703312 0.0088875311628450176 0.00017902412802949034 -0.0030740266089669664 -3.3699560299538161e-05 0.00032358911611984659 0.00010943518187052221 -0.00060430826231420726 -0.0016446776176445522 -0.00081698546278968082 -0.00030200443367343194 -0.0028338675541376198 0.00090182160282249377 0.00010693300472010612 -0.00011936990213717008 -0.00020042206316476553 0.00053113438356194311 0.0026768114049378518 0.00031035822758128178 0.00039703975913581852 0.00070494927370130843 -0.00012866372108479626 -0.00015497419015459872
leaf_weight=45934 1924 7382 8920 3202 3610 4056 13672 1537 530 2425 1053 19554 32798 1785 11728 1809 4092 27677 1140 6456 1776 66831 753 3098 1145 10503 7529 4235 1923 4063
leaf_count=45934 1924 7382 8920 3202 3610 4056 13672 1537 530 2425 1053 19554 32798 1785 11728 1809 4092 27677 1140 6456 1776 66831 753 3098 1145 10503 7529 4235 1923 4063
internal_value=-0.000192644 -0.00138123 0.000279533 -0.00183743 0.000325783 -0.00754591 -0.00101578 -0.00236523 -0.00124543 -0.00613386 -0.000920697 -0.000486757 -0.000295363 -0.00230092 0.00093183 -0.00710759 -0.00961766 0.00067159 0.00202112 0.00251145 -0.00676692 8.72682e-05 0.00146055 0.00687923 0.0175577 -0.000344496 -0.00159303 0.00534549 0.00977626 0.00152698
internal_weight=303140 86181 216959 33896 22551 5980 18941 15739 14202 11345 80201 72819 71766 27240 44526 7686 5901 183063 55306 52390 2916 127757 60926 15217 1898 45709 35206 13319 6158 7161
internal_count=303140 86181 216959 33896 22551 5980 18941 15739 14202 11345 80201 72819 71766 27240 44526 7686 5901 183063 55306 52390 2916 127757 60926 15217 1898 45709 35206 13319 6158 7161
is_linear=0
shrinkage=0.05


Tree=77
num_leaves=31
num_cat=0
split_feature=38 70 69 54 60 54 30 16 64 42 66 71 19 26 64 54 35 68 30 66 19 71 60 60 10 45 54 69 54 63
split_gain=68.0629 62.527 80.7266 185.207 138.995 123.028 106.812 106.471 106.173 98.9355 98.1443 92.7125 96.9078 86.2436 75.4969 72.6273 68.3281 69.4227 62.0644 119.654 115.598 119.16 107.959 89.7061 94.5732 94.0275 128.918 94.5989 108.831 130.534
threshold=1.9256732463836672 -0.067465785890817628 0.021068535745143894 4.0431389808654794 -0.050813425332307809 6.6561930179595956 0.21869850903749469 -0.13009783625602719 -0.1974227428436279 0.081439040601253523 -0.21078661084175107 -0.13730025291442868 -0.11170053482055663 -0.47374342381954188 0.33196699619293218 9.4403204917907733 32.00169754028321 -0.071532331407070146 0.9622684419155122 -0.29618301987648005 -0.24349965900182721 0.030908949673175815 -0.29520720243453974 0.057275155559182174 -0.68747311830520619 22.500000000000004 6.8560881614685067 0.01821933034807444 4.9869911670684823 0.12725162506103518
decision_type=10 8 8 2 8 2 8 8 8 10 10 10 8 8 8 2 2 10 10 10 8 8 8 10 10 10 2 10 2 10
left_child=1 2 3 4 7 11 16 -1 -5 15 -11 -4 -13 -8 -15 -10 17 -7 22 -20 -21 -22 -3 -24 -25 26 27 28 29 -26
right_child=-2 18 5 8 -6 6 13 -9 9 10 -12 12 -14 14 -16 -17 -18 -19 19 20 21 -23 23 24 25 -27 -28 -29 -30 -31
leaf_value=0.00016867120465298565 -0.0018367404165753666 -0.0010207481642958442 -0.00029497667141304643 0.001958001032250474 0.0014783360328821087 0.0046613574857149445 0.0035366540404810675 -0.0019592687987289767 -0.00010809874542253183 -0.0019091662664330569 -0.00032025650745942782 0.0014626013579778889 0.00032750582594507998 -0.00070971223494732292 0.0013906518612941275 -0.0012183764314173159 0.0017589621614786174 8.0299175230842164e-05 -0.00094918702510589511 -0.001432596135370333 0.00092474841807054864 0.00019648980194926017 -2.3742676595773932e-05 -0.0029034782533650036 -9.586479173730179e-06 0.00015828316105760012 -0.00083253472599467335 -0.00055942552360544698 -0.00095218660407948895 0.0065839274603443207
leaf_weight=5265 2295 4655 9620 915 9343 539 740 1468 11586 3197 2277 2305 9588 1462 791 776 1134 923 4958 1307 8055 27390 161584 806 3344 7770 4632 10459 2181 1876
leaf_count=5265 2295 4655 9620 915 9343 539 740 1468 11586 3197 2277 2305 9588 1462 791 776 1134 923 4958 1307 8055 27390 161584 806 3344 7770 4632 10459 2181 1876
internal_value=-0.00022605 -0.000160489 0.00125527 -0.000337285 0.0035994 0.00330112 0.00990355 -0.00187602 -0.00371249 -0.00456685 -0.0101568 0.00158203 0.00453247 0.00344655 -0.00143615 -0.00208535 0.0173062 0.0100543 -0.000527346 0.00122483 0.0022088 0.00274855 -0.000897794 -0.000715761 -0.00317588 -0.00272199 -0.00435961 -0.00242865 0.00189583 0.00581262
internal_weight=303241 300946 61929 34827 16076 27102 5589 6733 18751 17836 5474 21513 11893 2993 2253 12362 2596 1462 239017 41710 36752 35445 197307 192652 31068 30262 22492 17860 7401 5220
internal_count=303241 300946 61929 34827 16076 27102 5589 6733 18751 17836 5474 21513 11893 2993 2253 12362 2596 1462 239017 41710 36752 35445 197307 192652 31068 30262 22492 17860 7401 5220
is_linear=0
shrinkage=0.05


Tree=78
num_leaves=31
num_cat=0
split_feature=13 74 58 10 14 69 16 66 11 18 60 54 66 71 74 66 54 60 11 54 69 6 33 74 65 60 17 33 58 11
split_gain=56.5479 51.7292 70.9615 110.246 75.7909 57.5097 48.9399 113.438 159.045 110.796 105.575 162.212 100.472 95.3421 86.5447 148.135 159.929 188.082 122.173 83.1341 115.989 78.1097 79.3097 85.5332 77.9495 102.105 97.4628 76.555 80.7693 75.8503
threshold=0.70117357373237621 0.025029987096786502 0.31025040149688726 1.9319123625755312 -0.035597989335656159 0.011557383462786676 -0.28101962804794306 -0.35254344344139094 -0.13002062588930127 -0.23184262216091153 0.02340295817703009 4.1805987358093271 -0.12041218206286429 -0.1917193457484245 0.22850289195775988 -0.16108464449644086 4.1805987358093271 -0.038501882925629609 -0.46307235956192011 5.1299579143524179 0.012069122400134804 -0.14359682798385617 1.7984596490859988 0.86649835109710704 0.061795532703399665 0.24561627209186557 0.068111881613731398 3.0836247205734257 0.74451306462287914 -0.45762149989604944
decision_type=10 8 2 8 10 10 8 10 8 8 10 2 10 10 8 8 2 10 10 2 10 8 10 10 10 10 10 10 2 8
left_child=1 2 -1 4 5 -4 7 8 10 19 13 -12 -9 -3 15 -11 17 -17 -18 -8 -21 22 23 -16 26 -26 -19 28 -20 -23
right_child=-2 6 3 -5 -6 -7 9 12 -10 14 11 -13 -14 -15 21 16 18 24 27 20 -22 29 -24 -25 25 -27 -28 -29 -30 -31
leaf_value=0.00025475458524817788 -0.003561651301782009 -0.00034849070467655183 0.0015886463743289829 -0.0066025057504082718 0.001462823818295815 -0.0019789086519360843 -0.0012996036824717005 -0.00029688504351782366 -0.0008168659492575795 -7.7033574413594441e-05 0.0082929426353251842 -0.00056674615537005387 0.0040967382371727883 0.00098368021264144743 -0.00017490098317474916 -0.0029478814144956894 -0.001721294585772908 0.0025105797828092339 0.00077239277160896379 -0.0023257296531609332 0.00091204447220332168 -0.00049249258310583063 -0.0018567109373581394 -0.0019592617710610326 0.0065759367882020948 0.0017126295272042527 -0.0021965437717718877 -0.0024012844738350056 -0.00092272257636555235 1.6183094286080761e-05
leaf_weight=2789 1181 2796 536 758 1039 1670 4857 12454 2984 18289 1066 505 600 8680 22644 503 554 1722 4832 514 2106 6322 1950 974 3852 1574 571 691 1079 192553
leaf_count=2789 1181 2796 536 758 1039 1670 4857 12454 2984 18289 1066 505 600 8680 22644 503 554 1722 4832 514 2106 6322 1950 974 3852 1574 571 691 1079 192553
internal_value=-8.37587e-05 -4.07995e-05 -0.00435166 -0.00860952 -0.00456221 -0.00979242 5.87074e-05 0.0020055 0.00482202 -0.000154557 0.00720303 0.0193232 -0.00145438 0.00552847 1.93708e-05 0.00238293 0.00599818 0.0107507 0.000530282 -0.00615066 0.00102662 -0.000335259 -0.00293612 -0.00213306 0.012686 0.0159492 0.00492835 0.00243497 0.00428137 -7.54205e-07
internal_weight=302645 301464 6792 4003 3245 2206 294672 29085 16031 265587 13047 1571 13054 11476 258110 33667 15378 8222 7156 7477 2620 224443 25568 23618 7719 5426 2293 6602 5911 198875
internal_count=302645 301464 6792 4003 3245 2206 294672 29085 16031 265587 13047 1571 13054 11476 258110 33667 15378 8222 7156 7477 2620 224443 25568 23618 7719 5426 2293 6602 5911 198875
is_linear=0
shrinkage=0.05


Tree=79
num_leaves=31
num_cat=0
split_feature=1 22 69 70 69 20 55 66 16 59 69 65 72 6 33 63 11 60 42 66 63 30 55 66 8 69 75 19 16 38
split_gain=59.0643 62.3807 59.1613 57.2483 69.5602 135.39 115.122 112.936 177.491 103.32 97.9811 119.39 74.4336 70.0697 67.4418 67.3254 60.3692 72.4427 57.318 106.975 57.3152 57.2629 190.614 140.94 111.298 78.5939 215.692 97.4578 95.933 86.7472
threshold=0.045317668467760093 0.95543387532234203 0.01120073674246669 -0.062261981889605515 0.021068535745143894 -0.066664565354585634 1.0000000180025095e-35 -0.2597478032112121 -0.059152157977223389 -0.057171028107404702 0.015202419832348825 0.08141189813613893 0.29114660620689398 -0.035873446613550179 0.22552823275327685 -0.029967874288558956 0.046112209558486945 -0.026834475807845589 0.069674719125032439 -0.13856304436922071 0.094280242919921889 0.97985750436782848 1.5000000000000002 -0.26653704047203058 0.31595118343830114 0.0091856517829000967 0.22695059329271319 0.11624395474791528 -0.13202529400587079 0.1292880177497864
decision_type=8 10 8 8 10 10 2 8 10 10 10 10 8 10 8 10 10 10 10 10 10 10 2 10 8 8 10 10 8 8
left_child=1 3 -2 4 6 9 7 8 15 -6 11 -8 -12 -14 -7 -1 18 -18 19 20 -9 25 23 -23 -25 26 28 -28 -5 -27
right_child=2 -3 -4 21 5 14 10 16 -10 -11 12 -13 13 -15 -16 -17 17 -19 -20 -21 -22 22 -24 24 -26 29 27 -29 -30 -31
leaf_value=0.00026811833335910104 0.00060075444518006447 0.00043282215953007196 -0.0003857082340601118 8.1365476926435062e-05 0.0011849902563033233 0.0012376649460884206 -0.00060928171495792331 0.00077867691178929452 -0.0021150511038228884 -4.4083099101235178e-05 0.00049357164594653557 -0.0037067111221806741 -2.1272557293532809e-05 -0.0038227856690955853 0.00055893878112907725 -0.00076267557395694175 0.0042116183984617049 0.0010884854836822897 -0.00042011805499321889 -0.00052754657768807201 0.004093040184436042 -0.0010982241043517701 -0.0026475725019035725 0.00078892929177006358 2.5169723314216047e-05 9.8545801944667505e-05 -0.00056358675364515402 0.0027802411089659011 -0.0021735538608032025 -0.00013334860477182166
leaf_weight=8031 4641 9863 36925 597 7175 1654 2189 4398 1795 15569 1261 789 1333 547 1385 2926 721 5078 3869 2163 553 4153 763 12565 11241 32338 4824 1345 2262 120009
leaf_count=8031 4641 9863 36925 597 7175 1654 2189 4398 1795 15569 1261 789 1333 547 1385 2926 721 5078 3869 2163 553 4153 763 12565 11241 32338 4824 1345 2262 120009
internal_value=-0.000221803 5.66169e-05 -0.00197229 -9.6405e-05 0.00123035 0.00320823 -0.000200488 0.00109328 -0.00245259 0.00188099 -0.00643661 -0.0129183 -0.000269756 -0.00656085 0.0131027 -5.92687e-05 0.00378752 0.00791014 0.00160557 0.00426727 0.00831486 -0.000525231 0.00153139 0.0022078 0.0036908 -0.000891347 -0.00542155 -0.000153747 -0.016748 -0.000622551
internal_weight=302962 261396 41566 251533 61436 25783 35653 29534 12752 22744 6119 2978 3141 1880 3039 10957 16782 5799 10983 7114 4951 190097 28722 27959 23806 161375 9028 6169 2859 152347
internal_count=302962 261396 41566 251533 61436 25783 35653 29534 12752 22744 6119 2978 3141 1880 3039 10957 16782 5799 10983 7114 4951 190097 28722 27959 23806 161375 9028 6169 2859 152347
is_linear=0
shrinkage=0.05


Tree=80
num_leaves=31
num_cat=0
split_feature=38 65 31 54 75 42 69 68 54 16 18 45 63 65 59 54 48 11 10 33 54 46 54 60 54 30 42 69 54 74
split_gain=68.2729 96.1642 114.745 140.836 88.9698 72.9928 71.2799 61.4909 71.8247 56.7717 122.521 107.552 80.7775 77.5663 67.6033 83.6795 70.8619 59.7417 115.589 73.8365 100.412 66.8286 127.762 64.2251 246.729 198.288 120.893 129.302 105.899 92.3137
threshold=1.201712489128113 0.10496115684509279 0.28950473666191107 1.7038381695747378 0.92802298069000255 0.24597785621881488 0.059286246076226241 -0.079079195857048021 8.7652239799499529 -0.33208763599395746 -0.25819423794746393 26.500000000000004 0.10257744789123537 0.083075463771820082 0.11644834652543069 2.0274899005889897 0.077101949602365508 -0.21489643305540082 -0.27189366519451136 0.33333580195903784 5.8378760814666757 11.500000000000002 4.0742268562316903 -0.030300218611955639 5.3616676330566415 0.41430771350860601 0.013446017634123566 0.017345188185572628 5.899966001510621 0.37254729866981512
decision_type=8 8 10 2 10 10 10 10 2 8 8 10 10 10 10 2 2 8 10 10 2 10 2 10 2 10 10 10 2 10
left_child=9 -2 3 5 6 -3 -4 8 -5 11 -11 13 -13 -1 17 -16 -17 18 19 21 -21 -12 -23 28 25 -25 -26 -28 -20 -29
right_child=1 2 4 7 -6 -7 -8 -9 -10 10 14 12 -14 -15 15 16 -18 -19 23 20 -22 22 -24 24 26 -27 27 29 -30 -31
leaf_value=0.0014668057380354494 -0.0025445162239101909 0.0052578741190014988 -0.0015889916685462961 -0.00061475489022201927 0.0060258494411698678 -0.001469604996440371 0.0021524662034729143 -0.0020963562057854201 -0.0047380303313927247 -0.00094978196300000853 0.00022457359408851855 6.025184998660696e-05 -0.0021734411473481436 -0.0017363707984309066 0.0020881911401664371 0.00053384697440085735 -0.00026546954422466393 2.9988785491093174e-05 -0.00033996156119617108 0.0024504314059038928 -0.00098932485569136019 0.00048993641750886597 -0.0010724223868446921 -0.00030946743109957781 0.00041242940267223569 0.0036388611533228485 -0.0011404802023500873 0.00088270426153928762 0.00018250918979409049 -0.00057282335003489861
leaf_weight=7441 3029 1240 1067 7232 1537 510 509 2963 513 6353 12615 10401 612 527 2012 8452 6910 177461 17246 1891 508 1963 2418 7459 641 1825 4968 801 10007 2353
leaf_count=7441 3029 1240 1067 7232 1537 510 509 2963 513 6353 12615 10401 612 527 2012 8452 6910 177461 17246 1891 508 1963 2418 7459 641 1825 4968 801 10007 2353
internal_value=-0.000134114 -0.00306824 -0.00147937 -0.00362528 0.00709254 0.00948864 -0.00126103 -0.00577533 -0.0034236 5.75693e-05 -0.000131068 0.00269865 -0.000503493 0.00711958 3.69885e-05 0.00304878 0.00178897 -0.000179216 -0.00147979 0.00174955 0.00994188 0.000588028 -0.00472558 -0.0028625 -0.00517528 0.000505703 -0.0111877 -0.0128382 -0.00132964 -0.00489886
internal_weight=303464 18600 15571 12458 3113 1750 1576 10708 7745 284864 265883 18981 11013 7968 259530 17374 15362 242156 64695 19395 2399 16996 4381 45300 18047 9284 8763 8122 27253 3154
internal_count=303464 18600 15571 12458 3113 1750 1576 10708 7745 284864 265883 18981 11013 7968 259530 17374 15362 242156 64695 19395 2399 16996 4381 45300 18047 9284 8763 8122 27253 3154
is_linear=0
shrinkage=0.05


Tree=81
num_leaves=31
num_cat=0
split_feature=39 65 27 41 45 58 75 67 66 43 20 18 17 33 55 18 69 58 64 9 68 38 66 32 19 41 65 32 62 29
split_gain=52.8126 93.8377 79.0101 64.0625 97.0872 55.2267 54.282 56.0833 97.2922 56.2048 67.1345 50.9552 50.3104 154.455 126.741 557.499 309.354 167.384 228.789 203.597 133.935 128.95 105.542 167.475 159.29 128.572 129.82 104.382 104.13 100.268
threshold=0.11552156880497934 0.11591053009033205 1.8129422068595888 0.21903185546398166 19.500000000000004 0.32340787351131445 0.14709426462650302 0.43712089955806738 -0.010510313324630259 1.953701972961426 -0.36474026739597315 0.64217019081115734 -0.016080769710242745 2.2009193897247319 1.0000000180025095e-35 0.061982877552509315 0.0084714260883629339 0.70653614401817333 0.25705593824386602 -0.15958625078201291 -0.015835564117878672 0.4798859059810639 -0.25029592961072916 -0.36951062083244318 -0.014840826857835053 0.021106477826833728 -0.23915767669677732 -0.3519595712423324 -0.072757005691528306 -0.14061274379491803
decision_type=8 8 8 10 10 2 8 10 10 10 10 10 10 10 2 8 10 2 10 10 10 10 8 10 10 10 8 10 10 10
left_child=3 2 -2 12 -5 -6 -3 8 9 11 -11 -8 13 -1 22 16 -16 19 -19 21 27 -18 25 -24 -25 -14 -27 -21 -17 -26
right_child=1 6 -4 4 5 -7 7 -9 -10 10 -12 -13 14 -15 15 28 17 18 -20 20 -22 -23 23 24 29 26 -28 -29 -30 -31
leaf_value=-1.9853773211054402e-05 -0.00083358832583196602 -0.002302554823929037 -0.0052534464828391447 -0.0012475681480882492 0.0065357389202604955 0.00092992374852704008 -0.00040132102724139697 -0.0024826615933918449 0.0062861456120480719 0.0034380536463922405 -0.0015062077276027704 0.0031856325093471854 0.00058910669827474125 -0.0012037096823301675 -0.0024608957554790728 -0.0054734313045782237 -7.0359817231748712e-05 -0.0028297290926522925 0.00066419334481843768 -0.00063861491002657408 0.00064318174982427845 -0.002880516522909134 0.0009494247519379322 -0.00048475211317935626 0.00073439620599231458 0.00017762804345458866 -0.0006317287291680196 0.00027316637926138795 -0.0016462325666791338 2.2809225471594838e-06
leaf_weight=142946 8787 513 1122 807 896 554 14298 909 1445 1146 520 1063 2250 5246 950 845 2310 1230 594 1098 5338 519 24843 9270 16721 13117 13551 4019 4487 21169
leaf_count=142946 8787 513 1122 807 896 554 14298 909 1445 1146 520 1063 2250 5246 950 845 2310 1230 594 1098 5338 519 24843 9270 16721 13117 13551 4019 4487 21169
internal_value=-5.30451e-05 -0.00205112 -0.00602379 0.000165341 0.00853551 0.0162329 -7.03376e-05 0.000358414 0.000957689 -0.000102718 0.00859189 -0.00105068 9.51895e-05 -0.000524284 0.000845726 -0.00264953 0.00200398 0.0037505 -0.0104144 0.00570182 0.00892021 -0.00618175 0.00158673 0.00261133 0.000860717 -0.000964463 -0.00193418 0.00313049 -0.0166417 0.00229815
internal_weight=302563 29803 9909 272760 2257 1450 19894 19381 18472 17027 1666 15361 270503 148192 122311 21390 16058 15108 1824 13284 10455 2829 100921 72003 47160 28918 26668 5117 5332 37890
internal_count=302563 29803 9909 272760 2257 1450 19894 19381 18472 17027 1666 15361 270503 148192 122311 21390 16058 15108 1824 13284 10455 2829 100921 72003 47160 28918 26668 5117 5332 37890
is_linear=0
shrinkage=0.05


Tree=82
num_leaves=31
num_cat=0
split_feature=42 65 69 66 9 69 67 54 63 67 17 40 72 38 10 54 69 9 10 58 54 66 54 65 26 54 62 17 19 66
split_gain=68.8895 143.483 164.965 137.764 115.437 104.687 103.656 113.856 101.209 92.9246 69.5132 103.284 69.4148 64.3767 61.2869 57.6537 206.157 165.285 86.0522 56.1657 55.5418 54.4173 75.7335 97.9711 54.0933 51.41 64.621 50.7291 51.604 45.8546
threshold=0.021648253314197067 -0.22968477010726926 0.011693994514644148 -0.16108464449644086 -0.23889187723398206 0.024035197682678703 0.2304678559303284 7.9848816394805917 0.040360927581787116 0.005656945053488017 0.012827660888433458 0.012528831139206888 0.59638848900794994 2.222191691398621 -0.30256015062332148 9.9661102294921893 0.017325930297374729 -0.13217507302761075 -0.32865035533905024 0.60654199123382579 4.2486379146575937 -0.18911322206258771 6.801394224166871 -0.088893562555313096 -0.08324809372425078 6.6786251068115243 -0.0024735331535339351 -0.0059694959782063952 -0.016405681148171421 -0.35254344344139094
decision_type=8 10 8 10 10 10 10 2 10 10 10 10 10 10 10 2 10 8 10 2 2 10 2 10 10 2 10 10 10 10
left_child=1 2 14 5 19 8 7 10 12 29 25 -12 21 15 -1 -2 17 -17 -18 -4 -14 22 -3 -24 -8 26 -5 28 -22 -6
right_child=13 3 4 6 9 -7 24 -9 -10 -11 11 -13 20 -15 -16 16 18 -19 -20 -21 27 -23 23 -25 -26 -27 -28 -29 -30 -31
leaf_value=-0.00035635374068527484 -2.2427401162376549e-05 0.00034030402094757428 0.00058866919180503648 -0.00085940958954920004 -0.0019367211951799919 0.001502043576813722 4.4334170560603489e-05 -0.00097988714145970813 0.0010614406468712027 -0.00026675108398728758 -0.0025205287009592878 3.449564153134438e-06 -0.00016820128169731872 -0.0030272536164859028 0.00093777255072284961 0.00031626425501781033 -0.00049401854870829152 -0.0025077916985111848 0.00094545375809960302 -0.0034492448859571468 0.00069886116914871863 0.00053867124727171884 0.00010571883785759351 -0.0010204072387457617 0.00063902429100559351 0.00060906713645996228 0.00051465208300012695 0.000948253612214945 -0.00018703678458595435 -0.00031994590714575156
leaf_weight=504 263982 3964 2577 615 1156 908 2380 1035 2123 5055 505 811 857 1146 1193 524 594 1044 738 521 997 891 936 769 2104 1001 1906 1137 547 691
leaf_count=504 263982 3964 2577 615 1156 908 2380 1035 2123 5055 505 811 857 1146 1193 524 594 1044 738 521 997 891 936 769 2104 1001 1906 1137 547 691
internal_value=-6.38148e-05 0.00201603 -0.00250705 0.00426881 -0.00495504 0.00766801 -4.3407e-05 -0.00441101 0.00643856 -0.00855035 -0.00117574 -0.0109351 0.00434309 -0.000336893 0.0118629 -0.000285883 -0.00728522 -0.0195184 0.0071535 0.00305663 0.00997745 0.00129376 -0.000519458 -0.00930029 0.00567423 0.00249151 -0.00132359 0.013508 0.00752896 -0.0181206
internal_weight=303211 35183 11697 23486 10000 13129 10357 5873 12221 6902 4838 1316 10098 268028 1697 266882 2900 1568 1332 3098 3538 6560 5669 1705 4484 3522 2521 2681 1544 1847
internal_count=303211 35183 11697 23486 10000 13129 10357 5873 12221 6902 4838 1316 10098 268028 1697 266882 2900 1568 1332 3098 3538 6560 5669 1705 4484 3522 2521 2681 1544 1847
is_linear=0
shrinkage=0.05


Tree=83
num_leaves=31
num_cat=0
split_feature=38 50 68 49 68 55 66 46 67 33 19 66 55 42 60 18 30 55 67 6 34 58 12 11 55 10 53 10 42 66
split_gain=64.4088 50.7408 90.9041 84.3789 81.1856 98.1899 161.352 110.989 253.859 97.2894 75.5046 165.527 91.9188 74.8976 74.5712 92.3598 89.9884 158.522 85.6155 91.272 73.2868 72.4082 111.666 94.8483 70.2945 80.3885 69.4835 68.3351 67.4605 59.9069
threshold=2.222191691398621 0.0010189376771450045 -0.088468328118324266 1.0000000180025095e-35 0.00095063619664870213 1.0000000180025095e-35 -0.30796064436435694 12.500000000000002 0.2304678559303284 1.1319898366928103 0.033580871298909194 -0.30540493130683893 1.0000000180025095e-35 0.018573677167296413 -0.028727388009428974 0.070026800036430373 0.85023286938667308 1.0000000180025095e-35 0.085582211613655104 0.10072826221585275 0.72695639729499828 0.74451306462287914 0.083932802081108107 -1.0000000180025095e-35 1.0000000180025095e-35 0.047321641817688949 1.0000000180025095e-35 -0.036984618753194802 0.073840916156768813 -0.42309607565402979
decision_type=10 2 8 2 8 2 8 8 10 10 10 10 2 10 8 8 10 2 10 10 10 2 10 8 2 10 10 10 10 10
left_child=1 4 -3 -4 10 21 -7 9 -9 13 24 -12 -13 -8 15 18 -16 -18 19 -5 -17 22 -6 -23 27 29 -25 -1 -19 -26
right_child=-2 2 3 14 5 6 7 8 -10 -11 11 12 -14 -15 16 20 17 28 -20 -21 -22 23 -24 26 25 -27 -28 -29 -30 -31
leaf_value=-8.7796570313010506e-05 -0.0027817353274708096 0.00028582489843691911 8.4012506903327454e-05 -7.5972422433673921e-05 0.00042928935267881385 0.0010338131900952403 -0.00072627125137715814 -0.0044978418879232122 -4.1393005580305649e-05 -0.00074715241368705017 -0.0015860635316880404 9.1610893939543699e-05 -0.0015339252039817013 0.00080335906636733959 -0.00045842890575890433 -0.0014337086839783866 0.00042684891246186043 -0.00025108314327801015 0.00026922257927225815 -0.0015156889357944914 0.00036681658256239021 -0.00060322795645570805 -0.001022113145001742 0.0014816607449478266 -0.00055116001698009862 -0.00058677083424397427 0.0046827183644614599 0.00039475986599363114 -0.0021163001337941778 0.00030416497503809312
leaf_weight=53687 1149 22365 41109 6643 30671 708 802 1463 2303 721 5569 16344 940 2102 40571 3213 12503 1419 18503 990 1807 956 3944 5146 1087 905 1441 8196 1154 14234
leaf_count=53687 1149 22365 41109 6643 30671 708 802 1463 2303 721 5569 16344 940 2102 40571 3213 12503 1419 18503 990 1807 956 3944 5146 1087 905 1441 8196 1154 14234
internal_value=-1.30512e-05 3.21718e-05 -0.000618483 -0.00113272 0.000678772 0.00232061 -0.0027192 -0.0049115 -0.010911 0.00133425 -0.000138652 -0.00266588 -0.000248641 0.0054221 -0.0020164 -5.77552e-05 -0.00311282 0.000185603 0.00113593 -0.00331676 -0.00626243 0.00328922 0.00232058 0.00772541 0.000601006 0.00352919 0.00986054 -0.000167224 -0.0110918 0.00438654
internal_weight=302645 301496 150277 127912 151219 50257 8099 7391 3766 3625 100962 22853 17284 2904 86803 31156 55647 15076 26136 7633 5020 42158 34615 7543 78109 16226 6587 61883 2573 15321
internal_count=302645 301496 150277 127912 151219 50257 8099 7391 3766 3625 100962 22853 17284 2904 86803 31156 55647 15076 26136 7633 5020 42158 34615 7543 78109 16226 6587 61883 2573 15321
is_linear=0
shrinkage=0.05


Tree=84
num_leaves=31
num_cat=0
split_feature=42 60 66 68 54 18 72 66 9 74 68 10 54 60 41 54 60 27 17 60 68 75 54 36 60 70 41 66 54 54
split_gain=71.6204 108.88 73.9845 129.205 72.4439 86.444 98.0009 81.6616 61.6224 55.1083 65.6272 67.2955 54.9926 70.4288 50.0202 140.146 146.456 93.9414 90.3592 80.7718 67.4419 51.1939 133.322 115.534 88.0103 72.8132 63.4722 56.8048 79.4518 53.9232
threshold=0.02127847354859114 -0.17026768624782559 -0.35254344344139094 -0.11029233410954474 7.0335946083068857 -0.10620129480957984 0.69059628248214733 -0.38750028610229487 -0.22045315057039258 0.025029987096786502 -0.039750961586832993 2.7661693096160893 0.84371772408485424 -0.19288334995508191 0.16077584773302081 5.9586830139160165 0.018331309780478481 1.9318634867668154 -0.39169348776340479 -0.34507073462009424 0.018180883489549163 0.92802298069000255 3.0128351449966435 60.975921630859382 -0.028727388009428974 -0.090321712195873247 0.10462068021297456 -0.061772966757416718 7.9030420780181894 2.2990788221359257
decision_type=8 8 10 10 2 8 10 8 10 8 10 8 2 8 10 2 10 10 8 10 10 8 2 2 8 10 8 10 2 2
left_child=1 2 8 -4 7 -6 -7 -3 -1 10 -2 -12 13 -11 18 16 17 -16 -14 -17 -18 25 24 26 -23 -20 -24 28 -25 -27
right_child=9 4 3 -5 5 6 -8 -9 -10 12 11 -13 14 -15 15 19 20 -19 21 -21 -22 22 23 27 -26 29 -28 -29 -30 -31
leaf_value=0.00017181307104302012 0.00025309948208813472 -0.00063380898928344577 0.0022806665459835342 -0.00038287726286534061 0.0008708240416465358 -0.00022292897006576698 0.00037179761726695157 0.0004317306565939679 -0.0015514497242751957 -0.0028886863643049544 -0.0010494492401657458 -0.0044813182544897407 -0.0029343601586032104 0.0016562640422882681 -0.00031997284575741421 0.006031970719999032 0.0076217225256566771 -0.003562613703010645 0.00025248152727214878 0.0013589175548286009 4.5106870339935509e-05 -0.00059602991494742792 -0.0023372775184790522 -0.00078461613922589212 0.0022293114917900916 -0.00035328356862114748 -0.0016051689642062736 0.0045001668172659024 0.0035092792932078158 -2.4801022747806841e-05
leaf_weight=537 2437 652 599 1755 651 7692 1823 18918 1321 543 3182 922 616 3034 4526 675 1000 1241 30562 3471 775 2800 2116 4503 4674 27003 8442 836 588 164995
leaf_count=537 2437 652 599 1755 651 7692 1823 18918 1321 543 3182 922 616 3034 4526 675 1000 1241 30562 3471 775 2800 2116 4503 4674 27003 8442 836 588 164995
internal_value=-0.000120007 0.0020437 -0.00547134 0.000423012 0.00310966 -0.000314465 -0.00152756 0.00488764 -0.0129015 -0.000393194 -0.00492291 -0.00877491 -0.000280096 0.00586841 -0.000365293 0.00282954 -0.00123146 -0.0050978 -0.000516498 0.0102021 0.0112885 -0.000468302 -0.00266386 -0.0051743 0.0028728 -0.000231837 -0.0083081 0.000412666 -0.00157812 -0.000592684
internal_weight=302889 33948 4212 2354 29736 10166 9515 19570 1858 268941 6541 4104 262400 3577 258823 11688 7542 5767 247135 4146 1775 246519 23959 16485 7474 222560 10558 5927 5091 191998
internal_count=302889 33948 4212 2354 29736 10166 9515 19570 1858 268941 6541 4104 262400 3577 258823 11688 7542 5767 247135 4146 1775 246519 23959 16485 7474 222560 10558 5927 5091 191998
is_linear=0
shrinkage=0.05


Tree=85
num_leaves=31
num_cat=0
split_feature=74 66 16 18 60 67 72 11 71 55 61 14 58 42 68 25 58 66 75 66 60 66 53 11 6 41 33 30 55 60
split_gain=57.3292 66.6118 57.1428 85.5162 82.8164 110.037 74.2843 73.6195 74.3762 221.525 196.366 146.984 149.62 182.229 151.084 128.758 126.207 169.029 158.412 107.051 104.462 96.1976 93.244 107.58 89.9402 88.1868 90.6808 79.7178 85.4776 83.6356
threshold=0.025029987096786502 -0.055798090994358056 -0.28101962804794306 -0.22818419337272641 0.040859729051589973 0.21296849101781848 0.13856412470340732 -0.44733951985836024 0.098120778799057021 1.0000000180025095e-35 -0.086668610572814928 -0.080460000783205018 0.69366195797920238 0.093136899173259749 -0.023458713665604588 0.41950525343418127 0.74451306462287914 -0.016393478959798809 0.19917006790637973 -0.25029592961072916 -0.16705191135406491 -0.32750600576400751 1.0000000180025095e-35 0.73682451248168956 -0.081299528479576097 0.15680141746997836 2.3153638839721684 0.92757111787796032 1.5000000000000002 -0.028727388009428974
decision_type=8 10 8 8 10 10 10 8 8 2 10 8 2 8 10 10 2 10 8 10 10 10 10 10 8 10 8 10 2 10
left_child=1 -1 4 -4 6 -6 -2 -5 25 16 -11 20 13 14 19 -14 17 24 -18 -13 -12 -16 23 -20 -10 26 27 29 -29 -9
right_child=2 -3 3 7 5 -7 -8 8 9 10 11 12 15 -15 21 -17 18 -19 22 -21 -22 -23 -24 -25 -26 -27 -28 28 -30 -31
leaf_value=-0.00043898981543124931 -0.00030628175214225456 -0.0048293328224869583 -0.00066723363706425816 -0.00037680029728909964 0.0047128327500973307 8.157862128560182e-05 0.00037635832843398989 0.00014430445308471874 -0.00064215485670953906 -0.0047649472949229379 0.0038796496511257356 -0.00016079740262113767 0.00020545777412777217 -0.0021149111771938357 0.0016444296785347306 -0.0058112726515992738 0.0038619070080521886 -0.002052063911212211 -0.00031724719384160135 -0.0024878927653118402 -0.00016576336278155014 5.8200964662580988e-05 0.0034817401624202431 0.0028066829135375273 8.9131039258996686e-05 0.0021140153144774245 -0.0005208619762469437 0.00069754068763044842 -0.0011903333279802539 -5.2068873852739732e-05
leaf_weight=5825 10118 980 8044 10473 1650 1971 15514 63755 13428 1105 603 2771 532 2362 1345 1330 585 3657 6914 807 798 2326 1358 3401 58397 2977 9584 8446 570 61233
leaf_count=5825 10118 980 8044 10473 1650 1971 15514 63755 13428 1105 603 2771 532 2362 1345 1330 585 3657 6914 807 798 2326 1358 3401 58397 2977 9584 8446 570 61233
internal_value=-0.000139499 -0.00467351 -3.51275e-05 -0.000265169 0.00206233 0.00912972 0.00106076 -0.000107239 6.60507e-05 -0.000972682 -0.00681607 -0.0050683 -0.00693634 -0.00441222 -0.000475272 -0.0198718 -4.10256e-05 -0.000805383 0.00466254 -0.00777592 0.0101701 0.00664222 0.0033767 0.00174818 -0.000270759 0.000786969 0.000610036 0.00094617 0.00548416 0.00061841
internal_weight=302859 6805 296054 266801 29253 3621 25632 258757 248284 101719 13979 12874 11473 9611 7249 1862 87740 75482 12258 3578 1401 3671 11673 10315 71825 146565 143588 134004 9016 124988
internal_count=302859 6805 296054 266801 29253 3621 25632 258757 248284 101719 13979 12874 11473 9611 7249 1862 87740 75482 12258 3578 1401 3671 11673 10315 71825 146565 143588 134004 9016 124988
is_linear=0
shrinkage=0.05


Tree=86
num_leaves=31
num_cat=0
split_feature=3 55 67 31 62 19 10 38 66 35 41 65 10 55 8 30 38 41 55 66 43 11 41 10 19 30 55 55 10 71
split_gain=54.1742 140.394 81.5654 128.563 122.939 61.5697 58.416 54.5413 48.2636 47.5844 42.8376 107.3 113.923 90.5966 72.2083 141.199 63.4291 57.8147 232.506 197.106 167.236 153.541 145.528 99.0453 91.7833 86.2144 127.732 301.864 288.819 112.789
threshold=0.23712493479251864 1.5000000000000002 0.18914184719324115 0.29576762020587927 0.12114912271499635 -0.15863762050867078 1.0666913986206057 0.82409495115280162 -0.1951169669628143 89.013240814208999 0.15680141746997836 0.1312094330787659 3.7382572889328007 1.0000000180025095e-35 -0.53371325135231007 2.0455071926116948 0.72436445951461803 0.060585409402847297 1.5000000000000002 -0.12563372775912282 1.2432597875595095 -0.41512726247310633 0.10462068021297456 4.7689545154571542 -0.20247362554073331 0.85023286938667308 1.0000000180025095e-35 1.5000000000000002 0.85655903816223156 0.029324281960725788
decision_type=8 2 10 10 10 8 8 10 10 2 10 8 8 2 10 10 10 8 2 10 10 8 8 8 10 8 2 2 8 10
left_child=9 2 7 -4 5 -5 -6 -2 -7 10 17 -12 -13 16 -15 -16 -14 25 19 21 -20 24 -23 -21 -19 -1 29 28 -28 -27
right_child=1 -3 3 4 6 8 -8 -9 -10 -11 11 12 13 14 15 -17 -18 18 20 23 -22 22 -24 -25 -26 26 27 -29 -30 -31
leaf_value=-5.9666622926253873e-06 0.00074390607125695424 -0.0053573695024115965 -0.0027790138641364931 -0.0026804839359541662 -0.00013543044230775772 0.00070283015639938584 0.0026495428792134724 -0.0012369279518823911 -0.0014781456380923157 0.00052809644075383136 -0.0011974722101174388 0.0064782810687981536 0.0017745103246461181 0.0040630403794535523 -0.00057028950343660856 0.008860854289314329 -0.00069186364127007851 0.0014552035108782108 -0.0021203485150150052 0.0013180421960721134 0.0015373094715468744 -0.00062371672963373783 7.1781759355784438e-05 -0.0006185297029284568 -0.00047124020713955295 0.0013272854761229157 4.235882465922121e-05 0.0024300238589041543 -0.0053467828062327945 0.00016241556540979552
leaf_weight=154862 8792 730 2193 712 1599 1422 1604 2287 4713 7085 2547 1066 1712 1043 1052 506 3884 5113 2650 13747 515 38930 22412 2780 2402 6862 1586 1081 1182 6047
leaf_count=154862 8792 730 2193 712 1599 1422 1604 2287 4713 7085 2547 1066 1712 1043 1052 506 3884 5113 2650 13747 515 38930 22412 2780 2402 6862 1586 1081 1182 6047
internal_value=-0.000200577 -0.00247693 -0.00179582 -0.00460704 -0.00220676 -0.00598658 0.00586679 0.00131211 -0.00435313 -4.29993e-06 -0.000109747 0.00283418 0.00533269 0.00332034 0.0110111 0.00414541 -0.00026757 -0.000243486 -0.00128107 -0.000786941 -0.0145669 -0.00196393 -0.00279046 0.00411501 0.00477741 0.000291907 0.00369752 -0.00428868 -0.013031 0.00608019
internal_weight=303116 24052 23322 12243 10050 6847 3203 11079 6135 279064 271979 11810 9263 8197 2601 1558 5596 260169 88549 85384 3165 68857 61342 16527 7515 171620 16758 3849 2768 12909
internal_count=303116 24052 23322 12243 10050 6847 3203 11079 6135 279064 271979 11810 9263 8197 2601 1558 5596 260169 88549 85384 3165 68857 61342 16527 7515 171620 16758 3849 2768 12909
is_linear=0
shrinkage=0.05


Tree=87
num_leaves=31
num_cat=0
split_feature=39 59 19 54 69 63 54 43 48 71 54 15 69 26 54 50 68 54 69 69 54 66 66 15 64 54 42 66 54 69
split_gain=53.2416 67.9818 51.8145 71.1174 55.9993 67.4134 65.7484 55.4315 57.1425 47.2476 47.2419 48.938 65.6808 48.9111 46.6733 45.7676 82.509 126.283 179.54 139.892 197.951 110.815 91.2404 87.3113 75.6708 100.524 75.9381 107.657 87.5301 95.8507
threshold=0.13685426861047748 -0.27293194830417628 0.34890191256999975 8.2129478454589862 0.022414680570364002 0.019729614257812503 4.5590739250183114 1.5512052178382876 0.33333760499954229 -0.37949405610561365 2.3809340000152592 0.37404768168926245 0.026225361041724685 -0.42796154320240015 4.0742268562316903 0.0010189376771450045 -0.0028993753949180241 3.673892736434937 0.020636602304875854 0.015202419832348825 7.6614093780517587 -0.048871429637074464 -0.060593469068408005 0.063261087983846678 -0.17719167470932004 4.0074241161346444 0.082103051245212569 -0.41795988380908961 6.3440122604370126 0.037847910076379783
decision_type=8 8 8 2 10 10 2 10 2 10 2 10 10 8 2 2 8 2 10 10 2 10 10 10 8 2 10 10 2 10
left_child=1 -1 4 7 5 -2 -6 8 10 -9 13 -12 -13 -4 -7 16 -3 18 21 20 -19 -18 -22 -21 25 -17 27 -27 29 -28
right_child=2 15 3 -5 6 14 -8 9 -10 -11 11 12 -14 -15 -16 24 17 19 -20 23 22 -23 -24 -25 -26 26 28 -29 -30 -31
leaf_value=-0.0036139143335835499 -0.0018948493061167 -1.0501010937761591e-05 -0.00069358985487668137 -0.0023306101167598994 -0.0029235708261132979 0.0034256371810245686 0.00024413625925770265 0.0030783198209137935 -0.0030745530896677236 0.00037895775485668744 -0.0011371866513714285 -0.0014754262790613794 0.0052143062971483391 0.0044951065710930032 -0.0016789743811974147 -0.00039559870050961997 0.0010168939348088699 3.6089903394638698e-05 -0.00067514569319022141 0.00048529780759804843 -0.00052880794932547626 0.0062379526388136155 -0.0021749360476394559 -0.00027835121389308931 -0.00010008863475983455 -0.00084173115428327536 0.0024549829964679321 0.00038347538263636729 0.003598161774352804 -0.00096016426778524765
leaf_weight=864 1594 92620 718 936 2504 1405 867 981 1424 3566 4646 635 629 1047 608 5930 11522 12229 3228 10912 2139 3179 1437 4129 120569 1159 1583 6922 1788 1255
leaf_count=864 1594 92620 718 936 2504 1405 867 981 1424 3566 4646 635 629 1047 608 5930 11522 12229 3228 10912 2139 3179 1437 4129 120569 1159 1583 6922 1788 1255
internal_value=-0.000104773 7.86926e-05 -0.00249884 -0.000801809 -0.00603892 -0.0017003 -0.0106625 0.000117165 -0.00213525 0.00461927 -0.000422902 -0.00256757 0.00612245 0.00673239 0.00437469 0.000122055 0.000755631 0.0024198 0.00575562 0.000479647 -0.0028043 0.00809938 -0.0131344 0.00392997 -0.000521492 0.00244275 0.00495007 0.00202076 0.0100518 0.00456461
internal_weight=303025 281465 21560 14582 6978 3607 3371 13646 9099 4547 7675 5910 1264 1765 2013 280601 141395 48775 17929 30846 15805 14701 3576 15041 139206 18637 12707 8081 4626 2838
internal_count=303025 281465 21560 14582 6978 3607 3371 13646 9099 4547 7675 5910 1264 1765 2013 280601 141395 48775 17929 30846 15805 14701 3576 15041 139206 18637 12707 8081 4626 2838
is_linear=0
shrinkage=0.05


Tree=88
num_leaves=31
num_cat=0
split_feature=8 55 28 59 58 54 23 65 75 62 17 67 54 32 75 10 54 54 17 63 8 60 68 63 36 65 58 11 54 27
split_gain=56.2878 169.616 254.69 207.248 190.438 180.329 150.86 134.86 132.028 101.85 98.9772 103.945 129.873 105.522 98.8593 90.0125 89.0165 86.2427 107.108 81.3386 75.7326 73.0209 72.8982 75.0219 71.175 69.8433 67.8974 76.4597 159.659 113.039
threshold=0.1884235888719559 1.0000000180025095e-35 0.30469824373722082 -0.05797461420297622 0.74451306462287914 7.2330906391143808 -0.079769104719161973 0.1043643355369568 0.99065595865249645 -0.034012079238891595 -0.051683045923709862 0.43428435921669012 3.0128351449966435 -0.39090567827224726 0.19491196423769 0.1797909811139107 1.6667625308036806 2.2990788221359257 0.082864217460155501 0.15062737464904788 0.61709588766098034 0.025878208689391616 0.075557570904493346 -0.022728115320205685 76.260540008544936 0.39618486166000372 0.38994675874710089 1.4552451968193056 4.909008502960206 1.9318634867668154
decision_type=8 2 8 10 2 2 10 8 8 10 8 10 2 8 8 8 2 2 10 10 8 10 10 8 2 10 2 10 2 10
left_child=25 7 9 -4 6 -6 -5 8 17 -3 20 13 -13 21 19 -16 -17 18 -2 -15 -9 -12 23 -8 -25 -1 -18 29 -29 -28
right_child=1 2 3 4 5 -7 22 10 -10 -11 11 12 -14 14 15 16 26 -19 -20 -21 -22 -23 -24 24 -26 -27 27 28 -30 -31
leaf_value=2.1468038756068808e-05 -8.922089258010594e-05 0.0049067392740783254 -0.0057734415528075643 -0.0011648423296664531 8.3761100014654449e-05 -0.006248490561392938 0.001910083609098903 0.00035526557737055009 -0.0049622757483975145 0.00018041308558449482 -0.0005959673485297801 -0.0057621704528417047 -0.00020164044373228329 0.00048836023624029357 -0.0019809897491135956 0.0032604484666469372 -0.00038936666439186188 -0.00019309570773228121 -0.0028972025936701423 0.0037479640265856481 -0.0031225613395097925 0.005320919813426664 0.004894402266132785 -0.0011255809511549599 0.0018350644355578608 0.001318269872601043 0.00039490121964380344 0.0057546245040080149 -0.001205999046041907 -0.0035961389844905347
leaf_weight=221532 2043 547 1817 2923 635 1102 531 929 1137 869 787 574 1982 711 1059 2626 12914 21695 2260 595 1079 2327 500 1002 597 638 13777 2227 1125 687
leaf_count=221532 2043 547 1817 2923 635 1102 531 929 1137 869 787 574 1982 711 1059 2626 12914 21695 2260 595 1079 2327 500 1002 597 638 13777 2227 1125 687
internal_value=-0.000136032 -0.00126377 -0.00718219 -0.0102501 -0.00646575 -0.0208643 -0.00193241 -0.000379905 -0.00314423 0.0124825 0.0013488 0.00187556 -0.00787217 0.00251899 0.00174778 0.00123312 0.00169034 -0.0024108 -0.00886854 0.0151976 -0.00946482 0.0113316 0.00674242 0.00266355 -0.00276569 0.000275452 0.000933637 0.00293392 0.00972635 0.00135415
internal_weight=303227 81057 10523 9107 7290 1737 5553 70534 27135 1416 43399 41391 2556 38835 35721 34415 33356 25998 4303 1306 2008 3114 2630 2130 1599 222170 30730 17816 3352 14464
internal_count=303227 81057 10523 9107 7290 1737 5553 70534 27135 1416 43399 41391 2556 38835 35721 34415 33356 25998 4303 1306 2008 3114 2630 2130 1599 222170 30730 17816 3352 14464
is_linear=0
shrinkage=0.05


Tree=89
num_leaves=31
num_cat=0
split_feature=11 74 66 41 18 55 30 8 29 75 55 66 69 66 19 19 19 5 63 49 69 69 63 12 58 57 62 55 41 69
split_gain=49.4094 67.1328 77.8134 46.9022 69.6288 56.9007 115.549 113.053 110.479 51.9794 265.87 184.944 221.361 178.858 288.366 124.746 112.517 101.969 100.348 96.1642 84.2678 115.198 62.7858 58.2294 83.7421 89.2104 162.9 97.5972 95.6904 63.9454
threshold=-0.77870699763298024 0.02068808022886515 -0.055798090994358056 0.15680141746997836 -0.37884296476840967 1.0000000180025095e-35 2.5472692251205449 -0.53371325135231007 -0.60042124986648548 0.82408890128135692 1.5000000000000002 -0.14113382250070569 0.016562150791287426 -0.35092857480049128 -0.13949859142303464 0.036012167111039169 -0.20780880749225614 -0.28896604478359217 -0.0060645639896392814 0.00025138266209978616 0.025510380975902084 0.018043832853436474 0.20423609018325808 -0.056167520582675927 0.03308671526610852 0.056603312492370612 -0.10489141941070555 1.0000000180025095e-35 0.027948002330958847 0.0091856517829000967
decision_type=8 8 10 10 8 2 10 10 10 8 2 8 8 10 8 10 8 10 10 2 10 10 8 10 2 2 10 2 10 10
left_child=-1 2 -2 4 -3 8 7 -7 -5 23 11 13 15 14 20 -13 -15 -12 -17 22 21 -11 -14 -6 -25 28 27 -27 -26 -28
right_child=1 3 -4 5 9 6 -8 -9 -10 10 17 12 19 16 -16 18 -18 -19 -20 -21 -22 -23 -24 24 25 26 29 -29 -30 -31
leaf_value=0.0024549180759475516 -0.00062233962853654396 -0.0013797379265970727 -0.0054358495808807857 -0.0011630065562635223 0.00027099632568041641 0.0034763655452272574 0.010753907283437326 -0.00036556853753864503 0.0012217729799326976 0.0013161879180307011 -0.010640210909192586 -0.0015129120140866593 -0.00068372463466724327 -0.0023475447768757864 -0.00093193641911627984 0.00057108046283653186 -0.00080211361984724398 -0.0016803935883242778 0.0082210179793514027 -0.00067414828423915094 0.00022444673447784942 0.0090783675586711948 0.0017861235522651595 -0.0039671226619377156 0.0031656530987571731 -0.00075150858883878732 -0.00050346902572534805 -0.002506333721088644 0.00064142040478728938 2.3774753698149485e-05
leaf_weight=920 4501 1756 779 4295 31713 1095 513 1673 5868 1316 534 891 1809 2300 6017 1363 14724 669 3332 10644 1279 1238 5091 502 584 2892 11612 1186 1599 180650
leaf_count=920 4501 1756 779 4295 31713 1095 513 1673 5868 1316 534 891 1809 2300 6017 1363 14724 669 3332 10644 1279 1238 5091 502 584 2892 11612 1186 1599 180650
internal_value=-0.000109278 -0.000144659 -0.00572779 -4.52626e-05 -0.000182051 0.0028393 0.00855363 0.00446364 0.000987909 -0.000120055 -0.00156101 -0.00099972 0.00227744 -0.00382012 0.00154158 0.0109364 -0.00692145 -0.0246908 0.014187 -0.00048422 0.012243 0.0174727 0.00410999 0.000199785 -0.000117316 -6.52285e-05 -0.000177235 -0.0100538 0.00996352 3.27661e-05
internal_weight=303345 302425 5280 297145 283701 13444 3281 2768 10163 281945 51207 50004 23130 26874 9850 5586 17024 1203 4695 17544 3833 2554 6900 230738 199025 198523 196340 4078 2183 192262
internal_count=303345 302425 5280 297145 283701 13444 3281 2768 10163 281945 51207 50004 23130 26874 9850 5586 17024 1203 4695 17544 3833 2554 6900 230738 199025 198523 196340 4078 2183 192262
is_linear=0
shrinkage=0.05


Tree=90
num_leaves=31
num_cat=0
split_feature=38 54 11 44 60 18 10 19 54 67 36 59 53 18 19 33 60 11 54 38 14 67 54 14 54 45 33 67 63 8
split_gain=51.1286 72.5027 44.4343 43.1258 43.2977 39.4919 95.815 64.967 63.0474 76.7092 61.4191 53.2154 66.3625 88.3211 74.6956 58.2019 122.705 117.961 153.813 94.0349 112.412 79.4992 74.8282 93.9072 81.061 56.5632 88.4851 69.3006 53.5486 48.8522
threshold=1.5926524400711062 5.931077480316163 -0.77870699763298024 -2.4999999999999996 0.10778218507766725 -0.29294627904891962 -0.50639697909355152 -0.5154498517513274 0.84371772408485424 0.30758725106716162 35.281097412109382 0.13381223380565646 1.0000000180025095e-35 -0.16734596341848371 -0.11465726420283316 2.3153638839721684 0.078675646334886565 0.20813938230276111 4.909008502960206 0.54134377837181102 -0.05912326090037822 0.43428435921669012 1.7038381695747378 0.0045351895969361075 4.3921005725860605 2.5000000000000004 0.68919023871421825 0.43428435921669012 0.2485160827636719 -0.47286958992481226
decision_type=10 2 8 2 10 8 10 10 2 8 2 10 10 10 10 8 8 10 2 10 10 10 2 8 2 10 10 10 10 8
left_child=2 3 -1 -2 -5 6 7 -4 9 -7 -9 15 13 -13 -15 25 19 22 21 20 -17 -19 -18 24 -24 26 -10 -28 -14 -21
right_child=1 -3 5 4 -6 8 -8 10 11 -11 -12 12 28 14 -16 16 17 18 -20 29 -22 -23 23 -25 -26 -27 27 -29 -30 -31
leaf_value=0.0025869595603310778 0.0002242821812780578 0.00054360022439662833 -0.001193566881616316 -0.0035712712150492059 -0.00061245320625423624 0.00045397432855090025 -0.0014197207748967875 0.0012234742132055231 -0.00059350826039346197 0.013718099017296604 -0.00045964870753605806 -0.00022440127779826621 0.00057405127164712852 0.0013114650127766375 6.0120073970301984e-05 -0.0019710753546010791 0.0024911265898871502 0.0057068230646485571 -0.0010656278203297323 0.0019640372806220083 -0.00056309154951005946 -0.00075998572246584672 -0.00075596409861162605 -0.00072815460976820886 0.0013900247251135743 3.3845347365644202e-05 0.00019481623415239861 -0.0024741255326764973 0.0044914397968489903 -0.0004743779542503118
leaf_weight=915 787 1449 1286 1809 640 2754 3392 3073 8782 707 2972 8438 1035 2875 2878 3911 1810 2394 1367 768 6588 503 1455 15498 2375 200200 10887 551 713 10524
leaf_count=915 787 1449 1286 1809 640 2754 3392 3073 8782 707 2972 8438 1035 2875 2878 3911 1810 2394 1367 768 6588 503 1455 15498 2375 200200 10887 551 713 10524
internal_value=-0.000158235 -0.00533546 -7.6843e-05 -0.0094886 -0.0127491 -0.000110833 -0.00308861 0.00012941 5.22606e-07 0.00669836 0.00230388 -8.14637e-05 0.00272431 0.00158792 0.00635953 -0.000248671 -0.00184204 0.00051944 0.00809546 -0.00459383 -0.00799791 0.0146027 -0.00101192 -0.00192367 0.00507813 9.25464e-05 -0.00242709 0.000471698 0.0118885 -0.00142453
internal_weight=303336 4685 298651 3236 2449 297736 10723 7331 287013 3461 6045 283552 15939 14191 5753 267613 47193 25402 4264 21791 10499 2897 21138 19328 3830 220420 20220 11438 1748 11292
internal_count=303336 4685 298651 3236 2449 297736 10723 7331 287013 3461 6045 283552 15939 14191 5753 267613 47193 25402 4264 21791 10499 2897 21138 19328 3830 220420 20220 11438 1748 11292
is_linear=0
shrinkage=0.05


Tree=91
num_leaves=31
num_cat=0
split_feature=38 54 41 55 9 18 54 67 37 37 55 61 63 69 66 12 57 23 23 67 20 69 75 67 63 41 55 59 4 75
split_gain=50.9112 63.0706 52.2092 142.886 75.5226 45.0253 56.9603 82.8871 54.3312 45.9322 95.3111 275.346 86.742 74.8072 90.2383 56.8245 55.8318 55.5384 54.5233 58.5795 50.0194 68.0462 191.783 59.0006 77.7064 48.2411 143.799 109.211 102.3 73.2029
threshold=1.5926524400711062 5.931077480316163 0.21903185546398166 1.0000000180025095e-35 -0.29243943095207209 -0.37884296476840967 0.84371772408485424 0.31235054135322576 -0.41368900239467615 0.93679431080818187 1.0000000180025095e-35 -0.040527313947677605 -0.020277470350265499 0.032179342582821853 -0.31903108954429621 -0.00321530585642904 0.85511326789855968 -0.32040177285671229 -0.059117713943123811 0.26280170679092413 -0.017219500616192814 0.0087239667773246782 0.2311222776770592 0.005656945053488017 -0.097027838230133043 0.10462068021297456 1.5000000000000002 -0.27293194830417628 -0.14600507169961927 0.92802298069000255
decision_type=10 2 10 2 8 8 2 8 10 8 2 10 8 8 10 8 2 10 10 8 10 8 10 8 8 10 2 10 10 10
left_child=2 -2 5 -4 -5 8 7 -7 -1 20 13 -12 -13 16 15 -15 17 -11 -14 -20 25 22 -22 24 -23 27 -27 -8 -28 -29
right_child=1 -3 3 4 -6 6 9 -9 -10 10 11 12 18 14 -16 -17 -18 -19 19 -21 21 23 -24 -25 -26 26 28 29 -30 -31
leaf_value=0.00012481888641904248 -0.002172030488310397 0.00049690837251392856 -0.0008669572431755046 0.0012777233731813638 0.011546849048983671 0.00042415617219220426 -0.0027267340177605064 0.014372036980582923 -0.0015628208973052201 -0.0058817372728504919 -0.0070754017718504926 0.0010854697340702477 -0.00264226724645818 0.0061334997965319148 0.0039730391402190701 4.5172969876604302e-05 0.0017161379070362291 -0.00040701808871569 -0.00088492760090121505 0.00063538024284040854 -0.0028187844410689574 -0.0017602705145419657 0.0012853969871267886 0.00024883887445453703 0.00041024790889731649 0.00044907673759298687 0.00032684973059999363 -1.3491245604186633e-05 -0.0029605225564149763 -0.0010447088125029235
leaf_weight=1535 3226 1432 1410 563 595 2876 1028 677 1747 507 922 673 1069 659 563 4428 1289 15471 722 1242 1048 768 1207 28916 538 28033 511 193574 734 4710
leaf_count=1535 3226 1432 1410 563 595 2876 1028 677 1747 507 922 673 1069 659 563 4428 1289 15471 722 1242 1048 768 1207 28916 538 28033 511 193574 734 4710
internal_value=-6.72321e-05 -0.0052485 1.3925e-05 0.00709853 0.0200342 -4.78919e-05 1.76264e-05 0.00630087 -0.0058627 -5.994e-05 -0.00200145 -0.00853816 -0.00242196 -0.00067824 0.00431095 0.00218756 -0.00231232 -0.00312109 -0.00603023 -0.00106383 0.000144976 0.00198079 -0.00637969 0.00260651 -0.00775076 -0.000115923 0.00177889 -0.000394337 -0.0147809 -0.000309641
internal_weight=302673 4658 298015 2568 1158 295447 292165 3553 3282 288612 27545 4628 3706 22917 5650 5087 17267 15978 3033 1964 261067 32477 2255 30222 1306 228590 29278 199312 1245 198284
internal_count=302673 4658 298015 2568 1158 295447 292165 3553 3282 288612 27545 4628 3706 22917 5650 5087 17267 15978 3033 1964 261067 32477 2255 30222 1306 228590 29278 199312 1245 198284
is_linear=0
shrinkage=0.05


Tree=92
num_leaves=31
num_cat=0
split_feature=2 6 18 62 55 57 55 62 58 27 65 57 39 33 60 75 72 65 75 6 14 32 22 65 11 65 75 41 11 65
split_gain=45.357 75.1271 53.8573 76.2419 100.157 53.5858 59.3565 183.74 152.236 123.894 87.3824 58.0046 55.1051 60.9698 52.1158 50.6658 46.3348 61.9488 55.1616 46.7446 46.1452 45.9044 54.6291 45.6287 44.7641 43.6119 43.2355 42.7771 45.8122 179.878
threshold=0.026570590212941173 -0.12499942258000372 -0.18842430412769315 -0.0050067603588104239 1.0000000180025095e-35 0.82357424497604381 1.0000000180025095e-35 -0.14159017801284787 0.69366195797920238 2.0521044731140141 0.15748763084411624 0.26565663516521459 0.21082274615764621 0.71122634410858165 0.11559992283582689 0.28737431764602667 0.90532314777374279 0.15324246883392337 0.91629496216773998 -0.0083310198970139009 0.17297755926847461 -0.043605603277683251 0.94117864966392528 -0.24368524551391599 -0.24022357165813443 -0.24325805902481076 0.30359286069870001 0.25680419802665716 -0.21178730577230451 0.083075463771820082
decision_type=8 8 8 10 2 2 2 10 2 8 10 2 8 8 8 8 10 10 10 10 10 10 8 10 8 8 10 10 10 10
left_child=16 -2 3 4 -3 6 11 -8 9 -9 -10 -4 13 20 26 -15 21 19 -19 -18 -13 22 27 24 -5 -17 -7 28 29 -1
right_child=1 2 5 23 -6 14 7 8 10 -11 -12 12 -14 15 -16 25 17 18 -20 -21 -22 -23 -24 -25 -26 -27 -28 -29 -30 -31
leaf_value=2.8420460235678407e-05 -0.00063623619466804816 -0.00045750211698205971 0.00059517229747718323 0.00052802728731695607 0.0029077092913358735 0.0013592563280327439 -0.0066282499828721284 -9.0057505100134456e-05 -0.0065133910043327359 0.0098465612666052554 -0.00057441390819119192 -0.00020977765781654523 -0.0037811647326829556 0.0011723766675496164 0.00012367645152340165 0.0019825634411512177 -0.001167154187401405 -0.0005924134138090946 0.0056802584112570532 -0.00024060651748402455 -0.0015461622951598105 -0.00096648343742464303 0.00055170615417328081 -0.0013925461642816878 -0.00091815546586552577 -4.1407410029638015e-05 0.00075249252198242777 0.0025223776752585679 0.00010593229545613238 -0.00058818701394048256
leaf_weight=99956 11135 1732 10756 1184 623 824 777 5941 519 583 518 12689 1053 2023 5952 1181 4188 704 695 8017 1718 1482 4247 2893 1901 19962 1741 1222 86702 10261
leaf_count=99956 11135 1732 10756 1184 623 824 777 5941 519 583 518 12689 1053 2023 5952 1181 4188 704 695 8017 1718 1482 4247 2893 1901 19962 1741 1222 86702 10261
internal_value=-0.000145289 -0.00111941 -0.000547064 -0.00433297 0.00327696 -7.01919e-05 -0.000616664 -0.00451605 -0.00211993 0.000719314 -0.0198185 4.2517e-05 -0.00086189 -0.000544129 0.00362965 0.00104418 0.000238638 -0.00258557 0.00734564 -0.00372902 -0.00309704 0.000427212 0.000491606 -0.00733133 -0.00308562 0.000319104 0.00957282 0.000371182 0.000313057 -0.000363341
internal_weight=303179 85705 74570 8333 2355 66237 57720 8338 7561 6524 1037 49382 38626 37573 8517 23166 217474 13604 1399 12205 14407 203870 202388 5978 3085 21143 2565 198141 196919 110217
internal_count=303179 85705 74570 8333 2355 66237 57720 8338 7561 6524 1037 49382 38626 37573 8517 23166 217474 13604 1399 12205 14407 203870 202388 5978 3085 21143 2565 198141 196919 110217
is_linear=0
shrinkage=0.05


Tree=93
num_leaves=31
num_cat=0
split_feature=48 62 54 23 69 75 8 60 74 63 54 32 69 54 69 63 71 74 69 17 68 60 45 69 73 17 18 69 75 63
split_gain=52.1566 70.4669 53.8272 43.9558 90.1798 248.735 78.3864 84.3128 68.3166 85.4609 64.2797 59.3832 57.0511 52.9895 248.944 160.579 136.47 74.4378 54.8808 66.4749 52.5238 61.715 51.3416 47.3429 77.765 46.8351 106.814 69.2665 72.3718 73.5111
threshold=0.19863881170749667 -0.16214549541473386 4.2486379146575937 -0.040902154520153992 0.0091856517829000967 0.31167148053646093 0.065878551453351988 -0.13991305232048032 0.57317045331001293 0.044269859790802009 1.7741041183471682 -0.27271693944931025 0.037847910076379783 8.4618916511535662 0.017034504562616352 -0.037073880434036248 -0.064663797616958604 0.52046790719032299 0.047496736049652107 -0.069780815392732606 0.069418396800756468 0.063320055603981032 26.500000000000004 0.016562150791287426 0.4656680971384049 -0.016080769710242745 -0.18576814979314801 0.011421813163906338 0.54002910852432262 -0.040293335914611809
decision_type=2 10 2 10 8 10 10 8 10 10 2 10 10 2 10 8 8 8 10 8 8 10 10 10 10 10 8 10 10 10
left_child=3 2 -2 13 5 11 7 12 -9 -10 -8 -5 22 25 15 -15 -16 -18 19 -19 21 -17 -6 -11 -25 -1 -27 28 -28 -30
right_child=1 -3 -4 4 6 -7 10 8 9 23 -12 -13 -14 14 16 20 17 18 -20 -21 -22 -23 -24 24 -26 26 27 -29 29 -31
leaf_value=-6.5016117141079337e-05 -0.00072114540103112516 -0.00084770524474019082 0.0028547241441785774 -0.00027377235872415062 0.00014912671348379821 0.0012328451810955578 0.0022201623909381585 0.00019813570556403677 0.00023876438193457512 0.00058377825081232064 -0.00021053869181044717 -0.002461528706971416 0.00061662561796557757 0.00023864685675507801 0.00069832734505227776 -0.0013123816178026589 -0.0016618006734226221 0.001531305488099116 -0.001073150164415971 -8.7923003666727734e-05 -0.0054751569520385488 -4.9594277052946584e-05 -0.00071804478223955962 0.0010518435509119515 0.00041162068116785657 -0.00099425504281212655 3.3531781437561721e-05 6.1439884048666553e-05 -0.00085677383591061061 0.0020436277145570348
leaf_weight=131919 1576 14300 1566 543 1020 2235 1457 12322 10596 1283 15865 1714 1109 1478 3079 3288 643 687 508 2753 665 837 2043 1116 1293 2698 6389 69972 886 7068
leaf_count=131919 1576 14300 1566 543 1020 2235 1457 12322 10596 1283 15865 1714 1109 1478 3079 3288 643 687 508 2753 665 837 2043 1116 1293 2698 6389 69972 886 7068
internal_value=-0.000119834 -0.00277332 0.00399746 4.23853e-05 0.00134776 -0.00541981 0.00198071 0.00349441 0.00453043 0.00688208 -0.00070967 -0.0170931 -0.00310856 -0.000252491 -0.00324061 -0.0106244 0.00279948 -0.00266246 -7.57959e-05 0.0022029 -0.0150625 -0.0129021 -0.00662219 0.0134252 0.0175486 -6.21169e-05 0.000838284 0.00115209 0.00431617 0.00749623
internal_weight=302908 17442 3142 285466 52596 4492 48104 30782 26610 14288 17322 2257 4172 232870 13938 6268 7670 4591 3948 3440 4790 4125 3063 3692 2409 218932 87013 84315 14343 7954
internal_count=302908 17442 3142 285466 52596 4492 48104 30782 26610 14288 17322 2257 4172 232870 13938 6268 7670 4591 3948 3440 4790 4125 3063 3692 2409 218932 87013 84315 14343 7954
is_linear=0
shrinkage=0.05


Tree=94
num_leaves=31
num_cat=0
split_feature=19 38 11 69 45 69 62 33 64 17 33 10 67 27 8 18 73 66 67 64 69 19 66 33 72 18 36 66 69 74
split_gain=40.2644 42.9484 36.8642 61.4906 37.0496 87.8275 104.377 88.2034 76.3931 61.6485 108.79 110.659 90.4929 76.8453 76.5185 105.784 85.498 90.9368 74.4568 72.6645 62.5658 122.934 156.849 147.415 128.415 122.384 142.957 101.914 194.665 88.8028
threshold=0.89023306965827953 2.222191691398621 -0.72197014093399037 0.018135389313101772 3.5000000000000004 0.035909948870539672 -0.11993527412414549 0.68919023871421825 -0.050559073686599725 -0.011044696904718874 2.2556847333908085 -0.48643301427364344 0.2418722286820412 1.2050145268440249 0.035227259621024139 -0.16507282853126523 0.45781402289867407 -0.0080204543191939575 0.078704115003347411 0.17536962032318118 0.01187327364459634 0.093422468751668944 -0.16169383376836774 1.5700467824935915 0.19511218369007113 -0.075970776379108415 43.233167648315437 -0.070716280490159975 0.022214193828403953 0.87774157524108898
decision_type=10 10 8 10 10 10 8 8 10 10 10 10 10 10 10 8 10 10 10 10 8 10 10 8 10 8 2 10 10 10
left_child=1 2 3 -1 5 6 -4 8 -8 10 13 -12 14 20 15 18 17 -16 -11 -18 21 23 -23 -6 -25 26 27 29 -29 -22
right_child=-2 -3 4 -5 9 -7 7 -9 -10 12 11 -13 -14 -15 16 -17 19 -19 -20 -21 25 22 -24 24 -26 -27 -28 28 -30 -31
leaf_value=0.0029591287406177578 -0.002243764890433523 -0.0022652011277104868 -0.0057733904982321211 -0.0010932496113413379 -0.00026123002035166896 0.0018394816895795744 9.5381912285563011e-05 -4.8798305812114072e-05 -0.00083091780054124736 -0.0030371863863143216 0.0038911825535710275 -0.0012571445671418922 0.00035197150345547964 0.0010675261194521962 -0.00057821497188669522 0.00017666217231441291 -9.0857895968915651e-05 -0.0029535358634893575 -0.00042242336462452735 0.0036050507488787388 0.00026387651608368714 -0.0019101972435401902 0.002626738975065249 -0.0026271177811807663 8.7317183022340296e-06 -0.00016087739223795392 -0.00019614013031543046 -0.00049350345971210948 0.0023319547870846434 -0.00097824422483723116
leaf_weight=1120 1047 1167 510 653 19500 1757 3084 36128 8584 508 537 5370 38100 4311 8447 27408 11688 984 1058 776 50582 696 2954 924 525 50117 21788 637 1083 816
leaf_count=1120 1047 1167 510 653 19500 1757 3084 36128 8584 508 537 5370 38100 4311 8447 27408 11688 984 1058 776 50582 696 2954 924 525 50117 21788 637 1083 816
internal_value=-0.000144782 -0.000110661 -7.33399e-05 0.00709478 -0.000116099 -0.00135702 -0.00175718 -0.00151445 -0.005292 0.000133631 -0.00045355 -0.00710664 0.00118848 -0.0001978 -0.000191631 0.00149393 -0.00242182 -0.00601102 -0.0111041 0.000296617 -0.000387618 -0.0026921 0.00576503 -0.00416766 -0.0194997 6.59826e-05 0.00134551 0.00274432 0.0146821 0.00234205
internal_weight=302859 301812 300645 1773 298872 50063 48306 47796 11668 248809 159840 5907 88969 153933 50869 28974 21895 9431 1566 12464 149622 24599 3650 20949 1449 125023 74906 53118 1720 51398
internal_count=302859 301812 300645 1773 298872 50063 48306 47796 11668 248809 159840 5907 88969 153933 50869 28974 21895 9431 1566 12464 149622 24599 3650 20949 1449 125023 74906 53118 1720 51398
is_linear=0
shrinkage=0.05


Tree=95
num_leaves=31
num_cat=0
split_feature=13 16 45 65 18 36 66 11 45 65 27 54 65 69 68 54 60 62 41 39 18 73 45 73 62 54 14 54 69 75
split_gain=52.0966 39.6281 109.758 105.33 101.782 82.6937 79.8163 71.1192 67.5261 93.014 91.313 85.9338 160.665 190.685 199.702 108.72 88.4156 86.1793 85.4139 102.614 80.5756 75.0008 77.2501 96.8543 80.5022 73.3171 72.381 125.999 70.4685 70.2051
threshold=0.70117357373237621 -0.23196665197610852 26.500000000000004 0.15748763084411624 -0.19125561416149137 41.845220565795906 -0.34675429761409754 -0.32352925837039942 27.500000000000004 -0.30392172932624811 0.086209509521722807 7.0690448284149179 0.061795532703399665 0.017325930297374729 0.027030812576413158 8.0267419815063494 0.070696115493774428 -0.0050067603588104239 0.14982149749994281 0.087958950549364104 0.070026800036430373 0.240274153649807 22.500000000000004 0.77400639653205883 -0.098854959011077867 8.1163144111633319 -0.055833991616964333 2.1288266181945805 0.010371562093496324 0.82408890128135692
decision_type=10 8 10 10 8 2 10 8 10 8 10 2 10 10 10 2 10 10 10 8 10 8 8 10 10 2 10 2 10 8
left_child=1 2 3 -1 -3 -4 -7 -6 11 10 -10 26 18 14 16 17 25 -15 19 20 21 -13 23 -23 -25 -14 27 28 -9 -29
right_child=-2 4 5 -5 7 6 -8 8 9 -11 -12 12 13 15 -16 -17 -18 -19 -20 -21 -22 22 -24 24 -26 -27 -28 29 -30 -31
leaf_value=0.00055371667378715367 -0.0029137543542984089 -0.00058956630102113589 0.00011548258542689754 -0.0020400131759555858 -0.00021367911711913268 -1.8462200244065941e-05 -0.0010978904902619591 0.0053300635867530415 -0.0017502984676991311 0.00019811700958044295 0.00013718113864672781 -0.00054635482113601593 -0.00014410318742151835 -0.00098808653670340025 -0.0028966739985977655 0.00031650944598485883 0.00083718599287839002 3.0454835902755939e-05 0.003783277970309939 -0.0017874940701713188 -0.00080047144188746117 0.0005928297452738253 -0.0001371855047563007 -0.0038211005545979101 0.00015299480675703156 -0.001772186862925683 0.0001331771371871843 -8.1377154750071973e-05 0.00029684575993243838 -0.0011079082977783104
leaf_weight=21011 1196 11353 19638 634 23984 4576 4366 1610 840 38126 960 2692 994 1997 2313 3176 890 1835 1102 2190 2874 7375 3822 513 2058 1019 99250 20977 5921 13611
leaf_count=21011 1196 11353 19638 634 23984 4576 4366 1610 840 38126 960 2692 994 1997 2313 3176 890 1835 1102 2190 2874 7375 3822 513 2058 1019 99250 20977 5921 13611
internal_value=-7.64246e-05 -3.49665e-05 0.00124714 0.00393212 -0.000291063 -0.000786988 -0.00476988 -7.22498e-05 0.000214429 0.00207081 -0.00900552 -0.000206266 -0.00242972 -0.00704594 -0.0142748 -0.00165289 -0.00550978 -0.0073139 6.62661e-05 -0.000631559 0.000532465 0.00188221 0.00337495 0.00569506 -0.00265401 -0.0112951 0.000341989 -0.00139453 0.00446227 -0.00267067
internal_weight=302903 301707 50225 21645 251482 28580 8942 240129 216145 39926 1800 176219 34850 12224 5216 7008 2903 3832 22626 21524 19334 16460 13768 9946 2571 2013 141369 42119 7531 34588
internal_count=302903 301707 50225 21645 251482 28580 8942 240129 216145 39926 1800 176219 34850 12224 5216 7008 2903 3832 22626 21524 19334 16460 13768 9946 2571 2013 141369 42119 7531 34588
is_linear=0
shrinkage=0.05


Tree=96
num_leaves=31
num_cat=0
split_feature=45 55 18 17 3 58 60 27 69 33 67 58 68 69 11 17 33 55 69 58 68 8 60 67 11 67 64 30 68 67
split_gain=55.1311 121.482 198.55 166.57 249.444 121.804 89.3979 91.1556 86.733 71.6187 65.7929 63.3595 61.9174 74.735 56.1741 55.2854 109.645 121.23 300.69 283.155 224.554 220.709 141.956 166.153 122.257 115.139 112.021 98.974 127.659 85.3704
threshold=3.5000000000000004 1.0000000180025095e-35 -0.22457065433263776 -0.0042146758642047635 0.016918910667300228 0.69366195797920238 -0.098513700067996965 0.48666235804557806 0.015650454442948106 0.68919023871421825 0.3032789826393128 0.70653614401817333 -0.019774370826780793 0.02255706395953894 0.011465043295174839 -0.010207364335656164 2.0571985244750981 1.0000000180025095e-35 0.014692833181470634 0.42450639605522161 -0.01966963522136211 -0.10736147314310072 -0.26067499816417689 0.12880866229534152 -0.33766147494316096 0.25462946295738226 0.16768085956573489 1.0104045867919924 -0.019943372346460816 0.2418722286820412
decision_type=10 2 10 10 10 2 10 8 10 10 10 2 10 10 8 10 10 2 10 2 10 10 8 8 8 8 10 10 10 10
left_child=1 6 3 4 -3 10 7 14 9 -8 -4 -11 13 -9 -1 16 17 26 19 -19 21 22 24 -24 -20 -22 27 -2 -29 -17
right_child=15 2 5 -5 -6 -7 8 12 -10 11 -12 -13 -14 -15 -16 29 -18 18 20 -21 25 -23 23 -25 -26 -27 -28 28 -30 -31
leaf_value=-0.0001684056182714843 -0.0001021082174027114 -0.0051551575814047807 5.3535081079758746e-07 -0.0054467048130928805 0.011309376251673806 -0.0012076125272833538 -0.00086527293664074407 0.00063718282814601154 -0.00069988301985958001 0.00015022805092044166 0.001377098423050819 0.0054129675566732824 -0.00044107373403690791 0.0038043394020102123 0.0021919240075897414 -1.8116900874063855e-05 -0.00086973389118582634 3.6836120172792539e-05 0.0028111937166076062 -0.0013702647899251456 0.0012848538805367152 -0.00034275868223463974 0.0010842421498921417 0.00014522447763726208 -0.0011679130430073091 0.00041388944385482461 -0.0010563814034578115 -2.0347046488601583e-05 0.0021965090308348665 0.00034538242765903805
leaf_weight=572 110878 1058 3032 1265 530 1104 4128 6103 13761 7643 653 1817 6319 1017 1914 50713 7342 6727 517 2941 3044 4955 5164 4896 1583 4259 3090 4523 2886 38231
leaf_count=572 110878 1058 3032 1265 530 1104 4128 6103 13761 7643 653 1817 6319 1017 1914 50713 7342 6727 517 2941 3044 4955 5164 4896 1583 4259 3090 4523 2886 38231
internal_value=-0.000141241 -0.0016416 -0.00744903 -0.0178659 -0.00700876 -0.001219 -0.000614546 0.00236272 -0.0023484 0.000485365 0.00315291 0.00288279 0.000732396 0.00392707 0.0111378 0.000162258 -0.000385407 -0.000103233 0.00253109 -0.0049287 0.00548551 0.00235036 0.00597371 0.00844091 -0.00582938 0.0128196 -0.000843171 -0.000597226 0.00499393 0.00116465
internal_weight=302665 50916 7642 2853 1588 4789 43274 15925 27349 13588 3685 9460 13439 7120 2486 251749 162805 155463 34086 9668 24418 17115 12160 10060 2100 7303 121377 118287 7409 88944
internal_count=302665 50916 7642 2853 1588 4789 43274 15925 27349 13588 3685 9460 13439 7120 2486 251749 162805 155463 34086 9668 24418 17115 12160 10060 2100 7303 121377 118287 7409 88944
is_linear=0
shrinkage=0.05


Tree=97
num_leaves=31
num_cat=0
split_feature=0 22 59 45 59 68 33 37 38 65 64 33 48 11 45 58 19 18 65 54 64 65 72 14 32 54 67 65 54 68
split_gain=44.2666 40.1609 43.6457 42.3782 40.8128 56.247 52.6905 48.1396 37.9604 37.2132 34.9696 47.1099 34.0495 33.5084 32.5035 129.314 73.3156 60.8697 136.836 102.549 80.8895 100.035 96.016 93.9564 80.7806 61.2335 57.4428 61.2469 51.1105 55.7892
threshold=0.014890786260366442 0.93126073479652416 0.024693462997674945 2.5000000000000004 0.0035559171810746197 -0.090405084192752824 0.55594608187675487 0.57109865546226513 1.9256732463836672 0.39618486166000372 -0.042765170335769646 0.93879011273384105 0.066668257117271437 -0.77870699763298024 12.500000000000002 0.81410688161849987 -0.041742635890841477 0.02954926993697882 -0.0064574778079986564 5.931077480316163 0.069219708442688002 0.11591053009033205 0.96895825862884533 -0.060222730040550225 -0.19896356761455533 7.401994228363038 0.16320770233869555 0.0454930067062378 3.2544358968734746 -0.054346978664398186
decision_type=8 10 10 8 10 8 10 10 10 10 8 8 2 8 8 2 8 10 10 2 8 10 8 8 10 2 10 10 2 10
left_child=1 3 -3 4 5 -1 7 -7 -2 13 -6 -12 -13 -5 -15 17 -17 20 -19 26 22 23 -16 25 -23 -22 27 -20 29 -28
right_child=8 2 -4 9 10 6 -8 -9 -10 -11 11 12 -14 14 15 16 -18 18 19 -21 21 24 -24 -25 -26 -27 28 -29 -30 -31
leaf_value=0.0023586430359829012 -0.00012622588880133322 0.00010682379838164994 0.00082604013885914564 0.0024046414809276518 0.00061328126571750629 -0.00082182350430011247 -0.00039731042540414149 -0.0021096303078732086 -0.0026685332230030772 0.00096789890362126139 -0.00059271817707653703 0.00080026093941039551 -0.00037186903777787359 0.00016554237418992736 1.6524485238404501e-05 -0.0032984176522670898 -0.00075084736765346791 -0.0010875270301347983 0.00048515819012385846 -0.00059476802404887462 0.0012588395641886839 -0.00087663458578725274 -0.0019925173923541458 0.00030450710145819745 0.00032987481314021604 0.0016383670409589547 0.0026740252663219571 0.0038127350437671386 -0.0004722540747347553 0.000236047778038255
leaf_weight=502 73722 5184 2854 696 1232 1629 5000 1154 865 756 3146 2916 3581 48656 114017 567 1196 6616 2221 3560 2954 1822 844 6410 848 588 742 1305 4928 2479
leaf_count=502 73722 5184 2854 696 1232 1629 5000 1154 865 756 3146 2916 3581 48656 114017 567 1196 6616 2221 3560 2954 1822 844 6410 848 588 742 1305 4928 2479
internal_value=-7.45875e-05 0.000270781 0.00374006 0.000144073 -0.00210224 -0.00474382 -0.00579366 -0.0112961 -0.00113208 0.000358075 -8.72761e-05 -0.00110328 0.00132934 0.000316025 0.000277579 -8.43773e-05 -0.0135082 7.49946e-05 -0.00236265 0.000245982 0.000492968 0.00429069 7.53019e-05 0.00659506 -0.00429104 0.0131194 0.00251177 0.00783371 0.000202231 0.0050913
internal_weight=302990 228403 8038 220365 19160 8285 7783 2783 74587 201205 10875 9643 6497 200449 199753 151097 1763 149334 21851 15235 127483 12622 114861 9952 2670 3542 11675 3526 8149 3221
internal_count=302990 228403 8038 220365 19160 8285 7783 2783 74587 201205 10875 9643 6497 200449 199753 151097 1763 149334 21851 15235 127483 12622 114861 9952 2670 3542 11675 3526 8149 3221
is_linear=0
shrinkage=0.05


Tree=98
num_leaves=31
num_cat=0
split_feature=19 39 65 59 37 71 75 75 57 24 57 23 66 32 19 71 75 32 60 16 60 57 72 75 73 63 66 11 16 7
split_gain=38.7968 38.6293 79.124 57.226 45.1868 56.9906 47.4262 42.8105 37.966 37.0338 39.6907 32.4573 68.8304 157.124 118.959 84.0539 126.124 71.049 59.3597 124.576 93.096 70.73 58.9266 56.9485 49.1204 58.8842 48.4266 218.395 101.11 109.255
threshold=0.89023306965827953 0.1627532243728638 0.061795532703399665 -0.27293194830417628 -0.81164315342903126 -0.20744054764509198 0.96245503425598156 0.11425144597887994 0.31248359382152563 2.2847963571548466 0.50497022271156322 -0.048683684319257729 -0.14356330037117002 -0.3519595712423324 -0.073758266866207109 -0.11278241872787474 0.50394031405448925 -0.29290911555290217 -0.14372148364782331 -0.050993705168366425 -0.02039990201592445 0.46987479925155645 0.54801282286643993 0.090019583702087416 0.5138545334339143 0.046498179435729987 -0.095037013292312608 -0.21489643305540082 -0.021693070419132706 -0.11887065693736075
decision_type=10 8 8 8 8 10 10 10 2 8 2 8 10 8 8 8 10 8 10 8 10 2 10 10 10 10 10 10 10 10
left_child=1 3 -3 7 5 -4 8 -1 -6 10 -10 26 17 -14 -15 -16 22 24 19 -19 21 -20 -17 -24 25 -13 28 -28 -5 -30
right_child=-2 2 4 11 6 -7 -8 -9 9 -11 -12 12 13 14 15 16 -18 18 20 -21 -22 -23 23 -25 -26 -27 27 -29 29 -31
leaf_value=-0.0034968221827128936 -0.0021635355379692155 -0.0023619644457930494 0.0038945353579083481 2.207668854782162e-05 -0.00017160623988810681 -0.00038429127274998518 0.0017292442367832297 -0.00054382098467768117 -0.0026004826203443045 -0.0046747076556635852 -2.078441633109572e-05 1.1283155185932894e-05 0.0010132495896417065 -0.0015061953010327611 0.00040645426156884633 -0.0002741624422734918 0.00058522287828077161 -0.00074762979704000689 0.00030600337965501007 0.00047884508950349905 0.00012134289275902285 0.00074707212144176744 -0.002570594418870681 -0.0012442202230462194 -0.00011373974700574227 0.0010300051932569942 -0.00069749913305422852 0.00041289071039982573 -0.0010323380763161399 -0.00019132215317715692
leaf_weight=515 1026 2511 743 138028 6007 832 1593 681 1290 713 1968 2663 2939 1512 2703 5948 5513 1055 5231 9539 5507 2857 577 2897 15940 1735 7506 30582 7433 34965
leaf_count=515 1026 2511 743 138028 6007 832 1593 681 1290 713 1968 2663 2939 1512 2703 5948 5513 1055 5231 9539 5507 2857 577 2897 15940 1735 7506 30582 7433 34965
internal_value=6.76525e-06 3.99016e-05 -0.00237761 0.000172175 -0.000820918 0.00709779 -0.00190398 -0.0106965 -0.00318382 -0.00697061 -0.00468176 0.000218138 0.00118422 -0.00109733 -0.00275052 -0.00159225 -0.00306122 0.00231605 0.00414687 0.00133912 0.00633223 0.00974315 -0.00657337 -0.0117394 0.000137606 0.00480944 -7.64218e-05 0.00154339 -0.000418431 -0.00255376
internal_weight=303009 301983 15657 286326 13146 1575 11571 1196 9978 3971 3258 285130 66616 22089 19150 17638 14935 44527 24189 10594 13595 8088 9422 3474 20338 4398 218514 38088 180426 42398
internal_count=303009 301983 15657 286326 13146 1575 11571 1196 9978 3971 3258 285130 66616 22089 19150 17638 14935 44527 24189 10594 13595 8088 9422 3474 20338 4398 218514 38088 180426 42398
is_linear=0
shrinkage=0.05


Tree=99
num_leaves=31
num_cat=0
split_feature=50 60 54 39 49 65 55 29 23 15 17 10 55 18 62 54 30 65 53 40 75 55 33 31 39 17 54 66 7 9
split_gain=36.3516 50.7552 115.064 71.8469 55.7668 46.4785 65.608 61.696 62.3124 45.6369 44.943 44.5796 43.743 59.673 43.3255 126.406 95.8995 76.5071 70.9832 58.0327 69.3093 113.561 54.2654 54.092 49.2526 47.4685 76.7636 188.517 97.5196 72.5736
threshold=0.011175319086760284 -0.054952275007963174 4.3921005725860605 0.081284940242767348 0.0068183755502104768 0.083996891975402846 1.0000000180025095e-35 -0.44088423252105707 -0.07882672548294066 -0.058574946597218507 -0.044357512146234505 0.25000138580799108 1.0000000180025095e-35 0.015609574969857933 0.094574093818664565 2.0274899005889897 0.09413821250200273 0.1043643355369568 0.074175827205181136 0.012853731401264669 0.25120261311531072 1.5000000000000002 1.7580352425575259 0.3563953042030335 0.075517226010561003 -0.017712068744003769 2.2990788221359257 -0.00959199760109186 0.23125290870666507 -0.23579490184783933
decision_type=2 8 2 10 2 10 2 8 10 8 10 10 2 8 8 2 8 8 10 8 8 2 8 10 10 10 2 10 10 8
left_child=14 2 3 10 9 7 -7 -4 -9 -3 11 -2 -11 -14 25 24 17 -17 19 -18 -21 22 -22 -24 -16 29 27 28 -27 -1
right_child=1 4 5 -5 -6 6 -8 8 -10 12 -12 -13 13 -15 15 16 18 -19 -20 20 21 -23 23 -25 -26 26 -28 -29 -30 -31
leaf_value=0.00010479739496189237 -0.00021699670383985107 -0.00043401405029313628 0.00084300342934246441 -0.0013475710996951448 -0.00056241330290560001 0.0013627088342473964 -0.0002979469240076125 -0.00020254283881170881 0.00041804683788005385 0.00023150117454874639 0.00051681231303362198 -0.0022133622127054444 0.00036900000174697401 -0.0012585671512012969 0.0024264678846557253 0.0012033168106103883 -0.0017885066183290837 -8.9165103633888625e-05 0.0016481567452464642 0.00051272133855958038 -0.00059721940429757205 -0.0033644607150316178 -9.2669323156263118e-05 0.0015991123773372218 0.0006782850600359256 -0.00023326088367763614 0.00012518011844998757 0.007096489364852316 -0.0020077889269718196 -0.0001538045326137157
leaf_weight=37278 5117 5573 5970 4943 22125 1744 601 10112 3956 16006 2991 505 950 2035 2596 1127 771 702 1635 3014 5251 829 8002 1863 1485 10472 72807 888 3587 68032
leaf_count=37278 5117 5573 5970 4943 22125 1744 601 10112 3956 16006 2991 505 950 2035 2596 1127 771 702 1635 3014 5251 829 8002 1863 1485 10472 72807 888 3587 68032
internal_value=-0.000171795 -0.0010661 0.000346324 -0.00328763 -0.00215315 0.00254767 0.00919321 0.00176576 -4.26197e-05 -0.000512737 -0.000527659 -0.00316051 0.000655229 -0.00489149 0.000163604 0.00202859 0.000599035 0.0115552 -0.00034386 -0.00117528 -0.000624703 -0.00193983 -0.000945392 0.00124051 0.010132 -9.99617e-05 0.000758853 -0.00250384 -0.00391997 -0.00081561
internal_weight=302967 82628 35939 13556 46689 22383 2345 20038 14068 24564 8613 5622 18991 2985 220339 27275 23194 1829 21365 19730 18959 15945 15116 9865 4081 193064 87754 14947 14059 105310
internal_count=302967 82628 35939 13556 46689 22383 2345 20038 14068 24564 8613 5622 18991 2985 220339 27275 23194 1829 21365 19730 18959 15945 15116 9865 4081 193064 87754 14947 14059 105310
is_linear=0
shrinkage=0.05


Tree=100
num_leaves=31
num_cat=0
split_feature=13 18 32 54 43 54 66 75 74 60 54 69 55 54 65 19 19 65 13 26 69 65 18 60 7 69 69 54 69 42
split_gain=39.328 38.5593 64.6491 72.9781 63.5548 59.192 71.7262 57.8844 46.653 126.527 210.789 213.295 221.347 167.558 155.102 183.586 153.376 103.935 97.9193 91.6205 79.9417 105.124 154.855 154.332 147.716 79.4681 82.5013 78.3259 74.2063 92.6565
threshold=0.70117357373237621 -0.30131512880325312 -0.68616023659706105 1.8570786118507387 0.23661535978317264 0.4855030775070191 -0.19760910421609876 0.99065595865249645 0.24024491012096408 -0.030300218611955639 4.835646629333497 0.022214193828403953 1.0000000180025095e-35 6.6294622421264657 -0.24368524551391599 -0.29318338632583613 -0.40451705455780024 0.083075463771820082 -0.089222401380538927 -0.30611050128936762 0.011485726106911899 0.10496115684509279 -0.063989762216806398 0.24561627209186557 0.021543478593230251 0.021456195972859863 0.01318702567368746 6.1901209354400644 0.031046902760863308 0.071179933845996871
decision_type=10 8 8 2 10 2 8 10 8 8 2 10 2 2 8 10 8 10 10 10 10 10 10 10 10 10 10 2 10 8
left_child=1 2 3 -1 -5 6 -3 8 9 13 14 17 19 16 -11 -16 -7 -12 -18 -13 -17 22 -22 24 -23 26 -15 -19 29 -10
right_child=-2 5 -4 4 -6 7 -8 -9 28 10 11 12 -14 25 15 20 18 27 -20 -21 21 23 -24 -25 -26 -27 -28 -29 -30 -31
leaf_value=-0.001203954785470833 -0.0028366990653507095 0.00036720813529128615 -0.00092910515684850494 0.0043221542140059561 0.00020214630426491735 0.0046190578869721539 0.018782888848089454 -0.0017032812264854277 -9.3334216888160682e-08 0.0060216382703597443 -7.8993415694632925e-05 -0.0027734478585105206 0.003063698272612804 -0.00014288862020240048 -0.0017714697653141405 0.0036167053205677711 7.2939540363444258e-05 -0.00021966822030395508 -0.00074592473276833464 0.00079777868980610781 0.0012838733830355786 0.00060928376501647179 -0.0012019456304035972 -0.0001974103015844303 0.0082989367372514056 -4.1920200362527071e-05 0.0015708541426168268 -0.0014562826183575996 0.00017718150560726322 -0.00039583482564225955
leaf_weight=1455 1162 828 5050 743 3649 689 503 2097 138669 1204 4591 522 993 524 1096 4419 9649 1072 13277 748 2262 1363 2827 2078 2065 1381 1692 2093 45373 49160
leaf_count=1455 1162 828 5050 743 3649 689 503 2097 138669 1204 4591 522 993 524 1096 4419 9649 1072 13277 748 2262 1363 2827 2078 2065 1381 1692 2093 45373 49160
internal_value=-7.35381e-05 -3.80691e-05 -0.00295682 0.000623186 0.00383916 7.12605e-05 0.0105518 2.27701e-05 8.32299e-05 0.00139951 0.0038017 -0.00196929 0.0115046 -0.00101389 0.00714038 0.00583747 -0.00254603 -0.00591038 -0.00324817 -0.00234375 0.00728168 0.00491749 -0.000264758 0.00969906 0.0162013 0.00902412 0.0148697 -0.0128661 -0.000224688 -0.000663068
internal_weight=303234 302072 10897 5847 4392 291175 1331 289844 287747 54545 27333 10019 2263 27212 17314 16110 23615 7756 22926 1270 15014 10595 5089 5506 3428 3597 2216 3165 233202 187829
internal_count=303234 302072 10897 5847 4392 291175 1331 289844 287747 54545 27333 10019 2263 27212 17314 16110 23615 7756 22926 1270 15014 10595 5089 5506 3428 3597 2216 3165 233202 187829
is_linear=0
shrinkage=0.05


Tree=101
num_leaves=31
num_cat=0
split_feature=50 68 54 54 64 65 64 74 68 65 64 67 17 68 54 13 37 29 28 55 18 9 57 57 32 38 67 65 46 55
split_gain=36.9436 73.1226 93.467 78.8956 98.6089 101.141 97.2252 107.416 78.1757 136.049 119.572 75.7887 74.3005 72.9714 92.355 76.9456 76.3398 72.8848 72.0553 71.054 301.296 101.981 90.7336 100.078 87.2575 82.1035 72.6437 135.488 128.747 112.853
threshold=0.00069180224090814601 -0.0028993753949180241 3.673892736434937 6.2636363506317148 -0.021728426218032833 -0.27140665054321284 -0.0033690631389617916 0.35256670415401464 0.091217182576656355 0.2830579280853272 0.071433842182159438 0.42722320556640631 -0.109290923923254 -0.088468328118324266 4.2329463958740243 0.061239287257194526 -0.73711541295051564 -0.05074722692370414 0.28235419094562536 1.0000000180025095e-35 0.075726114213466658 -0.21738467365503308 0.34155485033988958 0.45305164158344274 -0.27956706285476679 0.58642444014549266 0.30423873662948614 0.061795532703399665 14.500000000000002 1.5000000000000002
decision_type=2 8 2 2 10 8 8 10 8 8 8 10 10 8 2 10 8 10 10 2 8 8 2 2 10 10 10 10 10 2
left_child=1 3 8 6 5 12 -1 -8 10 -10 -3 -11 -5 14 -2 16 -16 -7 -15 -20 21 25 -22 -24 -25 -21 27 29 -29 -23
right_child=13 2 -4 4 -6 17 7 -9 9 11 -12 -13 -14 18 15 -17 -18 -19 19 20 22 26 23 24 -26 -27 -28 28 -30 -31
leaf_value=-0.00024918538923218969 -0.00033598494776188183 0.0010548247665878843 3.1200234585407373e-05 0.0010746997741120261 -0.00031509453038815367 0.00027892944819221313 0.0016858191202718167 -0.00017076154798026339 0.013683518980175103 0.0021336255708257891 -0.00057942269058118491 -0.0022786555836653163 -0.00049429838583287835 -0.00027336782957073112 0.00085077769803954472 0.0055086731623832279 5.3553693171796289e-05 0.00098199254291811183 5.6036687059675758e-05 -0.00027216875967150841 -0.0028180267495495452 0.00044007808169862914 0.0011224757743227784 -0.0039864460119318577 -0.00046127881937443535 -0.0022832778175325219 0.00053588535661654591 0.00031397040229750217 -0.0022813903831934573 -0.00022553160852023039
leaf_weight=57292 8438 10601 32165 966 5145 17398 5175 5650 1173 3250 5068 533 3566 44098 5288 806 8255 655 70496 1798 1230 4438 501 1038 939 550 1842 837 1358 2242
leaf_count=57292 8438 10601 32165 966 5145 17398 5175 5650 1173 3250 5068 533 3566 44098 5288 806 8255 655 70496 1798 1230 4438 501 1038 939 550 1842 837 1358 2242
internal_value=-6.22521e-05 0.000500178 0.00199432 -0.000322877 0.00192502 0.00334809 -0.00123813 0.00310568 0.00462079 0.0100886 0.00288603 0.00544424 -0.00332453 -0.000604551 0.00200684 0.00444669 0.00354534 0.00502408 -0.00105764 -0.00022514 -0.00314902 0.000424474 -0.0157074 -0.0101286 -0.0151736 -0.00899067 0.00249371 0.000613393 -0.0101361 0.00415546
internal_weight=302791 148637 52790 95847 27730 22585 68117 10825 20625 4956 15669 3783 4532 154154 22787 14349 13543 18053 131367 87269 16773 13065 3708 2478 1977 2348 10717 8875 2195 6680
internal_count=302791 148637 52790 95847 27730 22585 68117 10825 20625 4956 15669 3783 4532 154154 22787 14349 13543 18053 131367 87269 16773 13065 3708 2478 1977 2348 10717 8875 2195 6680
is_linear=0
shrinkage=0.05


Tree=102
num_leaves=31
num_cat=0
split_feature=1 49 22 59 70 58 60 20 59 65 19 69 59 58 54 61 37 54 54 58 5 58 69 41 65 54 54 41 65 64
split_gain=46.5581 45.9723 41.9074 42.6462 41.0777 54.4282 68.9621 66.6615 59.1355 75.0768 58.9393 56.7224 110.993 100.521 53.1795 51.1148 67.9009 49.0763 46.1391 70.6428 59.0226 52.0428 42.7848 38.2676 60.7004 37.2666 37.1976 41.5795 47.2882 37.9475
threshold=0.025386194698512558 0.00045227266673464333 0.94117864966392528 0.11644834652543069 -0.067465785890817628 0.88253614306449901 0.1771495193243027 -0.057141840457916253 -0.061843020841479295 -0.053519010543823235 -0.069609280675649629 0.021784877404570583 -0.092760320752859102 0.0774647891521454 3.9779044389724736 -0.02586463093757629 -0.81993290781974781 4.0074241161346444 4.5326533317565927 0.283255085349083 -0.44429354369640345 0.15414710342884066 0.022258413955569271 0.0075270228553563365 -0.22363534569740293 5.8687741756439218 1.5422285795211794 0.071409061551094069 -0.19511517882347104 -0.14856553077697751
decision_type=8 2 10 10 8 2 8 10 10 10 8 10 10 2 2 10 8 2 2 2 8 2 10 8 8 2 2 8 8 10
left_child=2 -2 4 -4 5 7 25 8 11 10 -10 12 -1 14 -14 16 -11 -15 20 21 -13 -20 -9 24 -6 -7 -12 28 29 -28
right_child=1 -3 3 -5 23 6 -8 22 9 15 26 18 13 17 -16 -17 -18 -19 19 -21 -22 -23 -24 -25 -26 -27 27 -29 -30 -31
leaf_value=-0.0019369534125500323 3.442568635314194e-05 -0.00033569882608673845 0.00023487136510752586 0.0014210590982983839 -0.00041086858411045184 -0.0013330577682025817 5.959243640016321e-06 0.0004164492599031282 7.3481467632528346e-05 -0.0020759943328551222 0.0009473085555496936 -0.0019684962487182761 0.00085072165828414174 0.00058440572648287307 0.0039518801007838089 0.00046458054160931786 2.3864355620745498e-05 -0.0012855228122405373 0.0028110846280420543 -0.00022970314041272341 0.0010635492583724957 0.0054232581229066964 0.0010125807666106377 -2.8120738893729895e-05 0.00062890760421615676 -0.0022395685903574998 -0.00016416970067860165 -0.0011219050278146942 0.00037865708046406387 -0.0016208747309024666
leaf_weight=914 25199 34556 8141 802 530 501 2235 2818 10424 535 759 816 512 1057 505 14716 2407 773 1497 624 2820 523 1772 177684 1243 604 848 4818 1837 735
leaf_count=914 25199 34556 8141 802 530 501 2235 2818 10424 535 759 816 512 1057 505 14716 2407 773 1497 624 2820 523 1772 177684 1243 604 848 4818 1837 735
internal_value=-6.21671e-05 -0.00131264 0.000244804 0.00360214 0.000116623 0.0013113 -0.00486567 0.00171114 0.00115001 0.00022783 -0.00191704 0.00455179 -0.000304959 0.00456773 0.0170886 0.0025866 -0.00342141 -0.00244565 0.00745628 0.0124717 0.00378497 0.0169951 0.00745652 -0.000249907 0.0070387 -0.0150224 -0.00487954 -0.00585597 -0.00163265 -0.00794099
internal_weight=303205 59755 243450 8943 234507 55050 3340 51710 47120 37079 19421 10041 3761 2847 1017 17658 2942 1830 6280 2644 3636 2020 4590 179457 1773 1105 8997 8238 3420 1583
internal_count=303205 59755 243450 8943 234507 55050 3340 51710 47120 37079 19421 10041 3761 2847 1017 17658 2942 1830 6280 2644 3636 2020 4590 179457 1773 1105 8997 8238 3420 1583
is_linear=0
shrinkage=0.05


Tree=103
num_leaves=31
num_cat=0
split_feature=74 66 54 66 5 55 49 68 41 54 60 58 68 42 8 60 75 54 60 55 72 8 30 74 60 57 69 66 54 55
split_gain=38.8989 74.9234 45.8161 76.3581 41.539 327.754 61.8159 42.1824 37.9927 123.694 92.5726 90.4361 50.7403 48.2243 48.9968 44.0423 98.2676 109.149 41.6064 39.9865 99.9537 66.5667 56.3149 37.1841 172.148 189.679 155.683 133.391 204.514 104.461
threshold=0.02068808022886515 -0.055798090994358056 0.4855030775070191 -0.20302043855190274 0.60776773095130932 1.5000000000000002 0.002272778889164329 -0.033555952832102769 0.14659219235181811 6.0113162994384775 0.033707875758409507 0.32975134253501898 0.018180883489549163 0.082103051245212569 0.68334677815437328 -0.30476647615432734 0.31167148053646093 2.786553263664246 -0.35635043680667872 1.0000000180025095e-35 0.0450967624783516 -0.1516444534063339 1.8145652413368227 0.2244510352611542 -0.028727388009428974 0.47691476345062261 0.012069122400134804 -0.35497231781482691 4.6435251235961923 1.5000000000000002
decision_type=8 8 2 8 8 2 2 8 8 2 10 2 10 10 8 8 10 2 10 2 10 8 10 10 8 2 10 8 2 2
left_child=1 -1 3 -2 8 6 -6 -8 15 10 13 19 -12 -10 -15 16 18 -18 -4 21 -21 -11 -22 24 25 26 -17 28 -26 -29
right_child=2 -3 4 -5 5 -7 7 -9 9 11 12 -13 -14 14 -16 23 17 -19 -20 20 22 -23 -24 -25 27 -27 -28 29 -30 -31
leaf_value=-0.00033534532730726085 -9.4195184787695957e-05 -0.0048756225215047175 -0.00034628715907400942 0.013829501682923871 0.00063251481329717964 -0.0096223435736764295 0.0024577595297857529 -0.0011536399560254137 0.00053597001626812246 0.0036050393288368371 0.0049125799622944978 -0.00041627938478500662 -0.00057028176343602215 -0.00023994068099023567 -0.0021073094898042401 -0.0012770226213352004 -0.0025810018189922745 0.00108992737045991 -0.0016634829253679671 0.0070698027064666023 0.0002087617800913386 -7.4443769219500371e-05 0.0062546099763867054 -2.1281050280363991e-05 0.006062741403557708 -0.001184193402017177 0.0002483193201749749 0.00028874472141885641 -0.0016839830251396118 0.001862610372729996
leaf_weight=4758 862 792 1075 578 6848 624 654 8547 2565 598 1197 1369 551 5289 2596 2887 794 2376 1587 863 1055 1262 589 197992 1565 5484 16491 28885 506 1684
leaf_count=4758 862 792 1075 578 6848 624 654 8547 2565 598 1197 1369 551 5289 2596 2887 794 2376 1587 863 1055 1262 589 197992 1565 5484 16491 28885 506 1684
internal_value=-4.70401e-05 -0.00419065 3.04321e-05 0.00889655 -1.30093e-05 -0.00243661 -0.00104303 -0.00371838 0.000131772 0.00235733 -0.000491481 0.00840585 0.0101251 -0.00227533 -0.00421153 -2.10457e-05 -0.00431359 0.00163522 -0.0113772 0.0119146 0.016031 0.00631016 0.00870617 7.71025e-05 0.00119627 -0.00193792 0.000386837 0.00358346 0.0158337 0.00274862
internal_weight=302923 5550 297373 1440 295933 16673 16049 9201 279260 17934 12198 5736 1748 10450 7885 261326 5832 3170 2662 4367 2507 1860 1644 255494 57502 24862 19378 32640 2071 30569
internal_count=302923 5550 297373 1440 295933 16673 16049 9201 279260 17934 12198 5736 1748 10450 7885 261326 5832 3170 2662 4367 2507 1860 1644 255494 57502 24862 19378 32640 2071 30569
is_linear=0
shrinkage=0.05


Tree=104
num_leaves=31
num_cat=0
split_feature=48 63 55 36 58 69 39 33 41 55 31 59 7 60 9 68 24 18 3 8 33 75 66 69 60 29 33 17 69 11
split_gain=39.9777 80.0911 105.475 48.78 36.2681 40.695 42.2806 35.2706 33.8681 181.233 136.675 79.8093 88.6101 72.4642 113.015 102.361 63.1297 86.5063 62.8988 57.9877 74.3761 71.7123 74.7172 152.391 70.8239 69.4556 68.0785 118.656 64.7707 250.119
threshold=0.20480274409055713 -0.18283757567405698 1.0000000180025095e-35 24.016695022583011 0.79968446493148815 0.010136223398149015 0.1627532243728638 1.5410844683647158 0.1134409047663212 1.5000000000000002 0.099337678402662291 -0.19344343990087506 -0.27861702442169184 0.046194680035114295 1.9597065448760989 0.018774406053125862 0.10700318589806558 -0.019547568634152409 -0.068758979439735399 0.1650103181600571 0.64860230684280407 0.29114660620689398 -0.084988009184598909 0.019805978983640674 -0.30476647615432734 -0.078055758029222475 1.8762500286102297 -0.065374635159969316 0.009492550045251848 0.072178728878498091
decision_type=2 8 2 2 2 10 8 10 10 2 10 8 10 10 10 10 10 10 10 10 8 10 10 10 8 10 10 10 8 10
left_child=8 2 3 -2 5 -3 -7 -6 11 10 -10 12 -1 14 16 -15 17 -12 -11 24 -21 -22 -23 25 -13 -24 28 -28 29 -26
right_child=1 4 -4 -5 7 6 -8 -9 9 18 13 19 -14 15 -16 -17 -18 -19 -20 20 21 22 23 -25 26 -27 27 -29 -30 -31
leaf_value=5.0750168948830422e-06 -0.0021818670649562904 0.00098483256687014256 0.0038273130193554037 0.00083561727002733641 -0.00062473823770071936 -0.0008624976145920057 -0.003394279501810267 0.0033664591181506043 -0.00079387591080623738 -0.00056402556504527349 0.0026427233874763301 -0.00082194213291476306 -0.0032805522252790224 0.0043928338119270591 -0.0024723190013371367 0.00017640290915156323 0.00032419176682336879 -0.00022210661085100559 -0.0038631693934346768 -0.00067302915353097494 0.0011021927895165742 -0.00043388951098941345 0.0040641392198795551 -0.0005930678793728835 -0.00083910612802156823 0.00015551107361715111 -0.0012876807432366999 4.3925919927330191e-05 6.2020682367425238e-05 0.0012610358618572245
leaf_weight=1353 1008 1168 792 2327 1520 6598 2358 600 5141 500 2468 2162 1296 2487 1081 1877 13293 1288 551 10562 1699 19433 3459 5648 8017 2037 3398 5993 188916 4113
leaf_count=1353 1008 1168 792 2327 1520 6598 2358 600 5141 500 2468 2162 1296 2487 1081 1877 13293 1288 551 10562 1699 19433 3459 5648 8017 2037 3398 5993 188916 4113
internal_value=-0.000195116 -0.00259752 0.00342035 -0.000493274 -0.00462706 -0.00587132 -0.00701539 0.00131455 -5.78837e-05 0.00157165 0.00234943 -0.000239058 -0.00885671 0.00403039 0.00263506 0.00980796 0.00363151 0.00934679 -0.0187088 -0.000149346 -0.00182739 -0.00063495 -0.00119168 0.00207101 0.000188844 0.00799128 0.000281544 -0.00387725 0.000475987 -0.00306425
internal_weight=303143 16371 4127 3335 12244 10124 8956 2120 286772 28686 27635 258086 2649 22494 18130 4364 17049 3756 1051 255437 42838 32276 30577 11144 212599 5496 210437 9391 201046 12130
internal_count=303143 16371 4127 3335 12244 10124 8956 2120 286772 28686 27635 258086 2649 22494 18130 4364 17049 3756 1051 255437 42838 32276 30577 11144 212599 5496 210437 9391 201046 12130
is_linear=0
shrinkage=0.05


Tree=105
num_leaves=31
num_cat=0
split_feature=39 16 74 64 41 33 8 75 74 64 69 69 24 67 45 46 69 67 19 11 46 67 66 23 55 75 69 11 23 15
split_gain=57.0505 44.3085 39.1497 68.5264 64.5991 42.8975 38.8957 43.3665 43.0623 164.324 112.017 114.072 108.41 107.306 143.363 127.181 110.001 87.8998 85.3078 70.1957 67.1339 83.3453 82.9013 86.5356 70.2096 75.4741 61.3417 91.3387 82.9433 103.059
threshold=0.13293515145778659 0.53474870324134838 0.025029987096786502 0.080898582935333266 0.29077659547328955 0.27408523857593542 -0.56586083769798268 0.80049988627433788 0.21211126446723941 -0.051977246999740594 0.011693994514644148 0.016562150791287426 0.08608832955360414 0.21296849101781848 19.500000000000004 10.500000000000002 0.018043832853436474 0.076752360910177245 -0.25750511884689326 0.07889158278703691 26.500000000000004 0.27105815708637243 -0.015547016635537146 -0.048683684319257729 1.0000000180025095e-35 0.34363523125648504 0.031046902760863308 -0.43772275745868677 -0.08060427755117415 -0.097072888165712343
decision_type=8 8 8 8 10 10 8 10 8 10 10 10 10 10 10 10 10 10 10 10 10 10 10 10 2 10 10 8 8 10
left_child=2 -2 3 -1 6 -5 7 -4 9 10 17 -12 -13 14 -11 -15 19 -8 -17 -16 26 22 23 24 -22 -26 -10 -28 -29 -30
right_child=1 -3 4 5 -6 -7 8 -9 20 13 11 12 -14 15 16 18 -18 -19 -20 -21 21 -23 -24 -25 25 -27 27 28 29 -31
leaf_value=-0.00022477998970147682 -0.001208149184653476 -0.00029492762413517313 -0.0026125767997646106 -0.0048710521950625259 0.0065886354065684705 -0.00083103779693068168 -0.0020258135558891542 0.0002733293171374567 -1.0016888305773056e-05 -4.0810918053375769e-05 0.00061478562012687408 0.00012711254244560707 -0.0010024949393801351 -0.00030182583008352419 2.8704762094785773e-06 -0.0010598373709187591 0.0040196491391031137 0.00075170041685813883 0.0011939142185610737 0.0043499556120319667 -0.0004718536253849341 0.00010353529900257195 -0.0016346261397823581 0.00025511140032051169 0.00011618112513966843 -0.0016858677327340128 0.0019230331283779684 1.6667302926473041e-05 -0.00013824857123477375 0.00072081112427020981
leaf_weight=4880 5372 17384 731 504 502 501 1361 604 151710 2612 5993 7868 6677 6626 1488 951 2217 658 7283 1612 13052 15004 3035 4950 618 1312 1591 25951 3616 6303
leaf_count=4880 5372 17384 731 504 502 501 1361 604 151710 2612 5993 7868 6677 6626 1488 951 2217 658 7283 1612 13052 15004 3035 4950 618 1312 1591 25951 3616 6303
internal_value=-5.71002e-05 -0.0024642 0.000138463 -0.00389313 0.00022509 -0.0157143 0.000191905 -0.00828996 0.000233763 0.00164036 -0.00138477 -0.000277399 -0.00266919 0.00463398 0.00932737 0.00212508 0.0140323 -0.0125924 0.00627123 0.00790997 -4.7105e-05 -0.00196546 -0.00385821 -0.00268278 -0.00457577 -0.0134536 0.000338036 0.00214966 0.00162765 0.00551415
internal_weight=302966 22756 280210 5885 274325 1005 273823 1335 272488 45346 22557 20538 14545 22789 7929 14860 5317 2019 8234 3100 227142 37971 22967 19932 14982 1930 189171 37461 35870 9919
internal_count=302966 22756 280210 5885 274325 1005 273823 1335 272488 45346 22557 20538 14545 22789 7929 14860 5317 2019 8234 3100 227142 37971 22967 19932 14982 1930 189171 37461 35870 9919
is_linear=0
shrinkage=0.05


Tree=106
num_leaves=31
num_cat=0
split_feature=18 10 16 72 11 54 41 55 43 54 69 5 11 69 41 28 63 69 33 30 68 60 63 23 67 54 29 15 54 67
split_gain=32.8256 67.9592 58.6605 75.8834 66.6315 71.2229 54.7383 279.134 207.784 153.647 125.388 115.794 110.209 109.072 144.96 105.215 99.1827 156.377 126.308 105.225 92.4446 95.8739 127.876 137.307 108.487 153.646 101.187 84.4319 84.2094 80.095
threshold=-0.31007558107376093 -0.51781097054481495 -0.26803843677043909 0.18710153549909594 -0.44733951985836024 1.604424834251404 0.058417396619915969 1.5000000000000002 1.4484462738037112 10.184267520904543 0.010136223398149015 0.32965180277824407 -0.070264630019664751 0.0091856517829000967 0.035351525992155082 0.6213478446006776 0.10271692276000978 0.026225361041724685 2.3153638839721684 1.4774367213249209 -0.16086433082818982 0.033707875758409507 -0.036926597356796258 -0.092660892754793153 0.15791502594947818 4.5326533317565927 -0.05074722692370414 -0.0092535042203962786 4.1272149085998544 0.2283783704042435
decision_type=8 10 8 10 8 2 8 2 10 2 10 8 10 10 10 10 8 10 8 10 10 10 10 10 8 2 10 10 2 8
left_child=1 -1 3 -2 5 -4 13 9 11 10 12 -9 -8 14 15 -6 17 18 -12 -19 -15 24 23 -23 25 27 -27 -22 -14 -18
right_child=2 -3 4 -5 6 -7 7 8 -10 -11 16 -13 28 20 -16 -17 29 19 -20 -21 21 22 -24 -25 -26 26 -28 -29 -30 -31
leaf_value=-5.5058413474057266e-05 -8.2800485507913868e-05 -0.0013266379540794013 0.0016887904275399786 0.00053161633022627205 -0.00058724151173947671 -0.00050631734008195993 0.00024578527963565154 -0.0012253316132278238 0.0021846784344925741 -0.0022459706880030819 -0.00034259582659541544 -0.0077232288043959157 0.0070638977331439409 -0.0012043256996456541 0.00073180761587157738 -0.0025658685858642137 0.010987755726351365 -9.858620763092807e-05 -0.0016004813255068595 0.0015596896199814914 -9.8089636227486319e-05 -0.0011794546321831096 2.6509118982598076e-05 -2.3992040101303814e-06 0.0003828012751083719 0.00012573257936042892 0.00074861968390044502 -0.0011227240499843249 0.0007047181413430679 0.00020344252285278827
leaf_weight=7142 12754 2698 957 15689 3746 8754 9055 2460 515 576 29559 753 2423 1884 3119 1822 1003 22047 10282 5863 15738 3393 35351 3385 34168 38253 1411 3990 1963 22086
leaf_count=7142 12754 2698 957 15689 3746 8754 9055 2460 515 576 29559 753 2423 1884 3119 1822 1003 22047 10282 5863 15738 3393 35351 3385 34168 38253 1411 3990 1963 22086
internal_value=-5.43175e-05 -0.0028934 4.1125e-05 0.00219836 -0.000190879 -0.00425368 -3.59028e-05 -0.000886321 -0.0143125 -0.000407659 -0.000264165 -0.0190351 0.00424132 0.000595474 -0.004835 -0.00966296 -0.000931205 -0.00189563 -0.0039058 0.000974212 0.000938706 0.00109175 -0.000888725 -0.00717443 0.00198354 0.000691896 0.00248525 -0.00291316 0.010737 0.00189835
internal_weight=302839 9840 292999 28443 264556 9711 254845 108585 3728 104857 104281 3213 13441 146260 8687 5568 90840 67751 39841 27910 137573 135689 42129 6778 93560 59392 39664 19728 4386 23089
internal_count=302839 9840 292999 28443 264556 9711 254845 108585 3728 104857 104281 3213 13441 146260 8687 5568 90840 67751 39841 27910 137573 135689 42129 6778 93560 59392 39664 19728 4386 23089
is_linear=0
shrinkage=0.05


Tree=107
num_leaves=31
num_cat=0
split_feature=47 6 63 12 35 22 59 64 45 62 64 33 42 67 55 45 58 72 55 10 62 33 64 65 60 27 30 71 58 42
split_gain=37.6151 41.6429 33.2805 33.1239 55.9668 31.9811 41.1343 31.9984 30.3679 41.0609 50.0444 59.6919 43.5183 42.8854 58.0613 40.9882 109.138 71.9835 73.3214 245.236 180.156 123.48 99.6631 133.43 105.192 85.7474 103.32 75.0928 72.0843 92.7538
threshold=0.023658588528633121 -0.12499942258000372 -0.16572019457817075 0.31006884574890142 82.878894805908217 0.92666402459144603 0.11594923213124277 -0.15015792846679685 2.5000000000000004 -0.0037342309951782222 -0.060300171375274651 0.61071738600730907 0.08081261441111566 0.12880866229534152 1.0000000180025095e-35 12.500000000000002 0.81410688161849987 0.74579566717147838 1.0000000180025095e-35 0.10593959316611291 0.19555193185806277 0.43649782240390783 0.080898582935333266 0.045293450355529792 0.15207850933074954 1.2489433884620669 3.1385604143142705 -0.25127197802066797 0.05359937250614167 0.074932388961315169
decision_type=2 10 10 10 2 10 10 8 8 10 8 8 8 8 2 8 2 10 2 10 8 10 8 10 10 8 8 10 2 10
left_child=5 3 -3 4 -2 8 7 -7 9 13 -11 -12 -13 -1 -15 -10 17 18 25 20 21 22 23 27 -24 26 -17 -20 29 -19
right_child=1 2 -4 -5 -6 6 -8 -9 15 10 11 12 -14 14 -16 16 -18 28 19 -21 -22 -23 24 -25 -26 -27 -28 -29 -30 -31
leaf_value=0.00029729003792948287 -0.0006031272346603368 0.0018703027444744091 -8.76638669404033e-05 -0.0031498241358150466 0.001245931348788988 -0.00051438141403534557 0.0013001756054235871 0.00028083227560413057 0.00016410512553667966 0.00071883995460442099 -0.00077039662147485423 0.00047230916659463974 -0.00068778152063021791 -0.00079361040245206358 -0.0034282288321637999 -3.5497961417433386e-05 -0.0014175647955987419 -0.0014970089600075222 0.0039034176804196349 -0.00084149033844485024 -0.0066884086808948057 -0.00013286291451154402 0.0019617180520393887 -0.00016063842471784946 0.00037177806706825526 0.0017867005871357118 -0.0020167359696672822 0.0003445786513161081 -0.00016053756477947198 0.00072640244741934562
leaf_weight=1208 12691 783 45868 569 1494 1050 953 8175 51516 1683 3146 5855 4245 3204 736 102192 1906 1792 507 2475 509 5732 922 4121 1515 4097 1269 14734 17723 836
leaf_count=1208 12691 783 45868 569 1494 1050 953 8175 51516 1683 3146 5855 4245 3204 736 102192 1906 1792 507 2475 509 5732 922 4121 1515 4097 1269 14734 17723 836
internal_value=-0.000136401 -0.00124155 -0.00050899 -0.00355595 -0.00307503 0.000143942 0.00288575 0.00185707 2.34982e-05 -0.00183452 -0.000505389 -0.00153893 0.000336301 -0.0056805 -0.00820253 0.000199664 -0.000194587 -5.11254e-05 0.000358118 0.00252088 0.00385383 0.00440253 0.00611903 0.00491431 0.0156314 -0.000255652 -0.000536865 0.00707167 -0.00282648 -0.0105383
internal_weight=303506 61405 46651 14754 14185 242101 10178 9225 231923 20077 14929 13246 10100 5148 3940 211846 160330 158424 138073 30515 28040 27531 21799 19362 2437 107558 103461 15241 20351 2628
internal_count=303506 61405 46651 14754 14185 242101 10178 9225 231923 20077 14929 13246 10100 5148 3940 211846 160330 158424 138073 30515 28040 27531 21799 19362 2437 107558 103461 15241 20351 2628
is_linear=0
shrinkage=0.05


Tree=108
num_leaves=31
num_cat=0
split_feature=11 74 54 68 63 67 41 18 74 66 63 11 69 65 54 58 11 33 65 54 67 69 6 68 20 69 42 55 54 66
split_gain=41.7075 52.9879 55.0444 82.4117 38.5673 46.3727 36.9961 57.3809 48.1905 88.5312 91.3799 82.1519 76.0604 99.6453 73.9512 72.9479 72.0228 83.4016 86.8254 82.5428 70.5651 70.1116 69.7507 60.245 56.9582 55.9213 95.6231 204.028 181.077 122.015
threshold=-0.77870699763298024 0.036790611222386367 0.4855030775070191 -0.00083393466775305558 -0.097027838230133043 0.078704115003347411 0.29077659547328955 -0.36085437238216395 0.22850289195775988 -0.16536720097064969 0.046498179435729987 -0.47388631105422968 0.012069122400134804 -0.12195724248886107 6.3061475753784189 0.3032775223255158 -0.14983376115560529 0.1548489332199097 -0.23058083653450009 6.2238552570343026 0.16758607327938083 0.018667110241949562 -0.13100179284811017 -0.076234612613916383 -0.203099749982357 0.031046902760863308 0.08081261441111566 1.5000000000000002 6.3440122604370126 -0.35621085762977595
decision_type=8 8 2 8 10 10 10 8 8 10 10 10 10 8 2 2 10 10 8 2 10 10 10 10 10 10 8 2 2 8
left_child=-1 4 3 -3 -2 -6 7 -4 9 10 12 -11 13 15 -15 -9 17 -14 21 -20 -12 -19 -21 -18 -22 26 -10 28 -28 -30
right_child=1 2 6 -5 5 -7 -8 8 25 11 20 -13 16 14 -16 -17 23 18 19 22 24 -23 -24 -25 -26 -27 27 -29 29 -31
leaf_value=0.0023110003829242931 0.00045093416476729503 -0.0003051652646300403 -0.00099365631612191672 0.011212574052712235 -0.0018668664397968535 -0.00056967189849088109 0.0026896325246409409 -0.00079445886582962832 -3.905554567854887e-06 -0.00082941055798561522 -0.0026049999884691119 0.00083040308626509691 0.00011314357157320284 0.00084971779155104926 -0.00089571835280698392 -0.0033825582557507417 0.00031220108340534824 0.0041664400044768282 -2.6611057832609879e-05 0.0014461436999372752 -0.0018068597911250206 0.00086934982009195545 0.00013780816853421578 -0.00089011680386871903 -3.5578676233137545e-05 0.00014729013988772728 -4.0801660448038738e-05 -0.0020458730449964008 -0.0016913127208765715 -0.00087322381396839313
leaf_weight=898 1811 662 2526 573 1386 6496 835 1334 152831 1039 836 15034 9766 2129 517 502 3873 1542 3356 507 858 1218 625 3318 3049 46448 29482 1605 1387 6647
leaf_count=898 1811 662 2526 573 1386 6496 835 1334 152831 1039 836 15034 9766 2129 517 502 3873 1542 3356 507 858 1218 625 3318 3049 46448 29482 1605 1387 6647
internal_value=-1.71561e-05 -4.93048e-05 7.12799e-05 0.0105622 -0.00368443 -0.00519513 2.64356e-05 -3.95952e-06 6.19979e-05 0.00148143 1.49522e-05 0.00452963 0.00107851 -0.0048976 0.00131777 -0.0138137 0.00218666 0.00395912 0.00801874 0.00371276 -0.00640648 0.0149819 0.015324 -0.00200667 -0.0035614 -0.000232792 -0.000609496 -0.0028149 -0.00206523 -0.00871457
internal_weight=303090 302192 292499 1235 9693 7882 291264 290429 287903 49503 33430 16073 28687 4482 2646 1836 24205 17014 7248 4488 4743 2760 1132 7191 3907 238400 191952 39121 37516 8034
internal_count=303090 302192 292499 1235 9693 7882 291264 290429 287903 49503 33430 16073 28687 4482 2646 1836 24205 17014 7248 4488 4743 2760 1132 7191 3907 238400 191952 39121 37516 8034
is_linear=0
shrinkage=0.05


Tree=109
num_leaves=31
num_cat=0
split_feature=74 54 66 38 41 18 74 60 54 54 65 57 10 19 19 65 10 37 65 57 64 60 54 30 19 65 65 65 16 45
split_gain=42.1711 51.0597 71.5507 35.0118 50.103 50.8866 52.8198 157.437 204.38 171.993 126.332 124.58 110.867 81.995 78.2228 77.543 69.8493 59.9905 59.6351 56.4179 75.5826 53.3142 92.8036 163.232 134.093 117.546 133.865 192.753 99.0084 85.5482
threshold=0.036790611222386367 0.4855030775070191 -0.21303738653659818 2.222191691398621 0.29077659547328955 -0.37884296476840967 0.22850289195775988 -0.028727388009428974 4.835646629333497 6.6561930179595956 -0.24368524551391599 0.36695028841495519 -0.26554939150810236 -0.34474869072437281 -0.25750511884689326 -0.048392087221145623 -0.46836799383163447 -0.41964459419250483 -0.080098390579223619 0.74164339900016796 0.060250520706176765 0.0061887693591415891 5.2988171577453622 0.09026889875531198 0.36259780824184423 0.37205332517623907 0.14533734321594241 0.23151963949203494 0.057857660576701171 23.500000000000004
decision_type=8 2 8 10 10 8 8 8 2 2 8 2 10 10 8 8 8 10 10 2 10 10 2 10 8 10 10 10 8 10
left_child=-1 2 -2 4 5 -3 7 9 10 11 -9 14 15 -12 -7 -10 -11 -13 -18 20 -14 -8 23 -23 -25 26 -24 29 -29 -28
right_child=1 3 -4 -5 -6 6 21 8 12 16 13 17 19 -15 -16 -17 18 -19 -20 -21 -22 22 25 24 -26 -27 27 28 -30 -31
leaf_value=-0.00054595548555749307 -0.00022581133952316105 -0.0011144160429839387 0.010729951275760433 -0.0023373513658667871 0.0055928030366564699 0.0011851806347048615 2.2647478749897658e-05 0.0055765907972690418 -0.00041315760551005853 -0.00086473881042405023 -0.0018392013380533348 -0.00021158041434598889 -0.0008726165347210592 0.0014966331604739263 -0.00022281708790788913 0.00098396260562486635 0.0014357147243248326 -0.0012866676489771244 0.00029925077424689884 -0.0017039440917146873 0.00048914819887117247 -0.0012141649870023915 -9.8704981744786427e-05 3.8868195397475172e-05 0.002886616464331328 0.00078382704820779611 -0.0015547512529274739 0.00029702626113048799 -0.00076614314413306003 -4.9031202591773813e-05
leaf_weight=10122 647 1727 596 874 514 2844 162493 1402 914 510 509 3595 3061 13126 11061 2261 1541 5716 1050 874 1684 2706 22382 33717 3090 1114 5776 2661 3166 1148
leaf_count=10122 647 1727 596 874 514 2844 162493 1402 914 510 509 3595 3061 13126 11061 2261 1541 5716 1050 874 1684 2706 22382 33717 3090 1114 5776 2661 3166 1148
internal_value=-8.56744e-05 2.40804e-05 0.0100958 -1.92093e-05 1.10097e-05 -1.68885e-05 3.44994e-05 0.00150923 0.00445241 -0.00115661 0.00799163 -0.00263498 -0.00160154 0.00651154 0.000362918 0.00585557 0.00988428 -0.00710761 0.0132065 -0.00581808 -0.00364879 -0.000275956 -0.00137126 0.000304886 0.00117745 -0.003198 -0.00370629 -0.00779328 -0.00108789 -0.0134266
internal_weight=302881 292759 1243 291516 290642 290128 288401 50148 23831 26317 15037 23216 8794 13635 13905 3175 3101 9311 2591 5619 4745 238253 75760 39513 36807 36247 35133 12751 5827 6924
internal_count=302881 292759 1243 291516 290642 290128 288401 50148 23831 26317 15037 23216 8794 13635 13905 3175 3101 9311 2591 5619 4745 238253 75760 39513 36807 36247 35133 12751 5827 6924
is_linear=0
shrinkage=0.05


Tree=110
num_leaves=31
num_cat=0
split_feature=19 63 54 59 15 65 19 19 69 67 68 9 54 68 32 60 5 65 18 69 15 55 19 19 63 15 65 67 11 54
split_gain=35.8531 38.4837 33.1053 129.962 85.9431 74.0834 147.028 68.6 68.269 57.8158 67.829 58.2783 56.5862 194.327 152.815 131.59 73.7192 70.9722 70.4012 68.1739 57.2541 105.277 65.0157 56.4731 64.3294 55.0408 96.4733 69.2866 52.7625 51.8439
threshold=0.89023306965827953 -0.041788160800933831 1.825355112552643 0.036061856895685203 0.34426800906658178 0.20806300640106204 -0.025438392534852024 -0.0066915745846927157 0.017325930297374729 0.005656945053488017 -0.092149257659912095 -0.28145381808280939 2.275727510452271 0.079542174935340895 -0.25363333523273462 0.30414491891860967 1.4149142503738406 -0.40212038159370417 0.15912658721208575 0.0094000562094151991 -0.39971101284027094 1.0000000180025095e-35 -0.44643607735633845 -0.40451705455780024 -0.033053457736968987 -0.0074646216817200175 0.19084477424621585 0.074904575943946852 0.25788889825344091 2.9854294061660771
decision_type=10 10 2 8 10 8 8 8 8 10 10 10 2 8 8 8 8 10 10 10 8 2 8 10 10 10 10 10 10 2
left_child=2 -2 3 4 5 9 -7 -5 -9 11 -11 -1 13 14 17 -15 20 -4 -16 -19 21 -14 -22 -12 -25 27 -27 -21 -29 -18
right_child=1 -3 12 7 -6 6 -8 8 -10 10 23 -13 16 15 18 -17 29 19 -20 25 22 -23 -24 24 -26 26 -28 28 -30 -31
leaf_value=0.00055089528018869411 0.00020405524857694101 -0.0041973044662370548 -0.0028719531663745947 0.00011584616650425934 -0.0034713027722085344 -0.0023318731285490268 0.00023400114959051048 0.0082354674677430819 0.0017835041856357572 0.0019687381584643157 -0.0010598592861163936 -0.0015997825968443536 0.00016332715303027726 0.010504716791709449 -0.0014274677286736934 0.00041129663355431048 0.0024250742524079658 0.005037281541004527 -0.0036561791484707729 -0.00072369615108746493 0.0045235956753135872 0.0031291993413753469 -1.2298203974783241e-05 -0.00025040424121506509 0.00081165409238784377 -0.0015780849503515045 0.0025907470508999206 0.0009018044290303595 -0.0015521970901747559 -0.0016441872033384161
leaf_weight=947 501 525 826 2421 707 1600 2779 663 3557 1072 704 1418 4863 758 3422 1363 888 501 647 2519 559 1551 239343 4448 9713 2596 538 3550 515 7325
leaf_count=947 501 525 826 2421 707 1600 2779 663 3557 1072 704 1418 4863 758 3422 1363 888 501 647 2519 559 1551 239343 4448 9713 2596 538 3550 515 7325
internal_value=-0.00017386 -0.00945946 -0.00014198 0.00143314 -0.00032054 0.000218148 -0.00561631 0.00760036 0.0114421 0.00161643 0.00269957 -0.00566316 -0.000316071 -0.00308785 -0.00507802 0.0110511 -0.000128271 -0.00202171 -0.0133489 -0.000874963 2.71997e-05 0.00468555 -9.75358e-05 0.00181849 0.00250864 -0.00180921 -0.00725191 0.000788596 0.00482209 -0.00478536
internal_weight=302819 1026 301793 30029 23388 22681 4379 6641 4220 18302 15937 2365 271764 17235 15114 2121 254529 11045 4069 10219 246316 6414 239902 14865 14161 9718 3134 6584 4065 8213
internal_count=302819 1026 301793 30029 23388 22681 4379 6641 4220 18302 15937 2365 271764 17235 15114 2121 254529 11045 4069 10219 246316 6414 239902 14865 14161 9718 3134 6584 4065 8213
is_linear=0
shrinkage=0.05


Tree=111
num_leaves=31
num_cat=0
split_feature=47 38 27 74 50 70 64 43 19 60 68 37 58 65 16 19 55 54 61 60 8 36 63 55 27 54 7 54 65 19
split_gain=38.9552 33.5616 41.8499 36.6223 32.8083 33.3169 59.008 88.1549 74.5284 87.737 50.3565 49.9085 62.6483 76.8755 71.2266 69.5179 63.9957 92.0588 50.976 51.4855 48.1682 75.5422 47.3557 132.168 132.282 70.9874 131.711 66.6791 104.255 126.122
threshold=0.017144436948001388 1.9256732463836672 1.4505711793899538 0.99337172508239757 0.16122573614120486 -0.058549946174025529 -0.14856553077697751 1.8679565787315371 -0.11621271446347235 -0.12351347506046294 -0.16086433082818982 -0.80333003401756276 0.81410688161849987 -0.019914120435714718 -0.044906431809067719 -0.060249364003539078 1.0000000180025095e-35 6.8267512321472177 -0.015442103147506712 0.049617866054177291 -0.16590882092714307 38.403110504150398 0.094280242919921889 1.5000000000000002 0.6825198531150819 2.2990788221359257 0.23125290870666507 4.1574759483337411 0.20506447553634646 -0.10025014355778693
decision_type=2 10 10 8 2 8 8 10 8 10 10 10 2 10 10 8 2 2 10 10 8 2 8 2 8 2 10 2 8 10
left_child=4 2 -2 -4 5 6 8 11 10 -10 -1 18 13 14 20 -14 -17 -18 19 -8 21 -13 25 27 -25 26 -7 28 29 -24
right_child=1 -3 3 -5 -6 22 7 -9 9 -11 -12 12 15 -15 -16 16 17 -19 -20 -21 -22 -23 23 24 -26 -27 -28 -29 -30 -31
leaf_value=0.0046721157937563628 -0.0001518414105035666 -0.0025079815166656337 0.0010181656698410948 -0.0016772072289808109 -0.0012798461735309382 -0.00022289401917613782 -0.00058657375056687857 0.0018279216431908295 -7.3369084041544389e-05 0.0017994207432146568 0.0007303121538866841 0.00026666861652993937 -0.0022198233779288238 0.0005177259388770034 -0.0010930028292922144 0.00030656019074080937 0.00036504106856791066 -0.0034234539925975041 1.5590118243584244e-05 -0.0024821597983930889 0.00031402629609493207 -0.0010907304551855547 9.985920250192775e-05 2.8186909258302515e-05 -0.0053834083789260348 7.6841262188719762e-06 -0.0024653079122779089 4.9919749864530896e-05 0.00054708737617386737 0.0079913413414030646
leaf_weight=673 64306 820 4867 631 1511 20022 3587 808 7194 820 4533 2859 504 16616 2030 2394 563 638 5385 505 8053 2616 1090 631 500 125398 2466 12688 7191 1718
leaf_count=673 64306 820 4867 631 1511 20022 3587 808 7194 820 4533 2859 504 16616 2030 2394 563 638 5385 505 8053 2616 1090 631 500 125398 2466 12688 7191 1718
internal_value=-6.01066e-05 -0.00108871 -0.00096972 0.00321351 0.000251713 0.000299794 0.00131632 0.00047887 0.00426304 0.0012338 0.00891488 0.000187937 0.00103216 0.00177417 -0.000751542 -0.00478219 -0.00231623 -0.0116846 -0.003041 -0.00724037 0.000561383 -0.00305378 -5.41598e-05 0.00201444 -0.0145925 -0.000387434 -0.0029736 0.00284839 0.00589969 0.0140525
internal_weight=303617 70624 69804 5498 232993 231482 59778 46558 13220 8014 5206 45750 36273 32174 15558 4099 3595 1201 9477 4092 13528 5475 171704 23818 1131 147886 22488 22687 9999 2808
internal_count=303617 70624 69804 5498 232993 231482 59778 46558 13220 8014 5206 45750 36273 32174 15558 4099 3595 1201 9477 4092 13528 5475 171704 23818 1131 147886 22488 22687 9999 2808
is_linear=0
shrinkage=0.05


Tree=112
num_leaves=31
num_cat=0
split_feature=12 67 18 59 69 33 60 62 65 35 32 24 35 65 67 45 69 45 18 55 66 55 69 68 62 58 30 8 60 26
split_gain=32.949 59.3348 77.2899 92.1333 52.2851 48.7222 42.486 41.4062 70.8669 39.1672 37.3278 34.7463 36.1471 33.9872 33.1399 30.3448 49.1717 40.7306 86.6058 201.434 197.75 111.771 331.978 231.333 223.331 146.07 141.194 138.435 181.891 132.791
threshold=0.11197779700160028 0.18914184719324115 -0.17180458456277845 0.1114676780998707 0.015650454442948106 1.6885290145874026 0.0061887693591415891 -0.013889491558074949 -0.12807875871658322 89.013240814208999 -0.49228347837924952 1.3003067374229433 81.827320098876967 0.073286652565002455 0.24067033082246783 2.5000000000000004 0.035909948870539672 12.500000000000002 0.037998817861080177 1.0000000180025095e-35 -0.24460959434509275 1.0000000180025095e-35 0.014692833181470634 -0.01966963522136211 -0.0018455982208251951 0.8371647596359254 0.36598187685012823 -0.11123268306255339 -0.26067499816417689 -0.34649561345577234
decision_type=8 10 10 10 10 10 10 8 8 2 10 10 2 10 8 8 10 10 10 2 10 2 10 10 10 2 10 10 8 10
left_child=9 6 -3 4 13 -6 7 -2 -9 15 -5 12 -10 -4 -11 16 -1 -17 21 20 -20 26 24 27 -23 -25 -19 28 29 -24
right_child=1 2 3 10 5 -7 -8 8 11 14 -12 -13 -14 -15 -16 17 -18 18 19 -21 -22 22 23 25 -26 -27 -28 -29 -30 -31
leaf_value=-0.0002707642830784403 0.0012728320015476678 -0.0014630501292021592 -0.00074877329689562342 0.0025176030256872498 -0.0019038300397904871 -0.00085926434814588733 0.0027370591328937481 -0.0014218400811592564 -0.00033742949853861581 -9.0672301639002813e-06 0.00041420627365308454 -0.0019087957891728482 0.0012449971047293286 0.0021235398236832677 0.0010459361899565996 0.00016122518472608887 0.0021288025610368905 -0.00013444548509774059 -0.0014338828136369194 -0.0012675747594960145 0.00012311018527739627 3.7494666684210642e-05 0.0015080377698548045 0.00074782823711131048 -0.0009101625496229865 -0.0011035604987333365 0.0003620748707997306 -0.00015850248614973631 0.00062373871921990443 -0.0015436169074365274
leaf_weight=20187 1998 3581 2038 786 1898 2790 1223 1529 2935 2676 1933 783 2524 1384 3494 63833 621 95119 5366 2451 18809 8410 881 7522 3899 643 27233 6258 8570 1150
leaf_count=20187 1998 3581 2038 786 1898 2790 1223 1529 2935 2676 1933 783 2524 1384 3494 63833 621 95119 5366 2451 18809 8410 881 7522 3899 643 27233 6258 8570 1150
internal_value=-1.61965e-05 -0.00173934 -0.00384882 -0.00173909 -0.00440887 -0.00783312 0.00102709 -7.6695e-05 -0.00172857 0.00014181 0.00621107 0.000639795 0.00205705 0.000291375 0.00407767 5.20368e-05 -0.00178211 0.000204674 -0.000168795 -0.00280823 -0.0014203 0.000271455 0.00266583 0.00597188 -0.00405471 0.0128746 -0.000459293 0.00262315 0.00610216 -0.00732484
internal_weight=302524 25402 14410 10829 8110 4688 10992 9769 7771 277122 2719 6242 5459 3422 6170 270952 20808 250144 186311 26626 24175 159685 37333 25024 12309 8165 122352 16859 10601 2031
internal_count=302524 25402 14410 10829 8110 4688 10992 9769 7771 277122 2719 6242 5459 3422 6170 270952 20808 250144 186311 26626 24175 159685 37333 25024 12309 8165 122352 16859 10601 2031
is_linear=0
shrinkage=0.05


Tree=113
num_leaves=31
num_cat=0
split_feature=38 75 41 18 10 36 60 26 9 36 67 17 17 55 41 69 66 42 54 33 41 69 67 54 58 46 67 60 67 10
split_gain=32.7467 30.0583 117.691 44.8895 70.4557 64.6887 56.8817 53.963 46.8344 136.166 107.95 94.4074 82.5216 78.6951 161.745 113.375 74.2491 132.628 78.6477 142.929 73.0737 130.563 71.224 73.9309 90.8682 68.1503 75.7337 65.6354 72.5235 63.6785
threshold=2.222191691398621 0.99716708064079296 0.29077659547328955 -0.30131512880325312 -0.54266801476478566 37.564805984497077 0.0061887693591415891 -0.68939492106437672 -0.22663176059722898 46.283525466918952 0.32370418310165411 -0.014424876309931276 0.15405845642089847 1.0000000180025095e-35 0.075905259698629393 0.032248817384243018 -0.40601824223995203 0.045352580025792129 10.184267520904543 0.54738420248031627 0.097277879714965834 0.029122807085514072 0.068181291222572341 1.9351378083229067 0.25069110095500952 15.500000000000002 0.24067033082246783 0.049617866054177291 0.15158252418041232 -0.19734546542167661
decision_type=10 10 10 8 10 2 10 10 8 2 10 10 10 2 10 10 8 8 2 8 10 10 10 2 2 10 8 10 10 10
left_child=1 2 3 4 5 7 -6 -1 9 10 13 16 22 20 15 27 17 -10 -18 -20 -5 -22 23 -11 -25 -13 -27 28 29 -15
right_child=-2 -3 -4 8 6 -7 -8 -9 11 12 -12 25 -14 14 -16 -17 18 -19 19 -21 21 -23 -24 24 -26 26 -28 -29 -30 -31
leaf_value=-0.0016220657637148056 -0.0019434842299811525 -0.0020552487094487129 0.0087490927327032782 0.00015375236020170934 -0.0015953238674368362 -0.00066835768696312881 0.00013791335972889308 0.0010960507539650945 -0.0017094267093196742 0.00094196664886120286 -0.0012492088483041263 0.0002454964148470199 -0.0024127835067396463 0.0014641790799867736 -0.0011992152843451447 -0.00029372445349802134 -8.87958518409518e-05 5.6492932289098352e-07 0.00021378715818873401 -0.0020047174078276961 0.0030264855278812446 -0.0021445887111825319 -3.0449706570800928e-05 -0.00034091202531621908 -0.0024819162696018008 -0.00016789286650516845 0.0001795841125403104 0.002541449691409643 -3.5683853416095845e-05 -6.4922683339882237e-05
leaf_weight=551 1120 772 532 30824 2645 2990 955 3080 1258 542 813 31872 524 2959 641 1248 105167 1665 687 753 2296 587 11275 1215 1108 46044 46751 678 892 517
leaf_count=551 1120 772 532 30824 2645 2990 955 3080 1258 542 813 31872 524 2959 641 1248 105167 1665 687 753 2296 587 11275 1215 1108 46044 46751 678 892 517
internal_value=-8.82923e-05 -5.64848e-05 -3.1055e-05 -7.30335e-05 -0.00332812 -0.000263912 -0.00894737 0.00421587 4.16773e-05 0.00133888 0.00280357 -0.000269206 -0.00280087 0.0031659 0.00801296 0.0104537 -0.00134015 -0.00918854 -0.00112412 -0.0126897 0.00216656 0.00976495 -0.00207067 -0.00909565 -0.0129661 0.000671736 -1.34691e-05 0.0137856 0.0114893 0.0147447
internal_weight=302961 301841 301069 300537 10221 6621 3600 3631 290316 56119 41455 234197 14664 40642 6935 6294 109530 2923 106607 1440 33707 2883 14140 2865 2323 124667 92795 5046 4368 3476
internal_count=302961 301841 301069 300537 10221 6621 3600 3631 290316 56119 41455 234197 14664 40642 6935 6294 109530 2923 106607 1440 33707 2883 14140 2865 2323 124667 92795 5046 4368 3476
is_linear=0
shrinkage=0.05


Tree=114
num_leaves=31
num_cat=0
split_feature=11 74 66 11 9 58 50 64 54 40 41 67 54 8 35 11 11 54 60 64 64 59 54 49 41 35 64 48 40 58
split_gain=37.8458 37.817 58.1186 90.8808 39.9284 42.3542 33.8001 69.2105 65.8599 74.5606 52.1274 52.0999 50.0569 82.536 81.7569 49.5164 48.3697 72.2222 61.3489 48.2505 46.7315 44.4051 50.6507 42.565 42.1704 41.0765 40.999 37.8768 42.4632 36.5637
threshold=-0.77870699763298024 0.025029987096786502 -0.071908425539731965 2.3336231708526616 -0.53429991006851185 0.283255085349083 0.019895593635737899 -0.17719167470932004 6.801394224166871 0.051977781578898437 0.093933232128620162 0.083102393895387663 6.7558269500732431 -0.18055837601423261 66.23956680297853 -0.2181991636753082 -0.77870699763298024 4.6052701473236093 -0.063908670097589479 -0.024361550807952877 -0.0949728488922119 0.13184227049350741 1.9351378083229067 0.00066309000249020766 0.0061027198098599919 84.529872894287124 -0.11479783058166503 0.1345307603478432 0.017031255178153518 0.74451306462287914
decision_type=8 8 10 8 8 2 2 8 2 10 10 10 2 10 2 8 10 2 10 10 8 10 2 2 8 2 8 2 10 2
left_child=-1 2 4 -4 5 -2 21 8 10 -10 -8 23 16 14 19 -15 17 -13 26 20 -14 24 -23 -9 -3 27 -19 28 -24 -17
right_child=1 6 3 -5 -6 -7 7 11 9 -11 -12 12 13 15 -16 29 -18 18 -20 -21 -22 22 25 -25 -26 -27 -28 -29 -30 -31
leaf_value=0.0023613916536966042 0.0018864470258320521 0.00065033726654795631 -0.00051950422571459356 -0.0067404452036011232 -0.00067159785108928879 -0.00047219115013074145 0.00043228629570055935 -0.00014171346658614981 5.5967400808841325e-05 0.0042018516023508241 -0.0012167483228041195 -0.0010418569424595562 4.109624811077797e-05 -0.0012401237591327886 -0.0023339614605705642 -0.00035557525632735898 0.00021141116049986763 -0.00059828423964653149 -0.00076956434502903142 -0.00016894718130663111 0.0023672655251870799 0.0015386012358933306 -0.0013411114182431587 -0.00093249489851087136 1.3719358804895229e-06 0.0010219455865914284 0.0016180973395033176 -0.0010167588336245079 0.00030572578000659508 -0.0019557588918665148
leaf_weight=873 722 1028 764 506 3689 817 4901 3774 910 1009 1448 4953 530 1093 604 4685 19725 557 1539 986 875 1563 583 5726 225489 1894 2088 1355 7654 578
leaf_count=873 722 1028 764 506 3689 817 4901 3774 910 1009 1448 4953 530 1093 604 4685 19725 557 1539 986 875 1563 583 5726 225489 1894 2088 1355 7654 578
internal_value=-8.71494e-05 -0.000117363 -0.00388752 -0.0134375 -0.00154639 0.0051969 -3.43419e-05 -0.00114036 0.00308045 0.0111716 0.000621167 -0.00187226 -0.0010478 -0.00422498 0.00261231 -0.00744581 -1.73178e-05 -0.00302285 0.00181211 0.00676801 0.0126855 0.000224146 0.00305919 -0.00518402 6.06992e-05 0.00190501 0.00642185 0.000572797 0.00184916 -0.00541438
internal_weight=302918 302045 6498 1270 5228 1539 295547 55981 8268 1919 6349 47713 38213 9351 2995 6356 28862 9137 4184 2391 1405 239566 13049 9500 226517 11486 2645 9592 8237 5263
internal_count=302918 302045 6498 1270 5228 1539 295547 55981 8268 1919 6349 47713 38213 9351 2995 6356 28862 9137 4184 2391 1405 239566 13049 9500 226517 11486 2645 9592 8237 5263
is_linear=0
shrinkage=0.05


Tree=115
num_leaves=31
num_cat=0
split_feature=47 26 25 37 41 65 54 69 58 18 57 54 60 54 43 54 18 62 18 66 52 65 16 18 54 60 60 54 18 75
split_gain=34.0759 42.1892 35.424 54.5006 45.1786 102.534 50.0926 171.927 72.1212 70.8247 42.8752 52.6267 65.5045 69.6853 41.6942 39.686 39.4488 37.4917 43.1944 34.1515 32.989 59.6029 147.009 51.5271 49.0935 88.4185 81.1611 104.994 83.3792 62.2226
threshold=0.13985905796289447 -0.60936835408210743 0.86063936352729808 0.7517092525959016 0.0075270228553563365 -0.22968477010726926 9.9661102294921893 0.017325930297374729 0.40814527869224554 -0.051086103543639176 0.72172069549560558 2.9180408716201787 0.13435557484626773 5.931077480316163 0.94149389863014232 7.1366820335388192 -0.23552460968494413 0.13740503787994388 -0.17628575116395948 -0.055798090994358056 9.5000000000000018 -0.21228951215744016 -0.10851379111409186 -0.0341110061854124 6.7558269500732431 -0.13176929950714109 -0.024686188437044617 4.4762566089630136 -0.086865894496440874 0.33573856949806219
decision_type=2 10 10 10 8 10 2 10 2 8 2 2 10 2 10 2 10 10 10 10 10 10 10 10 2 8 8 2 8 10
left_child=2 -2 3 4 5 -1 20 9 -9 -8 14 -12 15 -14 -4 -13 -16 18 -5 -20 -6 22 23 24 26 29 -22 28 -28 -26
right_child=1 -3 10 17 6 -7 7 8 -10 -11 11 12 13 -15 16 -17 -18 -19 19 -21 21 -23 -24 -25 25 -27 27 -29 -30 -31
leaf_value=-0.00073611682230013151 -0.0023438673646240769 -0.00030337199075538488 0.00027903394406822668 -0.0017198466258928208 -4.0092666696600265e-05 0.00063574839309340526 -0.00014979802736708736 -0.00013242589924307002 0.0010514317501621017 -0.0015800042768094318 0.0018575501033354586 0.00024901607859348287 0.00055154571917032395 -0.0018804357885327458 -0.0026591599846867379 0.00095148968565687212 -0.00012624595979546333 0.00031562488438909649 -0.0001283228404065518 -0.0013662201743571572 -8.1032504025331826e-05 0.00019484107414450966 -0.00068823083993629756 -0.00097718127999375771 0.00020909836402540355 -0.0005317878768302533 0.004682697251105223 -0.00047649428316522813 0.00039791013013804473 0.0020923162328390014
leaf_weight=623 1728 9541 9890 1310 167361 1327 613 956 581 1132 1874 3824 860 775 588 1943 8370 2127 5602 2943 23163 40822 4563 2558 1953 935 1233 1181 939 1727
leaf_count=623 1728 9541 9890 1310 167361 1327 613 956 581 1132 1874 3824 860 775 588 1943 8370 2127 5602 2943 23163 40822 4563 2558 1953 935 1233 1181 939 1727
internal_value=-9.17334e-05 -0.00278837 1.25093e-05 -0.000167451 -1.05294e-05 0.00755102 -6.98763e-05 -0.00619684 0.00597931 -0.0168946 0.00169901 0.00447986 0.0025769 -0.006231 0.000328773 0.00508049 -0.00214095 -0.00346064 -0.00475925 -0.00345412 1.19702e-05 0.000853523 -0.000564529 0.000577168 0.00113837 0.00589189 0.000309131 0.00756765 0.0140697 0.00937669
internal_weight=303042 11269 291773 263649 251667 1950 249717 3282 1537 1745 28124 9276 7402 1635 18848 5767 8958 11982 9855 8545 246435 79074 38252 33689 31131 4615 26516 3353 2172 3680
internal_count=303042 11269 291773 263649 251667 1950 249717 3282 1537 1745 28124 9276 7402 1635 18848 5767 8958 11982 9855 8545 246435 79074 38252 33689 31131 4615 26516 3353 2172 3680
is_linear=0
shrinkage=0.05


Tree=116
num_leaves=31
num_cat=0
split_feature=8 33 32 58 53 66 33 42 27 41 30 33 38 45 4 74 36 68 67 58 46 65 17 58 65 65 33 65 62 38
split_gain=39.3379 103.074 64.6752 58.7547 167.512 125.553 91.1842 60.6891 58.4955 57.4511 70.7644 69.1989 91.0396 67.0215 64.9073 72.9118 55.2632 55.1365 53.5569 59.158 54.8759 47.7975 46.9696 53.3563 46.6387 58.6436 79.4431 96.7262 74.422 88.0794
threshold=0.15975987911224368 0.64860230684280407 -0.56514644622802723 0.74451306462287914 1.0000000180025095e-35 -0.016393478959798809 1.6274906396865847 0.026341371238231662 0.77407771348953258 0.21903185546398166 2.4456132650375371 1.8762500286102297 0.83941245079040538 26.500000000000004 -0.041433671489357941 0.88911837339401256 76.260540008544936 0.16875468194484713 0.28735810518264776 0.56410107016563427 5.5000000000000009 -0.0037517845630645748 -0.033818257972598069 0.33450703322887426 0.39618486166000372 0.14533734321594241 0.56377083063125621 0.23151963949203494 0.094574093818664565 0.49414344131946569
decision_type=8 8 10 2 10 10 10 8 10 10 10 8 10 10 10 10 2 10 10 2 8 8 10 2 10 8 10 10 10 10
left_child=9 2 -2 5 6 18 7 -5 -9 11 -11 12 24 14 15 21 -8 -7 20 -20 -3 -13 23 -15 25 28 27 -27 -1 -30
right_child=1 3 -4 4 -6 17 16 8 -10 10 -12 13 -14 22 -16 -17 -18 -19 19 -21 -22 -23 -24 -25 -26 26 -28 -29 29 -31
leaf_value=5.9342474198934712e-05 0.00103618496360487 0.00073938730638270847 -0.00073038199158376258 -0.0032546118664706532 0.0043602478160473454 -0.0023347364087861013 0.0057087381014713709 0.00041399635378220299 -0.0010406196558724299 0.00054167169114563158 0.010788617162889093 -0.0016024435762795244 -0.0011497530860812004 -0.0006265277574220258 0.00026093095594813265 -0.0025987159475747475 0.00016803718840535388 3.5797572517819004e-05 0.0012359042888362487 -9.4147399973631288e-05 -0.0003632128475700536 -9.5979586702479863e-05 0.00014706110604122157 -0.0015416635862037559 0.0010770480878197716 -0.00054390434359910588 0.00027935527867165369 9.5103324744449268e-05 0.00064378890999832188 -0.00028655676443347728
leaf_weight=152791 1101 5535 10755 518 1464 2809 1414 6624 3380 2275 518 1461 2889 2380 7709 578 997 1002 6365 7601 36909 6348 1370 1733 569 12441 9799 6332 5567 2073
leaf_count=152791 1101 5535 10755 518 1464 2809 1414 6624 3380 2275 518 1461 2889 2380 7709 578 997 1002 6365 7601 36909 6348 1370 1733 569 12441 9799 6332 5567 2073
internal_value=-0.000104346 -0.00100597 -0.00533457 -0.000317575 0.00255084 -0.00100364 0.000730124 -0.00128181 -0.000409427 0.000255254 0.00736711 0.000162112 0.000463187 -0.00252212 -0.000894077 -0.00393593 0.00947955 -0.00977493 -0.000409429 0.00227533 -0.00129316 -0.00265379 -0.0072911 -0.00995634 0.000597631 0.000554195 -0.00153243 -0.00343662 0.000925886 0.00573856
internal_weight=303307 86474 11856 74618 14397 60221 12933 10522 10004 216833 2793 214040 192461 21579 16096 8387 2411 3811 56410 13966 42444 7809 5483 4113 189572 189003 28572 18773 160431 7640
internal_count=303307 86474 11856 74618 14397 60221 12933 10522 10004 216833 2793 214040 192461 21579 16096 8387 2411 3811 56410 13966 42444 7809 5483 4113 189572 189003 28572 18773 160431 7640
is_linear=0
shrinkage=0.05


Tree=117
num_leaves=31
num_cat=0
split_feature=21 50 65 30 55 37 65 10 60 10 69 41 38 65 41 32 38 55 33 67 57 36 65 40 60 54 69 29 36 55
split_gain=40.1125 28.9175 61.5639 75.2009 169.158 65.3024 63.4605 72.3506 61.4893 75.3734 72.1079 93.1038 88.1525 80.5559 81.1019 62.5523 60.2691 81.2646 79.4434 58.875 58.6137 56.6831 56.4232 54.587 54.2951 95.1777 122.279 84.287 66.5799 54.1281
threshold=1.9994999766349795 0.0010189376771450045 -0.23058083653450009 0.55868032574653637 1.5000000000000002 -0.4256948828697204 -0.12898504734039304 0.0075949963647872218 0.13435557484626773 -0.10222364962100981 0.0091856517829000967 0.028828617185354236 0.15920199453830722 -0.20184394717216489 0.032700471580028541 -0.2840674072504043 0.82409495115280162 1.5000000000000002 0.57263672351837169 0.43428435921669012 0.33832183480262762 54.359569549560554 -0.097585171461105333 0.14612069725990298 -0.098734855651855455 4.2051401138305673 0.013265544548630716 -0.29327526688575739 22.843045234680179 1.0000000180025095e-35
decision_type=10 2 8 10 2 10 8 8 10 10 8 10 8 8 10 10 8 2 8 10 2 2 8 10 8 2 10 8 2 2
left_child=1 -1 23 8 6 -6 7 -5 10 -10 11 15 22 14 -14 -4 17 24 20 -11 -19 -13 -12 -3 -15 -26 -27 28 -28 -29
right_child=-2 2 3 4 5 -7 -8 -9 9 19 12 21 13 16 -16 -17 -18 18 -20 -21 -22 -23 -24 -25 25 26 27 29 -30 -31
leaf_value=4.4847929111115856e-05 -0.0029934644121926931 0.00015461154032758302 -0.00015988232569561867 0.00015084568257551069 1.4708057418151219e-05 -0.0018802764572597832 0.00025704048703512652 -0.0014197271874772724 -0.0016881099128329908 -0.00052123383933605266 0.00039784358431431741 -0.0014650811659822718 0.00035543070245302842 -0.00046395098260638453 -0.0012512691637180696 -0.0026413718908952686 -0.0011920766983080015 -0.00056075990104329898 0.0022257541084307244 0.00043189457826766676 0.00070179131234387624 0.00098187837130582077 2.688905955240445e-05 -0.0016126434447684109 -0.00053995072911378126 -0.00055282817408622059 -0.00039982635033603193 0.00043742235739020166 0.0012260428401476614 -0.0012794165090052167
leaf_weight=151263 1046 32431 500 1787 621 1471 39395 1855 1824 5125 3816 1411 702 7753 2503 1237 7811 843 887 1031 841 1267 11620 946 9098 3670 518 5638 2865 915
leaf_count=151263 1046 32431 500 1787 621 1471 39395 1855 1824 5125 3816 1411 702 7753 2503 1237 7811 843 887 1031 841 1267 11620 946 9098 3670 518 5638 2865 915
internal_value=-0.000120581 -8.6523e-05 -0.000577495 -0.00111781 0.000481845 -0.0133682 0.00115804 -0.00514786 -0.00212214 -0.00625782 -0.00160473 -0.00776271 -0.00114641 -0.00228583 -0.00990669 -0.016743 -0.00168548 -0.000750651 0.00776831 -0.00360039 0.00135773 -0.00189732 0.0021041 0.00131638 -0.00147208 -0.000237739 0.00240893 0.00528856 0.0116858 0.00197318
internal_weight=302690 301644 150381 117004 45129 2092 43037 3642 71875 7980 63895 4415 59480 44044 3205 1737 40839 33028 2571 6156 1684 2678 15436 33377 30457 22704 13606 9936 3383 6553
internal_count=302690 301644 150381 117004 45129 2092 43037 3642 71875 7980 63895 4415 59480 44044 3205 1737 40839 33028 2571 6156 1684 2678 15436 33377 30457 22704 13606 9936 3383 6553
is_linear=0
shrinkage=0.05


Tree=118
num_leaves=31
num_cat=0
split_feature=12 58 74 47 65 42 69 47 8 27 6 42 55 46 62 62 33 27 57 64 66 75 69 69 75 8 75 23 11 69
split_gain=32.5948 27.405 26.7754 24.4669 44.9216 71.5435 53.4577 40.0785 37.5345 43.0446 54.5753 37.5182 132.796 155.138 125.468 104.342 89.8362 72.096 70.7505 67.6138 76.1286 109.061 106.43 106.326 102.861 91.5306 73.0052 71.9223 86.5306 81.3311
threshold=0.36121766269207006 0.80234816670417797 0.34876935184001928 -0.019166090525686737 -0.29570579528808588 0.060926372185349471 0.043495975434780128 -0.079905562102794633 -0.28447425365447992 0.98310434818267833 -0.079997472465038286 0.05765174329280854 1.0000000180025095e-35 15.500000000000002 -0.059639364480972283 -0.15639650821685788 1.1705654263496401 0.30001105368137365 0.056603312492370612 -0.19448858499526975 -0.16169383376836774 0.50394031405448925 0.009492550045251848 0.011485726106911899 0.048770597204566009 -0.17554048448801038 0.17139504104852679 -0.088913917541503892 -0.054307997226715081 0.013463191222399475
decision_type=10 2 10 2 8 10 10 2 8 10 10 8 2 8 10 8 10 8 2 8 10 8 10 10 10 10 10 10 8 10
left_child=3 2 -2 4 5 -1 -7 -6 9 10 -5 15 -13 16 -15 -10 -14 -16 -17 27 -21 22 26 -23 -24 -26 -22 28 -20 -29
right_child=1 -3 -4 8 7 6 -8 -9 11 -11 -12 12 13 14 17 18 -18 -19 19 20 21 23 24 -25 25 -27 -28 29 -30 -31
leaf_value=-0.00032376931053691997 -0.004336553351014398 0.00064862392271737741 -0.00097254682671627792 -0.0002036743086532171 -0.00039015946620750837 0.0015031648962614066 -0.00051039806029189833 9.0162400760454575e-05 -0.0027364684556616952 0.00056366687060440963 -0.00094500381989847445 -2.0780103745856931e-05 0.00021991088815761584 -0.0031983325765762866 0.00013132536497099113 0.0019020680625778969 -0.0017210805587368387 -0.0013250355671311301 0.00037388280053481392 0.0001345906039241017 -0.0016596123632632649 0.0020678775952092604 0.00031977216301303863 -0.00035734968141380328 0.00054996840061467128 -0.00027372989162846275 -0.00058500691574484703 -0.0015683248150196441 -0.0012821788096703799 -0.00026292878249219441
leaf_weight=2553 820 542 1031 12867 12695 5247 1273 68147 725 2605 4340 64739 4187 1262 1223 1211 505 2329 2905 68511 1780 4830 3587 3749 2279 19629 2907 964 843 2492
leaf_count=2553 820 542 1031 12867 12695 5247 1273 68147 725 2605 4340 64739 4187 1262 1223 1211 505 2329 2905 68511 1780 4830 3587 3749 2279 19629 2907 964 843 2492
internal_value=-4.67325e-05 -0.00584686 -0.00873186 -3.32896e-07 0.000690019 0.004024 0.00679939 0.000315391 -0.000295279 -0.00236606 -0.00327293 -7.99824e-05 -0.000958185 -0.00647331 -0.0127695 0.00048015 0 -0.0079169 0.000599411 0.000471673 0.000786712 -0.000983983 -0.00239799 0.00398766 -0.00112331 -0.00240898 -0.00931446 -0.00421403 0.000585418 -0.00940565
internal_weight=302777 2393 1851 300384 89915 9073 6520 80842 210469 19812 17207 190657 74245 9506 4814 116412 4692 3552 115687 114476 107272 38761 30182 8579 25495 21908 4687 7204 3748 3456
internal_count=302777 2393 1851 300384 89915 9073 6520 80842 210469 19812 17207 190657 74245 9506 4814 116412 4692 3552 115687 114476 107272 38761 30182 8579 25495 21908 4687 7204 3748 3456
is_linear=0
shrinkage=0.05


Tree=119
num_leaves=31
num_cat=0
split_feature=21 54 60 47 65 49 41 42 62 42 73 42 55 75 57 59 5 41 30 26 30 55 41 59 71 54 35 54 54 18
split_gain=31.915 45.48 26.4309 24.4929 53.1137 78.9659 48.3435 40.0896 39.1992 89.7849 62.6945 38.5825 181.915 113.777 86.2645 88.4642 78.6366 77.103 70.1869 70.9004 66.0047 73.3327 135.774 99.2412 93.2082 69.1257 68.6689 63.7584 62.1733 113.153
threshold=1.4910000562667849 4.9869911670684823 0.070128150284290328 -0.025930179283022877 -0.26033931970596308 0.001256461604498327 0.07461088523268701 0.099355366080999388 -0.14724609255790708 0.10126620531082155 0.89822116494178783 0.058474475517869003 1.5000000000000002 0.27935911715030676 0.056603312492370612 -0.099378056824207292 0.34354154765605932 0.028532346710562709 0.21504491567611697 -0.11788325384259223 0.94452220201492321 1.0000000180025095e-35 0.02737369388341904 0.15904586762189868 0.03780412673950196 1.7925921082496645 82.878894805908217 5.2772979736328134 8.4078235626220721 -0.14532867819070813
decision_type=10 2 10 2 8 2 10 10 8 8 10 8 2 8 2 10 8 8 10 10 8 2 8 10 8 2 2 2 2 8
left_child=3 2 -2 4 5 -1 7 -7 9 10 -5 14 28 -14 17 -16 18 -10 -15 -20 -17 23 -23 24 27 -26 -24 -22 -13 -30
right_child=1 -3 -4 8 -6 6 -8 -9 11 -11 -12 12 13 16 15 20 -18 -19 19 -21 21 22 26 -25 25 -27 -28 -29 29 -31
leaf_value=-3.2543501839389993e-05 -0.0038595056645283829 0.0016813577488085638 -0.00027850608137973409 -0.0010759323406389018 1.3523936061832481e-05 0.00095401030778795033 0.00025094101398606336 0.0047618524070946406 0.0030180636218341468 0.00025131501918448424 -0.0043065170324113168 -2.5413334643459298e-05 0.00078775475078403433 6.171624549370161e-05 -0.0017103470945957211 -8.4555523396379022e-06 -0.0063707492884983868 0.0005919591428438834 -0.0015268721978430426 6.576952831558319e-05 0.00094304018163358797 -0.0020353478265327193 -5.4859648504142908e-05 0.0037159359827253977 0.0035486899396519715 -7.2746706000335638e-05 0.0039295833338045842 0.0019472665729635117 0.00092303960587012649 -0.00094128514356514093
leaf_weight=6266 1076 513 506 1714 58756 3033 2297 972 505 2728 529 80750 532 879 937 116403 549 1032 1872 511 1685 906 2317 795 690 6462 515 1282 1309 4222
leaf_count=6266 1076 513 506 1714 58756 3033 2297 972 505 2728 529 80750 532 879 937 116403 549 1032 1872 511 1685 906 2317 795 690 6462 515 1282 1309 4222
internal_value=-0.000111881 -0.00624703 -0.0104271 -6.88948e-05 0.00074018 0.00368898 0.00763625 0.0109465 -0.000320773 -0.00470789 -0.012095 -0.000223275 -0.00101948 -0.0109924 0.000317136 0.000179543 -0.0140147 0.0120556 -0.0110024 -0.0154409 0.000289551 0.0034511 -0.00258805 0.00551996 0.00417119 0.00107512 0.00281492 0.0116056 -0.000516276 -0.00563978
internal_weight=302543 2095 1582 300448 71324 12568 6302 4005 229124 4971 2243 224153 90624 4343 133529 131992 3811 1537 3262 2383 131055 14652 3738 10914 10119 7152 2832 2967 86281 5531
internal_count=302543 2095 1582 300448 71324 12568 6302 4005 229124 4971 2243 224153 90624 4343 133529 131992 3811 1537 3262 2383 131055 14652 3738 10914 10119 7152 2832 2967 86281 5531
is_linear=0
shrinkage=0.05


Tree=120
num_leaves=31
num_cat=0
split_feature=38 44 53 67 67 54 63 72 66 11 11 62 36 55 54 55 27 8 30 62 66 63 67 17 11 75 41 66 75 54
split_gain=33.9115 30.183 40.3432 92.6416 88.2298 74.2905 72.2535 62.5187 49.8315 93.3699 84.2477 80.1357 82.8832 80.0327 71.7686 62.0522 252.939 266.062 75.2831 68.5828 105.758 96.9685 92.8037 90.975 76.193 64.3611 67.0177 73.9508 77.8821 77.5276
threshold=2.222191691398621 -1.4999999999999998 1.0000000180025095e-35 0.21804926544427874 0.078704115003347411 3.5405244827270512 -0.11062955856323241 0.60433244705200206 -0.34701527655124659 -0.20564974099397657 -0.029333292506635186 -0.064881533384323106 65.554737091064467 1.5000000000000002 1.5800085663795473 1.5000000000000002 1.3419785499572756 -0.47286958992481226 0.73003858327865612 -0.02744302153587341 -0.24065105617046353 0.036920368671417243 0.28388369083404547 -0.021015807054936882 0.18222353607416156 0.43211852014064794 0.1353508606553078 -0.12563372775912282 0.85506081581115734 5.6922156810760507
decision_type=10 2 10 8 10 2 8 10 8 8 10 10 2 2 2 2 8 10 10 10 10 10 10 10 8 10 10 10 10 2
left_child=1 -1 8 4 6 -5 -4 -7 10 13 -3 -12 -13 14 -10 18 17 -17 -11 20 -19 22 24 -23 -21 -20 27 28 -27 -29
right_child=-2 2 3 5 -6 7 -8 -9 9 15 11 12 -14 -15 -16 16 -18 19 25 21 -22 23 -24 -25 -26 26 -28 29 -30 -31
leaf_value=6.264762165875419e-05 -0.0016893050128286013 0.00015839782434158415 -0.0013817663301307994 0.0019230231526292095 -0.00060187554473174136 0.00043785828484309411 0.00074054187495730447 -0.00096522248247118416 0.00064392782838347095 -0.00013885064053358463 0.00062391596776503332 -0.0014148872748903499 0.0008947899525258079 0.00037685483838497362 -0.00052793582902994083 0.0046109999781498191 -0.006219160910671478 0.00033642512971355457 0.00055962947640681489 0.00028067340305473965 -0.0016999213695602197 -0.0021119753735692791 0.0016664648142003379 -0.00018556499664544712 -0.0013838970222333779 -0.00012079742468172912 0.00089966000774833121 0.001343059009343584 -0.001453869541941339 -0.0010333811584062093
leaf_weight=110140 1149 31310 1099 5817 6402 3819 3504 1703 1773 66598 2143 3648 1144 1588 15368 501 769 502 7445 1052 852 526 503 1437 538 9466 8753 7314 3816 2270
leaf_count=110140 1149 31310 1099 5817 6402 3819 3504 1703 1773 66598 2143 3648 1144 1588 15368 501 769 502 7445 1052 852 526 503 1437 538 9466 8753 7314 3816 2270
internal_value=-4.86865e-05 -1.5904e-05 -0.00039495 0.0016015 -0.00166591 0.00477135 0.00360936 0.000614606 -0.000658493 -0.00112183 0.00092929 -0.00405328 -0.00764265 -0.00438924 -0.00538453 -0.000576759 -0.00524664 -0.00171424 -0.000281058 -0.0049631 -0.0146628 -0.001697 0.00577746 -0.00965535 -0.0001875 0.00146133 0.000475829 -0.000948592 -0.00336293 0.00239733
internal_weight=302949 301800 191660 22344 11005 11339 4603 5522 169316 131071 38245 6935 4792 18729 17141 112342 6680 5911 105662 5410 1354 4056 2093 1963 1590 39064 31619 22866 13282 9584
internal_count=302949 301800 191660 22344 11005 11339 4603 5522 169316 131071 38245 6935 4792 18729 17141 112342 6680 5911 105662 5410 1354 4056 2093 1963 1590 39064 31619 22866 13282 9584
is_linear=0
shrinkage=0.05


Tree=121
num_leaves=31
num_cat=0
split_feature=0 49 63 54 25 54 69 66 41 42 18 14 32 31 36 69 43 71 66 16 65 45 74 33 11 54 13 65 69 36
split_gain=32.1223 59.1803 34.2238 65.4847 64.454 46.5132 95.2643 48.6016 45.1203 40.8104 40.073 37.4883 32.6206 31.7454 30.8943 28.5967 39.4075 27.0561 28.166 26.7831 69.0967 72.7354 42.4939 60.9105 39.521 36.4787 37.724 40.6414 34.2821 31.492
threshold=0.014890786260366442 0.00037943465576972818 -0.025936514139175412 4.6052701473236093 0.82000765204429638 6.8917274475097665 0.017420739866793159 -0.048871429637074464 0.12645862996578219 0.071179933845996871 -0.28562486171722407 -0.014486894011497496 -0.43092209100723261 0.47889618575572973 26.43883037567139 0.018263741396367553 0.52197134494781505 0.12307241931557657 -0.29618301987648005 -0.40839247405529017 0.084218084812164321 24.500000000000004 0.025029987096786502 0.22891729325056079 1.3372189998626711 0.84371772408485424 -0.073696959763765321 -0.19745281338691709 0.025897045619785789 35.054693222045906
decision_type=8 2 8 2 10 2 10 10 8 10 10 10 10 10 2 10 10 10 10 8 10 10 8 8 8 2 10 10 10 2
left_child=19 -2 3 10 12 8 7 9 -4 13 -3 -8 14 -7 -5 -12 -17 18 -18 20 21 -1 23 -21 -25 26 -24 -28 -26 -23
right_child=1 2 5 4 -6 6 11 -9 -10 -11 15 -13 -14 -15 -16 16 17 -19 -20 22 -22 29 25 24 28 -27 27 -29 -30 -31
leaf_value=0.0026003387261911747 8.0420362602446569e-05 -0.001807471263612865 -0.00011669249117153878 -0.00087895815318400302 0.0011578783104983857 -0.0012015211724789099 0.00083104235871450389 -0.0030577797597384176 -0.0015256998819503877 -0.0019589783524463426 -0.000812931267224824 -0.00037892592666280542 -0.00019810436796570895 9.3990429244044524e-05 0.0006800870355752963 0.0015465167761198294 -0.00013096211502503508 0.00051012376470865525 -0.0014679008538289124 -0.0021685038754751577 -0.0016115436649506616 0.00056304343215639655 0.0023558679786332471 0.00080918458049182161 -0.0028696019732449428 7.2607663777556071e-06 -0.0011584990484987076 0.0018849769302145007 0.00046194748150093227 -0.00058740123412220641
leaf_weight=2158 30050 1092 16304 557 1790 864 1022 694 4099 768 2510 1520 4677 969 3535 625 1443 1530 865 748 509 3034 1015 1307 919 214279 733 795 548 1916
leaf_count=2158 30050 1092 16304 557 1790 864 1022 694 4099 768 2510 1520 4677 969 3535 625 1443 1530 865 748 509 3034 1015 1307 919 214279 733 795 548 1916
internal_value=-0.000133549 -0.00103171 -0.00218166 -0.00054202 0.00204844 -0.00334476 -0.00727724 -0.0128744 -0.00221672 -0.00967062 -0.00393189 0 0.000279075 -0.00556158 0.00353486 -0.00252757 -0.00012296 -0.00202703 -0.00543572 0.000161643 0.0030746 0.00435516 6.08112e-05 -0.00537939 -0.00193966 0.000149424 0.00609087 0.00110533 -0.00754909 0.00100806
internal_weight=302875 74914 44864 18624 10559 26240 5837 3295 20403 2601 8065 2542 8769 1833 4092 6973 4463 3838 2308 227961 7617 7108 220344 3522 2774 216822 2543 1528 1467 4950
internal_count=302875 74914 44864 18624 10559 26240 5837 3295 20403 2601 8065 2542 8769 1833 4092 6973 4463 3838 2308 227961 7617 7108 220344 3522 2774 216822 2543 1528 1467 4950
is_linear=0
shrinkage=0.05


Tree=122
num_leaves=31
num_cat=0
split_feature=41 71 54 75 69 58 69 41 48 65 41 55 65 11 19 37 60 15 11 55 11 41 54 41 40 63 32 67 58 67
split_gain=31.8729 47.8168 30.3789 151.391 159.72 65.8156 46.8002 44.7486 28.6513 85.5415 49.1028 346.862 51.7307 63.6098 53.6115 47.8517 44.4888 79.0964 91.3139 83.9831 62.6993 57.5251 76.9588 41.4991 40.0196 38.3163 33.153 78.8509 121.989 83.4015
threshold=0.0061027198098599919 -0.013034131377935408 9.9661102294921893 0.37561069428920751 0.017325930297374729 0.40814527869224554 0.013897051569074394 0.040962267667055137 0.15041072666645053 -0.32749915122985834 0.14659219235181811 1.5000000000000002 0.14533734321594241 4.8643116950988778 0.65303173661232006 0.49466460943222051 -0.25795917212963099 0.073342271149158492 -0.41099916398525232 1.0000000180025095e-35 -0.13002062588930127 0.11176951974630357 2.2380464076995854 0.29077659547328955 0.060240816324949271 -0.04353013634681701 -0.56841507554054249 0.068181291222572341 0.190803237259388 0.15650286525487903
decision_type=8 8 2 8 10 2 10 10 2 8 8 2 8 8 8 8 8 10 8 2 8 10 2 10 8 10 8 10 2 10
left_child=1 -1 8 4 6 -6 -4 -5 10 -10 16 12 14 25 -12 -13 17 18 -2 20 -20 -22 -23 -15 -24 -14 27 28 -18 -29
right_child=2 -3 3 7 5 -7 -8 -9 9 -11 11 15 13 23 -16 -17 26 -19 19 -21 21 22 24 -25 -26 -27 -28 29 -30 -31
leaf_value=0.00094496045552470021 0.0015831600051451158 -0.00011952740349489878 -0.00020520743802423066 -0.0026710907429886802 0.00019167308857263171 0.0012252252707824552 -0.0011395989450869546 -0.00077235510606933318 0.0016625294586260671 -0.00045909471002031983 0.00021183361012121552 -0.0026998224763608745 0.0063620188883111205 0.00067823901796751785 -0.0036481189926708263 -0.0080169855548767998 -4.1173521389025953e-06 0.0019351949339474147 0.00079038764444472808 -0.0011041036104381024 -0.0010568672924430832 -0.002446327556338571 0.0015834668792792047 0.0052402556639049459 -0.00015976252829136723 0.00090117996752897089 -1.7943268256857436e-05 0.0011640158574140426 -0.0020264689573530142 0.00011615981772319503
leaf_weight=505 982 601 1044 542 843 723 561 504 2738 27411 2166 501 580 17553 669 510 7308 831 1588 1768 5244 729 1139 624 1222 506 197657 6796 1380 18312
leaf_count=505 982 601 1044 542 843 723 561 504 2738 27411 2166 501 580 17553 669 510 7308 831 1588 1768 5244 729 1139 624 1222 506 197657 6796 1380 18312
internal_value=-0.000100973 0.00833333 -0.000132092 -0.00434114 0.001116 0.0124365 -0.00993808 -0.0207386 -7.24288e-05 -0.00153354 9.19519e-05 0.00229465 0.00360955 0.00453744 -0.00268893 -0.0261998 -0.000115934 -0.00290461 -0.0038874 -0.00511966 -0.00332259 -0.00505753 0.000354839 0.00382966 0.00474483 0.0162409 4.68757e-05 0.00149382 -0.0026098 0.00291424
internal_weight=303537 1106 302431 4217 3171 1566 1605 1046 298214 30149 268065 23109 22098 19263 2835 1011 244956 13503 12672 11690 9922 8334 3090 18177 2361 1086 231453 33796 8688 25108
internal_count=303537 1106 302431 4217 3171 1566 1605 1046 298214 30149 268065 23109 22098 19263 2835 1011 244956 13503 12672 11690 9922 8334 3090 18177 2361 1086 231453 33796 8688 25108
is_linear=0
shrinkage=0.05


Tree=123
num_leaves=31
num_cat=0
split_feature=42 67 58 54 59 58 68 68 69 42 67 46 54 14 67 55 68 54 69 9 58 41 46 54 58 68 37 58 54 67
split_gain=46.5417 72.4856 78.876 170.465 102.306 98.3823 89.2229 89.4294 62.0952 59.4508 52.2685 68.0143 48.841 43.4336 42.7661 60.2192 49.1035 38.1779 101.864 136.41 73.6309 49.9031 37.2663 128.444 96.8708 118.403 84.2958 73.7889 60.3048 57.3339
threshold=0.020915850065648559 0.30758725106716162 0.64666709303855907 5.8687741756439218 0.02706361468881369 0.05359937250614167 -0.11710844933986662 -0.10816015675663947 0.030849206261336807 0.014005547855049373 0.031841583549976356 5.5000000000000009 7.1026558876037607 -0.067099124193191514 0.045626759529113776 1.0000000180025095e-35 -0.068734906613826738 9.9661102294921893 0.017325930297374729 -0.13217507302761075 0.26589320600032812 0.027948002330958847 26.500000000000004 5.8082926273345956 0.74451306462287914 -0.020092308521270748 0.42072284221649175 0.37342059612274175 8.6812872886657733 0.30758725106716162
decision_type=8 10 2 2 10 2 10 10 10 10 10 10 2 10 10 2 10 2 10 8 2 10 10 2 2 10 10 2 2 10
left_child=1 2 4 -4 5 13 -7 -8 10 -3 11 -9 -11 -1 15 -12 -16 22 19 -19 -20 -21 -2 27 25 26 -25 -24 -27 -26
right_child=17 9 3 -5 -6 6 7 8 -10 12 14 -13 -14 -15 16 -17 -18 18 20 21 -22 -23 23 24 29 28 -28 -29 -30 -31
leaf_value=-0.00052804678737464542 6.0288267990309126e-06 0.00088700446212229079 0.0042725887050025294 -0.0020854038300483421 0.00058294422637213041 0.0012671581784117422 -0.00094404979295754487 3.7156648826013141e-05 0.00090169130541717401 0.00059803262354175867 -7.486877292127233e-05 0.0007146869497410102 -0.00044461381419592542 -0.001619210771499987 0.00091689343129775988 -0.001052262588713839 -3.4904116170021014e-05 0.00025280294591830901 -0.00049941015820676186 -0.0024133031651395508 0.00085275969405675112 -0.0010326701645161692 -0.00050119849561411009 -0.0013908829098136851 -0.0033961820712069229 -0.00018290076989731205 0.00053352333794396626 0.00031006083654031848 0.0012041130354407169 -0.00054727760819379848
leaf_weight=842 223197 1613 532 1274 3388 957 892 2404 950 1447 958 1404 639 596 662 561 13521 545 614 518 727 516 9714 2762 1011 6692 538 21317 869 612
leaf_count=842 223197 1613 532 1274 3388 957 892 2404 950 1447 958 1404 639 596 662 561 13521 545 614 518 727 516 9714 2762 1011 6692 538 21317 869 612
internal_value=-4.63144e-05 0.0017366 0.000892888 -0.00919604 0.00156751 0.000406196 0.00122541 0.000552383 0.00123107 0.00831761 0.000619877 0.00586695 0.00271947 -0.0122238 -0.00065555 -0.00860039 0.000200803 -0.0002622 -0.00593857 -0.014506 0.00418209 -0.0250958 -0.000199834 -0.0015382 -0.00581879 -0.00410726 -0.011994 0.000185239 -0.000653811 -0.017177
internal_weight=302272 32640 28941 1806 27135 23747 22309 21352 20460 3699 19510 3808 2086 1438 15702 1519 14183 269632 2920 1579 1341 1034 266712 43515 12484 10861 3300 31031 7561 1623
internal_count=302272 32640 28941 1806 27135 23747 22309 21352 20460 3699 19510 3808 2086 1438 15702 1519 14183 269632 2920 1579 1341 1034 266712 43515 12484 10861 3300 31031 7561 1623
is_linear=0
shrinkage=0.05


Tree=124
num_leaves=31
num_cat=0
split_feature=54 68 15 67 8 19 11 19 54 68 34 67 59 53 7 69 38 42 45 54 11 66 39 71 19 15 55 14 19 30
split_gain=31.2868 128.862 111.551 91.0948 73.2497 69.0276 111.062 68.8506 56.634 171.856 119.406 111.135 69.217 105.317 75.8867 96.8089 168.439 94.1433 138.757 78.4639 70.3821 64.7582 87.8505 73.6256 71.1483 62.4442 79.4127 79.1543 121.182 178.758
threshold=1.825355112552643 0.079542174935340895 0.34426800906658178 0.38152274489402777 -0.48909233510494227 -1.0000000180025095e-35 0.84873658418655407 -0.068256653845310197 2.2990788221359257 0.091217182576656355 0.7800283432006837 0.38152274489402777 0.02706361468881369 1.0000000180025095e-35 0.48950099945068365 0.022214193828403953 0.33710354566574102 0.048908604308962829 23.500000000000004 10.184267520904543 -0.024483486078679558 -0.022343292832374569 0.036537956446409232 -0.013034131377935408 -0.07235419005155562 -0.39971101284027094 1.0000000180025095e-35 -0.031594576314091675 0.036012167111039169 1.2889039516448977
decision_type=2 8 10 8 8 8 8 10 2 8 10 8 8 10 10 10 8 10 10 2 10 10 10 8 10 8 2 10 8 10
left_child=1 2 4 -3 -1 6 7 -6 9 10 -2 -11 25 14 15 17 -17 19 -19 21 -18 -14 23 24 -23 26 -10 28 29 -27
right_child=8 3 -4 -5 5 -7 -8 -9 12 11 -12 -13 13 -15 -16 16 20 18 -20 -21 -22 22 -24 -25 -26 27 -28 -29 -30 -31
leaf_value=-0.0020558679489867727 -0.00048449674109676371 0.011376080100104153 -0.003345812897918782 0.00159356672935339 0.00052783387588362183 0.00083034975316489685 -0.00099886315511640475 -0.00070581247639302312 0.00037865229764380077 0.010051537277639567 -0.0018552397020003464 0.00043583928848740534 3.7679912034608957e-05 0.00068341257734838155 0.0010604644865569635 0.00058854519379744575 -6.9521404595774419e-05 -0.0007131121539601412 -0.0019288229008652597 -0.001484194968940621 -0.0012898053900899647 -0.0024956184867265573 0.00035517150144288726 -0.0033306462092563163 -0.00019908263871889627 -6.7832639654572677e-06 0.003347867794362443 0.00012295379399230363 -0.00042851440155744068 0.0015339317073474847
leaf_weight=987 14967 865 744 2334 9652 8377 4479 2738 4157 757 1165 1428 13076 5857 4125 3977 9175 12453 2606 632 2427 515 1372 863 2117 68565 1366 90603 28427 1825
leaf_count=987 14967 865 744 2334 9652 8377 4479 2738 4157 757 1165 1428 13076 5857 4125 3977 9175 12453 2606 632 2427 515 1372 863 2117 68565 1366 90603 28427 1825
internal_value=-0.000139274 0.00138806 0.000261237 0.0108601 0.000805929 0.00133038 -0.000512471 0.00192742 -0.00030848 -0.00299285 -0.00477636 0.0101367 -0.000114894 -0.00161219 -0.00231124 -0.0028574 0.000400924 -0.00436631 -0.00730307 -0.00198278 -0.00264382 -0.00136746 -0.0062846 -0.010485 -0.00628312 0.000339825 0.00557564 0.000186876 -0.000791788 0.000321023
internal_weight=302631 30176 26977 3199 26233 25246 16869 12390 272455 18317 16132 2185 254138 59195 53338 49213 15579 33634 15059 18575 11602 17943 4867 3495 2632 194943 5523 189420 98817 70390
internal_count=302631 30176 26977 3199 26233 25246 16869 12390 272455 18317 16132 2185 254138 59195 53338 49213 15579 33634 15059 18575 11602 17943 4867 3495 2632 194943 5523 189420 98817 70390
is_linear=0
shrinkage=0.05


Tree=125
num_leaves=31
num_cat=0
split_feature=8 54 10 58 39 9 59 58 11 54 53 38 41 67 65 75 73 59 46 75 75 67 42 54 28 11 8 58 46 19
split_gain=28.0197 91.8759 111.986 138.029 114.489 90.794 102.66 75.8392 99.6315 112.864 75.0011 72.5657 69.9772 59.8296 68.547 92.462 56.2983 172.273 58.2199 68.2267 55.229 95.117 85.2749 80.1061 73.6243 58.9573 66.6344 57.2803 54.8283 54.5392
threshold=0.1650103181600571 6.5297107696533212 -0.50639697909355152 0.74451306462287914 0.01324372459203005 -0.29243943095207209 -0.0019672394264489408 0.81410688161849987 0.73682451248168956 4.5850696563720712 1.0000000180025095e-35 0.58642444014549266 0.23309560120105746 0.43428435921669012 0.14533734321594241 0.97311946749687206 0.85928457975387584 -0.037667177617549889 15.500000000000002 0.64008060097694408 0.35968609154224401 0.24067033082246783 0.20344997942447665 7.9477670192718515 0.36430095136165624 -0.11376462504267691 -0.20413075387477872 0.34741784632205969 11.500000000000002 -0.070926859974861131
decision_type=8 2 10 2 10 10 10 2 10 2 10 10 10 10 8 10 10 10 10 8 10 10 10 2 10 8 10 2 8 8
left_child=13 7 4 5 -3 -4 -7 12 10 -10 28 -8 -2 14 -1 20 18 -18 19 -6 21 22 -16 25 -22 26 -23 -25 -9 -27
right_child=1 2 3 -5 16 6 11 8 9 -11 -12 -13 -14 -15 15 -17 17 -19 -20 -21 24 23 -24 27 -26 29 -28 -29 -30 -31
leaf_value=5.5460983651928547e-05 -5.734958392100524e-05 -0.0023514424347879045 -0.0016411363138293001 -0.0025388257172520856 -0.0015581100791540398 -0.0010253408684912091 -0.00021627358158598232 0.0016584601434188552 0.0084858057534399345 -0.00035525987644763617 0.0025129470365141651 0.0019967316866809069 -0.0041805663413915835 0.00059370471136743124 -0.0011815121826956787 0.0051833898480058357 -0.0050989860745772973 0.002118871602352624 0.0014274955310109164 0.00082265563038448446 -0.00034497984308259449 0.00042795060329525167 0.0011543305349486488 0.00095015227717318903 0.00057167801928534876 -0.0015093877692538588 -0.00091540333697971124 1.1150223756753106e-05 -0.00047141142458408027 1.0142249272074518e-05
leaf_weight=173754 57086 1757 557 1573 903 3860 2674 661 1737 921 893 1154 1015 1494 6285 674 507 564 1933 2908 12855 515 680 1165 8541 717 1986 1607 4613 7405
leaf_count=173754 57086 1757 557 1573 903 3860 2674 661 1737 921 893 1154 1015 1494 6285 674 507 564 1933 2908 12855 515 680 1165 8541 717 1986 1607 4613 7405
internal_value=3.30029e-07 -0.000767644 -0.00389674 -0.00753968 0.000279655 -0.0049364 -0.0035074 9.26258e-05 0.0044086 0.0124813 0.000914684 0.00229286 -0.000563577 0.000301349 0.000232199 -0.00156927 0.00321612 -0.00726179 0.00517901 0.00158336 -0.00186755 -0.00373098 -0.00846595 -0.00126445 -9.34317e-05 -0.00323991 -0.00993628 0.00629044 -0.0013626 -0.00116822
internal_weight=302994 85316 18390 9818 8572 8245 7688 66926 8825 2658 6167 3828 58101 217678 216184 42430 6815 1071 5744 3811 41756 20360 6965 13395 21396 10623 2501 2772 5274 8122
internal_count=302994 85316 18390 9818 8572 8245 7688 66926 8825 2658 6167 3828 58101 217678 216184 42430 6815 1071 5744 3811 41756 20360 6965 13395 21396 10623 2501 2772 5274 8122
is_linear=0
shrinkage=0.05


Tree=126
num_leaves=31
num_cat=0
split_feature=19 54 66 69 16 67 33 69 8 71 54 17 9 65 54 54 33 67 74 46 75 29 41 60 65 8 33 7 31 42
split_gain=37.8631 34.2786 66.0021 46.386 34.2208 61.4611 65.1061 47.4358 45.8426 42.8672 52.3111 39.5221 63.6929 113.19 104.953 93.6563 92.2945 90.4283 124.66 88.0867 70.8636 69.9075 58.2304 58.0258 56.1535 63.711 111.011 73.1264 61.3317 81.0453
threshold=0.89023306965827953 0.84371772408485424 -0.18374802917242047 0.011795486789196731 -0.38757792115211481 0.25501056015491491 0.3752459585666657 0.011693994514644148 -0.089475892484188066 -0.026160461828112599 7.1366820335388192 -0.017712068744003769 -0.16220985352993009 -0.22899353504180905 6.7045857906341562 9.9661102294921893 0.8407111167907716 0.313584715127945 0.11005408316850664 9.5000000000000018 0.51991671323776256 -0.46999946236610407 0.0099813831038773077 -0.14898253232240674 0.14299654960632327 -0.17554048448801038 0.92356514930725109 -0.14144254475831983 0.19225261360406878 0.08081261441111566
decision_type=10 2 8 10 8 10 10 10 10 10 2 10 8 8 2 2 8 10 10 10 10 10 8 10 10 8 8 8 8 8
left_child=1 2 -1 -4 5 7 -7 -3 9 10 -9 12 14 -14 -6 22 -17 18 -16 20 21 -20 -15 -22 28 26 -26 -27 -24 -30
right_child=-2 4 3 -5 11 6 -8 8 -10 -11 -12 -13 13 15 17 16 -18 -19 19 -21 23 -23 24 -25 25 27 -28 -29 29 -31
leaf_value=6.3849923126354008e-05 -0.0021681383689632567 -0.00097973104687737954 0.013610357566009083 0.00099273206691200141 -7.8911190881503357e-05 -0.0015613818202505692 0.00098104983762331457 0.00065273086009509196 0.0038881177341602057 -0.0013027763296586817 0.0043274367740113754 3.310644024428471e-05 -0.00044908032735035914 0.00047721563255724299 0.0023883405159797698 0.00013599904467226514 -0.00168686033544464 -0.00071413652657369956 -0.0013963124398775988 -0.00034665077643029158 0.0031428459003590885 0.000310910837347847 -0.00026449868273060675 0.00026999075399866169 0.0007753445699721093 -0.0011201624305173918 -0.0013936422327781369 -0.00021831935236084994 0.00027146932256562204 -0.00026265888304126129
leaf_weight=2812 994 884 682 518 45668 1009 512 6862 652 516 560 137635 14592 1181 1207 510 869 1182 513 2542 1310 7795 15580 960 1503 3064 562 6568 23856 19909
leaf_count=2812 994 884 682 518 45668 1009 512 6862 652 516 560 137635 14592 1181 1207 510 869 1182 513 2542 1310 7795 15580 960 1503 3064 562 6568 23856 19909
internal_value=-0.000166822 -0.000134592 0.00445052 0.0142149 -0.000196469 0.00253975 -0.00676029 0.00403838 0.00517442 0.00411424 0.00508611 -0.000301377 -0.000864568 -0.00172441 0.00037508 -0.000926479 -0.0137869 0.00392744 0.00502546 0.00360244 0.00561012 0.00346237 -0.000679053 0.0134211 -0.000862748 -0.0040275 0.00392771 -0.00573532 -0.000238396 0.000720731
internal_weight=303007 302013 4012 1200 298001 10995 1521 9474 8590 7938 7422 287006 149371 88194 61177 73602 1379 15509 14327 13120 10578 8308 72223 2270 71042 11697 2065 9632 59345 43765
internal_count=303007 302013 4012 1200 298001 10995 1521 9474 8590 7938 7422 287006 149371 88194 61177 73602 1379 15509 14327 13120 10578 8308 72223 2270 71042 11697 2065 9632 59345 43765
is_linear=0
shrinkage=0.05


Tree=127
num_leaves=31
num_cat=0
split_feature=48 62 55 6 35 69 52 68 2 69 67 28 55 66 69 58 68 72 9 64 69 30 33 67 11 21 58 64 67 42
split_gain=36.1925 49.6044 59.5841 45.5742 33.3037 32.0621 31.4429 56.3368 44.2671 44.9561 46.6082 42.6946 67.0248 88.2376 112.943 113.739 76.6951 67.375 64.9353 58.5345 55.7067 131.485 77.349 67.0082 53.7407 52.4807 57.9834 81.1738 84.8931 54.9582
threshold=0.20480274409055713 -0.10255140066146849 1.0000000180025095e-35 -0.037148723378777497 92.291553497314467 0.037847910076379783 9.5000000000000018 -0.0057078686077147714 -0.050530126318335526 0.021456195972859863 0.024756005033850673 0.27291889488697058 1.0000000180025095e-35 -0.37559153139591211 0.015350101049989464 0.51459547877311718 -0.01966963522136211 0.26354987919330602 -0.1200575828552246 0.14921003580093387 0.011795486789196731 0.37174223363399511 1.4351524710655215 0.24702849984169009 0.046112209558486945 0.058445084840059287 0.23278560489416125 -0.033014029264450066 0.23152766376733783 0.031598102301359184
decision_type=2 10 2 10 2 8 8 10 8 10 10 8 2 8 10 2 10 10 10 10 10 10 8 10 8 10 2 8 10 10
left_child=4 2 5 -3 6 -2 11 8 -8 -10 -11 12 17 -14 15 -15 18 19 -16 20 21 22 23 24 -1 26 29 -28 -29 -13
right_child=1 3 -4 -5 -6 -7 7 -9 9 10 -12 25 13 14 16 -17 -18 -19 -20 -21 -22 -23 -24 -25 -26 -27 27 28 -30 -31
leaf_value=-0.0022845277790156725 0.0017046716175645336 -0.0014480527750194206 0.0040766339877737756 -0.00042757535415200273 0.00047896578696626356 -0.00080206267632519754 0.0002232156747236175 0.0002947509718954287 1.8907618032742514e-05 -0.0029173118889455197 -0.00021456723178674239 0.00016710451606666258 -0.00099889964625661412 8.6052873904788997e-05 0.00051133364708529257 -0.0011497011029838716 0.00098669063289176626 -6.8118873242153935e-05 -0.00022140026192422717 -0.0012549252582024115 -0.00025030835700382958 0.003165817246235473 -0.0027314677142125359 0.00010990959202952051 -0.00031038909762489482 -6.155114755571814e-05 0.00037876125475658825 -0.00027103060419209388 0.00025917170964516125 -0.00073875643068900196
leaf_weight=1185 976 3726 652 7960 7257 2795 21671 18712 32084 638 11950 3062 974 4060 3644 1334 2103 22539 1655 1156 14363 627 595 920 536 92327 13364 9773 15644 4139
leaf_count=1185 976 3726 652 7960 7257 2795 21671 18712 32084 638 11950 3062 974 4060 3644 1334 2103 22539 1655 1156 14363 627 595 920 536 92327 13364 9773 15644 4139
internal_value=-2.43031e-05 -0.00232955 0.00217686 -0.00403557 0.000105476 -0.000251256 1.84545e-05 0.000819961 0.000136392 -0.000763171 -0.00329417 -0.000332973 -0.00150177 0.00152395 0.00263158 -0.00286825 0.00663788 -0.00249577 0.00341872 -0.00465656 -0.0039592 -0.00928221 -0.0133395 -0.00960015 -0.0153957 0.000137725 0.00151766 0.00228275 0.000623353 -0.00260019
internal_weight=302421 16109 4423 11686 286312 3771 279055 85055 66343 44672 12588 194000 55691 13770 12796 5394 7402 41921 5299 19382 18226 3863 3236 2641 1721 138309 45982 38781 25417 7201
internal_count=302421 16109 4423 11686 286312 3771 279055 85055 66343 44672 12588 194000 55691 13770 12796 5394 7402 41921 5299 19382 18226 3863 3236 2641 1721 138309 45982 38781 25417 7201
is_linear=0
shrinkage=0.05


Tree=128
num_leaves=31
num_cat=0
split_feature=19 11 58 54 8 54 58 54 58 14 11 62 33 60 54 60 69 37 34 69 48 54 60 67 36 69 54 54 68 23
split_gain=29.2243 27.9698 91.5043 63.7541 45.7701 110.355 118.935 60.7716 149.768 161.012 79.7272 59.6437 55.485 51.5996 51.3426 90.4799 51.4119 41.5133 56.226 48.0721 41.7037 41.196 60.7826 83.8894 74.9994 88.2407 57.0474 49.0622 52.0023 48.0513
threshold=0.89023306965827953 1.6711319684982302 0.14514866471290591 4.7344865798950204 0.1884235888719559 6.6561930179595956 0.74451306462287914 2.4659786224365239 0.74451306462287914 0.11558972671628 0.040005128830671317 -0.030816733837127682 0.65831130743026745 0.063320055603981032 8.7652239799499529 0.070696115493774428 0.018562129698693756 -0.25851510465145106 0.17623239755630496 0.01120073674246669 0.1603859290480614 6.3061475753784189 0.078675646334886565 0.18263552337884906 61.97594070434571 0.022214193828403953 3.4807783365249638 4.7007529735565194 -0.054346978664398186 -0.20286685973405835
decision_type=10 10 2 2 10 2 2 2 2 10 10 10 8 10 2 10 10 10 10 10 2 2 10 10 2 10 2 2 10 10
left_child=1 4 3 -3 -1 7 11 8 9 -6 13 -7 -9 -11 16 -16 -13 -14 -19 -20 -21 22 23 29 -24 26 -26 28 -25 -4
right_child=-2 2 21 -5 5 6 -8 12 -10 10 -12 14 17 -15 15 -17 -18 18 19 20 -22 -23 24 27 25 -27 -28 -29 -30 -31
leaf_value=6.1421272262648286e-06 -0.0018073445704389218 -0.0036872035230780631 -2.0546343872177021e-07 0.001472909908573307 0.00011872802640229561 -0.0013034586082636989 -0.0023980379207022601 -0.00047931048680593491 0.0062615174822334176 0.00024061464838188963 -0.0037578195246328037 -0.00080815945690026689 -0.00062197647198254733 -0.0024188600235193962 -0.00057646725507900164 0.0022441633586442931 0.00040096814771101017 0.0046238237327058162 0.0016499600742450337 0.00034162963510255467 -0.00089472145431248879 -0.00054708913592163815 0.0045397970153104742 0.00063450902594952845 0.012673094610415565 -0.0011430440777102887 0.0013869798821113397 0.00097107028037649815 -0.0026623097837130873 0.0030984964767836573
leaf_weight=244878 1035 1134 1097 517 3833 1600 1250 5796 939 983 2010 3057 2305 500 642 572 1169 834 3155 12089 2565 1300 1746 643 581 1544 1080 1019 1500 1459
leaf_count=244878 1035 1134 1097 517 3833 1600 1250 5796 939 983 2010 3057 2305 500 642 572 1169 834 3155 12089 2565 1300 1746 643 581 1544 1080 1019 1500 1459
internal_value=-0.000121846 -9.29402e-05 0.00212032 -0.00888019 -0.000197615 -0.00169595 -0.00687952 -0.000466889 -0.00421148 -0.00662486 -0.0143734 -0.00434043 0.000691485 -0.00552579 -0.00183486 0.00718954 -0.00443815 0.00188949 0.00267249 0.00207363 0.000866067 0.00364388 0.00466804 0.00115223 0.008718 0.00415241 0.0121185 -0.00428752 -0.00856944 0.00787217
internal_weight=302832 301797 13620 1651 288177 43299 8290 35009 8265 7326 3493 7040 26744 1483 5440 1214 4226 20948 18643 17809 14654 11969 10669 5718 4951 3205 1661 3162 2143 2556
internal_count=302832 301797 13620 1651 288177 43299 8290 35009 8265 7326 3493 7040 26744 1483 5440 1214 4226 20948 18643 17809 14654 11969 10669 5718 4951 3205 1661 3162 2143 2556
is_linear=0
shrinkage=0.05


Tree=129
num_leaves=31
num_cat=0
split_feature=71 55 54 54 10 33 10 26 8 21 55 38 30 60 26 10 22 43 28 9 68 35 55 55 62 55 54 7 30 8
split_gain=32.7073 79.9611 100.872 68.9587 58.5078 54.8372 43.6864 41.8834 32.0644 30.2065 54.4719 138.973 117.974 104.489 98.7969 63.562 44.4424 41.5013 50.6908 72.2154 68.0486 55.5495 47.4021 45.7494 43.6754 83.6267 49.6509 50.9135 47.3902 43.0636
threshold=-0.36238682270050043 1.0000000180025095e-35 6.040837526321412 4.5590739250183114 -0.16959456354379651 1.1901372671127322 -0.11074890196323393 -0.31345178186893458 -0.43255405128002161 0.059231508523225791 1.5000000000000002 0.65575540065765392 0.21869850903749469 -0.20228761434555051 -0.12196214124560355 -0.30256015062332148 0.99338063597679149 1.0193042159080508 0.22099834680557254 -0.22350647300481793 -0.11946228146553038 12.195914268493654 1.5000000000000002 1.5000000000000002 -0.014861404895782469 1.5000000000000002 2.275727510452271 0.027875379659235481 0.25277933478355413 -0.020227305591106411
decision_type=8 2 2 2 10 8 10 10 10 8 2 8 10 10 10 10 8 10 10 8 10 2 2 2 10 2 2 10 10 8
left_child=1 3 -3 4 -1 7 8 -4 -5 16 -11 12 15 -13 -14 -12 17 18 19 22 -20 -21 -2 -19 25 26 27 -22 -27 -26
right_child=9 2 5 6 -6 -7 -8 -9 -10 10 11 13 14 -15 -16 -17 -18 23 20 21 24 -23 -24 -25 29 28 -28 -29 -30 -31
leaf_value=-0.00086270716987835682 8.1279148536521833e-05 -0.0021526819770512589 0.004887822066617609 -0.0021641934146486136 0.0016576013648825388 -8.6323122208101582e-05 -0.00036716160339425016 0.00034660456404917892 -0.0031963373580719146 -4.0308499669072449e-05 0.0019871903717166503 -0.005974916584369128 -0.0011694519111892301 -0.00046017632927253705 7.9429087222962144e-05 3.5717879352152723e-05 0.00055581600207701629 0.00011793049042659407 -0.0016017327980210072 1.1776152953902924e-05 0.00060678303993271692 -0.00030730102525931353 0.0009495048060282848 0.00049361866918372062 0.00020529372354969133 -1.0979609212940014e-05 0.00036630243061294503 -0.0010723313111369532 -0.0010636787011529716 -0.00015918480546424
leaf_weight=2682 18728 504 500 556 786 874 627 675 502 147851 857 647 1715 526 1448 2268 1626 27453 1040 13983 1426 23455 925 2167 8274 1013 22207 1638 854 15021
leaf_count=2682 18728 504 500 556 786 874 627 675 502 147851 857 647 1715 526 1448 2268 1626 27453 1040 13983 1426 23455 925 2167 8274 1013 22207 1638 854 15021
internal_value=-0.000130103 -0.0033437 0.00388217 -0.00692427 -0.00287522 0.00881496 -0.0151917 0.0158228 -0.0213483 -4.60811e-05 -0.000526004 -0.00469147 -0.00173071 -0.0204142 -0.00852506 0.00515152 0.000487055 0.000390031 -6.26301e-05 -0.00108842 0.00107511 -0.00237663 0.00136551 0.0020486 0.00133715 0.00270001 0.00345516 -0.00250488 -0.00748535 -0.000251019
internal_weight=302828 7706 2553 5153 3468 2049 1685 1175 1058 295122 155312 7461 6288 1173 3163 3125 139810 138184 108564 57091 51473 37438 19653 29620 50433 27138 25271 3064 1867 23295
internal_count=302828 7706 2553 5153 3468 2049 1685 1175 1058 295122 155312 7461 6288 1173 3163 3125 139810 138184 108564 57091 51473 37438 19653 29620 50433 27138 25271 3064 1867 23295
is_linear=0
shrinkage=0.05


Tree=130
num_leaves=31
num_cat=0
split_feature=2 30 66 55 69 54 59 33 69 42 69 71 55 17 69 39 58 54 54 60 66 60 62 54 69 14 10 54 18 16
split_gain=31.813 56.6105 88.4924 84.0958 61.2182 47.9149 81.4008 54.3181 50.2172 41.9576 40.9736 41.1003 36.8282 102.328 40.0641 36.6891 52.4596 116.837 101.178 63.8988 48.2068 71.2275 50.2103 39.5396 35.6109 67.2604 34.8976 33.9565 33.8352 48.8934
threshold=0.025555181317031387 0.59531727433204662 -0.33538800477981562 1.5000000000000002 0.010136223398149015 7.6614093780517587 -0.014226437546312807 0.61988744139671337 0.032099694013595588 0.041805261746048934 0.01628866791725159 -0.0097580282017588598 1.5000000000000002 -0.092035830020904527 0.011580507270991804 0.05698076821863652 0.7841378152370454 3.3943405151367192 4.1272149085998544 -0.0054098302498459807 -0.0056744071189314118 -0.072750128805637346 0.016285657882690433 6.4692425727844247 0.053514486178755767 -0.15160533040761945 -0.37685385346412653 4.6731090545654306 -0.31987129151821131 -0.36408057808876032
decision_type=8 10 10 2 10 2 10 10 10 8 10 8 2 10 8 10 2 2 2 10 10 10 10 2 10 10 10 2 8 8
left_child=-1 2 12 4 -3 7 8 9 -7 26 -8 -12 14 -14 -2 -6 18 -18 20 27 21 24 -23 -21 -17 -26 -4 -20 -16 -30
right_child=1 3 5 -5 15 6 10 -9 -10 -11 11 -13 13 -15 28 16 17 -19 19 23 -22 22 -24 -25 25 -27 -28 -29 29 -31
leaf_value=1.9356059700271069e-05 -0.0010575641878885478 0.0018855044419226038 -0.0013107319602343086 -0.0015513604524142561 0.00040028220477731361 0.00074927342961613169 -0.0017896106946132789 0.00021842409995944322 -0.0011679249387717202 -0.00068259313756631208 0.00015461103483875081 -0.0010054045738775612 -0.0032551763786864553 0.00021137592813526217 -0.0010732640817571746 -0.002405128442055122 0.0073861922918084166 -0.00041859200521222645 -0.0004383546719886132 8.8914544564444586e-05 -0.0036038549868189548 0.0012416060167371762 -0.001131403151565506 -0.0011714278708330299 -0.0018830650649047807 0.0019955199628805495 -1.9251039833106769e-05 0.0010797566816384584 0.0020818957011335408 0.00011219581012500375
leaf_weight=216154 615 2949 885 989 9323 806 1117 5305 523 11400 500 1028 517 669 956 2462 1077 1718 1049 2909 721 2227 1974 1326 660 519 7138 4581 846 20278
leaf_count=216154 615 2949 885 989 9323 806 1117 5305 523 11400 500 1028 517 669 956 2462 1077 1718 1049 2909 721 2227 1974 1326 660 519 7138 4581 846 20278
internal_value=-0.000135375 -0.000942269 -0.0019746 0.000631994 0.00105805 -0.00384508 -0.00893574 -0.00302369 0.00115758 -0.00424793 -0.0139925 -0.00858257 0.000274162 -0.00827759 0.00072451 0.000392722 -0.000755899 0.00561497 -0.0017247 0.00172658 -0.00569812 -0.00454661 -0.000106863 -0.00290931 -0.00965489 -0.00248108 -0.00147516 0.00521277 0.00107741 0.00149522
internal_weight=303221 87067 52583 34484 33495 28702 3974 24728 1329 19423 2645 1528 23881 1186 22695 30546 21223 2795 18428 9865 8563 7842 4201 4235 3641 1179 8023 5630 22080 21124
internal_count=303221 87067 52583 34484 33495 28702 3974 24728 1329 19423 2645 1528 23881 1186 22695 30546 21223 2795 18428 9865 8563 7842 4201 4235 3641 1179 8023 5630 22080 21124
is_linear=0
shrinkage=0.05


Tree=131
num_leaves=31
num_cat=0
split_feature=54 66 41 38 54 30 58 67 41 18 11 41 55 64 30 4 25 64 18 54 68 59 42 75 66 54 38 22 68 6
split_gain=30.1465 63.6856 30.2591 29.0538 40.9078 47.4072 45.4379 43.0298 36.2793 35.7248 36.3194 30.6231 97.2722 73.3565 72.5312 58.4554 50.9015 59.3718 50.8304 58.1445 53.9162 49.0049 105.824 41.4236 85.569 60.7556 52.0131 39.8827 38.9813 41.1701
threshold=0.4855030775070191 -0.20302043855190274 0.080688044428825392 1.4722883105278017 5.6633076667785653 2.2597825527191167 0.48254610598087316 0.15158252418041232 0.25680419802665716 -0.37884296476840967 -0.47388631105422968 0.11673576757311822 1.5000000000000002 0.017357766628265384 2.6690912246704106 -0.10707054287195204 0.32982406020164495 -0.1867772042751312 0.40927894413471227 3.7434860467910771 -0.020149139687418934 -0.27293194830417628 0.16285182535648349 0.93587261438369762 -0.16108464449644086 2.541208148002625 0.41548374295234686 0.072327237576246275 -0.013134761247783898 0.20108193904161456
decision_type=2 8 10 10 2 10 2 8 10 8 10 10 2 10 8 10 10 8 10 2 10 8 10 10 10 2 10 10 10 10
left_child=1 2 -1 8 6 -6 7 -5 9 10 -2 21 13 14 16 -14 17 -13 -15 20 -20 22 -11 -23 25 -25 -27 -16 29 -28
right_child=3 -3 -4 4 5 -7 -8 -9 -10 11 -12 12 15 18 27 -17 -18 -19 19 -21 -22 23 -24 24 -26 26 28 -29 -30 -31
leaf_value=0.0012259843968731789 -0.00026918205946947267 0.011765988425525616 -0.0019179626146760378 -0.00076120639010976204 -0.00027050868507226842 0.0060188993203079142 -0.0006250753569805945 -0.0039473704117658969 0.0029523745609228791 -0.0036375489023295474 -0.0019713194209439559 -0.0023413215836729992 -4.9772524921218482e-05 0.00058486369555845851 0.00091738465819192385 -0.0031506848967948822 -3.2782642406490456e-05 0.0013870554432773709 0.0082355318059121416 0.00073224251569413271 0.0037990359390876593 -1.5856803896150893e-06 0.00049161196819410885 0.00024036543643699145 0.005546743220869981 -0.0028623358713653069 -0.0010909867757954138 -0.0013852771534034307 -0.0018312900249956084 0.0025817025347996086
leaf_weight=503 2331 585 501 723 1357 500 2316 869 963 772 931 502 529 3132 532 583 8493 6150 640 917 820 257962 781 1649 759 916 1646 3217 780 503
leaf_count=503 2331 585 501 723 1357 500 2316 869 963 772 931 502 529 3132 532 583 8493 6150 640 917 820 257962 781 1649 759 916 1646 3217 780 503
internal_value=-6.17423e-05 0.00678549 -0.000887574 -9.80805e-05 -0.00361039 0.00249063 -0.00650842 -0.0129838 -2.94398e-05 -6.12789e-05 -0.00525672 -2.91802e-06 0.00165132 0.00231229 0.000830512 -0.0127451 0.00237215 0.00564395 0.00738358 0.0128823 0.0190476 -0.000161789 -0.00898912 -0.000109566 -0.00412741 -0.00630451 -0.0097406 -0.00538707 -0.00644777 -0.00294118
internal_weight=302862 1589 1004 301273 5765 1857 3908 1592 295508 294545 3262 291283 25515 24403 18894 1112 15145 6652 5509 2377 1460 265768 1553 264215 6253 5494 3845 3749 2929 2149
internal_count=302862 1589 1004 301273 5765 1857 3908 1592 295508 294545 3262 291283 25515 24403 18894 1112 15145 6652 5509 2377 1460 265768 1553 264215 6253 5494 3845 3749 2929 2149
is_linear=0
shrinkage=0.05


Tree=132
num_leaves=31
num_cat=0
split_feature=38 54 68 7 54 59 60 14 16 60 16 11 19 67 68 63 59 11 72 53 63 59 35 54 67 73 63 49 55 60
split_gain=33.1849 29.9965 95.4006 74.3417 63.6763 153.874 108.267 85.0709 71.3164 58.2597 57.9868 52.3944 48.9407 47.954 51.6643 64.0637 48.0609 47.8033 47.5738 80.4414 66.3118 56.5908 186.574 74.9672 157.054 55.8562 85.9529 53.8816 50.2241 47.6978
threshold=1.5926524400711062 1.825355112552643 0.069418396800756468 0.23125290870666507 2.2990788221359257 0.010051577351987364 0.13435557484626773 0.018419421277940277 0.22559046745300296 -0.30476647615432734 -0.4480872899293899 -0.010760800912976263 -0.40451705455780024 0.005656945053488017 -0.090743582695722566 -0.039473295211791985 -0.23137712478637693 -0.58044782280921925 0.078277900815010085 1.0000000180025095e-35 0.14359819889068606 -0.05841566435992717 61.468235015869148 7.8142783641815194 0.23779359459877017 0.38186982274055487 -0.041279762983322137 0.0011904939310625198 1.0000000180025095e-35 0.13435557484626773
decision_type=10 2 8 8 2 8 10 10 10 8 8 8 8 10 10 10 10 8 10 10 10 8 2 2 8 10 10 2 2 10
left_child=1 2 3 9 5 7 8 -3 -7 -1 -6 -9 -11 -14 16 -16 -15 -17 19 21 -21 22 28 27 -25 -26 -27 -23 -12 -29
right_child=-2 4 -4 -5 10 6 -8 11 -10 12 18 -13 13 14 15 17 -18 -19 -20 20 -22 23 -24 24 25 26 -28 29 -30 -31
leaf_value=-0.0014674284492617311 -0.00083899248552018752 -0.00041314900080835775 0.0030086826379105065 -0.0013891766653113535 0.0010869364525276446 0.00035775843870332227 0.0048793637215338373 -0.0003003483623319866 -0.0018154816531201698 -0.0012078250405665918 0.00034793914389241715 -0.0024307474902903106 -0.0005663009072967199 -0.00032746309423707816 -0.0002667192976606618 0.0050555005107516815 0.0021412639895597206 0.00058437658862417724 2.8135939394653917e-05 0.00026643002284070302 0.0035301814848701161 -0.0002377185524013658 -0.0045731153506376717 0.0021541532638120254 -0.00062366131862804655 0.0027314108149030375 -0.00042394414967705384 -0.00086292301342086721 0.0024828097098329423 -0.0023919898646655377
leaf_weight=1067 4634 8627 3212 2586 3804 4030 1055 1021 535 883 4337 2774 2191 660 5341 533 1465 11663 211084 1908 747 8432 543 947 3403 673 903 12072 1068 685
leaf_count=1067 4634 8627 3212 2586 3804 4030 1055 1021 535 883 4337 2774 2191 660 5341 533 1465 11663 211084 1908 747 8432 543 947 3403 673 903 12072 1068 685
internal_value=1.66726e-05 8.19757e-05 0.00159231 0.000600402 -8.4494e-05 -0.00295258 0.00390764 -0.00605695 0.000557377 0.00147608 0.000122099 -0.0122865 0.00201354 0.00248136 0.00326352 0.00236793 0.0106089 0.0043667 2.75513e-05 -0.00165976 0.00669794 -0.00233272 0.00208124 -0.00330138 0.00166779 -0.00189417 0.00586381 -0.00469126 0.00490305 -0.00674003
internal_weight=302883 298249 29601 26389 268648 18042 5620 12422 4565 23803 250606 3795 22736 21853 19662 17537 2125 12196 246802 35718 2655 33063 5948 27115 5926 4979 1576 21189 5405 12757
internal_count=302883 298249 29601 26389 268648 18042 5620 12422 4565 23803 250606 3795 22736 21853 19662 17537 2125 12196 246802 35718 2655 33063 5948 27115 5926 4979 1576 21189 5405 12757
is_linear=0
shrinkage=0.05


Tree=133
num_leaves=31
num_cat=0
split_feature=52 65 15 74 58 10 69 14 9 36 54 42 32 66 21 46 66 60 11 7 65 11 67 32 18 40 16 59 14 54
split_gain=28.7551 56.0077 51.7284 33.6626 51.6606 104.563 57.0401 43.2049 35.1308 32.0413 70.5889 49.5467 38.7254 93.8892 64.7107 66.6392 64.7664 98.5474 63.9936 61.1811 70.887 83.4718 65.057 60.687 50.0732 49.9263 48.8328 59.258 47.2135 55.7031
threshold=12.500000000000002 -0.22899353504180905 -0.15114685148000714 0.025029987096786502 0.33450703322887426 3.1605970859527592 0.011557383462786676 -0.02562390640377998 -0.55132701992988575 19.448557853698734 1.2850908637046816 0.051476178690791137 -0.5619412064552306 -0.095037013292312608 0.46001435816288 22.500000000000004 -0.35092857480049128 0.02340295817703009 0.27896128594875341 -0.30209454894065851 -0.29247787594795221 -0.68195724487304676 0.005656945053488017 -0.78412094712257374 -0.2734819203615188 0.057820141315460212 -0.24500625580549237 -0.049121811985969537 -0.034591278061270707 6.080127716064454
decision_type=10 10 10 8 2 8 10 10 8 2 2 10 8 10 8 10 10 10 10 10 10 10 10 10 8 10 10 10 10 2
left_child=3 2 -2 4 8 6 -6 -8 -1 10 -5 -12 13 14 15 16 17 18 19 22 23 -22 -11 -21 25 -14 27 -18 -17 -30
right_child=1 -3 -4 9 5 -7 7 -9 -10 12 11 -13 24 -15 -16 28 26 -19 -20 20 21 -23 -24 -25 -26 -27 -28 -29 29 -31
leaf_value=0.0016701581803642174 0.00022748447613405755 0.00087969728239611585 -0.0012205526232530373 0.0019297610326146119 0.0025769597041688367 -0.00512997601576846 -0.0016435457696137822 0.00043634772636985122 -0.00035920698186103382 0.0041312943709919201 -0.00010056454788944218 -0.00084009145037896812 -0.0017149877289856169 0.0019404686493144003 -0.0022698549204281482 0.0013393778108076349 0.00086551195941996374 0.0055763766177411057 -0.0020787822719618302 -0.0017842564743251771 0.0017445115751826259 0.00019948948600477558 -3.2935845774367468e-05 -0.00021551236479152582 -6.5734232761434711e-06 -0.00042589522804984434 0.00010372494719619263 -0.00072004306343557457 0.000845202794907618 -0.00063943077713047029
leaf_weight=766 2631 2823 605 1445 775 530 1570 763 2008 1161 18865 6090 584 2537 1004 2935 933 825 975 508 709 3354 799 2578 224550 2462 7251 7143 3389 639
leaf_count=766 2631 2823 605 1445 775 530 1570 763 2008 1161 18865 6090 584 2537 1004 2935 933 825 975 508 709 3354 799 2578 224550 2462 7251 7143 3389 639
internal_value=-8.69015e-05 0.00332015 -0.00117067 -0.000156482 -0.00373715 -0.00764803 -0.0041052 -0.00800256 0.00140086 -7.73871e-05 -0.00173798 -0.00236131 8.85203e-05 0.00159456 0.000904627 0.00128429 0.000129544 0.00307263 0.00170398 0.0030102 0.000859059 0.00519273 0.0108122 -0.00484496 -0.000154653 -0.00651178 -0.00196583 -0.00463765 0.00562885 0.002105
internal_weight=303207 6059 3236 297148 6412 3638 3108 2333 2774 290736 26400 24955 264336 36740 34203 33199 26236 10909 10084 9109 7149 4063 1960 3086 227596 3046 15327 8076 6963 4028
internal_count=303207 6059 3236 297148 6412 3638 3108 2333 2774 290736 26400 24955 264336 36740 34203 33199 26236 10909 10084 9109 7149 4063 1960 3086 227596 3046 15327 8076 6963 4028
is_linear=0
shrinkage=0.05


Tree=134
num_leaves=31
num_cat=0
split_feature=48 65 52 59 20 42 27 48 41 59 46 60 11 71 8 42 61 60 14 42 61 9 11 58 19 59 8 74 69 45
split_gain=30.7754 89.6962 50.5918 38.5772 54.2312 38.9071 38.002 43.9079 36.9976 65.8059 58.6072 46.244 83.6451 58.0004 44.3434 40.6754 40.4701 46.239 83.1386 40.3933 41.9698 39.4955 37.8879 102.32 70.905 57.2754 53.0668 56.1265 49.2784 55.1729
threshold=0.14213380962610248 -0.32749915122985834 10.500000000000002 0.13184227049350741 -0.065847281366586671 0.075481589883565917 0.048551872372627265 0.027718904428184036 0.11176951974630357 -0.19344343990087506 17.500000000000004 -0.2281055152416229 -0.11070325970649718 0.28282897174358373 -0.41175694763660425 0.10126620531082155 0.036937713623046882 0.046194680035114295 -0.016493109054863449 0.12865638732910159 -0.12418210506439208 1.9597065448760989 -0.18706330657005307 0.74451306462287914 -0.26276449859142298 0.073937624692916884 0.1650103181600571 0.97658652067184459 0.0098226633854210394 12.500000000000002
decision_type=2 8 10 10 10 10 8 2 10 8 10 8 8 10 10 10 10 10 10 8 10 10 8 2 10 10 10 10 10 10
left_child=3 2 -2 8 5 -5 -6 -8 9 19 14 12 15 -14 -10 -11 17 18 -12 20 -1 -20 23 24 -13 -26 27 -24 -28 -30
right_child=1 -3 -4 4 6 -7 7 -9 10 11 16 22 13 -15 -16 -17 -18 -19 21 -21 -22 -23 26 -25 25 -27 28 -29 29 -31
leaf_value=-0.0002327114346322757 0.002442731263818471 -0.00042010962196951631 -0.0011043438939669914 0.00075704246684723186 -0.00080139016073443078 -0.00033230836782443055 0.0011594963291052807 0.00043460163705197124 -0.0010202968617289939 2.6451183669295737e-05 0.0012164512701172527 0.00050384254799222658 -0.00090110847499867079 0.0019254025351301994 0.00023675274493683494 0.0021053950495505138 -0.0015145077811190765 0.0022252697840729348 6.1432985837415085e-06 0.00015096213941396264 -0.0041389077728517763 -0.002783283895886749 7.8685824000152016e-05 -0.0019578962589846538 -0.00010584854452272714 0.0006751074265057915 0.00095932683661173685 0.00046798821912634339 -9.4239022132747068e-05 -0.00070311295575134947
leaf_weight=516 2307 30569 691 1619 516 5383 1807 5174 2780 2862 5619 8210 5798 523 4623 589 767 2853 4236 634 908 705 110778 1105 66194 1005 3095 2088 21586 7423
leaf_count=516 2307 30569 691 1619 516 5383 1807 5174 2780 2862 5619 8210 5798 523 4623 589 767 2853 4236 634 908 705 110778 1105 66194 1005 3095 2088 21586 7423
internal_value=-6.3207e-05 -0.0014906 0.00674867 0.000114697 0.00262251 -0.000541928 0.0055748 0.00654413 -2.80494e-05 -0.000211294 0.00195202 -0.000131883 -0.00349622 -0.00691044 -0.0016525 0.00275932 0.00383369 0.00447366 0.00294229 -0.00909091 -0.0137378 -0.00178752 1.67047e-05 -0.000883383 -0.000660974 -0.00119701 0.000491792 0.00100198 -0.00130161 -0.00194183
internal_weight=302963 33567 2998 269396 14499 7002 7497 6981 254897 233314 21583 231256 9772 6321 7403 3451 14180 13413 10560 2058 1424 4941 221484 76514 75409 67199 144970 112866 32104 29009
internal_count=302963 33567 2998 269396 14499 7002 7497 6981 254897 233314 21583 231256 9772 6321 7403 3451 14180 13413 10560 2058 1424 4941 221484 76514 75409 67199 144970 112866 32104 29009
is_linear=0
shrinkage=0.05


Tree=135
num_leaves=31
num_cat=0
split_feature=70 30 67 19 75 16 19 5 40 65 10 29 49 67 32 19 65 32 41 9 29 64 65 64 68 75 30 64 27 24
split_gain=34.1859 38.379 87.0393 73.7916 60.8667 89.9814 85.0842 63.6666 62.6358 50.9441 166.414 83.5354 74.96 71.5345 74.9105 55.3902 60.4533 52.1717 81.4177 65.835 81.622 62.3893 61.5077 49.1942 45.4461 77.2512 58.6372 50.3773 47.659 44.4505
threshold=-0.067465785890817628 0.9622684419155122 0.035124376416206367 -0.23936922103166577 0.42026904225349432 -0.076020520180463777 0.026686299592256549 0.035790069028735168 0.017603938467800621 -0.053519010543823235 0.97571277618408214 -0.069765090942382799 0.00066309000249020766 0.2696168869733811 -0.37172065675258631 -0.065549712628126131 0.0454930067062378 -0.46458835899829859 0.070890743285417571 -0.22960809618234632 -0.51419934630393971 0.013523876667022707 -0.23058083653450009 -0.050559073686599725 -0.013134761247783898 0.42026904225349432 0.49298420548439031 -0.096295535564422594 0.089089997112751021 0.25688931345939642
decision_type=8 10 10 8 10 8 10 10 10 8 8 10 2 8 8 10 10 10 10 10 10 10 10 8 10 10 10 10 10 10
left_child=-1 9 -3 -4 6 7 8 -6 -5 10 11 17 13 14 -11 -16 -17 18 19 20 -2 -20 -22 -10 27 26 -26 -19 -27 -29
right_child=1 2 3 4 5 -7 -8 -9 23 12 -12 -13 -14 -15 15 16 -18 24 21 -21 22 -23 -24 -25 25 28 -28 29 -30 -31
leaf_value=0.00010893620339446909 -0.00069944162431569406 -0.0028767628964138747 -0.00096297945939599204 -0.00057346015987145768 0.0013179259475521949 3.3265683298542088e-07 0.0018170732100426237 -0.00011214814230141886 -0.00027383186067810489 0.00032348250361261162 0.0024114340296620502 0.00046472456082726751 -0.00023931300666552832 0.00028605955948092022 -0.00097286667757079208 -0.00052911612350040017 0.00014119703593217132 6.64230127823913e-05 0.00016772840928152671 -0.00060625399791583423 0.00040880730806455229 0.0049730562792913904 -0.0005132696686003023 0.00075108632882702614 0.00053319533315605752 0.00073510895031548282 -0.00036522684577381444 -0.00024573340227275513 -0.00030854613363177788 0.0021158628507339265
leaf_weight=62437 6290 913 1724 607 2154 30353 1763 1114 1273 6784 605 2486 64744 20604 4860 4551 7441 32965 6385 10628 7346 852 2532 2856 4490 576 641 8803 3641 517
leaf_count=62437 6290 913 1724 607 2154 30353 1763 1114 1273 6784 605 2486 64744 20604 4860 4551 7441 32965 6385 10628 7346 852 2532 2856 4490 576 641 8803 3641 517
internal_value=-0.000146396 -0.000417034 0.000941146 0.00127586 0.00171194 0.000854866 0.00613766 0.00872483 0.0026338 -0.000710742 0.000178557 -2.26855e-06 -0.00143494 0.000151412 -0.00172545 -0.00351085 -0.00168305 -0.000264952 -0.00178451 -0.00305529 -0.00104463 0.00291845 0.00179005 0.00484417 0.000736789 0.00388972 0.00800428 3.90117e-05 -0.00112373 -0.00320472
internal_weight=302935 240498 42757 41844 40120 33621 6499 3268 4736 197741 88757 88152 108984 44240 23636 16852 11992 85666 34033 26796 16168 7237 9878 4129 51633 9348 5131 42285 4217 9320
internal_count=302935 240498 42757 41844 40120 33621 6499 3268 4736 197741 88757 88152 108984 44240 23636 16852 11992 85666 34033 26796 16168 7237 9878 4129 51633 9348 5131 42285 4217 9320
is_linear=0
shrinkage=0.05


Tree=136
num_leaves=31
num_cat=0
split_feature=39 55 46 19 68 42 15 60 42 54 27 19 41 66 60 19 18 18 17 54 54 17 33 18 67 30 55 18 55 32
split_gain=24.4599 71.9184 67.3105 41.5556 33.9394 47.4376 39.9739 31.4309 30.4767 30.3896 29.5448 27.4559 31.5061 39.6407 65.3486 90.6748 64.6734 95.9612 45.0417 48.1956 31.006 30.198 94.7403 63.3179 111.675 68.6985 64.5068 317.276 132.796 236.945
threshold=0.1627532243728638 1.0000000180025095e-35 4.5000000000000009 0.36259780824184423 -0.088468328118324266 0.1671886891126633 -0.07693386077880858 0.14385448396205905 0.20344997942447665 4.5326533317565927 2.6394140720367436 0.89023306965827953 0.14659219235181811 -0.055798090994358056 0.018331309780478481 0.41128872334957128 -0.044670682400465005 -0.16958574205636975 -0.061213653534650796 4.7007529735565194 6.9941577911376962 -0.016080769710242745 2.0033416748046879 -0.13620640337467191 0.078704115003347411 1.6667973995208742 1.0000000180025095e-35 0.075726114213466658 1.5000000000000002 -0.34319731593132013
decision_type=10 2 8 10 10 8 8 10 10 2 8 10 10 8 10 10 8 10 10 2 2 10 10 8 10 10 2 8 2 10
left_child=11 3 -3 4 6 -6 8 -5 -2 -10 -7 12 21 14 16 -16 17 18 19 -14 -21 22 -1 24 -23 -26 -25 -28 29 -29
right_child=1 2 -4 7 5 10 -8 -9 9 -11 -12 -13 13 -15 15 -17 -18 -19 -20 20 -22 23 -24 26 25 -27 27 28 -30 -31
leaf_value=-1.3504597499006816e-05 -0.0017344585651939718 0.0027883157188749366 -0.00097091317490756088 -0.00089355389380908149 -0.00070914256907607148 -0.0017833001769315109 0.0029769420437271718 0.0031154509303542455 -0.0011614207769385879 0.0015176013376799915 -0.0050266189020946265 -0.002040832286172333 -0.0005150521758521615 -0.0025860144678140585 0.00027957390773496459 0.0085625321204330293 -0.00086069055976234141 0.0028935425435493837 -0.0014975470251031319 0.0015009123318802508 0.00021527906259250634 -0.0019626469130887112 -0.00077825411268318649 0.00017474788317810603 5.5263538248862259e-05 -0.0012375465735295936 9.6038770817807875e-05 -0.0043146204943901442 -2.8896145855455795e-06 -0.00048061582129484831
leaf_weight=144805 1325 911 668 784 2872 1736 838 793 1616 939 553 873 1901 547 887 790 3291 1713 513 1202 893 1184 6124 98661 5792 582 15139 1839 1513 1733
leaf_count=144805 1325 911 668 784 2872 1736 838 793 1616 939 553 873 1901 547 887 790 3291 1713 513 1202 893 1184 6124 98661 5792 582 15139 1839 1513 1733
internal_value=4.43855e-05 -0.00207359 0.00789805 -0.00345369 -0.00465669 -0.00745504 -0.00158629 0.00406427 -0.00372751 -0.000526316 -0.0128099 0.000139659 0.00016654 0.00270282 0.00334821 0.0124185 0.0017379 0.00473363 0.000896216 0.00269596 0.00790974 5.91242e-05 -0.000418381 0.000629087 -0.0038055 -0.00117481 0.000911308 -0.00166057 -0.0124534 -0.0176996
internal_weight=303017 13035 1579 11456 9879 5161 4718 1577 3880 2555 2289 289982 289109 11737 11190 1677 9513 6222 4509 3996 2095 277372 150929 126443 7558 6374 118885 20224 5085 3572
internal_count=303017 13035 1579 11456 9879 5161 4718 1577 3880 2555 2289 289982 289109 11737 11190 1677 9513 6222 4509 3996 2095 277372 150929 126443 7558 6374 118885 20224 5085 3572
is_linear=0
shrinkage=0.05


Tree=137
num_leaves=31
num_cat=0
split_feature=74 72 16 65 11 16 65 72 6 18 32 75 18 74 60 67 18 59 46 69 19 69 16 60 18 7 65 42 19 66
split_gain=29.6013 34.5363 51.6852 53.0473 104.419 47.8522 47.9908 47.7746 47.8524 31.0115 55.3019 48.7674 59.0452 43.1761 68.0389 101.035 108.661 73.3663 52.2554 50.2185 56.866 38.1915 46.1942 49.7923 37.7502 87.8938 76.9894 143.217 139.198 74.315
threshold=0.036790611222386367 0.93189018964767467 0.29959899187088018 0.12408077716827394 -0.41512726247310633 -0.070601873099803911 -0.20884421467781064 0.24357883632183078 -0.082796972244977937 -0.30131512880325312 -0.67998000979423512 0.80841991305351268 -0.37884296476840967 0.1221439763903618 -0.028727388009428974 0.23914169520139697 -0.20253508538007733 -0.015605130232870577 17.500000000000004 0.012069122400134804 -0.33150301873683924 0.02885202877223492 -0.12827756255865094 -0.10529121756553649 -0.10006989911198615 -0.16691550612449643 -0.22968477010726926 0.037523843348026283 -0.10308847576379775 -0.19209959357976911
decision_type=8 8 10 10 10 10 8 10 10 8 8 10 10 8 8 10 10 10 10 10 8 10 8 10 8 8 10 10 8 10
left_child=1 2 3 5 -5 6 -1 8 -8 10 11 12 -2 14 17 16 -16 19 -17 -11 -21 22 23 -22 26 -26 -15 -28 29 -29
right_child=9 -3 -4 4 -6 -7 7 -9 -10 13 -12 -13 -14 24 15 18 -18 -19 -20 20 21 -23 -24 -25 25 -27 27 28 -30 -31
leaf_value=-0.00063237329053090195 -0.0020844839258094302 -0.0033541063706001347 0.0044511351120543651 -0.0043001481364760121 0.00031040106592291792 -0.002577896476641564 0.00062573742864653864 0.0025392805534517264 -0.0014314190309217907 -0.00098659989930708313 -0.00083837301562610523 0.0021627726135877378 0.00053196465783004229 0.00024545357174079221 0.0059951908119755719 -0.00037107831986908814 0.0016980713753429362 -0.00088465708868739094 0.00089551680497411933 0.0033706595586206044 0.0017766704730568601 -0.00064236217647833558 -0.00069733406323874223 -4.3080135261688164e-06 -0.00043135380322898071 -2.3133669927712966e-06 0.00031233639237971794 -0.00084970395707845712 0.00013940168981277419 0.00024787217184524881
leaf_weight=3040 660 846 699 569 528 900 1748 1069 813 1043 4305 1015 1167 42375 862 3073 3008 3005 3133 505 1671 1460 872 1021 16816 181850 8771 8422 6111 1599
leaf_count=3040 660 846 699 569 528 900 1748 1069 813 1043 4305 1015 1167 42375 862 3073 3008 3005 3133 505 1671 1460 872 1021 16816 181850 8771 8422 6111 1599
internal_value=-6.27133e-06 -0.00265114 -0.00177048 -0.00282932 -0.0130533 -0.00133245 0.000134731 0.00401099 0.000291715 8.60791e-05 -0.00316473 0.00224404 -0.00264017 0.000167538 0.00242842 0.00529447 0.0116237 -0.00058934 0.00133526 0.0023701 0.00426972 0.00264203 0.00542809 0.00866025 3.76005e-07 -0.000346292 0.00102396 -0.00118211 -0.0039772 -0.00760144
internal_weight=302956 10212 9366 8667 1097 7570 6670 3630 2561 292744 7147 2842 1827 285597 19653 10076 3870 9577 6206 6572 5529 5024 3564 2692 265944 198666 67278 24903 16132 10021
internal_count=302956 10212 9366 8667 1097 7570 6670 3630 2561 292744 7147 2842 1827 285597 19653 10076 3870 9577 6206 6572 5529 5024 3564 2692 265944 198666 67278 24903 16132 10021
is_linear=0
shrinkage=0.05


Tree=138
num_leaves=31
num_cat=0
split_feature=13 11 65 74 66 70 42 59 65 33 59 43 10 58 19 58 71 67 31 67 61 25 8 38 36 38 54 66 11 60
split_gain=29.1449 25.0535 98.8169 30.2271 47.8679 26.8808 41.6877 88.1398 63.8759 49.6089 49.3056 39.9265 35.791 35.6008 71.0453 70.6826 61.1503 59.7705 46.1214 47.1181 43.3897 41.725 52.0602 42.0556 39.8117 37.3832 35.9624 37.0598 66.1137 87.7025
threshold=0.70117357373237621 -0.72197014093399037 -0.20184394717216489 0.016432888805866245 -0.095037013292312608 -0.052660081535577767 0.099355366080999388 -0.061843020841479295 0.17508482933044436 1.8361550569534304 -0.11022516712546347 0.19103465974330905 -0.46027414500713343 0.88253614306449901 -0.062894381582736955 0.50080174207687389 -0.090098526328802095 0.31901983916759497 0.15574058890342715 0.43712089955806738 -0.043497949838638299 0.25589789450168615 0.062666740268468871 0.2589524388313294 19.448557853698734 0.075317103415727629 1.5800085663795473 -0.31737408041954035 -0.096315048635005937 -0.18651503324508664
decision_type=10 8 10 8 10 8 10 10 10 10 10 8 8 2 8 2 10 10 10 10 10 10 8 10 2 10 2 10 10 8
left_child=1 2 -1 4 -3 6 10 12 11 -10 -5 -9 -8 15 -15 20 25 21 -19 -20 24 23 -23 -17 -12 -16 -22 28 29 -28
right_child=-2 3 -4 5 -6 -7 7 8 9 -11 13 -13 -14 14 16 17 -18 18 19 -21 26 22 -24 -25 -26 -27 27 -29 -30 -31
leaf_value=-0.0011159307465571748 -0.002394623889939846 -0.00025756830276181216 0.0045506926897734131 -0.0012798302691034986 -0.0034914148860664541 -3.5399391978964238e-05 0.0027818613518593108 0.0012545198088153623 -0.00012155191608834853 0.0031513150345278389 -0.00045470698150308321 -0.00066785354170673767 0.00033265935202263491 -0.0017750247652572717 -0.00083054026302653735 -8.4191992258245845e-05 -0.0017525427092671298 -0.00079945081924393468 -3.2037256377971667e-05 0.00068988081789470371 0.00095166652611851788 0.0009335709299562137 0.00049523833861054147 0.00094081457758541796 0.001018036982396394 0.00060130733628446927 0.0011871503788511532 0.00020060718269784809 -0.0012181673673979619 -0.0002351146737763483
leaf_weight=828 1192 3081 979 1246 922 222362 1080 670 1901 932 611 13374 6476 527 564 2653 748 772 2841 677 1991 4183 2350 2429 2289 2011 1521 10580 2094 9404
leaf_count=828 1192 3081 979 1246 922 222362 1080 670 1901 932 611 13374 6476 527 564 2653 748 772 2841 677 1991 4183 2350 2429 2289 2011 1521 10580 2094 9404
internal_value=-0.000133202 -0.000102282 0.00575124 -0.000137696 -0.00444804 -7.93126e-05 0.000746612 -0.00094301 -0.00295197 0.00388674 0.00158078 -0.00433329 0.00354216 0.00183504 -0.00277202 0.00223511 -4.50045e-05 0.00490418 -0.000139535 0.00229592 0.00074386 0.00676559 0.009407 0.00335821 0.00652921 0.00361702 8.59375e-05 -0.000459571 -0.00224499 -0.000681299
internal_weight=303288 302096 1807 300289 4003 296286 73924 24433 16877 2833 49491 14044 7556 48245 3850 44395 3323 15905 4290 3518 28490 11615 6533 5082 2900 2575 25590 23599 13019 10925
internal_count=303288 302096 1807 300289 4003 296286 73924 24433 16877 2833 49491 14044 7556 48245 3850 44395 3323 15905 4290 3518 28490 11615 6533 5082 2900 2575 25590 23599 13019 10925
is_linear=0
shrinkage=0.05


Tree=139
num_leaves=31
num_cat=0
split_feature=5 74 37 18 60 36 26 65 60 54 32 69 68 54 65 41 74 60 60 54 62 18 55 67 36 11 65 54 54 34
split_gain=25.9487 24.5964 21.102 116.646 70.2609 65.1601 62.586 53.5236 63.4168 67.861 53.2794 43.1343 43.3956 41.6782 79.9957 69.4458 67.1557 55.4499 60.7936 43.3253 41.5825 41.2059 108.127 74.5994 122.459 107.939 110.079 103.648 73.5295 73.5027
threshold=1.4149142503738406 0.31613215804100042 -0.74451532959938038 -0.095722336322069154 -0.10368850454688071 18.936777114868168 -0.32641243934631342 -0.23596140742301938 0.039390623569488532 4.4485747814178476 -0.19092036038637158 0.015256227459758522 -0.16086433082818982 2.8216764926910405 -0.18969365954399106 0.029670318588614467 0.74579566717147838 -0.17026768624782559 -0.21028496325016019 4.6731090545654306 -0.0022153854370117183 -0.19125561416149137 1.5000000000000002 0.074904575943946852 50.675756454467781 -0.22130483388900754 -0.26033931970596308 3.7991901636123662 3.1988770961761479 0.19834953546524051
decision_type=10 10 8 10 10 2 8 8 10 2 8 10 10 2 10 10 8 10 8 2 10 8 2 10 2 8 8 2 2 8
left_child=2 -2 3 4 5 6 -1 -5 9 -9 20 -11 -13 -7 16 -16 17 18 -15 -20 -10 22 23 24 -4 27 -27 -25 -28 -30
right_child=1 -3 21 7 -6 13 -8 8 10 11 -12 12 -14 14 15 -17 -18 -19 19 -21 -22 -23 -24 25 -26 26 28 -29 29 -31
leaf_value=-0.00058630591871445712 -0.0026096955768007617 0.00013397510614618219 -0.000329725926711024 -0.00046104238525218372 -0.00011495426157747394 0.00015940945259260131 0.00063071839653880532 -0.00037563947729905465 -0.0014102723957307246 -5.5889774593001658e-05 0.00027331974115269635 -0.00082623260789179147 0.00058688948385455381 0.001876146720347825 0.0011027128499592313 -0.00088291420602390968 9.7289363373828663e-05 0.00021732748995965424 0.0017622855224659021 0.0033159445433012091 -0.00023009055599454436 -9.0486991652719007e-07 -0.0017192538707573688 0.0018806314559895261 -0.0023767651516332041 -0.0017171274838369182 -0.00058574042810831948 -2.7449316719264223e-05 0.0012566801154162725 -0.00010447358312239766
leaf_weight=2434 682 511 7281 4953 5116 1716 1914 5772 1345 3262 744 795 5531 2010 501 1098 1027 947 809 1272 1488 225635 1059 3148 1100 2625 5814 3937 2859 5411
leaf_count=2434 682 511 7281 4953 5116 1716 1914 5772 1345 3262 744 795 5531 2010 501 1098 1027 947 809 1272 1488 225635 1059 3148 1100 2625 5814 3937 2859 5411
internal_value=-0.000110962 -0.00743973 -8.17272e-05 0.000947501 0.00388777 0.00575047 0.000688389 -0.00137238 -0.000160975 0.00123617 -0.0061472 0.00381329 0.00621843 0.00809372 0.00966901 -0.000279677 0.0122881 0.0146593 0.0171787 0.0231707 -0.00926838 -0.000251662 -0.00189508 -0.00137486 -0.00542844 5.46127e-05 -0.00213829 0.00522199 -0.000383142 0.00264493
internal_weight=302796 1193 301603 42734 18844 13728 4348 23890 18937 15360 3577 9588 6326 9380 7664 1599 6065 5038 4091 2081 2833 258869 33234 32175 8381 23794 16709 7085 14084 8270
internal_count=302796 1193 301603 42734 18844 13728 4348 23890 18937 15360 3577 9588 6326 9380 7664 1599 6065 5038 4091 2081 2833 258869 33234 32175 8381 23794 16709 7085 14084 8270
is_linear=0
shrinkage=0.05


Tree=140
num_leaves=31
num_cat=0
split_feature=16 58 74 11 65 69 58 13 15 11 26 26 46 55 26 69 34 60 62 11 64 62 30 4 72 38 11 65 4 43
split_gain=24.4985 55.1945 35.309 58.1103 60.3983 55.0539 54.008 34.2367 30.4573 36.7677 28.7029 26.4794 25.86 111.494 120.32 56.8175 44.4824 43.8157 46.8412 57.5367 42.6736 38.2435 35.283 39.6405 39.8079 33.4959 32.4161 30.8354 36.1652 30.3189
threshold=-0.46492215991020197 0.42450639605522161 0.040884444490075118 0.76102262735366832 0.14299654960632327 0.015152627602219583 0.63578835129737865 -0.049743851646780961 -0.37765063345432276 -0.68195724487304676 -0.74592787027358998 -0.2119985222816467 26.500000000000004 1.5000000000000002 -0.16265249252319333 0.014184228144586088 0.14328187704086306 0.1771495193243027 0.053956985473632819 0.22758050262928012 -0.029635548591613766 -0.0302777886390686 3.1385604143142705 -0.021341049112379547 0.85552817583084118 0.6154768466949464 3.4023963212966923 0.016838550567626957 0.10505250841379167 0.26756471395492559
decision_type=8 2 8 10 10 10 2 10 10 10 10 10 8 2 10 10 8 8 10 8 8 10 8 10 10 10 10 10 10 8
left_child=1 -1 3 6 5 -5 8 -3 9 -2 -10 -12 -4 15 21 16 -14 18 22 -20 -18 -15 23 24 -17 -24 -19 28 -25 -22
right_child=2 7 12 4 -6 -7 -8 -9 10 -11 11 -13 13 14 -16 17 20 26 19 -21 29 -23 25 27 -26 -27 -28 -29 -30 -31
leaf_value=0.0011918935111404517 0.0017163039771333961 0.00022149114200466799 2.380392769057646e-05 0.0032376419863224624 0.0071080114504817509 -0.0036063619566440944 -0.0030966101817759672 -0.0015715099646747958 0.0010289486153271942 -0.00076718109845308458 -0.0010788330302439748 0.00047870315230598946 0.0018615158342002039 -0.0028708136968242431 9.147446698770225e-05 -0.00015740088629775177 -0.00055305353330189903 1.4916875379602721e-05 -0.0018028695299724404 -0.00049618466362527202 0.0015779378037457849 -0.0010462587022079203 -0.0022081591633630773 0.00011215579380541284 -0.0012789207830551036 -0.00026493617021360847 0.0027030216680720837 -0.00032061297667424009 0.0024453583069492094 0.00025555546524522237
leaf_weight=3919 704 770 239209 543 625 513 683 550 786 627 3402 524 914 556 908 5079 2965 8136 1295 1721 1315 524 924 3750 2653 722 912 3992 985 12198
leaf_count=3919 704 770 239209 543 625 513 683 550 786 627 3402 524 914 556 908 5079 2965 8136 1295 1721 1315 524 924 3750 2653 722 912 3992 985 12198
internal_value=1.45496e-05 0.00340065 -4.52595e-05 -0.0032375 0.00505618 -0.00225141 -0.00531473 -0.00541353 -0.00379151 0.00287099 -0.00567556 -0.0074187 4.77892e-05 -0.000991747 -0.0125626 -0.00050556 0.00176991 -0.00181749 -0.00306422 -0.00882353 0.00117055 -0.0237615 -0.00210047 -0.0013996 -0.00400413 -0.00905797 0.00109296 0.000909923 0.00363541 0.00236264
internal_weight=302404 5239 297165 8407 1681 1056 6726 1320 6043 1331 4712 3926 288758 49549 1988 47561 17392 30169 21121 3016 16478 1080 18105 16459 7732 1646 9048 8727 4735 13513
internal_count=302404 5239 297165 8407 1681 1056 6726 1320 6043 1331 4712 3926 288758 49549 1988 47561 17392 30169 21121 3016 16478 1080 18105 16459 7732 1646 9048 8727 4735 13513
is_linear=0
shrinkage=0.05


Tree=141
num_leaves=31
num_cat=0
split_feature=48 55 31 38 52 65 11 18 11 19 17 12 63 11 48 28 55 27 31 62 26 65 65 9 67 55 70 65 18 71
split_gain=24.8548 44.9334 41.6091 27.1405 24.7669 55.6482 162.837 72.6872 67.9261 54.4137 48.6697 42.9487 46.3457 39.6699 39.6667 37.6451 66.3914 294.356 190.392 81.8937 62.905 55.4653 48.4161 47.9694 75.3277 69.2773 67.6537 88.7484 60.3696 55.4769
threshold=0.26657156646251684 1.0000000180025095e-35 0.32068751752376562 0.67355284094810497 9.5000000000000018 -0.21228951215744016 -0.058426901698112481 -0.088402129709720598 -0.19003785401582715 -0.19978073984384534 -0.16314005106687543 -0.056167520582675927 -0.029967874288558956 -0.45251776278018946 0.0092027080245316046 0.27291889488697058 1.5000000000000002 1.1306617856025698 0.13550353795289996 -0.064881533384323106 -0.22587071359157559 0.15390419960021975 -0.13668876886367795 -0.22045315057039258 0.005656945053488017 1.0000000180025095e-35 0.038488319143652923 -0.22968477010726926 -0.37884296476840967 -0.34827743470668787
decision_type=2 2 10 8 10 10 10 10 8 10 10 10 10 10 2 8 2 8 10 10 10 8 10 10 10 2 10 10 10 10
left_child=4 2 3 -2 15 6 7 11 9 -7 -11 12 -6 -9 -15 23 -17 18 -18 22 -21 -22 -20 24 26 29 27 -1 -27 -26
right_child=1 -3 -4 -5 5 8 -8 13 -10 10 -12 -13 -14 14 -16 16 17 -19 19 20 21 -23 -24 -25 25 28 -28 -29 -30 -31
leaf_value=0.0017256024462189243 -0.00024028766493949599 0.0019292498134689481 6.3660680109314891e-05 -0.0020917897344852514 0.0011257820822802289 0.00072567588571573649 -0.00086172761530635314 -0.00096027218581840263 0.00030476474622194856 -0.0016931320448738741 -9.6872334538377147e-05 7.6521113953793946e-05 -0.00040726725634561737 -0.00052793305098109377 0.00010193544535839778 4.4013832049037525e-05 0.00340493874934988 -0.0049562452445090083 -0.00026640093220456996 -0.0012496025306951175 0.00021931951415046105 -0.00061971114837652743 -0.0017045661791597817 -0.00021298281748313955 -0.0012303906398546186 0.0022118045295596122 -0.00072827768105290878 -0.00046388726359766763 0.00014347241613333147 -0.00013587455497269182
leaf_weight=2623 1525 922 3744 3141 5479 1982 6160 2991 29455 678 10985 17102 1365 1367 4480 145459 500 1154 532 635 4406 1012 524 32688 2595 700 938 721 3798 13033
leaf_count=2623 1525 922 3744 3141 5479 1982 6160 2991 29455 678 10985 17102 1365 1367 4480 145459 500 1154 532 635 4406 1012 524 32688 2595 700 938 721 3798 13033
internal_value=-5.15355e-05 -0.00259045 -0.00374109 -0.00688623 2.93143e-05 0.000766568 -0.000603276 0.000798927 0.00200418 -0.000911754 -0.00221451 0.00222909 0.00557339 -0.00307414 -0.000674407 -0.000256947 0.000149126 -0.004075 -0.000492191 -0.0026057 -0.00035461 0.00140015 -0.0153846 -0.00135362 0.000323532 -0.000958482 0.00633737 0.00966011 0.00450311 -0.00253229
internal_weight=302694 9332 8410 4666 293362 82044 38944 32784 43100 13645 11663 23946 6844 8838 5847 211318 154222 8763 7609 7109 6053 5418 1056 57096 24408 20126 4282 3344 4498 15628
internal_count=302694 9332 8410 4666 293362 82044 38944 32784 43100 13645 11663 23946 6844 8838 5847 211318 154222 8763 7609 7109 6053 5418 1056 57096 24408 20126 4282 3344 4498 15628
is_linear=0
shrinkage=0.05


Tree=142
num_leaves=31
num_cat=0
split_feature=47 64 54 63 15 18 4 19 73 67 18 58 19 18 29 54 41 58 66 46 69 8 9 24 62 2 69 66 66 41
split_gain=22.2893 40.7519 75.8101 65.5837 49.497 48.4135 59.1088 46.7262 49.4442 36.8029 85.6462 71.3658 51.3419 42.5263 36.9087 36.7242 77.8217 64.0957 84.285 65.1911 62.8796 65.0147 60.2411 51.9525 51.6266 48.7407 47.3998 70.466 61.2894 118.172
threshold=-0.019166090525686737 -0.15015792846679685 4.4485747814178476 -0.23902639746665952 -0.38834567368030543 -0.14158976078033444 -0.17152671515941617 0.27309615910053259 0.92410179972648632 0.068181291222572341 -0.10459299013018607 0.3032775223255158 -0.090122897177934633 -0.048560986295342438 -0.45490452647209162 5.6332526206970224 0.23309560120105746 0.73004695773124706 -0.16108464449644086 18.500000000000004 0.01187327364459634 -0.23410256952047345 -0.21436955779790876 0.047345791012048728 -0.004521995782852172 -0.056211629882454865 0.015256227459758522 -0.35431391000747675 -0.16108464449644086 0.037570456042885787
decision_type=2 10 2 10 8 10 10 10 10 10 10 2 8 10 10 2 8 2 10 8 10 8 8 10 10 10 10 10 10 10
left_child=1 2 5 -4 -5 6 -1 8 -6 10 11 -3 13 -12 -13 16 26 18 22 20 -20 -22 -17 -23 25 -24 28 -28 -11 -30
right_child=-2 9 3 4 7 -7 -8 -9 -10 15 12 14 -14 -15 -16 17 -18 -19 19 -21 21 23 24 -25 -26 -27 27 -29 29 -31
leaf_value=0.0013087712468606446 -3.1501799839557883e-05 -0.0002809680787652036 -0.00093151502042915094 0.0037875620108833601 0.00050713608317734602 -0.00060121001538335846 -0.00014854878432540007 0.0042840788258349241 -0.0013623955577011897 0.00014967078878202602 -5.3366276420647232e-07 -0.0033877499519205365 -0.00037437242598320681 0.0013819917077697028 -0.0010753175461871223 -0.00090501983882511924 -0.0035484293524492257 -0.00097058571445142331 -7.857224974067781e-05 -0.00034944958380639417 0.0027796809282642975 2.4225980774978535e-05 -0.0012841760715197306 0.0015079954809115528 0.00019827852180138371 -7.1120042935107072e-05 0.00066898699342489692 -0.00022338340526644008 -0.00058934700874069116 0.0040653263187987289
leaf_weight=3243 212802 1299 1691 798 11864 5340 6152 604 568 7704 738 546 2906 675 509 2269 664 1656 1361 2138 741 1179 1609 850 4361 2310 4950 16612 1305 3629
leaf_count=3243 212802 1299 1691 798 11864 5340 6152 604 568 7704 738 546 2906 675 509 2269 664 1656 1361 2138 741 1179 1609 850 4361 2310 4950 16612 1305 3629
internal_value=-4.96564e-05 0.000608655 0.00210439 0.00454136 0.00567755 -0.000464564 0.00169591 0.00492871 0.00425977 -0.000145782 -0.00364357 -0.0112944 0.000542851 0.00832748 -0.020892 0.00029242 0.00124735 -0.00150941 -0.000582363 0.00400541 0.00766723 0.0119784 -0.00330997 0.00728298 -0.0013269 -0.00548486 0.00157849 0.000152976 0.00400854 0.00835356
internal_weight=303073 90271 30260 15525 13834 14735 9395 13036 12432 60011 6673 2354 4319 1413 1055 53338 34864 18474 16818 6269 4131 2770 10549 2029 8280 3919 34200 21562 12638 4934
internal_count=303073 90271 30260 15525 13834 14735 9395 13036 12432 60011 6673 2354 4319 1413 1055 53338 34864 18474 16818 6269 4131 2770 10549 2029 8280 3919 34200 21562 12638 4934
is_linear=0
shrinkage=0.05


Tree=143
num_leaves=31
num_cat=0
split_feature=7 42 75 41 18 16 60 31 63 63 69 58 54 75 75 54 69 54 66 58 42 53 41 13 72 26 13 12 54 9
split_gain=26.3596 25.9361 23.7704 22.0851 76.1858 63.1466 76.7436 64.8829 63.0557 61.702 59.2522 56.4071 49.2252 47.2133 45.2391 86.8921 44.5205 73.5024 60.0512 46.658 42.5404 42.1566 45.5716 39.3692 39.0263 37.3923 40.9903 40.6184 37.6133 51.2795
threshold=1.635495722293854 0.17222169786691668 0.91629496216773998 0.10462068021297456 -0.18576814979314801 -0.10674368590116499 0.078675646334886565 0.22779249399900439 -0.037304431200027459 -0.26936456561088556 0.077592995017766966 0.74451306462287914 2.9180408716201787 0.99065595865249645 0.92802298069000255 2.5729937553405766 0.011580507270991804 4.85919213294983 -0.087996874004602418 0.48158599436283117 0.14016146212816241 1.0000000180025095e-35 0.29077659547328955 0.045277379453182227 0.71754857897758495 -0.60936835408210743 -0.059112785384058945 -0.11054708063602446 5.2772979736328134 -0.2850451916456222
decision_type=10 10 10 10 10 8 8 10 10 8 10 2 2 10 10 2 10 2 10 2 10 10 10 10 10 10 10 10 2 8
left_child=3 2 -2 9 21 7 10 -6 24 20 13 12 -10 16 -11 -16 17 19 -18 -7 -1 22 25 -12 -8 27 -27 -5 -28 -30
right_child=1 -3 -4 4 5 6 8 -9 11 14 23 -13 -14 -15 15 -17 18 -19 -20 -21 -22 -23 -24 -25 -26 26 28 -29 29 -31
leaf_value=-0.0037562501983079959 -0.0022172406172707273 -0.0032151695913280273 0.0011121431291713523 0.00040841439496449065 -6.4095489503793486e-05 0.00033529099511114162 0.00090320049689043976 0.0019696332155987014 -0.0041570142274685229 -9.8873002878476293e-06 0.00041373902066204558 0.0063570872310531436 0.00068999702108275764 -0.0027652884177704084 0.00059325202232250133 -0.0013738173107785364 -0.00019899907618946603 -0.0013226605862718247 -0.0027262774842378768 0.0090112603801276569 -0.00031313264807824302 0.0017987673264948498 0.0027235538750410601 0.0023767682772066856 0.0049338101283801583 0.00056719656900116927 -0.00082357930282309338 -0.0014090294346085165 -0.00087308621235559049 0.00099082700777665096
leaf_weight=502 533 809 822 804 1416 716 711 2604 567 253738 2743 627 1171 1062 1802 3917 10078 835 663 929 551 865 576 980 1386 2620 4084 2672 836 1418
leaf_count=502 533 809 822 804 1416 716 711 2604 567 253738 2743 627 1171 1062 1802 3917 10078 835 663 929 551 865 576 980 1386 2620 4084 2672 836 1418
internal_value=-0.000125888 -0.00561178 -0.00135531 -8.62461e-05 0.00100191 0.00257378 0.00153928 0.00833747 0.00740161 -0.000254875 8.32593e-05 0.00178947 -0.00286041 -0.0013818 -0.000205614 -0.00459941 -0.000563072 0.00546185 -0.00195796 0.011571 -0.0122766 -0.00199856 -0.00271121 0.00569247 0.0136925 -0.00335101 -0.00163916 -0.00774527 -0.00381222 0.00136926
internal_weight=303037 2164 1355 300873 40363 26488 22468 4020 4462 260510 18006 2365 1738 14283 259457 5719 13221 2480 10741 1645 1053 13875 13010 3723 2097 12434 8958 3476 6338 2254
internal_count=303037 2164 1355 300873 40363 26488 22468 4020 4462 260510 18006 2365 1738 14283 259457 5719 13221 2480 10741 1645 1053 13875 13010 3723 2097 12434 8958 3476 6338 2254
is_linear=0
shrinkage=0.05


Tree=144
num_leaves=31
num_cat=0
split_feature=19 38 41 65 63 11 55 75 33 66 40 31 64 4 23 61 63 72 36 60 55 42 61 22 33 44 65 11 63 11
split_gain=25.5519 24.3465 28.308 51.7506 69.0722 51.6194 27.307 74.3824 64.352 54.3812 47.2754 37.5305 37.5678 26.2769 25.6689 23.1631 21.6692 21.4008 21.1629 69.8489 155.093 45.4003 37.9968 35.1985 34.8008 34.654 37.1421 46.4647 45.0494 45.1877
threshold=0.89023306965827953 1.9256732463836672 0.15680141746997836 0.15324246883392337 -0.041279762983322137 1.2294731140136721 1.0000000180025095e-35 0.92802298069000255 2.1061356067657475 -0.25877381861209864 0.08452204987406732 0.33684496581554418 -0.090799361467361436 -0.054443335160613053 -0.55675050616264332 0.16125458478927615 -0.040293335914611809 0.97253453731536876 18.936777114868168 -0.0084332334809005243 1.5000000000000002 0.010839594062417747 -0.086668610572814928 0.020198919810354713 0.018992239609360698 -4.4999999999999991 0.062154293060302741 0.26851405203342443 -0.0722239315509796 -0.22432279586791989
decision_type=10 10 10 10 10 10 2 10 8 10 10 10 8 10 10 10 10 8 2 8 2 10 10 10 10 2 10 10 10 10
left_child=1 2 15 5 -5 6 10 8 -8 -9 13 -12 -13 -4 -3 18 -2 -16 19 22 -21 23 -1 -20 -24 26 27 -23 -28 -30
right_child=16 14 3 4 -6 -7 7 9 -10 -11 11 12 -14 -15 17 -17 -18 -19 21 20 -22 25 24 -25 -26 -27 28 -29 29 -31
leaf_value=-0.0017478116295726776 -0.00020416916009488584 -0.0021495010052088024 0.0035648787768646317 0.0057966686008305143 -0.00016724469128093604 -0.0031960027264253347 -0.0010672992710722914 0.0017011002052149211 0.0013246616817304082 0.0093857345426468577 -0.00087397168945082886 -0.00068587517896948047 0.0021213994152339557 0.00055727040796399517 0.0012815294729989668 0.00092417748606839082 -0.0037084853668868686 -0.0017927938981913646 -0.00027129582519140214 0.00044690275244780968 -0.0050748664338513584 0.00019880390942177825 2.9390199345604061e-06 0.00044998615782582287 -0.00043358739321715386 -2.2211301109562412e-05 -0.00046280560442379747 -0.001134735727250932 8.7693137945255711e-06 0.0016864190978499256
leaf_weight=1484 517 951 910 709 623 755 588 508 902 515 4233 710 994 1048 568 973 504 662 1126 11441 550 12574 6958 3498 9516 232972 865 1631 913 2064
leaf_count=1484 517 951 910 709 623 755 588 508 902 515 4233 710 994 1048 568 973 504 662 1126 11441 550 12574 6958 3498 9516 232972 865 1631 913 2064
internal_value=-4.69776e-05 -2.00829e-05 1.83903e-05 0.00234706 0.0116244 0.00123065 0.00215012 0.00667856 -0.000466667 0.0169894 0.000702087 -0.00152178 0.00472579 0.0074187 -0.00527157 -8.32243e-05 -0.00790495 -0.000483871 -0.000109593 -0.00136687 0.00158737 3.77465e-05 -0.00333927 0.00494174 -0.00264499 -5.27827e-05 0.00205737 0.000875835 0.00641225 0.00932374
internal_weight=302262 301241 299060 12495 1332 11163 10408 2513 1490 1023 7895 5937 1704 1958 2181 286565 1021 1230 285592 29949 11991 255643 17958 4624 16474 251019 18047 14205 3842 2977
internal_count=302262 301241 299060 12495 1332 11163 10408 2513 1490 1023 7895 5937 1704 1958 2181 286565 1021 1230 285592 29949 11991 255643 17958 4624 16474 251019 18047 14205 3842 2977
is_linear=0
shrinkage=0.05


Tree=145
num_leaves=31
num_cat=0
split_feature=70 65 19 57 59 19 54 61 11 11 65 41 54 11 35 67 72 71 54 18 68 61 37 67 27 54 59 15 41 38
split_gain=26.7642 47.5913 87.649 70.6948 68.1319 48.9375 48.401 43.9282 54.6174 42.4002 45.763 38.9493 37.6946 39.4906 37.1973 36.5723 47.7467 36.1609 32.0022 31.6469 31.5255 34.8365 34.6017 29.6358 28.9011 28.0683 27.8609 26.1991 25.6203 26.8397
threshold=-0.08520962297916411 1.0000000180025095e-35 0.016246625222265724 0.79354923963546764 -0.057171028107404702 -0.055937571451067918 1.5800085663795473 -0.020922631025314328 -0.062481688335537904 0.20813938230276111 -0.22968477010726926 0.07461088523268701 3.7991901636123662 -0.56664729118347157 70.651214599609389 0.005656945053488017 0.2110920995473862 -0.068209700286388383 5.6633076667785653 -0.16507282853126523 -0.020149139687418934 -0.047832280397415154 -0.5667431354522704 0.092453431338071837 0.46123725175857549 3.9451675415039067 -0.033059520646929734 -0.50144839286804188 0.055052489042282111 0.47058182954788214
decision_type=8 10 10 2 10 10 2 10 10 10 8 10 2 10 2 10 8 10 2 10 10 10 10 10 10 2 10 8 10 10
left_child=1 2 4 7 15 -5 11 8 18 10 12 -6 23 -14 -12 19 24 -7 -3 -1 21 -10 -23 -8 25 -17 -15 -2 -4 -30
right_child=27 3 28 5 6 17 9 -9 20 -11 14 -13 13 26 -16 16 -18 -19 -20 -21 -22 22 -24 -25 -26 -27 -28 -29 29 -31
leaf_value=0.003386851697453939 -0.0010052977092156433 -0.0020319069986745051 0.00015011295807901422 -0.0019250970555919665 0.0018275131494519222 0.00020914799123154362 -0.00010567974966730915 0.00066508520488425728 0.0029731984512064119 -0.0024107439761388866 -0.00041828842779590981 -9.8597631906545446e-05 0.0012186817740834515 -0.0014855491508525592 0.0017936270997474205 -0.00014264804072496772 0.00087462618978398224 -0.0014924362440912583 -9.3311087579487504e-06 0.00063317951244856274 -0.00047813463728329277 -0.00095545967880453914 0.0018419332291885609 0.0016141211034683793 0.0011748696668068723 -0.0019871384835881598 -4.0511168854487534e-05 -2.7538063279760642e-05 -0.001601294192312415 -0.00076469226445828012
leaf_weight=1053 1005 646 1045 544 1067 1174 593 11992 514 557 9835 875 501 548 518 608 3008 541 513 801 1187 571 876 1610 505 500 1924 253469 1412 2934
leaf_count=1053 1005 646 1045 544 1067 1174 593 11992 514 557 9835 875 501 548 518 608 3008 541 513 801 1187 571 876 1610 505 500 1924 253469 1412 2934
internal_value=-0.000102992 0.000973959 -0.000260835 0.00296209 0.00100967 -0.00531071 -0.000571017 0.00411123 -0.00022006 -0.00147242 -0.000981402 0.00686475 0.00285384 -0.000821321 -0.00289974 0.00540478 0.00301231 -0.00113043 -0.00945252 0.0113197 0.00319823 0.00707763 0.00305422 0.00779485 -0.00391251 -0.00840787 -0.00342466 -0.000308074 -0.00602666 -0.0077135
internal_weight=302926 48452 29894 18558 24503 2259 18028 16299 4307 16086 15529 1942 5176 2973 10353 6475 4621 1715 1159 1854 3148 1961 1447 2203 1613 1108 2472 254474 5391 4346
internal_count=302926 48452 29894 18558 24503 2259 18028 16299 4307 16086 15529 1942 5176 2973 10353 6475 4621 1715 1159 1854 3148 1961 1447 2203 1613 1108 2472 254474 5391 4346
is_linear=0
shrinkage=0.05


Tree=146
num_leaves=31
num_cat=0
split_feature=70 72 61 54 39 9 36 58 66 16 54 68 63 60 60 64 8 16 39 20 46 16 72 68 26 26 29 38 59 63
split_gain=27.5446 46.2566 39.6152 46.1282 46.7823 43.1896 38.6937 42.6112 65.6173 89.4821 57.7139 64.3793 115.815 149.053 176.071 56.2161 55.8552 50.6818 49.8158 46.4452 43.8005 41.2728 39.6969 38.6126 38.1478 36.5654 34.7023 40.5028 59.9291 40.4749
threshold=-0.052660081535577767 0.96164676547050487 -0.086668610572814928 6.6027369499206552 0.1627532243728638 -0.46346972882747645 76.260540008544936 0.88253614306449901 -0.20854978263378141 -0.089065678417682634 3.8855763673782353 -0.018354882486164566 -0.097027838230133043 -0.21028496325016019 -0.19288334995508191 -0.19646158814430234 -0.48909233510494227 -0.23196665197610852 0.023780974559485916 -0.065174721181392656 23.500000000000004 -0.51291194558143605 0.3231711238622666 -0.092149257659912095 -0.23661678284406659 -0.11929683759808539 -0.64588168263435353 0.19629091769456866 0.061875877901911742 -0.021735727787017819
decision_type=8 10 10 2 10 8 2 2 10 10 2 10 8 8 10 10 8 10 10 10 10 8 10 10 10 10 8 10 10 10
left_child=1 2 3 4 5 -1 7 8 9 10 16 12 13 22 -15 -16 -4 -13 20 21 -9 -18 -12 -14 -11 -20 -10 28 -28 -29
right_child=-2 -3 6 -5 -6 -7 -8 18 26 24 11 17 23 14 15 -17 19 -19 25 -21 -22 -23 -24 -25 -26 -27 27 29 -30 -31
leaf_value=0.0052080210469481088 -3.3137756020952538e-05 -0.0012652709840352547 -0.00076822858364731486 0.0031454820187696055 -0.0024606532436712756 0.00039473304606590692 0.00140308648315574 -0.00051457965251096337 -0.00079084409062069603 -0.0010889874688111429 -0.002435377457578203 -0.00010685872937101823 -0.0020414493090791992 0.0046369233832397813 0.0021007596081954547 -0.00043877999534868334 0.0024993347697062906 0.00061470668444018684 -0.00094853151558628446 0.0016571435739737598 -0.0019390261902829471 0.00023599090361118934 -0.00014128694170606837 -0.00056931841269346921 -6.7197927709315022e-05 0.00043695748121890709 -0.00028631832024430122 0.0002000818676740658 0.00048778743198135655 0.00070431152913576678
leaf_weight=513 226500 1719 1889 600 593 1690 625 822 1782 4515 890 3763 982 878 573 1634 500 2717 1262 2090 677 12170 759 5588 2421 1417 4061 7173 1239 10894
leaf_count=513 226500 1719 1889 600 593 1690 625 822 1782 4515 890 3763 982 878 573 1634 500 2717 1262 2090 677 12170 759 5588 2421 1417 4061 7173 1239 10894
internal_value=-5.14943e-05 0.00076917 0.000956147 0.00622431 0.00349252 0.00684591 0.000704462 0.000594009 0.000901876 -0.000322627 0.000721482 -0.00125885 -0.00353544 0.00242411 0.00890145 0.00133063 0.0028363 0.00271186 -0.00429799 0.00387271 -0.0115639 0.00272871 -0.0096745 -0.00782675 -0.00549957 -0.000204537 0.00291546 0.00342858 -0.000414313 0.00455551
internal_weight=302936 76436 74717 3396 2796 2203 71321 70696 66518 41369 34433 17784 11304 4734 3085 2207 16649 6480 4178 14760 1499 12670 1649 6570 6936 2679 25149 23367 5300 18067
internal_count=302936 76436 74717 3396 2796 2203 71321 70696 66518 41369 34433 17784 11304 4734 3085 2207 16649 6480 4178 14760 1499 12670 1649 6570 6936 2679 25149 23367 5300 18067
is_linear=0
shrinkage=0.05


Tree=147
num_leaves=31
num_cat=0
split_feature=54 58 18 9 65 11 71 54 58 14 69 36 32 32 67 59 49 69 54 11 65 54 29 20 37 18 60 19 65 69
split_gain=20.3642 103.574 106.261 95.2151 143.063 67.0381 62.6976 62.2077 175.959 143.188 101.51 74.9614 71.196 62.6585 53.8799 50.7823 95.0053 71.7943 92.4896 136.039 97.2701 89.139 80.925 76.2842 58.5147 91.2162 123.598 110.62 91.8033 88.3737
threshold=1.825355112552643 0.74451306462287914 0.24643089622259143 0.54596668481826793 0.20806300640106204 0.13818726688623431 -0.13730025291442868 2.2990788221359257 0.74451306462287914 0.044375225901603706 0.018578739836812023 4.4882924556732187 -0.36951062083244318 -0.25599582493305201 0.058440746739506728 0.02706361468881369 0.00059145360137335967 0.01821933034807444 4.5003094673156747 0.60530307888984691 0.058614075183868415 8.351905822753908 -0.20514919608831403 -0.068784445524215684 -0.26573534309864039 -0.097151726484298692 -0.1715523228049278 -0.25750511884689326 -0.2195588946342468 0.013627196196466686
decision_type=2 2 10 8 8 10 8 2 2 10 10 2 8 8 10 8 2 10 2 10 10 2 10 10 10 10 10 8 10 10
left_child=1 2 3 4 -1 -3 -5 8 9 11 -10 -2 -11 14 -13 24 -17 18 19 -18 22 -22 -20 -19 25 26 29 -28 -27 -9
right_child=7 5 -4 6 -6 -7 -8 15 10 12 -12 13 -14 -15 -16 16 17 23 20 -21 21 -23 -24 -25 -26 28 27 -29 -30 -31
leaf_value=0.00014880826165101355 0.0027599369522384124 0.0010407005313875061 -0.0028223566753623891 -0.0013392962790088252 -0.0014441000462319606 0.014521549341156268 0.0021848233493317396 0.0011522163824128479 0.0099899674194685647 -0.00083315033923584488 0.00023287892965009728 -0.0007760088824803901 -0.0024045307198502343 -0.0011768925367182386 0.00021501417762278039 0.00014211168427262638 -0.00045477879066938047 -0.00046016190290450388 -0.0008818243852484961 0.0093573416270338137 -0.0015379010713840822 -0.0031150008741217699 0.00019161293228099846 0.00017870041958478137 0.00013899836308635055 -0.00037458900220113114 0.0010827148549790147 -0.00020551905339536572 -1.9595209752822802e-05 0.00027916980068639345
leaf_weight=19944 915 1107 1137 543 2347 658 4458 5175 735 1892 853 2601 2136 2958 6274 22632 4256 10088 5227 856 3256 604 2085 10442 91246 18938 3397 20880 40902 14468
leaf_count=19944 915 1107 1137 543 2347 658 4458 5175 735 1892 853 2601 2136 2958 6274 22632 4256 10088 5227 856 3256 604 2085 10442 91246 18938 3397 20880 40902 14468
internal_value=-2.01307e-05 0.00121176 0.000479975 0.00110615 -0.000293709 0.0129296 0.00733387 -0.00015651 -0.00296615 -0.00447397 0.0128911 -0.00187333 -0.0126795 -0.00294267 -0.000838492 4.63723e-05 -0.00123284 -0.0027998 -0.00527802 0.000292854 -0.00782508 -0.0142377 -0.00442502 -0.000832522 0.000436374 -0.000375831 0.00135443 -0.00103142 -0.00164578 0.00430214
internal_weight=303010 30194 28429 27292 22291 1765 5001 272816 18364 16776 1588 12748 4028 11833 8875 254452 59446 36814 16284 5112 11172 3860 7312 20530 195006 103760 43920 24277 59840 19643
internal_count=303010 30194 28429 27292 22291 1765 5001 272816 18364 16776 1588 12748 4028 11833 8875 254452 59446 36814 16284 5112 11172 3860 7312 20530 195006 103760 43920 24277 59840 19643
is_linear=0
shrinkage=0.05


Tree=148
num_leaves=31
num_cat=0
split_feature=74 66 11 54 60 65 19 9 58 74 60 54 69 9 65 19 54 57 11 65 69 69 70 54 20 65 69 19 11 42
split_gain=26.8892 66.0589 77.4327 31.1013 48.6825 25.8761 35.0606 32.7803 29.1799 25.3304 132.586 157.159 217.74 141.083 137.05 97.6303 92.3961 72.0473 71.195 70.1634 69.7598 84.9595 57.6642 52.4337 49.8984 73.6531 90.1721 97.3622 58.4698 46.9889
threshold=0.02068808022886515 -0.15564566105604169 2.8704549074172978 0.4855030775070191 0.033707875758409507 -0.20184394717216489 -0.1549427732825279 -0.53429991006851185 0.31025040149688726 0.22019856423139575 -0.030300218611955639 4.835646629333497 0.022214193828403953 -0.33649943768978113 -0.24368524551391599 -0.35952229797840113 6.5513586997985849 0.31287483870983129 0.23771376162767413 0.08141189813613893 0.021456195972859863 0.012959368061274292 -0.043073944747447961 6.1901209354400644 -0.19757211208343503 0.062154293060302741 0.017325930297374729 0.39425384998321539 0.12970305234193805 0.043256720528006561
decision_type=8 10 8 2 8 10 8 10 2 8 8 2 10 10 8 10 2 2 8 10 10 10 10 2 10 10 8 10 10 10
left_child=1 5 -3 4 -2 7 -7 8 -1 10 16 14 19 -14 -12 -16 17 -5 -15 -13 21 -18 -22 -21 25 -17 -27 -28 29 -26
right_child=3 2 -4 9 -6 6 -8 -9 -10 -11 11 12 13 18 15 24 20 -19 -20 23 22 -23 -24 -25 28 26 27 -29 -30 -31
leaf_value=0.0012809490720028373 -4.2942025086027678e-06 -0.00090749508754517599 -0.0044021576754285242 2.6052722704314471e-05 0.0079867521815337791 0.0018313722393421381 -0.00025200500112226891 -0.0013931716245331226 -0.001089439747085979 -2.2162297022126216e-05 0.0054329802273710547 -0.00014485433619234163 0.0091604048858899417 0.0009850238825651861 -0.0014723365854277138 -0.0017586142990850262 -0.00034879890550710343 -0.00063381445655120202 -0.00098672324318412616 -0.00019039360772703671 0.0014316281714961416 0.0013829678371361787 -0.0010412914568655402 -0.0012535911486408469 0.0014445210840932155 0.0099009252146243856 -0.0021574986513454241 0.0038731170042227191 0.0033020811627499144 0.00011566232248188041
leaf_weight=820 857 1081 525 12507 564 850 891 949 515 240859 1513 4336 524 893 796 1162 512 12491 608 922 717 1693 922 1877 2057 809 1182 854 4552 3570
leaf_count=820 857 1081 525 12507 564 850 891 949 515 240859 1513 4336 524 893 796 1162 512 12491 608 922 717 1693 922 1877 2057 809 1182 854 4552 3570
internal_value=-4.59629e-05 -0.0034657 -0.012005 1.90372e-05 0.00737247 -3.71747e-05 0.00454026 -0.00353095 0.00152416 -1.65896e-05 0.000956758 0.00357101 -0.00167939 0.0127518 0.00648591 0.00502935 -0.00136906 -0.00247921 0.00486433 -0.00578726 0.00583809 0.0116253 -0.00197089 -0.0119438 0.0059876 0.00125716 0.00558669 -4.88759e-05 0.0078467 0.00442611
internal_weight=302408 5631 1606 296777 1421 4025 1741 2284 1335 295356 54497 25655 9160 2025 16495 14982 28842 24998 1501 7135 3844 2205 1639 2799 14186 4007 2845 2036 10179 5627
internal_count=302408 5631 1606 296777 1421 4025 1741 2284 1335 295356 54497 25655 9160 2025 16495 14982 28842 24998 1501 7135 3844 2205 1639 2799 14186 4007 2845 2036 10179 5627
is_linear=0
shrinkage=0.05


Tree=149
num_leaves=31
num_cat=0
split_feature=70 72 30 55 69 26 60 26 62 67 11 70 54 8 54 54 58 17 73 6 55 60 9 67 17 67 45 69 17 10
split_gain=26.4952 40.4352 34.7059 146.175 83.0277 120.088 70.4193 98.1718 69.6769 68.2732 64.6044 61.252 60.7751 63.2717 75.7373 56.9635 140.536 61.6819 55.2768 54.728 65.8718 94.9759 206.209 81.3378 68.427 61.6499 128.968 53.5201 52.7377 63.4815
threshold=-0.052660081535577767 0.96502509713172924 0.61503702402114879 1.5000000000000002 0.0087239667773246782 -0.065729342401027666 0.063320055603981032 -0.27910779416561121 -0.15639650821685788 0.035124376416206367 0.07889158278703691 0.18516036868095401 10.184267520904543 0.34985029697418218 6.5014097690582284 2.4163600206375127 0.74451306462287914 0.10640906915068628 0.79741457104682933 0.084825068712234511 1.5000000000000002 -0.0515186209231615 -0.0062875112053006879 0.16948374360799792 -0.0068294068332761517 0.074904575943946852 21.500000000000004 0.008363042492419483 -0.096450775861740098 -0.54266801476478566
decision_type=8 10 10 2 8 10 10 8 8 10 10 10 2 8 2 2 2 10 10 8 2 10 8 10 10 8 10 10 8 10
left_child=1 -1 4 9 5 10 7 -6 11 18 -2 -9 13 27 15 16 17 -15 -4 20 24 22 -22 -23 -10 26 -21 -11 -8 -30
right_child=2 -3 3 -5 6 -7 28 8 19 12 -12 -13 -14 14 -16 -17 -18 -19 -20 25 21 23 -24 -25 -26 -27 -28 -29 29 -31
leaf_value=0.00010329234601979143 -0.00077076614019268199 -0.0014260796299862711 -0.0031547817984877331 -0.0012401153259810108 -0.00031279031791204664 -0.0021570753883931363 0.00078403021051838507 -0.00047486146211030036 3.0354985421247874e-06 0.005295695026958893 0.0013886319268221509 -0.0041500511517473708 -0.0011543248320110093 2.4898420511224736e-05 -0.00085413079946780536 0.00040154586553741871 0.009878734701108477 -0.0029779680977236114 -4.1146998263087362e-05 0.00010712038331499165 0.00027491143758910435 -0.00074058460464750348 0.0025096847470983522 0.0004243796607532438 0.00025482881138102928 -3.5215810483466772e-05 -0.0016697487700306967 0.00032004991893210422 -0.0023061108640696337 -0.00027307796181852997
leaf_weight=75106 3524 1575 799 1962 27620 2271 1344 1468 51382 880 1883 501 619 973 4234 16922 569 1694 900 1804 3880 1023 608 1178 20366 24046 1578 33015 627 18590
leaf_count=75106 3524 1575 799 1962 27620 2271 1344 1468 51382 880 1883 501 619 973 4234 16922 569 1694 900 1804 3880 1023 608 1178 20366 24046 1578 33015 627 18590
internal_value=-6.05709e-05 0.00074259 -0.000332788 0.000668776 -0.000715625 -0.00578824 -0.000465631 -5.16742e-05 0.000629613 0.00110451 -0.00172605 -0.00866599 0.00139011 0.00155668 -0.000385214 0.000892503 -0.0051756 -0.00999253 -0.00874781 0.000803306 0.00147552 0.00621735 0.0103824 -0.00228403 0.00103264 -0.00111889 -0.00742925 0.00295384 -0.00319139 -0.00386176
internal_weight=302941 76681 226260 62567 163693 7678 156015 135454 107834 60605 5407 1969 58906 58287 24392 20158 3236 2667 1699 105865 78437 6689 4488 2201 71748 27428 3382 33895 20561 19217
internal_count=302941 76681 226260 62567 163693 7678 156015 135454 107834 60605 5407 1969 58906 58287 24392 20158 3236 2667 1699 105865 78437 6689 4488 2201 71748 27428 3382 33895 20561 19217
is_linear=0
shrinkage=0.05


Tree=150
num_leaves=31
num_cat=0
split_feature=48 59 54 6 63 30 54 67 60 69 69 26 60 57 17 11 54 16 11 65 59 20 5 58 11 39 9 32 39 65
split_gain=30.8185 48.6504 70.6764 52.3891 44.0037 27.8995 94.2347 88.7408 67.7472 66.8314 66.2248 111.442 66.9535 73.8415 74.1588 100.108 67.5676 78.548 62.8671 58.3469 56.8066 93.3998 50.6102 50.3611 49.9852 48.4019 46.344 45.7087 46.4542 45.296
threshold=0.25221729278564459 -0.1601353585720062 4.1574759483337411 -0.042181441560387604 -0.23902639746665952 0.55868032574653637 10.452331066131594 0.035124376416206367 -0.30476647615432734 0.008363042492419483 0.0087239667773246782 -0.08324809372425078 0.078675646334886565 0.33832183480262762 -0.073125082999467836 -0.2181991636753082 7.9477670192718515 -0.048990773037075989 0.12970305234193805 0.11591053009033205 -0.23137712478637693 -0.30795651674270624 -0.038716532289981835 0.74451306462287914 -0.72197014093399037 0.015472923405468466 0.098498746752738967 -0.30149532854557032 0.032907038927078254 0.39618486166000372
decision_type=2 10 2 10 8 10 2 10 8 10 8 10 10 2 8 10 2 8 10 10 8 10 10 2 10 10 8 8 10 10
left_child=5 2 -2 -3 -4 8 7 22 -1 -9 11 18 20 16 19 23 17 -14 27 24 21 -12 -7 -16 -15 -19 -13 28 -10 -17
right_child=1 3 4 -5 -6 6 -8 9 10 -11 12 26 13 14 15 29 -18 25 -20 -21 -22 -23 -24 -25 -26 -27 -28 -29 -30 -31
leaf_value=-0.00096690642832061792 -0.0016668719112453156 -0.0020927001197154371 0.0008466558536383812 -0.00045508563461845244 0.0073406110521455452 -0.0023239481214545367 -0.0012672937968003966 0.0033885933891038239 0.00057258370071687405 0.00014038439090849759 -1.3120895541305409e-05 -0.0018080795037791102 -0.0023106082940653962 0.00021890010482930375 -0.00052409932400808987 -4.2300422527384586e-05 0.00025030171161499331 0.00034939829268950675 0.0015866002710820011 -0.00030942768761247925 4.0743138501923851e-05 -0.0052994181973469515 6.3058386646622222e-05 -0.0023790290390422889 0.0020601653577445645 -0.00080603892879355403 0.0002578989989274573 -0.0015178061520415905 -0.0011776100436740897 0.00085488556693099455
leaf_weight=3368 1473 2264 1149 5039 560 1448 520 1824 1876 77537 1206 2350 774 911 4801 11345 913 508 1852 936 170903 625 1005 861 1183 2307 512 1527 897 663
leaf_count=3368 1473 2264 1149 5039 560 1448 520 1824 1876 77537 1206 2350 774 911 4801 11345 913 508 1852 936 170903 625 1005 861 1183 2307 512 1527 897 663
internal_value=-4.86563e-05 -0.00271081 0.00244361 -0.00495693 0.00933682 4.68117e-05 0.000827018 0.000963043 -0.000258644 0.00125298 -0.000143989 -0.00433289 4.69825e-05 -0.00235999 -0.00109609 -0.00233597 -0.00815603 -0.0112392 -0.00053554 0.00611842 0.000398277 -0.00833786 -0.00838408 -0.0078103 0.0107414 -0.00730973 -0.0124652 -0.00385151 -1.79662e-05 0.000249626
internal_weight=303137 10485 3182 7303 1709 292652 82334 81814 210318 79361 206950 9014 197936 25202 20700 17670 4502 3589 6152 3030 172734 1831 2453 5662 2094 2815 2862 4300 2773 12008
internal_count=303137 10485 3182 7303 1709 292652 82334 81814 210318 79361 206950 9014 197936 25202 20700 17670 4502 3589 6152 3030 172734 1831 2453 5662 2094 2815 2862 4300 2773 12008
is_linear=0
shrinkage=0.05


Tree=151
num_leaves=31
num_cat=0
split_feature=30 55 67 54 69 63 67 8 54 41 58 54 54 15 75 62 69 65 66 19 7 24 72 68 24 60 17 19 68 31
split_gain=24.4061 159.81 92.3812 73.8804 71.0983 58.1693 88.0487 53.1659 97.9638 74.5751 63.3922 133.437 97.9588 105.577 79.9926 68.1124 54.5339 74.2278 53.9057 56.3728 53.2923 52.8966 49.6874 49.3058 49.0757 45.5467 78.9008 77.4408 95.0349 76.6562
threshold=0.59531727433204662 1.5000000000000002 0.035124376416206367 10.184267520904543 0.008363042492419483 0.03300911188125611 0.27467976510524755 0.31595118343830114 6.5014097690582284 0.23309560120105746 0.74451306462287914 3.9113227128982548 2.1288266181945805 0.2040902376174927 0.44837467372417456 -0.029042422771453854 0.011557383462786676 -0.24348965287208554 -0.26653704047203058 0.10406126827001573 0.45090097188949591 1.6907936334609988 0.92086878418922435 0.14608130604028705 0.20329589396715167 0.078675646334886565 -0.1057891510426998 -0.031361006200313561 0.025955964811146263 0.57646912336349498
decision_type=10 2 10 2 10 10 10 8 2 10 2 2 2 10 10 10 10 10 10 10 10 10 10 10 10 10 8 10 10 10
left_child=21 2 24 4 22 6 -3 18 9 10 12 23 13 -9 -14 -16 -17 -18 19 -6 -10 25 -4 -12 -2 -1 -27 -28 -29 -30
right_child=1 5 3 -5 7 -7 -8 8 20 -11 11 -13 14 -15 15 16 17 -19 -20 -21 -22 -23 -24 -25 -26 26 27 28 29 -31
leaf_value=1.327214268332733e-06 -0.0023541065857200921 -0.0011192404584230782 0.0054660211771325783 -0.0010271257969797932 0.00017487164714721505 -0.0017918507753139892 0.0011661010051603679 0.0017401900651702808 -0.0011294533811710753 -0.0045834600202261325 0.022949094660830074 -0.00035456940510560715 0.0027185401442532671 -0.0025690074082242659 0.001227786949578219 0.0015344695362352022 0.0023115524023262961 -0.00082123452148117476 0.00041441308500863271 -0.0013128505994203022 -0.00014540486861252256 -0.0026195096491958645 -0.00042559120236611156 0.0039549809934758253 6.2078201886591955e-05 0.00085634472060700819 -0.0005527255928396051 -0.00053347167633203756 0.00045210187836700023 -0.00016563088839318676
leaf_weight=191728 1483 1195 1238 757 8600 1243 527 762 2965 730 633 2200 815 1862 5977 2161 1126 8242 34252 1674 2447 797 525 1255 954 2305 10337 4080 4287 5509
leaf_count=191728 1483 1195 1238 757 8600 1243 527 762 2965 730 633 2200 815 1862 5977 2161 1126 8242 34252 1674 2447 797 525 1255 954 2305 10337 4080 4287 5509
internal_value=-1.81712e-05 0.000708452 0.00112808 0.00142718 0.00157988 -0.0106723 -0.00467667 0.00134789 -0.00023569 0.00104955 0.0015114 0.00719863 0.000398473 -0.00861807 0.00169385 0.00097625 -0.00126961 -0.00292173 0.00245644 -0.000719564 -0.00634452 -0.000295591 0.0114777 0.0169125 -0.0084389 -0.000248332 -0.00219014 -0.00303224 -0.000590523 0.00208036
internal_weight=302666 83623 80658 78221 77464 2965 1722 75701 31175 25763 25033 4088 20945 2624 18321 17506 11529 9368 44526 10274 5412 219043 1763 1888 2437 218246 26518 24213 13876 9796
internal_count=302666 83623 80658 78221 77464 2965 1722 75701 31175 25763 25033 4088 20945 2624 18321 17506 11529 9368 44526 10274 5412 219043 1763 1888 2437 218246 26518 24213 13876 9796
is_linear=0
shrinkage=0.05


Tree=152
num_leaves=31
num_cat=0
split_feature=38 75 75 64 54 60 65 54 11 55 60 60 5 58 75 9 60 63 23 65 41 54 55 54 63 45 65 58 23 15
split_gain=32.3059 29.4237 28.2223 29.9593 33.3491 28.3369 22.533 88.6199 170.896 142.977 110.176 104.714 103.198 76.4215 67.5426 81.1168 78.8574 66.83 72.0304 58.5719 58.4374 49.1665 47.6365 45.2469 81.7082 70.9402 51.833 50.5489 46.0627 44.926
threshold=1.5926524400711062 0.99390903115272533 0.95853689312934887 -0.13783007860183713 4.6052701473236093 0.10891589522361757 0.16209059953689578 8.1604328155517596 -0.073920834809541688 1.0000000180025095e-35 0.25542394816875463 0.025878208689391616 -0.15872278064489362 0.31181533634662634 0.87772303819656383 0.098498746752738967 -0.014588577207177876 -0.041279762983322137 -0.099575977772474275 0.20806300640106204 0.035351525992155082 4.3921005725860605 1.5000000000000002 5.6633076667785653 -0.041279762983322137 20.500000000000004 0.37205332517623907 0.79433494806289684 -0.091663349419832216 -0.067757029086351381
decision_type=10 8 10 10 2 8 10 2 10 2 10 10 10 2 10 10 10 10 10 10 10 2 2 2 10 10 10 2 10 10
left_child=6 2 3 -2 -5 -4 -1 8 9 11 -11 20 21 -9 15 17 -16 18 -14 -15 -8 -10 23 25 28 26 -17 -26 -25 -13
right_child=1 -3 5 4 -6 -7 7 13 12 10 -12 29 14 19 16 22 -18 -19 -20 -21 -22 -23 -24 24 27 -27 -28 -29 -30 -31
leaf_value=1.804596426208116e-05 -0.0025252792723260073 -0.0032767253818525794 -0.00048696961407466885 -0.0019321781623045126 0.00072036727690981709 0.0031826205787162292 0.00034378378253087242 0.0018328279675980529 0.0038975811149393712 -0.00030351519295970417 0.00098070645623917212 -0.0029248729903347359 -0.0011299299681413149 -0.00069104556351380045 -0.0016059090621945368 0.00024816759273518985 0.0030817169470572963 0.00048671466812116908 0.00031968774211770315 0.0004031737725805958 -0.0016370852888252408 0.00023829842339947663 -0.0010775148718868964 -0.0024753809179433478 0.000265753111669628 -0.0016049752148489976 -0.001662100444966233 -0.00099944014500857642 -0.00070758553460241761 -0.0010874391736022191
leaf_weight=262477 571 805 1125 717 746 603 753 509 1072 1571 643 1240 755 779 714 8296 2244 3689 641 2367 540 794 661 847 1614 1461 916 1414 514 1432
leaf_count=262477 571 805 1125 717 746 603 753 509 1072 1571 643 1240 755 779 714 8296 2244 3689 641 2367 540 794 661 847 1614 1461 916 1414 514 1432
internal_value=-3.70223e-05 -0.00420581 -0.00233298 -0.00631115 -0.00247794 0.00235903 2.70177e-05 -0.00115571 -0.00200339 -0.00946033 0.000719424 -0.0151321 -0.000202792 0.00620737 -0.00109354 -0.00209914 0.00596361 0.00338567 -0.00590327 0.00326362 -0.0034152 0.0110874 -0.00387402 -0.00329087 -0.00755854 -0.00153047 9.75927e-05 -0.00296248 -0.0176878 -0.0207681
internal_weight=302510 4567 3762 2034 1463 1728 297943 35466 31811 6179 2214 3965 25632 3655 23766 20808 2958 5085 1396 3146 1293 1866 15723 15062 4389 10673 9212 3028 1361 2672
internal_count=302510 4567 3762 2034 1463 1728 297943 35466 31811 6179 2214 3965 25632 3655 23766 20808 2958 5085 1396 3146 1293 1866 15723 15062 4389 10673 9212 3028 1361 2672
is_linear=0
shrinkage=0.05


Tree=153
num_leaves=31
num_cat=0
split_feature=47 2 42 65 67 55 27 74 54 69 57 60 62 62 54 18 19 69 69 55 60 20 54 66 74 55 10 11 19 65
split_gain=24.7511 34.9411 32.3639 111.062 78.743 74.2015 101.227 117.779 66.2339 62.1663 62.0896 58.4949 76.0237 55.8847 55.0866 116.401 52.8541 52.1399 50.9426 49.6751 47.1104 110.574 69.8137 56.4323 78.4046 85.1527 85.2432 74.7843 65.9337 76.0923
threshold=-0.018764016218483445 0.0014306596713140609 0.058893067762255676 -0.30392172932624811 0.16151469945907596 1.5000000000000002 1.2050145268440249 0.86649835109710704 5.4147660732269296 0.043495975434780128 0.056603312492370612 -0.025919166393578049 -0.0089505910873413069 -0.10489141941070555 8.351905822753908 -0.13975778222084043 -0.017900647595524784 0.018903178162872795 0.03453906066715718 1.0000000180025095e-35 -0.18651503324508664 -0.050711872056126588 5.7778069972991952 -0.14356330037117002 0.61276239156723034 1.5000000000000002 -0.59560343623161305 -0.45251776278018946 -0.050180032849311822 0.061795532703399665
decision_type=2 10 8 8 10 2 8 8 2 10 2 10 10 10 2 8 8 10 10 2 8 10 2 10 8 2 10 8 10 10
left_child=1 -1 3 4 8 14 7 11 9 -2 16 -7 -13 -12 -4 -16 -5 -17 20 -20 21 22 -15 24 25 26 -22 -26 29 -25
right_child=2 -3 5 10 -6 6 -8 -9 -10 -11 13 12 -14 18 15 17 -18 -19 19 -21 23 -23 -24 28 27 -27 -28 -29 -30 -31
leaf_value=0.00014082801734210739 -0.0011430038993714856 -0.00012229334767912579 -5.3536109135378113e-05 0.0022320401247427112 0.00030464901057222912 -4.2957273591292832e-05 -0.0046291574265137055 0.0020988452990547695 -0.0011051310355118975 0.0012584251695372077 -0.0010125469443374451 -0.0018200874249352421 -0.00048246097932364885 -0.0004272342248470054 0.00075844494009812558 -0.0016553841209223626 0.00015452699932429345 -0.00030890704583891283 0.00025599981661475089 0.0010093816341541339 0.0010077771123390218 -0.00096103873755915372 0.00092608826986236904 4.9947987417023723e-05 -0.00087832521904870626 0.00061202130369752365 -0.00011976804509544254 0.00021551083372252366 2.5588288650798057e-05 -0.00085018014185661193
leaf_weight=68977 1047 22388 76449 682 957 1370 578 515 2071 537 1429 613 912 2194 1367 2212 655 1866 1486 627 1799 3090 1484 4053 905 1886 32724 35981 26466 5395
leaf_count=68977 1047 22388 76449 682 957 1370 578 515 2071 537 1429 613 912 2194 1367 2212 655 1866 1486 627 1799 3090 1484 4053 905 1886 32724 35981 26466 5395
internal_value=-7.43249e-06 0.000680164 -0.000304693 0.000207208 -0.00739939 -0.00105248 -0.00770385 -0.00438596 -0.0107367 -0.00301129 0.000498072 -0.00831325 -0.0150163 0.000377733 -0.000727681 -0.00558203 0.011173 -0.0098092 0.000497036 0.0081724 0.000356505 -0.0036884 0.0021692 0.000607495 0.00140304 -0.000243005 -0.000809371 0.00302743 -0.00101603 -0.00459928
internal_weight=302715 91365 211350 125468 4612 85882 3988 3410 3655 1584 120856 2895 1525 119519 81894 5445 1337 4078 118090 2113 115977 6768 3678 109209 73295 36409 34523 36886 35914 9448
internal_count=302715 91365 211350 125468 4612 85882 3988 3410 3655 1584 120856 2895 1525 119519 81894 5445 1337 4078 118090 2113 115977 6768 3678 109209 73295 36409 34523 36886 35914 9448
is_linear=0
shrinkage=0.05


Tree=154
num_leaves=31
num_cat=0
split_feature=18 6 69 60 67 45 67 6 67 67 34 42 21 32 60 29 46 37 18 6 69 60 35 69 32 23 65 42 19 8
split_gain=28.1386 93.5492 81.0778 91.2036 72.4431 65.2562 76.7991 58.5419 57.3861 55.1849 67.308 50.9762 50.0695 43.2929 42.092 39.8677 38.1682 45.3387 35.9467 69.503 83.2012 119.452 82.7738 82.0602 95.3717 77.8092 135.534 82.9527 68.9984 65.93
threshold=-0.19125561416149137 -0.068610887974500642 0.012069122400134804 -0.02039990201592445 0.074904575943946852 21.500000000000004 0.21804926544427874 0.04693350940942765 0.15650286525487903 0.098437614738941207 0.18120919913053515 0.30739560723304754 0.06855835393071176 -0.49999949336051935 -0.091362275183200822 -0.53012338280677784 20.500000000000004 -0.78030511736869801 -0.10307702794671057 -0.024923280812799927 0.025897045619785789 0.24561627209186557 74.34043121337892 0.017325930297374729 -0.31902401149272913 -0.085200894623994813 0.062154293060302741 0.094865404069423689 0.36259780824184423 -0.14694888889789579
decision_type=8 10 10 8 10 10 10 10 10 10 8 10 10 10 10 10 10 10 8 10 10 8 2 10 8 8 10 10 8 10
left_child=1 2 9 11 7 -5 -7 13 12 15 -11 16 -6 -3 -14 -1 17 -4 -2 -20 23 29 28 25 -25 26 27 -21 -23 -22
right_child=18 4 3 5 8 6 -8 -9 -10 10 -12 -13 14 -15 -16 -17 -18 -19 19 20 21 22 -24 24 -26 -27 -28 -29 -30 -31
leaf_value=-0.0024411783632780999 0.00012717255517162863 -0.0012638964498217003 0.00080839207464739309 -0.00078665014197723299 -0.00072971358410313229 0.0056039595620651448 0.00035768151079516918 -0.0023924557280966719 -0.00046320801257089365 0.00050844147263419924 -0.001405888399112901 -0.0021788979122479017 6.6220657568560017e-06 0.00026264813478588339 0.0034041398329925712 -0.0004525802366429065 0.002146041924323341 -7.4494584995266592e-05 -9.7177451964150507e-05 0.00037326137244867401 -0.00042863765946919935 -0.00052233259839472562 -0.002373428923987347 -0.00063078601411475314 -3.3357833207741178e-05 -2.7260641913658821e-06 0.0020032271450658233 -0.0010753896012012571 0.00077513334446252828 0.00086182393639632089
leaf_weight=711 50454 1422 3954 631 771 1066 851 774 10072 1695 736 670 541 569 768 510 796 13308 96181 8633 1288 2410 1318 7990 27287 39696 8124 3598 5752 10694
leaf_count=711 50454 1422 3954 631 771 1066 851 774 10072 1695 736 670 541 569 768 510 796 13308 96181 8633 1288 2410 1318 7990 27287 39696 8124 3598 5752 10694
internal_value=3.7589e-05 -0.0012006 0.000673671 0.00185568 -0.00433108 0.0107115 0.0152828 -0.0116216 -0.00266404 -0.0061988 -0.00182302 0.000645747 0.00488038 -0.00702149 0.0108036 -0.0148253 0.00115121 0.000654238 0.000224913 -5.9395e-05 0.000760274 0.00357209 -0.000621707 0.000126917 -0.00178678 0.00125123 0.00376381 0.000437056 0.0012604 0.00688793
internal_weight=303270 39845 24928 21276 14917 2548 1917 2765 12152 3652 2431 18728 2080 1991 1309 1221 18058 17262 263425 212971 116790 21462 9480 95328 35277 60051 20355 12231 8162 11982
internal_count=303270 39845 24928 21276 14917 2548 1917 2765 12152 3652 2431 18728 2080 1991 1309 1221 18058 17262 263425 212971 116790 21462 9480 95328 35277 60051 20355 12231 8162 11982
is_linear=0
shrinkage=0.05


Tree=155
num_leaves=31
num_cat=0
split_feature=41 67 48 55 63 41 54 35 61 43 61 54 65 8 73 19 35 41 74 54 69 60 41 54 60 60 69 15 60 8
split_gain=32.5425 30.5336 29.9343 53.2791 68.216 32.6413 33.9617 26.9346 54.8587 34.0645 36.9931 26.7504 26.3406 37.7275 25.605 23.4095 26.9158 22.8799 22.0524 22.0209 164.462 117.772 91.5329 91.0833 74.7727 70.2861 59.0136 30.1871 23.3917 68.7292
threshold=0.0061027198098599919 0.16320770233869555 0.19863881170749667 1.0000000180025095e-35 -0.037304431200027459 0.17555166035890582 2.275727510452271 85.715595245361342 -0.040527313947677605 0.74764341115951549 0.027976453304290775 6.6027369499206552 -0.40212038159370417 -0.34913882613182062 0.96871235966682445 0.27309615910053259 66.23956680297853 0.29077659547328955 0.79991659522056591 9.4403204917907733 0.017267272807657722 -0.043686289340257638 0.082984395325183882 10.452331066131594 -0.10529121756553649 -0.014118897728621958 0.014052977785468103 -0.064840532839298234 -0.21442994475364682 -0.61502894759178151
decision_type=8 10 2 2 10 8 2 2 10 10 10 2 8 8 10 8 2 10 8 2 10 8 8 2 8 10 10 10 8 10
left_child=1 -1 7 5 11 12 -7 17 -9 -10 14 -5 -4 -14 -11 -15 -17 19 -12 28 21 -21 23 24 -22 -23 27 -27 29 -2
right_child=2 -3 3 4 -6 6 -8 8 9 10 18 -13 13 15 -16 16 -18 -19 -20 20 22 25 -24 -25 -26 26 -28 -29 -30 -31
leaf_value=7.777673274894695e-05 -0.0024098502271762781 0.00083250502755871094 0.0022792995039045008 0.000724554051144637 -0.0012286826833646514 -3.2643937407414882e-06 -0.0024525638966580417 -0.0019925078284340841 0.00078356086580595838 -0.00042817261881203627 3.336331871102577e-05 0.0058680618268783097 -0.001529528047024113 -0.00058797488208484213 0.00104779192960975 -0.00033393958583666683 0.0011136709009929812 0.0024080129569923284 0.0010740005025339382 0.00020029817491440361 -0.00073913728495808096 -0.0028474197676136796 -0.0010146394484411188 0.0011356456114356764 0.00053696884315223919 0.00023927426329597122 -0.0015208450929089076 -0.00083950915401351527 1.5322620522781328e-05 -0.00011474300197535596
leaf_weight=576 795 506 710 502 624 1066 2259 557 6254 3582 1639 614 1124 5427 1210 3307 1802 795 2034 817 772 539 596 694 1589 592 767 716 236543 22941
leaf_count=576 795 506 710 502 624 1066 2259 557 6254 3582 1639 614 1124 5427 1210 3307 1802 795 2034 817 772 539 596 694 1589 592 767 716 236543 22941
internal_value=-7.78251e-06 0.00860806 -3.90525e-05 -0.0020493 0.00622857 -0.00297039 -0.00736132 8.46734e-05 0.00212613 0.00271234 0.000643068 0.0135879 -0.00178514 -0.00235647 -0.00224906 -0.00142234 0.00100606 -3.16968e-05 0.00441216 -5.70369e-05 -0.00280598 -0.010651 0.00457525 0.00807504 0.00335302 -0.0158155 -0.0115348 -0.00500759 1.78648e-05 -0.00147814
internal_weight=301949 1082 300867 17435 1740 15695 3325 283432 15276 14719 8465 1116 12370 11660 4792 10536 5109 268156 3673 267361 7082 3431 3651 3055 2361 2614 2075 1308 260279 23736
internal_count=301949 1082 300867 17435 1740 15695 3325 283432 15276 14719 8465 1116 12370 11660 4792 10536 5109 268156 3673 267361 7082 3431 3651 3055 2361 2614 2075 1308 260279 23736
is_linear=0
shrinkage=0.05


Tree=156
num_leaves=31
num_cat=0
split_feature=0 6 68 54 21 54 60 33 42 24 60 60 75 33 75 67 42 65 65 65 55 68 74 56 67 35 68 11 65 54
split_gain=27.9646 32.8513 32.7913 62.9594 50.5237 45.1439 79.034 58.3566 52.2376 35.1698 34.4703 53.2243 39.1735 37.9334 40.4519 47.4923 42.0789 41.9731 39.4474 32.8947 38.3163 128.759 126.181 48.5449 31.7279 32.6438 30.257 32.2465 30.145 29.7736
threshold=0.014890786260366442 -0.14578450471162793 -0.067161761224269853 5.7778069972991952 0.22706668078899386 6.5297107696533212 -0.12351347506046294 0.46667927503585821 0.070678617805242552 0.50391390919685375 -0.043686289340257638 -0.063908670097589479 0.89290267229080211 0.24849819391965869 0.81227403879165661 0.19527438282966617 0.10223516449332239 0.10496115684509279 0.28802835941314703 0.19084477424621585 1.0000000180025095e-35 0.051374230533838279 0.98678085207939159 2.5000000000000004 0.005656945053488017 82.359981536865249 0.0076475630048662433 0.099565722048282637 -0.29247787594795221 3.6263389587402348
decision_type=10 10 10 2 10 2 8 10 10 10 8 10 10 10 10 10 10 10 10 10 2 10 8 2 8 2 10 8 10 2
left_child=-1 24 3 -3 28 10 -7 19 26 -10 11 12 -4 -12 -15 16 -16 -17 29 20 22 23 -8 -22 -2 -26 -9 -28 -5 -19
right_child=1 2 5 4 -6 6 7 8 9 -11 13 -13 -14 14 15 17 -18 18 -20 -21 21 -23 -24 -25 25 -27 27 -29 -30 -31
leaf_value=1.8262471040985611e-05 0.00112573772584153 -0.00011743694859933938 5.6613818540644446e-05 -0.000341041309444711 0.0047630539234665165 0.00048441561522226536 -0.00032664778232221331 0.00030412386165358253 -0.0018739539566875038 -0.00082534678730171039 -0.00030905580027927333 -0.0010012743416468516 -0.0014412241294790768 7.811923209060726e-05 0.0058489746542002606 -0.00055511667140332619 0.00034954988231115789 0.0079614862436914388 -0.0002247882186361551 0.00043124024665684127 0.00085697412081228285 -0.0043023917536863686 0.0023690211739338099 -0.00051169131796806994 -0.00063294734295052347 0.00049353000089079541 -0.0013796285090890382 -0.0004267000236517582 0.00049528865633502721 0.0014065279106105695
leaf_weight=228895 758 5068 8204 546 578 1913 2431 928 1376 826 5348 2186 1285 14731 1072 1981 504 766 835 827 551 510 701 808 12153 2113 510 1841 1908 673
leaf_count=228895 758 5068 8204 546 578 1913 2431 928 1376 826 5348 2186 1285 14731 1072 1981 504 766 835 827 551 510 701 808 12153 2113 510 1841 1908 673
internal_value=-7.49581e-05 -0.000920328 -0.000387834 0.00256473 0.00825115 -0.000858965 -0.00337062 -0.00496069 -0.00865962 -0.0146022 2.52693e-05 -0.00222935 -0.000605327 0.00104167 0.00201731 0.00553844 0.0129256 0.00277843 0.0073993 -0.00147311 -0.00300339 -0.00864822 0.000381922 -0.000547845 -0.00300652 -0.00353741 -0.00463667 -0.00764507 0.00507305 0.0123879
internal_weight=302826 73931 58907 8100 3032 50807 13222 11309 5481 2202 37585 11675 9489 25910 20562 5831 1576 4255 2274 5828 5001 1869 3132 1359 15024 14266 3279 2351 2454 1439
internal_count=302826 73931 58907 8100 3032 50807 13222 11309 5481 2202 37585 11675 9489 25910 20562 5831 1576 4255 2274 5828 5001 1869 3132 1359 15024 14266 3279 2351 2454 1439
is_linear=0
shrinkage=0.05


Tree=157
num_leaves=31
num_cat=0
split_feature=2 33 65 69 67 58 17 9 30 65 69 58 55 14 40 54 11 41 11 57 49 43 54 21 57 33 74 20 67 2
split_gain=26.0993 53.2836 42.3332 69.3985 67.7409 51.7833 49.1827 44.5298 46.4399 41.6874 37.9373 55.5875 110.189 86.249 57.0935 43.4872 54.4554 39.3514 38.1657 37.2722 39.7313 35.1622 34.5858 32.0945 31.4693 30.4134 30.3735 33.1411 28.8885 28.7662
threshold=0.026570590212941173 0.24022525548934939 -0.24325805902481076 0.018667110241949562 0.036973271518945701 0.127151794731617 -0.10100800171494483 -0.078122466802597032 0.58593356609344494 -0.20184394717216489 0.01120073674246669 0.22652582079172137 1.5000000000000002 -0.10137290880084036 0.085478212684392943 5.6332526206970224 -0.066464815288782106 0.037004029378294952 2.6678376197814946 0.83456486463546764 0.002114410744979978 0.92051663994789135 5.106853961944581 0.19333805143833163 0.8423251509666444 0.61071738600730907 0.80405929684638988 -0.11618823930621146 0.25047658383846289 0.33284749090671545
decision_type=8 8 8 10 10 2 10 10 10 8 8 2 2 10 10 2 8 10 8 2 2 8 2 10 2 10 10 10 10 10
left_child=-1 24 3 4 -3 22 25 -6 -9 -4 15 12 13 14 -12 17 -17 28 26 -13 -21 -22 -5 -15 -2 -7 27 -19 -11 -16
right_child=1 2 9 5 7 6 -8 8 -10 10 11 19 -14 23 29 16 -18 18 -20 20 21 -23 -24 -25 -26 -27 -28 -29 -30 -31
leaf_value=1.8576111563545545e-05 -0.00029251644687565453 -0.00079372457300964233 -0.00073422283634816507 0.00045183594427623716 0.0033036293221303374 -0.00035761569321186452 5.7664365776143209e-05 -0.00015058676371285836 0.0031976771544897651 -0.0020986832515544006 0.0006598474006321225 -0.00036319035696116375 -0.0025939608836634564 0.00023471844735172364 -0.00028996077912366003 -0.0015326178985285771 0.00010906552092739202 0.00027994886542405671 -0.00039912876363453132 0.0013542297953614846 -0.0018113379438434629 0.00013394586274400921 0.0042221926123890219 0.0021648990632654442 0.00060716424889475928 -0.0028706694928437556 0.00062673232098708139 0.0040605585473976902 0.00042205575691391366 -0.0020453202639039761
leaf_weight=217432 14126 548 2382 1349 868 794 4173 653 654 590 6738 29485 722 1427 2904 533 2336 512 977 1687 506 2353 679 2570 619 616 1040 2219 791 1054
leaf_count=217432 14126 548 2382 1349 868 794 4173 653 654 590 6738 29485 722 1427 2904 533 2336 512 977 1687 506 2353 679 2570 619 616 1040 2219 791 1054
internal_value=-8.91718e-05 -0.00082698 -0.000259941 0.00269722 0.00953165 0.00024275 -0.00224388 0.0134783 0.00755505 -0.000762706 -0.000497827 -0.00104133 0.00144895 0.00239067 4.67028e-05 0.00248668 -0.0025877 0.00486236 0.00701976 -0.00216944 0.00204126 -0.00155106 0.00706575 0.00864737 -0.0035615 -0.0102817 0.00929648 0.0120576 -0.00255212 -0.0047127
internal_weight=303337 85905 71160 10334 2723 7611 5583 2175 1307 60826 58444 49446 15415 14693 10696 8998 2869 6129 4748 34031 4546 2859 2028 3997 14745 1410 3771 2731 1381 3958
internal_count=303337 85905 71160 10334 2723 7611 5583 2175 1307 60826 58444 49446 15415 14693 10696 8998 2869 6129 4748 34031 4546 2859 2028 3997 14745 1410 3771 2731 1381 3958
is_linear=0
shrinkage=0.05


Tree=158
num_leaves=31
num_cat=0
split_feature=48 59 55 6 36 41 11 66 69 55 75 18 69 7 66 60 69 69 57 42 69 41 58 7 9 9 69 38 69 26
split_gain=26.725 43.2096 53.2864 35.8511 24.0853 27.3449 22.2402 95.6397 85.6103 58.6571 53.2632 71.5423 51.8426 48.1259 120.226 81.8468 86.5609 102.278 55.5552 52.5265 47.4674 124.305 44.9135 44.1114 52.8299 42.1769 85.2629 91.3911 58.8259 151.038
threshold=0.26657156646251684 -0.1601353585720062 1.0000000180025095e-35 -0.2932248562574386 24.374288558959964 0.13085656613111499 -0.19944843649864194 -0.022343292832374569 0.017267272807657722 1.0000000180025095e-35 0.073468167334795012 -0.15481709688901898 0.0074047872330993423 -0.14825779199600217 -0.11860647052526473 -0.10903117060661315 0.014692833181470634 0.012530561536550524 0.57284793257713329 0.056848729029297836 0.012069122400134804 0.012085065711289646 0.50080174207687389 0.40002000331878668 0.45456345379352575 0.17252663522958758 0.0091856517829000967 0.67355284094810497 0.0091856517829000967 -0.064192775636911378
decision_type=2 10 2 10 2 8 10 10 10 2 8 8 8 10 10 10 10 10 2 10 10 10 2 10 10 10 10 10 10 10
left_child=6 2 4 -3 -2 -6 7 10 -9 -10 11 -1 -12 14 15 16 17 -8 19 -18 21 -13 -16 24 -14 28 -27 -28 29 -15
right_child=1 3 -4 -5 5 -7 13 8 9 -11 12 20 23 25 22 -17 18 -19 -20 -21 -22 -23 -24 -25 -26 26 27 -29 -30 -31
leaf_value=0.00072269641355799698 -0.0015879473058900491 -0.0028369694864401429 0.0033022461481842418 -0.00066136127897708163 0.0020701572558535905 -0.0016076030085021274 -0.0008435123081419766 -0.0033164899550009483 -0.0011982478045255566 0.00060493575418539352 -0.0015126460407159806 0.0005310482207724008 4.5624760727172526e-06 0.00040285693704201282 5.922827344134116e-05 -0.00074194278360679294 -0.00076199086354379923 0.0019830365095622493 -0.0015317483100069805 0.00019007939425727703 -0.00051872265116810934 -0.00081120525882211842 0.0016142870371244388 -0.00060599642242001284 0.00065200714516743137 0.0022121849814739822 -0.00032902909956436836 0.00065965455521036528 0.00014577988674605407 -0.0015247768416623349
leaf_weight=1321 955 1191 534 5242 815 682 531 1087 763 573 988 1032 135542 3998 1763 7068 3185 1020 1100 6606 6697 881 2053 6760 3367 2746 29995 11432 61020 2047
leaf_count=1321 955 1191 534 5242 815 682 531 1087 763 573 988 1032 135542 3998 1763 7068 3185 1020 1100 6606 6697 881 2053 6760 3367 2746 29995 11432 61020 2047
internal_value=-0.000142572 -0.00276275 0.00220294 -0.00506752 -0.0009342 0.00301924 -5.84158e-05 -0.000458744 -0.0102959 -0.00178306 -0.000305879 -0.0038477 -6.57953e-05 0.000414642 -0.00164981 -0.0032377 -0.000795053 0.0102178 -0.00237134 -0.00116825 -0.00551044 0.00143006 0.00645583 1.20127e-05 0.000204076 0.000847656 -0.000351945 -0.000918261 0.00163772 -0.00306358
internal_weight=302994 9419 2986 6433 2452 1497 293575 159011 2423 1336 156588 9931 146657 134564 23326 19510 12442 1551 10891 9791 8610 1913 3816 145669 138909 111238 44173 41427 67065 6045
internal_count=302994 9419 2986 6433 2452 1497 293575 159011 2423 1336 156588 9931 146657 134564 23326 19510 12442 1551 10891 9791 8610 1913 3816 145669 138909 111238 44173 41427 67065 6045
is_linear=0
shrinkage=0.05


Tree=159
num_leaves=31
num_cat=0
split_feature=19 43 11 45 57 58 62 11 66 11 72 75 29 60 32 64 53 72 11 19 55 45 33 67 55 17 16 60 23 64
split_gain=28.9961 23.6609 23.2227 21.7911 41.7734 46.1562 85.8866 40.2165 50.6915 61.0295 59.0858 49.2203 58.0666 51.4746 45.6944 38.181 74.6695 73.2212 63.8331 65.2716 62.4623 58.2961 57.156 38.0984 34.5937 47.1692 34.4727 57.0268 51.4867 47.6211
threshold=0.89023306965827953 0.61885029077529918 -0.77870699763298024 3.5000000000000004 0.5123981535434724 0.31181533634662634 -0.073597133159637437 1.4552451968193056 -0.041973978281021111 0.05873153172433377 0.59638848900794994 0.33963783085346227 -0.49614392220973963 0.02340295817703009 -0.26290655136108393 0.25705593824386602 0.080128207802772536 0.98678085207939159 0.39548528194427496 -0.050180032849311822 1.0000000180025095e-35 21.500000000000004 0.71122634410858165 0.16589557379484179 1.0000000180025095e-35 0.23642039299011233 0.58748748898506176 0.078675646334886565 -0.19047375023365018 0.1551516652107239
decision_type=10 10 8 8 2 2 10 10 10 8 10 8 8 8 8 8 10 8 8 10 2 8 8 10 2 8 10 10 10 10
left_child=2 -2 -1 4 5 -4 -7 8 11 10 -10 13 -13 -6 -11 17 18 26 19 -17 -21 -19 -20 -8 -14 -26 29 -28 -29 -5
right_child=1 -3 3 15 7 6 23 -9 9 14 -12 12 24 -15 -16 16 -18 21 22 20 -22 -23 -24 -25 25 -27 27 28 -30 -31
leaf_value=0.00166165533509752 -0.0036400020421605271 -7.507638576357695e-05 0.00019083964588154125 8.2929064217165688e-06 0.00079155436272321234 -0.0036368663334239147 -0.00092937068287603133 0.0015343580261963229 -0.00050318999239370706 0.0016346202938988135 -0.004334170486464963 -0.0016725358971445608 -7.3617912848652012e-05 0.00024206179708452939 -0.00038242333010379522 -0.00042029936878914127 0.0021074185660752537 -0.00069839012940763859 -0.0015120994509154957 0.00030058627642775339 0.00083039847523118295 -0.0025479600147528488 0.00013564064507269914 -0.00029050108550911365 -0.00015077744785033976 0.0042685507034236252 -1.4835153610175296e-05 0.0051619698362604513 6.6821768234798587e-05 -0.00036704163780334337
leaf_weight=894 536 521 5351 216181 907 805 3144 2809 1330 715 558 534 10505 2328 5678 663 942 2282 506 1999 1305 577 15171 10309 854 918 3297 1262 819 9286
leaf_count=894 536 521 5351 216181 907 805 3144 2809 1330 715 558 534 10505 2328 5678 663 942 2282 506 1999 1305 577 15171 10309 854 918 3297 1262 819 9286
internal_value=-6.63375e-05 -0.00829428 -3.72592e-05 -6.12865e-05 -0.00105336 -0.00281105 -0.00429633 0.000217343 -0.000437605 -0.00361235 -0.0114858 0.00120204 -0.000191093 0.00670262 -0.00127284 0.000121117 0.00218489 -6.0758e-05 0.00152132 0.00717878 0.0100483 -0.0079993 8.60585e-05 -0.00333878 0.000516806 0.00695847 3.79026e-05 0.00399035 0.0104495 -5.65468e-05
internal_weight=302986 1057 301929 301035 46745 19609 14258 27136 24327 8281 1888 16046 12811 3235 6393 254290 20586 233704 19644 3967 3304 2859 15677 13453 12277 1772 230845 5378 2081 225467
internal_count=302986 1057 301929 301035 46745 19609 14258 27136 24327 8281 1888 16046 12811 3235 6393 254290 20586 233704 19644 3967 3304 2859 15677 13453 12277 1772 230845 5378 2081 225467
is_linear=0
shrinkage=0.05


Tree=160
num_leaves=31
num_cat=0
split_feature=8 55 37 61 69 58 75 54 41 6 27 69 24 45 43 74 36 64 42 69 19 54 65 72 65 54 54 54 64 19
split_gain=22.0389 52.0922 129.759 227.428 125.693 112.547 117.487 142.552 101.861 74.9705 89.2731 69.8991 105.106 66.9682 63.4091 62.2485 59.6114 64.7668 53.4903 52.1331 70.4592 86.8501 82.6213 51.8735 46.4662 46.3067 56.8969 56.3846 41.2849 57.6261
threshold=0.19484689086675647 1.0000000180025095e-35 -0.21675614267587659 -0.027135103940963742 0.031918484717607505 0.81410688161849987 0.80049988627433788 6.8560881614685067 0.1379971578717232 -0.07423097267746924 0.19120470434427264 0.031527059152722366 2.2847963571548466 2.5000000000000004 0.94682586193084728 0.76535031199455272 73.185459136962905 0.10442262887954713 0.016879055649042133 0.015256227459758522 0.010326799470931293 5.010401964187623 0.088393628597259535 0.93507051467895519 0.39618486166000372 7.0690448284149179 2.3326290845870976 1.6667625308036806 0.037535369396209724 0.39425384998321539
decision_type=8 2 8 10 10 2 10 2 8 8 8 8 8 10 10 10 2 8 10 10 10 2 10 8 10 2 2 2 8 10
left_child=24 9 4 13 -3 6 7 8 -5 23 -11 12 15 -4 -14 19 17 -9 -19 20 -12 22 -22 -2 -1 26 27 -17 -21 -30
right_child=1 2 3 5 -6 -7 -8 16 -10 10 11 -13 14 -15 -16 25 -18 18 -20 28 21 -23 -24 -25 -26 -27 -28 -29 29 -31
leaf_value=1.1644014141230525e-05 -0.00011836085576711516 -2.1966606672853968e-05 -0.0047044146171145752 0.00016038274833973896 0.0035717030988575782 -0.0029631050272214618 -0.001667859442139294 -0.00064369634092645745 -0.0047288823604908587 0.0017377151424036307 -0.0002404520471376499 0.00076068256066657224 -0.0070042618937882165 -0.0010534935253763936 -0.0014683067274836072 0.00041210534576840058 0.0059323790114913016 0.00035438033975366862 0.002859929181909659 -0.00079958545086567044 0.0016849063613069552 -0.00055107410260959967 0.0098819205277329847 -0.0013421717371643563 0.0008952165770857286 -0.0014577293889149823 -9.131399171508051e-05 -0.0019604692696318783 -6.3678687700920064e-05 0.0020192802931830109
leaf_weight=222592 4569 2001 1160 954 590 977 1069 522 574 870 3061 12585 505 582 791 652 736 608 655 3868 2263 1649 1560 4288 679 1930 11384 1408 15983 1985
leaf_count=222592 4569 2001 1160 954 590 977 1069 522 574 870 3061 12585 505 582 791 652 736 608 655 3868 2263 1649 1560 4288 679 1930 11384 1408 15983 1985
internal_value=-8.44717e-05 -0.000797729 -0.00409082 -0.00729578 0.005594 -0.00272727 0.00025351 0.00415127 -0.00786736 -0.000302043 0.000327251 9.39062e-05 -0.000791728 -0.0231735 -0.0147779 -0.000392324 0.0114382 0.00643454 0.0125295 0.000920043 0.00423153 0.00762495 0.0117532 -0.00459569 0.000170413 -0.00298362 -0.00193994 -0.00956522 -0.000375355 0.000634108
internal_weight=303050 79779 10428 7837 2591 6095 5118 4049 1528 69351 60494 59624 47039 1742 1296 45743 2521 1785 1263 30369 8533 5472 3823 8857 223271 15374 13444 2060 21836 17968
internal_count=303050 79779 10428 7837 2591 6095 5118 4049 1528 69351 60494 59624 47039 1742 1296 45743 2521 1785 1263 30369 8533 5472 3823 8857 223271 15374 13444 2060 21836 17968
is_linear=0
shrinkage=0.05


Tree=161
num_leaves=31
num_cat=0
split_feature=2 6 69 34 61 55 10 21 59 30 55 75 58 67 19 42 60 60 11 10 67 67 61 21 46 62 14 67 10 55
split_gain=25.1167 45.8656 79.7686 42.5816 35.2651 66.859 35.8329 34.1372 26.9998 26.6701 119.482 42.5234 35.4473 60.4982 34.442 33.1437 44.0496 39.7904 32.2815 35.3259 39.6793 31.0013 32.1829 30.8114 30.1773 26.2087 25.5898 60.7309 57.4049 86.9007
threshold=0.025555181317031387 -0.11174694076180457 0.085697919130325331 0.41884072124958044 -0.050256729125976556 1.0000000180025095e-35 inf 1.9994999766349795 0.23774164170026782 0.83541381359100353 1.5000000000000002 0.29114660620689398 0.16916091740131381 0.092453431338071837 -0.02695527113974094 0.042913053184747703 -0.038501882925629609 -0.060659117996692651 0.9399777650833131 -0.33294211328029627 0.15399915724992755 0.2304678559303284 0.033129990100860603 0.10983794182538988 3.5000000000000004 -0.043145328760147088 0.054321371018886573 0.21559522300958636 -0.010834391694515942 1.5000000000000002
decision_type=8 8 10 10 8 2 8 10 10 8 2 8 2 10 10 10 10 10 8 10 10 10 10 10 10 10 8 8 8 2
left_child=8 3 4 -2 5 6 -3 9 26 12 11 14 24 15 -11 17 -17 -14 19 20 -15 -13 -23 -20 -6 -5 -1 -28 -29 -30
right_child=1 2 -4 25 7 -7 -8 -9 -10 10 -12 21 13 18 -16 16 -18 -19 23 -21 -22 22 -24 -25 -26 -27 27 28 29 -31
leaf_value=2.8416661824501659e-05 -0.00028417522153740887 -0.0012378894122693827 0.002249833411740996 -8.7439655065448948e-05 -0.00012753167810117868 -0.0031998503868069547 0.001883694264413706 -0.0033061361843396034 0.00098645067796573113 0.0007076692850249474 -0.0025390631422212806 0.00049054492058965289 0.00022159815608988241 0.002279152744468035 0.0024286473086597539 -0.0012806179239315198 -6.8857596610228026e-05 -0.00095789612638635816 8.2345405178221715e-05 -7.6003485624284381e-05 4.6751615174462166e-05 0.00010712908877682157 -0.00072239482731443171 -0.00094465618352327925 0.00051325773901871291 -0.001389020830377781 -0.0005522879622925262 -0.0006018518290268935 0.00035006824841859324 -0.002003988129330682
leaf_weight=177945 10591 874 661 535 2411 516 507 543 1219 1365 839 15907 1218 772 501 1686 739 1237 1560 21483 1294 9111 4632 3013 3542 1535 11302 3533 21055 904
leaf_count=177945 10591 874 661 535 2411 516 507 543 1219 1365 839 15907 1218 772 501 1686 739 1237 1560 21483 1294 9111 4632 3013 3542 1535 11302 3533 21055 904
internal_value=-0.000152455 -0.000869296 -0.000395722 -0.00365007 -0.00055179 -0.00726272 -0.00147376 -0.000373628 0.000136594 -0.000277622 0.000783254 0.00128148 -0.00115873 -0.00179935 0.00858209 -0.00693252 -0.0110678 -0.00281947 -0.000906441 -0.000159175 0.00606936 0.000819285 -0.000919799 -0.0047458 0.00238974 -0.0101923 9.42961e-05 -0.00110586 0.000247039 0.00119942
internal_weight=303030 87072 74411 12661 73750 1897 1381 71853 215958 71310 32355 31516 38955 33002 1866 4880 2425 2455 28122 23549 2066 29650 13743 4573 5953 2070 214739 36794 25492 21959
internal_count=303030 87072 74411 12661 73750 1897 1381 71853 215958 71310 32355 31516 38955 33002 1866 4880 2425 2455 28122 23549 2066 29650 13743 4573 5953 2070 214739 36794 25492 21959
is_linear=0
shrinkage=0.05


Tree=162
num_leaves=31
num_cat=0
split_feature=50 17 12 61 15 64 57 69 39 9 42 61 68 73 67 66 42 39 65 42 40 40 10 28 64 14 69 65 41 23
split_gain=20.3271 29.6899 21.5598 49.8695 75.2581 37.0694 52.4595 62.8541 59.5672 46.98 43.8962 39.7828 41.5668 36.6982 34.6238 44.7176 44.0075 31.5361 35.5104 30.3389 29.5414 37.0337 29.0581 28.9823 34.543 27.8956 29.3145 27.4932 27.4686 27.4661
threshold=0.1813750043511391 -0.10252502188086508 -0.056167520582675927 -0.086668610572814928 -0.075429383665323244 -0.14856553077697751 0.064556926488876357 0.012069122400134804 0.052544400095939643 -0.47344422340393061 0.10762975364923479 -0.0032654702663421627 0.018774406053125862 0.28190615773200994 0.005656945053488017 -0.22875239700078961 0.051476178690791137 0.21082274615764621 -0.20184394717216489 0.28305126726627355 0.2181247025728226 0.15047807246446612 -0.23452495783567426 0.55024278163909923 -0.2199028134346008 -0.1270569562911987 0.017034504562616352 -0.070339411497116075 0.04280544817447663 -0.42419910430908198
decision_type=2 10 10 8 8 10 2 10 10 8 8 10 10 8 8 10 10 10 10 10 8 10 10 8 8 10 10 10 10 8
left_child=2 -2 5 4 -4 6 9 -8 14 -1 13 17 -13 -11 16 -16 -9 18 -7 29 21 23 -14 24 -10 -20 27 -27 -17 -5
right_child=1 -3 3 19 -6 11 7 8 20 10 -12 12 22 -15 15 28 -18 -19 25 -21 -22 -23 -24 -25 -26 26 -28 -29 -30 -31
leaf_value=0.0020990590527921698 -0.0019492964625292195 -3.6563804385390465e-05 -0.0015605543064352956 0.0010169604264250493 0.00012155323472675438 -0.0007169463380505255 -0.00078318558923623082 0.00054656938174537186 -0.00064875267251871926 -0.0023317520920224368 0.00037643977313743114 0.00079036543039669659 -0.0010892275924983649 -0.00054875038517949212 0.00017855860424570913 0.0021862257586016108 0.0026065717025756732 0.0011305306359233839 -0.00037540673979613592 -0.001214928054089633 0.0031325977775816904 -0.001489052093606712 0.00024855646330604108 -0.0009865240102316685 0.000813798659251996 -0.00022434925846651633 -0.00012184982892499331 0.001332507361709969 0.00099539516865102744 -8.9730341448215293e-06
leaf_weight=996 1021 1531 1391 2642 1531 5898 898 982 1158 835 2748 4879 1060 1873 2991 531 1444 1986 4546 1640 512 764 2068 690 4378 965 5148 2304 1224 242348
leaf_count=996 1021 1531 1391 2642 1531 5898 898 982 1158 835 2748 4879 1060 1873 2991 531 1444 1986 4546 1640 512 764 2068 690 4378 965 5148 2304 1224 242348
internal_value=-1.48519e-05 -0.00444965 2.29663e-05 -0.000168295 -0.00665075 0.000960934 0.00250522 0.00407521 0.00486244 -0.00128443 -0.00311014 -0.000218265 0.00277535 -0.00761589 0.00811752 0.00561396 0.0129721 -0.00136884 -0.00200042 -9.12261e-05 0.00174388 0.000885714 -0.00172084 0.00216485 0.0033718 -0.000535728 0.00116886 0.00486429 0.0119263 -4.57143e-05
internal_weight=302982 2552 300430 249552 2922 50878 22024 15572 14674 6452 5456 28854 8007 2708 7172 4746 2426 20847 18861 246630 7502 6990 3128 6226 5536 12963 8417 3269 1755 244990
internal_count=302982 2552 300430 249552 2922 50878 22024 15572 14674 6452 5456 28854 8007 2708 7172 4746 2426 20847 18861 246630 7502 6990 3128 6226 5536 12963 8417 3269 1755 244990
is_linear=0
shrinkage=0.05


Tree=163
num_leaves=31
num_cat=0
split_feature=36 66 55 10 59 54 48 58 69 75 54 42 52 33 52 65 11 55 27 63 73 37 9 52 33 42 21 11 23 33
split_gain=18.4223 51.8088 96.0651 46.9315 43.4962 31.3783 35.8086 40.5243 30.4967 30.3647 36.9826 33.9302 29.0025 28.6087 27.7686 40.8851 71.171 42.9807 51.4992 47.5364 98.0436 67.4983 46.3016 38.5928 35.2261 34.4311 36.3758 32.7216 32.5025 32.1586
threshold=18.936777114868168 -0.34827747941017145 1.5000000000000002 -0.26554939150810236 -0.0015065837069414554 1.2850908637046816 0.12206243351101877 0.43828189373016363 0.020478217862546447 0.19917006790637973 3.8544998168945317 0.042913053184747703 12.500000000000002 0.02099680528044701 9.5000000000000018 -0.21228951215744016 0.73682451248168956 1.5000000000000002 0.12889652699232104 -0.031963050365447991 0.31768967211246496 -0.68422210216522206 -0.22663176059722898 11.500000000000002 0.21829997003078463 0.010030958801507952 1.0000000180025095e-35 -0.10725365951657294 -0.059996966272592538 0.88243147730827343
decision_type=2 8 2 8 10 2 2 2 10 10 2 10 8 10 10 10 10 2 10 10 10 10 8 10 10 10 10 10 10 8
left_child=1 3 5 4 9 -3 7 13 -5 -1 -11 -12 -9 -7 25 16 17 19 -19 20 22 -21 -16 -17 -22 26 -2 -26 -23 -25
right_child=14 2 -4 8 -6 6 -8 12 -10 10 11 -13 -14 -15 15 23 -18 18 -20 21 24 28 -24 29 27 -27 -28 -29 -30 -31
leaf_value=0.00052602879799286439 -0.00046474319251986755 0.0021837266854817989 -0.0018058072693460381 -0.00044292783011484597 0.001547487088172625 0.0002276811462621031 -0.0013359870717846293 0.00038007725601605443 -0.0018728277161461318 1.11459636457506e-06 -0.00025322225320768631 -0.0024199138659261143 0.0019756731054128731 -0.00025791241915551553 0.0011744172062176789 0.00012847071956039908 -0.0027706847227253256 0.00095243447991964531 -0.00020993878211413906 -0.0018339603239392157 -0.00027615388419624808 -0.00043662061435083017 7.3317710835977241e-05 0.00082350563628430832 0.00071560534351966304 -3.1524268788780172e-05 0.00055650820417038757 -0.00042275580384256621 0.00040730663340292768 -0.00018329745562499153
leaf_weight=920 678 1254 939 3833 662 8104 1948 3159 979 1726 740 750 759 5444 4501 30667 1041 910 564 997 9702 4378 3179 2752 2307 204774 2235 1404 1021 755
leaf_count=920 678 1254 939 3833 662 8104 1948 3159 979 1726 740 750 759 5444 4501 30667 1041 910 564 997 9702 4378 3179 2752 2307 204774 2235 1404 1021 755
internal_value=-9.07315e-05 -0.00124091 0.000117963 -0.00429314 -0.000790349 0.000831802 0.000334638 0.00105287 -0.00777686 -0.0027014 -0.0049907 -0.0107333 0.00552444 -0.000243399 4.13793e-05 0.000950333 -0.000396482 6.7304e-05 0.0083558 -0.000380014 0.000765294 -0.00415236 0.00526658 0.00213258 -0.00181405 -0.000239532 0.00514882 0.00232464 -0.00193197 0.00709411
internal_weight=303082 31217 21607 9610 4798 20668 19414 17466 4812 4136 3216 1490 3918 13548 271865 64178 30004 28963 1474 27489 21093 6396 7680 34174 13413 207687 2913 3711 5399 3507
internal_count=303082 31217 21607 9610 4798 20668 19414 17466 4812 4136 3216 1490 3918 13548 271865 64178 30004 28963 1474 27489 21093 6396 7680 34174 13413 207687 2913 3711 5399 3507
is_linear=0
shrinkage=0.05


Tree=164
num_leaves=31
num_cat=0
split_feature=19 54 45 63 61 54 58 41 65 33 64 19 9 68 19 75 35 54 54 75 42 31 65 63 54 58 54 54 70 41
split_gain=26.1943 26.2178 22.5493 50.0482 48.771 72.9822 74.1125 45.3954 41.7465 49.5634 40.622 69.5345 83.6612 40.0758 41.7142 39.1077 38.3124 37.8547 74.5076 83.8829 66.087 64.3115 37.9192 33.8963 33.7342 33.535 77.8971 31.018 32.8028 28.9633
threshold=0.89023306965827953 3.9451675415039067 3.5000000000000004 -0.13690772652626035 0.0029235482215881352 7.0690448284149179 0.39443081617355352 0.1353508606553078 0.16629457473754886 0.75500100851058971 0.25705593824386602 -0.048806764185428612 0.11275517195463182 -0.026584417559206482 -0.29318338632583613 0.53209573030471813 82.359981536865249 1.6282591819763186 4.2486379146575937 0.065071485936641707 0.04747197404503823 0.58116197586059581 0.34295189380645758 0.10271692276000978 7.3653383255004892 0.88253614306449901 5.0632274150848398 2.0274899005889897 0.039633255451917655 0.0085138194262981432
decision_type=10 2 10 8 8 2 2 10 10 10 8 8 8 8 8 8 2 2 2 10 10 10 8 10 2 2 2 2 10 8
left_child=2 -2 3 -1 5 7 -7 8 9 -5 25 -12 24 -6 -15 -8 27 -14 20 -20 -19 -21 -22 -11 -13 29 -27 28 -16 -4
right_child=1 -3 10 4 13 6 15 -9 -10 23 11 12 17 14 16 -17 -18 18 19 21 22 -23 -24 -25 -26 26 -28 -29 -30 -31
leaf_value=0.0046848311672445424 2.2148469053660108e-05 -0.0037105399595357344 0.00020250774276237907 -0.00033345951742963276 0.0011009487950993633 0.00029060138565827119 -0.0022418909383045112 -0.0026000131693868201 -0.00088205520182029211 0.00051518369291636177 -0.00069757488626426853 0.00093396802099882418 0.0031524864418659309 -0.0014945421940281848 0.0027057731721452441 -0.0010005383765002919 0.00031085971662421394 0.0027663343227813291 -0.00084557968808969791 0.0012876780181064228 0.0012705988063300953 -0.00013416208881656652 -0.0013940461124799738 0.0075967769788506242 0.00029723643412111063 0.0021144930507778787 -0.0018845523227503395 -0.00032475903633434231 -0.00044351194935921424 -4.1233604697777209e-06
leaf_weight=667 505 543 2830 5330 1500 706 1425 947 2659 4619 930 1267 1048 518 1250 842 11372 511 2184 4685 584 1684 3473 575 813 789 1074 17195 896 230046
leaf_count=667 505 543 2830 5330 1500 706 1425 947 2659 4619 930 1267 1048 518 1250 842 11372 511 2184 4685 584 1684 3473 575 813 789 1074 17195 896 230046
internal_value=-8.58385e-05 -0.00793951 -5.83608e-05 -0.00102255 -0.00120576 -0.00336878 -0.010476 -0.00186704 -0.00110286 0.000313271 0.000134959 0.00248124 0.00324436 -7.48297e-05 -0.000459332 -0.0148661 -0.000219705 0.00186543 0.00113091 0.00388298 -0.00401922 0.00678006 -0.00615933 0.00378555 0.0125837 -3.68479e-05 -0.00670048 -0.00157356 0.00408163 1.67464e-05
internal_weight=303467 1048 302419 50501 49834 17103 2973 14130 13183 10524 251918 17179 16249 32731 31231 2267 30713 14169 13121 8553 4568 6369 4057 5194 2080 234739 1863 19341 2146 232876
internal_count=303467 1048 302419 50501 49834 17103 2973 14130 13183 10524 251918 17179 16249 32731 31231 2267 30713 14169 13121 8553 4568 6369 4057 5194 2080 234739 1863 19341 2146 232876
is_linear=0
shrinkage=0.05


Tree=165
num_leaves=31
num_cat=0
split_feature=41 64 2 67 33 54 63 31 65 61 54 22 66 31 54 58 63 65 41 61 40 58 60 30 17 54 54 66 7 17
split_gain=22.9006 26.1605 18.5702 33.7734 45.7354 42.2057 56.6809 40.5849 67.2779 33.7721 30.9783 29.1424 33.5246 34.1303 29.7648 34.0129 29.42 27.1034 26.5838 25.2788 24.5119 53.382 43.31 31.7545 47.9604 59.723 41.6978 34.9859 31.6105 28.6195
threshold=0.0061027198098599919 -0.073926955461502061 0.14051730185747149 0.19418858736753467 1.9642520546913149 3.6263389587402348 0.030410826206207279 0.47098419070243841 0.11063599586486818 0.072404384613037123 2.9854294061660771 0.94595682621002208 -0.21204522997140882 0.50458461046218883 6.1518812179565439 0.64512091875076305 -0.025481700897216793 -0.24325805902481076 0.04888629354536534 0.092391967773437514 0.013794122729450466 0.64666709303855907 0.18239772319793704 0.45626981556415563 -0.012747648637741802 6.2238552570343026 5.0371797084808358 -0.071908425539731965 0.041198661550879485 -0.0017198426066897807
decision_type=8 10 8 8 8 2 10 10 8 10 2 8 10 8 2 2 10 8 8 10 10 2 10 10 10 2 2 10 8 10
left_child=1 -1 11 5 9 6 17 8 -6 -5 -11 20 13 -13 15 -14 -16 -4 -7 -9 21 23 28 24 -2 -26 -25 29 -23 -27
right_child=2 -3 3 4 7 18 -8 19 -10 10 -12 12 14 -15 16 -17 -18 -19 -20 -21 -22 22 -24 26 25 27 -28 -29 -30 -31
leaf_value=-8.6522815183738555e-05 -0.00010040321682619547 0.00072703128603561983 -0.00023549587658488054 -0.0010922645358813106 -0.0033738695178873986 -0.0002243798389942384 0.0029685744507400788 0.00025963736563727437 -0.0002429023831572102 0.0018218501797339515 -0.00049521787139778471 0.00012577715888261698 -6.8235517122456835e-05 0.00090595607002070394 0.00053566703516767756 0.0017774871893504263 -0.00071853164919633136 -0.0019342004578425248 0.0010280626137669218 0.0018856042005644545 1.4715956107236999e-05 -0.00074611609124878154 0.00017596781124947061 -3.635949041664796e-07 -0.00021295988281250859 0.00014375354824373786 -0.0005824579955389721 -0.00020819591585086286 -0.0027538593778646905 0.00050085214593423972
leaf_weight=514 16622 568 929 5415 541 923 576 4112 8239 502 1518 4244 3661 3097 511 1202 1464 1268 4308 844 232979 673 532 729 1985 1449 631 586 554 1669
leaf_count=514 16622 568 929 5415 541 923 576 4112 8239 502 1518 4244 3661 3097 511 1202 1464 1268 4308 844 232979 673 532 729 1985 1449 631 586 554 1669
internal_value=6.76892e-06 0.00723443 -1.93854e-05 -0.00121809 -0.00226382 0.00154729 -0.00343155 -0.000552888 -0.00259386 -0.00541974 9.85222e-05 0.000108952 0.00231517 0.00465923 -0.000204439 0.00189821 -0.00536524 -0.00709107 0.00418813 0.00306081 -1.21895e-05 -0.00148585 -0.00986433 -0.000859339 -0.000405448 0.00355325 -0.00824818 0.00729672 -0.014996 0.00939898
internal_weight=302845 1082 301763 29175 21171 8004 2773 13736 8780 7435 2020 272588 14179 7341 6838 4863 1975 2197 5231 4956 258409 25430 1759 23671 22311 5689 1360 3704 1227 3118
internal_count=302845 1082 301763 29175 21171 8004 2773 13736 8780 7435 2020 272588 14179 7341 6838 4863 1975 2197 5231 4956 258409 25430 1759 23671 22311 5689 1360 3704 1227 3118
is_linear=0
shrinkage=0.05


Tree=166
num_leaves=31
num_cat=0
split_feature=35 61 64 9 69 18 69 60 25 54 29 9 54 69 26 11 69 75 75 54 65 19 38 30 75 55 62 37 19 65
split_gain=22.0451 39.2972 25.9213 25.4048 41.0277 31.3568 39.9361 28.5867 26.0707 23.5114 78.9824 25.2478 56.0539 104.959 76.4572 45.1765 59.5453 69.2569 51.5425 63.1768 50.8129 45.1551 42.603 94.1639 56.3042 53.6047 236.907 51.3904 36.3221 47.0606
threshold=90.592658996582045 -0.035400420427322381 0.09177869558334352 2.5048344135284428 0.026225361041724685 0.48194910585880285 0.025897045619785789 0.18239772319793704 0.73494175076484691 0.4855030775070191 -0.62499764561653126 0.27229768037796026 9.1471605300903338 0.017267272807657722 -0.20359350740909574 1.0525166988372805 0.011557383462786676 0.54388952255249035 0.061304610222578056 6.2636363506317148 0.068650722503662123 0.26428805291652685 0.29021254181861883 0.69586637616157543 0.52805450558662426 1.5000000000000002 -0.036944836378097527 -0.60664749145507801 0.31120733916759497 -0.056580841541290276
decision_type=2 10 10 10 10 10 10 8 10 2 8 8 2 10 10 8 10 10 8 2 10 10 8 8 8 2 8 10 10 10
left_child=3 -2 -3 5 -5 9 8 -8 -7 10 -1 28 15 -14 -15 16 17 -13 19 -17 21 -19 23 -20 -25 -24 -27 -28 -11 -30
right_child=1 2 -4 4 -6 6 7 -9 -10 11 -12 12 13 14 -16 18 -18 20 22 -21 -22 -23 25 24 -26 26 27 -29 29 -31
leaf_value=-0.0017725889090849239 -0.0016473581284046535 0.00065899045612391721 -0.00025963013723827235 -0.0018822049641802397 0.00092002287894383953 -0.00036443014111346272 0.0038091898393992035 0.0010706262321216063 0.0013970523940955719 1.5203345275010411e-05 0.0039218938434606625 -0.0012395810564523062 -0.0028148358941003978 -0.0010556576816505136 0.0016662929185357689 2.3941218460239722e-05 -0.00056548897695433433 -0.00060989569845967839 -0.0013861198940117753 -0.002886903528188049 0.0030573338188039523 0.0026023893981218542 1.5129178489345364e-05 0.0012175728378848443 0.00024654311527853374 0.0032521676572876863 -0.0059300053593989155 -0.0014627301963467153 -0.0022642652621903668 4.8287503977461184e-05
leaf_weight=591 526 7782 2474 1743 1000 2808 880 1276 761 204169 945 957 700 767 590 695 15664 1936 791 544 1849 666 42455 2758 3359 515 530 569 1117 1345
leaf_count=591 526 7782 2474 1743 1000 2808 880 1276 761 204169 945 957 700 767 590 695 15664 1936 791 544 1849 666 42455 2758 3359 515 530 569 1117 1345
internal_value=-2.31197e-05 0.00219607 0.0028833 -0.000105141 -0.00488558 -5.96376e-05 0.0036007 0.0089566 0.00034926 -0.000133676 0.00601552 -0.000167384 -0.000950833 -0.00907112 -0.000914411 -0.000721711 -0.00267527 0.0018457 6.70164e-05 -0.00996797 0.00447209 -3.82848e-05 0.000312825 0.00396068 0.00606333 -0.000259761 -0.00917488 -0.0222272 0.000118321 -0.00590615
internal_weight=302762 10782 10256 291980 2743 289237 5725 2156 3569 283512 1536 281976 75345 2057 1357 73288 21072 5408 52216 1239 4451 2602 50977 6908 6117 44069 1614 1099 206631 2462
internal_count=302762 10782 10256 291980 2743 289237 5725 2156 3569 283512 1536 281976 75345 2057 1357 73288 21072 5408 52216 1239 4451 2602 50977 6908 6117 44069 1614 1099 206631 2462
is_linear=0
shrinkage=0.05


Tree=167
num_leaves=31
num_cat=0
split_feature=53 58 65 7 65 66 69 60 26 18 73 11 27 54 32 26 62 37 42 55 59 26 46 42 60 75 66 54 67 73
split_gain=24.6516 182.516 93.4543 92.3824 61.9107 83.2742 74.5399 57.718 76.0989 43.0894 51.6741 42.8024 46.5278 40.9882 38.8067 38.2633 37.8264 76.066 63.0359 72.8218 110.861 90.6367 76.8357 68.3929 62.306 60.3306 58.9703 54.4771 50.073 88.9197
threshold=1.0000000180025095e-35 0.69366195797920238 -0.27576899528503412 0.066554941236972823 0.045293450355529792 -0.15449483692646024 0.031309039331972606 -0.19288334995508191 -0.39999571442604059 -0.31007558107376093 0.94994002580642711 0.10632187500596048 0.24906503409147265 3.0844296216964726 -0.19092036038637158 -0.10824705287814139 -0.068656682968139635 0.29025964438915258 0.084115397185087218 1.0000000180025095e-35 0.15904586762189868 -0.16841886192560193 5.5000000000000009 0.048908604308962829 -0.15653145313262937 0.19491196423769 -0.18479430675506589 5.931077480316163 0.2460909113287926 0.36201862990856176
decision_type=10 2 8 10 10 10 10 8 8 10 10 8 10 2 10 8 8 10 10 2 8 10 8 10 8 10 10 2 10 10
left_child=9 2 -2 4 5 7 -6 8 -4 10 16 -3 -13 -14 -9 -7 17 25 19 21 28 24 -22 -23 -18 -1 -26 -20 29 -21
right_child=1 11 3 -5 6 15 -8 14 -10 -11 -12 12 13 -15 -16 -17 18 -19 27 20 22 23 -24 -25 26 -27 -28 -29 -30 -31
leaf_value=0.0019554421230910841 -0.0012298849300584156 4.8066175842038586e-05 0.00088772530942771155 -0.0005654830019970041 0.00058086346306342456 -0.00031079877266141737 0.0022458256598235915 0.00036197382926884156 -0.0013713963024436448 7.2190204180189871e-07 -0.0022038475838124382 0.0070034920959762409 0.0064874247610374972 0.00087917260168572436 0.00069556869314736408 -0.0012809997387249453 -0.0022081705742251802 -0.0023507629415022062 -0.0010418188204038652 -0.00071193228319359886 -0.00028611022279596555 0.0032215514492696796 -0.004736403091309788 0.00068236801104763008 0.00028757309199545667 0.00025024643301336456 -0.0027948207421589796 0.00020130437940251182 -0.00094939676454960237 0.0063669654095279363
leaf_weight=775 2477 522 968 7265 5196 1074 506 9954 1484 237032 1276 511 681 1058 924 666 661 584 7765 818 709 534 1190 1559 8800 4121 565 2212 755 660
leaf_count=775 2477 522 968 7265 5196 1074 506 9954 1484 237032 1276 511 681 1058 924 666 661 584 7765 818 709 534 1190 1559 8800 4121 565 2212 755 660
internal_value=-6.42902e-05 0.00121937 0.000101559 0.000925233 0.00262246 0.000941645 0.00705532 0.00228636 -0.00463038 -0.000222571 -0.0019155 0.0134795 0.0164602 0.0124357 0.00384827 -0.00931429 -0.00151649 0.00225865 -0.00230582 -0.000384355 -0.00610816 0.00157062 -0.0149555 0.0110081 -0.000408529 0.00430086 0.000645333 -0.00543206 0.00144895 0.00678763
internal_weight=303302 33286 30514 28037 20772 15070 5702 13330 2452 270016 32984 2772 2250 1739 10878 1740 31708 5480 26228 16251 4132 12119 1899 2093 10026 4896 9365 9977 2233 1478
internal_count=303302 33286 30514 28037 20772 15070 5702 13330 2452 270016 32984 2772 2250 1739 10878 1740 31708 5480 26228 16251 4132 12119 1899 2093 10026 4896 9365 9977 2233 1478
is_linear=0
shrinkage=0.05


Tree=168
num_leaves=31
num_cat=0
split_feature=45 69 75 62 49 66 33 64 45 33 63 38 69 69 66 65 14 35 10 30 8 65 75 60 14 30 60 60 10 29
split_gain=21.5339 52.8064 56.9594 53.3698 57.1654 61.5931 58.851 55.7118 45.3766 66.7836 65.1338 61.6838 43.6528 43.3102 37.666 42.3594 79.4645 47.935 45.601 47.242 36.6651 36.6486 65.3457 53.7022 59.3125 53.1424 59.8506 82.825 92.4638 56.7098
threshold=4.5000000000000009 0.035909948870539672 0.42422252893447882 -0.0033537447452545162 0.00013610385940410199 -0.071908425539731965 1.5700467824935915 -0.0058416128158569327 12.500000000000002 3.2147355079650883 0.16945773363113406 0.82409495115280162 0.018636054359376434 0.015350101049989464 -0.0080204543191939575 0.067361474037170424 0.050224525853991515 25.977179527282718 0.011446598917245867 0.33046668767929083 0.51378619670867931 0.14533734321594241 0.97658652067184459 0.072205320000648512 -0.03656321391463279 0.60401844978332531 -0.29520720243453974 0.072205320000648512 -0.10795543342828749 -0.086489114910364137
decision_type=10 10 10 8 2 8 10 8 10 10 10 10 10 10 10 8 8 2 10 8 8 8 8 10 10 10 8 10 10 10
left_child=1 3 -3 -1 -5 12 7 -7 10 21 14 -11 -6 -8 15 16 -2 -18 19 -17 -4 23 25 -10 -25 26 -23 -28 -29 -30
right_child=8 2 20 4 5 6 13 -9 9 11 -12 -13 -14 -15 -16 18 17 -19 -20 -21 -22 22 -24 24 -26 -27 27 28 29 -31
leaf_value=-0.00056957453790009024 0.00014828863238717084 0.0034523193836718384 -0.00044871842210978346 0.00030220545379532494 4.1977485217103118e-05 -0.0045399097656967464 0.0039891573639748894 -0.00053796255598514563 -2.0680516068805231e-06 -0.0010143963383973159 0.00066076489040536055 0.0035947744389114899 0.00092253286874775017 -0.00017864232469510938 -0.0011578778641829286 -0.00064441338093591512 -0.0014738251572811219 -0.00035847699156675523 0.00075903149150742782 0.00031351391728409511 0.0040961726839755684 -0.0010191936417977203 0.0025721442572066624 0.00061671260382904151 2.7975931118828357e-05 6.6209704403558109e-05 -1.1028298074792489e-05 -0.0015186115133559535 -0.00033105992518669557 0.00033116617482040287
leaf_weight=12477 14602 501 962 15226 7448 701 1022 15837 135244 4660 3922 561 1063 2426 1164 2192 1433 5959 10599 8626 506 2168 711 5895 7760 16828 14275 2080 4805 1025
leaf_count=12477 14602 501 962 15226 7448 701 1022 15837 135244 4660 3922 561 1063 2426 1164 2192 1433 5959 10599 8626 506 2168 711 5895 7760 16828 14275 2080 4805 1025
internal_value=-0.000114309 -0.000978876 0.00704901 -0.00126134 -0.000437884 -0.00175922 -0.00327566 -0.00451414 9.14039e-05 -0.000247421 0.00146061 -0.00582107 0.00180143 0.0026605 0.000916227 0.00115497 -0.000386293 -0.00460686 0.0027372 0.00045253 0.00202977 -9.46012e-05 -0.00140089 0.000272986 0.00326015 -0.00166177 -0.00315437 -0.00237666 -0.00647727 -0.0032363
internal_weight=302678 58169 1969 56200 43723 28497 19986 16538 244509 196012 48497 5221 8511 3448 44575 43411 21994 7392 21417 10818 1468 190791 41892 148899 13655 41181 24353 22185 7910 5830
internal_count=302678 58169 1969 56200 43723 28497 19986 16538 244509 196012 48497 5221 8511 3448 44575 43411 21994 7392 21417 10818 1468 190791 41892 148899 13655 41181 24353 22185 7910 5830
is_linear=0
shrinkage=0.05


Tree=169
num_leaves=31
num_cat=0
split_feature=0 24 64 54 30 7 64 19 62 28 66 14 55 69 62 57 71 58 37 54 18 37 69 53 52 66 19 8 58 74
split_gain=27.9352 36.1672 45.1332 64.4466 56.1591 36.6113 44.6235 51.3322 37.4324 35.9311 47.1692 97.2859 47.5443 208.062 174.957 112.066 98.3456 91.5484 74.9544 100.37 68.1271 64.4738 65.0183 64.2706 69.4771 61.9397 59.8412 58.4663 47.1007 43.9274
threshold=-0.026963638141751286 0.43637488782405859 -0.14856553077697751 4.4485747814178476 0.47778952121734625 -0.19144424796104428 -0.1581919193267822 -0.12531022727489469 -0.11993527412414549 0.29858568310737615 -0.38750028610229487 -0.075218159705400453 1.0000000180025095e-35 0.014544796198606493 -0.0020775794982910152 0.092140555381774916 -0.01790777966380119 0.49165973067283636 0.025027177296578888 6.1150085926055917 -0.092789981514215455 -0.70412054657936085 0.011421813163906338 1.0000000180025095e-35 10.500000000000002 -0.14671704173088071 -0.068256653845310197 -0.20128330588340757 0.4174626916646958 0.69483962655067455
decision_type=8 10 10 2 10 8 8 8 10 10 8 10 2 10 8 2 10 2 10 2 10 10 10 8 10 8 8 8 2 10
left_child=1 2 3 -1 5 6 7 -5 -9 10 11 -2 23 14 21 16 -15 18 19 25 26 22 -14 24 -12 -17 -21 -16 -26 -24
right_child=9 -3 -4 4 -6 -7 -8 8 -10 -11 12 -13 13 15 27 17 -18 -19 -20 20 -22 -23 29 -25 28 -27 -28 -29 -30 -31
leaf_value=2.6368420385970445e-05 -0.00032103476459728543 -0.00027438206536268514 1.4695067049105079e-05 0.0018593702856415598 0.0022701672321407559 0.00021899966596098205 0.0026573863006977734 -0.0012175956152241049 0.00052995371746313404 1.3379367184072552e-05 -0.00032686297189841106 -0.0012729443818859723 0.0007693998127316342 0.00050787662886918772 -0.0021154871436715726 0.00058622632500924979 0.0025059050939648594 0.00066884463312841139 0.0024664768674380905 0.00048093213009410448 -0.0003793559756106984 -0.00027950334397651362 0.00056458881924386967 0.00021611622960666119 -8.3313899983915145e-05 -0.00049742499115738143 -0.00043202912014014242 -0.0010134573391087532 0.0006985717723786511 -0.00023080849687025516
leaf_weight=10109 5754 12269 36568 1539 1298 6130 565 737 913 129954 42287 1303 775 666 503 2509 593 2733 780 1625 2950 3055 679 14420 13284 550 1567 2309 3449 1016
leaf_count=10109 5754 12269 36568 1539 1298 6130 565 737 913 129954 42287 1303 775 666 503 2509 593 2733 780 1625 2950 3055 679 14420 13284 550 1567 2309 3449 1016
internal_value=-0.000140476 0.000734267 0.00125715 0.00308671 0.0057005 0.00440671 0.00828905 0.00595499 -0.000180723 -0.000404045 -0.00110244 -0.00504457 -0.000811404 0.00120968 -0.00503774 0.00493814 0.0191095 0.00352091 0.00129617 2.71415e-05 -0.00365735 0.000135501 0.00612903 -0.00142546 -0.00215653 0.00741284 0.00140537 -0.0151665 0.000570388 0.000615836
internal_weight=302889 70128 57859 21291 11182 9884 3754 3189 1650 232761 102807 7057 95750 22310 8337 13973 1259 12714 9981 9201 6142 5525 2470 73440 59020 3059 3192 2812 16733 1695
internal_count=302889 70128 57859 21291 11182 9884 3754 3189 1650 232761 102807 7057 95750 22310 8337 13973 1259 12714 9981 9201 6142 5525 2470 73440 59020 3059 3192 2812 16733 1695
is_linear=0
shrinkage=0.05


Tree=170
num_leaves=31
num_cat=0
split_feature=50 36 54 36 67 41 66 68 42 54 43 66 54 66 54 16 52 16 67 66 9 33 58 31 68 42 41 19 31 41
split_gain=21.9274 19.2956 57.7732 78.1864 50.359 46.5679 65.4576 47.4665 53.8573 40.7335 34.2809 32.777 32.5626 49.5516 31.5601 29.8504 29.6035 35.4754 51.9311 41.7209 40.5005 37.6854 34.5012 37.6395 33.2603 64.0431 102.955 71.1899 49.9901 43.2388
threshold=0.25283573567867285 19.448557853698734 4.0074241161346444 4.4882924556732187 0.016731038689613346 0.035080257803201682 -0.27054020762443537 -0.11710844933986662 0.014549225103110077 6.5786120891571054 0.73323893547058117 -0.32750600576400751 7.5028483867645273 -0.19457572698593137 8.8492989540100115 -0.4480872899293899 9.5000000000000018 -0.46492215991020197 0.12777929753065112 -0.37037102878093714 -0.16220985352993009 0.8407111167907716 0.25401835143566137 0.17903301864862445 -0.090743582695722566 0.087660249322652831 0.07856758683919908 -0.27969744801521296 0.047467395663261421 0.060168460011482246
decision_type=2 2 2 2 8 8 8 10 10 2 10 10 2 10 2 10 10 8 10 10 8 10 2 8 8 10 8 10 8 10
left_child=1 2 3 -1 -5 7 15 8 -4 -10 -6 -9 13 -13 -8 -7 24 18 -18 21 -21 -19 -22 -24 25 27 -27 -3 -26 -29
right_child=-2 16 5 4 10 6 14 11 9 -11 -12 12 -14 -15 -16 -17 17 19 -20 20 22 -23 23 -25 28 26 -28 29 -30 -31
leaf_value=0.0011848594408361487 -0.0013776615064026551 -0.001812155347329201 -0.00064895143981726013 -0.00093899671079305689 0.00032610527388524677 -0.00032725443974940445 -0.00027718308869480656 -0.0004053038341911706 0.00041850809998404128 0.0014490744591209995 -0.00068390294328001238 0.00047900041700114709 0.00038720414986037383 -0.00051833589308331062 -0.002032852709439867 -0.001651494253724226 0.0029782015811019445 -0.00014837502770548815 -8.9439291657729674e-05 0.0002868452985654691 -0.0001742730073832255 -0.0026637515268336308 -0.0002189114123895939 0.00024116668288264953 -0.00041593351626270886 0.0024464311588026401 0.00021631437782988736 0.00013609296358766022 -2.3737525030287021e-05 -0.0011654160976152072
leaf_weight=6191 1292 881 503 2168 4828 578 5224 3420 685 637 1953 889 1225 1389 513 1940 883 7403 860 20542 11125 617 4328 17566 5412 2824 5978 10656 178605 1570
leaf_count=6191 1292 881 503 2168 4828 578 5224 3420 685 637 1953 889 1225 1389 513 1940 883 7403 860 20542 11125 617 4328 17566 5412 2824 5978 10656 178605 1570
internal_value=-5.36844e-05 -2.57131e-05 -0.0011834 0.00106271 -0.00192544 -0.00318286 -0.00587417 -0.000639415 0.00651226 0.0117868 0.000198793 -0.00253137 0.000868204 -0.00266608 -0.00291456 -0.0125791 0.000112531 0.00105788 0.00807188 0.00085808 0.00136174 -0.00250311 0.000277029 0.00142896 -0.000178211 0.00166294 0.00495915 -0.000552718 -0.000397496 0.000441321
internal_weight=302685 301393 32143 15140 8949 17003 8255 8748 1825 1322 6781 6923 3503 2278 5737 2518 269250 63324 1743 61581 53561 8020 33019 21894 205926 21909 8802 13107 184017 12226
internal_count=302685 301393 32143 15140 8949 17003 8255 8748 1825 1322 6781 6923 3503 2278 5737 2518 269250 63324 1743 61581 53561 8020 33019 21894 205926 21909 8802 13107 184017 12226
is_linear=0
shrinkage=0.05


Tree=171
num_leaves=31
num_cat=0
split_feature=11 74 68 69 34 9 10 16 38 37 42 65 69 69 65 16 67 32 11 35 11 38 60 32 55 40 69 31 9 61
split_gain=19.5904 24.0947 43.4447 37.6095 40.5177 36.4728 50.3232 27.9364 33.9792 22.8199 17.4524 85.0786 157.165 92.9049 90.6535 90.533 79.9805 100.59 74.9557 71.7856 71.4021 65.2512 54.1445 52.9756 90.0032 49.8689 48.0287 44.7206 38.9139 38.5979
threshold=-0.77870699763298024 0.025029987096786502 -0.040464343503117554 0.011485726106911899 0.088400721549987807 -0.53429991006851185 -0.25609529018402094 -0.38757792115211481 0.83941245079040538 -0.12827598303556439 0.023817717097699646 -0.22968477010726926 0.011693994514644148 0.030849206261336807 -0.053519010543823235 -0.21071648597717282 0.2283783704042435 -0.26783533394336695 -0.024483486078679558 3.3635716438293461 -0.43318068981170649 0.13471107184886935 -0.054952275007963174 -0.064753778278827653 1.0000000180025095e-35 0.015034517738968136 0.010177265387028457 0.48292878270149237 -0.23259340971708295 -0.016143798828124997
decision_type=8 8 10 10 10 8 8 10 10 10 8 10 8 10 10 10 10 10 10 2 10 10 10 8 2 10 10 10 10 10
left_child=-1 2 5 4 -4 -2 -7 -5 9 -9 11 12 20 14 21 -14 17 25 26 -17 -3 -13 -18 24 -20 -16 -19 -21 -23 -24
right_child=1 10 3 7 -6 6 -8 8 -10 -11 -12 13 15 -15 16 19 22 18 23 27 -22 28 29 -25 -26 -27 -28 -29 -30 -31
leaf_value=0.0015161546111402359 0.0017868796554447919 -0.00048579113881272695 -0.001402332207882038 -0.0004250234308444844 0.0050731815804220919 -0.0020111716360619778 0.00050423392335747705 -0.0032327201375483925 -0.00081038666819123267 -0.001385194788005497 -1.5127267317240068e-05 0.00042079758055762762 0.00015247225868152432 0.00088978045696811814 -0.00013067746954734794 -0.0013441760069939582 -0.00048078363902140939 -0.0020802212935809002 -0.00043136264793611472 -0.00038382734034812121 0.0008515667275488855 0.00077225636725790272 -0.00010653761355474156 -0.0013626422412968083 0.00056498225316321544 0.0010773189218532164 -0.00045083990601747689 0.00016989993779498934 -0.0002465300588807956 0.00034366424850461492
leaf_weight=892 751 585 508 1214 546 520 1046 755 508 590 253959 5710 4120 1224 1325 1703 700 870 1730 5023 1383 849 2166 600 534 1234 1568 1093 2396 6820
leaf_count=892 751 585 508 1214 546 520 1046 755 508 590 253959 5710 4120 1224 1325 1703 700 870 1730 5023 1383 849 2166 600 534 1234 1568 1093 2396 6820
internal_value=-4.06032e-05 -6.25745e-05 -0.00308623 -0.00616074 0.00197368 0.00238505 -0.00196701 -0.00895353 -0.0128019 -0.0169373 3.38293e-06 0.000952141 -0.00223827 0.00255264 0.00192743 -0.00439786 -0.000162328 -0.00390675 -0.00783133 -0.00755524 0.010819 0.00601785 0.00287748 -0.00233125 0.00118734 0.00422343 -0.0142565 -0.00501143 0.000353303 0.00392397
internal_weight=302922 302030 6438 4121 1054 2317 1566 3067 1853 1345 295592 41633 13907 27726 26502 11939 17547 7861 5302 7819 1968 8955 9686 2864 2264 2559 2438 6116 3245 8986
internal_count=302922 302030 6438 4121 1054 2317 1566 3067 1853 1345 295592 41633 13907 27726 26502 11939 17547 7861 5302 7819 1968 8955 9686 2864 2264 2559 2438 6116 3245 8986
is_linear=0
shrinkage=0.05


Tree=172
num_leaves=31
num_cat=0
split_feature=44 65 10 49 73 22 57 47 65 63 43 63 37 55 65 49 68 74 57 53 68 75 31 42 29 13 37 17 42 71
split_gain=19.6249 54.0072 51.3033 25.7591 27.5941 22.2989 43.7772 34.716 34.5904 33.7856 31.8794 31.738 27.1866 48.8267 114.498 44.6468 38.693 35.8513 27.3804 101.765 57.6942 47.3379 53.533 63.9032 44.0472 43.3367 41.9037 55.6314 38.4413 37.0341
threshold=-7.4999999999999991 -0.17444032430648801 -0.10795543342828749 1.0000000180025095e-35 0.28999917209148413 0.85392281413078319 0.70742076635360729 0.023658588528633121 0.24753826856613162 -0.058681756258010857 0.6667650341987611 0.071387946605682387 0.68288326263427745 1.5000000000000002 0.15390419960021975 1.0000000180025095e-35 0.081540063023567214 0.88911837339401256 0.70742076635360729 1.0000000180025095e-35 0.048545239493250854 0.24719388782978061 0.57646912336349498 0.025619787164032463 -0.81782096624374379 0.05928496643900872 -0.81993290781974781 -0.064313191920518861 0.038635196164250381 -0.024542478844523426
decision_type=2 10 10 2 10 10 2 2 8 10 8 10 8 2 8 2 8 10 2 10 10 8 8 10 10 10 10 8 10 10
left_child=1 2 3 4 -1 12 8 -8 10 -10 -7 -11 18 15 -15 16 -14 -17 20 21 -2 22 29 -24 -21 28 -22 -28 -23 -20
right_child=5 -3 -4 -5 -6 6 7 -9 9 11 -12 -13 13 14 -16 17 -18 -19 19 24 26 25 23 -25 -26 -27 27 -29 -30 -31
leaf_value=0.00013685274523168381 -9.4558834075958716e-06 0.00062687417567672363 -0.0016476554338314721 0.00059406560330475247 -0.00088845489466833735 0.00036174712636811019 0.00060652812750216383 0.00017236158631274737 0.00012702545027774709 -0.0016815778954961504 -4.0627528269382776e-05 -0.00038132516928578359 -0.00024868024096844353 0.00042176004119783667 -0.0040420350616485632 -0.00063979865792877571 0.001145623035801921 0.00031505504838313312 2.6230053106694828e-05 0.0033893549163145757 -0.00050141343763324597 7.2478499264733552e-05 -0.0017494958845342718 6.2761696850983931e-05 0.00055263634341374515 -8.2005373143968427e-05 0.0012645478339126965 0.00030576031379930872 -0.00080893147098802596 0.00055438986796334038
leaf_weight=1899 186529 3860 564 1717 1014 6589 5174 8220 2229 1113 17092 1725 4009 574 639 13616 4317 2086 2726 545 646 1834 527 1070 2419 7217 907 10538 10184 1643
leaf_count=1899 186529 3860 564 1717 1014 6589 5174 8220 2229 1113 17092 1725 4009 574 639 13616 4317 2086 2726 545 646 1834 527 1070 2419 7217 907 10538 10184 1643
internal_value=-1.87975e-05 0.00227273 -0.00105688 0.000689655 -0.00217243 -8.94017e-05 0.000975043 0.00333483 -0.000125183 -0.0038704 0.000677472 -0.00747893 -0.000267422 -0.00182369 -0.0115699 -0.00132707 0.00163148 -0.00289588 -9.41379e-05 -0.0015528 0.000112772 -0.00258419 0.00130522 -0.0065028 0.0071957 -0.00379059 0.00345839 0.00415976 -0.00562853 0.00416762
internal_weight=303222 9054 5194 4630 2913 294168 42142 13394 28748 5067 23681 2838 252026 25241 1213 24028 8326 15702 226785 28165 198620 25201 5966 1597 2964 19235 12091 11445 12018 4369
internal_count=303222 9054 5194 4630 2913 294168 42142 13394 28748 5067 23681 2838 252026 25241 1213 24028 8326 15702 226785 28165 198620 25201 5966 1597 2964 19235 12091 11445 12018 4369
is_linear=0
shrinkage=0.05


Tree=173
num_leaves=31
num_cat=0
split_feature=54 66 29 25 64 18 55 46 57 58 64 64 66 6 75 69 69 45 34 75 26 65 65 24 29 61 58 54 66 64
split_gain=19.0725 60.3416 43.06 26.2455 26.3059 21.7029 133.56 105.554 134.525 88.7335 145.134 89.9364 84.4772 83.8295 82.1633 71.3025 71.1368 71.5028 99.9114 65.2416 64.2328 62.4367 62.1047 59.5149 54.3979 63.9367 68.2948 56.3722 53.9772 52.412
threshold=0.84371772408485424 -0.061772966757416718 -0.76533010601997364 0.37714089453220373 -0.063076525926589952 0.049467332661151893 1.0000000180025095e-35 7.5000000000000009 0.26724734902381903 0.74451306462287914 0.33196699619293218 0.25705593824386602 -0.24460959434509275 0.25002367794513708 0.09393347799777986 0.018437072634696964 0.0087239667773246782 17.500000000000004 0.23797108232975009 0.60885748267173778 -0.099999163299798952 0.0085728168487548845 0.13726484775543216 1.9330531954765322 -0.099857531487941728 -0.0061792433261871329 0.74451306462287914 7.0690448284149179 -0.22385870665311811 0.15877878665924075
decision_type=2 8 8 10 10 8 2 8 2 2 8 10 8 10 8 10 8 10 10 10 8 8 10 10 10 10 2 2 8 8
left_child=1 2 -1 -4 -5 -2 12 15 28 10 13 -11 -7 21 -14 -8 19 23 -19 -16 29 -10 -20 24 25 -18 -27 -26 -9 -17
right_child=5 -3 3 4 -6 6 7 8 9 11 -12 -13 14 -15 16 20 17 18 22 -21 -22 -23 -24 -25 27 26 -28 -29 -30 -31
leaf_value=-0.0031639714002517625 2.3953969311148117e-05 0.0088880289669122179 0.00095130375429552147 -0.0015203964741885394 0.00074403757951310657 -0.00060917100334732972 -0.0011342496055486734 -0.00058713921877227295 -4.6920465990600224e-05 -0.0035548108096232992 0.0030948323558346968 0.00020264166081316039 0.0018279216883226642 0.0012355203392019954 -0.0011414721135733065 0.00057685037330651554 0.00068014771162253746 -0.0024529825287161709 0.00023065173551734127 0.0046013379414678686 -0.00024220115693594988 -0.0011745081278321016 -0.00090338097230937143 -0.0017535211809307596 -8.5619134461878069e-05 -0.00017990102717908125 0.00084287102797901562 -0.0013785024306349983 -0.00343760463067105 0.0024905960805058406
leaf_weight=503 200351 725 1641 540 654 12748 922 515 1019 1304 692 543 695 826 722 546 20566 1196 4819 1983 1335 1370 3708 1900 11335 19980 6434 1486 1492 575
leaf_count=503 200351 725 1641 540 654 12748 922 515 1019 1304 692 543 695 826 722 546 20566 1196 4819 1983 1335 1370 3708 1900 11335 19980 6434 1486 1492 575
internal_value=2.65558e-05 0.00342499 0.000567503 0.00297012 -0.00265781 -1.97277e-05 -0.000626513 -0.00578079 -0.00898855 -0.00508328 -0.000804187 -0.0140819 2.96865e-05 -0.00528682 0.000670818 0.00159386 0.000509179 0.000207184 -0.00377581 0.00845304 0.00604217 -0.010025 -0.00186834 0.000835345 0.00111267 0.0019004 0.00027248 -0.00177305 -0.0201041 0.0148099
internal_weight=303125 4063 3338 2835 1194 299062 98711 11139 7761 5754 3907 1847 87572 3215 74824 3378 74129 71424 9723 2705 2456 2389 8527 61701 59801 46980 26414 12821 2007 1121
internal_count=303125 4063 3338 2835 1194 299062 98711 11139 7761 5754 3907 1847 87572 3215 74824 3378 74129 71424 9723 2705 2456 2389 8527 61701 59801 46980 26414 12821 2007 1121
is_linear=0
shrinkage=0.05


Tree=174
num_leaves=31
num_cat=0
split_feature=1 60 29 66 35 66 10 68 40 62 21 58 65 65 6 45 11 65 30 23 11 53 46 17 70 55 26 75 32 43
split_gain=24.0081 27.6756 21.7204 29.1997 18.3425 26.8423 37.035 38.9368 34.8762 25.4523 21.2951 48.3287 47.872 82.7168 58.2836 59.0704 55.1809 47.4172 46.1598 42.6742 44.2992 37.6572 35.7851 55.7103 34.0199 32.8898 105.896 74.1974 59.3185 41.9009
threshold=0.21148875355720523 -0.19798438996076581 -0.54269266128540028 -0.25877381861209864 90.592658996582045 -0.19457572698593137 -0.070119179785251604 -0.019774370826780793 0.053186280652880676 -0.0066765248775482169 0.0695047862827778 0.88253614306449901 -0.23915767669677732 -0.14159879088401792 0.12233859673142435 23.500000000000004 -0.5945279300212859 0.39618486166000372 1.1568888425827029 -0.11764375120401381 -0.47388631105422968 1.0000000180025095e-35 23.500000000000004 0.0075235487893223771 0.14239635318517688 1.5000000000000002 -0.13182535022497174 0.37561069428920751 -0.28604289889335627 1.0361418724060061
decision_type=8 8 10 10 2 10 8 8 8 10 8 2 8 8 10 10 8 10 10 10 8 10 10 10 10 2 10 8 10 10
left_child=4 -2 3 -3 10 6 -6 -8 -9 -7 11 17 19 14 -14 18 -15 24 -16 20 -12 -21 23 -13 -1 -18 27 -27 -28 -29
right_child=1 2 -4 -5 5 9 7 8 -10 -11 12 22 13 16 15 -17 25 -19 -20 21 -22 -23 -24 -25 -26 26 28 29 -30 -31
leaf_value=3.57621637158953e-05 -0.0020038153982694061 -0.00058288231987454933 0.00019108640188470751 -0.0030401649690358066 -0.00017106591493971612 -0.0014966145953208135 0.0018654016341036557 0.0015449282920206846 -4.3341757950719417e-05 0.00012532066867959428 0.0010787572409619009 -0.0013563733595962125 -0.00022077725203609253 0.0024415302636527692 -0.00021055820721171964 -0.0019845448260756926 -4.9897273782495773e-05 0.0010714480046065268 -0.0026458917455896552 0.00043234711152365183 -0.00021441999291890029 -0.00052216419604551368 -0.0014834657058694551 0.001122612598530161 -0.0014321999599287635 5.2514480692955227e-05 0.0011572853579145856 -0.0022414560640604134 -0.00023910655349926172 -0.00059474545703798736
leaf_weight=151876 706 2019 3209 577 1355 521 1000 1225 1810 3721 1769 848 7474 721 1971 814 88601 602 755 11259 11915 862 953 706 701 925 707 1224 1022 507
leaf_count=151876 706 2019 3209 577 1355 521 1000 1225 1810 3721 1769 848 7474 721 1971 814 88601 602 755 11259 11915 862 953 706 701 925 707 1224 1022 507
internal_value=-1.24022e-05 -0.00301334 -0.00186586 -0.0052571 5.37427e-05 0.00219871 0.00453704 0.00693449 0.00408867 -0.000776105 -1.85171e-05 0.000376374 -0.00048952 -0.000964853 -0.00506168 -0.010338 -0.000482837 0.000489265 -0.0067617 0.00143909 -0.00047466 0.00359822 -0.00649583 -0.00179028 0.000433523 -0.000590348 -0.00481229 -0.0110653 0.00480161 -0.0171453
internal_weight=302355 6511 5805 2596 295844 9632 5390 4035 3035 4242 286212 155686 130526 104721 11014 3540 93707 153179 2726 25805 13684 12121 2507 1554 152577 92986 4385 2656 1729 1731
internal_count=302355 6511 5805 2596 295844 9632 5390 4035 3035 4242 286212 155686 130526 104721 11014 3540 93707 153179 2726 25805 13684 12121 2507 1554 152577 92986 4385 2656 1729 1731
is_linear=0
shrinkage=0.05


Tree=175
num_leaves=31
num_cat=0
split_feature=18 55 17 60 11 75 46 68 61 74 11 57 74 10 75 71 19 59 55 8 55 42 43 43 24 74 11 41 75 42
split_gain=20.8895 102.764 75.7986 66.7424 83.4682 59.9155 58.3184 54.9114 53.1544 48.8981 76.6888 46.1377 61.3822 40.1818 35.8274 34.5521 34.3536 33.3346 41.4723 45.9813 137.137 134.123 50.3178 44.1685 28.8482 28.2924 62.5573 72.0578 50.0387 50.5445
threshold=-0.19125561416149137 1.5000000000000002 -0.057318611070513718 0.0070983432233333596 -0.72197014093399037 0.86254188418388378 22.500000000000004 -0.034262597560882561 0.027464985847473148 0.32027441263198858 -0.45251776278018946 0.11057564988732339 0.17142859846353534 -0.37220977246761316 0.98740041255950939 -0.3230594396591186 -0.0033300195354968305 0.13381223380565646 1.5000000000000002 -0.20978514105081555 1.0000000180025095e-35 0.077778108417987837 1.3426522016525271 0.94149389863014232 1.4075815081596377 0.23666694015264514 -0.43318068981170649 0.088868208229541792 0.28352680802345281 0.093989316374063506
decision_type=8 2 10 10 10 10 10 10 10 10 8 2 10 10 10 10 8 10 2 10 2 10 10 10 10 8 8 10 10 10
left_child=1 2 3 6 13 -4 9 -3 -6 11 -11 12 16 -5 15 -13 -1 25 19 20 21 23 -23 -19 -12 28 27 -27 -2 -30
right_child=17 7 5 4 8 -7 -8 -9 -10 10 24 14 -14 -15 -16 -17 -18 18 -20 -21 -22 22 -24 -25 -26 26 -28 -29 29 -31
leaf_value=0.0015842407604055378 -0.00029706160777334613 -0.00035182752570691081 -0.00033158731462813349 -0.00072739961678238785 0.0049568442532630548 -0.0020693134413566384 0.0023144188001274243 -0.0021393961095740092 0.00072215882683376018 0.0032547813583722208 -2.3016988934135494e-05 -0.0010345014317768779 -0.00072295367509663813 0.0010588199050802951 0.0014749418268366218 -0.00029932348592199307 -0.00066533681657529131 0.00069678364325483923 0.00098740775773583159 0.00048465009754629937 -0.0032929206341001794 -0.001089302877564393 0.0010835533411909792 0.0024136773420810284 0.0017471833096229683 -0.00039177655910836132 -2.3364396002649621e-07 0.0024484843659042352 0.00040851989258770192 -6.0125049260392753e-05
leaf_weight=2031 4171 566 5667 1196 1199 1562 939 707 599 706 5344 2674 1322 939 512 12650 508 1250 825 6496 776 2541 685 1035 604 11169 198916 618 20140 14433
leaf_count=2031 4171 566 5667 1196 1199 1562 939 707 599 706 5344 2674 1322 939 512 12650 508 1250 825 6496 776 2541 685 1035 604 11169 198916 618 20140 14433
internal_value=-1.48618e-05 -0.00108343 -0.000618793 0.000449845 0.00653056 -0.00522862 -0.000428571 -0.0150039 0.0144358 -0.000866811 0.00283613 -0.00211854 0.00277706 -0.00016317 -0.00331314 -0.00374984 0.00731659 0.000146542 0.00255544 0.00184867 -0.00119898 0.00158486 -0.00497528 0.0108279 0.000973481 1.50327e-05 -0.000213323 -0.00375095 0.00125664 0.00188098
internal_weight=302780 39725 38452 31223 3933 7229 27290 1273 1798 26351 6654 19697 3861 2135 15836 15324 2539 263055 13608 12783 6287 5511 3226 2285 5948 249447 210703 11787 38744 34573
internal_count=302780 39725 38452 31223 3933 7229 27290 1273 1798 26351 6654 19697 3861 2135 15836 15324 2539 263055 13608 12783 6287 5511 3226 2285 5948 249447 210703 11787 38744 34573
is_linear=0
shrinkage=0.05


Tree=176
num_leaves=31
num_cat=0
split_feature=11 65 37 69 61 33 68 41 75 16 69 70 38 33 69 54 48 12 65 46 13 54 67 7 53 69 54 62 20 16
split_gain=20.5298 75.1972 19.4994 75.4261 47.4808 34.0751 48.2395 38.103 35.2001 33.2538 55.4903 32.8444 29.735 34.1859 36.0047 57.1449 60.1125 31.4316 38.4488 29.9051 26.776 28.6357 25.5431 73.569 77.4944 86.4622 95.9808 69.7908 56.6388 48.3054
threshold=-0.72197014093399037 -0.20184394717216489 0.7517092525959016 0.053178822621703155 0.008175849914550783 0.75500100851058971 -0.024064506404101845 0.10191379860043527 0.91629496216773998 -0.072480268776416765 0.031679742038249976 0.25307524204254156 0.16429803520441058 4.3414461612701425 0.01595964748412371 5.2988171577453622 0.017310603521764282 0.0089275017380714434 0.10496115684509279 21.500000000000004 0.0095646465197205561 7.9477670192718515 0.23779359459877017 -0.041739903390407555 1.0000000180025095e-35 0.01194895710796118 3.3373696804046635 0.0025497078895568852 -0.13978298753499982 0.16173662245273593
decision_type=8 10 8 10 8 10 10 10 10 8 10 10 8 10 10 2 2 8 10 8 10 2 10 10 10 10 2 10 10 10
left_child=1 -1 22 4 5 6 -4 -7 -9 -6 12 -8 -11 14 15 17 -17 -14 -19 -18 -16 -22 -2 24 25 26 -24 -28 -27 -30
right_child=2 -3 3 -5 9 7 11 8 -10 10 -12 -13 13 -15 20 16 19 18 -20 -21 21 -23 23 -25 -26 28 27 -29 29 -31
leaf_value=-0.0010805234863629375 -2.9052283611665842e-05 0.0035180578413983679 -0.00012874265747246582 0.003774040747272168 -0.00041690720885139988 0.0001647668069417182 -0.00084164996150440797 -0.0030120869126679696 -0.00037109560134752608 0.00033120927165079155 0.0013178275757653659 -0.0030864250057436927 0.0051053765412332683 0.0014765155373336282 -0.002787288485658648 -0.0031763601890254876 0.00062788232139183065 7.5205926122703939e-05 0.0037749574056218475 -0.00091723414558155393 -0.00049288750293864723 0.0010246561825729059 0.00050247549753547815 0.00020024425176708735 0.00062427634208168383 -0.00047154063980427223 -0.00022493982784097118 -0.0010392104590277262 8.8873658626600525e-05 -0.0011381899782781663
leaf_weight=849 168975 998 2361 504 2364 4747 2856 738 808 2847 1089 646 954 1227 507 753 1614 5006 966 2122 8815 588 1632 49340 4443 7743 1875 2848 21182 1487
leaf_count=849 168975 998 2361 504 2364 4747 2856 738 808 2847 1089 646 954 1227 507 753 1614 5006 966 2122 8815 588 1632 49340 4443 7743 1875 2848 21182 1487
internal_value=-9.83843e-05 0.0051427 -0.00013071 -0.00113675 -0.00137501 -0.00399474 -0.00673421 -0.00143582 -0.00822622 -0.000270252 0.000237754 -0.0104499 -0.000238105 -0.000846556 -0.00131474 0.000599562 -0.00378973 0.00344579 0.0020896 -0.00117459 -0.00351815 -0.00290556 3.02464e-05 0.000707818 -0.000851528 -0.00160562 -0.00690495 -0.0105113 -0.000496351 0.000765025
internal_weight=302884 1847 301037 41512 41008 12156 5863 6293 1546 28852 26488 3502 25399 22552 21325 11415 4489 6926 5972 3736 9910 9403 259525 90550 41210 36767 6355 4723 30412 22669
internal_count=302884 1847 301037 41512 41008 12156 5863 6293 1546 28852 26488 3502 25399 22552 21325 11415 4489 6926 5972 3736 9910 9403 259525 90550 41210 36767 6355 4723 30412 22669
is_linear=0
shrinkage=0.05


Tree=177
num_leaves=31
num_cat=0
split_feature=48 59 54 74 6 66 21 58 41 55 54 27 59 60 7 11 54 18 27 55 23 9 21 39 56 27 54 54 63 17
split_gain=23.4657 45.344 54.2623 53.7679 41.4377 34.2389 30.8923 29.8021 26.7494 233.877 94.5161 69.2849 58.1477 47.8904 52.5981 46.0065 73.4482 73.4982 65.24 52.4284 146.852 54.8308 56.2806 53.5022 44.4444 43.5871 40.9098 40.869 75.7731 66.3101
threshold=0.15041072666645053 -0.05797461420297622 3.9451675415039067 0.87403544783592235 -0.1271463260054588 -0.32750600576400751 0.46001435816288 0.127151794731617 0.10462068021297456 1.5000000000000002 9.9661102294921893 1.3419785499572756 -0.19344343990087506 -0.35635043680667872 -0.2104731351137161 -0.14311032742261884 4.85919213294983 -0.37884296476840967 0.6070360839366914 1.0000000180025095e-35 -0.10217142850160597 -0.24206528812646863 0.092421639710664763 0.023513363674283031 1.5000000000000002 2.3914946317672734 10.971717834472658 3.3373696804046635 -0.037304431200027459 0.25739669799804693
decision_type=2 8 2 8 10 10 10 2 8 2 2 8 10 8 10 8 2 10 8 2 10 8 10 10 2 10 2 2 10 10
left_child=8 2 6 5 -3 -4 -2 -6 12 10 15 -11 13 -1 -15 16 17 -10 -17 21 24 22 -20 -22 -21 27 -14 28 -23 -29
right_child=1 4 3 -5 7 -7 -8 -9 9 11 -12 -13 26 14 -16 18 -18 -19 19 20 23 25 -24 -25 -26 -27 -28 29 -30 -31
leaf_value=0.00052769692299407399 -5.1259232138616691e-05 -0.0010094047661775346 0.00084479249456997918 -0.00098248402245982767 0.0013540442364995923 0.0026105564831671382 -0.0029359876011949013 -0.00030422935059545213 -0.00059445680905473503 -0.00044109191831012847 -0.0017634908370370969 -0.0045186230873664147 -3.3680090943080667e-06 -0.00085375473098718991 -0.0042505602246481191 -0.0002756835717850022 -0.0011268654624428279 0.0039014825537281254 0.0032641859489869335 0.0018898680673468862 0.0013868364888195588 0.0021014726210364276 -0.00033886480907379377 0.0097382407602057165 -0.00043694480127006027 -0.00099031753847167751 0.00042860310211069013 -0.00010604867822808404 -0.00015752140270650907 0.002352930357190931
leaf_weight=513 2701 5469 2177 783 735 1693 776 15801 508 827 532 953 228840 783 567 9363 500 1475 984 624 547 5202 506 737 1553 2028 912 11108 2930 1339
leaf_count=513 2701 5469 2177 783 735 1693 776 15801 508 827 532 953 228840 783 567 9363 500 1475 984 624 547 5202 506 737 1553 2028 912 11108 2930 1339
internal_value=1.97709e-06 -0.00132194 0.00186732 0.00539352 -0.00250057 0.00780928 -0.00285346 -0.00125106 0.000147984 0.00131333 0.00210534 -0.0163687 -6.19536e-05 -0.00883609 -0.01375 0.00239001 0.0089651 0.0132715 0.00194552 0.00317034 0.00891674 0.00234164 0.0116 0.0222566 0.000983082 0.00172658 9.57513e-06 0.00241634 0.00517072 0.000614113
internal_weight=303466 30135 8130 4653 22005 3870 3477 16536 273331 41716 39936 1780 231615 1863 1350 39404 2483 1983 36921 27558 3461 24097 1490 1284 2177 22607 229752 20579 8132 12447
internal_count=303466 30135 8130 4653 22005 3870 3477 16536 273331 41716 39936 1780 231615 1863 1350 39404 2483 1983 36921 27558 3461 24097 1490 1284 2177 22607 229752 20579 8132 12447
is_linear=0
shrinkage=0.05


Tree=178
num_leaves=31
num_cat=0
split_feature=39 55 3 11 59 42 47 65 49 60 10 69 47 3 63 69 69 72 55 62 62 41 26 60 60 50 55 63 41 60
split_gain=24.2221 41.2219 47.4166 32.7258 28.2842 51.0337 28.7837 32.3792 56.3646 50.9856 50.2794 48.9124 38.2233 40.3459 37.0702 36.9776 31.7495 48.144 54.8288 41.084 49.3732 55.2205 32.9279 67.8808 57.1993 54.733 52.8121 48.3242 55.3239 47.9495
threshold=0.1627532243728638 1.0000000180025095e-35 -0.16946579515933988 4.8643116950988778 -0.27293194830417628 0.13768915832042697 -0.02692245319485664 -0.22968477010726926 0.00013610385940410199 -0.21442994475364682 -0.2143309488892555 0.025682572275400165 -0.079905562102794633 -0.070028632879257188 -0.096147537231445299 0.020847175270318988 0.03453906066715718 0.2110920995473862 1.0000000180025095e-35 -0.15639650821685788 -0.11993527412414549 0.028828617185354236 -0.26330947875976557 0.016249516978859905 -0.2281055152416229 0.024670272134244445 1.5000000000000002 -0.14151248335838315 0.030493537895381454 -0.18476765602827069
decision_type=10 2 8 10 8 10 2 8 2 10 8 10 2 10 8 10 10 10 2 8 8 10 8 8 8 2 2 8 10 10
left_child=4 3 -3 -2 5 -1 7 8 9 -6 11 15 -12 14 -14 -9 19 18 -18 -8 21 -21 23 25 -24 -22 -25 28 -26 -27
right_child=1 2 -4 -5 6 -7 16 10 -10 -11 12 -13 13 -15 -16 -17 17 -19 -20 20 22 -23 24 26 27 29 -28 -29 -30 -31
leaf_value=-0.0041102278033789477 -0.00080831908989218966 0.0025113003168457633 -0.00089416891437120731 0.0020780389289905042 -0.0013353510805279535 0.00030887501737056301 -0.0020025798292324145 -0.00032496986409009834 0.00065992844048469966 0.00022033692466132197 -0.00038708069018944351 -0.0013464393914869033 -0.00047988730245916733 4.2649322122119158e-05 0.00055371363389572232 0.00097810626287527631 -0.00069323701678556152 0.00035188146529625038 0.0015150157942118037 0.0020733906028056791 -0.00040327446440049664 0.00026373335249373146 -0.00098061499532301486 0.00036439815321513209 0.0011805474440224923 0.001274561528792361 -0.0013068977172282831 -6.4228101749118195e-07 -0.00013663533512375399 -9.5649401866690443e-05
leaf_weight=509 10920 797 796 517 1697 644 676 6298 8721 7003 6849 589 1602 19241 10804 504 3742 13489 723 551 28038 1559 1875 11872 938 1488 697 155092 933 4419
leaf_count=509 10920 797 796 517 1697 644 676 6298 8721 7003 6849 589 1602 19241 10804 504 3742 13489 723 551 28038 1559 1875 11872 938 1488 697 155092 933 4419
internal_value=-8.3994e-06 -0.00211656 0.00539613 -0.00316677 8.62119e-05 -0.00769561 0.00011748 0.00105973 0.00289427 4.59242e-05 0.000362769 -0.0034117 0.00108814 0.00182108 0.00404317 -0.002202 -0.000146394 0.00187041 -0.0026257 -0.000320445 -0.000280038 0.00731132 -0.000358392 -0.00152824 -1.57383e-05 -0.00269033 0.00160983 8.82317e-05 0.00805423 0.0016816
internal_weight=303583 13030 1593 11437 290553 1153 289400 63308 17421 8700 45887 7391 38496 31647 12406 6802 226092 17954 4465 208138 207462 2110 205352 46514 158838 33945 12569 156963 1871 5907
internal_count=303583 13030 1593 11437 290553 1153 289400 63308 17421 8700 45887 7391 38496 31647 12406 6802 226092 17954 4465 208138 207462 2110 205352 46514 158838 33945 12569 156963 1871 5907
is_linear=0
shrinkage=0.05


Tree=179
num_leaves=31
num_cat=0
split_feature=16 55 65 54 69 8 54 29 7 60 36 22 33 74 33 10 69 69 48 11 18 61 24 41 60 54 60 27 18 26
split_gain=22.1709 57.8513 67.6666 47.289 41.999 45.1581 27.4638 50.1445 25.0527 42.2302 27.6658 43.9698 25.7355 24.6092 30.6408 54.0785 37.4237 41.8146 23.2226 26.1091 22.9644 23.9082 21.7567 23.4832 50.2231 62.2884 63.5845 46.6305 33.0623 32.4905
threshold=-0.39803703129291529 1.0000000180025095e-35 0.067361474037170424 2.8527275323867802 0.012069122400134804 -0.12772881239652631 0.4855030775070191 -0.41959628462791437 -0.17199895530939099 -0.02039990201592445 20.00230693817139 0.25421538949012762 0.1548489332199097 0.02068808022886515 0.21461787074804309 0.25000138580799108 0.029122807085514072 0.015256227459758522 0.1056981384754181 -0.53771361708641041 -0.30131512880325312 0.094342648983001723 2.2847963571548466 0.15680141746997836 0.046194680035114295 6.1150085926055917 -0.29520720243453974 2.0521044731140141 0.45563994348049169 -0.60936835408210743
decision_type=8 2 8 2 10 10 2 8 10 10 2 10 10 8 8 8 10 10 2 10 8 10 10 10 10 2 10 10 10 10
left_child=1 2 4 -4 -1 8 7 -2 9 10 -6 18 -10 14 -8 -16 17 -17 19 -12 -15 22 23 -22 25 27 -27 29 -26 -25
right_child=6 -3 3 -5 5 -7 13 -9 12 -11 11 -13 -14 20 15 16 -18 -19 -20 -21 21 -23 -24 24 28 26 -28 -29 -30 -31
leaf_value=-0.0011306368499830789 -0.00011312489891252553 0.002761377180046742 -0.0021974860488532385 0.0002930418457422351 -0.00047719834021634215 0.0030372343795257621 -0.0014072764577385427 0.0066992257270820869 -0.0010966820181282824 0.0032574299467354366 0.0013106329563097011 -0.00038720918514204808 0.00061384383780604436 -0.00043725315012186077 0.0012213749588996293 -0.00074526377711048915 0.00096324111539630546 -0.0037382016052390195 0.0031235510412946223 -0.00061986954878443586 -1.0190552985323096e-05 0.00030722113502334883 -0.0014002713954222911 -0.0012017228264007902 0.00015355942295812157 0.0043098732747960987 0.0003072487922159681 -0.0026584175895864696 0.0047109785773064416 0.00061176865228359102
leaf_weight=657 808 799 807 577 1253 863 665 537 854 635 580 1072 855 4399 823 776 555 583 826 507 263226 9158 1605 1682 572 858 1484 840 946 2756
leaf_count=657 808 799 807 577 1253 863 665 537 854 635 580 1072 855 4399 823 776 555 583 826 507 263226 9158 1605 1682 572 858 1484 840 946 2756
internal_value=2.64403e-05 0.00230695 0.00121104 -0.008967 0.00295858 0.00403085 -5.38861e-05 0.00704797 0.00260922 0.00443375 0.00261299 0.00522538 -0.00258871 -8.69601e-05 -0.00430832 -0.00194758 -0.00654886 -0.0109934 0.00975039 0.00487694 -3.68649e-05 1.88954e-05 -6.5151e-05 -3.08399e-05 0.00245955 0.000799476 0.00756803 -0.00221256 0.010733 -0.000157374
internal_weight=302558 10285 9486 1384 8102 7445 292273 1345 6582 4873 4238 2985 1709 290928 3402 2737 1914 1359 1913 1087 287526 283127 273969 272364 9138 7620 2342 5278 1518 4438
internal_count=302558 10285 9486 1384 8102 7445 292273 1345 6582 4873 4238 2985 1709 290928 3402 2737 1914 1359 1913 1087 287526 283127 273969 272364 9138 7620 2342 5278 1518 4438
is_linear=0
shrinkage=0.05


Tree=180
num_leaves=31
num_cat=0
split_feature=7 65 54 11 19 18 69 54 19 5 71 22 2 54 14 61 61 69 67 67 54 61 6 68 4 65 54 66 66 32
split_gain=17.4585 22.4394 56.1277 18.7908 17.6924 31.0941 30.9206 53.6092 37.85 25.2309 23.3772 20.0752 20.0192 58.982 37.0028 36.3711 23.8611 33.9842 21.2663 30.3887 20.8535 19.9508 19.3102 30.5058 18.726 17.8023 16.7351 84.7966 60.9008 62.7622
threshold=1.635495722293854 0.11759835481643678 4.909008502960206 4.2231070995330819 0.89023306965827953 0.48194910585880285 0.025897045619785789 4.8829913139343271 0.4288467019796372 0.1361028924584389 0.8944227695465089 0.43200689554214483 0.23609777539968493 4.4762566089630136 -0.12910029292106626 0.057826459407806403 0.067842721939086928 0.01120073674246669 0.20081546157598498 0.27921575307846075 2.685463666915894 0.16125458478927615 -0.13499765098094937 0.099941600114107146 -0.032422224059700959 -0.24368524551391599 1.604424834251404 -0.051213970407843583 -0.30540493130683893 -0.28176869451999659
decision_type=10 10 2 10 10 10 10 2 10 10 10 10 10 2 10 10 10 10 8 10 2 10 10 10 10 10 2 8 10 10
left_child=4 2 -2 -3 5 12 9 8 -8 10 -7 -10 21 14 24 18 17 -16 -15 -20 -18 26 -17 -24 -14 -19 27 28 -1 -30
right_child=1 3 -4 -5 -6 6 7 -9 11 -11 -12 -13 13 15 16 22 20 25 19 -21 -22 -23 23 -25 -26 -27 -28 -29 29 -31
leaf_value=0.00043502697579666117 -0.0051127797409532966 -0.0017179306806266162 0.00078317906841284402 0.0020705031662448777 -0.0015198362437808064 0.00041829695608848829 0.00019604161848260637 -0.0010015181040152353 0.0029327107390929377 0.00097208333026511527 -0.0014350201842439415 0.0053487963722108657 -0.00098217452178198886 0.00084548646768958357 0.0026786989565324481 0.00030869214176580125 0.0016940333581911206 -0.00042197065498726373 -0.0022245133294445051 0.00021331748450462864 -0.00041904371123389493 0.00093603615385924848 0.0027985315494883749 0.00010444956913449946 -0.002597271024783643 -0.001896849515585817 -1.3084357567987818e-05 0.0024171378430218179 -0.0001654045761436805 -0.0018407517097850741
leaf_weight=6794 608 550 509 549 850 999 535 598 793 1791 1048 512 500 692 620 1274 624 971 728 694 847 844 794 501 902 2124 261782 3214 8966 1132
leaf_count=6794 608 550 509 549 850 999 535 598 793 1791 1048 512 500 692 620 1274 624 971 728 694 847 844 794 501 902 2124 261782 3214 8966 1132
internal_value=-8.05986e-05 -0.00449236 -0.00944987 0.000586114 -4.79845e-05 -2.74735e-05 0.00345212 0.00784314 0.0120541 0.000649688 -0.00313563 0.016616 -0.000101866 -0.00216736 -0.0052137 0.00212018 -0.0032525 -0.00538255 -0.0027307 -0.00621508 0.00212694 -1.94524e-05 0.00610702 0.0103831 -0.0123938 -0.00752013 -4.25686e-05 0.00134719 -7.09975e-05 -0.00253265
internal_weight=303345 2216 1117 1099 301129 300279 6276 2438 1840 3838 2047 1305 294003 11271 6588 4683 5186 3715 2114 1422 1471 282732 2569 1295 1402 3095 281888 20106 16892 10098
internal_count=303345 2216 1117 1099 301129 300279 6276 2438 1840 3838 2047 1305 294003 11271 6588 4683 5186 3715 2114 1422 1471 282732 2569 1295 1402 3095 281888 20106 16892 10098
is_linear=0
shrinkage=0.05


Tree=181
num_leaves=31
num_cat=0
split_feature=18 55 66 65 69 28 65 55 19 3 37 69 32 75 45 69 40 66 45 62 71 66 16 69 32 19 55 69 58 26
split_gain=16.809 124.869 113.976 107.918 124.643 89.0267 136.888 252.537 225.577 126.819 97.3826 83.0131 73.4554 72.6909 71.8128 70.6805 65.5197 81.5347 60.2428 74.9775 90.8639 59.3352 58.6752 54.3961 99.8223 111.234 79.127 86.9774 177.991 147.142
threshold=0.031654490157961852 1.0000000180025095e-35 -0.24460959434509275 0.27313697338104254 0.035401735454797752 0.22692531347274783 0.055614054203033454 1.5000000000000002 0.0033722926164045934 0.018964425660669807 -1.1523941755294798 0.015350101049989464 -0.27729828655719752 0.097875732928514494 13.500000000000002 0.014888271223753692 0.034045755863189704 -0.060593469068408005 18.500000000000004 -0.058028161525726311 0.8944227695465089 -0.21896099299192426 -0.17726051062345502 0.0087239667773246782 -0.30149532854557032 -0.058896429836750024 1.0000000180025095e-35 0.015202419832348825 0.51459547877311718 -0.12196214124560355
decision_type=8 2 8 10 10 10 8 2 10 10 10 10 10 8 10 10 8 10 8 10 8 10 10 10 8 10 2 10 2 10
left_child=23 2 14 4 5 9 15 12 -9 10 -3 16 -8 -13 -2 -7 -4 -18 -15 -20 -21 -17 -12 24 -1 -26 -25 28 -28 -30
right_child=1 3 11 -5 -6 6 7 8 -10 -11 22 13 -14 18 -16 21 17 -19 19 20 -22 -23 -24 26 25 -27 27 -29 29 -31
leaf_value=0.00016578286233384228 -0.00018953919355967484 -0.0032245675593936467 -0.00015568626877687046 0.00041580836315986371 0.0044374927558809953 0.00056202817497008346 -0.0037303346352403027 0.0031458824755761063 -0.0018113966711233893 0.0059979146054850926 0.00085651552652831094 0.0012035182770971848 -0.0012029313048059758 4.5135761388740219e-06 -0.0011579718916041382 -0.00012203933838859293 0.00046984592497565216 0.0028508672933725146 0.00066368891506797978 -0.00083275603417568445 -0.0040976459111697408 -0.0017581576396406133 -0.0011363539770792674 -6.1913145494425786e-06 -0.0025315643179277623 -0.0004897997729760449 0.00013711748584255401 0.00022314192686200864 -0.0011359647234520538 4.5273655846096722e-05
leaf_weight=5597 9778 1238 7610 1584 613 1079 1875 532 665 650 1232 707 831 42718 5136 1096 16656 7380 1396 3966 571 560 642 141783 1118 2880 11059 27295 2452 2175
leaf_count=5597 9778 1238 7610 1584 613 1079 1875 532 665 650 1232 707 831 42718 5136 1096 16656 7380 1396 3966 571 560 642 141783 1118 2880 11059 27295 2452 2175
internal_value=3.26858e-05 -0.000465791 0.00014907 -0.00514397 -0.00689921 -0.00819404 -0.0116727 -0.0176719 0.00144988 -0.00204136 -0.006246 0.000888735 -0.0261046 -0.000392967 -0.00386626 -0.00307832 0.00288729 0.00416701 -0.000625758 -0.00534242 -0.00845612 -0.00954382 0.000955414 0.000311006 -0.00335763 -0.00938124 0.000501694 0.00238073 -0.000586137 -0.00880958
internal_weight=302874 108515 95918 12597 11013 10400 6638 3903 1197 3762 3112 81004 2706 49358 14914 2735 31646 24036 48651 5933 4537 1656 1874 194359 9595 3998 184764 42981 15686 4627
internal_count=302874 108515 95918 12597 11013 10400 6638 3903 1197 3762 3112 81004 2706 49358 14914 2735 31646 24036 48651 5933 4537 1656 1874 194359 9595 3998 184764 42981 15686 4627
is_linear=0
shrinkage=0.05


Tree=182
num_leaves=31
num_cat=0
split_feature=52 65 42 43 35 25 37 55 61 65 18 67 55 63 42 68 50 10 54 33 6 61 49 54 58 6 11 75 11 57
split_gain=14.8559 52.0563 31.0593 15.8009 14.709 14.4194 31.9903 54.8348 118.117 96.0175 68.9166 32.23 66.6056 48.2424 39.7416 30.9887 47.5825 45.9609 42.0597 26.5772 31.5672 26.3843 26.0862 24.8832 93.4571 90.6931 81.4929 81.4838 70.111 64.255
threshold=12.500000000000002 -0.22899353504180905 0.014005547855049373 0.38401211798191076 0.68317729234695446 0.85543325543403637 0.63119184970855724 1.0000000180025095e-35 -0.040527313947677605 -0.24325805902481076 -0.16958574205636975 0.2738740891218186 1.5000000000000002 -0.022728115320205685 0.018149616196751598 -0.019943372346460816 0.0011236586142331364 -0.29235757887363428 3.0128351449966435 1.5410844683647158 0.087721716612577452 -0.040527313947677605 0.0113196037709713 2.275727510452271 0.74451306462287914 0.08190574869513513 0.10632187500596048 0.88898018002510082 -0.13002062588930127 0.66510173678398143
decision_type=10 10 10 10 2 10 8 2 10 10 10 10 2 10 10 8 2 10 2 8 10 10 2 2 2 10 10 8 8 2
left_child=5 2 -2 -4 -3 6 23 9 -9 15 -11 12 13 14 -10 17 18 -8 -17 20 -12 -7 -21 24 25 27 -26 -1 -27 -25
right_child=1 4 3 -5 -6 21 7 8 11 10 19 -13 -14 -15 -16 16 -18 -19 -20 22 -22 -23 -24 29 26 28 -28 -29 -30 -31
leaf_value=-0.00022266202536437173 -0.00098108768554353953 0.00099337006890806755 -0.00064927869628487772 0.00031592045057801362 8.9734330656642737e-05 -0.00077664493116016563 0.0052392749365590867 -0.0039330392508168622 -0.00070498239268293201 -0.0027691504677050827 0.00022107624138872095 0.00030473630627485195 -0.0019125354891488479 -0.00078240968220656551 0.0016037955530415306 0.0040211412041540971 -0.00021651976547589353 0.00042556818297067315 0.00048985612665204475 0.00077491376917591817 -0.00084930116190156952 0.0001351560456329115 -0.00069272988620966566 4.7767281611354324e-05 0.00014198009534403255 0.00043752239010174201 0.013506892939285482 0.00097576164981787389 -0.0018400931677697949 -0.00018726276308580933
leaf_weight=25116 556 2075 955 1761 735 1335 518 838 520 833 1544 1057 772 727 545 1282 5143 798 2273 2446 5831 32289 2477 171507 946 1148 633 4192 3647 28265
leaf_count=25116 556 2075 955 1761 735 1335 518 838 520 833 1544 1057 772 727 545 1282 5143 798 2273 2446 5831 32289 2477 171507 946 1148 633 4192 3647 28265
internal_value=-4.75602e-05 0.00239659 -0.00188909 0.000330154 0.00737589 -9.77445e-05 -0.000222376 -0.0018324 -0.00690311 -0.000852948 -0.0036641 -0.00296062 -0.00598291 -0.000665927 0.00609302 0.0028332 0.00174552 0.00995475 0.00618513 -0.00271368 -0.0046107 0.000877089 0.000131766 -3.35508e-05 -0.00124958 -0.00180137 0.0106042 -0.000757214 -0.00816857 0.0001837
internal_weight=302764 6082 3272 2716 2810 296682 263058 27604 4459 23145 13131 3621 2564 1792 1065 10014 8698 1316 3555 12298 7375 33624 4923 235454 35682 34103 1579 29308 4795 199772
internal_count=302764 6082 3272 2716 2810 296682 263058 27604 4459 23145 13131 3621 2564 1792 1065 10014 8698 1316 3555 12298 7375 33624 4923 235454 35682 34103 1579 29308 4795 199772
is_linear=0
shrinkage=0.05


Tree=183
num_leaves=31
num_cat=0
split_feature=12 29 23 41 32 60 11 33 33 54 4 75 71 33 68 69 29 45 55 14 60 68 3 54 26 54 19 24 54 53
split_gain=18.6878 26.6455 21.1953 38.7116 31.8838 43.3488 37.2732 37.2032 31.7753 37.9393 39.7474 29.068 33.4798 27.1417 85.0956 52.1317 83.9228 57.7422 57.5186 206.085 74.9966 63.8159 69.5005 54.1043 48.6154 95.3083 45.4603 44.4733 43.8598 41.7614
threshold=0.27518749237060552 -0.53012338280677784 -0.42419910430908198 0.29077659547328955 -0.79578539729118336 0.078675646334886565 1.2826316952705386 1.7984596490859988 0.3686357587575913 6.6027369499206552 -0.54566097259521473 0.74219059944152843 0.15890623629093173 2.3153638839721684 -0.12718494981527326 0.026688889600336555 -0.71147459745407093 18.500000000000004 1.0000000180025095e-35 0.011761995498090984 -0.13918319344520566 0.0093013001605868357 0.35065290331840521 1.8570786118507387 -0.14544829726219174 4.421187400817872 -0.029893517494201657 0.21160287410020831 7.6134459972381601 0.10555555671453477
decision_type=10 8 8 10 10 10 8 8 10 2 10 8 10 8 8 8 8 8 2 8 8 8 8 2 10 2 8 8 2 10
left_child=2 -2 4 13 8 6 -6 -7 9 10 -1 12 -12 -4 -15 16 -16 23 24 20 -20 -21 -23 -18 27 -26 -19 -17 -27 -25
right_child=1 -3 3 -5 5 7 -8 -9 -10 -11 11 -13 -14 14 15 18 17 26 19 21 -22 22 -24 29 25 28 -28 -29 -30 -31
leaf_value=-0.0018643845597644121 -0.0031172334065311144 -0.00036078481066347413 1.3964895888762732e-05 0.0040690616880002103 -0.00017911365779271668 -0.00065833281221314925 -0.0027014069101000664 0.0058425537909183563 0.0036109476477617741 0.0015966087485028866 0.00051250318173170367 -0.00025260962832385491 0.0055992017136974222 -0.0017179658458640512 -0.0033441633645489299 -0.00045365780731626586 0.0017198168430799694 0.0007680172892743901 -0.00018687915293004106 -0.0041869802929513367 0.0022589974588031075 0.00019284373878238477 -0.0042232138903753212 -0.00027295005111069792 -0.0017184537428650175 0.0017594598165625434 -0.0010717586563665866 0.00053883672867265369 0.0027214019692751775 0.0018094538261936169
leaf_weight=659 573 4162 233537 500 2614 543 888 627 500 1377 2900 2849 518 2543 776 3946 1798 768 611 505 680 806 763 18102 571 1300 4645 11337 507 881
leaf_count=659 573 4162 233537 500 2614 543 888 627 500 1377 2900 2849 518 2543 776 3946 1798 768 611 505 680 806 763 18102 571 1300 4645 11337 507 881
internal_value=4.62357e-06 -0.00310854 5.41835e-05 -3.75985e-05 0.0019911 -0.00134558 -0.0041287 0.00694915 0.00376149 0.00301335 0.00149942 0.0027322 0.00583431 -6.23051e-05 -0.00111278 -0.000639503 -0.00209414 -0.00161044 0.00122647 -0.00475556 0.0108762 -0.0144914 -0.00940469 -0.000411236 0.00236829 0.00900335 -0.00620505 0.00133067 0.014612 -0.00119781
internal_weight=302786 4735 298051 284576 13475 4672 3502 1170 8803 8303 6926 6267 3418 284076 50539 47996 26970 26194 21026 3365 1291 2074 1569 20781 17661 2378 5413 15283 1807 18983
internal_count=302786 4735 298051 284576 13475 4672 3502 1170 8803 8303 6926 6267 3418 284076 50539 47996 26970 26194 21026 3365 1291 2074 1569 20781 17661 2378 5413 15283 1807 18983
is_linear=0
shrinkage=0.05


Tree=184
num_leaves=31
num_cat=0
split_feature=30 19 55 16 54 39 58 6 69 69 54 66 40 72 66 42 5 57 54 7 68 46 54 34 54 58 58 19 31 51
split_gain=15.17 75.8243 62.2303 63.3031 72.7752 55.2699 60.4294 53.0827 58.3199 72.3988 72.0458 96.3947 79.4914 73.1106 54.2503 75.4453 52.8359 52.7494 46.6402 41.5794 39.1677 39.1316 36.8611 36.0564 47.6502 84.7377 76.1835 32.9431 31.8084 31.1015
threshold=0.99584484100341808 -0.20780880749225614 1.5000000000000002 -0.072480268776416765 3.0128351449966435 0.014257851522415878 0.190803237259388 -0.0096763614565134031 0.030239291489124302 0.015650454442948106 4.3375520706176767 -0.048871429637074464 0.056050304323434837 0.54388952255249035 -0.24460959434509275 0.20344997942447665 0.081479076296091094 0.42235411703586584 6.6027369499206552 0.22379630804061892 -0.020372469909489151 5.5000000000000009 2.7571578025817876 0.83002692461013805 4.6731090545654306 0.67101171612739574 0.44718310236930853 0.03118825983256102 0.2507437020540238 3.5000000000000004
decision_type=10 8 2 8 2 10 2 10 10 10 2 10 10 10 10 10 10 2 2 10 10 10 2 10 2 2 2 10 10 10
left_child=23 18 3 4 -3 -6 -7 14 9 10 11 12 27 -12 15 -5 -4 -15 28 -20 29 -17 -14 -1 25 -25 -26 -9 -2 -10
right_child=1 2 16 7 5 6 -8 8 20 -11 13 -13 22 17 -16 21 -18 -19 19 -21 -22 -23 -24 24 26 -27 -28 -29 -30 -31
leaf_value=-8.8617834082389137e-06 -0.0014666527830816342 -0.00085660778993232062 -7.7022223313091836e-05 -0.0015532018782898433 -0.00024542775523681519 -0.00026592026415034992 0.0012862306087824558 0.00069380406372805551 0.0033790165581809115 -0.00037980297870851798 0.0022137863688413469 0.012784956886977046 -0.0014891871330925041 -0.0012601428974197762 1.8529538096933793e-05 0.0024554054800802259 -0.0026976749808331063 0.00026556781943496078 -0.00018055845520210563 -0.0015966040404898673 0.00060129463113722944 -0.001445221613132424 0.0014689017413308495 -0.001614764389047118 0.0014411996907939184 0.0011345816248633934 -0.00041774468179589589 0.003480062095116308 0.00063932670500502968 0.0010963627476995327
leaf_weight=244783 541 1160 787 2298 504 691 3364 744 1214 10675 840 1180 1169 2169 8822 714 543 3925 704 663 3369 568 1211 2473 914 1122 2875 1038 1014 1168
leaf_count=244783 541 1160 787 2298 504 691 3364 744 1214 10675 840 1180 1169 2169 8822 714 543 3925 704 663 3369 568 1211 2473 914 1122 2875 1038 1014 1168
internal_value=-3.89115e-05 0.000746795 0.00122189 0.00152563 0.00644964 0.00929087 0.01123 0.00083913 0.00202006 0.000890641 0.00350806 0.00786622 0.00426654 0.000144009 -0.00189333 -0.00707521 -0.00940299 -0.00176933 -0.00706003 -0.0137618 0.00651797 0.00263158 -0.00171548 -0.000198075 -0.00363808 -0.00775312 0.000276389 0.012221 -0.00111821 0.011413
internal_weight=303242 51075 48153 46823 5719 4559 4055 41104 28702 22951 12276 5342 4162 6934 12402 3580 1330 6094 2922 1367 5751 1282 2380 252167 7384 3595 3789 1782 1555 2382
internal_count=303242 51075 48153 46823 5719 4559 4055 41104 28702 22951 12276 5342 4162 6934 12402 3580 1330 6094 2922 1367 5751 1282 2380 252167 7384 3595 3789 1782 1555 2382
is_linear=0
shrinkage=0.05


Tree=185
num_leaves=31
num_cat=0
split_feature=54 66 59 42 65 60 65 54 55 63 68 60 67 41 74 59 27 16 38 33 54 63 54 41 46 74 41 66 54 36
split_gain=19.0698 61.162 24.1367 16.3889 76.1378 64.9558 75.1393 57.8082 49.843 47.1267 86.0578 63.2501 69.2717 44.6295 42.466 39.8099 43.4114 42.3301 38.1927 36.215 36.1666 54.0773 34.8488 34.2966 64.2563 29.6098 42.4065 31.8232 29.347 28.2074
threshold=0.4855030775070191 -0.19209959357976911 -0.020273518748581406 0.022726645693182949 -0.22968477010726926 -0.13792857527732846 -0.20884421467781064 7.0335946083068857 1.5000000000000002 -0.14151248335838315 -0.16086433082818982 -0.17026768624782559 0.016731038689613346 0.015793753787875179 0.63226431608200084 -0.050281651318073266 0.023915681988000873 -0.014784080442041157 0.10882798954844476 0.12500426173210147 3.3943405151367192 0.03906297683715821 7.401994228363038 0.010591176804155113 11.500000000000002 0.64008060097694408 0.021783675067126754 -0.25029592961072916 7.6614093780517587 13.158731460571291
decision_type=2 8 10 8 10 10 10 2 2 10 10 10 10 8 8 10 10 8 10 10 2 10 2 10 10 10 10 10 2 2
left_child=1 2 -1 4 9 -6 18 8 15 10 -2 14 -13 19 -11 16 -8 25 -7 -14 21 -19 -9 24 -24 26 -17 -28 -15 -16
right_child=3 -3 -4 -5 5 6 7 22 -10 11 -12 12 13 28 29 17 -18 20 -20 -21 -22 -23 23 -25 -26 -27 27 -29 -30 -31
leaf_value=-0.001283804628628319 -0.00096512845307255711 0.014488180875136212 0.0012856386031071068 -1.8735744089905251e-05 0.0010035423295914247 0.00071215266490359537 -0.00076138942432090308 -0.00043733988861794986 -0.00044248294529915938 -5.7453837517954748e-05 0.0014520075397030892 0.00067091411164501072 -0.00063559240680757182 -0.00012006621486295661 -0.0017313197547766002 -2.4346696098207681e-05 0.00018596665733248689 -0.0001841488139492907 0.00023894354973704943 0.00013931894495459418 -0.00013231498449050661 0.0037726669641971926 0.00044913184355820752 -0.0001439648101274037 -0.00040066440155816266 0.00062895519923916808 -4.5857366720367809e-05 0.0018030161845916982 0.00034398510627188777 -0.00066965561124849443
leaf_weight=569 759 511 505 262739 1059 1021 639 1367 835 1116 1037 1093 1565 3249 517 2435 740 668 907 513 3830 571 1018 4321 544 3027 665 1995 837 2181
leaf_count=569 759 511 505 262739 1059 1021 639 1367 835 1116 1037 1093 1565 3249 517 2435 740 668 907 513 3830 571 1018 4321 544 3027 665 1995 837 2181
internal_value=-2.95533e-05 0.0054232 -0.00138376 -5.84217e-05 0.000904748 0.00247934 0.00195381 0.00114494 0.00287707 -0.00223266 0.00526024 -0.00345185 -0.000708683 -0.00276968 -0.00865586 0.00355967 -0.00449964 0.00440497 0.0114035 -0.00871648 0.00081709 0.00820657 -0.00253444 -0.000856949 0.00547074 0.00664043 0.00429971 0.00865169 0.000268555 -0.0120384
internal_weight=302833 1585 1074 301248 38509 25642 24583 22655 15405 12867 1796 11071 7257 6164 3814 14570 1379 13191 1928 2078 5069 1239 7250 5883 1562 8122 5095 2660 4086 2698
internal_count=302833 1585 1074 301248 38509 25642 24583 22655 15405 12867 1796 11071 7257 6164 3814 14570 1379 13191 1928 2078 5069 1239 7250 5883 1562 8122 5095 2660 4086 2698
is_linear=0
shrinkage=0.05


Tree=186
num_leaves=31
num_cat=0
split_feature=12 61 20 20 58 63 55 30 55 71 54 58 35 67 60 16 38 58 40 63 41 55 26 33 60 63 67 37 65 65
split_gain=16.7901 54.089 44.3909 30.8551 39.753 36.7413 33.155 29.0347 95.7182 56.645 60.4578 82.9182 57.5701 53.7976 52.6737 51.2086 44.8272 44.6884 42.9464 42.2279 40.5747 40.0361 237.087 205.263 108.653 135.001 102.958 94.8848 74.9965 67.4445
threshold=-0.057205077260732644 -0.10722753405570982 -0.070885516703128801 -0.15540456771850583 0.74451306462287914 -0.074615269899368272 1.0000000180025095e-35 0.55868032574653637 1.5000000000000002 0.035984277725219734 6.9221806526184091 0.69366195797920238 73.193996429443374 0.29185922443866735 -0.30476647615432734 -0.097977820783853517 0.089917395263910307 0.48117548227310186 0.082626786082983031 0.10257744789123537 0.1379971578717232 1.5000000000000002 -0.41309024393558497 0.95351678133010875 -0.0515186209231615 -0.053858816623687737 0.2197222709655762 -0.09000764042139052 -0.22209519147872922 0.16209059953689578
decision_type=8 8 10 10 2 10 2 10 2 8 2 2 2 10 8 10 10 2 10 10 10 2 10 8 10 10 10 10 10 10
left_child=-1 2 -2 4 5 6 -3 14 9 16 15 12 19 -10 -5 -11 -9 -14 -18 -12 -20 -16 -23 24 25 -24 28 -27 -26 -28
right_child=1 3 -4 7 -6 -7 -8 8 13 10 11 -13 17 -15 21 -17 18 -19 20 -21 -22 22 23 -25 26 27 29 -29 -30 -31
leaf_value=0.00010427259835817798 -0.00037192287945065142 0.00022413946798313883 -0.0021195653525632511 -0.00090667106934152932 0.00066262105201544508 -0.00061220068978098778 -0.0016160083463514271 -0.00027666895189183948 -0.0013568847462452696 0.00083235664118522516 -0.00086703396326537417 -0.0033821835638715744 0.0026425544014706532 0.00034278600280829991 -3.2665265362273035e-05 8.783330261068797e-05 0.00062600090597518141 -8.5967529400814472e-05 -0.00055396933171413703 0.00061149351120288477 0.00069614769743052841 -0.0045614192790116234 4.8420763802902762e-05 0.0030334182151905429 0.00021370224383966165 0.0014397491151426471 0.0006320394720183448 0.00021903678147207033 -0.0010974903616357207 -0.00023653194095700093
leaf_weight=48803 878 7254 646 1352 2848 12656 840 894 1521 3502 3543 685 820 635 153671 30678 13572 1592 2047 636 1945 648 3136 968 554 1107 1584 866 1860 1311
leaf_count=48803 878 7254 646 1352 2848 12656 840 894 1521 3502 3543 685 820 635 153671 30678 13572 1592 2047 636 1945 648 3136 968 554 1107 1584 866 1860 1311
internal_value=5.93938e-06 -0.000157123 -0.0095176 -0.000100303 -0.00182142 -0.00258189 4.93583e-05 7.70282e-05 0.00100032 0.00137341 0.000347272 -0.00378809 -0.00205272 -0.00932595 -0.000266061 0.00122843 0.00367663 0.00408753 0.00423353 -0.00559799 -0.000324838 -0.00018556 0.0025905 0.00427343 0.00221519 0.00741356 -0.00279188 0.0176248 -0.010396 0.00356282
internal_weight=303052 254249 1524 252725 23598 20750 8094 229127 62070 59914 41456 7276 6591 2156 167057 34180 18458 2412 17564 4179 3992 165705 12034 11386 10418 5109 5309 1973 2414 2895
internal_count=303052 254249 1524 252725 23598 20750 8094 229127 62070 59914 41456 7276 6591 2156 167057 34180 18458 2412 17564 4179 3992 165705 12034 11386 10418 5109 5309 1973 2414 2895
is_linear=0
shrinkage=0.05


Tree=187
num_leaves=31
num_cat=0
split_feature=69 6 54 51 58 74 8 42 68 70 66 70 54 42 19 16 66 69 69 19 54 26 66 19 75 69 19 15 14 64
split_gain=17.6667 50.0999 37.8492 28.2003 34.4483 25.6561 26.8488 21.8452 91.9827 61.2784 49.2311 45.8475 46.6286 42.4624 53.6191 42.6019 39.9523 58.3672 103.623 71.6277 71.174 59.6419 61.8496 124.757 97.7057 98.8391 79.2174 54.1352 53.8442 53.7231
threshold=0.078360117971897139 -0.01596612203866243 3.6890044212341313 3.5000000000000004 0.10563380271196367 0.26843050122261053 -0.34913882613182062 0.061344826593995101 -0.16086433082818982 0.044040575623512275 -0.42309607565402979 -0.12799166887998578 6.4095745086669931 0.096608843654394164 -0.13780553638935086 -0.16380208730697629 -0.16169383376836774 0.021362843923270706 0.024035197682678703 0.22450178861618045 2.9452280998229985 -0.51892414689064015 -0.34530882537364954 -0.20523875951766965 0.59709545969963085 0.012069122400134804 -0.22529061138629911 0.4965049028396607 -0.12506893277168271 -0.18505945801734922
decision_type=10 10 2 10 2 10 10 10 8 10 8 8 2 10 10 10 10 10 10 10 2 8 8 8 10 10 10 10 10 10
left_child=7 2 3 -2 -5 -4 -7 8 9 -1 13 12 -10 15 -15 -9 17 19 20 21 -19 -12 24 -24 -23 -26 -27 -21 -22 -28
right_child=1 -3 5 4 -6 6 -8 10 11 -11 16 -13 -14 14 -16 -17 -18 18 -20 27 28 22 23 -25 25 26 29 -29 -30 -31
leaf_value=8.4119898323186534e-05 0.0018540383082119292 0.0033593242197894921 -0.0019604108980456141 0.0025015489821803428 -0.00058266171764831561 0.0010676163864918309 -0.00022804166665159697 -0.00046014366811794312 0.00099005185768050912 -0.0015721537973083445 0.00099164605093473722 2.6762198618610805e-05 -7.6668138247659731e-05 0.0026286084344252845 0.00017841785767373498 0.0017416867569640796 7.5446162695660962e-05 -0.00082403891169134625 -8.0018634832708217e-05 -0.0014755824643329564 0.0039787721417930385 -0.00066137343850466654 -0.001220507776444103 -0.00026766184623328401 -0.00099299334984265394 0.0029876471951309517 0.0017055712033067884 0.00017763118715311278 0.0011602650433584377 3.2360441928537544e-06
leaf_weight=1031 846 572 560 505 854 503 2047 2653 3698 1641 2297 160363 1858 2242 2445 530 39817 727 32205 3922 827 2225 4322 20991 1416 1777 1349 1099 1491 5965
leaf_count=1031 846 572 560 505 854 503 2047 2653 3698 1641 2297 160363 1858 2242 2445 530 39817 727 32205 3922 827 2225 4322 20991 1416 1777 1349 1099 1491 5965
internal_value=2.8733e-05 0.00273868 0.00121127 0.00620767 0.00171658 -0.00233974 -0.000195313 -2.50925e-05 0.000349049 -0.00883669 -0.000516717 0.000497502 0.00495868 0.00331218 0.00633383 -0.00114313 -0.000767187 -0.00140717 0.000119115 -0.00259295 0.0089198 -0.00189086 -0.00236368 -0.00379299 0.000478732 0.00249596 0.0044116 -0.00821904 0.0131873 0.00210268
internal_weight=302778 5887 5315 2205 1359 3110 2550 296891 168591 2672 128300 165919 5556 7870 4687 3183 120430 80613 35250 45363 3045 40342 38045 25313 12732 10507 9091 5021 2318 7314
internal_count=302778 5887 5315 2205 1359 3110 2550 296891 168591 2672 128300 165919 5556 7870 4687 3183 120430 80613 35250 45363 3045 40342 38045 25313 12732 10507 9091 5021 2318 7314
is_linear=0
shrinkage=0.05


Tree=188
num_leaves=31
num_cat=0
split_feature=49 68 63 54 69 69 54 63 33 53 55 55 63 7 54 32 6 69 60 45 32 8 55 74 54 69 69 71 12 2
split_gain=19.5425 69.3358 55.9628 47.2152 99.4457 95.8229 79.1334 74.8274 57.5025 50.7617 45.5861 43.7151 43.6854 56.8568 44.6273 73.9492 58.3567 60.7032 43.3286 40.9011 39.9522 39.6318 38.8885 63.1224 47.1211 37.6205 50.1789 38.1582 36.6583 35.8643
threshold=0.0026387056568637495 -0.0028993753949180241 -0.17860686779022214 5.106853961944581 0.015202419832348825 0.01628866791725159 7.9848816394805917 0.080741226673126235 0.17978125810623172 0.087121214717626586 1.0000000180025095e-35 1.0000000180025095e-35 -0.17860686779022214 -0.273327887058258 2.2380464076995854 -0.22763992846012113 0.04908700846135617 0.013897051569074394 0.14385448396205905 6.5000000000000009 -0.14030515402555463 -0.45773516595363611 1.0000000180025095e-35 0.71067816019058239 7.5382263660430917 0.030709324404597286 0.022258413955569271 0.025838844478130344 0.0025211167521774773 -0.0063443183898925773
decision_type=2 8 8 2 10 10 2 8 8 10 2 2 10 10 2 10 10 10 10 10 8 8 2 10 2 10 10 10 10 8
left_child=1 12 19 4 -3 6 11 25 10 -9 -7 18 13 -1 15 16 17 -14 -5 -2 -13 -19 24 -24 -21 26 -6 -27 -15 -8
right_child=2 3 -4 5 7 8 29 9 -10 -11 -12 20 14 28 -16 -17 -18 21 -20 22 -22 -23 23 -25 -26 27 -28 -29 -30 -31
leaf_value=4.727352986664546e-05 0.0047748696204422472 0.0011609373057062053 -6.4872474721214444e-05 0.00032090264919797665 -0.00031411139279626128 0.00028086983953265693 -0.00029308933433131595 0.00021557663298972242 0.00012165815727328139 0.0024447840668924406 0.00058872877210517163 -0.00014969105017251325 -0.00062166648803544289 -0.0018078940958665087 2.1934829952975242e-05 -0.0015785001476839187 -0.0012274544170428143 -0.0018223201474990458 -0.0016376015655932951 0.00037573107917097975 -0.0026046290643183443 0.00049807130555917301 0.0025765189040479518 -0.00026814648484685193 -0.001520040800984733 -0.00036896896226730702 -0.001621098864587068 0.001949676027049381 0.00018607545684239948 -0.0011737013586862891
leaf_weight=3212 706 17318 146677 6555 3926 1760 1153 5863 8022 961 1215 1720 3927 2728 72076 1138 2334 502 667 6104 552 5729 1074 595 537 944 1535 614 719 1853
leaf_count=3212 706 17318 146677 6555 3926 1760 1153 5863 8022 961 1215 1720 3927 2728 72076 1138 2334 502 667 6104 552 5729 1074 595 537 944 1535 614 719 1853
internal_value=-9.61265e-05 0.000317276 -0.000486503 0.00172862 0.0030044 3.61594e-05 -0.00295763 -0.000155201 0.00343872 0.00357038 0.00936348 -0.000715488 -0.000517997 -0.00441595 -0.000214662 -0.00283724 -0.00171972 -7.86782e-05 0.00118916 0.00333481 -0.00674847 0.0029883 0.00234375 0.00914235 0.000623966 -0.00377721 -0.00573021 0.00306122 -0.00886607 -0.0100133
internal_weight=302716 147023 155693 54658 31161 23497 12500 13843 10997 6824 2975 9494 92365 6659 85706 13630 12492 10158 7222 9016 2272 6231 8310 1669 6641 7019 5461 1558 3447 3006
internal_count=302716 147023 155693 54658 31161 23497 12500 13843 10997 6824 2975 9494 92365 6659 85706 13630 12492 10158 7222 9016 2272 6231 8310 1669 6641 7019 5461 1558 3447 3006
is_linear=0
shrinkage=0.05


Tree=189
num_leaves=31
num_cat=0
split_feature=41 71 0 65 49 60 41 42 66 69 9 42 39 45 33 64 36 3 6 30 55 18 60 63 69 55 17 33 66 63
split_gain=18.8721 25.7939 18.909 44.8572 40.1217 39.3653 37.0074 43.7321 30.9985 36.0509 36.8434 33.8404 28.5123 27.1282 30.0048 25.6771 24.9653 22.3857 35.7713 22.2648 58.584 53.1372 52.3703 48.4206 49.1011 40.7628 189.254 200.638 145.764 101.48
threshold=0.0061027198098599919 -0.0097580282017588598 -0.038556475192308419 -0.26033931970596308 0.00013610385940410199 -0.21442994475364682 0.071985151618719115 0.099355366080999388 -0.21267203241586682 0.018356234766542915 -0.40713253617286677 0.051476178690791137 0.27327534556388861 7.5000000000000009 3.3487993478775029 -0.19646158814430234 21.062984466552738 0.13924182951450351 0.16775195300579074 0.62501102685928356 1.5000000000000002 0.1449847221374512 -0.29520720243453974 0.03300911188125611 0.014544796198606493 1.5000000000000002 -0.15616878122091291 1.0435770153999331 -0.12563372775912282 -0.063690245151519762
decision_type=8 8 8 8 2 10 10 10 10 8 10 10 10 8 10 10 2 10 10 10 2 10 8 10 10 2 10 8 10 10
left_child=1 -1 3 4 5 -2 7 -6 11 10 -10 -5 16 14 -11 -7 -13 18 -12 22 21 -21 -4 24 -22 -24 -27 28 29 -28
right_child=2 -3 19 8 6 15 -8 -9 9 13 17 12 -14 -15 -16 -17 -18 -19 -20 20 23 -23 25 -25 -26 26 27 -29 -30 -31
leaf_value=0.00070389386222640413 -0.0012182807845709477 -6.3915519643609027e-05 -0.00071831828833954269 0.00036900021189934217 0.0008108132938520066 0.0022233697174500007 0.00023889390270306652 0.0052966657092907606 -0.0011605549576957108 -0.00052468416690047736 0.00059540523278845444 -0.0014498740957749879 0.0014029214356432447 0.00023099944586601882 0.0017384198659193479 0.00015171395455985099 -0.00026524421142230841 -0.00016877146625797037 0.0033059906780135619 0.00023342461867456897 -0.0007978425623735041 -0.00015661237652302176 -5.297070380854774e-05 -0.001314119263906886 0.00066945975524358877 -0.0029217499325266284 -6.4032301904940934e-07 0.0031727540413156747 -0.00052836700017491571 0.00062380535330394638
leaf_weight=500 1566 584 3119 3800 2074 649 2028 698 517 5123 4821 1482 1088 5184 828 2156 14875 1166 1325 35764 599 25761 173625 886 738 934 3682 876 3008 3852
leaf_count=500 1566 584 3119 3800 2074 649 2028 698 517 5123 4821 1482 1088 5184 828 2156 14875 1166 1325 35764 599 25761 173625 886 738 934 3682 876 3008 3852
internal_value=-6.5278e-05 0.00648995 -8.90039e-05 0.000805831 0.00395926 0.000490756 0.00711019 0.0108555 8.57804e-05 0.00155476 0.00415232 -0.00122559 -0.00215698 -0.000273665 -0.00257507 0.00403197 -0.00267917 0.00506692 0.00627031 -0.000263789 0.000544245 0.000832859 -0.000536207 -0.00741155 -0.00137342 -0.000428256 0.0023459 0.00412146 0.00219864 0.00591198
internal_weight=303308 1084 302224 49380 9171 4371 4800 2772 40209 18964 7829 21245 17445 11135 5951 2805 16357 7312 6146 252844 63748 61525 189096 2223 1337 185977 12352 11418 10542 7534
internal_count=303308 1084 302224 49380 9171 4371 4800 2772 40209 18964 7829 21245 17445 11135 5951 2805 16357 7312 6146 252844 63748 61525 189096 2223 1337 185977 12352 11418 10542 7534
is_linear=0
shrinkage=0.05


Tree=190
num_leaves=31
num_cat=0
split_feature=52 19 66 19 64 69 7 69 70 69 54 54 49 28 60 54 75 64 69 66 38 60 49 60 25 33 40 70 69 32
split_gain=22.605 30.487 46.0438 56.9587 45.1949 45.6992 61.5672 42.0396 58.1375 38.3798 27.0885 26.1762 25.176 24.7796 56.0553 48.0572 70.0797 67.1815 95.4949 50.4211 42.5792 42.9753 41.8463 43.5944 41.0675 51.087 36.5459 34.9192 33.9514 48.2093
threshold=9.5000000000000018 -0.19218937307596204 -0.3719168752431869 -0.064300887286663042 -0.11973473429679869 0.025682572275400165 -0.080119010061025606 0.013727867510169746 -0.004533014725893735 0.014052977785468103 2.1966687440872197 1.8570786118507387 0.0011904939310625198 0.27291889488697058 -0.14799346029758451 4.3375520706176767 0.47627076506614691 -0.1974227428436279 0.013897051569074394 -0.35254344344139094 0.20155791938304904 -0.18996608257293698 0.011959040537476541 0.042640088126063354 0.27001698315143591 2.518958687782288 0.053983515128493316 0.057950085029006011 0.020478217862546447 -0.34533442556858057
decision_type=8 8 8 10 10 10 10 10 10 10 2 2 2 8 10 2 8 10 10 10 8 10 2 8 10 8 10 10 10 8
left_child=13 4 3 11 7 6 9 -2 -9 -6 -8 -3 -5 14 15 -1 19 18 -18 27 21 -21 -15 28 -16 -26 -20 -17 -24 -30
right_child=1 2 -4 12 5 -7 10 8 -10 -11 -12 -13 -14 22 24 16 17 -19 26 20 -22 -23 23 -25 25 -27 -28 -29 29 -31
leaf_value=-0.00022731426120378221 -0.00081844289130760916 0.0011738878670451967 6.1914496842335574e-05 -0.0019626282973048601 0.00048441821249570839 -0.00073951943161932536 -0.00077881907383387644 0.00089157940241387217 -0.00042830974455602272 0.0018620188621384878 0.00030985254663143565 -0.00017898799535322925 -0.00037740989520056861 6.0339549984465664e-05 -0.00031787651066752121 -0.00018708544299095412 0.0031240632973723926 0.00023285863403605989 -0.00055304450591838036 0.001755909154881298 -0.0001790005345916547 0.00014755240476362966 -0.00011949172200815609 -0.00033507200574506215 5.5978868763696329e-05 -0.0013716289833576346 0.0019950381207732744 -0.0012678511271031817 -0.0001346074085358709 0.00053575197845466104
leaf_weight=9433 1709 607 68504 1249 1331 760 704 2706 2114 2884 1789 4093 1039 99077 24188 1704 698 2752 529 509 1741 999 18035 25177 13281 1096 1425 628 5047 7212
leaf_count=9433 1709 607 68504 1249 1331 760 704 2706 2114 2884 1789 4093 1039 99077 24188 1704 698 2752 529 509 1741 999 18035 25177 13281 1096 1425 628 5047 7212
internal_value=-7.26001e-06 0.000659784 0.000262245 -0.00360103 0.00280217 0.005456 0.00677285 -0.000237039 0.00215321 0.0104497 0.000539353 -0.00044586 -0.0100522 -0.00028683 -0.00115861 0.000959467 0.003206 0.00725896 0.0129226 -0.000724378 0.00329856 0.00942029 4.59374e-05 -0.00105351 -0.00227997 -0.000163342 0.00717923 -0.00631939 0.000224393 0.00225365
internal_weight=303020 89489 75492 6988 13997 7468 6708 6529 4820 4215 2493 4700 2288 213531 58983 20418 10985 5404 2652 5581 3249 1508 154548 55471 38565 14377 1954 2332 30294 12259
internal_count=303020 89489 75492 6988 13997 7468 6708 6529 4820 4215 2493 4700 2288 213531 58983 20418 10985 5404 2652 5581 3249 1508 154548 55471 38565 14377 1954 2332 30294 12259
is_linear=0
shrinkage=0.05


Tree=191
num_leaves=31
num_cat=0
split_feature=33 69 32 11 60 17 74 4 66 69 69 74 69 69 64 65 63 73 64 45 60 71 74 15 69 74 67 11 49 31
split_gain=21.79 61.8408 56.0508 48.6776 100.442 83.8478 59.9545 55.3285 50.5727 75.9526 60.6589 48.4016 70.8863 50.5193 46.8288 56.3719 54.1257 59.8782 53.3131 60.8694 56.9645 45.5261 60.0733 59.5286 43.3918 78.4546 52.967 51.5634 45.0788 56.9093
threshold=0.14648237079381946 0.0074047872330993423 -0.30377572774887079 -0.18706330657005307 -0.041994763538241379 -0.092035830020904527 0.86649835109710704 0.12999842315912249 -0.33538800477981562 0.011693994514644148 0.0098226633854210394 0.31222489476203924 0.011693994514644148 0.012069122400134804 -0.11479783058166503 0.14533734321594241 -0.086802512407302843 0.60508894920349132 0.23856878280639651 23.500000000000004 0.31487071514129644 -0.22943854331970212 0.71481749415397655 -0.044899763539433472 0.015152627602219583 0.63632631301879894 0.074904575943946852 -0.33405500650405878 1.0000000180025095e-35 0.21392945945262912
decision_type=10 8 8 10 10 8 10 10 10 10 10 8 8 8 10 10 10 10 10 10 10 10 10 10 8 8 8 8 2 10
left_child=1 2 -1 4 6 -6 11 -8 9 -5 -10 12 -3 -13 16 21 17 -12 19 -17 -20 -16 -23 -24 25 -15 -26 -28 -29 -30
right_child=-2 3 -4 8 5 -7 7 -9 10 -11 14 13 -14 24 15 18 -18 -19 20 -21 -22 22 23 -25 26 -27 27 28 29 -31
leaf_value=0.00032092651738872547 3.2368497157853235e-05 -0.0012186950836021915 -0.0016031118032590087 0.00070058504655248809 0.00018915261095900604 -0.00061514373172520036 -0.00070728081372491711 0.00084061709392861607 -0.00089771875172448001 -0.00024109468304660611 -0.00011085560540815489 0.00046880749700047887 -0.00013694559981683175 9.3254320253939103e-05 0.0013940340289291205 -0.00058513448765607997 -0.00028526195838989932 0.00080380876911361929 0.0011263048934707781 0.00020196134576570799 6.3131589750866146e-05 0.00016798345928889134 0.00085341409047875712 0.00023936542973906352 0.00047895340463274957 -0.00064578948820105989 -0.00068081059438499653 0.00039477692024071089 -0.00028811915316325799 0.00063815207922624309
leaf_weight=720 188195 1680 1249 743 3325 8428 2717 591 921 6643 1570 3372 17055 4004 557 1570 2378 1292 527 1956 835 3750 1188 1615 7992 2463 1600 12425 18127 3555
leaf_count=720 188195 1680 1249 743 3325 8428 2717 591 921 6643 1570 3372 17055 4004 557 1570 2378 1292 527 1956 835 3750 1188 1615 7992 2463 1600 12425 18127 3555
internal_value=-1.79837e-05 -0.000560692 -0.00932289 -0.000407037 -0.000968584 -0.00526651 -0.000299639 -0.00687161 0.00151242 -0.00197404 0.00293082 2.07518e-06 -0.00218458 0.000767536 0.00360042 0.00532145 -0.000342857 0.00428273 0.00118416 -0.00206448 0.0095481 0.00816011 0.0069709 0.0124956 0.000368702 -0.00345067 0.00093459 0.000110592 0.0005232 -0.000852849
internal_weight=303043 114848 1969 112879 87334 11753 75581 3308 25545 7386 18159 72273 18735 53538 17238 11998 5240 2862 4888 3526 1362 7110 6553 2803 50166 6467 43699 35707 34107 21682
internal_count=303043 114848 1969 112879 87334 11753 75581 3308 25545 7386 18159 72273 18735 53538 17238 11998 5240 2862 4888 3526 1362 7110 6553 2803 50166 6467 43699 35707 34107 21682
is_linear=0
shrinkage=0.05


Tree=192
num_leaves=31
num_cat=0
split_feature=42 58 65 54 69 54 66 66 64 54 66 64 8 58 22 64 54 53 37 41 69 7 11 11 66 59 42 54 65 19
split_gain=15.9285 83.2659 50.1943 34.8022 32.3409 32.2669 27.1853 44.7513 38.2359 25.8266 104.399 97.3486 41.7151 88.9949 25.7305 23.2018 100.862 116.756 109.975 148.352 94.3043 112.35 81.1912 83.2629 72.4741 61.2436 66.3911 61.0202 58.7435 58.6659
threshold=0.012258817907422783 0.05359937250614167 -0.27140665054321284 10.452331066131594 0.01318702567368746 7.8614382743835458 -0.19687496870756147 -0.33412660658359522 0.0019999742507934575 9.9661102294921893 -0.33181758224964136 0.056080758571624763 -0.15870547294616696 0.31181533634662634 0.14717727899551394 -0.18132436275482175 4.6731090545654306 0.074175827205181136 -0.67816489934921254 0.021783675067126754 0.013627196196466686 -0.12499316409230231 0.79038625955581676 -0.24677871167659757 -0.23785667121410367 -0.089714664965867982 0.093989316374063506 7.8614382743835458 -0.30392172932624811 -0.10583219677209853
decision_type=8 2 8 2 10 2 8 10 10 2 8 10 10 2 8 10 2 8 8 8 10 10 8 10 8 10 10 2 10 8
left_child=1 -1 -3 4 5 -4 7 14 -8 15 -11 12 13 -12 -6 16 17 22 20 28 21 -18 23 -2 -24 26 29 -27 -20 -21
right_child=9 2 3 -5 6 -7 8 -9 -10 10 11 -13 -14 -15 -16 -17 18 -19 19 25 -22 -23 24 -25 -26 27 -28 -29 -30 -31
leaf_value=-0.0014765469787888399 -0.00054215811198779084 -0.00074440379107788661 0.00089169180433486023 0.00050530637145398125 -0.00068391325844869742 -0.00016870530210330202 -0.00083613065290168848 0.0007046866978908631 5.4349200193188569e-05 0.00066671353284514028 -0.0015458835542301883 0.00042486651671399742 -0.0010073967967718209 0.00060953381598379149 0.00019249394734740914 -2.7433943748348194e-05 0.002640372719678161 0.0017659836753992923 -0.0017931210089225094 -0.0015872319310290214 0.0004827710523677184 2.256393671210451e-05 -0.0023254207284072832 0.00043638849752332788 -0.00046813378437680149 0.00029305713820513315 0.0017245467489858239 0.0013128631360018732 -0.00028391250214096774 -0.00042687256738649615
leaf_weight=705 5421 596 2637 743 950 667 573 1853 1081 541 509 696 1154 503 734 225751 1290 4483 778 750 6357 700 3480 7753 9843 12595 1342 2987 1182 4293
leaf_count=705 5421 596 2637 743 950 667 573 1853 1081 541 509 696 1154 503 734 225751 1290 4483 778 750 6357 700 3480 7753 9843 12595 1342 2987 1182 4293
internal_value=-4.60461e-05 0.00186274 0.0030577 0.00396843 0.00305115 0.00691008 0.000586426 0.00305892 -0.0046875 -0.000114904 -0.00443891 -0.00825209 -0.0134651 -0.00596869 -0.00283353 -6.38375e-05 0.000782436 -0.00125524 0.0027382 0.00101308 0.0076762 0.01715 -0.0025182 0.000265473 -0.00526888 0.00219093 -0.0019312 0.00388019 -0.012132 -0.00456165
internal_weight=302947 10539 9834 9238 8495 3304 5191 3537 1654 292408 3403 2862 2166 1012 1684 289005 63254 30980 32274 23927 8347 1990 26497 13174 13323 21967 6385 15582 1960 5043
internal_count=302947 10539 9834 9238 8495 3304 5191 3537 1654 292408 3403 2862 2166 1012 1684 289005 63254 30980 32274 23927 8347 1990 26497 13174 13323 21967 6385 15582 1960 5043
is_linear=0
shrinkage=0.05


Tree=193
num_leaves=31
num_cat=0
split_feature=0 49 63 61 73 57 54 65 23 65 19 75 24 35 73 69 57 35 63 64 23 56 34 58 22 58 69 54 11 19
split_gain=18.742 24.2318 25.8151 24.3714 36.2521 37.9834 29.7459 29.9962 28.524 25.633 23.8584 22.7653 22.5865 22.2543 27.0981 21.5042 24.6497 25.8173 21.1023 24.2732 20.7935 20.2366 19.8847 20.1413 18.2405 18.2403 18.523 25.5623 18.1061 22.3923
threshold=0.014890786260366442 0.00037943465576972818 0.075032114982604994 -0.015218913555145262 0.240274153649807 0.33885440230369573 4.3375520706176767 -0.24834728240966794 -0.15226212143898007 -0.23915767669677732 -0.083365611732006059 0.98013943433761608 0.093492962419986739 75.570110321044936 0.75869265198707592 0.078360117971897139 0.81568995118141185 71.371185302734389 0.019729614257812503 0.015553355216979982 -0.28100508451461786 3.5000000000000004 0.31760039925575262 0.54503750801086437 0.99338063597679149 0.22652582079172137 0.015650454442948106 7.7151236534118661 -0.066464815288782106 -0.10449650138616561
decision_type=10 2 8 8 8 2 2 8 10 8 8 8 10 2 10 10 2 2 10 10 10 2 10 2 8 2 10 2 10 10
left_child=15 2 11 4 5 21 7 -6 22 12 18 25 -10 14 -8 24 -17 20 -11 -20 -18 -3 -5 -24 -1 -2 27 -27 -14 -30
right_child=1 3 -4 8 6 -7 13 -9 9 10 -12 -13 28 -15 -16 16 17 -19 19 -21 -22 -23 23 -25 -26 26 -28 -29 29 -31
leaf_value=-5.2985084762410817e-08 0.00014836279927711487 -0.0014815784208944928 0.00045167487597545515 -0.00045471271345813515 0.00078528941415631145 0.00056372505250993146 0.00021454647607390678 -0.00061236669677068524 -0.0002778061724857656 -0.00020673860798769793 -0.00012962438474499913 -0.0021430622734316925 0.00055616280209246636 -0.00051196384870235703 0.0011523955100072713 0.0025426421559810752 0.0003686939849467997 0.0010763219391121111 -0.0013434892487502023 -0.00047363396960119273 -0.00061181082781165132 -0.00043861083290457585 -0.0013748389533235735 -0.00042019054569783536 0.00038013123909042494 0.00025080909287393885 -0.00027370294899818046 -0.00062626118520714934 -0.0010306685761396449 0.00068492561190616578
leaf_weight=221564 7175 881 7266 5534 815 565 3578 2942 627 2779 14479 574 2071 765 2101 611 1134 873 760 1362 614 615 1903 1124 4450 6065 7476 834 501 792
leaf_count=221564 7175 881 7266 5534 815 565 3578 2942 627 2779 14479 574 2071 765 2101 611 1134 873 760 1362 614 615 1903 1124 4450 6065 7476 834 501 792
internal_value=-0.000102034 -0.000796261 0.000316327 -0.00153606 0.00035854 -0.00567359 0.00158163 -0.00195115 -0.00226348 -0.00135794 -0.00210933 -0.000533116 0.00228693 0.00364115 0.00471963 0.000120826 0.0041641 0.00203345 -0.00512116 -0.00886492 -0.00147895 -0.00982736 -0.00473107 -0.00798485 6.28252e-05 -0.000269017 -0.00129649 0.000571718 0.00391227 -0.000729087
internal_weight=302830 73584 29390 44194 12262 2061 10201 3757 31932 23371 19380 22124 3991 6444 5679 229246 3232 2621 4901 2122 1748 1496 8561 3027 226014 21550 14375 6899 3364 1293
internal_count=302830 73584 29390 44194 12262 2061 10201 3757 31932 23371 19380 22124 3991 6444 5679 229246 3232 2621 4901 2122 1748 1496 8561 3027 226014 21550 14375 6899 3364 1293
is_linear=0
shrinkage=0.05


Tree=194
num_leaves=31
num_cat=0
split_feature=25 72 43 55 12 33 65 67 30 12 8 28 55 9 14 56 42 58 43 42 72 36 29 11 67 65 11 75 58 13
split_gain=21.5879 27.8144 25.5651 73.4209 65.2731 27.377 29.9248 25.1381 22.0336 21.7991 32.9732 35.095 70.7794 87.4848 74.4202 54.2891 52.5031 67.1294 48.7358 35.3754 31.2696 32.5399 29.4239 53.7739 55.6765 54.7558 120.971 99.8551 115.564 89.3701
threshold=0.86063936352729808 0.16266697645187381 0.56187921762466442 1.0000000180025095e-35 0.032652257010340698 0.40819387137889868 -0.27306127548217768 0.097747150808572783 0.082915473729372038 -0.056167520582675927 -0.28447425365447992 0.24162807315588 1.0000000180025095e-35 -0.44594527781009669 0.018419421277940277 1.5000000000000002 0.081439040601253523 0.77469611167907726 0.33942103385925299 0.053361892700195319 0.96502509713172924 52.719583511352546 -0.39721858501434321 -0.43318068981170649 0.30560804903507238 -0.019914120435714718 -0.13991035521030423 0.43211852014064794 0.05359937250614167 -0.046402972191572182
decision_type=10 8 10 2 10 8 8 8 10 8 10 8 2 10 10 2 10 2 10 8 10 2 10 8 10 8 8 10 2 10
left_child=9 -2 3 7 -5 8 -7 -3 -4 20 11 -11 16 14 15 -14 17 -13 -17 -19 -1 -22 -12 24 -24 27 -27 28 29 -25
right_child=1 2 5 4 -6 6 -8 -9 -10 10 22 12 13 -15 -16 18 -18 19 -20 -21 21 -23 23 25 -26 26 -28 -29 -30 -31
leaf_value=0.00011718517674174842 0.001466991747168717 0.0014485360013981631 0.00028794879959042778 0.00011764350266368438 0.0080757196962003928 0.0021361242031193552 0.00010577399725024348 3.3803245860464584e-05 -0.00026557391723312893 -0.00043007365755520885 0.00010604808057758895 0.00035650735378422175 0.0008918800136198759 0.0026499221437040941 -0.0034186361955076227 -0.0024762225742701151 -0.00030512061049816491 0.0030684876430437848 9.8745981192129028e-05 0.00083794743572653408 -0.0023869239817425982 4.8152001311817587e-05 -0.00052934917821127996 0.00036154444727602746 0.00019557090228040973 -0.0003614331890543776 -3.872863846284859e-06 -0.00015056022704030387 0.0001957381721836371 -0.0010013110109799177
leaf_weight=48686 880 545 574 598 634 731 16712 5793 6052 16039 40262 8722 899 520 770 1655 7500 506 797 931 712 912 6495 969 1956 16654 62470 22091 29272 1525
leaf_count=48686 880 545 574 598 634 731 16712 5793 6052 16039 40262 8722 899 520 770 1655 7500 506 797 931 712 912 6495 969 1956 16654 62470 22091 29272 1525
internal_value=-4.72147e-05 0.00116973 0.0009242 0.00345646 0.0145733 0.000126666 0.00116599 0.00127599 -0.00260699 -0.000193636 -0.000408329 -0.00174059 -0.000457194 -0.00594496 -0.0083878 -0.0051324 0.000987605 0.00332874 -0.00897644 0.0133034 0.000745231 -0.00605875 -0.00012713 -0.000466622 -0.00433164 -0.000220692 -0.0010577 0.00100897 0.002804 -0.00750799
internal_weight=302862 32519 31639 7570 1232 24069 17443 6338 6626 270343 220033 38339 22300 4641 4121 3351 17659 10159 2452 1437 50310 1624 181694 141432 8451 132981 79124 53857 31766 2494
internal_count=302862 32519 31639 7570 1232 24069 17443 6338 6626 270343 220033 38339 22300 4641 4121 3351 17659 10159 2452 1437 50310 1624 181694 141432 8451 132981 79124 53857 31766 2494
is_linear=0
shrinkage=0.05


Tree=195
num_leaves=31
num_cat=0
split_feature=17 11 65 54 54 30 54 33 55 69 72 68 66 66 68 54 60 42 11 63 42 74 69 42 33 74 65 60 69 54
split_gain=21.6519 45.788 56.436 46.3617 54.2158 43.7717 60.5588 46.9355 68.5381 175.787 180.331 154.125 110.193 142.383 216.219 103.151 113.092 87.0112 89.636 82.5652 74.3718 73.8527 76.5081 66.8641 70.9278 97.4619 69.7927 62.993 103.952 88.471
threshold=-0.011934853624552487 1.1363404989242556 -0.056580841541290276 6.2238552570343026 4.6052701473236093 0.99584484100341808 5.1299579143524179 1.0947649478912356 1.0000000180025095e-35 0.014692833181470634 0.41946078836917883 0.0076475630048662433 -0.19457572698593137 -0.35254344344139094 -0.092149257659912095 7.2330906391143808 -0.13033492118120191 0.019773689098656181 0.10632187500596048 0.12725162506103518 0.082733180373907103 0.63632631301879894 0.011693994514644148 0.018149616196751598 0.21461787074804309 0.32450281083583837 -0.22968477010726926 -0.094063065946102128 0.026225361041724685 8.2555646896362322
decision_type=10 10 10 2 2 10 2 10 2 10 10 10 10 10 10 2 10 8 10 10 8 10 10 10 10 10 8 10 10 2
left_child=1 5 -3 4 -4 7 -7 8 19 11 17 20 13 -12 -15 16 -16 -11 -19 23 21 -10 -23 26 27 -26 -1 -25 29 -29
right_child=-2 2 3 -5 -6 6 -8 -9 9 10 12 -13 -14 14 15 -17 -18 18 -20 -21 -22 22 -24 24 25 -27 -28 28 -30 -31
leaf_value=-0.00031209549457157323 4.5195174050783467e-05 -0.0022926769384950889 -0.00047547433029589814 -0.0013553139941790092 0.0024940662785335795 -0.00016754871552739222 0.00058347168004621933 -0.00042186583713042271 0.00042093605903669454 -0.00015305811800326213 -0.00041936189105898499 -0.0016652501215491775 -0.00094874602705262575 0.0018133930950642266 -0.00018240210486473088 -0.00063488280453484654 0.00080084245624251118 0.00074382297374856669 -0.00068441102886398521 -0.00090287104157017219 -0.0019503140563510903 0.0003429696007141588 -0.00035877775546881274 -9.5059895923133369e-05 0.00043537625315762075 -0.00017841099732684084 0.00055706904721863763 -0.00039650178030671611 -0.0014027810934844867 0.00069655586720764051
leaf_weight=3648 132055 2125 1634 664 689 5584 6711 6254 2953 1712 3513 1102 620 1352 1295 1092 1130 11172 827 3197 1233 851 2517 40855 17761 19494 11113 16800 2182 1105
leaf_count=3648 132055 2125 1634 664 689 5584 6711 6254 2953 1712 3513 1102 620 1352 1295 1092 1130 11172 827 3197 1233 851 2517 40855 17761 19494 11113 16800 2182 1105
internal_value=-2.93487e-05 -0.000400421 -0.00505662 -0.000617284 0.00272182 -0.000256799 0.00261276 -0.000486384 -0.00030637 0.00176711 0.00407737 -0.00429264 -0.00142033 9.53289e-05 0.00562615 -0.000921463 0.00482546 0.0076853 0.00918894 -0.00086644 -0.00173189 0.000465961 -0.00458851 -0.000641775 -0.00111346 0.000605125 0.00249475 -0.002164 -0.00445589 -0.00319565
internal_weight=303240 171185 5112 2987 2323 166073 12295 153778 147524 31369 22713 8656 9002 8382 4869 3517 2425 13711 11999 116155 7554 6321 3368 112958 98197 37255 14761 60942 20087 17905
internal_count=303240 171185 5112 2987 2323 166073 12295 153778 147524 31369 22713 8656 9002 8382 4869 3517 2425 13711 11999 116155 7554 6321 3368 112958 98197 37255 14761 60942 20087 17905
is_linear=0
shrinkage=0.05


Tree=196
num_leaves=31
num_cat=0
split_feature=52 65 10 41 11 19 50 67 67 73 68 31 38 60 67 49 53 72 58 53 49 65 11 40 7 65 55 55 11 30
split_gain=20.8208 36.6329 24.9977 21.8789 25.4552 19.9219 17.6693 50.756 46.1945 30.6849 68.6141 33.0051 33.409 29.0277 26.4879 65.732 64.2906 43.5753 34.8081 34.7647 30.286 48.1373 98.6192 86.2538 70.033 44.1229 79.8679 72.4983 65.374 39.3502
threshold=12.500000000000002 -0.22968477010726926 -0.27531555294990534 0.058862358331680305 1.0000000180025095e-35 -0.077899556607007966 0.023256414569914344 0.005656945053488017 0.003761841333471239 0.71520316600799572 -0.020092308521270748 0.20289622247219088 0.40882760286331182 -0.18081129342317578 0.24067033082246783 0.0005263434723019601 1.0000000180025095e-35 0.58844837546348583 0.69366195797920238 0.13392857462167743 1.0000000180025095e-35 0.0454930067062378 -0.24022357165813443 0.014739004429429771 0.041198661550879485 0.0454930067062378 1.0000000180025095e-35 1.0000000180025095e-35 -0.24022357165813443 0.073851384222507491
decision_type=10 10 10 8 8 10 2 8 10 10 8 10 10 10 8 2 10 10 2 10 2 10 8 10 8 10 2 2 10 10
left_child=6 2 -2 4 5 -3 14 8 13 -9 11 12 -11 -8 20 18 17 -17 -16 -20 25 -22 -23 24 -24 26 -1 28 -27 -29
right_child=1 3 -4 -5 -6 -7 7 9 -10 10 -12 -13 -14 -15 15 16 -18 -19 19 -21 21 22 23 -25 -26 27 -28 29 -30 -31
leaf_value=-0.00026177639280173268 0.00025201197361676019 0.00029765824890238402 -0.00067394221791310853 0.0023793550778422922 -0.00057247224538290484 0.0010851756759680709 0.00094100970177137455 -0.00025245306067259182 0.0031044653515434717 0.00046067915490449209 -0.00030855161230644199 0.00097348485301700094 -0.0016103754306660157 -0.00056607929947232512 0.00020331746530549016 -0.00013088693557126321 0.00098395979918569632 0.00016011002037948807 0.00050251765293686816 0.0025080865183521204 7.6824780091610918e-05 -0.001556050328202589 -0.00034751933451912108 6.381268847668459e-05 -0.0024907595628592696 -0.00085084162797211546 0.00016906462368526597 9.6307776033427268e-05 0.00071552769253912943 -0.0014844239852760727
leaf_weight=43394 2070 936 1116 603 588 775 1630 29636 555 748 10637 5715 533 553 34090 38663 2935 18349 3904 540 69997 1590 1515 14275 543 1362 6803 512 7909 778
leaf_count=43394 2070 936 1116 603 588 775 1630 29636 555 748 10637 5715 533 553 34090 38663 2935 18349 3904 540 69997 1590 1515 14275 543 1362 6803 512 7909 778
internal_value=5.9684e-05 0.00295179 -0.000750939 0.00700549 0.00474231 0.00781522 3.36501e-07 -0.000856709 0.00574964 -0.00124051 0.000410928 0.0042535 -0.00298218 0.00243958 0.000173768 0.000809719 -0.000225995 -0.000598015 0.00242061 0.00657836 -0.000247498 0.00034573 -0.00196565 -0.000804626 -0.0103482 -0.00110585 -0.00172386 0.00183048 0.00337787 -0.00923077
internal_weight=303254 6088 3186 2902 2299 1711 297166 50007 2738 47269 17633 6996 1281 2183 247159 98481 59947 57012 38534 4444 148678 87920 17923 16333 2058 60758 50197 10561 9271 1290
internal_count=303254 6088 3186 2902 2299 1711 297166 50007 2738 47269 17633 6996 1281 2183 247159 98481 59947 57012 38534 4444 148678 87920 17923 16333 2058 60758 50197 10561 9271 1290
is_linear=0
shrinkage=0.05


Tree=197
num_leaves=31
num_cat=0
split_feature=11 71 31 38 65 10 17 41 40 71 54 54 55 35 75 65 10 23 59 20 8 17 72 75 65 46 66 62 54 75
split_gain=19.7018 16.6482 47.458 64.391 38.5446 31.0137 26.336 22.4127 22.2036 23.3603 23.2212 75.2164 53.4483 41.0966 19.232 52.6657 46.1397 25.4036 41.7609 55.5145 25.3097 22.7738 21.5973 28.2267 42.9178 27.3079 19.5476 25.6427 24.8272 23.8611
threshold=-0.77870699763298024 -0.33504574000835413 0.047467395663261421 0.30665619671344763 0.10496115684509279 -0.50639697909355152 -0.011044696904718874 0.088868208229541792 0.067952279001474394 -0.42549121379852289 3.9779044389724736 6.040837526321412 1.0000000180025095e-35 32.287792205810554 0.99065595865249645 0.14299654960632327 0.2672944068908692 -0.46881571412086481 -0.27293194830417628 -0.34710191190242762 0.0025333930971100931 -0.26910182833671564 0.63560083508491527 0.65184402465820324 0.15324246883392337 24.500000000000004 -0.3645444363355636 -0.091238051652908311 4.5590739250183114 0.92802298069000255
decision_type=8 8 10 8 8 10 10 10 10 10 2 2 2 2 10 8 8 8 8 10 8 8 10 10 10 10 8 8 2 8
left_child=-1 2 3 -2 5 7 8 -5 10 -10 -4 -12 -13 -14 17 16 -16 22 19 -19 -21 -20 25 -24 -25 26 -3 28 -28 -29
right_child=1 14 6 4 -6 -7 -8 -9 9 -11 11 12 13 -15 15 -17 -18 18 21 20 -22 -23 23 24 -26 -27 27 29 -30 -31
leaf_value=0.0014904050716930423 -0.0021044390980695473 -0.0010324464464702436 0.0019456380701841211 0.0018862334984940652 -0.0015507026995005405 -0.0011886632993427717 -0.00057182719625802926 -0.00032286570743274534 0.00053989597050737442 -0.0008579875164020607 -0.0017066944635565245 -0.00054991195185921605 0.00011518014706735878 0.0010576313446015934 0.00040920284530710437 0.001450985715777908 -0.0033551789355852437 0.00073860480249343262 -0.000527433408561767 -0.0024798146677865573 -0.0012633873599791389 9.0532384397757494e-06 0.0044966538144423701 -3.0198570143741993e-05 0.0074680397149675358 -0.0019322537622997943 0.0004745225678705504 0.00071052893374922539 0.0030983142809599433 -0.0011122523243753354
leaf_weight=891 772 831 1063 572 682 758 586 572 1069 1112 519 593 784 757 523 712 1090 674 3164 775 528 276379 506 1610 514 571 1394 1019 677 993
leaf_count=891 772 831 1063 572 682 758 586 572 1069 1112 519 593 784 757 523 712 1090 674 3164 775 528 276379 506 1610 514 571 1394 1019 677 993
internal_value=-1.98216e-06 -2.40218e-05 -0.00204589 -0.00686275 -0.00304549 0.000627615 0.000454335 0.00580589 0.00146436 -0.00253309 0.00381106 0.00129553 0.00545709 0.0103482 4.41826e-05 -0.00447537 -0.00945779 8.06159e-05 1.06561e-06 -0.00722194 -0.013214 5.24051e-05 0.00283692 0.00655303 0.00398313 0.00104641 0.00225426 0.00367701 0.00756848 -0.000346192
internal_weight=302690 301799 9839 3356 2584 1902 6483 1144 5897 2181 3716 2653 2134 1541 291960 2325 1613 289635 281520 1977 1303 279543 8115 2630 2124 5485 4914 4083 2071 2012
internal_count=302690 301799 9839 3356 2584 1902 6483 1144 5897 2181 3716 2653 2134 1541 291960 2325 1613 289635 281520 1977 1303 279543 8115 2630 2124 5485 4914 4083 2071 2012
is_linear=0
shrinkage=0.05


Tree=198
num_leaves=31
num_cat=0
split_feature=41 65 72 32 66 65 48 54 26 61 64 54 18 54 54 66 71 55 34 9 8 67 11 55 72 65 29 54 46 54
split_gain=18.7155 45.9365 23.999 17.6055 41.5198 36.8445 30.8528 27.4658 23.8974 40.6525 30.5912 44.6749 35.1186 32.9346 29.9419 88.2791 93.9365 49.317 28.4758 33.7812 23.6376 37.3703 30.813 29.0972 77.5184 25.6652 24.4833 24.388 23.5548 72.9033
threshold=0.0075270228553563365 -0.2456463277339935 0.41946078836917883 -0.054904356598854058 -0.19076969474554059 0.083075463771820082 0.069445498287677779 4.1805987358093271 -0.044022159650921815 0.020023167133331302 -0.085278570652008043 1.8570786118507387 -0.0072698802687227717 7.5731456279754648 9.9661102294921893 -0.2597478032112121 -0.18154272437095639 1.0000000180025095e-35 0.64385142922401439 0.2483031898736954 0.087280429899692549 0.23188174515962603 -0.024483486078679558 1.0000000180025095e-35 0.94662800431251537 0.047932386398315437 -0.1116100214421749 3.673892736434937 25.500000000000004 5.8082926273345956
decision_type=8 10 10 10 10 10 2 2 10 10 8 2 8 2 2 8 8 2 10 8 8 10 10 2 8 10 10 2 10 2
left_child=1 -1 -3 8 -5 6 7 -6 14 10 13 12 -12 -10 28 -16 -17 -18 -11 -20 21 22 25 24 -22 26 -13 -23 -2 -30
right_child=3 2 -4 4 5 -7 -8 -9 9 18 11 20 -14 -15 15 16 17 -19 19 -21 23 27 -24 -25 -26 -27 -28 -29 29 -31
leaf_value=-0.00084223682901870547 2.2153218100511714e-05 0.00066407278630979259 0.00014741456066569067 0.00051613066257344268 -0.0022297044010198778 -0.00021778929994347026 -0.00023613520536066928 -0.00080347058895119991 9.3690854535946133e-05 0.00023502307972498435 -0.00036776577158448515 -0.00037305005101257956 0.0033150280444949605 0.00059811648941526232 0.00052945815155573412 0.00046888104150575888 -0.00036512229029040446 -0.001348768988281763 0.0016564695036909529 5.294196914139846e-05 -0.00066964769462140726 0.0020688894027723519 0.00028219985935178506 -0.0013175307351663626 0.0024345752424467242 -0.0017117128920231513 0.00011089627475282249 0.00011829462868535808 4.0612442966286559e-05 -0.00032605719308922829
leaf_weight=510 221377 758 976 1685 602 5137 724 612 1822 6336 502 573 689 599 740 500 919 975 1046 524 2911 504 838 979 515 501 556 1032 34130 13570
leaf_count=510 221377 758 976 1685 602 5137 724 612 1822 6336 502 573 689 599 740 500 919 975 1046 524 2911 504 838 979 515 501 556 1032 34130 13570
internal_value=7.48799e-05 0.00461402 0.00848624 4.08763e-05 -0.00216648 -0.00384615 -0.00970226 -0.0145425 0.000107137 0.0017781 -5.40271e-05 -0.00132154 0.00770192 0.00495681 -1.5245e-05 -0.00486641 -0.00952579 -0.0146008 0.00456038 0.0105696 -0.0026072 0.00017439 -0.00363196 -0.00513024 -0.00293946 -0.00762195 -0.00338016 0.00627426 4.14364e-05 -0.000966254
internal_weight=303142 2244 1734 300898 8760 7075 1938 1214 292138 19927 12021 9600 1191 2421 272211 3134 2394 1894 7906 1570 8409 4004 2468 4405 3426 1630 1129 1536 269077 47700
internal_count=303142 2244 1734 300898 8760 7075 1938 1214 292138 19927 12021 9600 1191 2421 272211 3134 2394 1894 7906 1570 8409 4004 2468 4405 3426 1630 1129 1536 269077 47700
is_linear=0
shrinkage=0.05


Tree=199
num_leaves=31
num_cat=0
split_feature=47 17 68 49 19 19 41 55 66 18 11 54 19 58 54 36 60 54 71 19 63 63 19 60 54 34 63 19 40 27
split_gain=16.5794 27.6943 22.1557 18.6323 20.3147 17.5558 18.0562 43.3875 44.8501 42.7924 61.1081 91.8771 82.2677 42.5925 56.2152 56.7606 60.4067 45.3633 44.5911 37.6203 46.4467 37.4909 36.8445 74.2854 66.49 37.9816 36.746 35.3757 34.1002 40.784
threshold=0.14943575859069827 -0.35216528177261347 -0.13863883167505262 0.00013610385940410199 0.34890191256999975 0.89023306965827953 0.10325809195637704 1.5000000000000002 -0.23785667121410367 -0.36085437238216395 -0.050144076347351067 4.7837345600128183 -0.15678812563419339 0.74451306462287914 2.8216764926910405 46.486728668212898 0.0019265938899479809 1.604424834251404 0.11141645163297655 0.3347186148166657 -0.042294859886169427 -0.26936456561088556 0.31120733916759497 -0.043686289340257638 4.2768049240112314 0.66191959381103527 -0.040293335914611809 0.57330587506294262 0.20676156133413318 1.7154453396797182
decision_type=2 10 10 2 8 10 10 2 10 10 8 2 10 2 2 2 10 2 10 10 10 8 10 10 2 10 10 10 10 10
left_child=5 2 -2 -3 -5 6 21 9 -9 28 11 12 -11 14 15 16 17 18 -12 -17 -21 -1 -16 27 26 -26 -25 -24 29 -8
right_child=1 3 -4 4 -6 -7 7 8 -10 10 13 -13 -14 -15 22 19 -18 -19 -20 20 -22 -23 23 24 25 -27 -28 -29 -30 -31
leaf_value=-0.0016949267819260775 -7.9844840312779527e-05 0.0002857818303545343 -0.0024640576558531721 -0.00090462154375014418 0.00014919487310991578 -0.0016920509233077639 -0.00032930565396442971 0.00012325689082895807 -0.0022887567238957488 0.0050474533883665771 -0.00024193135847807199 -0.0012473260899519092 0.00055680565844413727 0.005952460999428387 0.00061192010974122051 -0.001635401906467944 0.0042605506460493834 -0.00095847054111042719 0.0044139620588356477 0.0037192503973600428 -0.0022276138475640244 -1.5113773545325644e-06 -0.0031746978035354736 0.003491311919646899 -0.0026387463421451603 0.00049589645728896907 0.00041718087595063512 -0.00061205426436848761 0.0010251656586325183 -0.0033870443429104857
leaf_weight=946 535 4098 864 2849 1861 948 4597 686 579 1102 883 509 883 753 14575 2937 891 2213 587 560 545 251705 573 990 696 659 934 711 1030 503
leaf_count=946 535 4098 864 2849 1861 948 4597 686 579 1102 883 509 883 753 14575 2937 891 2213 587 560 545 251705 573 990 696 659 934 711 1030 503
internal_value=7.61055e-06 -0.0019722 -0.00848119 -0.000929916 -0.00307203 7.68822e-05 9.91215e-05 0.0011092 -0.00796078 0.00142026 0.00217503 0.00966454 0.0145113 0.00151664 0.00119579 -0.00215627 0.00165794 -0.0011779 0.00560811 -0.00646594 0.00139013 -5.44207e-05 0.00270524 -0.00121365 0.002782 -0.00567766 0.00873837 -0.0113601 -0.00239414 -0.00407045
internal_weight=302202 10207 1399 8808 4710 291995 291047 38396 1265 37131 31001 2494 1985 28507 27754 8616 4574 3683 1470 4042 1105 252651 19138 4563 3279 1355 1924 1284 6130 5100
internal_count=302202 10207 1399 8808 4710 291995 291047 38396 1265 37131 31001 2494 1985 28507 27754 8616 4574 3683 1470 4042 1105 252651 19138 4563 3279 1355 1924 1284 6130 5100
is_linear=0
shrinkage=0.05


Tree=200
num_leaves=31
num_cat=0
split_feature=2 30 67 19 68 39 37 41 28 68 67 6 19 71 19 19 6 52 66 18 29 40 19 29 16 19 48 66 19 26
split_gain=17.6119 42.0736 50.0604 37.2276 35.7278 33.4584 25.3753 33.5585 24.3471 28.5624 26.6578 28.0238 25.9496 22.6473 28.5337 21.8841 35.2053 21.2969 29.1865 67.1726 43.3183 27.5565 32.87 26.3133 26.7591 26.2075 23.2354 30.4314 28.4312 36.4556
threshold=0.041661938652396209 0.35533164441585546 0.18036969751119616 -0.22202544659376142 -0.026094447821378704 0.076393600553274169 0.033109692856669433 0.045910455286502845 0.2600091695785523 -0.033555952832102769 0.21804926544427874 -0.01596612203866243 -0.25271533429622645 0.44792567193508154 0.090237151831388487 -0.040209487080574029 0.076095718890428557 9.5000000000000018 -0.2181165739893913 -0.027455895207822319 -0.79801741242408741 0.019035018049180511 -0.055937571451067918 -0.63848558068275441 -0.08353788778185843 0.03118825983256102 0.0088721713982522505 -0.25029592961072916 -0.10308847576379775 -0.19769532978534696
decision_type=10 8 8 8 10 10 8 8 8 10 8 10 8 8 8 10 10 10 10 8 10 10 8 8 8 8 2 10 10 10
left_child=17 15 3 4 -3 -4 -5 -8 -7 -10 -11 -12 -13 -9 -15 16 -2 -1 19 20 -19 22 -20 24 -23 -21 27 28 29 -22
right_child=1 2 5 6 -6 8 7 13 9 10 11 12 -14 14 -16 -17 -18 18 21 25 26 23 -24 -25 -26 -27 -28 -29 -30 -31
leaf_value=-1.6345006523272103e-05 -0.00019896424650700241 0.0037037266965899342 5.9154610619980777e-05 -0.00025566093631024706 0.00029445196925424868 -0.0015471763400654764 -0.00051571424598437601 0.0015856532363438302 0.00046097120536377803 -0.0022062656767900288 -0.0011667211760111103 -0.001306868398470245 -0.0001214663016055908 -0.001397954185187111 0.0014725726626001125 -6.4606615852884356e-06 -0.00067155992264719515 0.0016169060912432837 -0.00042323769341165408 -7.2548877429081537e-05 -0.00044762855189374039 0.00041541492481648703 0.00011021389249936571 0.00038648186243066507 -0.001418734727092665 -0.00090840848364489094 0.0001130581339164606 0.00088069673683847233 -0.00055601718721978689 0.00043416446241075803
leaf_weight=159303 11406 756 19700 3630 686 1071 1074 3394 2837 761 2120 537 10096 778 1638 5541 3175 1017 1871 4401 2519 879 4251 16185 895 4818 33222 550 2403 1413
leaf_count=159303 11406 756 19700 3630 686 1071 1074 3394 2837 761 2120 537 10096 778 1638 5541 3175 1017 1871 4401 2519 879 4251 16185 895 4818 33222 550 2403 1413
internal_value=-7.67486e-05 -0.000777344 1.22229e-05 0.00282467 0.0103306 -0.000894108 0.00178639 0.00356832 -0.00248967 -0.00200782 -0.0029651 -0.00241714 -0.0013671 0.00506873 0.00136026 -0.00270217 -0.00371805 0.000130702 0.000828922 0.000143983 0.0010089 0.00226018 -0.000636008 0.00324726 -0.00252242 -0.00371113 0.000749059 -0.00189268 -0.00287628 -0.000253678
internal_weight=302927 69200 49078 11956 1442 37122 10514 6884 17422 16351 13514 12753 10633 5810 2416 20122 14581 233727 74424 50343 41124 24081 6122 17959 1774 9219 40107 6885 6335 3932
internal_count=302927 69200 49078 11956 1442 37122 10514 6884 17422 16351 13514 12753 10633 5810 2416 20122 14581 233727 74424 50343 41124 24081 6122 17959 1774 9219 40107 6885 6335 3932
is_linear=0
shrinkage=0.05


Tree=201
num_leaves=31
num_cat=0
split_feature=18 69 33 55 66 68 75 69 75 71 65 63 65 55 71 63 36 71 18 23 3 65 31 60 69 10 37 62 8 75
split_gain=16.7647 49.0443 16.6676 85.5797 168.364 127.533 124.801 119.628 116.709 100.824 155.776 69.784 66.7445 71.0229 62.3622 57.0317 56.7912 55.6422 52.9264 46.1355 42.5108 39.2151 37.7206 49.3539 42.1112 36.0063 35.4901 35.1611 35.2726 35.073
threshold=0.95542469620704662 0.025897045619785789 0.13055967539548877 1.0000000180025095e-35 -0.35254344344139094 -0.11710844933986662 0.30359286069870001 0.011795486789196731 0.2311222776770592 -0.10635526105761527 0.047932386398315437 -0.064866364002227769 -0.23699757456779477 1.5000000000000002 -0.042455138638615601 0.030563116073608402 2.8891974687576298 -0.021224401891231533 -0.16281789541244504 -0.075048338621854768 -0.056712267920374863 -0.077818274497985826 0.16867697238922122 0.16742905229330066 0.0091856517829000967 -0.55848297476768483 -0.79599821567535389 -0.0071737468242645255 -0.11322954669594763 0.15521558374166491
decision_type=10 10 8 2 10 10 10 10 10 10 10 10 8 2 10 10 2 10 10 10 10 10 10 10 10 10 10 10 10 10
left_child=2 -2 3 14 6 8 7 -5 -6 -7 12 -12 29 19 16 -9 -1 -13 26 -14 -8 -15 23 24 -20 -16 -18 -26 -29 -11
right_child=1 -3 -4 4 5 9 20 15 -10 10 11 17 13 21 25 -17 18 -19 22 -21 -22 -23 -24 -25 27 -27 -28 28 -30 -31
leaf_value=0.00047009630823764763 -0.0035481617483616185 0.0016045239462114044 2.5858972939041272e-05 0.00055521331041824063 0.0020900063358742344 0.00051309071728489403 0.0020031282440199612 -0.00067068693781654966 0.00015680685868108072 -0.00030883605318199705 9.8210665971963743e-05 -0.00025788677032078516 9.4755304548033205e-05 0.00023370525555471691 -0.001074724297201529 0.00016612539055981128 0.00037584545219717589 -0.0015869026930784326 -0.0022576888472576532 0.00062237470994890281 -6.6511487384015336e-06 -0.00061759481591937965 -8.9507731639429727e-05 -0.0016722648413998579 -0.00067932179402401427 7.4712837403204287e-05 -0.00029306642190447439 8.9994708917498509e-05 -0.00081504928197519979 0.00016970031356742859
leaf_weight=2632 516 543 232629 515 802 3697 605 4161 517 1085 840 924 838 611 610 576 3165 893 609 2310 516 533 3729 543 7002 17504 9447 2589 863 1278
leaf_count=2632 516 543 232629 515 802 3697 605 4161 517 1085 840 924 838 611 610 576 3165 893 609 2310 516 533 3729 543 7002 17504 9447 2589 863 1278
internal_value=2.9694e-05 -0.00622077 5.18155e-05 -0.000628206 0.00206412 0.00507044 -0.00469215 -0.00792474 0.0198269 0.00356018 0.000783094 -0.00943007 0.00486872 0.00857741 -0.00177299 -0.0104171 -0.00314983 -0.0149152 -0.00381121 0.0124446 0.010389 -0.00207972 -0.00578364 -0.00718836 -0.00645263 0.000551755 -0.00141024 -0.00569572 -0.00155979 -0.00187526
internal_weight=303082 1059 302023 69394 20701 14328 6373 5252 1319 13009 9312 2657 6655 4292 48693 4737 30579 1817 27947 3148 1121 1144 15335 11606 11063 18114 12612 10454 3452 2363
internal_count=303082 1059 302023 69394 20701 14328 6373 5252 1319 13009 9312 2657 6655 4292 48693 4737 30579 1817 27947 3148 1121 1144 15335 11606 11063 18114 12612 10454 3452 2363
is_linear=0
shrinkage=0.05


Tree=202
num_leaves=31
num_cat=0
split_feature=0 24 65 49 69 65 9 45 41 0 63 75 65 72 26 69 18 30 69 18 69 69 45 65 39 42 46 17 19 38
split_gain=16.2138 38.0055 27.5164 40.1094 43.2793 33.1746 26.6594 21.1128 20.8285 25.6431 33.5487 20.7015 34.6396 19.1813 26.6507 21.8978 17.6246 17.5055 53.8439 48.6086 41.9896 48.3933 49.3442 45.7885 61.5597 39.0793 37.4654 41.4791 37.737 61.3629
threshold=-0.037734584882855408 0.46912549436092382 -0.29570579528808588 0.0033826513681560759 0.02954222355037928 -0.28657999634742731 -0.26445291936397547 24.500000000000004 0.16077584773302081 -0.099080748856067644 -0.16572019457817075 0.92802298069000255 0.11759835481643678 0.77787053585052501 -0.38744314014911646 0.022173252888023857 -0.13620640337467191 0.44176995754241949 0.008363042492419483 0.040112711489200599 0.025897045619785789 0.014871135354042055 18.500000000000004 0.086961686611175551 0.019968952983617786 0.15539336204528811 22.500000000000004 -0.02689257729798555 -0.087390847504138933 0.26088057458400732
decision_type=10 10 8 2 10 8 8 10 10 8 8 10 8 10 10 10 10 10 10 10 10 10 10 10 10 10 10 10 8 10
left_child=1 2 3 4 -1 -4 -3 16 9 -7 -11 13 -13 14 -8 -16 -5 -2 -19 26 21 23 -23 25 -25 -21 28 -28 -20 -30
right_child=17 6 5 7 -6 8 11 -9 -10 10 -12 12 -14 -15 15 -17 -18 18 19 20 -22 22 -24 24 -26 -27 27 -29 29 -31
leaf_value=0.0010557314237980766 -3.9138865301296263e-05 -0.0011013298208302118 -0.0016118483026819797 0.0047236094091005496 -0.00086678225399909256 -0.00046935285857993342 -0.0001978111400711624 0.00072422722953572769 0.0012301152512265859 -0.0018594777285402073 0.000156872568284085 -0.0010744285525891792 0.0024768472794615623 6.8616668118811315e-05 -0.00016654157066787025 -0.0013902341655227847 0.0011826130212833021 0.003009590526550766 -0.00015490617354320757 -3.8634389559067536e-05 0.00038189285811229676 -0.00029553609484934268 -0.0011956452773166924 -0.0011098778523537423 0.0023826598228624909 -0.0033274434469406965 0.00108183352780778 0.00019026132133168443 0.0010488271926895863 8.1806910768858493e-05
leaf_weight=1097 169471 564 540 546 1804 5065 1969 1256 1771 583 28282 1102 1334 2539 524 1332 932 2023 11050 10176 8756 16922 3830 603 2870 564 3220 6653 2841 12595
leaf_count=1097 169471 564 540 546 1804 5065 1969 1256 1771 583 28282 1102 1334 2539 524 1332 932 2023 11050 10176 8756 16922 3830 603 2870 564 3220 6653 2841 12595
internal_value=-3.40132e-05 0.000776585 0.00142052 0.00466785 0.000566816 0.000914458 -0.00210156 0.00900146 0.0011019 0.000824985 0.00140087 -0.00141884 0.00249387 -0.0029181 -0.00514993 -0.00943194 0.0130376 -0.000199138 0.000400058 0.000196029 -0.00092726 -0.00170264 -0.0032415 0.000544892 0.00552684 -0.00106977 0.00154665 0.00417383 0.000566123 0.00216237
internal_weight=302814 51240 41876 5635 2901 36241 9364 2734 35701 33930 28865 8800 2436 6364 3825 1856 1478 251574 82103 80080 43721 34965 20752 14213 3473 10740 36359 9873 26486 15436
internal_count=302814 51240 41876 5635 2901 36241 9364 2734 35701 33930 28865 8800 2436 6364 3825 1856 1478 251574 82103 80080 43721 34965 20752 14213 3473 10740 36359 9873 26486 15436
is_linear=0
shrinkage=0.05


Tree=203
num_leaves=31
num_cat=0
split_feature=69 6 11 65 74 58 9 69 67 52 65 11 2 11 33 17 18 75 38 26 42 43 26 75 54 43 22 44 65 12
split_gain=22.7079 27.7812 18.9028 69.437 18.7471 30.6252 43.3196 35.2164 33.3473 17.8936 28.9595 92.6013 43.3286 39.2137 47.0953 50.1658 38.1553 39.5976 56.6062 30.679 30.4426 32.3051 30.4038 30.334 41.6316 29.0694 28.268 26.8878 26.7183 26.4592
threshold=0.086399104446172728 -0.1413580924272537 -0.72197014093399037 -0.20184394717216489 0.016432888805866245 0.23278560489416125 -0.51950886845588673 0.014544796198606493 0.25047658383846289 9.5000000000000018 -0.21695894002914426 -0.10725365951657294 0.15142116695642474 -0.21489643305540082 0.42224185168743139 -0.17077933251857755 -0.0341110061854124 0.84751844406127941 0.36755380034446722 -0.66733399033546437 0.063977189362049117 0.33258165419101721 -0.64579802751541127 0.32777546346187597 6.2636363506317148 1.00179660320282 0.0096082263626158255 -7.4999999999999991 -0.2456463277339935 -0.034255269914865487
decision_type=10 10 8 10 8 2 10 10 10 8 10 10 8 8 10 10 10 10 10 8 10 10 10 10 2 10 10 2 10 8
left_child=2 -2 3 -1 5 6 -4 8 -7 -6 11 16 13 14 15 -12 17 19 -19 -11 21 -13 -15 -17 27 -20 -18 -25 -28 -21
right_child=1 -3 4 -5 9 7 -8 -9 -10 10 12 20 -14 22 -16 23 26 18 25 29 -22 -23 -24 24 -26 -27 28 -29 -30 -31
leaf_value=-0.0010773746365612396 0.00013806061536185966 0.0022370799456918667 0.0014950168173053003 0.0034062005989370842 -4.3961411462940544e-05 -0.0013666678668657218 -0.001243562310448343 -0.0015075175422251286 0.0020781963696978475 -0.0016322557062568078 -0.0016228440597639785 -0.0024903816220239504 -0.0012446188350064536 -0.00079791223313914201 -0.00047299932633718713 -0.00010464891894780369 -0.0012958895292567735 -0.00086790868153905113 0.0025415210050072968 0.00029413212767753359 -0.00032386759454945896 -0.00051061079113703359 0.00024464819582111251 0.0015679766037505153 0.0008891757172167984 3.8241542512974623e-05 -0.00054531220172198487 1.0990976926765831e-06 0.00056391694727792583 -4.1604138082974081e-05
leaf_weight=800 1149 510 741 989 209031 600 517 1619 509 543 549 548 1228 866 2256 4627 819 577 1673 10599 3526 3496 28548 527 1006 528 2493 3003 526 18449
leaf_count=800 1149 510 741 989 209031 600 517 1619 509 543 549 548 1228 866 2256 4627 819 577 1673 10599 3526 3496 28548 527 1006 528 2493 3003 526 18449
internal_value=-0.000213959 0.00560216 -0.000246179 0.00486381 -0.000276874 -0.00367868 0.00276025 -0.00664719 0.000223414 -0.000230852 0.000374434 -0.000528696 0.00130221 0.0015776 -0.000834864 0.000678873 0.000523235 0.00108249 0.00677905 0.00054559 -0.00555409 -0.00851011 0.00255914 0.00156437 0.00446546 0.0104251 -0.00418399 0.00189266 -0.00193133 0.000767431
internal_weight=302852 1659 301193 1789 299404 3986 1258 2728 1109 295418 86387 43777 42610 41382 11968 9712 36207 32369 2778 29591 7570 4044 29414 9163 4536 2201 3838 3530 3019 29048
internal_count=302852 1659 301193 1789 299404 3986 1258 2728 1109 295418 86387 43777 42610 41382 11968 9712 36207 32369 2778 29591 7570 4044 29414 9163 4536 2201 3838 3530 3019 29048
is_linear=0
shrinkage=0.05


Tree=204
num_leaves=31
num_cat=0
split_feature=42 65 27 58 68 68 19 68 58 55 29 63 38 18 38 68 40 60 29 72 32 27 55 33 75 59 8 39 32 65
split_gain=25.6219 65.9092 57.7799 40.4067 67.728 45.7714 37.014 35.6796 49.7847 54.5532 57.6318 41.5863 33.1387 32.0925 33.7155 30.5342 27.3233 105.013 82.6381 69.5831 76.8326 68.558 47.2851 72.0142 60.4558 43.8641 41.242 37.7494 37.6339 33.7973
threshold=0.020915850065648559 -0.26557737588882441 0.10581930354237558 0.05359937250614167 -0.11710844933986662 -0.10816015675663947 -0.1549427732825279 -0.090405084192752824 0.15845070034265521 1.0000000180025095e-35 -0.16424639523029325 -0.096147537231445299 0.094325318932533278 -0.078768737614154802 0.11281578615307809 0.065836131572723403 0.02868685964494944 -0.050813425332307809 -0.36912515759468073 0.68685832619667064 -0.48508438467979426 0.038505904376506812 1.0000000180025095e-35 1.0101457238197329 0.42805720865726476 -0.018051765859127041 -0.044348165392875664 0.015960553660988811 -0.62688288092613209 -0.20636409521102902
decision_type=8 10 8 2 10 10 10 10 2 2 10 10 10 10 10 10 8 10 8 8 10 10 2 10 10 10 8 10 8 10
left_child=1 2 12 -3 -5 -6 13 11 9 10 -9 -8 -1 14 -7 -4 17 18 28 20 -20 22 24 -24 -19 27 -21 -23 29 -2
right_child=16 3 15 4 5 6 7 8 -10 -11 -12 -13 -14 -15 -16 -17 -18 21 19 26 -22 25 23 -25 -26 -27 -28 -29 -30 -31
leaf_value=-0.00086601670514804103 -5.5379689722124574e-05 -0.00081232044104469702 -6.6935084742017489e-05 0.0011766855111384825 -0.00055701206810471692 0.0013438256043602347 5.3672412214842449e-06 -0.00041380935971108607 0.00012321058069759278 -0.00056282658099178126 0.00055488463790020104 0.0012996694526903199 -0.00026688239519529746 -0.00027115625178394633 0.00062196952271093681 0.0018266195375296309 4.3963750651473867e-06 -0.00097794241622804648 -0.00075494405605995758 -0.00031949835571826548 0.00033647615942617815 0.00034289695174729228 0.00022076581093996659 -0.00084731839971381869 0.00036051165850480965 -0.00027273535537568339 0.00014379505528663988 -9.8703724603259088e-05 -0.00040290366356560202 0.0020803486936769242
leaf_weight=1331 1573 743 1329 740 862 833 534 836 19043 1072 540 602 1706 506 1622 502 212513 3773 921 2555 10932 2597 1509 520 637 16693 4022 3846 7890 555
leaf_count=1331 1573 743 1329 740 862 833 534 836 19043 1072 540 602 1706 506 1622 502 212513 3773 921 2555 10932 2597 1509 520 637 16693 4022 3846 7890 555
internal_value=-5.62063e-05 0.0012633 -0.00410004 0.00219912 0.00251471 0.00209373 0.00247676 0.0017869 0.00132785 -0.00537022 0.00122655 0.0103839 -0.00831966 0.00772467 0.0100811 0.00290603 -0.000216229 -0.00117778 0.000990934 0.00297722 0.00526427 -0.00326348 -0.00782292 -0.00149583 -0.010724 -0.0019917 -0.0011462 0.00151093 -0.00266254 0.00322732
internal_weight=303337 32801 4868 27933 27190 26450 25588 22627 21491 2448 1376 1136 3037 2961 2455 1831 270536 58023 28448 18430 11853 29575 6439 2029 4410 23136 6577 6443 10018 2128
internal_count=303337 32801 4868 27933 27190 26450 25588 22627 21491 2448 1376 1136 3037 2961 2455 1831 270536 58023 28448 18430 11853 29575 6439 2029 4410 23136 6577 6443 10018 2128
is_linear=0
shrinkage=0.05


Tree=205
num_leaves=31
num_cat=0
split_feature=2 6 69 65 75 64 54 54 63 69 19 63 67 27 19 69 41 54 18 69 6 42 67 54 41 54 19 65 27 55
split_gain=21.0478 31.247 54.8994 35.391 57.1427 50.9872 63.3205 46.8793 69.1907 38.129 36.0816 49.3949 62.586 55.2502 55.2052 35.1474 30.1389 33.7398 26.0211 63.1377 78.9809 73.1771 101.272 68.1389 82.3852 62.0785 61.3836 59.2625 66.6508 172.01
threshold=0.027651251293718818 -0.14359682798385617 0.077163368463516249 -0.24325805902481076 0.43635238707065588 -0.11060369014739989 6.0113162994384775 6.080127716064454 -0.056155085563659661 0.018636054359376434 -0.062894381582736955 -0.028700202703475949 0.16948374360799792 0.15732564032077792 -0.23936922103166577 0.011381749063730242 0.036712646484375007 5.5198595523834237 -0.098618116229772554 0.012069122400134804 -0.053843554109334939 0.034724364057183273 0.17291559278964999 2.8527275323867802 0.028241692110896114 7.8614382743835458 -0.10449650138616561 -0.24659162759780881 0.10256684944033624 1.5000000000000002
decision_type=10 8 10 8 10 10 2 2 8 10 8 10 10 10 10 8 10 2 10 8 8 8 10 2 10 2 10 10 10 2
left_child=18 -2 3 4 -3 7 9 -6 -9 -7 11 14 13 -13 -5 16 -12 -18 19 21 25 -1 26 24 -22 -21 -23 28 29 -20
right_child=1 2 -4 10 5 6 -8 8 -10 -11 15 12 -14 -15 -16 -17 17 -19 27 20 23 22 -24 -25 -26 -27 -28 -29 -30 -31
leaf_value=0.00026666880490379142 -0.00044699929261556097 -0.00016230596753178414 0.0014637034274158126 0.0018759476039421166 -0.00013706797616474877 0.0038145212120019763 -0.00054395348824008607 0.0024559070297310681 -0.00047768191206620932 0.0010100100167453913 -0.00028318457417091867 -0.00013437449560116255 -0.00022984774226320902 -0.0013571697476033669 -9.0322423830316309e-05 -0.00010638079969472062 0.0019594210887347763 -0.00016566924647561516 -0.00053733569590864419 0.00024764294952380888 0.0023089429289533214 -0.0015086395045898436 -3.4031677611313929e-05 -0.00017913512478203103 3.3746196884123193e-05 0.00070610840975743403 -0.00018408993267721272 2.6100517148055445e-05 -3.9041911936036574e-05 0.00070860457965905843
leaf_weight=3927 9386 4565 1166 763 4073 1208 500 937 535 943 1827 1472 8318 2538 3757 34754 3630 1547 9417 36599 2538 2242 4089 24884 5680 3993 1034 108392 17184 780
leaf_count=3927 9386 4565 1166 763 4073 1208 500 937 535 943 1827 1472 8318 2538 3757 34754 3630 1547 9417 36599 2538 2242 4089 24884 5680 3993 1034 108392 17184 780
internal_value=-8.25933e-06 -0.000692673 -0.000341177 -0.000517674 0.00186751 0.00436266 0.0100526 0.00162916 0.00924426 0.0137668 -0.00103726 -0.00298968 -0.00462798 -0.00975124 0.00147903 -0.000248994 0.00297975 0.00492578 0.000245732 0.000931809 0.00146532 -0.00254822 -0.00548475 -0.000347306 0.00359747 0.0029432 -0.0120207 -0.000183749 -0.00226169 -0.00546194
internal_weight=302678 81919 72533 71367 12761 8196 2651 5545 1472 2151 58606 16848 12328 4010 4520 41758 7004 5177 220759 84986 73694 11292 7365 33102 8218 40592 3276 135773 27381 10197
internal_count=302678 81919 72533 71367 12761 8196 2651 5545 1472 2151 58606 16848 12328 4010 4520 41758 7004 5177 220759 84986 73694 11292 7365 33102 8218 40592 3276 135773 27381 10197
is_linear=0
shrinkage=0.05


Tree=206
num_leaves=31
num_cat=0
split_feature=41 65 32 54 69 66 58 65 65 58 68 55 65 58 54 73 63 55 13 23 63 65 72 54 19 73 13 73 21 58
split_gain=17.3969 38.2037 27.8592 19.097 117.075 95.8549 76.8119 68.3519 49.2255 67.6533 43.6411 31.4064 47.8838 21.4494 72.4355 76.7932 96.8583 69.3233 63.861 57.0273 69.3031 70.4227 44.0784 42.8798 38.293 35.8142 32.7845 28.3893 27.1784 31.8831
threshold=0.0075270228553563365 -0.22968477010726926 -0.19626688212156293 9.4403204917907733 0.017325930297374729 -0.22976545989513394 0.26589320600032812 -0.01189136505126953 0.055614054203033454 0.54211843013763439 -0.068734906613826738 1.0000000180025095e-35 0.086961686611175551 0.070422533899545683 6.8267512321472177 0.59302836656570446 -0.12289276719093321 1.0000000180025095e-35 0.037790233269333846 -0.13766927272081372 -0.12289276719093321 -0.29933384060859675 0.54801282286643993 3.1137374639511113 0.1079549975693226 0.7073921561241151 -0.49489067494869227 0.240274153649807 0.6061072349548341 0.73004695773124706
decision_type=8 10 10 2 10 8 2 10 10 2 8 2 8 2 2 8 10 2 10 10 10 10 10 2 10 8 8 10 8 2
left_child=1 -1 -3 13 5 -5 10 -7 -9 -10 -6 -8 -13 14 19 16 17 -16 -17 24 21 23 -22 25 26 -21 -2 -19 -15 -30
right_child=3 2 -4 4 6 7 11 8 9 -11 -12 12 -14 28 15 18 -18 27 -20 20 22 -23 -24 -25 -26 -27 -28 -29 29 -31
leaf_value=-0.00041860168052183132 -0.0018215308096735426 0.00068155865965300222 0.00016167404706409483 0.00018423263006917825 0.00017158695210529336 -0.0022294184195849076 0.00076996676286301947 -3.6414002214208743e-05 -0.00025732237199170663 -0.0023654876556242809 -0.00085523311231603012 0.00083472671326085537 -0.00024975386500794837 -7.1567888171227785e-06 -0.00022811682255266817 -0.00024544900365602379 0.0034958297715309578 0.0018504726909119029 0.0050997920187027708 0.0018462170928162328 -0.00021836707348521554 0.0014588328506065962 -0.0012894591922523284 -0.00088403548747679203 -0.001366333885402215 -0.0005885140199559059 0.00041879650865976078 0.0037732152095030693 -0.0010510309779842603 0.00028188365256341837
leaf_weight=693 660 519 1008 995 866 638 988 882 567 559 682 523 708 250856 1160 3057 516 575 503 783 712 681 1364 3439 1363 869 18122 513 5971 2837
leaf_count=693 660 519 1008 995 866 638 988 882 567 559 682 523 708 250856 1160 3057 516 575 503 783 712 681 1364 3439 1363 869 18122 513 5971 2837
internal_value=-5.02274e-05 0.00434978 0.00875081 -8.27806e-05 -0.0025883 -0.00897015 0.0035875 -0.0139307 -0.00931615 -0.0161972 -0.00494223 0.00953342 0.00414988 -1.95584e-05 0.00115507 0.00598358 0.0122206 0.00766165 0.00112045 6.24933e-05 -0.00355052 -0.000726392 -0.0113615 -0.00275436 0.0014711 0.00385078 0.00205939 0.0166667 -0.000174835 -0.00290315
internal_weight=303609 2220 1527 301389 7408 3641 3767 2646 2008 1126 1548 2219 1231 293981 34317 6324 2764 2248 3560 27993 7848 5772 2076 5091 20145 1652 18782 1088 259664 8808
internal_count=303609 2220 1527 301389 7408 3641 3767 2646 2008 1126 1548 2219 1231 293981 34317 6324 2764 2248 3560 27993 7848 5772 2076 5091 20145 1652 18782 1088 259664 8808
is_linear=0
shrinkage=0.05


Tree=207
num_leaves=31
num_cat=0
split_feature=42 65 63 69 60 63 40 65 72 29 41 69 33 19 72 19 17 66 33 61 72 63 67 65 18 65 46 74 41 34
split_gain=21.3594 50.3584 77.7619 53.4183 55.9239 52.2426 37.7962 59.1334 102.464 67.6799 67.2049 53.4046 42.5944 42.2271 41.8007 40.3994 49.1367 39.7416 58.4303 46.85 37.2499 34.085 35.8547 33.5578 88.3785 80.3053 80.4607 72.1013 64.3854 59.8344
threshold=0.023817717097699646 -0.30392172932624811 -0.12380453944206236 0.030849206261336807 -0.19288334995508191 -0.056972593069076531 0.016465772874653343 0.062154293060302741 0.50375941395759594 -0.05074722692370414 0.015793753787875179 0.012069122400134804 0.09556934237480165 -0.017900647595524784 0.66355198621749889 -0.055937571451067918 0.0065998069476336249 -0.33412660658359522 0.13571631908416751 -0.037239134311676018 0.35136295855045324 0.038372218608856208 0.23914169520139697 -0.23058083653450009 -0.13620640337467191 -0.20184394717216489 9.5000000000000018 0.23666694015264514 0.23309560120105746 0.36703571677207952
decision_type=8 8 8 10 8 10 10 8 10 8 10 10 10 10 10 10 8 10 10 10 10 10 10 10 10 10 10 8 10 8
left_child=1 -1 -3 4 -4 -5 7 9 15 11 -10 20 -8 17 -15 16 -9 18 -13 -19 -6 22 -14 -2 25 26 -25 29 -26 -27
right_child=23 2 3 5 6 -7 12 8 10 -11 -12 13 21 14 -16 -17 -18 19 -20 -21 -22 -23 -24 24 28 27 -28 -29 -30 -31
leaf_value=-0.0006318742475906647 4.6284713469400916e-05 0.0009243857698801258 -0.00082904832351905441 0.0010720675892700437 -3.5708077647273605e-05 8.0141022392885009e-05 0.00041838898374162907 -0.00074121952353181685 -0.0021278450953794124 0.00038852999734969776 -0.00059331957375870128 -0.00033479232651260541 -0.00039442102719394252 -0.0008234091577083738 -1.7500503342523547e-05 0.00011418214742398431 0.00030531985435000163 0.0010534833038989128 0.00022854540155141232 7.7361141276365884e-05 0.00040006409370170817 0.00058423113142821916 0.00034633880612352217 -0.0002911900946482926 -1.1269777619410138e-05 0.00013235196251187736 -0.001729503328730496 -0.00051256056153448722 -0.0045329354883016674 -0.00098105119943859296
leaf_weight=1325 108742 1197 1420 934 1623 1253 4628 1518 726 1122 649 4028 3046 916 884 3685 851 595 1416 3029 2610 2648 2080 2210 126980 11088 1603 8040 600 1197
leaf_count=1325 108742 1197 1420 934 1623 1253 4628 1518 726 1122 649 4028 3046 916 884 3685 851 595 1416 3029 2610 2648 2080 2210 126980 11088 1603 8040 600 1197
internal_value=-6.36042e-05 0.00098002 0.00129196 0.000911245 0.000466866 0.00848885 0.000851264 -0.00032119 -0.00401264 0.00137066 -0.0162816 0.000486401 0.00308572 -0.00136974 -0.00834254 -0.00120383 -0.00628415 2.20313e-05 -0.00267693 0.00407265 0.00524393 0.000822199 -0.00155763 -0.000232656 -0.000713118 -0.00348683 -0.010136 -0.00223506 -0.000188103 0.000174868
internal_weight=302643 42183 40858 39661 37474 2187 36054 23652 7429 16223 1375 15101 12402 10868 1800 6054 2369 9068 5444 3624 4233 7774 5126 260460 151718 24138 3813 20325 127580 12285
internal_count=302643 42183 40858 39661 37474 2187 36054 23652 7429 16223 1375 15101 12402 10868 1800 6054 2369 9068 5444 3624 4233 7774 5126 260460 151718 24138 3813 20325 127580 12285
is_linear=0
shrinkage=0.05


Tree=208
num_leaves=31
num_cat=0
split_feature=36 54 66 63 69 30 60 66 75 54 42 21 63 63 67 40 58 69 68 30 69 7 27 70 35 49 36 54 67 54
split_gain=17.8928 54.9887 53.6788 43.941 39.3154 39.4082 28.9364 28.5266 36.6393 26.4635 26.1624 30.786 31.7828 34.496 32.4664 29.1921 70.7129 47.4884 45.9449 33.2255 31.8402 31.0764 27.0703 25.7509 24.5338 24.4539 24.3487 24.2908 22.3336 35.3616
threshold=18.936777114868168 4.0074241161346444 -0.39883019030094141 -0.018152415752410885 0.030326643027365211 0.033333703875541694 0.089360002428293242 -0.27054020762443537 0.54002910852432262 1.089403033256531 0.012258817907422783 1.0000000180025095e-35 -0.016228049993515011 0.044269859790802009 0.25823982059955602 0.013794122729450466 0.64666709303855907 0.009492550045251848 -0.017101226374506947 0.32059663534164434 0.012069122400134804 0.032086569815874107 0.10256684944033624 -0.016833054833114144 5.9170765876770028 0.027102478779852394 10.002866744995119 4.5590739250183114 0.091266311705112471 1.7741041183471682
decision_type=2 2 8 8 10 8 10 8 10 2 10 10 8 10 8 10 2 10 10 10 10 8 10 10 2 2 2 2 10 2
left_child=1 3 26 9 5 23 25 8 -7 -1 11 -2 -13 -14 -15 16 17 -12 20 27 -19 -18 -22 -4 -6 -5 -3 -20 -11 -30
right_child=10 2 4 6 24 7 -8 -9 -10 28 15 12 13 14 -16 -17 21 18 19 -21 22 -23 -24 -25 -26 -27 -28 -29 29 -31
leaf_value=0.0013444019308734552 -0.00030761584475278992 -0.001757002293084941 -0.00020900559244001885 0.0018727588015084917 0.0013289124621370385 -0.00044672016622889811 -0.00071110707433452529 -0.00049639780186283881 -0.0021279414946958376 -0.00044941392551425845 -0.00080840948394749379 0.00042365721012890009 -0.00021470544994785167 4.3117777956316189e-07 0.0010847002753373916 1.6510517842263478e-05 -0.00025031284241481362 0.00023796293237868943 -0.00017084639246981836 -0.0001644311468795499 -0.00023425453437480055 -0.0018468601593280593 0.00020751613384837445 0.00021331641716471704 6.2797683134160204e-05 -0.00045886221291691347 -0.00093389118090285753 0.00031575538789101166 -0.00075835832355740308 0.00061134660692560225
leaf_weight=574 1273 554 3500 3785 525 1375 502 5887 641 5369 1152 2373 1417 690 565 252605 576 1041 681 965 4886 621 591 2529 841 771 621 2342 957 2707
leaf_count=574 1273 554 3500 3785 525 1375 502 5887 641 5369 1152 2373 1417 690 565 252605 576 1041 681 965 4886 621 591 2529 841 771 621 2342 957 2707
internal_value=-4.62159e-06 -0.00113972 -0.0031214 0.00108688 -0.00232558 -0.00312007 0.00485399 -0.00544041 -0.0105627 -0.000899449 0.000125465 0.00330278 0.0050544 0.001305 0.00731225 4.97231e-05 -0.00227361 -0.00107988 -1.90186e-05 0.0042021 -0.00260417 -0.0137945 -0.00412794 -7.45156e-05 0.00574128 0.00611038 -0.0133755 0.00677547 -0.00156475 0.00144257
internal_weight=302916 31138 16473 14665 15298 13932 5058 7903 2016 9607 271778 6318 5045 2672 1255 265460 12855 11658 10506 3988 6518 1197 5477 6029 1366 4556 1175 3023 9033 3664
internal_count=302916 31138 16473 14665 15298 13932 5058 7903 2016 9607 271778 6318 5045 2672 1255 265460 12855 11658 10506 3988 6518 1197 5477 6029 1366 4556 1175 3023 9033 3664
is_linear=0
shrinkage=0.05


Tree=209
num_leaves=31
num_cat=0
split_feature=48 62 54 63 58 19 74 19 47 54 69 60 28 7 18 38 71 38 74 27 60 63 11 69 28 54 58 16 74 58
split_gain=23.9556 26.0242 27.3511 52.582 21.0493 20.5967 19.9902 24.3475 18.3543 24.8981 76.9171 74.3199 46.9011 40.3873 31.661 45.0979 31.8479 31.2634 36.8309 31.7262 44.1436 30.3574 28.5488 27.3619 26.4773 55.288 123.507 98.6288 57.2846 46.5178
threshold=0.25221729278564459 -0.16478744149208066 4.0944278240203866 -0.23902639746665952 0.6668415665626527 0.26428805291652685 0.32862283289432531 0.89023306965827953 -0.027448690496385094 1.825355112552643 0.03865072317421437 -0.19288334995508191 0.81787800788879406 -0.2363760098814964 -0.027455895207822319 0.21836719661951068 0.23550730198621753 0.30181650817394262 0.81568059325218212 0.082103278487920775 -0.038501882925629609 0.061379373073577888 -0.13991035521030423 0.016382175497710708 0.25062695145607 2.1966687440872197 0.74451306462287914 0.19532793015241626 0.5321159064769746 0.50704225897789013
decision_type=2 8 2 10 2 10 10 8 2 2 8 8 8 8 8 10 8 10 10 10 10 10 8 10 10 2 2 8 8 2
left_child=8 2 -2 -4 6 -6 -3 -8 -1 10 11 -10 13 -13 -14 -16 -17 18 19 20 23 -21 -19 -15 -11 26 27 29 -29 -26
right_child=1 4 3 -5 5 -7 7 -9 9 24 -12 12 14 17 15 16 -18 22 -20 21 -22 -23 -24 -25 25 -27 -28 28 -30 -31
leaf_value=7.6948300804106229e-05 -0.0012054436101507965 -0.0016746530849614527 -0.00064154610508481563 0.0077119295130318724 -0.00024371147130880234 0.0027417657270405061 -0.00093883162137860785 0.00097800699663782675 -0.0013220112372782534 -8.4060162015230094e-05 0.0015722211236943362 0.0010466950057458377 -0.00038448226580720487 -0.00028045798669892934 0.0035372402052662351 0.0028469733390988784 -0.00041979013288506435 8.9873307744169081e-05 -0.0009565899235447642 0.00039105376446837672 -0.0013287485675332888 0.0024256055034766449 -0.0011723897800106449 0.0010973565070911029 -0.00078567808886245835 3.3458425270663903e-05 0.0036836721703141524 -0.00067625996619208187 -0.0024264865175798629 0.00038633399339235014
leaf_weight=64507 881 3523 519 503 1673 503 1932 883 1910 79113 2764 1556 523 918 891 513 811 1725 862 4299 1314 912 2762 800 2800 119474 778 503 1117 1782
leaf_count=64507 881 3523 519 503 1673 503 1932 883 1910 79113 2764 1556 523 918 891 513 811 1725 862 4299 1314 912 2762 800 2800 119474 778 503 1117 1782
internal_value=-1.86431e-05 -0.00237365 0.0029012 0.00843023 -0.00355467 0.000686185 -0.00500945 -0.00185841 6.5267e-05 -0.000145307 0.0014311 0.000338281 0.00134108 0.000250693 0.0073508 0.00995506 0.00404798 -0.000624908 0.00105869 0.00209015 -0.00197239 0.00445317 -0.00403602 0.00329861 -0.000318372 0.000130472 -0.0041917 -0.00655184 -0.0171166 -0.00278746
internal_weight=303051 10417 1903 1022 8514 2176 6338 2815 292634 228127 22560 19796 17886 15148 2738 2215 1324 13592 9105 8243 3032 5211 4487 1718 205567 126454 6980 6202 1620 4582
internal_count=303051 10417 1903 1022 8514 2176 6338 2815 292634 228127 22560 19796 17886 15148 2738 2215 1324 13592 9105 8243 3032 5211 4487 1718 205567 126454 6980 6202 1620 4582
is_linear=0
shrinkage=0.05


Tree=210
num_leaves=31
num_cat=0
split_feature=24 30 18 30 27 42 33 19 16 75 64 9 8 16 33 15 11 66 40 75 69 66 72 32 11 40 33 24 12 41
split_gain=16.2153 33.476 31.7 32.0726 26.5553 26.2271 25.9279 18.9828 27.5425 36.7127 27.4513 22.8401 16.4287 49.8435 50.6269 36.0332 45.7878 41.3669 37.5733 33.6496 34.1745 49.4106 40.0673 53.2978 36.5605 52.808 36.1255 33.4136 32.6149 30.9017
threshold=1.4075815081596377 1.8145652413368227 0.097504492849111571 2.5472692251205449 2.6394140720367436 0.14569841325283053 6.1366150379180917 0.89023306965827953 1.0335515141487124 0.9085463583469392 0.017357766628265384 2.1848050355911259 0.1650103181600571 -0.2177481725811958 0.64860230684280407 0.13621977716684344 1.1363404989242556 -0.27054020762443537 0.09717708453536035 0.32367496192455297 0.011557383462786676 -0.16108464449644086 0.95784151554107677 -0.073861241340637193 1.3966091871261599 0.065627735108137145 2.3777000904083256 0.21444322913885119 -0.0267246700823307 0.033231319859623916
decision_type=10 10 10 10 8 10 8 10 10 10 10 8 10 10 10 10 10 10 10 10 10 10 10 10 10 10 10 10 10 10
left_child=7 4 3 -3 -2 -4 -7 8 12 11 -11 -10 15 28 -15 16 -1 -18 -17 29 21 -21 23 -23 -22 26 -26 -19 -14 -16
right_child=1 2 5 -5 -6 6 -8 -9 9 10 -12 -13 13 14 19 18 17 27 -20 20 24 22 -24 -25 25 -27 -28 -29 -30 -31
leaf_value=1.4236513369135941e-05 -0.00054627223530485242 1.0185766972765909e-06 0.00079528678092875491 0.0043987105558690081 -0.0035152218898894041 -0.0029366568461329347 2.8956084615630771e-05 -0.0016026894099742091 0.00089689920470021093 0.00063512124951831887 0.0048319810500718017 -0.0011965451848710952 -0.00028079952023308614 -0.00043720420916067187 -4.5291104531705595e-07 0.00088469090666366585 -0.0019166444166690043 -0.00036739257578687502 -0.0012144276035079818 -0.00028328218488925542 -0.00034845671981756365 0.0032066541086135272 -0.0016055573333915597 -0.0012004088829600575 0.00051438665061123018 0.0010726913274194281 -0.0019435513364615673 0.0017025360107905006 0.0014526963203308073 0.0013615300136705939
leaf_weight=229719 1877 821 1077 566 556 813 682 894 1373 587 869 767 669 10821 1041 5836 2116 1992 976 3346 21713 3147 737 736 815 4588 1032 504 1401 989
leaf_count=229719 1877 821 1077 566 556 813 682 894 1373 587 869 767 669 10821 1041 5836 2116 1992 976 3346 21713 3147 737 736 815 4588 1032 504 1401 989
internal_value=-9.56875e-06 -0.00249922 0.000340136 0.00640659 -0.00710192 -0.00294345 -0.0072093 4.41556e-05 6.62646e-05 0.00440932 0.0105048 0.000232558 1.26631e-05 -0.000802233 -0.00112404 0.000185152 8.08651e-05 -0.00484639 0.00376722 -0.000267338 -0.000620086 0.00226931 0.00561555 0.00764192 -0.00143831 0.00186967 -0.0052504 -0.000478851 0.00677885 0.00598039
internal_weight=303060 6392 3959 1387 2433 2572 1495 296668 295774 3596 1456 2140 292178 51035 48965 241143 234331 4612 6812 38144 36114 7966 4620 3883 28148 6435 1847 2496 2070 2030
internal_count=303060 6392 3959 1387 2433 2572 1495 296668 295774 3596 1456 2140 292178 51035 48965 241143 234331 4612 6812 38144 36114 7966 4620 3883 28148 6435 1847 2496 2070 2030
is_linear=0
shrinkage=0.05


Tree=211
num_leaves=31
num_cat=0
split_feature=73 2 69 19 26 19 23 66 33 63 43 60 60 19 59 10 42 43 54 57 69 43 63 74 6 69 69 19 54 6
split_gain=16.0044 14.3963 33.6079 118.308 44.2786 43.5166 28.2457 32.6645 51.9588 45.2593 41.9165 37.8694 40.6809 30.9641 42.2927 38.9661 34.9195 30.8665 30.8654 42.7556 40.6534 34.4363 32.7602 27.1814 27.1752 28.7575 28.4217 38.6194 35.8238 35.1375
threshold=0.0042283304501324901 0.002657084609381855 0.0084714260883629339 0.10027002543210985 -0.056432234123349183 -0.066928446292877183 -0.1274188160896301 -0.34316363930702204 0.1548489332199097 -0.12036487460136412 0.83486562967300426 -0.1636436656117439 -0.041994763538241379 -0.15863762050867078 -0.021251571364700791 -0.25909577310085291 0.022726645693182949 0.84970623254776012 8.8492989540100115 0.16789819300174716 0.018903178162872795 0.50659292936325084 0.1037314534187317 0.65184125304222118 -0.034639669582247727 0.014052977785468103 0.013727867510169746 -0.060249364003539078 8.351905822753908 0.097483776509761824
decision_type=8 8 8 10 10 10 10 8 8 8 10 10 10 8 10 8 10 10 2 2 10 8 8 10 8 10 8 8 2 10
left_child=-1 -2 3 4 5 -3 18 8 11 17 -10 -8 -13 14 -11 -15 -16 -9 19 -4 -20 -21 23 -23 25 -17 -26 28 29 -28
right_child=1 2 6 -5 -6 -7 7 9 10 13 -12 12 -14 15 16 24 -18 -19 20 21 -22 22 -24 -25 26 -27 27 -29 -30 -31
leaf_value=-0.00095165375430459123 2.3209814028720462e-05 -0.0016965663833006066 0.00029514270288739784 0.002625700494176951 -0.0027796008300593924 0.00032543709571786292 -0.0008737538455985518 -0.00010724249694158248 0.00055107832022303958 0.00045817574202526443 0.00013531745233335714 0.0001654897404009037 -0.00064689883534954195 0.00062021765156985249 0.00068569198184926985 -0.00051143786267717915 -0.0005014304150911949 0.0015084337007766993 -0.0020111074344641524 0.00024690154867330243 -6.1969927677925013e-05 -0.00058276513140288928 0.00017061216084057881 1.5044829854756088e-05 0.00020083059566885272 -3.0826968042924066e-05 5.1124462365809146e-05 8.4673578152357102e-06 -0.00095301440644095486 -0.0007212686894224118
leaf_weight=1166 181975 931 9968 1142 955 897 1017 504 4835 1341 6870 2506 625 1881 513 2717 5656 833 500 4626 604 15016 4344 3305 13253 4295 2399 25591 564 1752
leaf_count=1166 181975 931 9968 1142 955 897 1017 504 4835 1341 6870 2506 625 1881 513 2717 5656 833 500 4626 604 15016 4344 3305 13253 4295 2399 25591 564 1752
internal_value=-4.57714e-05 -2.30571e-05 -0.00044956 -0.00499365 -0.0105442 -0.00593036 -0.000294741 0.000256603 0.00227889 -0.000266682 0.00398207 -0.00252525 0.00020694 -0.000470219 -0.00347074 -4.0029e-05 -0.00521929 0.00879733 -0.00140333 -0.0011578 -0.00960503 -0.00218124 -0.00298346 -0.00390868 -0.000303474 -0.00318997 0.000161812 -0.000682808 -0.00483598 -0.00320836
internal_weight=302581 301415 119440 3925 2783 1828 115515 77152 15853 61299 11705 4148 3131 59962 7510 52452 6169 1337 38363 37259 1104 27291 22665 18321 50571 7012 43559 30306 4715 4151
internal_count=302581 301415 119440 3925 2783 1828 115515 77152 15853 61299 11705 4148 3131 59962 7510 52452 6169 1337 38363 37259 1104 27291 22665 18321 50571 7012 43559 30306 4715 4151
is_linear=0
shrinkage=0.05


Tree=212
num_leaves=31
num_cat=0
split_feature=3 73 20 73 18 54 11 32 60 11 54 54 58 36 32 25 58 61 54 28 70 41 57 8 53 15 19 54 57 10
split_gain=19.8101 18.8427 18.3281 15.9197 40.0134 36.3172 27.5751 24.3513 23.4167 46.3836 28.5482 20.705 25.7961 20.2141 27.381 19.921 19.8252 25.3899 19.7589 19.3873 16.7447 21.251 25.0448 33.276 31.9997 36.8839 30.5885 24.7926 35.3931 30.8113
threshold=0.93564787507057201 0.0042283304501324901 -0.36474026739597315 0.95387178659439098 -0.29294627904891962 2.2990788221359257 4.8643116950988778 -0.61332067847251881 0.0019265938899479809 0.23771376162767413 3.9451675415039067 3.9451675415039067 0.29694835841655737 90.694725036621108 -0.016218693926930424 0.834793120622635 0.33450703322887426 -0.0033208727836608882 5.8082926273345956 0.52929240465164196 -0.11638328433036803 0.072632335126400008 0.32703211903572088 0.079767841845750823 1.0000000180025095e-35 -0.22896604239940641 -0.088788703083991991 6.3768801689147958 0.8388040065765382 0.37000539898872381
decision_type=10 8 10 10 10 2 8 10 10 10 2 2 2 2 10 10 2 10 2 10 8 8 2 8 10 10 10 2 2 8
left_child=1 2 -1 13 19 7 8 -6 16 -10 -11 -8 -13 14 20 -12 17 -7 -16 -5 21 27 23 26 -24 -26 -23 28 -3 -29
right_child=-2 3 -4 4 5 6 11 -9 9 10 15 12 -14 -15 18 -17 -18 -19 -20 -21 -22 22 24 -25 25 -27 -28 29 -30 -31
leaf_value=-0.0019888468270978874 -0.001497484806748231 0.00035063116229363942 0.00010505162718951883 -0.00018583996343599606 0.001112578261127014 0.0003590866576433836 -0.0022533245852736422 -0.0013792127312372907 0.0062838464153256238 0.0049078295254481362 -0.0015274293508183324 0.0028432259805529795 -0.00059170852713895253 0.00096086107467198997 -0.00030225329080642158 0.0014356217615755587 -0.00014237871402792581 0.0018390784786420555 -0.0013493633602219759 -0.0019499472840614068 -2.1200409061343518e-05 0.00048153048926177224 -0.00042872837833896071 0.00084630949317885328 0.0021833313718334288 -0.00040627162572355038 -0.0010216725013786746 0.00011148330042598382 0.0013233248343730655 -0.001324554507362662
leaf_weight=656 1216 7802 536 576 501 2214 549 1378 569 776 503 623 1087 1456 1377 549 1800 999 655 545 255007 2520 7582 3453 595 620 1929 2957 871 1088
leaf_count=656 1216 7802 536 576 501 2214 549 1378 569 776 503 623 1087 1456 1377 549 1800 999 655 545 255007 2520 7582 3453 595 620 1929 2957 871 1088
internal_value=-0.000100825 -7.50539e-05 -0.0063228 -5.0068e-05 0.00168389 0.002561 0.00379688 -0.00378507 0.00526954 0.00932696 0.00538629 -0.0010357 0.00168605 -0.000126423 -0.000156389 0 0.00331475 0.00566243 -0.00592556 -0.00729443 -0.000114965 0.00101437 -0.000158597 0.00188322 -0.00199273 0.0055102 -0.000975555 0.00255343 0.00405966 -0.000678175
internal_weight=302989 301773 1192 300581 12669 11548 9669 1879 7410 2397 1828 2259 1710 287912 286456 1052 5013 3213 2032 1121 284424 29417 16699 7902 8797 1215 4449 12718 8673 4045
internal_count=302989 301773 1192 300581 12669 11548 9669 1879 7410 2397 1828 2259 1710 287912 286456 1052 5013 3213 2032 1121 284424 29417 16699 7902 8797 1215 4449 12718 8673 4045
is_linear=0
shrinkage=0.05


Tree=213
num_leaves=31
num_cat=0
split_feature=33 54 65 69 54 66 19 46 74 40 63 69 66 36 17 53 67 65 54 66 67 65 42 15 36 46 60 57 8 29
split_gain=14.6412 56.3992 141.335 81.8017 95.7126 74.2176 72.4352 66.5477 63.6814 61.4567 60.7601 74.3872 65.2051 57.4243 54.218 51.6272 49.7695 49.6956 49.0481 46.2629 64.0034 65.7918 66.962 47.907 47.8625 45.9422 70.6644 49.0549 45.6852 42.69
threshold=0.14105502516031268 5.9586830139160165 0.13726484775543216 0.016382175497710708 1.913239121437073 -0.41795988380908961 -0.016405681148171421 13.500000000000002 0.097741287201643004 0.016465772874653343 -0.12289276719093321 0.0098226633854210394 -0.35092857480049128 4.4882924556732187 -0.11482225731015204 0.087121214717626586 0.12212608382105829 0.083996891975402846 7.3653383255004892 -0.15449483692646024 0.091266311705112471 -0.24285489320755002 0.023456039838492874 -0.2258552089333534 61.493894577026374 1.5000000000000002 -0.1073615401983261 0.064556926488876357 -0.17315664887428281 -0.26912839710712427
decision_type=10 2 10 8 2 8 10 10 10 10 8 8 10 2 10 10 10 10 2 10 10 8 10 8 2 10 8 2 10 8
left_child=1 2 3 8 15 14 -4 17 -1 10 -7 -12 16 -10 -3 -5 18 -6 -13 20 25 -22 -23 -21 -24 27 -27 -11 -28 -29
right_child=-2 5 6 4 7 9 -8 -9 13 19 11 12 -14 -15 -16 -17 -18 -19 -20 23 21 22 24 -25 -26 26 28 29 -30 -31
leaf_value=-0.001265076885696703 2.2142681459327158e-05 0.00047763522480455081 -0.001910180414434832 0.00057127434505487311 6.9839799464287326e-05 0.00080798551472312154 -5.766295456187398e-05 -0.00058280032747614935 0.00077537578895629257 -0.00032220107636683987 -0.0013272482209111952 7.8609578006620667e-05 8.6712010115751978e-05 -0.000315575277453389 -0.00086500972811195606 0.003415477671984227 -0.00087107318844375299 -0.00075698609494103124 -0.00090065377132972119 0.0026537785485042883 -0.00074184596962263195 0.00091190996973890845 6.822244818692307e-07 0.00032219259773105628 -0.0020953596084214566 -0.00017102910071821738 0.0005670041077601287 0.0013615720972377837 0.00071402363392331504 -0.00022023783060239594
leaf_weight=2761 190551 718 2020 8463 27382 759 1077 8785 1657 771 1001 2653 7802 13658 1397 525 548 1054 2264 513 1375 608 7111 6617 538 3845 2932 2346 1223 507
leaf_count=2761 190551 718 2020 8463 27382 759 1077 8785 1657 771 1001 2653 7802 13658 1397 525 548 1054 2264 513 1375 608 7111 6617 538 3845 2932 2346 1223 507
internal_value=-4.30025e-05 -0.000494155 -0.00141263 -0.000909091 0.000206625 0.000865211 -0.0118281 -0.000911875 -0.00375981 0.00131152 -0.00127353 -0.00201009 -0.00101303 -0.00249592 -0.00825882 0.00483441 -0.00519635 0.000263657 -0.0035823 0.00267995 0.00150945 -0.00150384 0.000187492 0.00616246 -0.00109022 0.0040055 0.00188514 0.00866813 0.00639856 0.0116835
internal_weight=303461 112910 67382 64285 46209 45528 3097 37221 18076 43413 15027 14268 13267 15315 2115 8988 5465 28436 4917 28386 21256 9632 8257 7130 7649 11624 8000 3624 4155 2853
internal_count=303461 112910 67382 64285 46209 45528 3097 37221 18076 43413 15027 14268 13267 15315 2115 8988 5465 28436 4917 28386 21256 9632 8257 7130 7649 11624 8000 3624 4155 2853
is_linear=0
shrinkage=0.05


Tree=214
num_leaves=31
num_cat=0
split_feature=12 61 14 34 41 55 8 24 18 30 62 54 54 11 38 45 69 50 64 68 54 39 65 69 55 46 11 63 64 38
split_gain=15.2988 23.8601 30.3013 24.4286 17.5481 56.5689 52.3747 56.3378 57.5827 51.4843 49.2164 43.5454 38.1675 37.5273 34.632 30.669 28.551 34.9918 27.5945 72.3482 56.2155 47.9368 33.768 55.3224 32.9791 35.0215 29.9666 26.9196 25.08 24.5709
threshold=0.27518749237060552 0.0022211074829101567 -0.088307600468397127 0.87573516368865978 0.10462068021297456 1.5000000000000002 -0.44490548968315119 0.13525907695293429 -0.054964864626526826 0.57654082775115978 -0.033386319875717156 4.8829913139343271 5.1299579143524179 1.1363404989242556 0.50891399383544933 24.500000000000004 0.015256227459758522 0.00032910976733546709 -0.00074666738510131825 0.018180883489549163 4.1805987358093271 0.17029547691345218 0.10496115684509279 0.025682572275400165 1.0000000180025095e-35 26.500000000000004 0.73682451248168956 -0.053020179271697991 -0.038006126880645745 1.201712489128113
decision_type=10 10 10 8 10 2 10 10 10 10 10 2 2 8 10 10 10 2 10 10 2 10 10 10 2 10 10 10 10 10
left_child=4 -2 -3 -4 -1 6 12 8 9 15 -7 13 16 -10 -14 -8 -6 -18 24 20 21 -20 -21 -24 25 -9 -22 -15 29 -16
right_child=1 2 3 -5 5 10 7 18 11 -11 -12 -13 14 27 28 -17 17 -19 19 22 26 -23 23 -25 -26 -27 -28 -29 -30 -31
leaf_value=-7.5938726768462255e-06 -0.0025325057043448086 -0.0018354887975822098 -0.00077843784164913785 0.0010683158117890349 0.000644713545826647 0.0002294099587815892 0.0020415458497390834 4.8056468888087878e-05 0.0019857893645541251 0.0035150491076857276 -0.0016513769393257602 -0.00088111650231724361 -0.0013998746635544498 0.0010744023254487158 0.0021243834818219297 -0.00018242194882089714 -0.00018551741972730164 -0.0014097792004568331 0.0036505677235188281 -0.0014158298188923588 0.00065275213748012173 -0.00027854466787011298 0.0045709016745503735 -0.0015931153404214534 0.0016963767469988296 -0.0012803963883767436 -0.0019806946798973757 -0.0017434379007649937 -0.00080665289440588349 9.5475011768600407e-05
leaf_weight=258264 852 808 1499 1535 723 536 811 11220 1624 1526 784 921 502 1063 1217 885 2530 2693 2527 1430 1084 646 924 808 955 2057 630 510 526 880
leaf_count=258264 852 808 1499 1535 723 536 811 11220 1624 1526 784 921 502 1063 1217 885 2530 2693 2527 1430 1084 646 924 808 955 2057 630 510 526 880
internal_value=2.31038e-05 -0.00280612 -0.0011163 0.00118265 6.77202e-05 0.00104193 0.00139011 0.00240795 0.00620408 0.0112005 -0.00909774 0.00227713 -0.00193261 0.00503586 0.00253589 0.00515826 -0.0042814 -0.00557042 0.00115517 0.00349299 0.00730039 0.0112315 -0.00239596 0.00229621 -0.000168516 -0.000816588 0 -0.000473784 0.00484239 0.00728524
internal_weight=302970 4694 3842 3034 298276 40012 38692 29621 7340 3222 1320 4118 9071 3197 3125 1696 5946 5223 22281 8049 4887 3173 3162 1732 14232 13277 1714 1573 2623 2097
internal_count=302970 4694 3842 3034 298276 40012 38692 29621 7340 3222 1320 4118 9071 3197 3125 1696 5946 5223 22281 8049 4887 3173 3162 1732 14232 13277 1714 1573 2623 2097
is_linear=0
shrinkage=0.05


Tree=215
num_leaves=31
num_cat=0
split_feature=70 59 11 67 67 13 10 10 54 73 11 60 67 41 54 30 24 0 49 59 5 9 15 54 57 67 59 68 60 55
split_gain=17.2153 37.7212 41.5968 35.3297 26.1808 23.0088 20.1097 19.1158 19.6315 17.9323 32.2254 42.0547 18.9351 21.0514 17.2588 16.2671 15.5644 14.8718 26.4412 20.5157 20.1344 21.9673 36.0734 29.1582 27.0869 24.8405 18.1092 16.6723 16.5084 37.9813
threshold=0.46377271413803106 -0.010491319466382263 3.1096160411834721 0.15399915724992755 0.23152766376733783 0.34633524715900427 4.7689545154571542 2.0836906433105473 3.8544998168945317 0.95774054527282726 0.51147907972335827 0.033707875758409507 0.15114308148622516 0.045590361580252654 3.7991901636123662 8.2159690856933612 0.36898472905159002 0.014890786260366442 1.0000000180025095e-35 0.22201058268547061 -0.25836668908596033 0.20317965745925906 0.10398082807660104 6.8560881614685067 0.52808025479316723 0.43712089955806738 -0.27293194830417628 0.13596899062395099 0.31487071514129644 1.0000000180025095e-35
decision_type=10 10 10 10 8 10 10 8 2 10 10 10 10 8 2 10 10 10 2 10 10 10 10 2 2 10 8 8 10 2
left_child=6 3 4 -2 -3 -6 9 8 -7 15 11 12 13 -11 -15 17 -12 19 27 28 26 22 -22 25 -25 -23 -20 -19 -1 -30
right_child=1 2 -4 -5 5 7 -8 -9 -10 10 16 -13 -14 14 -16 -17 -18 18 20 -21 21 23 -24 24 -26 -27 -28 -29 29 -31
leaf_value=9.8917371903270785e-06 0.0012663806341843557 0.0010601266681729584 0.0031067430897970694 -0.0024931563932267726 0.00077538638757811422 -0.0035609374604078994 -0.0012651195326460073 -0.00043892115667725705 -0.00095770674775317178 -0.0005884318131280105 0.0028667667044263282 0.0028622020149205204 -0.0010192144195351261 -0.00017124817611029032 0.00095207004372039087 0.0013631214693309779 0.0011089978575820622 1.8978248914093554e-06 0.00044511800253544434 0.0009901734506997926 -8.9012518838512905e-05 -0.00021639158367127293 0.00075513588641253244 -0.00045514581158389439 -0.0017621580601254153 -0.0015618530035241976 -0.0013516137811526757 0.00058329937066833296 -0.00041456010909870545 0.00020932576023568105
leaf_weight=213876 518 1192 809 1302 709 579 617 1248 689 1021 759 661 1387 1086 1044 513 1578 22041 627 1408 25460 7797 2106 886 652 505 2820 3056 4646 1482
leaf_count=213876 518 1192 809 1302 709 579 617 1248 689 1021 759 661 1387 1086 1044 513 1578 22041 627 1408 25460 7797 2106 886 652 505 2820 3056 4646 1482
internal_value=-0.000124388 -0.00256519 -0.00040107 -0.00874317 -0.00231534 -0.00465224 -6.62077e-05 -0.00688836 -0.0111894 -4.72207e-05 0.00235887 0.000163179 -0.00156113 0.000585258 0.00341121 -0.000110287 0.00722199 -0.000126317 -0.000785324 7.00021e-05 -0.00156988 -0.00123209 -0.000507688 -0.00325888 -0.00956072 -0.00208133 -0.00522129 0.000491895 3.13616e-05 -0.00252525
internal_weight=303074 7046 5226 1820 4417 3225 296028 2516 1268 295411 7536 5199 4538 3151 2130 287875 2337 287362 65950 221412 40853 37406 27566 9840 1538 8302 3447 25097 220004 6128
internal_count=303074 7046 5226 1820 4417 3225 296028 2516 1268 295411 7536 5199 4538 3151 2130 287875 2337 287362 65950 221412 40853 37406 27566 9840 1538 8302 3447 25097 220004 6128
is_linear=0
shrinkage=0.05


Tree=216
num_leaves=31
num_cat=0
split_feature=1 17 36 40 62 57 41 24 74 60 18 66 60 9 75 20 16 16 59 55 41 16 60 48 34 60 8 4 26 8
split_gain=15.8761 22.9721 19.2858 21.1182 19.1851 15.7299 15.5447 30.8796 27.4331 25.422 27.3755 25.0912 45.3289 50.4044 37.564 35.95 51.586 40.7928 31.2633 33.7394 26.1229 21.292 19.6105 34.5499 33.5633 21.2804 37.477 20.1119 20.5817 20.0988
threshold=0.14982086420059207 -0.28493806719779963 86.629043579101577 0.088590774685144438 -0.092428326606750474 0.72172069549560558 0.14659219235181811 1.9330531954765322 0.76926234364509594 -0.21442994475364682 0.95542469620704662 -0.04289420694112777 0.018331309780478481 1.6188675165176394 0.98740041255950939 -0.18424475938081739 -0.18510279059410092 -0.066725008189678178 -0.033878397196531289 1.0000000180025095e-35 0.16490755230188373 -0.39803703129291529 -0.30476647615432734 0.13697454333305362 0.20584120601415637 -0.35635043680667872 -0.33700616657733912 -0.44974210858345026 -0.74592787027358998 0.18234621733427051
decision_type=10 10 2 10 10 2 10 10 8 8 8 10 8 10 10 10 10 10 10 2 10 10 8 2 10 10 8 8 8 10
left_child=2 4 6 5 -2 -4 7 22 11 -10 -11 12 13 15 20 21 18 -18 19 -17 -14 -8 23 24 25 -1 -27 -24 -29 -30
right_child=1 -3 3 -5 -6 -7 8 -9 9 10 -12 -13 14 -15 -16 16 17 -19 -20 -21 -22 -23 27 -25 -26 26 -28 28 29 -31
leaf_value=-0.00037192211430241812 1.1961863602083858e-05 -0.00014718298462681537 0.00035352255861431962 -0.0010324620979880808 -0.0019408499656867369 0.001595219326275211 0.00023931052907383532 -0.0018511374263008599 -0.0013656519978776024 0.0020596540613869326 -0.0003849187634511577 -0.0015374082836402123 0.0013767663473076524 -0.0027423019513960331 -0.00011767012612834729 0.00052124762200584588 0.0044308065410509721 0.0010742100333657543 0.00071212110374964561 -0.0015660853720783241 0.0053485563780715098 -0.0010594843383591943 -0.0014684199855782227 0.001074006722771939 -7.6332854728303732e-05 -0.00079945585002448344 -0.0025724992212216714 0.0012939888301646539 2.1061474908961807e-05 -0.00013284938948847496
leaf_weight=901 605 8523 1630 541 1134 1258 3071 716 1118 510 1388 700 779 612 688 659 689 903 2465 515 960 1257 718 957 2605 762 522 656 221605 43303
leaf_count=901 605 8523 1630 541 1134 1258 3071 716 1118 510 1388 700 779 612 688 659 689 903 2465 515 960 1257 718 957 2605 762 522 656 221605 43303
internal_value=3.36901e-05 -0.00189836 0.000101539 0.00382379 -0.00711835 0.00552105 5.72528e-05 -3.24467e-05 0.00155599 -0.00274289 0.000786164 0.00253231 0.00304569 0.00157647 0.00917111 0.00247152 0.00525663 0.0127341 0.00195944 -0.00472973 0.0130646 -0.000899032 -4.96252e-06 -0.00289213 -0.004625 -0.00917995 -0.0132921 5.74557e-05 8.02036e-05 5.81312e-05
internal_weight=302750 10262 292488 3429 1739 2888 289059 272745 16314 3016 1898 13298 12598 10171 2427 9559 5231 1592 3639 1174 1739 4328 272029 5747 4790 2185 1284 266282 265564 264908
internal_count=302750 10262 292488 3429 1739 2888 289059 272745 16314 3016 1898 13298 12598 10171 2427 9559 5231 1592 3639 1174 1739 4328 272029 5747 4790 2185 1284 266282 265564 264908
is_linear=0
shrinkage=0.05


Tree=217
num_leaves=31
num_cat=0
split_feature=1 65 10 49 57 68 37 28 65 63 42 56 23 60 41 42 60 60 11 3 17 63 55 11 65 75 19 2 71 19
split_gain=22.0464 27.8436 34.998 31.5841 38.2409 29.6306 29.5574 28.5689 28.6624 40.6263 33.3033 25.3818 23.8832 23.425 31.3887 23.7487 22.1525 26.9015 35.6921 22.0327 20.8123 19.4247 49.1128 21.0512 21.849 20.9238 19.4136 18.9722 20.6552 21.7693
threshold=-0.027130961418151852 -0.22968477010726926 -0.26554939150810236 0.00013610385940410199 0.046288574114441879 -0.041908014565706246 -0.20249760150909421 0.52525267004966747 -0.13668876886367795 0.046498179435729987 0.098405651748180403 5.5000000000000009 -0.10114232450723647 -0.063908670097589479 0.034283515065908439 0.10030736401677133 0.11094220727682115 -0.018524808809161183 -0.55573332309722889 -0.03499705716967582 0.20266780257225039 -0.078376054763793931 1.0000000180025095e-35 -0.020143073052167889 0.062745213508605971 0.2144296392798424 0.30024962127208715 0.062204450368881233 -0.073569025844335542 -0.19453896582126615
decision_type=10 8 8 2 2 10 10 10 10 10 10 2 10 10 10 10 10 10 10 10 10 8 2 10 10 10 10 10 10 10
left_child=1 3 13 4 -1 27 -7 11 9 20 -11 19 -13 14 -3 16 17 -15 -19 21 -9 22 25 -23 26 -4 -25 28 -5 -30
right_child=-2 2 7 5 -6 6 -8 8 -10 10 -12 12 -14 15 -16 -17 -18 18 -20 -21 -22 23 -24 24 -26 -27 -28 -29 29 -31
leaf_value=-0.0016214408353125102 -2.234322312992844e-05 9.1543509775351029e-05 -0.0013823848438176457 0.0016850590802976184 0.00013127572792877943 -0.00057260277958416726 0.00043118492752465521 -0.00069110893468994183 1.7151839062053404e-05 0.0004938011747014486 -0.0011344170416106422 -0.00037819192689186323 0.00047665293862699627 -0.00056540581869119443 -0.0011458570030933545 -0.0010860474668813508 -0.00081658729747528943 7.2189608516871166e-05 0.002115908324482546 -1.1010739892134466e-05 -0.0027423591654673306 0.00030157404205475094 0.001137187341836167 0.00069138256410398741 0.0013931364142700845 -2.8497604450595813e-05 -0.0009792436992682146 -0.00025782816222788102 -0.0005580334559172885 0.000680457158582911
leaf_weight=741 233191 590 673 2054 8130 1001 1980 1280 9930 1188 958 4781 514 784 1305 784 501 1136 574 8181 516 8807 922 1241 2870 4205 594 547 500 2842
leaf_count=741 233191 590 673 2054 8130 1001 1980 1280 9930 1188 958 4781 514 784 1305 784 501 1136 574 8181 516 8807 922 1241 2870 4205 594 547 500 2842
internal_value=-2.80223e-05 0.000749227 0.000168119 0.00245717 0.00034343 0.00455563 0.000484788 0.000619241 -0.00128224 -0.0048836 -0.000231911 0.00142387 -0.00174364 -0.00353624 -0.00805774 -0.00125363 0.00078203 0.00271565 0.00622093 0.00203432 -0.0104097 0.00295518 0.000533563 0.00399349 0.00669141 -0.001473 0.00241192 0.00659331 0.00749168 0.00504177
internal_weight=303320 70129 52334 17795 8871 8924 2981 46660 13872 3942 2146 32788 5295 5674 1895 3779 2995 2494 1710 27493 1796 19312 5800 13512 4705 4878 1835 5943 5396 3342
internal_count=303320 70129 52334 17795 8871 8924 2981 46660 13872 3942 2146 32788 5295 5674 1895 3779 2995 2494 1710 27493 1796 19312 5800 13512 4705 4878 1835 5943 5396 3342
is_linear=0
shrinkage=0.05


Tree=218
num_leaves=31
num_cat=0
split_feature=74 69 59 9 45 66 54 63 54 54 66 75 10 21 61 34 58 64 27 54 6 60 18 32 41 37 61 15 69 32
split_gain=15.3973 33.5292 34.4626 35.4023 36.4965 50.9864 33.8065 32.2265 27.3874 26.8208 30.2363 46.8092 30.6118 27.4563 20.3758 28.716 36.1758 19.8763 19.3678 19.2834 86.0885 116.631 62.2262 39.1649 19.2564 16.3 51.9148 66.3243 40.3001 39.3567
threshold=0.9388091266155244 0.0084714260883629339 -0.19344343990087506 0.25571717321872717 20.500000000000004 -0.35254344344139094 9.1471605300903338 -0.088060081005096422 2.2990788221359257 6.7797002792358407 -0.18374802917242047 0.52805450558662426 0.42147341370582586 0.27464096248149877 0.0076910257339477548 0.27734892070293432 0.37342059612274175 -0.12877044081687924 0.5960226058959962 9.9661102294921893 0.15777228027582171 0.18423730880022052 -0.086865894496440874 -0.25829739868640894 0.020446194335818294 0.7517092525959016 0.0044890642166137704 1.5427983999252322 0.035909948870539672 -0.63152170181274403
decision_type=10 10 10 10 10 10 2 10 2 2 10 10 10 10 10 10 2 10 10 2 8 8 10 10 10 10 10 8 10 10
left_child=19 -2 -3 4 6 -6 14 -7 -5 10 11 -10 -13 -11 15 -4 24 -9 -12 25 21 22 -21 -24 -17 -1 27 29 -28 -27
right_child=1 2 3 8 5 7 -8 17 9 13 18 12 -14 -15 -16 16 -18 -19 -20 20 -22 -23 23 -25 -26 26 28 -29 -30 -31
leaf_value=8.0312569329667201e-06 -0.0014730430167681473 -0.001563317212704074 -0.00049872955991377089 -0.001312945820006245 -0.00034461920881625492 0.00089584953477350434 0.00094650635120387214 -0.00025721756159626191 0.0024217028413683647 -0.0017228961168362306 -0.00093465170208614974 -0.00098988186903701657 0.0016073724271618399 0.000412507019532409 0.00069169612435534828 0.00056719106035304362 -0.00010629333921007253 0.00028510374882022554 0.00051729422237726283 0.00032139975418552587 -0.001913700689186148 0.0012881408622830064 -0.0011262706225239638 -0.00019111466806573385 0.00065053283237775917 0.0014893002208999197 -2.096192166083249e-05 -0.0024303754358718736 0.0016602808321222518 -0.00051606889302534698
leaf_weight=256009 618 510 505 901 1238 538 524 535 555 645 1003 688 1124 506 2099 627 1168 1034 1288 959 500 549 582 1039 914 687 18188 883 612 5935
leaf_count=256009 618 510 505 901 1238 538 524 535 555 645 1003 688 1124 506 2099 627 1168 1034 1288 959 500 549 582 1039 914 687 18188 883 612 5935
internal_value=7.4264e-06 0.001468 0.00190105 0.00231417 0.00432985 0.000163934 0.00671284 0.00488899 -0.000446429 0.000816291 0.00250643 0.00645772 0.0025247 -0.00598622 0.00549502 0.00297767 0.00502023 0.00123496 -0.00158627 -7.95585e-05 -0.00369607 -0.00058936 -0.00505792 -0.0110055 0.0100258 -3.29409e-05 -0.00121794 -0.00473054 0.000186071 -0.0030006
internal_weight=302963 17020 16402 15892 9182 3345 5837 2107 6710 5809 4658 2367 1812 1151 5313 3214 2709 1569 2291 285943 3629 3129 2580 1621 1541 282314 26305 7505 18800 6622
internal_count=302963 17020 16402 15892 9182 3345 5837 2107 6710 5809 4658 2367 1812 1151 5313 3214 2709 1569 2291 285943 3629 3129 2580 1621 1541 282314 26305 7505 18800 6622
is_linear=0
shrinkage=0.05


Tree=219
num_leaves=31
num_cat=0
split_feature=49 65 67 54 11 60 42 11 67 42 19 65 7 11 68 39 74 19 38 74 68 54 18 65 54 14 65 64 67 41
split_gain=13.971 69.0624 68.8583 69.5242 54.7763 56.6845 52.735 58.122 48.1342 60.1759 47.0707 63.2156 57.6526 48.4149 56.3759 55.3431 46.0775 43.6029 59.5532 43.2492 66.8801 62.4139 50.0855 43.0531 87.387 62.8642 54.4183 62.3643 50.8615 46.374
threshold=0.0027227846439927821 -0.23151525855064389 0.21804926544427874 5.0848145484924325 0.38334628939628607 -0.014588577207177876 0.033663159236311919 inf 0.074904575943946852 0.04747197404503823 -0.091576211154460893 0.0085728168487548845 0.48950099945068365 0.040005128830671317 0.079542174935340895 0.078290559351444258 0.057131679728627212 0.0017453578184358778 0.36456276476383215 0.12601781636476519 -0.039121385663747781 3.3373696804046635 -0.13808415830135343 -0.21695894002914426 4.9615850448608407 -0.027580200694501397 0.061795532703399665 -0.10122627019882201 0.19208712130784991 0.062447449192404754
decision_type=2 8 8 2 10 10 10 8 10 10 8 10 10 10 10 10 8 8 10 10 10 2 10 10 2 8 10 10 10 10
left_child=2 -2 23 6 16 -6 -4 -8 9 -3 13 12 -12 14 15 19 -5 -9 -19 21 -21 -10 -23 -1 25 -25 27 -27 -28 -29
right_child=1 8 3 4 5 -7 7 17 10 -11 11 -13 -14 -15 -16 -17 -18 18 -20 20 -22 22 -24 24 -26 26 28 29 -30 -31
leaf_value=-0.00014166661042119895 0.00014858230901973956 -3.0437395520682527e-06 0.0010573127555061576 -0.0012349462745376023 0.0014735250743866078 -0.00095938092768456992 0.00069389154758434384 -0.00053969912268674567 -0.0004873685372994415 -0.00058670538368774951 0.00031919331737006312 -8.5670977486687944e-05 -0.0009318283778094815 0.0011405197359446062 -0.0021375806935636644 -0.0012675349319862959 7.1895310508964327e-05 0.0017918053066273082 -0.00012631640796073032 -0.00082407025474661886 -0.00013142486605688988 0.0017699843900940528 -0.00017377689216978786 0.00012372436316523359 0.00023998281931728643 0.00026628287690928277 0.0013969852187236487 -0.0014031708876562621 -0.0011322446659175769 -0.00066810267627597452
leaf_weight=47901 33562 10557 9474 501 585 3285 13951 4673 1469 13419 24007 50167 2542 875 686 1753 23076 1506 4812 1242 13436 1102 537 10976 18028 1229 1957 2684 1022 2099
leaf_count=47901 33562 10557 9474 501 585 3285 13951 4673 1469 13419 24007 50167 2542 875 686 1753 23076 1506 4812 1242 13436 1102 537 10976 18028 1229 1957 2684 1022 2099
internal_value=1.50104e-05 -0.000316032 0.000363067 0.0016348 -0.000242197 -0.00574742 0.00313135 0.00192369 -0.000869444 -0.00287668 -0.0003772 0.000198108 0.00217064 -0.00246802 -0.00296763 -0.00246816 0.000663501 -0.000795382 0.00191214 -0.00162958 -0.00276416 0.00372033 0.0104002 -0.00055293 0.000703855 -0.00157431 -0.0046717 -0.00740618 0.000853128 -0.00998331
internal_weight=303113 155354 147759 61863 27447 3870 34416 24942 121792 23976 97816 76716 26549 21100 20225 19539 23577 10991 6318 17786 14678 3108 1639 85896 37995 19967 8991 6012 2979 4783
internal_count=303113 155354 147759 61863 27447 3870 34416 24942 121792 23976 97816 76716 26549 21100 20225 19539 23577 10991 6318 17786 14678 3108 1639 85896 37995 19967 8991 6012 2979 4783
is_linear=0
shrinkage=0.05


Tree=220
num_leaves=31
num_cat=0
split_feature=7 0 2 64 37 67 54 18 54 63 26 59 42 41 73 54 42 7 38 11 43 59 30 64 41 67 18 62 41 59
split_gain=19.4256 19.7831 29.6135 23.8713 34.9749 34.5302 88.7929 62.529 31.1937 35.1843 38.1816 45.5695 44.3016 39.8673 37.8554 31.0678 29.8548 28.5044 27.2723 27.5526 26.4222 25.8242 27.6183 25.0819 24.2402 23.5013 29.6912 25.1537 24.23 23.8517
threshold=1.635495722293854 -0.025450804270803925 0.10031205415725709 -0.15015792846679685 -1.1523941755294798 0.068181291222572341 6.6786251068115243 -0.098618116229772554 4.2329463958740243 -0.23902639746665952 -0.35601334273815149 -0.11022516712546347 0.079015750437974944 0.059304494410753257 0.36556774377822882 3.2544358968734746 0.054470896720886237 -0.18552996218204496 1.5926524400711062 0.46623142063617712 0.59548777341842662 -0.1601353585720062 0.35533164441585546 -0.038006126880645745 0.057993313297629363 0.13543916493654254 -0.056176371872425072 -0.023853391408920285 0.062924366444349303 -0.063513785600662218
decision_type=10 10 10 10 10 10 2 10 2 10 10 10 8 10 8 2 10 8 8 8 10 10 10 10 10 10 10 10 10 10
left_child=1 2 3 8 23 6 7 15 18 16 12 14 -11 -14 -12 -6 -10 -13 19 20 24 -15 -23 -5 -1 26 -7 -28 -29 -27
right_child=-2 -3 -4 4 5 25 -8 -9 9 10 11 17 13 21 -16 -17 -18 -19 -20 -21 -22 22 -24 -25 -26 29 27 28 -30 -31
leaf_value=0.00015284629141698662 -0.0011931831851139997 -2.3645362820405669e-05 -0.00041026848172942868 -0.0001191666422408198 -0.0004274860574844698 0.00076803686407285921 0.00065270607408092647 -0.00014281109639723496 0.00076049329506934016 5.4852642127730229e-05 -0.001786147900532191 0.0013137707157171844 0.0047927804703121225 0.0051327993353015421 5.988271621910893e-05 -0.002090823375124303 -0.001770738580924455 0.00029317203418157745 0.0021105778400313303 -0.00054577359295374388 3.6992244926595447e-06 -0.00036102414800620391 0.0020737242757038784 -0.0010042190166321342 0.0022527786839237974 -0.0012637765704900041 -0.00024439042411956877 2.2177624653109235e-05 0.0018872729549540641 5.588782563255017e-05
leaf_weight=547 2179 226844 6401 1304 552 3401 631 2157 810 939 500 1259 631 511 1654 880 839 4726 1193 4792 3716 638 545 1019 570 723 3075 1554 1237 26804
leaf_count=547 2179 226844 6401 1304 552 3401 631 2157 810 939 500 1259 631 511 1654 880 839 4726 1193 4792 3716 638 545 1019 570 723 3075 1554 1237 26804
internal_value=-8.07888e-05 -4.65949e-05 0.000665598 0.0009752 0.000275682 0.000614275 -0.0036643 -0.0067102 0.00224456 0.00388914 0.00487602 0.00303718 0.009438 0.0131263 -0.00318854 -0.0147712 -0.00292345 0.0052794 0.000258589 -0.000627919 0.00203386 0.00903756 0.0049036 -0.00567938 0.00874002 0.00110586 0.00328231 0.00112321 0.00455195 0.000372226
internal_weight=302631 300452 73608 67207 43337 41014 4220 3589 23870 13052 11403 8139 3264 2325 2154 1432 1649 5985 10818 9625 4833 1694 1183 2323 1117 36794 9267 5866 2791 27527
internal_count=302631 300452 73608 67207 43337 41014 4220 3589 23870 13052 11403 8139 3264 2325 2154 1432 1649 5985 10818 9625 4833 1694 1183 2323 1117 36794 9267 5866 2791 27527
is_linear=0
shrinkage=0.05


Tree=221
num_leaves=31
num_cat=0
split_feature=48 59 54 66 37 27 60 49 30 65 19 60 67 68 45 65 64 54 69 63 54 37 54 26 54 66 67 75 64 68
split_gain=21.602 25.7612 41.9086 47.1273 38.4359 19.0597 16.426 16.2554 14.8917 54.6396 91.9361 98.0342 92.4127 101.046 76.3601 73.761 52.9884 52.4127 67.0639 57.9474 88.7406 61.7952 50.4889 94.6351 48.6522 81.2686 83.1621 131.424 87.298 136.178
threshold=0.28497990965843206 -0.19344343990087506 4.2486379146575937 -0.31737408041954035 -0.77292329072952259 0.46987335383892065 -0.1602896302938461 0.012920492794364693 0.62501102685928356 0.061795532703399665 -0.031361006200313561 0.12381578981876375 0.16151469945907596 0.011754650156944992 28.500000000000004 0.39618486166000372 -0.14316022396087644 6.5297107696533212 0.017267272807657722 -0.041279762983322137 7.9848816394805917 -0.39527316391468043 10.184267520904543 -0.068804152309894548 6.6294622421264657 -0.053052227944135659 0.091266311705112471 0.19491196423769 -0.27194344997406 -0.029179048724472519
decision_type=2 10 2 8 10 10 8 2 8 8 10 8 10 10 10 10 10 2 10 10 2 10 2 10 2 10 10 10 10 10
left_child=8 2 5 -4 -3 -2 -6 -8 9 24 11 12 13 -11 15 17 -14 -12 -19 20 21 -20 -10 -24 -1 26 -26 -28 -29 -30
right_child=1 4 3 -5 6 -7 7 -9 22 10 14 -13 16 -15 -16 -17 -18 18 19 -21 -22 -23 23 -25 25 -27 27 28 29 -31
leaf_value=-1.6185721692755976e-05 9.8926251226916408e-05 -0.0032658003008216776 -0.00056344894738606102 0.0039184727778613787 -0.0020348345493218017 -0.0035164203689283789 0.0002678139802274264 -0.00099451583346228949 8.3087621249977771e-05 -0.00037437232199233236 4.1541324028311365e-05 -0.0010135374451927437 -0.00057737449392885199 -0.0037396623173399008 0.00064601874030710896 0.0010033715390625466 5.4939682062573464e-05 -0.000735718888298508 -0.0010197718764426765 0.0001883471786084355 0.00044120079059607308 5.3017119058641652e-05 -0.0013955192085901723 0.00080222870713579923 0.00025275461661490275 0.0012817324071576295 0.00018885419607979635 0.0017344328040627287 -0.0010024483321785704 -5.5548236114576822e-05
leaf_weight=98222 696 527 591 749 789 518 1959 2211 99442 4161 20548 4063 2563 1627 4594 624 15371 3407 1321 3257 704 646 765 506 15831 571 6670 590 3403 5762
leaf_count=98222 696 527 591 749 789 518 1959 2211 99442 4161 20548 4063 2563 1627 4594 624 15371 3407 1321 3257 704 646 765 506 15831 571 6670 590 3403 5762
internal_value=-2.84112e-05 -0.00258385 0.00156006 0.00762963 -0.00451237 -0.00514706 -0.0031294 -0.00186603 4.14039e-05 -0.000214752 -0.00142616 -0.00357438 -0.00234283 -0.00783029 0.000274843 -0.000630796 -0.000568435 -0.000988526 -0.0040931 -0.000875716 -0.00632227 -0.0117602 0.000534635 -0.00932865 0.000366629 0.00203277 0.00169838 -0.000794037 -0.00449053 -0.00569482
internal_weight=302688 8040 2554 1340 5486 1214 4959 4170 294648 193935 62886 27785 23722 5788 35101 30507 17934 29883 9335 5928 2671 1967 100713 1271 131049 32827 32256 16425 9755 9165
internal_count=302688 8040 2554 1340 5486 1214 4959 4170 294648 193935 62886 27785 23722 5788 35101 30507 17934 29883 9335 5928 2671 1967 100713 1271 131049 32827 32256 16425 9755 9165
is_linear=0
shrinkage=0.05


Tree=222
num_leaves=31
num_cat=0
split_feature=0 6 67 49 53 65 54 63 71 17 35 26 9 55 29 11 46 49 38 58 54 68 54 8 19 54 58 54 67 54
split_gain=14.7577 32.1228 20.3927 65.0778 58.0221 49.3141 45.7786 38.7994 37.1196 34.7205 33.1094 37.1977 54.9496 72.8753 71.2368 33.2184 32.201 31.4579 39.0766 75.1504 113.401 66.5571 56.7805 55.8434 55.2372 54.9398 49.2976 86.2262 49.5447 37.2959
threshold=0.041313126683235175 -0.15787187963724134 0.25350864231586462 0.00018667746189748871 1.0000000180025095e-35 -0.20636409521102902 5.0848145484924325 -0.091187685728073106 0.021108337678015236 -0.026073768734931942 4.0363225936889657 -0.068804152309894548 0.094093196094036116 1.0000000180025095e-35 -0.17816309630870816 3.7792599201202397 16.500000000000004 1.0000000180025095e-35 0.42263425886631018 0.64666709303855907 4.7007529735565194 0.048545239493250854 6.7558269500732431 -0.47286958992481226 -0.0083536654710769636 8.1163144111633319 0.64666709303855907 4.0944278240203866 0.15791502594947818 1.3389397859573366
decision_type=10 8 8 2 10 8 2 8 10 10 2 10 8 2 10 10 10 2 8 2 2 10 2 8 10 2 2 2 10 2
left_child=2 -2 17 6 5 -5 7 -4 9 -8 -7 15 -13 14 -14 -12 -15 -1 19 21 24 23 -23 -19 -21 -22 28 -28 29 -20
right_child=1 -3 3 4 -6 10 8 -9 -10 -11 11 12 13 16 -16 -17 -18 18 26 20 25 22 -24 -25 -26 -27 27 -29 -30 -31
leaf_value=-9.9213739486834696e-05 -0.00058184824943955781 -4.170739461486269e-05 0.0032922426081609044 0.0003961473249738567 0.00098887835930309325 0.00051699933073805031 -6.3177754885507262e-05 0.00059671817182996507 -0.00036017816464232555 0.00036319564735426847 -0.00022121228178684896 0.00033587780466301444 0.0017236851680160149 -0.0025713338768864982 -0.00032872891357043201 0.0012606995489246023 -0.00015078520996649332 -0.0017468242799307467 0.0020216756115314996 -0.0017383226237526216 -0.0010940150707668484 0.00017897575796528773 0.00097631860321314144 -1.6340896070209457e-06 0.0035161554776560176 -0.0029397570127282302 0.019477767771497657 -0.000295751608672111 -0.00015627565560617169 0.00042197029460839879
leaf_weight=68075 6362 36610 582 3107 2522 3212 6233 19080 3756 4485 40585 3289 1126 525 2946 1049 506 642 795 517 2151 1001 550 66053 978 594 531 573 10168 14669
leaf_count=68075 6362 36610 582 3107 2522 3212 6233 19080 3756 4485 40585 3289 1126 525 2946 1049 506 642 795 517 2151 1001 550 66053 978 594 531 573 10168 14669
internal_value=-0.000102545 -0.000960867 3.9184e-05 0.000632707 -0.00037451 -0.000707124 0.00236924 0.00393961 0.000234742 0.00173378 -0.00106483 -0.00138101 0.00165437 -0.00159398 0.00142087 -0.00199308 -0.0134006 -0.000290783 0.000277128 -0.000325535 -0.00677647 7.61838e-05 0.0102819 -0.000162656 0.00428571 -0.0127949 0.00191057 0.0122083 0.00146244 0.00324415
internal_weight=303272 42972 260300 93003 58867 56345 34136 19662 14474 10718 53238 50026 8392 5103 4072 41634 1031 167297 99222 72486 4240 68246 1551 66695 1495 2745 26736 1104 25632 15464
internal_count=303272 42972 260300 93003 58867 56345 34136 19662 14474 10718 53238 50026 8392 5103 4072 41634 1031 167297 99222 72486 4240 68246 1551 66695 1495 2745 26736 1104 25632 15464
is_linear=0
shrinkage=0.05


Tree=223
num_leaves=31
num_cat=0
split_feature=28 10 58 30 8 58 33 18 67 46 63 75 65 11 67 65 27 8 34 63 57 18 14 65 20 65 11 46 8 64
split_gain=19.4196 46.488 32.1301 29.6203 25.2528 58.2603 57.7509 39.3378 45.7293 55.9605 36.1314 50.7134 75.3323 63.2275 59.7066 53.0388 80.9626 48.9865 46.8598 38.8005 37.8199 36.3283 35.1872 35.0196 34.4906 33.5611 36.0655 54.9705 36.3554 40.4654
threshold=0.29858568310737615 1.9319123625755312 0.81410688161849987 0.51667508482933056 0.065878551453351988 0.0774647891521454 0.59093758463859569 -0.16734596341848371 0.074904575943946852 8.5000000000000018 0.072332501411438002 0.34741981327533727 -1.0000000180025095e-35 -0.10725365951657294 0.085582211613655104 -0.23915767669677732 0.15311752259731296 -0.27275988459587092 0.73443382978439342 -0.094223082065582262 0.26799686253070837 -0.047282850369811051 0.033642100170254714 -0.27140665054321284 -0.22071731090545652 0.39618486166000372 1.4552451968193056 24.500000000000004 0.36211957037448889 -0.024672806262969967
decision_type=10 10 2 8 8 2 8 10 10 10 10 10 8 10 10 10 10 10 10 10 2 10 10 10 10 10 10 10 8 8
left_child=1 2 -1 -4 5 -2 -6 8 9 -7 11 12 15 -14 -15 16 20 -13 19 -16 23 -17 -18 -9 -10 26 28 -28 -8 -30
right_child=4 -3 3 -5 6 7 25 10 24 -11 -12 17 13 14 18 21 22 -19 -20 -21 -22 -23 -24 -25 -26 -27 27 -29 29 -31
leaf_value=-3.5482793434439586e-05 -0.00066097957992800516 -0.0023166540235280008 -0.0018300802325131279 -0.00013296988311483349 -0.00024001718538852664 -6.009421515621033e-05 0.00015759492814862 -0.00029605544240269877 -0.0013276600978688927 -0.0017757676278632431 0.00034345248216437874 0.0025313949220739035 -0.00042457004387180374 -0.0013459302888548181 0.0010774030250083383 6.8155240992785407e-05 0.0005188524959607964 0.00026700834632313922 -0.00055329145165144836 0.00015134088110624073 -0.00040608207489716024 0.00035876197595751357 -0.00024859001516296819 0.00045436206019388133 5.2051367118569059e-05 -0.0014251453595167678 0.0020494393749563517 0.00013744508799254894 -0.00091918661886107264 -6.6076012702225362e-05
leaf_weight=137900 3218 800 524 563 20178 1017 23878 841 548 810 9304 961 7061 657 504 3062 1401 24288 1015 4083 2209 3981 506 653 10727 957 3933 8280 4257 24871
leaf_count=137900 3218 800 524 563 20178 1017 23878 841 548 810 9304 961 7061 657 504 3062 1401 24288 1015 4083 2209 3981 506 653 10727 957 3933 8280 4257 24871
internal_value=-9.29052e-05 -0.000525405 -0.000455765 -0.00897903 0.000277557 0.000936817 -0.000309157 0.00122491 -0.00125839 -0.00857376 0.00176259 0.00124141 -0.000309818 -0.00293323 0.000725794 0.00245203 -0.00117438 0.00283661 0.00240556 0.00455732 -0.00548074 0.00533815 0.00717267 0.000664894 -6.64599e-05 0.000404919 0.000541937 0.00299026 -2.26347e-05 -0.00120804
internal_weight=302987 139787 138987 1087 163200 76846 86354 73628 13102 1827 60526 51222 25973 13320 6259 12653 5610 25249 5602 4587 3703 7043 1907 1494 11275 66176 65219 12213 53006 29128
internal_count=302987 139787 138987 1087 163200 76846 86354 73628 13102 1827 60526 51222 25973 13320 6259 12653 5610 25249 5602 4587 3703 7043 1907 1494 11275 66176 65219 12213 53006 29128
is_linear=0
shrinkage=0.05


Tree=224
num_leaves=31
num_cat=0
split_feature=45 33 7 30 54 65 54 65 10 60 71 55 68 48 63 71 14 33 49 67 71 60 71 14 55 71 11 55 30 40
split_gain=18.3653 58.6251 47.0934 39.627 43.689 35.4445 110.34 115.081 83.9999 82.7438 60.3797 51.1016 50.1773 41.0822 48.078 46.2093 46.1331 35.1938 35.0869 44.0548 32.4518 32.3282 90.5012 75.4067 44.7941 40.3974 36.334 76.3143 79.1594 65.063
threshold=13.500000000000002 3.2147355079650883 -0.30209454894065851 1.9830667376518252 5.4147660732269296 0.14533734321594241 8.0267419815063494 0.19084477424621585 -0.020826600492000576 0.049617866054177291 -0.12570621818304059 1.0000000180025095e-35 -0.051898142322897904 0.011178831569850447 -0.041279762983322137 -0.014675542712211607 -0.087030995637178407 2.2556847333908085 0.017838113941252235 0.28136026859283453 0.12963420152664187 0.070806466042995467 0.68970605731010448 -0.061327993869781487 1.0000000180025095e-35 0.034258544445037849 -0.26998245716094965 1.0000000180025095e-35 0.37174223363399511 0.017603938467800621
decision_type=8 10 10 10 2 10 2 10 10 10 8 2 10 2 10 10 10 10 2 10 10 8 8 8 2 8 10 2 8 10
left_child=18 3 -3 5 -5 17 8 -8 9 10 -7 -11 -9 -10 16 -16 -15 21 19 -1 -6 22 -2 24 25 -23 27 28 -25 -29
right_child=1 2 -4 4 20 6 7 12 13 11 -12 -13 -14 14 15 -17 -18 -19 -20 -21 -22 23 -24 26 -26 -27 -28 29 -30 -31
leaf_value=2.2731764762374057e-05 -1.3762125420657202e-05 0.0018584005381471346 -0.00094881564488116842 -0.00014219157043821005 0.0019252552562158617 0.00039179686587431498 -0.0009146005846335022 0.0015405192924117402 0.00052195720592892287 -0.002012508466818263 -0.00055522019586548706 -0.00032546055687811292 0.000373947548348206 -0.0015485846567737799 0.00042141843515966368 -0.00065396351420011199 -0.00028223522967954652 -0.00086634016820089652 -0.00012383671833939431 0.00029720466091734442 9.6563284912353642e-05 0.00074838675871449116 -0.0026064844858449659 -0.00090085573233159705 0.0011194266289451145 -0.00096562198137975508 0.00030819047218968971 -0.0014238878431105111 0.00062230966829058653 2.7887912083628577e-05
leaf_weight=50213 146627 576 4234 1759 1285 1024 618 745 1445 1937 1108 792 1811 1005 2637 1904 2852 2099 33809 24638 657 3009 870 1946 1251 579 2750 1122 6433 838
leaf_count=50213 146627 576 4234 1759 1285 1024 618 745 1445 1937 1108 792 1811 1005 2637 1904 2852 2099 33809 24638 657 3009 870 1946 1251 579 2750 1122 6433 838
internal_value=-7.22116e-05 -0.000363804 -0.00580913 -0.000224998 0.00489086 -0.000327379 -0.00244298 0.00599874 -0.00426804 -0.00963868 -0.0022409 -0.0153888 0.0106781 -0.00160865 -0.00294957 0.000538343 -0.00704681 -0.000101472 0.000448146 0.00105195 0.010041 -1.96452e-05 -0.000263377 0.00198461 0.00731079 0.00444691 1.14513e-05 -0.00134796 0.000733103 -0.010203
internal_weight=302573 193913 4810 189103 3701 185402 17878 3174 14704 4861 2132 2729 2556 9843 8398 4541 3857 167524 108660 74851 1942 165425 147497 17928 4839 3588 13089 10339 8379 1960
internal_count=302573 193913 4810 189103 3701 185402 17878 3174 14704 4861 2132 2729 2556 9843 8398 4541 3857 167524 108660 74851 1942 165425 147497 17928 4839 3588 13089 10339 8379 1960
is_linear=0
shrinkage=0.05


Tree=225
num_leaves=31
num_cat=0
split_feature=39 55 3 11 32 72 54 23 59 45 68 57 38 41 55 72 54 45 54 10 54 69 11 71 18 30 45 32 9 54
split_gain=16.8375 28.2297 42.0746 24.5884 20.2147 29.4298 35.2791 24.3701 29.5943 21.5271 21.6391 19.2366 21.3603 18.2003 73.8449 48.2262 68.9851 67.9545 46.4236 64.8658 57.415 48.2531 63.13 62.7073 51.9213 47.7276 45.7917 52.4742 57.5329 73.3099
threshold=0.1627532243728638 1.0000000180025095e-35 -0.10884636640548705 4.2231070995330819 -0.22510691732168195 0.8090420961380006 2.8527275323867802 -0.43792894482612604 0.0035559171810746197 2.5000000000000004 0.034590557217597968 0.51877248287200939 0.85551312565803539 0.10325809195637704 1.5000000000000002 0.99390903115272533 2.0636930465698247 27.500000000000004 4.9615850448608407 1.4760699272155764 5.1813340187072763 0.015202419832348825 0.05873153172433377 -0.30267453193664545 0.5465131700038911 1.9232050776481631 21.500000000000004 -0.30377572774887079 -0.27795651555061335 6.9221806526184091
decision_type=10 2 8 10 8 10 2 8 8 10 10 2 10 10 2 8 2 10 2 8 2 10 8 10 10 10 10 10 10 2
left_child=13 3 -3 4 9 7 -7 -6 -9 -2 11 12 -11 -1 15 16 17 -15 21 -20 -21 -18 23 -23 25 -24 -22 28 29 -28
right_child=1 2 -4 -5 5 6 -8 8 -10 10 -12 -13 -14 14 -16 -17 18 -19 19 20 26 22 24 -25 -26 -27 27 -29 -30 -31
leaf_value=-1.4833494548332572e-05 -0.0026599187912762752 0.002025711539804033 -0.00099499058093078488 0.0018826317664584564 -7.5388976856694605e-05 -0.0018757814399743987 0.0022629123473866886 -0.0022006596628517936 -0.00042753212581672016 0.00055126993826442108 0.00068076715292440457 -0.0023827164762516141 -0.0019974329889404195 5.8196665151914745e-05 -0.0010084980867042475 -0.00067048661593785723 0.0022405538881826344 -0.0021089678418224206 -0.0011246653841562493 -0.0015815810517650069 -0.00016296738023372997 -0.00039367143969044568 0.00028266724527923747 0.0034269490258898002 0.0019246321121998908 -0.0016698147617389234 0.0016502576487196761 -0.00076009917750960606 0.0036633939353148677 -0.0008940990656587267
leaf_weight=257030 871 861 716 633 2679 601 1280 1114 1305 727 635 521 1008 3760 1086 3550 3409 1215 1811 510 2442 512 5773 1415 1981 1484 1053 555 1356 814
leaf_count=257030 871 861 716 633 2679 601 1280 1114 1305 727 635 521 1008 3760 1086 3550 3409 1215 1811 510 2442 512 5773 1415 1981 1484 1053 555 1356 814
internal_value=-0.000107857 -0.001871 0.00437933 -0.00274069 -0.00330667 -0.00170983 0.00362242 -0.0036805 -0.00730753 -0.00625663 -0.00415374 -0.00644307 -0.00386819 -2.89889e-05 0.00108138 0.00152291 0.00221708 -0.00311936 0.00336649 0.000438545 0.0027003 0.00508091 0.00348546 0.0116933 0.00176254 -0.000199532 0.00402889 0.00747096 0.00991339 0.00418221
internal_weight=302707 12951 1577 11374 10741 6979 1881 5098 2419 3762 2891 2256 1735 289756 32726 31640 28090 4975 23115 8541 6730 14574 11165 1927 9238 7257 6220 3778 3223 1867
internal_count=302707 12951 1577 11374 10741 6979 1881 5098 2419 3762 2891 2256 1735 289756 32726 31640 28090 4975 23115 8541 6730 14574 11165 1927 9238 7257 6220 3778 3223 1867
is_linear=0
shrinkage=0.05


Tree=226
num_leaves=31
num_cat=0
split_feature=54 75 73 63 31 53 19 75 33 67 60 54 67 65 54 60 11 67 55 9 30 54 33 58 54 67 74 60 7 54
split_gain=15.2229 49.0126 16.9575 15.9613 62.1682 51.5115 70.0426 41.9771 36.0011 52.2458 61.7989 36.4278 134.034 63.0084 92.2753 112.488 55.2844 57.6971 70.5688 267.538 158.793 71.5813 49.9766 47.3506 46.6206 67.8236 33.1802 33.1643 34.7049 32.9196
threshold=0.4855030775070191 0.85888251662254345 0.0042283304501324901 0.10177409648895265 0.0569364931434393 1.0000000180025095e-35 0.0067076182458549747 0.9550805687904359 0.22552823275327685 0.24067033082246783 0.31487071514129644 6.7797002792358407 0.2304678559303284 0.2830579280853272 2.5729937553405766 0.15869567543268207 0.45181100070476538 0.43428435921669012 1.0000000180025095e-35 -0.27795651555061335 1.2333813905715945 8.2129478454589862 3.3487993478775029 0.86440083384513866 4.6731090545654306 0.43428435921669012 0.48861679434776312 -0.34507073462009424 0.091488007456064238 5.1563503742218026
decision_type=2 8 8 10 8 10 8 10 8 10 10 2 8 8 2 10 10 10 2 10 8 2 10 2 2 10 10 10 10 2
left_child=1 -1 -2 -4 -5 7 -7 8 9 -6 26 13 -13 14 15 -10 17 18 20 23 -14 -22 24 -20 25 -15 -11 -26 -29 -16
right_child=2 -3 3 4 5 6 -8 -9 11 10 -12 12 16 22 29 -17 -18 -19 19 -21 21 -23 -24 -25 27 -27 -28 28 -30 -31
leaf_value=-0.00061655112598810137 -0.0011244180001691536 0.0053523597171333875 -1.9184967527193909e-05 -0.0013411393023794599 -0.00022048212791540568 -0.00028786968582999583 0.0022924825573433917 0.0025478350901040983 0.0008806380520796546 0.00045992541780140315 9.0851462913717204e-06 -0.0027222213079460419 -0.00051836084489453166 -0.00039640556644324372 0.00069528768160991179 0.020987318887714469 -0.0013999354192228055 0.0010867005397824508 -0.0011468860259746777 0.0013778443822135889 0.00070018437448075366 0.0034498737947363106 0.0021644134468484072 -0.0047183938353947182 0.00069487631955904836 -0.0021660440398219745 0.00094872936911325238 -0.0010860853139014078 0.00011281131864214734 -0.00048191600696506095
leaf_weight=779 1133 777 261102 1053 1657 1276 2213 1391 1025 703 1363 862 1230 6795 3714 538 573 505 691 697 1036 556 1000 625 2878 1054 1013 823 1913 2060
leaf_count=779 1133 777 261102 1053 1657 1276 2213 1391 1025 703 1363 862 1230 6795 3714 538 573 505 691 697 1036 556 1000 625 2878 1054 1013 823 1913 2060
internal_value=-6.38519e-05 0.00485313 -8.93897e-05 -6.62547e-05 0.000873796 0.00120547 0.00698771 0.000622263 0.000265598 0.00429836 0.00814179 -0.000404058 -0.00360354 0.000591472 0.00436232 0.0150985 -0.000903258 0.000691589 -0.00100103 -0.00813149 0.00409605 0.0144819 -0.00132315 -0.0213424 -0.00212648 -0.00461255 0.0144264 0.00135135 -0.00258558 0.00143499
internal_weight=303035 1556 301479 300346 39244 38191 3489 34702 33311 4736 3079 28575 6775 21800 7337 1563 5913 5340 4835 2013 2822 1592 14463 1316 13463 7849 1716 5614 2736 5774
internal_count=303035 1556 301479 300346 39244 38191 3489 34702 33311 4736 3079 28575 6775 21800 7337 1563 5913 5340 4835 2013 2822 1592 14463 1316 13463 7849 1716 5614 2736 5774
is_linear=0
shrinkage=0.05


Tree=227
num_leaves=31
num_cat=0
split_feature=74 67 34 31 54 58 65 11 13 54 41 61 54 42 27 15 11 11 3 75 65 54 2 33 68 54 68 13 63 67
split_gain=13.4509 25.5031 19.8915 15.9561 40.3536 43.1126 38.0331 29.5157 37.0609 29.6232 24.0181 23.8869 29.9577 18.0837 24.9065 22.2607 22.5758 19.2426 17.2179 16.5761 16.399 15.8106 15.3808 45.1453 39.1812 61.665 43.8501 42.3142 41.2548 38.4869
threshold=0.98342928290367138 0.074904575943946852 0.62081030011177074 0.83218488097190868 7.0690448284149179 0.69366195797920238 -0.0087654590606689436 -0.010760800912976263 0.032259045168757446 4.3375520706176767 0.041587237268686301 -0.009080469608306883 3.5685462951660161 0.032609142363071449 0.58443000912666332 0.55275583267211925 2.0641032457351689 0.87672254443168651 0.35065290331840521 0.86254188418388378 0.035512089729309089 7.9848816394805917 0.03603815287351609 0.20000833272933963 -0.026316926814615723 4.5003094673156747 -0.025261623784899708 0.14941962063312533 0.0031825304031372075 0.074904575943946852
decision_type=10 10 10 10 2 2 8 10 10 2 10 10 2 10 10 10 10 10 10 10 8 2 10 8 10 2 10 10 10 8
left_child=3 2 -2 22 7 6 -6 9 -9 10 -5 12 -10 -13 -15 17 18 -16 -17 -18 -11 -3 -1 -24 25 28 -26 -27 -25 -28
right_child=1 21 -4 4 5 -7 -8 8 11 20 -12 13 -14 14 15 16 19 -19 -20 -21 -22 -23 23 24 26 27 29 -29 -30 -31
leaf_value=7.0354548970317891e-06 5.1923623221262951e-05 -0.00017257677888106421 0.0010309475754525274 0.0027620943081733858 -0.00092211318244008052 -0.0017827050502595379 0.00040284418437908282 -0.0010266168722987124 -0.0024249910451517014 0.00034980404295243496 0.00041139693583677788 0.00085427371235194567 -0.00022174168819542178 -0.00049437148247452882 0.00014080410570990986 7.0475675511187669e-05 -0.00040256334650837743 0.0028280020058466548 -0.002500626967596706 0.0020703018928990599 -0.00062602960418193631 0.00054947903907840161 -0.00029675916340441859 -0.00029691423412173541 -0.0016328373812691133 0.00034137490681990836 -0.00090546449548925068 0.0022951417495270937 0.0016348779426361489 -8.7787491652124508e-05
leaf_weight=221382 513 3006 656 668 591 861 967 1436 504 551 743 732 1041 2350 694 665 728 748 635 833 597 555 9189 9423 647 8468 906 1109 632 31666
leaf_count=221382 513 3006 656 668 591 861 967 1436 504 551 743 732 1041 2350 694 665 728 748 635 833 597 555 9189 9423 647 8468 906 1109 632 31666
internal_value=-0.000153209 0.00248945 0.00886344 -0.000195129 -0.00176501 -0.00767806 -0.00267857 -0.000653266 -0.00184079 0.00414558 0.00897255 -0.000637584 -0.0062701 0.000547667 -0.000277653 0.00198238 -0.000574713 0.00702479 -0.00541985 0.00346913 -0.00181347 0.000378045 -0.000110079 -0.000805802 -0.00024309 0.00152734 -0.00128954 0.00439658 -0.00120715 -0.00103124
internal_weight=303496 4730 1169 298766 15344 2419 1558 12925 10366 2559 1411 8930 1545 7385 6653 4303 2861 1442 1300 1561 1148 3561 283422 62040 52851 19632 33219 9577 10055 32572
internal_count=303496 4730 1169 298766 15344 2419 1558 12925 10366 2559 1411 8930 1545 7385 6653 4303 2861 1442 1300 1561 1148 3561 283422 62040 52851 19632 33219 9577 10055 32572
is_linear=0
shrinkage=0.05


Tree=228
num_leaves=31
num_cat=0
split_feature=71 24 55 52 60 16 66 11 9 26 29 60 9 67 48 26 66 8 11 62 67 57 58 3 30 55 5 55 66 65
split_gain=16.9557 32.4198 22.8105 22.4081 19.2995 18.0688 32.1681 55.3544 42.9664 41.083 37.2952 32.312 21.5017 21.6193 20.524 19.759 47.5263 85.6414 79.5484 48.3609 43.9813 43.4243 44.2297 50.6275 41.0373 102.212 136.807 74.676 55.1992 53.0026
threshold=-0.36238682270050043 0.040849132463335998 1.0000000180025095e-35 10.500000000000002 0.070128150284290328 -0.38757792115211481 -0.35254344344139094 -0.49183313548564905 -0.55132701992988575 -0.37998272478580469 -0.79801741242408741 -0.099030986428260789 -0.33649943768978113 0.068181291222572341 0.078727122396230712 -0.21896591782569882 -0.16108464449644086 -0.22161667048931119 -0.15908502042293546 0.019173860549926761 0.12880866229534152 0.046288574114441879 0.051251957193017013 -0.043398842215538018 0.23866507411003116 1.5000000000000002 0.059012372046709068 1.5000000000000002 -0.2181165739893913 -0.12807875871658322
decision_type=8 10 2 10 10 8 10 8 10 10 10 10 10 10 2 10 10 8 10 10 10 2 2 10 8 2 8 2 10 8
left_child=1 -1 3 -3 -4 6 7 8 -2 -9 -8 14 13 -12 -10 16 18 -18 24 -20 -19 -17 23 -23 27 29 28 -7 -27 -26
right_child=5 2 4 -5 -6 15 10 9 11 -11 12 -13 -14 -15 -16 21 17 20 19 -21 -22 22 -24 -25 25 26 -28 -29 -30 -31
leaf_value=-0.00052216739071221012 -0.00053229417842521752 -0.00067928597470670962 4.352007709441941e-06 0.00079239337548637004 0.00068758067554917717 -0.00022735127812460282 0.00096980385914481127 0.0005137776806403378 0.0001995136138915733 -0.0011730217044165631 -0.0009882656387659079 0.0043343126101081878 -0.0012986811465842364 0.0002704373298945166 0.0031793521338123487 0.0013953061680011605 0.00092843839710555695 0.00078283097997411226 -0.00030287272934088931 -0.00098036619470787752 -0.0001255153527077342 0.00022049558918393948 2.1379054909880479e-05 -0.0011525572883082349 0.00051846924613861527 -0.00046083912313509592 -0.0033608553474414773 0.00071209072115913097 0.0013042094748803249 6.9582794266922251e-05
leaf_weight=2955 559 2348 942 739 722 26208 592 1981 691 662 801 1035 712 1435 512 885 2935 5520 21145 4228 16957 753 158951 1149 7599 1498 894 1333 536 35804
leaf_count=2955 559 2348 942 739 722 26208 592 1981 691 662 801 1035 712 1435 512 885 2935 5520 21145 4228 16957 753 158951 1149 7599 1498 894 1333 536 35804
internal_value=-0.000109703 -0.00242354 0.000136526 -0.00240555 0.00483871 -4.92577e-05 0.00215795 0.00456881 0.0094585 -0.000621937 -0.0015493 0.0125445 -0.00385396 -0.00142476 0.00688376 -0.000118538 -0.000591576 0.00133742 -0.00108559 -0.00350037 0.000286832 0.000246062 0.00018494 -0.00737448 -0.000255813 0.00065277 -0.00837304 -0.00178396 -0.00117417 0.00126345
internal_weight=303081 7706 4751 3087 1664 295375 8980 5440 2797 2643 3540 2238 2948 2236 1203 286395 124657 25412 99245 25373 22477 161738 160853 1902 73872 46331 2928 27541 2034 43403
internal_count=303081 7706 4751 3087 1664 295375 8980 5440 2797 2643 3540 2238 2948 2236 1203 286395 124657 25412 99245 25373 22477 161738 160853 1902 73872 46331 2928 27541 2034 43403
is_linear=0
shrinkage=0.05


Tree=229
num_leaves=31
num_cat=0
split_feature=61 74 57 2 30 38 34 73 49 45 42 7 54 54 32 60 71 56 61 63 45 0 65 42 54 10 62 63 60 11
split_gain=14.5881 37.766 29.2462 24.8198 24.6477 31.3098 23.321 32.0278 22.5316 25.4389 20.0707 26.6626 19.2692 18.859 22.4436 18.8409 18.6227 18.3383 15.7473 15.6257 22.3472 15.147 44.418 46.4749 27.2353 25.7318 29.893 27.7157 24.1712 26.8027
threshold=0.05476051568984986 0.64403182268142711 0.10221674665808679 0.25000979006290441 1.4110715985298159 0.75867795944213878 0.80424189567565929 0.81683194637298595 0.012920492794364693 11.500000000000002 0.043966213241219528 -0.14825779199600217 2.541208148002625 3.4807783365249638 -0.21780330687761304 0.31487071514129644 -0.18154272437095639 1.5000000000000002 0.089068233966827406 0.10177409648895265 7.5000000000000009 -0.042673619464039796 -0.29570579528808588 0.068207606673240675 2.708383440971375 -0.24999107420444486 -0.11993527412414549 -0.11603018641471861 0.27732360363006597 1.854248642921448
decision_type=10 10 2 10 10 10 10 10 2 8 8 8 2 2 10 8 10 2 10 8 10 10 8 10 2 8 10 10 10 10
left_child=3 8 -3 21 5 12 7 13 9 19 -10 -12 -5 -4 18 -6 -11 -18 -15 -2 -21 22 23 -1 -25 26 -24 -28 -27 -30
right_child=1 2 6 4 15 -7 -8 -9 10 16 11 -13 -14 14 -16 -17 17 -19 -20 20 -22 -23 25 24 -26 28 27 -29 29 -31
leaf_value=-0.00058522060803193926 -0.0010609840902771339 -0.00085828528164074076 0.0017708982516626344 -0.00193751337235989 -0.00042993997794313972 -0.0027398786354453 0.00017189335544646951 0.0017578604496524604 0.00043491916560047775 -0.00052735786706376551 0.00030329959920020121 -0.00062522335210418278 -0.00026767804325523667 -0.00025350820253927653 0.00054928941780853918 0.0019902458966430214 -0.00071596602878523153 0.00019245236228491812 0.00033950376180304258 0.00041442291098849082 0.0013794055329500775 -2.0479255169923458e-05 -0.0017374485733562103 -7.8584796803468819e-05 0.0018773050373134884 0.00015234444835294592 0.0011602082468060622 -0.00025873538271988552 -0.00071703892747480369 0.0014736675751152453
leaf_weight=1200 611 638 531 635 2361 646 2529 791 852 2050 2083 5823 1800 879 1090 535 800 4216 1249 6831 733 225416 519 708 2931 26632 552 5245 1597 508
leaf_count=1200 611 638 531 635 2361 646 2529 791 852 2050 2083 5823 1800 879 1090 535 800 4216 1249 6831 733 225416 519 708 2931 26632 552 5245 1597 508
internal_value=-4.66995e-05 0.000967966 0.00401063 -0.000165318 -0.00334892 -0.00645422 0.00493714 0.00707692 -1.04128e-05 0.00115074 -0.00203011 -0.00281708 -0.00382413 0.00512104 0.00365551 -3.44116e-05 -0.00104579 0.000596896 0.000654818 0.00304826 0.00367045 -9.34727e-05 0.000804471 0.00528975 0.00809811 0.000183955 -0.00270313 -0.00166179 0.000819216 -0.00432624
internal_weight=302991 31706 7707 271285 5977 3081 7069 4540 23999 15241 8758 7906 2435 3749 3218 2896 7066 5016 2128 8175 7564 265308 39892 4839 3639 35053 6316 5797 28737 2105
internal_count=302991 31706 7707 271285 5977 3081 7069 4540 23999 15241 8758 7906 2435 3749 3218 2896 7066 5016 2128 8175 7564 265308 39892 4839 3639 35053 6316 5797 28737 2105
is_linear=0
shrinkage=0.05


Tree=230
num_leaves=31
num_cat=0
split_feature=36 54 7 55 29 60 54 11 31 10 69 42 42 70 64 12 19 32 60 57 41 29 74 42 69 32 22 3 16 54
split_gain=13.766 39.6571 43.6243 31.2482 73.0668 36.9995 47.632 35.5857 29.4636 29.6847 29.3808 37.2319 29.0753 26.2261 22.9763 28.6995 22.3928 38.8841 31.7347 24.8706 23.933 38.6151 23.1516 21.905 33.7788 56.6684 32.7158 21.5211 48.9376 28.2192
threshold=19.448557853698734 1.4574509263038637 -0.21753798425197599 1.5000000000000002 -0.46999946236610407 -0.0084332334809005243 4.0074241161346444 0.9399777650833131 0.18161031603813174 -0.046236772090196603 0.011421813163906338 0.033310560509562499 0.062246510758996017 -0.038095720112323754 0.33196699619293218 -0.0091321696527302248 -0.1850587725639343 -0.48756688833236689 -0.10368850454688071 0.064556926488876357 0.017703405581414703 -0.33332578837871546 0.21605926007032397 0.012887016870081426 0.012069122400134804 -0.16160526126623151 0.034310365095734603 -0.14637342095375058 -0.43325495719909662 3.5116946697235112
decision_type=2 2 10 2 10 8 2 8 10 10 10 10 10 10 8 8 10 10 10 2 10 10 10 10 10 10 8 10 8 2
left_child=1 2 -1 5 -5 8 7 -7 10 -10 11 -3 -9 14 -8 -16 -12 18 22 -19 -21 -22 -18 24 25 -2 -26 28 29 -25
right_child=23 3 -4 4 -6 6 13 12 9 -11 16 -13 -14 -15 15 -17 17 19 -20 20 21 -23 -24 27 26 -27 -28 -29 -30 -31
leaf_value=0.0020794437544411669 0.00096030325806534158 0.0010077946296574703 -0.00048046777573030973 -0.0032347367175456707 0.0002792193980708393 0.0021029963872058756 -0.00062860771837784559 0.0016078533812321147 -0.0010910485362652159 -0.00033647394708452441 0.00015076723204872339 -0.00047349538208353798 -0.0013266652901961062 0.00028980924835145667 0.0016163237149570417 -0.00062605594387489397 -0.00015472135843366385 0.0010188605036323165 -0.001558203662234051 -0.00031671873167720137 -0.00036590517279979653 0.00052575408288733515 -0.0012533013278986285 0.00043341254087700713 -0.00048056377717100137 -0.00011752849641094932 0.00014460602099626471 -1.447010995332997e-05 0.00012608358914309396 0.0039637486072044287
leaf_weight=1544 1415 796 973 602 513 1391 1839 2451 1394 1642 3299 562 507 1305 532 2865 1510 544 853 2883 1661 1319 1189 691 1065 896 3794 243431 18437 744
leaf_count=1544 1415 796 973 602 513 1391 1839 2451 1394 1642 3299 562 507 1305 532 2865 1510 544 853 2883 1661 1319 1189 691 1065 896 3794 243431 18437 744
internal_value=-6.95507e-05 -0.0010471 0.00496636 -0.00155897 -0.00973333 -0.00123634 0.00105505 0.00510438 -0.00264976 -0.0071241 -0.00171612 0.00526316 0.00198787 -0.00164097 -0.0032215 -0.00077781 -0.00243443 -0.00361621 -0.0078046 -0.00128565 -0.00223906 0.00090301 -0.00511259 4.67682e-05 0.00277159 0.00773374 0.000400493 -2.75338e-05 0.00155417 0.0104152
internal_weight=302647 32174 2517 29657 1115 28542 10890 4349 17652 3036 14616 1358 2958 6541 5236 3397 13258 9959 3552 6407 5863 2980 2699 270473 7170 2311 4859 263303 19872 1435
internal_count=302647 32174 2517 29657 1115 28542 10890 4349 17652 3036 14616 1358 2958 6541 5236 3397 13258 9959 3552 6407 5863 2980 2699 270473 7170 2311 4859 263303 19872 1435
is_linear=0
shrinkage=0.05


Tree=231
num_leaves=31
num_cat=0
split_feature=41 69 65 69 23 69 73 69 58 57 57 37 55 16 36 74 42 63 40 65 55 65 59 58 69 34 55 33 67 67
split_gain=20.6965 57.8009 40.2053 111.213 52.8943 67.1942 54.0204 54.0067 37.3212 36.7766 47.4766 35.7606 30.2063 42.9305 31.1052 28.9974 26.074 50.4214 24.2341 92.3742 74.6788 81.4612 102.924 58.971 51.3131 54.3181 84.2407 46.0625 43.1505 65.609
threshold=0.015793753787875179 0.0074047872330993423 -0.24108341336250302 0.012530561536550524 -0.073331359773874269 0.01628866791725159 0.34975948929786688 0.013660376891493799 0.59007504582405101 0.25171667337417608 0.36202345788478857 0.37890674173831945 1.0000000180025095e-35 -0.20859465003013608 16.393460273742679 0.90417978167533886 0.020915850065648559 0.045551598072052009 0.02868685964494944 -0.056580841541290276 1.0000000180025095e-35 -0.30392172932624811 -0.089714664965867982 0.47395291924476629 0.01120073674246669 0.32075639069080358 1.0000000180025095e-35 0.075474344193935408 0.25629211962223059 0.050108501687645919
decision_type=8 10 10 10 10 10 10 10 2 2 2 10 2 10 2 10 8 10 8 8 2 10 10 2 10 8 2 10 10 10
left_child=1 -1 3 -3 -4 7 -7 8 9 -6 -11 -12 13 -5 -15 -14 17 -2 19 20 23 -22 -23 -18 25 26 27 -21 29 -24
right_child=16 2 4 12 5 6 -8 -9 -10 10 11 -13 15 14 -16 -17 18 -19 -20 24 21 22 28 -25 -26 -27 -28 -29 -30 -31
leaf_value=-0.0012643709829532274 5.2781015192886698e-05 0.00064198588552813332 -0.00030691423298029129 0.00092734510454211107 -0.00014365850658101375 0.00067092000249611571 0.00013435943481668813 -0.00043653829206795537 -0.00083233921656665835 0.00071113478026917022 -7.2358277075877325e-05 0.00035797608687967791 -0.00078496559856942492 -0.0013179398202803213 -0.00012895079477275514 -0.00014830576820597824 -0.00012477558079422116 0.00056822301057477269 2.6490429324055496e-05 -0.00093879375126269511 -0.00053826189383901913 0.0016555748820518458 2.517841227231959e-05 0.00061239514508257481 -9.658632975378538e-05 -0.00088589954853756877 -0.00083970761785235118 0.00064474007620234021 -0.00024443647310433555 0.00055076785068639152
leaf_weight=787 14957 785 3234 501 1128 969 3986 1770 688 757 1493 601 1352 573 829 760 13888 3413 212026 640 857 713 2214 2079 18933 5547 1117 2577 545 2518
leaf_count=787 14957 785 3234 501 1128 969 3986 1770 688 757 1493 601 1352 573 829 760 13888 3413 212026 640 857 713 2214 2079 18933 5547 1117 2577 545 2518
internal_value=-1.65428e-07 -0.00154527 -0.00100329 -0.00496881 0.000300629 0.00190317 0.00627392 -0.0014658 0.00135771 0.00322136 0.00623908 0.0023289 -0.0083354 -0.00373758 -0.0082153 -0.0124411 0.000110625 0.00193145 -1.63086e-05 -0.000987645 0.00138889 0.00575324 0.00781667 -0.000485072 -0.00286914 -0.00578809 -0.0015884 0.00252557 0.00538112 0.00691691
internal_weight=302237 20213 19426 4800 14626 11392 4955 6437 4667 3979 2851 2094 4015 1903 1402 2112 282024 18370 263654 51628 22814 6847 5990 15967 28814 9881 4334 3217 5277 4732
internal_count=302237 20213 19426 4800 14626 11392 4955 6437 4667 3979 2851 2094 4015 1903 1402 2112 282024 18370 263654 51628 22814 6847 5990 15967 28814 9881 4334 3217 5277 4732
is_linear=0
shrinkage=0.05


Tree=232
num_leaves=31
num_cat=0
split_feature=23 60 69 68 68 45 54 69 18 64 60 18 62 19 62 27 54 69 32 16 68 68 67 54 6 69 68 19 67 26
split_gain=15.6354 53.4805 94.4959 49.3284 43.5344 40.7459 36.489 33.3303 42.2503 39.3719 37.7795 35.1788 33.3269 56.2832 37.3532 33.0869 32.7725 62.3853 104 53.6234 79.0677 52.6381 58.7009 123.958 52.4531 50.2808 52.8224 77.5139 69.1928 51.1719
threshold=-0.072461612522602067 -0.17026768624782559 0.013627196196466686 -0.092149257659912095 -0.11946228146553038 27.500000000000004 3.1988770961761479 0.028067343868315223 -0.098618116229772554 -0.14856553077697751 -0.066713694483041749 -0.10951136052608489 -0.004521995782852172 0.052169727161526687 -0.058028161525726311 0.021007205359637741 3.6890044212341313 0.015202419832348825 -0.40882533788681025 0.057857660576701171 -0.01966963522136211 0.010942773427814247 0.22926747053861621 5.7492017745971689 0.065743330866098418 0.022214193828403953 0.02239781524986029 0.0050153678748756656 0.31794793903827673 -0.10683963075280188
decision_type=10 8 10 8 10 10 2 8 10 8 10 10 10 8 10 10 2 10 8 8 10 10 10 2 10 10 8 10 10 10
left_child=-1 2 4 -3 -2 -4 -6 9 -9 11 -10 -5 13 14 15 -11 25 21 -19 20 -20 -18 23 -23 -22 26 29 -28 -29 -14
right_child=1 3 5 7 6 -7 -8 8 10 12 -12 -13 16 -15 -16 -17 17 18 19 -21 24 22 -24 -25 -26 -27 27 28 -30 -31
leaf_value=-2.680024010824761e-05 -0.0014358297958728637 0.00067127410399912813 0.00051737378542523614 0.00015032698333178018 -0.0019418252224859735 -0.0003333718343448778 -0.00017766899209423995 3.9832488481984094e-06 0.0007474585825485503 -0.00054310018210090556 0.00014497465981281598 -0.00037687616839819643 0.00065613098328725836 -0.00035700305069819157 0.00028477629316509695 3.5030614114599581e-05 5.4891092129147681e-05 -0.00055193864543315199 -0.00015167841118986268 1.4180098100662759e-05 0.000459739208838908 8.071819645163806e-05 -0.00018185194965545661 -0.0020575597435252488 -2.5104279817076206e-05 -0.0011537067273208951 0.00021384177651307551 0.0044052192442694017 0.00043875457533060371 -0.00057878231456240804
leaf_weight=207269 764 1447 2463 1299 553 2526 1372 4748 2461 544 2341 2209 3120 3421 13778 2291 6188 2109 1581 9620 4139 1783 7477 2661 1151 919 5724 1802 1400 3899
leaf_count=207269 764 1447 2463 1299 553 2526 1372 4748 2461 544 2341 2209 3120 3421 13778 2291 6188 2109 1581 9620 4139 1783 7477 2661 1151 919 5724 1802 1400 3899
internal_value=-1.46831e-05 0.00051357 -0.00348595 0.000862441 -0.0110226 0.000590118 -0.0069509 0.00070897 0.00349372 0.000363695 0.00679551 -0.00480387 0.000610593 0.00234983 0.00355231 -0.0016696 -4.01247e-05 -0.000878292 0.00115529 0.00249379 0.00586397 -0.0029665 -0.00490738 -0.00945218 0.00879245 0.00178381 0.00244124 0.00499105 0.011208 -0.000803813
internal_weight=303059 95790 7678 88112 2689 4989 1925 86665 9550 77115 4802 3508 73607 20034 16613 2835 53573 36709 18600 16491 6871 18109 11921 4444 5290 16864 15945 8926 3202 7019
internal_count=303059 95790 7678 88112 2689 4989 1925 86665 9550 77115 4802 3508 73607 20034 16613 2835 53573 36709 18600 16491 6871 18109 11921 4444 5290 16864 15945 8926 3202 7019
is_linear=0
shrinkage=0.05


Tree=233
num_leaves=31
num_cat=0
split_feature=48 62 37 36 56 17 46 31 36 30 61 75 69 43 62 41 55 66 8 16 69 31 67 75 14 75 59 42 57 19
split_gain=13.1366 24.8473 32.1716 19.5825 17.1832 29.9061 15.8852 16.1419 15.4466 26.2723 27.3149 19.3436 18.8245 15.4162 15.0892 14.1512 47.3933 47.4451 44.8463 32.2337 59.5959 44.6269 34.1824 29.6803 29.5197 29.2003 28.58 44.4375 36.5315 27.5125
threshold=0.20480274409055713 -0.16214549541473386 -1.0666120052337644 24.374288558959964 3.5000000000000004 -0.18866966664791104 17.500000000000004 0.77267116308212291 81.926155090332045 3.6253342628479008 0.027976453304290775 0.31946584582328802 0.01595964748412371 1.5260550379753115 0.058251202106475837 0.10462068021297456 1.5000000000000002 -0.23785667121410367 -0.45773516595363611 -0.10851379111409186 0.02954222355037928 0.22500267624855044 0.039325905963778503 0.58882826566696178 -0.10448426008224486 0.87405535578727733 -0.19344343990087506 0.10532062873244287 0.020937179215252403 -0.19453896582126615
decision_type=2 10 10 2 2 10 10 8 2 10 10 8 10 10 10 10 2 10 10 8 10 10 10 10 10 10 8 8 2 10
left_child=8 3 -3 -2 5 -4 7 14 15 10 -10 -12 -13 -5 -7 26 18 -18 23 20 21 24 -21 -17 -20 -22 27 28 -1 -25
right_child=1 2 4 13 -6 6 -8 -9 9 -11 11 12 -14 -15 -16 16 17 -19 19 22 25 -23 -24 29 -26 -27 -28 -29 -30 -31
leaf_value=-7.0502570079788995e-06 -0.00051923607493067783 -0.0020424482549798104 -0.0017741676495489911 0.00016553829867822813 5.4221905372626826e-05 0.00041318838373598753 -0.00083084599633140343 0.0012765194732095027 -0.00017336102559849833 0.0029413256740607671 0.0012735459795950484 0.004127906201570837 0.00014319871805965715 0.0024634014600370597 -0.00099612294843997814 -0.0011032241175566286 0.00010304698396361226 -0.0021993540287450855 0.0018219669067780623 -0.0021173925030243223 0.00038222796831357891 0.0029613516795934571 0.00028964108474314413 -0.00036711176167826233 -0.0005732871796255717 -0.0010009009472653576 -2.1173980451717409e-06 0.00047930034386746667 -0.0031868409444739706 0.00083095874454147407
leaf_weight=501 1304 709 1087 852 5744 911 3340 738 3519 519 526 532 2041 938 502 931 622 583 1317 512 1473 1815 19128 4599 723 991 243078 913 902 1339
leaf_count=501 1304 709 1087 852 5744 911 3340 738 3519 519 526 532 2041 938 502 931 622 583 1317 512 1473 1815 19128 4599 723 991 243078 913 902 1339
internal_value=4.01389e-05 -0.001348 -0.00230427 0.00267397 -0.00170289 -0.00344566 -0.00193601 0.00141138 0.000118294 0.0024136 0.00155401 0.00496944 0.00315525 0.00605556 -0.00172171 5.95841e-05 0.00101489 -0.00868313 0.00137341 0.00232392 0.0054274 0.00930142 0.00132316 -0.00221689 0.00419512 -0.000646726 -7.29409e-05 -0.00558899 -0.0111465 -0.000907868
internal_weight=302689 16125 13031 3094 12322 6578 5491 2151 286564 7137 6618 3099 2573 1790 1413 279427 34033 1205 32828 25959 6319 3855 19640 6869 2040 2464 245394 2316 1403 5938
internal_count=302689 16125 13031 3094 12322 6578 5491 2151 286564 7137 6618 3099 2573 1790 1413 279427 34033 1205 32828 25959 6319 3855 19640 6869 2040 2464 245394 2316 1403 5938
is_linear=0
shrinkage=0.05


Tree=234
num_leaves=31
num_cat=0
split_feature=61 53 63 20 56 16 62 2 74 69 42 24 7 69 33 68 27 63 38 36 27 30 68 4 38 38 28 47 6 46
split_gain=16.7846 46.9825 38.0732 31.5035 25.4898 24.0038 23.8157 23.3631 22.5201 21.254 26.8337 27.0756 22.2207 20.9867 22.1754 20.9311 18.5927 18.5124 18.4233 17.8209 17.857 17.2285 16.87 21.2784 19.3339 16.2975 15.7878 15.3887 29.8475 26.9025
threshold=0.056577563285827644 1.0000000180025095e-35 0.099966764450073256 -0.049506140872836106 3.5000000000000004 -0.30314555764198298 0.17312973737716678 0.23609777539968493 0.60487911105155956 0.051895696669816978 0.03714310564100743 0.34947709739208227 -0.33131432533264155 0.01120073674246669 3.3487993478775029 0.16266884654760363 0.063731938600540175 0.12725162506103518 0.077784482389688506 90.694725036621108 0.53076371550560009 0.19000805169343951 0.15645035356283191 0.022406434640288356 0.22769733518362048 0.75867795944213878 0.14463970065116885 0.058496525511145599 -0.087220303714275346 5.5000000000000009
decision_type=10 10 10 10 2 8 10 10 10 10 10 10 10 8 10 10 10 10 10 2 8 10 10 10 8 8 8 2 10 8
left_child=7 3 4 5 -3 21 9 19 22 10 15 -12 -11 -9 25 16 18 -16 -5 27 -21 -2 24 -24 -7 -15 -26 -1 29 -29
right_child=1 2 -4 6 -6 8 -8 13 -10 12 11 -13 -14 14 17 -17 -18 -19 -20 20 -22 -23 23 -25 26 -27 -28 28 -30 -31
leaf_value=-2.0103598694577034e-06 -3.3219821600975582e-05 -0.00027067242709181673 0.0028587328080626018 0.00063387618929807018 0.0013783759106912317 -0.0011864191916025719 -0.00046985606831382502 0.0013575624241484981 0.00020449152793519944 9.1100219259711819e-05 -0.000263239172330159 0.00055903594681219781 0.0011243889796791252 -0.0006268339070245499 -0.00049061748868844089 0.0008667366073791936 -6.7525116629422823e-05 0.0030711399706683791 0.0011509160703208274 -1.9407035066377078e-05 0.0028315624556660532 0.0013203766930170451 0.00050786485580075114 -0.00026972941893614903 0.00028179378225871957 -0.0019205196116676372 -0.00063809932678110526 -0.00018579889331249192 -2.1413543463278882e-05 -0.0010160891462171425
leaf_weight=243924 862 1113 1068 1625 945 763 1663 1019 2847 526 2855 2194 825 2715 776 558 1281 542 509 534 534 773 852 2446 926 1852 5240 3556 14549 2838
leaf_count=243924 862 1113 1068 1625 945 763 1663 1019 2847 526 2855 2194 825 2715 776 558 1281 542 509 534 534 773 852 2446 926 1852 5240 3556 14549 2838
internal_value=-5.91305e-05 0.00106589 0.00685587 0.000386844 0.002853 -0.00116516 0.00228292 -0.000182335 -0.00188016 0.00317346 0.00229185 -0.000128484 0.00900073 -0.00305178 -0.00419847 0.00536028 0.00386861 0.00150602 0.00671642 -0.000107729 0.00630798 0.00452888 -0.0029745 -3.02297e-05 -0.00437383 -0.00584444 -0.00343264 -0.000133836 -0.00143416 -0.00427858
internal_weight=302710 29871 3126 26745 2058 14709 12036 272839 13074 10373 9022 5049 1351 6904 5885 3973 3415 1318 2134 265935 1068 1635 10227 3298 6929 4567 6166 264867 20943 6394
internal_count=302710 29871 3126 26745 2058 14709 12036 272839 13074 10373 9022 5049 1351 6904 5885 3973 3415 1318 2134 265935 1068 1635 10227 3298 6929 4567 6166 264867 20943 6394
is_linear=0
shrinkage=0.05


Tree=235
num_leaves=31
num_cat=0
split_feature=7 75 35 43 64 54 75 12 54 68 6 58 58 60 45 58 73 69 11 75 43 11 54 18 58 38 75 17 45 58
split_gain=14.7332 15.7269 14.5466 25.4792 19.1817 15.434 54.1874 15.5918 36.1227 54.7193 36.8942 33.816 33.7722 31.2114 28.7357 28.678 23.4033 25.346 32.6162 35.2519 23.6939 22.4426 20.9398 20.9088 20.8382 20.808 29.0559 17.3045 17.136 69.1869
threshold=1.635495722293854 0.92802298069000255 90.592658996582045 0.43641416728496557 -0.14856553077697751 0.4855030775070191 0.77706193923950206 0.081172898411750807 4.3921005725860605 -0.026316926814615723 -0.13499765098094937 0.37013652920722967 0.33450703322887426 -0.088965170085430131 23.500000000000004 0.15845070034265521 0.5180296301841737 0.022214193828403953 -0.65210109949111927 0.73036527633667003 1.2055621743202212 0.14640617370605472 5.6922156810760507 -0.21146401017904279 0.53939577937126171 0.53566083312034618 0.67528298497200023 -0.073125082999467836 12.500000000000002 0.81410688161849987
decision_type=10 10 2 8 8 2 8 10 2 8 8 2 2 10 8 2 8 10 10 10 10 10 2 8 2 10 8 10 8 2
left_child=2 -2 5 -4 -5 6 -1 28 11 10 23 12 13 25 -11 22 -13 18 -18 -20 -21 -19 -12 -10 -22 -9 -27 -16 -7 -30
right_child=1 -3 3 4 -6 7 -8 8 9 14 15 16 -14 -15 27 -17 17 21 19 20 24 -23 -24 -25 -26 26 -28 -29 29 -31
leaf_value=-0.00098472725624394026 -0.0021514760061564888 -0.00026629380317506023 0.0010458082810602543 -0.00074030038538248715 0.00022111831792001116 6.7641307953550679e-05 0.004251432200199393 -0.00028953033106638375 0.00063161175885769263 -5.9888198703812735e-05 0.0012208903721993821 0.0012911686613436301 -0.0022621911117983833 0.0016365744855651066 -0.0017202318113800443 0.00046531611514013485 -0.0010032316251210446 6.3235773937810744e-05 -0.00064870957961404201 0.0040286119226901089 -0.0010547100482662115 -0.0018113695970498917 0.0034978208749473052 -0.00076511922109946467 0.0026016203122094222 -0.00012930911873684385 -0.002284269707219377 -0.00043822123880001565 -1.1438632043199016e-05 -0.00089158698310292143
leaf_weight=559 825 1404 1068 656 8844 77924 987 1806 687 7258 665 607 758 501 539 1697 1505 685 1313 1044 513 1113 717 621 864 816 1513 853 182306 2255
leaf_count=559 825 1404 1068 656 8844 77924 987 1806 687 7258 665 607 758 501 539 1697 1505 685 1313 1044 513 1113 717 621 864 816 1513 853 182306 2255
internal_value=-4.57227e-05 -0.00408665 -1.5631e-05 0.00180563 0.000977918 -8.20362e-05 0.00488432 -0.000108812 -0.00127468 0.000586342 0.0051285 -0.00313458 -0.0061621 -0.00454154 -0.00172055 0.00810942 -0.000992945 -0.00180928 -4.76281e-05 0.00245726 0.00602633 -0.00691372 0.0134339 -0.00189681 0.0016943 -0.00597105 -0.00908508 -0.00827389 7.04775e-06 -0.000255457
internal_weight=302903 2229 300674 10568 9500 290106 1546 288560 26075 13037 4387 13038 5394 4636 8650 3079 7644 7037 5239 3734 2421 1798 1382 1308 1377 4135 2329 1392 262485 184561
internal_count=302903 2229 300674 10568 9500 290106 1546 288560 26075 13037 4387 13038 5394 4636 8650 3079 7644 7037 5239 3734 2421 1798 1382 1308 1377 4135 2329 1392 262485 184561
is_linear=0
shrinkage=0.05


Tree=236
num_leaves=31
num_cat=0
split_feature=8 54 54 57 60 64 14 11 11 29 16 33 69 54 40 33 9 16 38 75 57 69 60 61 40 45 64 11 66 54
split_gain=16.1182 74.5327 49.7456 78.3377 59.5171 64.4481 51.4319 57.0883 49.3708 38.6993 52.3614 38.791 40.9489 60.6232 59.644 42.2996 36.666 46.0511 37.3561 41.0222 36.7533 35.4144 35.0968 33.5508 32.6191 32.1412 34.1297 29.9574 64.7412 32.5886
threshold=0.1650103181600571 6.4692425727844247 2.4163600206375127 0.69170770049095165 0.27732360363006597 0.20126003026962283 0.10817072913050653 -0.096315048635005937 -0.22130483388900754 -0.63848558068275441 -0.21071648597717282 0.65831130743026745 0.015256227459758522 3.673892736434937 0.031619338318705566 1.5989966392517092 -0.29604905843734736 -0.028378981165587899 0.55985194444656383 0.34363523125648504 0.41624651849269872 0.028067343868315223 0.11094220727682115 -0.017270624637603756 0.078264404088258757 19.500000000000004 -0.11406022310256957 1.2826316952705386 -0.27325443923473353 6.7322463989257821
decision_type=10 2 2 2 10 10 10 8 8 10 10 10 10 2 10 10 8 10 10 10 2 10 10 8 10 10 10 10 10 2
left_child=27 2 3 4 5 6 -2 -8 -3 -4 -11 -12 13 15 -15 -13 -10 -18 19 -19 -20 25 -5 -23 -17 26 -14 -1 -29 -30
right_child=1 8 9 22 -6 -7 7 -9 16 10 11 12 21 14 -16 24 17 18 20 -21 -22 23 -24 -25 -26 -27 -28 28 29 -31
leaf_value=2.542296563556538e-05 -0.00021815209990264756 -0.0013329886984978327 -0.0015400631951355791 -0.00010048299774951752 -0.0033477291009411515 0.0065258768876378095 0.00090841151364972098 -0.0022874507636714979 -0.001015911155552645 0.0025867412968043099 -0.00031986206327700513 0.0010164146235206494 0.0022964366177186672 -0.0010961612377906867 0.00066771169788593782 0.0043103078469006436 0.00053467257748304395 0.00021912021693212822 -0.00082086252372109601 -0.00080443188195246243 0.00055851147105544718 0.0016610031586056541 0.003708593049691246 -4.2995429771619521e-05 0.0052650436751567747 -0.0015609252214625164 -0.00016135336195457277 -0.0020566924450581558 0.00031951619285998481 -0.0010543118196449223
leaf_weight=239157 3585 821 1142 959 584 506 544 2522 592 1055 6448 2014 860 724 6820 506 847 974 1016 4675 1769 2797 1024 2807 661 1248 11112 1899 3088 564
leaf_count=239157 3585 821 1142 959 584 506 544 2522 592 1055 6448 2014 860 724 6820 506 847 974 1016 4675 1769 2797 1024 2807 661 1248 11112 1899 3088 564
internal_value=4.18686e-05 -0.000702808 0.000139793 -0.00305116 -0.00532189 -0.0040533 -0.00536706 -0.0101105 -0.00447496 0.00095278 0.00123307 0.000909545 0.00167631 0.00414066 0.00169447 0.00991852 -0.00348578 -0.00270692 -0.0038252 -0.00615833 0.000912343 0.000270787 0.00579528 0.00359815 0.0174596 -0.00114135 -0.00034218 0.000220254 -0.00340766 0.000491535
internal_weight=303320 58612 47918 9724 7741 7157 6651 3066 10694 38194 37052 35997 29549 10725 7544 3181 9873 9281 8434 5649 2785 18824 1983 5604 1167 13220 11972 244708 5551 3652
internal_count=303320 58612 47918 9724 7741 7157 6651 3066 10694 38194 37052 35997 29549 10725 7544 3181 9873 9281 8434 5649 2785 18824 1983 5604 1167 13220 11972 244708 5551 3652
is_linear=0
shrinkage=0.05


Tree=237
num_leaves=31
num_cat=0
split_feature=7 59 30 55 46 46 65 36 60 61 19 55 58 8 66 30 68 61 27 69 69 65 60 61 65 41 11 65 60 7
split_gain=18.4239 18.0524 13.355 69.6888 47.6703 74.9641 47.3276 45.7028 37.495 39.1659 35.2899 35.2289 193.744 193.82 102.56 90.2156 96.4799 88.8573 88.0122 73.5619 61.6542 59.6586 43.9828 43.6204 38.8512 37.5653 36.89 34.2807 57.5307 71.6603
threshold=1.635495722293854 -0.00026407754921820009 0.62501102685928356 1.5000000000000002 17.500000000000004 10.500000000000002 0.39618486166000372 48.932302474975593 0.16742905229330066 0.046343028545379646 -0.020754502154886719 1.5000000000000002 0.019953051116317514 0.47228449583053594 -0.12041218206286429 0.26405645906925207 -0.049280392006039613 0.020023167133331302 0.076741006225347533 0.015067929401993753 0.0095380027778446692 -0.2456463277339935 -0.0515186209231615 0.0016419887542724612 -0.30392172932624811 0.02737369388341904 -0.24677871167659757 0.061795532703399665 -0.13176929950714109 0.15353505313396457
decision_type=10 10 10 2 10 10 10 2 10 10 8 2 2 8 10 10 10 10 10 10 10 10 10 10 8 10 10 8 10 10
left_child=2 -2 6 27 5 -5 8 -6 11 10 -10 -1 -13 14 15 16 21 19 22 20 -16 24 -18 -17 -14 -26 -23 28 -4 -30
right_child=1 -3 3 4 7 -7 -8 -9 9 -11 -12 12 13 -15 17 23 18 -19 -20 -21 -22 26 -24 -25 25 -27 -28 -29 29 -31
leaf_value=-2.4096617275830986e-05 -0.0019202605329473655 0.0003262996986530195 -0.0012886521818412059 -0.00026798652205652947 -0.00067919130212105647 -0.0022169749601868073 0.00067623180705981667 0.00081849878415721298 -0.00071752275715572566 0.0001598330825561288 -0.00016037733050884172 -0.0038807751485926594 -7.4526735295177634e-05 0.0030239581180101695 -0.0015616109146417447 -0.00066591117841337645 0.0014761872323491437 0.00052237246602869145 0.00027850132708133105 -0.0015784940778508225 0.00023622894074153827 -0.00073904170841982038 0.00071473215194212808 0.00023786097248460478 0.00024707539420517987 0.0014945827034715071 4.0487065005324007e-05 0.00027016732363511667 0.00025874338238909052 -0.00028589531029959216
leaf_weight=195382 1323 894 3235 804 810 617 939 613 3275 2875 6936 799 533 784 646 1115 870 776 1611 502 627 596 606 808 537 509 1816 43296 15743 13475
leaf_count=195382 1323 894 3235 804 810 617 939 613 3275 2875 6936 799 533 784 646 1115 870 776 1611 502 627 596 606 808 537 509 1816 43296 15743 13475
internal_value=-7.15317e-05 -0.0046026 -3.80216e-05 0.000522245 -0.00714786 -0.0135919 -0.0002359 -0.000662945 -0.000283602 -0.00287874 -0.00432932 -0.000120608 0.00238494 0.0039365 0.00229199 0.00479969 0.00740688 -0.00654041 0.0140297 -0.0126891 -0.00619641 0.00226193 0.0228129 -0.00478531 0.00978603 0.0153409 -0.00268373 0.000811125 -0.000417398 0.000283974
internal_weight=303352 2217 301135 78593 2844 1421 222542 1423 221603 13086 10211 208517 13135 12336 11552 9001 7078 2551 3087 1775 1273 3991 1476 1923 1579 1046 2412 75749 32453 29218
internal_count=303352 2217 301135 78593 2844 1421 222542 1423 221603 13086 10211 208517 13135 12336 11552 9001 7078 2551 3087 1775 1273 3991 1476 1923 1579 1046 2412 75749 32453 29218
is_linear=0
shrinkage=0.05


Tree=238
num_leaves=31
num_cat=0
split_feature=52 65 16 15 69 54 52 52 43 31 41 16 17 31 23 60 54 41 69 54 32 46 16 36 6 69 18 66 66 71
split_gain=12.8979 31.9491 57.3341 41.5437 47.7604 49.7774 38.2641 31.0949 26.7492 26.4338 24.8694 29.7711 24.3906 46.8455 33.3668 30.3946 36.4715 29.9406 39.7198 28.1701 22.0938 31.3639 21.8569 28.7769 21.7495 59.5651 51.7426 62.7047 67.1087 53.0802
threshold=9.5000000000000018 -0.21228951215744016 -0.17726051062345502 -0.2589906752109527 0.022359503433108333 3.4198555946350102 10.500000000000002 11.500000000000002 0.18026729673147204 0.18419925868511203 0.055449811741709716 -0.055014817044138901 -0.0507551971822977 0.17646706849336627 -0.085200894623994813 0.068993821740150466 7.0690448284149179 0.030763988383114341 0.022359503433108333 4.421187400817872 -0.48756688833236689 20.500000000000004 -0.23981258273124692 21.062984466552738 0.0090700313448905962 0.077163368463516249 -0.12756885588169095 -0.33412660658359522 -0.30796064436435694 0.011194154620170595
decision_type=10 10 8 10 10 2 10 10 10 10 10 8 10 10 10 10 2 10 10 2 10 10 10 2 10 10 8 10 10 8
left_child=24 2 12 -4 5 10 9 -7 -3 -6 -5 -12 15 14 -14 16 20 -18 -19 -15 21 -2 -22 -24 -1 26 27 -26 -29 -28
right_child=1 8 3 4 6 7 -8 -9 -10 -11 11 -13 13 19 -16 -17 17 18 -20 -21 22 -23 23 -25 25 -27 29 28 -30 -31
leaf_value=-6.1346446194487749e-05 -0.00013874561577639275 0.00070570570915808701 0.00035637670766678302 -0.0014019488261347085 -0.0013586997988662441 7.1246384764948704e-05 -0.0019219705677807231 -0.00040030312881041629 8.8204459247453798e-05 -1.3752821639515488e-05 0.00039795701461568865 -0.0016573296165064309 -0.0011322283801115441 0.0011003995360853291 0.0003191813276571535 0.0031378348739072338 0.0011755883049919987 -0.00067808341641426852 0.0016766689163869532 -0.00025097666660373746 0.00077664484370400526 0.0014122953730209898 -0.00051929459328934908 0.00032888750391583439 0.00011364905578574803 0.0040243811159066806 0.00023601621334398554 -0.0013607631643325927 -0.00032530710930794366 2.670831195535604e-07
leaf_weight=111455 12218 2537 3466 1160 560 5747 1365 1299 41225 1133 598 511 1455 742 519 725 821 585 771 748 1844 1234 1197 1793 5670 590 20457 1422 8159 70874
leaf_count=111455 12218 2537 3466 1160 560 5747 1365 1299 41225 1133 598 511 1455 742 519 725 821 585 771 748 1844 1234 1197 1793 5670 590 20457 1422 8159 70874
internal_value=-1.58473e-05 0.000509714 -0.000502457 -0.00284876 -0.00420334 -0.00241823 -0.00961538 -0.000340136 0.00144613 -0.00455079 -0.0088416 -0.00344057 0.0010056 -0.00287853 -0.00791331 0.00164166 0.00128218 0.00738455 0.00278184 0.0038 0.000552033 -0.000490269 0.00344756 0.0008 -0.000218399 0.000290161 0.000201704 -0.00249328 -0.00495777 0.000651953
internal_weight=302880 84253 40491 15839 12373 9315 3058 7046 43762 1693 2269 1109 24652 3464 1974 21188 20463 2177 1356 1490 18286 13452 4834 2990 218627 107172 106582 15251 9581 91331
internal_count=302880 84253 40491 15839 12373 9315 3058 7046 43762 1693 2269 1109 24652 3464 1974 21188 20463 2177 1356 1490 18286 13452 4834 2990 218627 107172 106582 15251 9581 91331
is_linear=0
shrinkage=0.05


Tree=239
num_leaves=31
num_cat=0
split_feature=24 7 2 11 65 67 68 55 19 26 58 55 33 66 19 73 57 55 66 5 30 31 30 38 30 65 58 38 71 26
split_gain=16.8503 40.9334 22.0294 15.0982 68.0686 61.066 115.729 93.9216 83.6373 56.4288 71.5524 55.2177 86.6793 51.4322 77.4864 60.5236 50.4254 48.8315 199.759 84.8019 75.878 57.6725 51.3867 48.6199 68.9952 47.5399 72.7442 83.846 83.5222 58.4578
threshold=2.2847963571548466 -0.035481750965118401 0.075399681925773634 0.005884517217054964 -0.01189136505126953 0.16320770233869555 0.011754650156944992 1.5000000000000002 -0.19978073984384534 -0.047129943966865533 0.81410688161849987 1.0000000180025095e-35 0.086532764136791243 -0.30540493130683893 -0.14612250775098798 0.75869265198707592 0.27731443941593176 1.0000000180025095e-35 -0.18047681450843808 -0.10292578861117362 0.11507692560553552 0.18161031603813174 0.2601639479398728 0.42263425886631018 0.33046668767929083 0.19084477424621585 0.64666709303855907 0.43754696846008306 0.011194154620170595 -0.07601726800203322
decision_type=10 8 10 10 10 10 10 2 8 10 2 2 10 10 10 10 2 2 10 10 10 10 10 10 10 10 2 10 10 10
left_child=3 -2 -3 4 -1 6 7 8 -6 10 -7 12 -8 15 -15 23 -9 19 -19 22 21 -20 -16 24 -5 26 29 28 -28 -21
right_child=1 2 -4 13 5 9 11 16 -10 -11 -12 -13 -14 14 17 -17 -18 18 20 25 -22 -23 -24 -25 -26 -27 27 -29 -30 -31
leaf_value=3.0691630227797475e-05 0.0017989724906275464 -0.0024698937551563592 -0.001057211530685237 -0.00030811481609757457 0.0027933937286654868 -7.5928102571001411e-05 -0.0043692679906834194 -0.0012099736032989831 -0.00013630406137703143 0.00024425437487331155 -0.0010295381192079629 -0.0045636593853880039 0.0002487205239705137 0.003118974198827622 0.001136320623600862 0.00032408610985864254 -0.00040142520153742847 -0.0027285128465143779 -1.257148438151487e-05 0.00025768466842565526 -0.00031037030580401088 0.00053844922426991956 0.00059446592433650986 -0.00015070813705149317 -0.0017779082216244802 -0.0002313918472072378 0.0018135104223265472 0.0071413641576585129 -0.0011153950163006012 -0.00038194006736298698
leaf_weight=151626 561 599 987 3801 598 39726 550 523 8814 6841 1728 710 775 935 2269 5970 574 923 848 22403 3203 891 8243 6023 2200 15868 2260 2240 1846 7628
leaf_count=151626 561 599 987 3801 598 39726 550 523 8814 6841 1728 710 775 935 2269 5970 574 923 848 22403 3203 891 8243 6023 2200 15868 2260 2240 1846 7628
internal_value=-2.39929e-05 -0.00442745 -0.0085213 7.666e-06 -0.000220026 -0.00163273 -0.00473953 -0.00261907 -0.000997665 -0.000824966 -0.00151939 -0.0156235 -0.00947566 0.000560181 0.00117656 -0.00182182 -0.0163957 0.000980592 -0.00337872 0.00138847 0.00062601 0.00900515 0.00548375 -0.00386405 -0.00704542 0.000563582 0.00155962 0.00641913 0.00216229 0.000530941
internal_weight=302163 2147 1586 300016 212465 60839 12544 10509 9412 48295 41454 2035 1325 87551 69557 17994 1097 68622 5865 62757 4942 1739 10512 12024 6001 52245 36377 6346 4106 30031
internal_count=302163 2147 1586 300016 212465 60839 12544 10509 9412 48295 41454 2035 1325 87551 69557 17994 1097 68622 5865 62757 4942 1739 10512 12024 6001 52245 36377 6346 4106 30031
is_linear=0
shrinkage=0.05


Tree=240
num_leaves=31
num_cat=0
split_feature=52 69 55 30 75 16 33 65 11 66 33 74 15 20 32 74 19 58 64 15 40 52 73 32 69 11 75 66 62 33
split_gain=16.1859 25.3659 61.9767 56.2791 55.4783 29.2543 29.1571 26.6327 44.4156 26.451 24.6808 22.5673 25.2809 22.4786 22.3064 21.6711 21.5452 33.6391 126.847 47.6541 21.2505 21.6901 20.6029 20.7796 45.5407 34.8213 34.5336 40.9598 45.9181 37.7662
threshold=9.5000000000000018 0.010863479226827623 1.0000000180025095e-35 0.13333556056022647 0.34741981327533727 -0.46492215991020197 0.45153500139713293 -0.36600917577743525 -0.15303560346364972 -0.16108464449644086 0.3752459585666657 0.036790611222386367 -0.38834567368030543 -0.14893320202827451 -0.49999949336051935 0.21211126446723941 -0.29318338632583613 0.31025040149688726 -0.11765331029891966 -0.19817457348108289 0.039282733574509628 6.5000000000000009 0.0042283304501324901 -0.55851584672927845 0.010579263325780632 -0.44733951985836024 0.44038636982440954 -0.15983666479587552 0.045922756195068366 1.8762500286102297
decision_type=8 8 2 10 10 8 8 8 8 10 8 8 10 10 10 10 8 2 10 10 10 10 8 8 10 8 10 10 10 10
left_child=16 2 3 6 -4 13 -2 8 -7 10 -5 12 -9 -3 15 -12 17 18 -1 -20 -19 -22 -18 24 -24 -25 27 28 -26 -28
right_child=1 5 4 9 -6 7 -8 11 -10 -11 14 -13 -14 -15 -16 -17 22 20 19 -21 21 -23 23 25 26 -27 29 -29 -30 -31
leaf_value=-0.0011641404979236148 0.00020990372194218461 0.0014448248307158394 0.00023441700421158071 -0.00046277456073579097 -0.0012340108538209148 0.00017948792766443665 -0.00077519096909154392 0.00065801064026755327 -0.0018892066142474362 0.0028468691378988834 0.0013877067531761576 5.0362732943270207e-05 -0.00074694672527451727 -2.9640413902870535e-05 0.00013297703581438154 0.0022633003351537322 -0.0016890090824117111 1.1506418429306499e-06 0.00060176757767868442 0.0038542063780313269 -0.0014711708116584474 -0.00061842174127112323 0.00092767724982777242 -0.00039187441361480393 -0.0003984644970525756 -8.4525629383998709e-06 0.0004000390878950648 -0.00095765548027991411 0.00061575169227895204 -0.00060842610801687584
leaf_weight=1138 1912 1659 633 612 890 1613 611 636 1408 2083 530 72230 2253 1097 832 517 614 1417 544 507 692 2834 3125 4561 4256 179453 10429 504 1180 2220
leaf_count=1138 1912 1659 633 612 890 1613 611 636 1408 2083 530 72230 2253 1097 832 517 614 1417 544 507 692 2834 3125 4561 4256 179453 10429 504 1180 2220
internal_value=8.0198e-05 0.000644506 0.00322132 0.00518503 -0.00590346 0.000369565 -0.000809317 0.000190659 -0.00440449 0.00848604 0.00497801 0.00037602 -0.00394964 0.00542299 0.00780836 0.0126301 -0.000156452 -0.00285634 0.0022965 0.0147502 -0.0051383 -0.00721154 -6.29991e-05 -3.5482e-05 0.00142699 -0.000208125 0.000486585 -0.00265546 -0.00137716 0.00196303
internal_weight=302990 89516 8620 7097 1523 80896 2523 78140 3021 4574 2491 75119 2889 2756 1879 1047 213474 7132 2189 1051 4943 3526 206342 205728 21714 184014 18589 5940 5436 12649
internal_count=302990 89516 8620 7097 1523 80896 2523 78140 3021 4574 2491 75119 2889 2756 1879 1047 213474 7132 2189 1051 4943 3526 206342 205728 21714 184014 18589 5940 5436 12649
is_linear=0
shrinkage=0.05


Tree=241
num_leaves=31
num_cat=0
split_feature=40 58 55 31 7 65 63 63 42 54 74 26 10 45 62 65 64 54 67 63 16 54 54 66 33 11 67 65 39 13
split_gain=15.5376 53.4702 52.6544 45.321 43.0437 37.1871 53.1277 35.7242 35.4042 31.8168 44.0537 41.4185 48.8247 37.0198 30.8597 30.279 57.5147 37.0184 42.5412 57.3746 35.8961 51.9888 30.8104 30.5087 26.3491 26.0562 26.1588 35.11 25.7698 25.5403
threshold=0.014739004429429771 0.63578835129737865 1.0000000180025095e-35 0.44012230634689337 0.036521011963486678 -0.30392172932624811 -0.12380453944206236 0.061379373073577888 0.023817717097699646 7.0335946083068857 0.46089085936546331 -0.068804152309894548 -0.061274196952581399 15.500000000000002 0.03680080175399781 -0.23058083653450009 -0.053864240646362298 5.8082926273345956 0.21804926544427874 0.03083211183547974 -0.18924877792596814 5.8082926273345956 5.5784080028533944 -0.33181758224964136 0.14648237079381946 -0.029333292506635186 0.15960539877414706 -0.13668876886367795 0.011429193895310165 -0.011710236780345438
decision_type=8 2 2 8 8 8 8 10 8 2 8 10 8 10 10 10 10 2 10 10 10 2 2 10 10 10 10 10 10 10
left_child=1 5 3 -3 -4 -1 -7 9 15 13 -11 12 28 14 -8 20 22 18 19 -18 -2 -22 23 -17 -23 26 27 -13 -12 -9
right_child=8 2 4 -5 -6 6 7 29 -10 10 11 25 -14 -15 -16 16 17 -19 -20 -21 21 24 -24 -25 -26 -27 -28 -29 -30 -31
leaf_value=-0.00063926776542455946 0.00037146590216514209 -0.00076447774631050185 -0.0002632057638405877 0.00069015664785627377 -0.0019213932059761623 0.00076526891156119799 0.00013160512672800352 -2.5220323928003103e-05 -4.5453374386918734e-06 0.00029723249590437608 2.0191546904277383e-05 7.1968906354262427e-06 -0.00072342619804656449 -3.8895587090993692e-05 0.0011313760591332234 -0.00032757910372277618 -0.00093008219701570252 -0.00015417343390361564 0.0011254377727098201 0.0011668503497938609 -0.001095067253322412 -0.00012474060512608284 0.00068399190415339083 0.00092271460713069765 0.00036002746704181252 0.00028412447901252671 0.00015453549563005793 -0.00056929323301031787 -0.00047428353195297753 0.00058845217954309648
leaf_weight=735 2726 748 517 580 598 915 1717 500 255494 834 1433 878 1554 14280 554 796 941 3321 3179 893 1501 1331 2191 833 686 562 753 678 859 602
leaf_count=735 2726 748 517 580 598 915 1717 500 255494 834 1433 878 1554 14280 554 796 941 3321 3179 893 1501 1331 2191 833 686 562 753 678 859 602
internal_value=-1.30277e-05 -0.00110724 -0.00817366 -0.00142003 -0.0161333 -0.000461584 -0.000147346 -0.000579043 0.000104052 -0.000982913 -0.00367015 -0.0050171 -0.00840249 0.00024455 0.00615958 0.00222186 0.00367478 0.00134228 0.00405136 -0.00200651 -0.000607611 -0.00393991 0.00874674 0.00350824 0.00130735 -0.000468587 -0.00282449 -0.00651341 -0.00373588 0.00818345
internal_weight=303189 29297 2443 1328 1115 26854 26119 25204 273892 24102 7551 6717 3846 16551 2271 18398 12154 8334 5013 1834 6244 3518 3820 1629 2017 2871 2309 1556 2292 1102
internal_count=303189 29297 2443 1328 1115 26854 26119 25204 273892 24102 7551 6717 3846 16551 2271 18398 12154 8334 5013 1834 6244 3518 3820 1629 2017 2871 2309 1556 2292 1102
is_linear=0
shrinkage=0.05


Tree=242
num_leaves=31
num_cat=0
split_feature=25 54 67 75 19 75 54 56 74 61 43 55 67 36 55 63 67 60 43 60 54 2 19 36 59 19 10 19 54 63
split_gain=17.6468 53.3083 51.5457 30.5937 27.2028 33.0632 25.9181 24.1426 23.8483 22.952 32.5574 41.5522 29.7615 26.8262 30.0596 89.8179 67.2899 37.5217 30.0442 29.4974 28.7791 24.6309 24.6194 24.0778 21.6432 21.4663 38.6301 19.9423 20.4959 25.1425
threshold=0.82000765204429638 1.825355112552643 0.21804926544427874 0.88898018002510082 -0.016405681148171421 0.59305420517921459 1.3800239562988283 2.5000000000000004 0.2244510352611542 0.012531697750091554 1.2279776334762575 1.5000000000000002 0.073834978044033064 57.201747894287116 1.0000000180025095e-35 -0.041788160800933831 0.28254419565200811 0.018331309780478481 1.651568651199341 -0.098513700067996965 5.5492899417877206 0.14051730185747149 0.022440738976001743 65.554737091064467 -0.032696720212697976 -0.22202544659376142 0.043078931048512466 -0.17013408988714215 5.7174386978149423 0.1652067303657532
decision_type=8 2 8 10 10 10 2 2 8 10 10 2 10 2 2 10 10 10 8 10 2 10 8 2 10 10 10 8 2 10
left_child=-1 2 6 8 7 -6 -2 -4 -3 10 11 22 -12 -11 18 -16 17 -17 19 20 -15 -20 23 -10 -14 -5 -27 -21 -29 -30
right_child=1 3 4 25 5 -7 -8 -9 9 13 12 -13 24 14 15 16 -18 -19 21 27 -22 -23 -24 -25 -26 26 -28 28 29 -31
leaf_value=-2.0072755799078589e-05 -0.0014278823965151431 0.00079940426509032554 5.0599215040082747e-05 -0.00062768641015470937 0.003011334883226989 0.0013950865827731399 0.00042114133801374952 0.0022921713384637206 9.4533159524250876e-05 -0.00022081766883081538 0.00038361782959682109 -0.0013068875526271607 -0.0019458826742839192 0.00016254420488061479 0.0056165900959323544 -0.0011647520676533727 0.00075508387225634098 7.010138098151806e-05 0.00011472194546985061 -0.00064588222895427402 0.001301729949235502 -0.001281816456166855 0.00038576029580064442 -0.00051999488498780913 -0.00064685219023650109 0.0038482823417965942 0.00074834142506709049 0.00054467212511731349 0.00012810072087718287 -0.00089163956275284612
leaf_weight=256728 535 1865 1160 526 505 506 893 1623 2321 5659 565 520 624 1037 584 520 735 651 1445 660 987 1340 6150 2919 2453 535 2352 4060 1826 688
leaf_count=256728 535 1865 1160 526 505 506 893 1623 2321 5659 565 520 624 1037 584 520 735 651 1445 660 987 1340 6150 2919 2453 535 2352 4060 1826 688
internal_value=-7.09613e-05 0.000828036 0.00558104 0.000221778 0.0086225 0.0156219 -0.00250348 0.00603294 -0.000190064 -0.000478268 -0.00192135 -0.000654362 -0.00605148 0.000633601 0.00177061 0.00676 0.00146138 -0.00596952 0.000734257 0.00210401 0.0074238 -0.00381038 -1.75439e-05 -0.00253333 -0.0079851 0.0047473 0.00643769 0.000607399 0.00144289 -0.00209984
internal_weight=302972 46244 5222 41022 3794 1011 1428 2783 37609 35744 15552 11910 3642 20192 14533 2490 1906 1171 12043 9258 2024 2785 11390 5240 3077 3413 2887 7234 6574 2514
internal_count=302972 46244 5222 41022 3794 1011 1428 2783 37609 35744 15552 11910 3642 20192 14533 2490 1906 1171 12043 9258 2024 2785 11390 5240 3077 3413 2887 7234 6574 2514
is_linear=0
shrinkage=0.05


Tree=243
num_leaves=31
num_cat=0
split_feature=42 63 40 72 54 31 40 74 6 61 54 60 46 74 70 42 50 69 54 52 58 48 72 68 57 71 54 30 42 16
split_gain=14.7293 30.6972 28.0244 23.9881 29.5415 21.3943 20.8726 14.3554 13.7065 12.7689 44.3399 44.2904 44.5441 32.3768 35.3076 33.3207 31.5396 30.011 38.714 44.9584 41.0107 37.5491 29.1838 29.127 28.2607 31.9299 24.5219 72.6991 38.8856 23.7702
threshold=0.28305126726627355 -0.041279762983322137 0.28850437700748449 0.24779568612575534 6.4692425727844247 0.13771901279687884 0.23463506251573565 0.3044010996818543 -0.50452497601509083 0.056577563285827644 3.0128351449966435 0.21457071602344516 9.5000000000000018 0.35256670415401464 -0.078684452921152101 0.075481589883565917 0.017660519108176235 0.046897757798433311 3.3136403560638432 7.5000000000000009 0.051676476374268539 0.37364745140075689 0.10655393078923227 0.16266884654760363 0.85511326789855968 0.64938476681709301 6.7322463989257821 0.50001463294029247 0.20344997942447665 0.22559046745300296
decision_type=10 10 10 10 2 10 10 8 10 8 2 10 10 8 10 10 2 10 2 10 2 2 10 10 2 8 2 10 10 10
left_child=2 3 9 4 7 -3 8 -2 -5 17 11 12 16 -12 15 23 -11 -1 19 -19 -21 22 -20 -15 25 -14 28 -28 -24 -16
right_child=1 5 -4 6 -6 -7 -8 -9 -10 10 13 -13 24 14 29 -17 -18 18 21 20 -22 -23 26 -25 -26 -27 27 -29 -30 -31
leaf_value=-6.9302094553822493e-06 -0.0019717343074532601 -0.00040819161838333095 0.0017347256352951885 0.00044041523539983395 0.0010561757333434323 -0.0026270668684655035 -0.0007156417351346922 -6.5678438117423854e-05 0.0028028656366646757 0.0015437095007036271 -0.00045207237745357369 0.0048213554743626397 -4.2726670780525489e-05 -0.00027832290580205485 0.00032247505370856279 -0.0011843978468320602 -0.00025919552397084939 0.0014833680068028926 -0.0029694252720354436 0.0017325348867561409 -0.00080062383450368456 0.00082961323472835208 -0.0011296593510922409 0.00048986441341202576 0.0008316673789424509 -0.0025326381714049291 0.001266032360238844 -0.00077270452430903904 0.0004906654549960333 -0.00028858296252080726
leaf_weight=256382 934 1058 769 508 586 895 703 565 719 3168 4038 702 965 5089 9733 1446 1040 620 505 699 1486 617 2626 1033 791 654 506 854 629 2387
leaf_count=256382 934 1058 769 508 586 895 703 565 719 3168 4038 702 965 5089 9733 1446 1040 620 505 699 1486 617 2626 1033 791 654 506 854 629 2387
internal_value=-8.53933e-05 -0.00254266 -3.58889e-05 -3.72671e-05 -0.00374702 -0.00766684 0.00396907 -0.00745527 0.00788197 -6.08149e-05 0.000898377 0.00429741 0.0030175 -0.000151668 0.000685349 -0.00199261 0.00611664 -0.000173251 -0.003087 0.00172291 -0.00166287 -0.00543762 -0.00684211 -0.000375082 -0.00239669 -0.00616943 -0.00556757 7.29927e-05 -0.0079173 0.00235779
internal_weight=302707 5968 296739 4015 2085 1953 1930 1499 1227 295970 31046 7320 6618 23726 19688 7568 4208 264924 8542 2805 2185 5737 5120 6122 2410 1619 4615 1360 3255 12120
internal_count=302707 5968 296739 4015 2085 1953 1930 1499 1227 295970 31046 7320 6618 23726 19688 7568 4208 264924 8542 2805 2185 5737 5120 6122 2410 1619 4615 1360 3255 12120
is_linear=0
shrinkage=0.05


Tree=244
num_leaves=31
num_cat=0
split_feature=52 65 41 54 75 41 41 11 60 28 9 54 55 54 65 19 64 19 75 54 58 14 65 67 29 19 10 8 60 60
split_gain=12.5149 31.0508 30.5157 24.4228 22.3737 20.9587 19.5079 20.1793 12.9595 12.5423 54.7366 58.6113 81.3964 53.8636 48.5375 47.1525 44.2559 38.7206 58.9818 34.011 174.167 102.864 88.8787 49.1459 62.8839 57.7875 48.338 47.0983 46.8569 46.0511
threshold=12.500000000000002 -0.21695894002914426 0.058862358331680305 3.9779044389724736 0.1593538969755173 0.027078840881586078 0.035080257803201682 -0.31677199900150294 -0.076611474156379686 0.27291889488697058 -0.22663176059722898 7.8614382743835458 1.0000000180025095e-35 1.2252438664436343 -0.23567512631416318 0.24807959049940112 0.16768085956573489 -0.14612250775098798 0.37192846834659582 2.275727510452271 0.74451306462287914 0.11558972671628 0.31251299381256109 0.23914169520139697 -0.19376794248819348 -0.40451705455780024 -0.50639697909355152 -0.026518156751990315 0.038941048085689552 0.15869567543268207
decision_type=10 10 8 2 10 10 10 10 10 10 8 2 2 2 8 8 10 10 10 2 2 10 8 10 10 10 10 8 10 10
left_child=9 3 4 5 -3 -2 7 -5 -6 10 11 16 14 15 -13 -12 -1 18 -14 20 21 23 29 24 26 -25 27 -11 -27 -22
right_child=1 2 -4 6 8 -7 -8 -9 -10 19 13 12 17 -15 -16 -17 -18 -19 -20 -21 22 -23 -24 25 -26 28 -28 -29 -30 -31
leaf_value=6.6583207130430615e-05 -0.00085666292267575362 0.00086026211042367334 0.0025446023521642266 0.00045320397652848579 0.00039347609595529538 0.00085188249641108204 -0.0016042474345672746 -0.00042752356217709027 -0.0004710094667479589 -0.0020666881992974831 -0.00012182991768569339 -0.0011350658409757298 0.00050219274110167964 -0.00011988352897284432 0.00028187517212604704 0.0030851685577465036 -0.0014304826639251825 0.00043554697156708767 0.0061816325341406382 4.6927179348890333e-05 0.0037039366891593027 -0.0015506857872854653 0.00018153392201174096 -0.0015777493539099478 -0.0011144342073212299 0.00097028982759180991 0.00010752094257805885 0.00034473824646290242 -0.00021294927964739653 0.014702301601545517
leaf_weight=37049 514 693 547 512 632 1456 535 500 688 1019 1638 528 501 81007 794 1526 647 1404 600 146591 700 4319 1552 534 2530 3968 5357 778 3485 729
leaf_count=37049 514 693 547 512 632 1456 535 500 688 1019 1638 528 501 81007 794 1526 647 1404 600 146591 700 4319 1552 534 2530 3968 5357 778 3485 729
internal_value=-1.81313e-06 0.00224248 0.00642023 -0.000808052 0.00353435 0.00287879 -0.00549133 -0.00136986 -0.000300752 -4.77687e-05 -0.000427194 0.00105819 0.00694553 -0.00116 -0.00307808 0.00522999 0.000458813 0.0122266 0.0192169 0.000230224 -0.00147512 -0.00301364 0.00984621 -0.00132063 -0.00371364 0.00158184 -0.00131212 -0.00838406 0.00272679 0.0187978
internal_weight=303333 6077 2560 3517 2013 1970 1547 1012 1320 297256 125694 41523 3827 84171 1322 3164 37696 2505 1101 171562 24971 21990 2981 17671 9684 7987 7154 1797 7453 1429
internal_count=303333 6077 2560 3517 2013 1970 1547 1012 1320 297256 125694 41523 3827 84171 1322 3164 37696 2505 1101 171562 24971 21990 2981 17671 9684 7987 7154 1797 7453 1429
is_linear=0
shrinkage=0.05


Tree=245
num_leaves=31
num_cat=0
split_feature=75 36 54 20 31 7 55 43 63 26 38 74 16 62 16 28 43 72 64 2 65 67 75 57 20 62 54 61 55 69
split_gain=18.2562 13.6117 35.6496 30.6496 28.4556 24.4053 27.3626 37.1846 24.2765 30.4296 21.6505 21.5069 49.2626 30.5456 33.1262 29.9608 25.1007 23.7819 19.997 19.9127 34.9202 61.6755 44.8948 34.5213 48.3608 38.3392 68.9538 34.075 44.8577 39.3451
threshold=0.99716708064079296 19.448557853698734 1.2850908637046816 -0.20986554771661756 0.44383269548416143 -0.25332173705101008 1.0000000180025095e-35 1.563732445240021 0.022664606571197513 -0.15832907706499097 0.02801281958818436 0.50861749053001415 -0.22710585594177243 -0.012995481491088865 -0.37148711085319513 0.40652546286582952 0.43044665455818182 0.18309280276298526 -0.1032043695449829 -0.05936018377542495 -0.30392172932624811 0.11049032211303712 0.30359286069870001 0.056603312492370612 -0.3197124302387237 -0.098854959011077867 3.8855763673782353 -0.019935995340347287 1.5000000000000002 0.012779913842678072
decision_type=10 2 2 8 8 10 2 8 10 10 8 8 8 10 10 10 10 8 10 10 8 10 10 2 10 10 2 10 2 10
left_child=1 2 4 5 -1 6 7 -4 11 -10 -3 13 -13 16 -15 -14 -5 18 -18 20 21 22 -12 24 -22 26 -25 28 29 -27
right_child=-2 10 3 8 -6 -7 -8 -9 9 -11 19 12 15 14 -16 -17 17 -19 -20 -21 23 -23 -24 25 -26 27 -28 -29 -30 -31
leaf_value=0.00013399269922391213 -0.0012061274198463872 0.00032663980159896569 -0.00029444277309264888 -0.00010827946365412301 0.0062623687621250427 -0.0019395105126715911 0.00074429801680479996 -0.0031793891815241103 0.00090541950094895352 -0.0002600918186828477 -0.0005044804731098232 0.0011655855150870193 -1.5123926583034652e-05 0.0016044158829394883 -0.0001937249855012856 -0.0010791292939084779 -0.00065498926173613832 -0.00023048306097763873 -0.0011693580782918967 -1.1555883599757151e-05 0.00021960775244098571 -0.00071506898359287405 0.0018454463075724473 -0.00031784450320928464 -0.00144789177401521 -0.00064492902926098364 0.0013727875108867742 0.00027008786516017599 -0.00078099019507476544 4.4946836439221759e-05
leaf_weight=1130 921 928 1813 3057 587 552 504 734 1663 899 620 920 11408 730 3055 583 1552 2138 801 217135 1757 1046 3512 1988 1752 2832 2657 17115 942 17649
leaf_count=1130 921 928 1813 3057 587 552 504 734 1663 899 620 920 11408 730 3055 583 1552 2138 801 217135 1757 1046 3512 1988 1752 2832 2657 17115 942 17649
internal_value=-4.45559e-05 -2.3008e-05 -0.000995768 -0.00139222 0.00599305 -0.00571547 -0.00393662 -0.00604224 -0.000809218 0.00381026 9.27974e-05 -0.00129875 9.67417e-05 -0.00288724 0.000777339 -0.000762436 -0.00472347 -0.00709842 -0.0105586 6.63532e-05 0.000946415 0.00483809 0.00758088 0.000513897 -0.00424837 0.000901766 0.00518797 0.000383937 -0.000944805 -0.000451418
internal_weight=302980 302059 32126 30409 1717 3603 3051 2547 26806 2562 269933 24244 12911 11333 3785 11991 7548 4491 2353 269005 51870 5178 4132 46692 3509 43183 4645 38538 21423 20481
internal_count=302980 302059 32126 30409 1717 3603 3051 2547 26806 2562 269933 24244 12911 11333 3785 11991 7548 4491 2353 269005 51870 5178 4132 46692 3509 43183 4645 38538 21423 20481
is_linear=0
shrinkage=0.05


Tree=246
num_leaves=31
num_cat=0
split_feature=41 54 18 55 17 67 64 11 54 69 30 68 2 69 66 33 54 32 18 42 11 18 41 46 54 54 42 67 59 11
split_gain=17.0692 48.8068 16.3886 71.6149 67.2011 54.0876 50.1431 84.1611 101.663 202.192 47.8071 40.3224 33.427 32.5189 31.0644 28.0909 25.7417 33.1159 23.9894 32.97 65.3097 23.9203 45.946 42.8589 75.6684 65.7487 55.8496 83.8445 48.7981 47.7314
threshold=0.29077659547328955 6.4095745086669931 -0.18576814979314801 1.5000000000000002 -0.05356775410473346 0.074904575943946852 -0.036512196063995354 -0.68195724487304676 4.85919213294983 0.021068535745143894 1.3181896209716799 -0.027231326326727864 -0.050530126318335526 0.012069122400134804 -0.19230762869119641 0.15200670808553698 1.9593901038169863 -0.77305531501770008 -0.30131512880325312 0.090676583349704756 -0.20866999775171277 -0.10307702794671057 0.1353508606553078 9.5000000000000018 3.9113227128982548 6.6294622421264657 0.024898109957575802 0.09684095531702043 -0.1254235543310642 -0.53771361708641041
decision_type=10 2 8 2 10 10 8 10 2 10 10 10 10 10 10 10 2 8 10 10 8 8 10 10 2 2 10 10 10 10
left_child=2 -2 3 4 6 11 12 14 -9 -10 16 -6 13 -1 -8 -5 -7 -18 -14 -20 -21 22 23 25 29 -4 -26 -28 -27 -25
right_child=1 -3 21 15 5 10 7 8 9 -11 -12 -13 18 -15 -16 -17 17 -19 19 20 -22 -23 -24 24 26 28 27 -29 -30 -31
leaf_value=-0.0006782777322564944 -0.001553773844697965 0.0041934626503140615 2.6093980692943644e-05 -0.00036485708506490413 -0.0007221680950771042 -0.00090889861228879746 0.00019321705370594107 0.0061267598160703873 -0.0014108310857461775 0.0049803441827269961 -0.0010513443284534622 -0.0022790381670755359 -0.00048001589130680888 0.000351046222231299 -0.0014961015438206653 -0.0016037645378973427 0.0018282219453894168 -0.00012087943118632176 -0.00021927324619420432 0.0019158109619744066 -0.00012220392993874814 -1.0420267104451409e-05 0.0011078375438957038 -0.00017792371841495841 0.00050580399621274303 -0.00071506935969234582 -0.0011375472185941979 -0.00019429822676196915 0.00039093600757921903 0.00084094698978838035
leaf_weight=721 500 569 21411 653 601 878 2788 1059 842 513 894 595 4516 8283 526 758 503 3810 9695 1094 2687 212196 2740 2863 891 651 1983 6679 8594 2649
leaf_count=721 500 569 21411 653 601 878 2788 1059 842 513 894 595 4516 8283 526 758 503 3810 9695 1094 2687 212196 2740 2863 891 651 1983 6679 8594 2649
internal_value=-2.17713e-05 0.00625579 -4.41932e-05 -0.000967991 -0.000576034 -0.00491702 0.000391031 0.00463576 0.0117162 0.00260073 -0.00299426 -0.0145937 -0.000510998 0.00197471 -0.000541516 -0.0119986 -0.00114401 0.000451076 -0.00175536 -0.000697019 0.00325772 0.000102621 0.00110478 0.000727078 -0.00145605 0.00180004 -0.00414619 -0.00537362 0.00532145 0.00320536
internal_weight=303142 1069 302073 41416 40005 7281 32724 5728 2414 1355 6085 1196 26996 9004 3314 1411 5191 4313 17992 13476 3781 260657 48461 45721 15065 30656 9553 8662 9245 5512
internal_count=303142 1069 302073 41416 40005 7281 32724 5728 2414 1355 6085 1196 26996 9004 3314 1411 5191 4313 17992 13476 3781 260657 48461 45721 15065 30656 9553 8662 9245 5512
is_linear=0
shrinkage=0.05


Tree=247
num_leaves=31
num_cat=0
split_feature=41 32 65 67 26 69 69 34 55 33 19 75 9 69 67 34 75 16 61 38 42 65 41 65 60 55 67 19 65 33
split_gain=18.855 17.5922 30.1869 36.5594 18.4487 52.0721 35.5734 34.7941 37.076 62.9076 34.3173 33.8959 29.6969 28.3671 26.0335 21.2555 18.9102 27.7214 23.7133 17.0736 25.3525 29.7248 28.52 30.1313 34.1085 57.9277 41.1492 34.4604 32.2391 23.788
threshold=0.0061027198098599919 -0.043605603277683251 -0.053519010543823235 0.12154289335012437 -0.035610081627964967 0.0084714260883629339 0.013265544548630716 0.24595031887292865 1.0000000180025095e-35 0.11233699321746828 0.10406126827001573 0.25941225886344915 0.29017576575279241 0.018636054359376434 0.12777929753065112 0.18355833739042285 0.044820303097367294 0.083069022744894042 0.025817573070526127 0.072747964411973967 0.023817717097699646 -0.26745578646659846 0.021106477826833728 -0.13668876886367795 -0.026834475807845589 1.0000000180025095e-35 0.2460909113287926 -0.020754502154886719 -0.22899353504180905 0.18299867212772372
decision_type=8 10 8 10 10 10 10 8 2 10 8 8 10 10 10 10 10 10 10 8 10 8 8 8 10 2 10 8 10 10
left_child=-1 4 -3 -4 19 -6 12 -8 10 -10 14 -12 15 -11 -9 -7 -17 -18 -19 20 21 -2 23 28 27 26 -26 -25 -23 -27
right_child=1 2 3 -5 5 6 7 8 9 13 11 -13 -14 -15 -16 16 17 18 -20 -21 -22 22 -24 24 25 29 -28 -29 -30 -31
leaf_value=0.00032002860908544927 -0.00051569120645679825 0.00065248402738118526 -0.0020798836721391263 -0.00025840597287771341 -0.0013153922739486117 0.0013896343872440255 -0.00039766385561463012 0.0005903689480364412 -0.00097934702349288601 -0.00014112019681273568 0.0024072535960217821 0.00084848391768900045 -0.00029988205950370731 0.00044522788825423386 -2.2964456710036776e-05 0.00035149819064476571 5.445187787388624e-05 0.00037257037438714544 0.0029641602787781308 -6.3673179528595317e-06 -0.00037402318822995378 -0.00013611127780079288 0.00037597369449671479 -8.3990393887522358e-05 -0.0012259350857256109 0.00043796200188589727 -1.5072007773123814e-06 -0.00077765891180857057 0.00041310416604463439 -4.4771522513011729e-05
leaf_weight=1090 533 737 677 5450 875 500 1696 898 889 816 500 1252 1018 558 3839 643 2001 553 512 268716 2234 962 1332 593 519 700 618 671 958 557
leaf_count=1090 533 737 677 5450 875 500 1696 898 889 816 500 1252 1018 558 3839 643 2001 553 512 268716 2234 962 1332 593 519 700 618 671 958 557
internal_value=-7.97274e-05 -0.00010354 -0.00260402 -0.00375591 -4.52614e-05 0.00157609 0.00224099 0.000554599 0.00182607 -0.00367356 0.00374673 0.00970488 0.00560435 0.00303468 0.00152728 0.00745437 0.00611724 0.00445384 0.0109302 -0.000141701 -0.00220398 -0.000798336 8.67052e-05 -0.00148533 -0.00414395 -0.00062396 -0.00876199 -0.0107535 0.00357513 0.00674822
internal_weight=302897 301807 6864 6127 294943 16550 15675 10448 8752 2263 6489 1752 5227 1374 4737 4209 3709 3066 1065 278393 9677 7443 6910 5578 3658 2394 1137 1264 1920 1257
internal_count=302897 301807 6864 6127 294943 16550 15675 10448 8752 2263 6489 1752 5227 1374 4737 4209 3709 3066 1065 278393 9677 7443 6910 5578 3658 2394 1137 1264 1920 1257
is_linear=0
shrinkage=0.05


Tree=248
num_leaves=31
num_cat=0
split_feature=18 45 69 24 41 32 67 16 55 19 9 45 69 59 27 45 69 17 69 57 69 9 27 55 60 61 64 62 17 75
split_gain=14.1305 63.8193 82.5903 42.2571 36.5758 42.168 39.4896 40.6537 32.9576 31.5055 41.191 33.6436 52.564 34.1808 41.4647 31.2876 29.5709 28.6088 33.2377 26.5349 27.7244 24.4719 42.1307 41.1537 98.3314 86.7626 30.2426 35.3158 36.8358 31.4009
threshold=0.027725345455110077 13.500000000000002 0.010863479226827623 0.12673912942409518 0.23309560120105746 -0.45999287068843836 0.30259124934673315 -0.070601873099803911 1.5000000000000002 -0.051555614918470376 0.12246252968907358 5.5000000000000009 0.032248817384243018 -0.02377857360988855 0.17115537077188495 25.500000000000004 0.031918484717607505 0.25739669799804693 0.015256227459758522 0.51751458644866954 0.026225361041724685 -0.031305618584156029 2.0521044731140141 1.5000000000000002 -0.051217621192336076 0.016626000404357914 -0.013984501361846922 0.045447587966918952 0.082864217460155501 0.80440950393676769
decision_type=10 10 10 10 10 8 10 10 2 8 10 10 10 10 10 10 10 10 10 2 10 10 10 2 10 10 10 10 10 10
left_child=21 4 3 -3 5 6 7 -2 -4 10 -7 12 13 -11 -15 -5 -13 -16 -19 20 -9 -1 23 26 -25 -26 -23 28 29 -28
right_child=1 2 8 15 -6 9 -8 19 -10 11 -12 16 -14 14 17 -17 -18 18 -20 -21 -22 22 -24 24 25 -27 27 -29 -30 -31
leaf_value=-6.632660743371294e-06 0.0012741035255568107 -0.00010491478965115927 -0.00039160819025670719 0.00080142359275483317 -0.0030868335409778521 5.3204689122471863e-05 0.0017510284206798774 -0.00090612108977140534 -0.0012203766009109161 -0.00073771831549397681 -0.0012683230591275291 0.00031796633853055492 0.001907464194972606 -0.00081335663967188696 -0.0001341816168029515 0.0054852425359442208 -0.00050577515218488251 0.0030302743740982588 0.000153583885779374 0.0021024695066659328 0.0012519234392193508 -5.106713643404635e-05 0.004968678327768445 0.0011967087711957209 -0.00045119388345328667 0.00085137614277891016 0.00024430785043558955 -6.1543913526662021e-05 -0.00081903541089180525 0.0018915601304279198
leaf_weight=177339 1383 3020 22137 1406 721 1770 2113 2198 606 6066 1713 17098 1371 970 12076 803 3186 1571 3771 522 560 19242 532 803 1363 668 10252 5830 979 981
leaf_count=177339 1383 3020 22137 1406 721 1770 2113 2198 606 6066 1713 17098 1371 970 12076 803 3186 1571 3771 522 560 19242 532 803 1363 668 10252 5830 979 981
internal_value=-3.82762e-05 -0.000584806 -0.00254092 0.00312082 0.000373912 0.000517933 0.00421456 0.00163706 -0.00384345 1.20963e-05 -0.00456628 0.000358854 -0.00083801 -0.00137345 -0.000298946 0.00835962 0.00188233 0.000263943 0.00330717 -0.00139818 -0.00335983 0.000175001 0.00128136 0.001094 0.0068917 0.00100441 0.000651579 0.00212165 0.00364916 0.00446055
internal_weight=303050 85061 27972 5229 57089 56368 6776 4663 22743 49592 3483 46109 25825 24454 18388 2209 20284 17418 5342 3280 2758 217989 40650 40118 2834 2031 37284 18042 12212 11233
internal_count=303050 85061 27972 5229 57089 56368 6776 4663 22743 49592 3483 46109 25825 24454 18388 2209 20284 17418 5342 3280 2758 217989 40650 40118 2834 2031 37284 18042 12212 11233
is_linear=0
shrinkage=0.05


Tree=249
num_leaves=31
num_cat=0
split_feature=35 14 9 8 33 54 66 38 60 8 75 58 40 54 42 59 14 63 38 65 10 23 74 60 41 54 9 60 33 54
split_gain=15.4952 18.4557 13.6342 20.6061 20.3093 19.4005 27.6386 18.9355 17.5783 17.1179 16.8462 14.1538 23.7845 12.8691 12.7311 54.4592 52.7113 51.7423 42.3176 40.2169 33.6927 33.3266 30.6955 45.8336 31.4181 29.9029 26.7159 44.6311 26.5918 24.9384
threshold=90.592658996582045 -0.016493109054863449 -0.15958625078201291 0.076165560632944121 0.67824396491050731 3.9779044389724736 -0.19687496870756147 0.9510907530784608 0.058675251901149757 0.34985029697418218 0.47627076506614691 0.73004695773124706 0.088590774685144438 6.1901209354400644 0.14878711849451068 -0.19344343990087506 -0.2766133844852447 -0.068791240453720079 0.6154768466949464 0.18207937479019168 0.089794553816318526 -0.31034189462661738 0.02068808022886515 0.092538721859455123 0.25680419802665716 8.6812872886657733 1.1931564807891848 0.10778218507766725 0.14364457130432132 1.3389397859573366
decision_type=2 8 8 8 8 2 10 8 8 8 10 2 10 2 8 8 8 10 8 10 10 10 8 10 10 2 10 10 8 2
left_child=14 -2 -3 10 -5 9 7 13 -8 -6 -4 12 -11 -7 15 16 -1 18 20 25 -16 28 23 -23 -24 29 -19 -28 -17 -20
right_child=1 2 3 4 5 6 8 -9 -10 11 -12 -13 -14 -15 17 21 -18 26 19 -21 -22 22 24 -25 -26 -27 27 -29 -30 -31
leaf_value=0.00053483439511394437 0.0010481537923020083 -0.00070029773600009464 0.00018987809039891469 -0.00057706786348498014 0.001235969703321959 0.0010926909616839383 0.00087970594822503836 0.00058299623332861989 -0.0007278288530802098 -0.00026915532255082571 0.0026461813048183911 0.0006968372327201479 -0.0032828996809872446 0.0028517304887941256 0.0017668069242953344 -0.00030061509286366669 -0.0022345416263468108 -0.00035509204876312125 0.0015709274219176659 0.0019624728002382236 -0.00042155318860635717 -0.00018336085136976492 -5.4250431484687006e-06 -0.0024521834658448437 0.0041156708066800943 -0.0016102283325477196 -0.0030653916330302153 -0.00041046610745676127 0.00052948055606366205 -0.00026179004623643756
leaf_weight=860 537 728 1213 1332 669 506 592 911 1021 1062 503 741 508 639 1493 2229 2078 11085 1280 973 644 2614 244129 616 516 531 1095 1116 8798 12161
leaf_count=860 537 728 1213 1332 669 506 592 911 1021 1062 503 741 508 639 1493 2229 2078 11085 1280 973 644 2614 244129 616 516 531 1095 1116 8798 12161
internal_value=-0.000103895 0.00174079 0.00126977 0.00176677 0.000694531 0.0018246 0.00425387 0.00808325 -0.00064695 -0.00117057 0.00672074 -0.00320982 -0.00588608 0.0123377 -0.000173152 -6.07218e-05 -0.00681818 -0.0011419 0.00067868 -0.000264126 0.00724266 1.62217e-05 -0.000103475 -0.00493827 -3.94433e-05 -0.000951223 -0.00347963 -0.00848717 0.00270454 -0.000486953
internal_weight=303180 10962 10425 9697 7981 6649 3669 2056 1613 2980 1716 2311 1570 1145 292218 261840 2938 30378 17082 14945 2137 258902 247875 3230 244645 13972 13296 2211 11027 13441
internal_count=303180 10962 10425 9697 7981 6649 3669 2056 1613 2980 1716 2311 1570 1145 292218 261840 2938 30378 17082 14945 2137 258902 247875 3230 244645 13972 13296 2211 11027 13441
is_linear=0
shrinkage=0.05


Tree=250
num_leaves=31
num_cat=0
split_feature=9 54 69 41 69 55 54 11 41 41 34 27 9 11 69 68 18 54 62 55 41 60 11 9 40 69 62 74 37 72
split_gain=23.1214 39.0279 88.2555 64.0964 40.1237 50.1105 82.9171 46.0402 45.9437 79.5014 42.5689 73.5415 36.4823 36.5449 40.7949 36.9751 55.8792 39.4844 83.4329 94.1555 58.0101 91.4702 97.0236 73.0555 45.9223 38.9136 44.1124 81.1928 63.3721 54.7997
threshold=0.14375299960374835 9.1471605300903338 0.015350101049989464 0.082984395325183882 0.0098226633854210394 1.0000000180025095e-35 6.7558269500732431 1.1363404989242556 0.019806834869086746 0.041587237268686301 0.83002692461013805 0.33335979282855993 -0.014921781606972216 1.1812189221382143 0.030483698472380642 0.079542174935340895 -0.060023523867130273 6.7322463989257821 0.084559202194213881 1.0000000180025095e-35 0.061050081625580795 -0.26067499816417689 -0.33074967563152308 -0.38216489553451533 0.061789838597178466 0.037041800096631057 -0.016017585992813107 0.13461612910032275 -0.23056910932064054 0.6596704125404359
decision_type=8 2 10 8 10 2 2 8 8 8 8 8 10 10 10 10 10 2 10 2 10 10 8 10 10 10 10 10 10 10
left_child=12 4 -3 -4 5 10 -7 -6 -9 -10 -2 -12 13 15 -15 17 -17 -1 20 -20 24 23 -23 -22 25 26 27 -19 -29 -28
right_child=1 2 3 -5 7 6 -8 8 9 -11 11 -13 -14 14 -16 16 -18 18 19 -21 21 22 -24 -25 -26 -27 29 28 -30 -31
leaf_value=-3.1319283828610343e-05 0.001522083694061946 -0.0015778674107855873 0.00086352107444528751 -0.00084826272694426348 -0.00027249084291473266 -0.0034126652004743564 0.00092959205414835315 -0.0012235509753360831 0.0006778340361471534 -4.5721054643987209e-05 -0.0025188601892012254 0.00074781743968065821 0.0001195165944722812 -0.00042316140563550822 -0.0033930040147564997 -0.0018736990269178002 -5.3380392136633678e-05 0.0015868821301719871 6.6740326227833147e-05 0.001016022567995594 -0.00093862263421270054 -0.0017876773244499197 -0.00034792646861662828 0.0017742400532021483 0.001445160506978801 -0.00070148586808001972 4.8902453345219607e-05 5.0223042827846416e-05 0.00051292187442491535 -0.00041901321636111759
leaf_weight=106901 5135 1061 898 741 35582 596 662 669 4204 54320 625 5701 42901 1801 607 1028 2008 965 1234 1166 527 843 2333 1009 931 657 10774 11951 3174 2292
leaf_count=106901 5135 1061 898 741 35582 596 662 669 4204 54320 625 5701 42901 1801 607 1028 2008 965 1234 1166 527 843 2333 1009 931 657 10774 11951 3174 2292
internal_value=-2.73651e-05 -0.000605241 -0.00653137 0.000758035 -0.000455797 0.00218006 -0.00725552 -0.000809727 4.47612e-05 0.000194759 0.00322117 0.000473485 0.000302415 -6.49087e-05 -0.00616212 3.48437e-05 -0.00541694 0.000149551 0.001537 0.0105394 0.000924829 -0.00423549 -0.00907094 0.00575679 0.00171685 0.0013731 0.00164575 0.00339752 0.00249422 -0.000512389
internal_weight=303296 110194 2700 1639 107494 12719 1258 94775 59193 58524 11461 6326 193102 150201 2408 147793 3036 144757 37856 2400 35456 4712 3176 1536 30744 29813 29156 16090 15125 13066
internal_count=303296 110194 2700 1639 107494 12719 1258 94775 59193 58524 11461 6326 193102 150201 2408 147793 3036 144757 37856 2400 35456 4712 3176 1536 30744 29813 29156 16090 15125 13066
is_linear=0
shrinkage=0.05


Tree=251
num_leaves=31
num_cat=0
split_feature=24 45 41 3 61 43 54 17 18 18 66 55 66 58 19 58 55 62 30 64 55 62 48 75 54 41 61 57 64 64
split_gain=15.6974 25.4893 24.0321 22.3317 21.4011 19.3944 18.5802 15.2202 52.2136 38.6424 60.8006 60.1322 56.8672 51.7469 57.555 55.9718 50.5483 47.3902 41.1445 79.6443 50.5589 108.711 64.4662 87.6534 41.413 41.6168 78.0174 77.1947 71.4772 64.9932
threshold=1.4075815081596377 18.500000000000004 0.23309560120105746 0.31333978474140173 1.0000000180025095e-35 0.59548777341842662 5.7174386978149423 -0.011044696904718874 -0.18338212370872495 0.031654490157961852 -0.1031583435833454 1.0000000180025095e-35 -0.24460959434509275 0.62969139218330394 -0.051555614918470376 0.59257712960243236 1.0000000180025095e-35 -0.039141654968261712 0.21504491567611697 0.0053370594978332528 1.0000000180025095e-35 0.0025497078895568852 0.010834453627467157 0.42026904225349432 1.5800085663795473 0.035636432468891151 -0.086668610572814928 0.064556926488876357 -0.18132436275482175 -0.036512196063995354
decision_type=10 10 8 10 10 10 2 10 8 10 10 2 10 2 8 2 2 10 10 10 2 10 2 10 2 8 10 2 10 10
left_child=7 2 3 -2 -5 -4 -3 9 -9 13 11 12 17 15 -15 18 -17 -11 19 24 22 -22 -21 -24 -1 26 -26 -28 -27 -30
right_child=1 6 5 4 -6 -7 -8 8 -10 10 -12 -13 -14 14 -16 16 -18 -19 -20 20 21 -23 23 -25 25 28 27 -29 29 -31
leaf_value=0.0005266016698523482 -0.0010160287558363278 -0.00024508959707576842 -0.0039673847368125762 -0.0018579078610824577 0.00082165294093142563 -0.00082568183334043419 0.001492479853495618 -0.00049083045375419387 5.7766682887447005e-05 -0.000659393680789968 0.00046137450736934258 -0.00099105314918475568 -4.2402572967016021e-05 -0.00099446738053189892 1.1162752144967207e-05 0.00024176323188167121 0.00094315694780072734 -0.0016333789329230624 0.00013568616479263523 0.00016063031197954071 0.00031331256936587855 -0.00062000800756645139 -0.0010108969150841001 -8.3480873519480036e-05 -0.00074684084493967207 5.7158731102411633e-05 0.0012556703600525758 5.6218514113555963e-05 -0.0004562027509616382 0.00042217526552197697
leaf_weight=6239 1941 831 579 504 1474 508 663 3676 123341 2643 3859 1432 7216 2635 2792 2945 981 1380 41971 2050 2518 1048 4473 2288 1729 23172 1241 38152 16322 2449
leaf_count=6239 1941 831 579 504 1474 508 663 3676 123341 2643 3859 1432 7216 2635 2792 2945 981 1380 41971 2050 2518 1048 4473 2288 1729 23172 1241 38152 16322 2449
internal_value=-2.9037e-05 -0.00245776 -0.00416667 -0.00232884 0.00140845 -0.010711 0.00325798 2.42782e-05 0.000438096 -0.000285765 -0.00258162 -0.0042544 -0.00301805 -3.7578e-05 -0.00482803 0.0001389 0.00602134 -0.00777337 -2.22745e-05 -0.00056593 -0.00432308 0.000699105 -0.00635415 -0.00870625 -4.47858e-05 -0.000340054 0.000790139 0.00124737 -0.00144805 -0.00374048
internal_weight=303052 6500 5006 3919 1978 1087 1494 296552 127017 169535 16530 12671 11239 153005 5427 147578 3926 4023 143652 101681 12377 3566 8811 6761 89304 83065 41122 39393 41943 18771
internal_count=303052 6500 5006 3919 1978 1087 1494 296552 127017 169535 16530 12671 11239 153005 5427 147578 3926 4023 143652 101681 12377 3566 8811 6761 89304 83065 41122 39393 41943 18771
is_linear=0
shrinkage=0.05


Tree=252
num_leaves=31
num_cat=0
split_feature=73 18 69 54 63 59 65 62 35 62 7 54 58 69 54 66 58 32 71 68 59 43 65 69 65 33 69 10 32 67
split_gain=15.8943 14.2546 30.2646 57.3459 46.5486 40.4169 29.2913 28.8277 21.1269 18.9563 16.5507 50.1481 145.612 66.3119 44.086 75.1904 51.0131 53.0815 48.0536 40.9516 42.4691 59.9489 40.2202 41.6758 91.3995 61.4855 40.1914 39.1461 36.9682 32.8557
threshold=0.0042283304501324901 0.48194910585880285 0.025897045619785789 4.835646629333497 -0.030864506959915158 -1.0000000180025095e-35 0.2105408310890198 -0.039141654968261712 66.23956680297853 0.0420636534690857 0.16872066259384158 2.2990788221359257 0.74451306462287914 0.020153149962425235 6.5297107696533212 -0.40854504704475397 0.37013652920722967 -0.49228347837924952 -0.039191607385873788 0.079542174935340895 -0.028193180449306961 0.99119454622268688 -0.29247787594795221 0.015256227459758522 0.073286652565002455 0.73230382800102245 0.016699732281267646 0.51414290070533764 -0.087091933935880647 0.38920767605304724
decision_type=8 10 10 2 10 10 10 10 2 10 10 2 2 10 2 8 2 8 8 10 10 10 8 10 10 10 8 10 10 10
left_child=-1 10 5 4 6 7 -4 -3 -9 -7 -2 12 27 -14 18 -16 -17 -18 -13 20 21 -19 -20 24 -24 -26 -22 -12 -27 -21
right_child=1 2 3 -5 -6 9 -8 8 -10 -11 11 14 13 -15 15 16 17 19 22 29 26 -23 23 -25 25 28 -28 -29 -30 -31
leaf_value=-0.0010739116253318977 1.0036471338539104e-06 0.00057889095630613561 0.00232127196872145 -0.0011100835785309434 -0.00012915283366388697 0.0024435438059727727 0.00637387024532678 -0.0019524757978891132 -0.00015493433006854627 0.0003605302435469237 -0.00081741307187088101 0.0010396796039972009 0.013943909758566181 -0.00035522102681663221 -0.00163016672228501 0.0012049755450839932 -0.0011596904854066397 9.4827924549643379e-05 0.0013433423791625214 -0.0024174231369365282 -0.00012764773129573024 -0.0023981239187139645 -0.00020417310661091423 -0.00027652639148905529 -0.00072507791164787359 0.004229348716482441 0.0010767354067054307 -0.0023755948143399123 0.0011441045672042349 -0.00010471435709315837
leaf_weight=1197 247537 1155 1089 810 762 613 566 1398 816 1250 4663 2003 726 681 706 1457 642 886 1301 680 2424 620 6786 15175 911 2022 1131 1454 849 739
leaf_count=1197 247537 1155 1089 810 762 613 566 1398 816 1250 4663 2003 726 681 706 1457 642 886 1301 680 2424 620 6786 15175 911 2022 1131 1454 849 739
internal_value=-0.000114664 -9.17638e-05 0.00193057 0.00573061 0.00957973 -0.000419687 0.0142643 -0.00368452 -0.00701439 0.0054725 -0.000150135 -0.00102254 -0.00475179 0.0097036 -0.0002895 -0.00328671 -0.0019851 -0.00372967 0.000669374 -0.00235747 -0.0002465 -0.00725594 0.000114586 -0.000320351 0.00208924 0.00830696 0.00273492 -0.00808716 0.0118882 -0.00983205
internal_weight=303049 301852 8459 3227 2417 5232 1655 3369 2214 1863 293393 45856 7524 1407 38332 9285 8579 7122 29047 6480 5061 1506 27044 25743 10568 3782 3555 6117 2871 1419
internal_count=303049 301852 8459 3227 2417 5232 1655 3369 2214 1863 293393 45856 7524 1407 38332 9285 8579 7122 29047 6480 5061 1506 27044 25743 10568 3782 3555 6117 2871 1419
is_linear=0
shrinkage=0.05


Tree=253
num_leaves=31
num_cat=0
split_feature=40 61 35 15 2 33 68 17 67 36 65 43 55 70 67 75 12 42 61 7 70 63 49 71 33 64 65 58 33 8
split_gain=14.3271 17.1971 37.5676 16.9368 13.0059 38.1476 28.3027 33.1697 27.3175 28.9571 32.7151 29.8725 89.3544 26.3512 26.1542 27.6108 26.3167 25.5605 23.5694 21.9306 21.6974 21.7085 21.4121 20.21 19.7758 19.4361 26.5192 30.0758 17.5924 21.1553
threshold=0.33875878155231481 0.16125458478927615 66.855339050292983 -0.42832519114017481 0.041661938652396209 0.22891729325056079 -0.060438282787799828 -0.24486944824457166 0.074904575943946852 46.076591491699226 0.023239791393280033 1.651568651199341 1.0000000180025095e-35 0.14239635318517688 0.085582211613655104 0.62468931078910839 0.068939927965402617 0.082733180373907103 -0.059564769268035882 -0.11319069191813468 -0.0015391092747449873 -0.039622038602828973 0.027461395598948005 0.022727495990693573 3.0836247205734257 -0.108654648065567 -0.24368524551391599 0.44649851322174078 0.7894992232322694 0.052880845963954932
decision_type=10 10 2 10 10 8 10 8 8 2 10 8 2 10 10 10 10 8 8 10 10 10 2 8 10 8 8 2 8 10
left_child=1 4 -3 -2 -1 14 7 -7 13 10 17 18 24 -8 15 -6 20 19 -11 -10 21 -16 25 -9 -13 -20 27 -27 29 -28
right_child=3 2 -4 -5 5 6 8 23 9 11 -12 12 -14 -15 16 -17 -18 -19 22 -21 -22 -23 -24 -25 -26 26 28 -29 -30 -31
leaf_value=1.4822124966128355e-05 0.00016412639596037894 -0.00013372803644947119 0.0018881191149293125 -0.0025105363449428432 0.00012783509680586326 -0.00072991141393462873 -0.0012270071432581044 0.00084059692735582417 0.0013931280290973925 -0.0010243101073047441 -0.00077531986248366154 -0.00093603752037492514 0.0030398373648994077 3.4744628835205876e-05 -0.0006650747688911738 -0.00073111552632749088 -0.0011510880534374103 -0.00054454415991304894 -0.00019799687373128275 3.70086532935807e-05 -0.00047447092896560551 0.0002634835654073523 -0.0001883513649214541 0.00035484759040088718 0.0016425784793356298 0.0026311179948301337 0.00036085553869133431 -9.2939136873113323e-06 0.00040314617344431431 -0.00034213351157636292
leaf_weight=232549 611 828 699 584 2877 1531 932 2075 528 650 2854 5628 581 645 704 1347 816 1878 3513 1170 2888 1018 7666 6641 552 786 1937 528 13790 3819
leaf_count=232549 611 828 699 584 2877 1531 932 2075 528 650 2854 5628 581 645 704 1347 816 1878 3513 1170 2888 1018 7666 6641 552 786 1937 528 13790 3819
internal_value=5.45211e-06 2.72028e-05 0.00530254 -0.00543568 1.66715e-07 -0.000611603 -0.000124753 0.002257 -0.000639392 -0.000416213 -0.00352484 9.12316e-05 -0.00293162 -0.00708885 -0.00351967 -0.00056684 -0.0058131 -0.000334635 0.000717147 0.00409836 -0.004329 0.000115473 0.000909545 0.00344946 -0.00470113 0.00163434 0.0022137 0.00906344 0.00174882 -0.00057232
internal_weight=302625 301430 1527 1195 299903 67354 57704 10247 47457 45880 6430 39450 6761 1577 9650 4224 5426 3576 32689 1698 4610 1722 32039 8716 6180 24373 20860 1314 19546 5756
internal_count=302625 301430 1527 1195 299903 67354 57704 10247 47457 45880 6430 39450 6761 1577 9650 4224 5426 3576 32689 1698 4610 1722 32039 8716 6180 24373 20860 1314 19546 5756
is_linear=0
shrinkage=0.05


Tree=254
num_leaves=31
num_cat=0
split_feature=11 65 16 67 75 54 54 41 38 54 54 7 65 16 54 19 54 31 54 67 65 54 34 41 14 38 54 30 54 67
split_gain=15.9381 56.8352 83.5215 59.3426 56.2681 60.6763 55.6868 50.0104 50.2005 48.5194 39.6428 37.6957 48.3264 48.0484 65.0994 47.3396 76.0559 63.3376 43.1511 77.918 89.891 164.822 118.633 64.347 68.1235 58.8208 55.4548 55.012 52.5361 49.993
threshold=-0.21489643305540082 0.061795532703399665 0.049963269382715232 0.18636282533407214 0.044820303097367294 10.452331066131594 10.452331066131594 0.012085065711289646 0.10264613106846811 5.3330569267272958 7.7662854194641122 0.33288519084453588 -0.14159879088401792 0.15546229481697085 3.6263389587402348 -0.18741162866353986 4.0431389808654794 0.58589571714401256 6.7045857906341562 0.076752360910177245 -0.20636409521102902 4.5590739250183114 0.15491169691085818 0.059739632532000549 0.011761995498090984 0.71358984708786022 5.8378760814666757 2.4456132650375371 1.9593901038169863 0.091266311705112471
decision_type=10 10 10 10 8 2 2 8 10 2 2 10 8 10 2 8 2 8 2 8 8 2 10 10 10 10 2 10 2 8
left_child=1 4 3 -3 9 11 -2 -5 10 -1 -9 13 -13 18 -15 -14 -17 -18 19 -6 21 23 26 24 -21 28 -23 -22 -25 -20
right_child=6 2 -4 7 5 -7 -8 8 -10 -11 -12 12 15 14 -16 16 17 -19 29 20 27 22 -24 25 -26 -27 -28 -29 -30 -31
leaf_value=2.381870938804986e-05 2.3832282824837529e-05 -0.0013111623488726517 0.0011301210759720136 0.00046561029340727762 -0.00021446811846166744 -0.0010335712408279726 0.0004300622139161722 -0.00092500714862539925 -0.00018906622487111885 -0.00054994907043965507 2.1564999194741923e-05 -0.0013708458634997256 -0.0013279660146524915 0.0030390550148955784 0.00010257182735489423 -0.001161940544067747 0.00464653120819914 0.00021498781083410698 0.00039546478288757518 0.00066654921937072461 -9.8035022729304352e-06 -0.00029179827435584681 0.00026885178856503404 0.00026653324192624288 -0.00057010408722696902 -0.00029408913182249615 -0.0013398484319259761 -0.0023461835267679174 0.0025582437487548151 6.0818043830864183e-05
leaf_weight=2036 141706 2072 1865 541 27298 675 986 1756 12353 2583 636 1659 828 865 1541 2510 889 2924 7868 3682 52246 1940 3757 673 1150 641 1294 814 3692 19532
leaf_count=2036 141706 2072 1865 541 27298 675 986 1756 12353 2583 636 1659 828 865 1541 2510 889 2924 7868 3682 52246 1940 3757 673 1150 641 1294 814 3692 19532
internal_value=-1.71605e-05 -0.000359259 -0.00290906 -0.0039901 -1.16933e-05 0.000172176 0.000367199 -0.00290926 -0.00345984 -0.00543314 -0.0100749 0.000247031 -0.00291383 0.000466524 0.00745033 -0.00112414 0.000355282 0.0047999 0.000331067 -0.000163071 0.000721756 0.00390463 -0.00196401 0.00807271 0.00394465 0.0120415 -0.00897041 -0.000288298 0.0141143 0.00208318
internal_weight=303012 160320 19223 17358 141097 136478 142692 15286 14745 4619 2392 135803 8810 126993 2406 7151 6323 3813 124587 97187 69889 16829 6991 9838 4832 5006 3234 53060 4365 27400
internal_count=303012 160320 19223 17358 141097 136478 142692 15286 14745 4619 2392 135803 8810 126993 2406 7151 6323 3813 124587 97187 69889 16829 6991 9838 4832 5006 3234 53060 4365 27400
is_linear=0
shrinkage=0.05


Tree=255
num_leaves=31
num_cat=0
split_feature=7 75 42 49 40 2 26 66 11 29 16 8 40 69 11 55 75 55 63 55 65 68 18 39 30 57 67 60 46 55
split_gain=17.9412 18.2628 19.6746 13.0434 18.6775 29.4537 13.9131 50.5908 71.443 69.5124 63.2544 57.1969 54.695 44.8333 62.6071 65.5154 59.3207 74.8786 125.263 56.1452 93.4725 126.396 70.0295 61.7769 114.727 61.6368 95.6267 57.6872 51.57 49.2247
threshold=1.635495722293854 0.89674934744834911 0.16285182535648349 0.1198808215558529 0.2181247025728226 -0.26348517835140223 -0.24790046364068982 -0.16536720097064969 3.7792599201202397 -0.61190944910049427 -0.057202052325010293 -0.23076606541872022 0.066198881715536131 0.012530561536550524 0.23771376162767413 1.0000000180025095e-35 0.46404030919075018 1.5000000000000002 0.036920368671417243 1.0000000180025095e-35 -0.15406972169876096 0.069418396800756468 -0.12099370732903479 0.011429193895310165 2.962166547775269 0.47691476345062261 0.12880866229534152 0.0070983432233333596 11.500000000000002 1.5000000000000002
decision_type=10 10 10 2 10 8 10 10 8 8 10 10 10 8 8 2 8 2 8 2 8 10 10 10 8 2 8 10 10 2
left_child=3 -2 -3 6 5 -5 7 10 11 -10 13 12 -9 14 -1 -16 29 19 -19 25 22 23 -21 -22 -25 -18 -27 -28 -29 -15
right_child=1 2 -4 4 -6 -7 -8 8 9 -11 -12 -13 -14 16 15 -17 17 18 -20 20 21 -23 -24 24 -26 26 27 28 -30 -31
leaf_value=-0.00065630200841178222 -0.0021863600364091205 0.00097283167619896267 -0.001536412527828679 -0.0018017067347959013 0.0026152549431110298 0.00039229059176937867 1.9631383373198627e-05 0.0012001875588754434 -0.0024485582814633214 -0.00019527853075566767 -0.00057645504523985594 0.00024844969991241094 -0.00068822189152124575 -0.00029245148954792747 0.00050473624840269315 -0.0009398043266315453 0.00029099190683729291 0.0004751026251738641 -0.0022808616453042665 0.0094559734712523977 -0.0019373160558883334 0.0063496733757299906 0.00041201875583893668 -0.00011221199230549229 0.0057845031359979177 -0.0012620097989720553 -0.00026663739969801466 0.0033590742150691223 -0.00022664279271885406 0.00050285016640671913
leaf_weight=5086 545 888 791 550 544 4041 178563 3061 547 4471 12958 13400 686 18478 3562 838 30377 919 1175 508 653 528 567 2962 569 2781 9091 1162 882 1394
leaf_count=5086 545 888 791 550 544 4041 178563 3061 547 4471 12958 13400 686 18478 3562 838 30377 919 1175 508 653 528 567 2962 569 2781 9091 1162 882 1394
internal_value=-1.20626e-05 -0.00447628 -0.00186501 2.11411e-05 0.00251701 0.00146707 -2.23556e-05 -0.000447006 0.00170237 -0.00354018 -0.000951323 0.00323775 0.00869044 -0.000435358 -0.0036647 0.000702948 -9.71467e-06 0.000875747 -0.00836502 0.00126373 0.00589098 0.00283778 0.0191244 -9.53743e-05 0.00252753 0.000657969 -0.0020968 -2.24316e-05 0.00754625 -0.00233377
internal_weight=302577 2224 1679 300353 5135 4591 295218 116655 22165 5018 94490 17147 3747 81532 9486 4400 72046 52174 2094 50080 5787 4712 1075 4184 3531 44293 13916 11135 2044 19872
internal_count=302577 2224 1679 300353 5135 4591 295218 116655 22165 5018 94490 17147 3747 81532 9486 4400 72046 52174 2094 50080 5787 4712 1075 4184 3531 44293 13916 11135 2044 19872
is_linear=0
shrinkage=0.05


Tree=256
num_leaves=31
num_cat=0
split_feature=64 54 12 69 33 20 55 63 63 39 64 54 37 57 42 69 69 54 54 63 3 42 55 27 65 66 61 11 43 7
split_gain=12.4187 81.785 136.566 118.162 101.142 80.8152 67.303 181.689 120.215 104.482 75.1921 74.1348 56.0113 50.7228 95.8817 101.01 72.7727 48.2578 75.6579 57.4626 46.2229 43.8722 43.1336 104.263 57.733 52.9581 40.7977 53.5136 35.8562 35.7069
threshold=-0.18132436275482175 5.7778069972991952 -0.018545778468251225 0.013897051569074394 0.18622864037752154 -0.096063520759344087 1.0000000180025095e-35 -0.15558773279190061 -0.1089619994163513 0.013505987357348205 -0.19646158814430234 8.2129478454589862 0.72195750474929821 0.092140555381774916 0.043256720528006561 0.019773576408624653 0.025897045619785789 8.8492989540100115 7.2006113529205331 -0.018152415752410885 -0.25547105073928827 0.084831669926643385 1.5000000000000002 0.21975164115428927 -0.23915767669677732 -0.35254344344139094 0.029740154743194584 -0.2861178964376449 0.48003774881362921 -0.1620848476886749
decision_type=10 2 8 10 10 10 2 10 10 10 10 2 8 2 10 10 10 2 2 10 10 10 2 8 10 8 10 8 8 10
left_child=1 20 3 5 6 -3 8 9 -4 -8 17 -10 -11 14 16 -16 -5 18 -9 -20 -1 -6 28 24 25 -24 27 -15 -22 -2
right_child=29 2 4 13 21 -7 7 10 11 12 -12 -13 -14 26 15 -17 -18 -19 19 -21 22 -23 23 -25 -26 -27 -28 -29 -30 -31
leaf_value=0.0011847044709718461 -0.00015436234514807861 0.0031736576529710183 -0.00045675145534280776 0.001366098252662179 0.00020363587670644819 0.0003945657364194978 -0.0011085061635270677 -0.00057069493186213895 0.00042272728656355101 0.00036339646636150328 0.00019956848854299123 0.0026713616124687855 0.0096558265805350221 0.0036697575038995411 -0.0032675678745683738 0.00014566315136078611 -0.00028488003785834097 -0.00039192494631175545 -0.0011895405209260024 -0.0054320872209610606 -0.00078487409164509697 0.0026280505280255688 0.00029706569099511725 -0.0010685709394280382 -0.00013618128155175967 0.0021694719073651393 -0.00036861534007185309 0.00082858116997892861 -0.00015182298515576461 3.6567422722427746e-06
leaf_weight=4956 44256 928 3998 743 1530 982 868 931 1586 668 510 615 551 571 570 1077 506 534 540 551 5736 1592 639 825 630 811 683 2721 29041 193341
leaf_count=4956 44256 928 3998 743 1530 982 868 931 1586 668 510 615 551 571 570 1077 506 534 540 551 5736 1592 639 825 630 811 683 2721 29041 193341
internal_value=-7.5453e-05 0.000531842 0.0029164 0.00783187 -6.90417e-05 0.0188021 -0.00226193 -0.00647879 0.00124819 0.00488794 -0.0142068 0.0106061 0.0142799 0.00475948 -0.000275292 -0.00817743 0.0101271 -0.0176929 -0.0212106 -0.030109 -0.000769086 0.00788633 -0.00136634 0.00447684 0.0104306 0.0158904 0.00841907 0.0107208 -0.00185558 -0.00024389
internal_weight=303490 65893 23255 8781 14474 1910 11352 5153 6199 2087 3066 2201 1219 6871 2896 1647 1249 2556 2022 1091 42638 3122 37682 2905 2080 1450 3975 3292 34777 237597
internal_count=303490 65893 23255 8781 14474 1910 11352 5153 6199 2087 3066 2201 1219 6871 2896 1647 1249 2556 2022 1091 42638 3122 37682 2905 2080 1450 3975 3292 34777 237597
is_linear=0
shrinkage=0.05


Tree=257
num_leaves=31
num_cat=0
split_feature=2 33 67 64 36 59 58 54 60 67 5 54 58 74 59 33 19 60 32 71 38 42 24 54 34 72 30 57 33 60
split_gain=17.5847 31.5882 30.4868 26.5588 24.5618 33.7057 26.6724 70.039 42.523 39.139 32.1749 37.6197 35.0702 33.225 31.8132 42.4723 30.5938 30.3452 29.193 28.349 28.2817 24.8837 24.2741 22.5061 21.2534 21.1359 20.6959 20.4862 26.4263 19.7142
threshold=0.033536719158291824 0.20748584717512134 0.039325905963778503 -0.12153506278991698 44.664054870605476 -0.05841566435992717 0.31025040149688726 6.1150085926055917 -0.26318080723285669 0.074904575943946852 0.19146967679262164 6.5297107696533212 0.35348312556743627 0.35256670415401464 -0.018051765859127041 3.6685129404067998 -0.14104148000478742 0.35841675102710729 -0.34319731593132013 0.095814771950244917 0.6311246156692506 0.08081261441111566 0.2783620953559876 7.3653383255004892 0.0970408469438553 0.62391346693038952 1.4774367213249209 0.49589490890502935 0.49002276360988622 -0.094806123524904237
decision_type=10 8 8 10 2 8 2 2 10 8 8 2 2 8 10 10 8 10 10 10 10 10 10 2 10 8 8 2 10 10
left_child=-1 -2 3 -3 5 24 7 8 20 19 11 12 -11 -13 29 17 -10 -16 23 -8 -6 -7 -18 -9 -4 -15 -24 28 -14 -12
right_child=1 2 4 -5 6 21 9 18 16 10 14 13 27 25 15 -17 22 -19 -20 -21 -22 -23 26 -25 -26 -27 -28 -29 -30 -31
leaf_value=2.439861272383252e-05 -0.00020275553413897016 0.00013294955492089717 -3.1230181072490827e-05 0.0010809810445133864 -0.00011494799850790942 -0.00011766069524639478 -0.0018892963084927241 0.001088926310283475 0.0017683369100415444 -0.00061698016014116828 -0.0024236718773967257 -0.0011379620023906655 -4.8122489769723803e-06 0.00022219353163461017 -0.00015793741966501631 0.0015961502875909092 -0.00056154842191140299 -0.0018918217550194364 0.00020640832948860474 -8.5006910015595152e-05 -0.0022682114821742376 -0.00070156590346321594 0.0012746233655112275 0.0032019321423884337 0.0016680945731098358 -0.00046382560889210483 -8.3129326352026766e-05 0.00019121105432695317 0.0012245000144317046 -0.00089656249291768849
leaf_weight=226910 10435 1810 1221 1123 2248 6040 589 830 776 1498 628 580 1506 1488 13401 1991 1233 610 905 520 1243 5613 1096 1019 667 2188 1002 7729 3918 2260
leaf_count=226910 10435 1810 1221 1123 2248 6040 589 830 776 1498 628 580 1506 1488 13401 1991 1233 610 905 520 1243 5613 1096 1019 667 2188 1002 7729 3918 2260
internal_value=8.5619e-05 -0.000571695 -0.0001658 0.00480802 -0.000398828 -0.00228396 0.000119753 0.00237406 -0.000105152 -0.000480522 -0.000207634 0.0012502 0.00245208 -0.00288326 -0.00166667 -0.000793155 0.00333981 -0.00176521 0.00918958 -0.00969616 -0.00415596 -0.00328818 0.00124214 0.0127757 0.00389884 -0.00111232 0.00450664 0.00327813 0.00563121 -0.00648723
internal_weight=303077 76167 65732 2933 62799 13541 49258 10352 7598 38906 37797 18907 14651 4256 18890 16002 4107 14011 2754 1109 3491 11653 3331 1849 1888 3676 2098 13153 5424 2888
internal_count=303077 76167 65732 2933 62799 13541 49258 10352 7598 38906 37797 18907 14651 4256 18890 16002 4107 14011 2754 1109 3491 11653 3331 1849 1888 3676 2098 13153 5424 2888
is_linear=0
shrinkage=0.05


Tree=258
num_leaves=31
num_cat=0
split_feature=12 54 58 58 66 11 45 38 15 15 66 75 56 68 64 30 49 43 30 1 39 54 73 58 60 45 58 27 59 60
split_gain=12.5997 35.0081 47.8267 42.1518 43.5635 38.2502 35.0573 31.7217 33.3945 28.6461 25.5726 24.6222 21.3579 21.2326 20.6025 18.2234 17.5564 16.8749 16.6228 16.3284 15.9762 15.8838 15.7137 51.4599 68.0038 48.0907 39.5594 35.1609 32.6622 31.9293
threshold=0.11197779700160028 4.909008502960206 0.48254610598087316 0.73004695773124706 -0.016393478959798809 -0.15908502042293546 9.5000000000000018 0.57978257536888134 -0.24456898868083951 0.047961978241801269 -0.18635211884975431 0.94758260250091564 2.5000000000000004 0.15220106393098834 -0.097017765045166002 0.79461058974266063 0.023974419571459297 1.00179660320282 1.3779862523078921 0.17515757679939273 0.066357932984828963 3.4807783365249638 0.75480368733406078 0.05359937250614167 -0.21028496325016019 4.5000000000000009 0.81410688161849987 0.21653918921947482 -0.11022516712546347 -0.003017379494849592
decision_type=8 2 2 2 10 8 8 10 10 8 10 10 2 10 10 10 2 10 8 8 10 2 10 2 10 10 2 10 10 10
left_child=22 3 5 4 7 -3 17 -2 -9 -4 18 13 -12 -5 -10 19 -16 20 -11 -8 -7 -6 -1 24 27 26 28 -24 -25 -27
right_child=1 2 9 11 21 6 15 8 14 10 12 -13 -14 -15 16 -17 -18 -19 -20 -21 -22 -23 23 25 -26 29 -28 -29 -30 -31
leaf_value=-1.0807824347379859e-05 -8.7226319581042505e-05 0.0024881335140525766 -0.001226585102976234 0.0027806176105972971 -0.0027858981119159411 0.0029052095318977014 -0.0013080215082578836 -0.0020310950438431766 -0.0015602938807152528 -0.00032249377102083044 9.5782828606690029e-05 0.003694479767554651 -0.0013181513469150434 -0.00043745642670904204 0.00019307457126209601 0.00050487503594413418 -0.0012782389195695966 0.0029472900378000734 0.00082703156451548903 0.00026552414373577188 -2.5585217723798558e-05 -0.0011471565038745927 -0.0003594168565314136 -0.0017211401773247676 -0.0011649989481112896 0.00011324370044972187 0.0019102137502846825 0.0032025855484564478 -0.00013854149560553198 0.00063626987454184776
leaf_weight=223011 6084 535 521 841 611 503 869 966 1191 512 1152 539 1280 2166 1680 1284 915 800 1102 537 836 504 1902 505 1644 25055 1181 617 14323 9288
leaf_count=223011 6084 535 521 841 611 503 869 966 1191 512 1152 539 1280 2166 1680 1284 915 800 1102 537 836 504 1902 505 1644 25055 1181 617 14323 9288
internal_value=-3.96087e-05 -0.00110465 0.00121215 -0.00258915 -0.00400886 0.00441012 0.00298615 -0.00303338 -0.00608988 -0.00254534 -0.00110947 0.00219348 -0.0043407 0.000414319 -0.00395153 -0.000814815 -0.00143954 0.00774779 0.00375616 -0.00473164 0.00426242 -0.0133778 5.80105e-05 0.00081889 -0.00451713 0.00126087 -0.00100194 0.000652432 -0.00170508 0.00231566
internal_weight=302954 25428 9931 15497 11951 5364 4829 10836 4752 4567 4046 3546 2432 3007 3786 2690 2595 2139 1614 1406 1339 1115 277526 54515 4163 50352 16009 2519 14828 34343
internal_count=302954 25428 9931 15497 11951 5364 4829 10836 4752 4567 4046 3546 2432 3007 3786 2690 2595 2139 1614 1406 1339 1115 277526 54515 4163 50352 16009 2519 14828 34343
is_linear=0
shrinkage=0.05


Tree=259
num_leaves=31
num_cat=0
split_feature=39 55 46 46 65 27 75 42 20 75 72 39 46 75 45 58 9 18 66 41 66 38 45 15 6 67 15 42 69 42
split_gain=12.7278 30.2423 37.8405 24.3486 20.9817 27.4439 18.6592 20.8288 30.3153 34.528 19.9709 18.6239 17.5441 17.0673 15.2063 60.3729 44.0235 41.7813 92.8887 45.115 42.5164 45.9188 35.9322 32.3967 39.5577 96.8508 59.2168 53.1991 38.3444 128.266
threshold=0.1627532243728638 1.0000000180025095e-35 4.5000000000000009 1.0000000180025095e-35 0.061795532703399665 0.56162330508232128 0.97311946749687206 0.40125419199466711 -0.40738791227340693 0.73036527633667003 0.81300538778305065 0.22785010188817981 7.5000000000000009 0.76544812321662914 13.500000000000002 0.80234816670417797 -0.12506695091724393 0.037998817861080177 -0.084988009184598909 0.29077659547328955 -0.016393478959798809 0.22203043848276141 22.500000000000004 0.029997339472174648 0.055946407839655883 0.074904575943946852 -0.19058671593666074 0.043966213241219528 0.01194895710796118 0.019360440783202652
decision_type=10 2 8 10 8 8 10 8 10 8 8 10 10 10 10 2 10 10 10 8 10 10 10 10 10 10 10 10 10 10
left_child=14 3 -3 -2 5 -5 7 8 9 -6 11 13 -12 -10 -1 17 -17 19 -19 23 21 -20 -23 24 28 27 -27 -26 29 -16
right_child=1 2 -4 4 6 -7 -8 -9 10 -11 12 -13 -14 -15 15 16 -18 18 20 -21 -22 22 -24 -25 25 26 -28 -29 -30 -31
leaf_value=5.8892213901593464e-05 -0.002284812623763312 0.0018252802821325108 -0.00087681572085122341 0.00023714808874720781 0.0020273477993836505 -0.0019341042228096178 0.0015304643737876701 -0.002622484517533353 -0.00096001895700582873 -0.00035063789421711236 0.001632106806458599 -0.0023133600873725389 -0.00042202371592591219 0.001195600079521561 0.00036547947450182221 -0.002194552050569613 -0.00029524050940247929 -0.00043272262312195542 -1.8139575296398109e-05 0.0036897303576798103 -0.00058558556784034659 0.00097627573676412711 0.0058474960930785334 0.00047664506882192346 -0.00012765058416962913 -0.00072927899846847379 0.00015973434514275354 -0.0014520062883585855 5.1198585839640213e-05 -0.0002669800143778136
leaf_weight=104566 833 910 683 851 828 1442 1044 596 851 858 598 736 2377 501 5470 723 1622 18757 1914 525 1021 1361 1167 5416 1136 3065 8989 1603 109763 22920
leaf_count=104566 833 910 683 851 828 1442 1044 596 851 858 598 736 2377 501 5470 723 1622 18757 1914 525 1021 1361 1167 5416 1136 3065 8989 1603 109763 22920
internal_value=-1.64942e-05 -0.00153987 0.00489707 -0.00243384 -0.00178638 -0.00601389 -0.000625074 -0.00151598 -0.000717562 0.00507075 -0.00265129 -0.00638704 -1.67504e-05 -0.00286344 5.24087e-05 -0.000219452 -0.0081741 -0.000117138 -0.00205118 0.000177788 0.00368171 0.00579515 0.0102049 0.000128811 -5.88405e-06 -0.00246234 -0.000530504 -0.0109312 0.000257305 -0.00138028
internal_weight=303126 13108 1593 11515 10682 2293 8389 7345 6749 1686 5063 2088 2975 1352 290018 185452 2345 183107 24220 158887 5463 4442 2528 158362 152946 14793 12054 2739 138153 28390
internal_count=303126 13108 1593 11515 10682 2293 8389 7345 6749 1686 5063 2088 2975 1352 290018 185452 2345 183107 24220 158887 5463 4442 2528 158362 152946 14793 12054 2739 138153 28390
is_linear=0
shrinkage=0.05


Tree=260
num_leaves=31
num_cat=0
split_feature=42 41 18 42 54 75 23 59 65 42 6 60 68 64 42 65 32 26 55 64 54 73 54 75 41 8 6 9 46 57
split_gain=15.8682 16.7122 15.6553 13.8892 25.0351 24.2866 18.1177 31.5052 31.2272 30.0454 28.0368 27.6963 27.1911 27.5862 25.0613 22.3465 20.1389 19.6704 20.2061 24.6662 19.3041 17.6401 17.5079 29.2418 17.7486 20.2195 17.2686 17.9053 17.173 18.9529
threshold=0.0032582140993326907 0.0061027198098599919 -0.036712076514959328 0.30739560723304754 6.5786120891571054 0.69483962655067455 -0.40106762945652003 -0.27293194830417628 0.053520381450653083 0.16285182535648349 -0.23641251027584073 0.23014293611049655 -0.021325911395251747 0.013523876667022707 0.15215001255273822 0.016838550567626957 -0.68616023659706105 -0.48784327507019037 1.0000000180025095e-35 -0.10681262612342833 4.9615850448608407 0.032683914527297027 0.4855030775070191 0.8396815061569215 0.25680419802665716 -0.61502894759178151 -0.098241195082664476 0.085130050778388991 19.500000000000004 0.12245696783065797
decision_type=8 8 10 10 2 8 8 8 8 10 10 8 10 10 10 10 10 10 2 8 2 10 2 8 10 8 10 10 10 2
left_child=2 -2 -1 6 5 -5 8 14 15 22 17 16 13 26 -8 20 -12 18 19 -10 21 -3 23 -9 25 -24 -11 -28 29 -23
right_child=1 3 -4 4 -6 -7 7 9 10 12 11 -13 -14 -15 -16 -17 -18 -19 -20 -21 -22 28 24 -25 -26 -27 27 -29 -30 -31
leaf_value=1.5796828898581628e-05 0.0004123513755428101 -0.00076538499178899384 -0.0008704532859178985 0.0007551718202916392 0.00096380539197866684 -0.001375782406082217 -0.0028624579902137722 -0.00023179394076075315 0.0012715189738928597 -0.00056425589223630301 0.0060108666952869219 0.00045966891633553029 -0.0010368145514002747 0.0015272132651309674 -2.3344654330154613e-05 -0.0017042766905430288 0.0017060665882113149 -0.00081794432809284686 0.0013885849509549788 -0.00021780231079948591 -0.0014315099110924906 0.0020830806207045049 -0.0012711429908979493 0.0063669844650011843 0.0023634395475579579 -6.2990875451394288e-06 0.0010610407500129039 -0.00064553207020264099 0.0015189870858781309 -0.00057722901304716368
leaf_weight=540 768 916 598 754 756 3261 628 552 652 2042 527 1449 3971 596 512 539 986 860 844 2509 548 637 620 501 753 273665 781 629 508 677
leaf_count=540 768 916 598 754 756 3261 628 552 652 2042 527 1449 3971 596 512 539 986 860 844 2509 548 637 620 501 753 273665 781 629 508 677
internal_value=-0.000143121 -0.000120846 -0.00601045 -0.000139716 -0.00281322 -0.00438509 -9.66616e-05 -0.000175629 0.00183502 -0.000142193 0.00364298 0.00746972 -0.0031573 -0.000271069 -0.00843478 -0.00186441 0.0121799 0.00130256 0.00277709 0.000930306 -0.000303398 0.00141921 -5.4509e-05 0.00634995 -7.92589e-05 -0.000100439 -0.00199307 0.00225352 0.00425764 0.00120846
internal_weight=303579 302441 1138 301673 4771 4015 296902 285250 11652 284110 7827 2962 8019 4048 1140 3825 1513 4865 4005 3161 3286 2738 276091 1053 275038 274285 3452 1410 1822 1314
internal_count=303579 302441 1138 301673 4771 4015 296902 285250 11652 284110 7827 2962 8019 4048 1140 3825 1513 4865 4005 3161 3286 2738 276091 1053 275038 274285 3452 1410 1822 1314
is_linear=0
shrinkage=0.05


Tree=261
num_leaves=31
num_cat=0
split_feature=52 48 66 11 18 11 66 33 54 74 54 67 67 54 29 66 41 54 58 70 69 55 64 41 18 57 54 65 13 64
split_gain=18.4262 24.9236 20.2163 59.7507 31.8742 32.2912 48.1139 34.0982 50.6243 35.6564 36.1827 60.8929 74.1354 39.5723 36.2128 48.2536 34.1228 62.8918 37.152 32.1277 31.4972 30.8903 29.6585 29.3916 29.054 27.7786 33.258 27.5853 27.255 31.5877
threshold=9.5000000000000018 0.19863881170749667 -0.082297258079051958 2.5003572702407841 -0.098618116229772554 -0.12667175382375714 -0.36984977126121515 0.21829997003078463 1.9953801035881045 0.50861749053001415 3.9779044389724736 0.050108501687645919 0.18454020470380786 1.8570786118507387 -0.63848558068275441 -0.21204522997140882 0.033763946965336807 4.4762566089630136 0.070422533899545683 0.014761940576136114 0.022359503433108333 1.5000000000000002 -0.12237063050270079 0.050566310063004501 0.35412544012069708 0.45422534644603735 5.7778069972991952 -0.18324998021125791 -0.087515778839588151 -0.036512196063995354
decision_type=8 2 10 8 10 10 10 10 2 10 2 8 10 2 8 10 8 2 2 10 8 2 10 10 10 2 2 10 10 10
left_child=-1 2 4 -4 5 7 -7 9 27 10 11 13 -13 -2 -12 16 17 -16 -19 -11 23 28 -15 -18 -6 26 -20 -9 -10 -30
right_child=1 -3 3 -5 24 6 -8 8 21 19 14 12 -14 22 15 -17 20 18 25 -21 -22 -23 -24 -25 -26 -27 -28 -29 29 -31
leaf_value=-1.7769835627662422e-05 0.00069185850167686655 -0.00065341172259858341 0.00038565173895573887 -0.0024496859831388039 -6.1966162282452649e-05 -0.0013103329164277212 7.3695975215881592e-05 -0.0014122136520261009 0.0023648979756490073 0.00077553865985797651 0.00076674281990077959 0.0015763445193595254 -0.00038198388950477378 -0.00024522817073707547 -0.0014690818912350902 0.00043749393816720289 -0.00044813282953016858 0.0015686553490037983 -0.00062024271191058855 2.3460563732185819e-05 -0.00047724421758191721 -0.00020988393614692694 -0.0012351517001787764 -0.0017976839084353402 0.001242817182793225 0.00079768754104835688 0.00017195808342224716 0.00073838542348091682 0.00036911459309669944 0.001973395425163131
leaf_weight=213828 1358 3900 8157 515 33682 1827 4854 670 1132 2681 1038 5403 1924 2148 525 1887 1919 543 659 1816 3838 625 723 994 1295 518 1036 543 2077 1262
leaf_count=213828 1358 3900 8157 515 33682 1827 4854 670 1132 2681 1038 5403 1924 2148 525 1887 1919 543 659 1816 3838 625 723 994 1295 518 1036 543 2077 1262
internal_value=5.38916e-05 0.000655992 0.000834121 0.0031214 0.000576071 0.0015044 -0.00168136 0.00210733 0.00543599 0.00138181 0.000630021 0.00266298 0.00541775 -0.00211135 -0.00118377 -0.0019658 -0.00334595 0.000835612 0.0038684 0.00546927 -0.00537642 0.00761849 -0.00543214 -0.0092884 -0.000538772 0.000967161 -0.00214076 -0.00372036 0.00907164 0.00676321
internal_weight=303377 89549 85649 8672 76977 42000 6681 35319 6309 29010 24513 11556 7327 4229 12957 11919 10032 3281 2756 4497 6751 5096 2871 2913 34977 2213 1695 1213 4471 3339
internal_count=303377 89549 85649 8672 76977 42000 6681 35319 6309 29010 24513 11556 7327 4229 12957 11919 10032 3281 2756 4497 6751 5096 2871 2913 34977 2213 1695 1213 4471 3339
is_linear=0
shrinkage=0.05


Tree=262
num_leaves=31
num_cat=0
split_feature=42 18 8 33 19 69 58 42 45 37 65 31 55 65 60 66 75 24 69 75 33 38 16 65 31 46 67 65 40 9
split_gain=14.5245 17.3008 14.0255 39.8641 54.8755 43.6782 35.0244 43.7836 42.9262 34.114 33.5275 28.7649 50.1931 66.7686 64.8429 46.2331 40.8968 38.4131 30.1515 28.5259 28.2463 31.8771 29.2839 28.3791 31.7239 27.7268 26.4414 25.7292 25.2165 24.2914
threshold=0.0032582140993326907 -0.036712076514959328 0.1884235888719559 1.4111269712448122 -0.20247362554073331 0.028067343868315223 0.74451306462287914 0.16285182535648349 2.5000000000000004 -0.25161410868167872 0.39618486166000372 0.66480427980422985 1.0000000180025095e-35 -0.14159879088401792 0.0061887693591415891 -0.18374802917242047 0.43211852014064794 0.071333773434162154 0.022784044034779075 0.50020542740821849 2.1539175510406499 0.54737886786460888 0.29959899187088018 -0.14159879088401792 0.46305681765079504 15.500000000000002 0.26721061766147619 -0.22363534569740293 0.090848017483949675 0.022223046049475673
decision_type=8 10 10 8 10 10 2 10 10 10 10 10 2 8 8 10 10 10 10 10 10 10 10 10 10 10 10 10 10 10
left_child=1 -1 10 4 -4 6 7 20 -8 -7 11 -2 15 -14 -15 25 18 -16 -17 -11 -5 22 -22 -23 -25 27 -18 -13 -26 -27
right_child=2 -3 3 5 -6 9 8 -9 -10 19 -12 12 13 14 17 16 26 -19 -20 -21 21 23 -24 24 28 29 -28 -29 -30 -31
leaf_value=0.00013565833769115462 -1.8956224937537442e-06 -0.00076260980955709489 0.00092798088728238181 0.00033604650464016408 -0.00035022463766657048 -0.0011010626986793762 0.00012535370786521949 -0.0014671879411110901 0.0053360231723140923 0.0033534759752076983 0.00076387795680890711 0.00032411329086077004 0.00030517428465850729 -0.0013690677163437092 -0.00053318459206604747 -5.5049399485609944e-05 0.0017102700006827586 0.00023078380194496045 -0.0011246811741652237 0.0012425683334270053 3.7565175150636437e-05 -0.0013524554607643705 -0.0010791518489411147 -0.0011416608307078246 0.0019031551652433033 -0.00033665392231450945 -4.4756211315558594e-05 0.0014733132751783196 0.0001137350701613256 0.00048334213992544221
leaf_weight=530 230634 599 1658 6268 24726 942 2064 2145 928 500 725 792 779 777 563 3625 1796 798 539 4498 1768 657 3457 645 1473 639 1310 1574 2266 3034
leaf_count=530 230634 599 1658 6268 24726 942 2064 2145 928 500 725 792 779 777 563 3625 1796 798 539 4498 1768 657 3457 645 1473 639 1310 1574 2266 3034
internal_value=-2.7253e-05 -0.00566286 -5.96837e-06 -0.000736043 -0.00212548 0.000591941 -0.000449703 -0.00125475 0.00456362 0.00438655 0.000153275 0.000121521 0.0021557 -0.0037752 -0.00833333 0.00345747 0.000769231 -0.00171408 -0.00246766 0.00603035 -0.000380803 -0.00199494 -0.00472779 0.000841418 0.00229859 0.00668706 0.0051027 0.0109007 0.00406775 0.00395058
internal_weight=302709 1129 301580 53995 26384 27611 21671 18679 2992 5940 247585 246860 16226 2917 2138 13309 7270 1361 4164 4998 16534 10266 5225 5041 4384 6039 3106 2366 3739 3673
internal_count=302709 1129 301580 53995 26384 27611 21671 18679 2992 5940 247585 246860 16226 2917 2138 13309 7270 1361 4164 4998 16534 10266 5225 5041 4384 6039 3106 2366 3739 3673
is_linear=0
shrinkage=0.05


Tree=263
num_leaves=31
num_cat=0
split_feature=70 42 62 30 57 54 58 15 67 38 67 67 54 68 75 32 16 43 0 19 68 14 25 42 20 62 62 20 54 54
split_gain=13.1547 23.6131 32.2761 36.8145 34.8772 39.303 30.8499 23.9287 27.2784 23.5726 25.956 29.3079 22.6105 40.5354 24.4535 22.4352 31.5616 26.6244 19.5547 19.4986 19.4819 21.3186 19.1981 18.2891 26.4843 21.031 25.339 41.1756 26.2801 22.6888
threshold=-0.1138191521167755 0.073302168399095549 -0.065974235534667955 1.7131671309471133 0.046288574114441879 6.8560881614685067 0.03308671526610852 0.19686929136514666 0.16151469945907596 0.046632753685116775 0.2460909113287926 0.34496827423572546 7.2951922416687021 0.15645035356283191 0.073468167334795012 -0.81952002644538868 0.0079030594788491743 0.62854847311973583 -0.082779869437217699 0.32269184291362768 -0.03639129921793937 -0.11938108503818511 0.33333703875541693 0.3439693301916123 -0.46620170772075648 -0.16214549541473386 -0.17856633663177487 -0.17706664651632306 3.9451675415039067 4.9346897602081308
decision_type=8 10 10 8 2 2 2 8 10 10 8 10 2 10 10 8 8 10 8 8 10 10 10 10 8 8 10 10 2 2
left_child=1 9 4 15 6 7 -3 8 -6 -1 -11 12 13 14 -12 -4 22 -18 -2 -19 -5 -22 -17 24 -20 26 29 28 -28 -26
right_child=18 2 3 20 5 -7 -8 -9 -10 10 11 -13 -14 -15 -16 16 17 19 23 -21 21 -23 -24 -25 25 -27 27 -29 -30 -31
leaf_value=-0.00067262983009079092 -0.0003555531170510752 0.001271236780142744 0.0015295203886358541 0.00071435088513615056 0.00030827151497304244 0.0031111278909699142 -0.0020515455206197744 0.0012167907419646032 -0.0013194341305648506 0.000110920530713963 -0.00014314144807421429 -4.6053587961861375e-05 2.6880670613430892e-05 0.0030377265754356585 0.0011259771178067453 -0.00049092335899429825 0.0011208086359207248 0.00034514640078764624 0.0018407863583917551 -0.00082531787719768894 -0.0020715967557216053 -0.00070714788990758586 0.00021242985995335029 -0.001527489234489265 0.00055318923466193273 -2.3095950029396185e-06 -0.001966270770205929 -0.0032900209523316023 0.00068497922571135884 -0.00076387517674761829
leaf_weight=618 10225 523 572 562 3323 515 661 1782 544 4725 654 1172 724 601 1846 4178 1951 1310 913 1004 1128 1998 1219 896 1375 254797 504 573 523 1433
leaf_count=618 10225 523 572 562 3323 515 661 1782 544 4725 654 1172 724 601 1846 4178 1951 1310 913 1004 1128 1998 1219 896 1375 254797 504 573 523 1433
internal_value=-5.43157e-05 0.000910816 -4.22932e-05 -0.00145708 0.00263659 0.00414642 -0.00519263 0.00292454 0.000709311 0.00286957 0.00347308 0.00598163 0.00809648 0.00994857 0.00709163 8.78563e-05 -0.000485939 0.00272515 -0.000166821 -0.000903614 -0.00573283 -0.00727041 -0.00302386 -8.2751e-05 -5.80483e-05 -8.81508e-05 -0.00350837 -0.00850932 -0.00245902 -0.000638751
internal_weight=302849 31610 21270 13922 7348 6164 1184 5649 3867 10340 9722 4997 3825 3101 2500 10234 9662 4265 271239 2314 3688 3126 5397 261014 260118 259205 4408 1600 1027 2808
internal_count=302849 31610 21270 13922 7348 6164 1184 5649 3867 10340 9722 4997 3825 3101 2500 10234 9662 4265 271239 2314 3688 3126 5397 261014 260118 259205 4408 1600 1027 2808
is_linear=0
shrinkage=0.05


Tree=264
num_leaves=31
num_cat=0
split_feature=2 6 66 54 66 69 68 65 65 43 60 41 66 42 60 43 63 54 26 69 32 19 69 54 69 47 41 65 55 68
split_gain=13.2758 28.6696 38.4851 51.7742 56.132 108.092 63.8977 44.485 34.2918 33.2761 34.9009 35.3769 48.9555 31.6514 31.7533 30.4123 40.4139 30.204 28.8991 27.8997 27.0666 38.1634 27.0469 44.9453 26.95 26.7708 25.3528 34.808 68.4106 40.3813
threshold=0.002657084609381855 -0.14578450471162793 -0.2597478032112121 7.0690448284149179 -0.06749814003705977 0.015202419832348825 0.012889325153082611 0.099869012832641615 0.20940178632736209 1.7550488710403445 -0.22510203719139096 0.02277703303843737 -0.16108464449644086 0.019360440783202652 0.021580761298537258 0.58139714598655712 -0.16572019457817075 8.0672273635864276 -0.1525420546531677 0.011557383462786676 -0.34987984597682947 -0.090122897177934633 0.010177265387028457 4.1272149085998544 0.016382175497710708 0.065769854933023467 0.1353508606553078 0.055614054203033454 1.0000000180025095e-35 -0.011732821818441151
decision_type=10 8 10 2 10 10 10 8 10 8 8 10 10 10 10 8 8 2 10 10 10 10 10 2 10 2 8 8 2 10
left_child=-1 19 15 9 8 6 -6 -7 26 10 25 12 -12 -14 -15 -3 -17 -8 22 -2 -20 -22 23 -13 -16 -4 27 -5 -29 -30
right_child=1 2 3 4 5 7 17 -9 -10 -11 11 18 13 14 24 16 -18 -19 20 -21 21 -23 -24 -25 -26 -27 -28 28 29 -31
leaf_value=1.735850452971633e-05 -0.001122659081239827 0.00035521641856004171 -0.00027327286601679703 -4.9847222686465189e-06 -0.000279253086134057 0.00070048315738182069 -0.0020582348743354464 -0.00039640432927578952 0.00063197304641649107 -0.00068046131254178091 0.00025563724374370064 0.0032317530508421417 -1.328572899906167e-05 -0.0012919461250360505 -0.0014037747600920631 0.0016940492005137579 1.3387755606253035e-05 -0.0035513445529998244 0.00060525656900880696 -0.00025118556627440526 -0.0013056143480963402 0.0001721966346676103 -0.00020286354358654759 -0.00066478295378251536 0.00013510621214375096 -0.0020865552322859187 0.00094986044341472189 -0.00010351044929581106 -0.0015178470140520671 -0.00074782811481488684
leaf_weight=185674 991 5698 2442 3474 567 521 698 1494 718 3236 1533 1451 1149 953 636 1056 34596 577 7181 11464 610 16793 13192 890 635 548 769 1930 566 739
leaf_count=185674 991 5698 2442 3474 567 521 698 1494 718 3236 1533 1451 1149 953 636 1056 34596 577 7181 11464 610 16793 13192 890 635 548 769 1930 566 739
internal_value=-4.80529e-05 -0.00046492 -0.000194913 -0.0009698 -0.00391694 -0.00888285 -0.0176026 -0.000864198 -0.00157202 -0.000276049 5.51819e-05 0.000403038 -0.00360049 -0.00696128 -0.0104297 0.000991296 0.000448657 -0.0237743 0.000893413 -0.00273165 0.00195983 0.000893011 -0.00079457 0.00414717 -0.00519126 -0.00516667 -0.00257746 -0.00356452 -0.00728814 -0.0160837
internal_weight=302781 117107 104652 63302 12053 3857 1842 2015 8196 51249 48013 45023 4906 3373 2224 41350 35652 1275 40117 12455 24584 17403 15533 2341 1271 2990 7478 6709 3235 1305
internal_count=302781 117107 104652 63302 12053 3857 1842 2015 8196 51249 48013 45023 4906 3373 2224 41350 35652 1275 40117 12455 24584 17403 15533 2341 1271 2990 7478 6709 3235 1305
is_linear=0
shrinkage=0.05


Tree=265
num_leaves=31
num_cat=0
split_feature=42 38 66 59 60 57 69 57 67 70 36 9 33 5 28 18 61 61 33 67 68 68 30 8 18 67 9 57 24 22
split_gain=13.384 32.2391 31.773 59.3858 46.3171 56.9405 46.9819 66.6604 44.985 40.1052 28.8823 28.0538 30.4031 27.3461 36.8637 43.6482 34.2163 30.4734 35.4665 26.8256 27.4958 26.4329 26.5142 34.8023 22.4526 27.0093 22.0493 21.6253 20.5248 20.4205
threshold=0.024898109957575802 0.075317103415727629 -0.42309607565402979 -0.11022516712546347 -0.17026768624782559 0.092140555381774916 0.032248817384243018 0.13847317546606067 0.022697729989886287 0.032507114112377174 22.424593925476078 -0.10300461202859877 0.7894992232322694 -0.1238846108317375 0.074078217148780837 -0.10783837735652922 0.053953766822814948 0.035978615283966071 0.12247220426797868 0.074904575943946852 -0.062153741717338555 -0.059419466182589524 0.053659798577427871 -0.022343161515891549 -0.048560986295342438 0.32080119848251348 -0.26118502020835871 0.32619808614254003 0.074228547513484969 0.37616057693958288
decision_type=8 8 8 8 8 2 10 2 8 10 2 8 8 8 8 8 10 10 10 8 10 10 10 10 10 10 8 2 10 10
left_child=2 11 -1 -4 9 -6 7 -7 10 26 -9 -2 -13 -10 -15 28 17 19 -19 21 -21 -17 -23 -24 -22 27 -5 -26 -16 -8
right_child=1 -3 3 4 5 6 29 8 13 -11 -12 12 -14 14 15 16 -18 18 -20 20 24 22 23 -25 25 -27 -28 -29 -30 -31
leaf_value=-0.00047504246150248365 -0.00088679316198657376 -7.7294680647595908e-06 0.0015823179354420083 0.00073905825634000284 0.00091410509777669333 -0.00053287335357052475 0.0008826324652625898 4.1221973884998528e-05 0.0012621112575991547 -0.00060612640463730762 0.0005270406007346995 6.9622803962882208e-05 -0.00076394222004321898 -0.00021083479287529878 0.00068064328235463336 -9.0210884702790836e-05 0.00047749310375096166 -0.00072670784504584509 2.6650588607917208e-06 0.00084911809454219194 -0.00028862666548257893 0.00059269117763756862 -0.00019117069241388705 0.00041359875075700132 0.00013422662528999745 0.00029995002356830215 -0.00017686691252671982 -0.00014911151546336232 0.00013114333249989664 0.00032746295087808389
leaf_weight=1100 528 254721 652 713 939 1273 527 905 618 1761 1379 1502 659 5793 1985 951 2171 899 1100 608 3598 789 744 862 3299 1955 2243 7030 1032 702
leaf_count=1100 528 254721 652 713 939 1273 527 905 618 1761 1379 1502 659 5793 1985 951 2171 899 1100 608 3598 789 744 862 3299 1955 2243 7030 1032 702
internal_value=-3.29981e-07 -0.000140238 0.000788816 0.000996902 0.000772456 0.00133652 0.00103584 0.000714846 0.00111677 -0.00390311 0.00789015 -0.00557614 -0.00301704 0.000651836 0.000453908 0.00122998 0.000516322 -8.01099e-05 -0.00594823 0.000513957 -0.000315152 0.0045888 0.00738046 0.00365099 -0.000717342 0.00030096 -0.000337154 -0.000720573 0.00688801 0.0106134
internal_weight=303038 257410 45628 44528 43876 39159 38220 36991 35718 4717 2284 2689 2161 33434 32816 27023 24006 21835 1999 19836 16490 3346 2395 1606 15882 12284 2956 10329 3017 1229
internal_count=303038 257410 45628 44528 43876 39159 38220 36991 35718 4717 2284 2689 2161 33434 32816 27023 24006 21835 1999 19836 16490 3346 2395 1606 15882 12284 2956 10329 3017 1229
is_linear=0
shrinkage=0.05


Tree=266
num_leaves=31
num_cat=0
split_feature=26 38 18 25 60 71 46 54 54 65 58 46 30 42 65 66 18 46 66 73 45 6 60 29 9 69 57 33 54 9
split_gain=15.0878 31.4261 35.4049 21.424 21.4834 35.0671 39.152 34.3974 32.4598 44.4718 33.0653 29.7907 27.8764 25.1917 24.5721 28.3542 22.3638 30.6388 24.6572 23.0318 21.798 21.3852 21.6803 19.978 43.3486 39.1466 45.527 30.3346 31.4787 18.8857
threshold=-0.47374342381954188 0.30665619671344763 -0.15481709688901898 0.64737588167190563 0.04713260009884835 0.73083940148353588 19.500000000000004 5.5198595523834237 2.8216764926910405 -0.31923413276672358 0.11801501363515855 4.5000000000000009 0.44176995754241949 0.13298165053129199 -0.40212038159370417 -0.27054020762443537 0.5465131700038911 24.500000000000004 -0.17352467775344846 0.13103728741407397 28.500000000000004 -0.2932248562574386 -0.19798438996076581 -0.69998693466186512 0.072467837482690825 0.020909396000206474 0.17566509544849399 0.11233699321746828 1.6282591819763186 -0.045110648497939103
decision_type=8 10 10 10 8 8 10 2 2 10 2 10 10 10 10 10 10 10 8 10 10 8 8 8 10 10 2 10 2 10
left_child=1 2 -1 4 5 6 8 13 9 10 11 12 -3 -8 -10 20 17 18 19 -6 -16 22 -2 24 25 26 -23 -28 -29 -15
right_child=21 3 -4 -5 16 -7 7 -9 14 -11 -12 -13 -14 29 15 -17 -18 -19 -20 -21 -22 23 -24 -25 -26 -27 27 28 -30 -31
leaf_value=-0.0012261719542563017 -0.0012599105328457102 -0.00011394392790248336 0.00086717343525421489 0.0010455030091272705 0.0034119320646134235 -0.0013584240207408591 0.0027895188807124257 -0.00051733643655798027 0.00062013721335386386 0.00043532530440180744 -0.0015175088013495268 0.00136891126450789 -0.0027653631878411596 0.0025634563053558638 -0.0010532668124597355 0.00051172413336503318 0.0042627569616389433 -0.00070966930085244052 0.00027337946048035938 0.00058732538728752982 0.00026942486247579465 0.0016268848433718807 -0.00013502036163120373 -4.2946485106904601e-06 -0.0029361093430543437 -0.00088833079925716056 -0.0013092596025922019 -0.00086248446627392112 0.00097259282517885882 -0.00051015444674105698
leaf_weight=773 1259 1085 543 1556 527 1354 1151 613 5814 2053 1470 580 596 506 1550 982 684 1121 1431 502 851 500 2803 267765 593 1002 614 703 1402 579
leaf_count=773 1259 1085 543 1556 527 1354 1151 613 5814 2053 1470 580 596 506 1550 982 684 1121 1431 502 851 500 2803 267765 593 1002 614 703 1402 579
internal_value=-5.182e-05 0.00109187 -0.00641026 0.00148911 0.00111045 0.000395957 0.000986547 0.00634837 -3.66887e-05 -0.00296859 -0.00621492 -0.00239982 -0.00576582 0.00921638 0.00180841 -0.00157678 0.00431579 0.00271512 0.00582996 0.0116939 -0.00450021 -0.000160672 -0.00375737 -0.000106938 -0.00329602 -0.00150083 0.00119232 -0.00137413 0.00148936 0.00369863
internal_weight=302962 26321 1316 25005 23449 19184 17830 2849 14981 5784 3731 2261 1681 2236 9197 3383 4265 3581 2460 1029 2401 276641 4062 272579 4814 4221 3219 2719 2105 1085
internal_count=302962 26321 1316 25005 23449 19184 17830 2849 14981 5784 3731 2261 1681 2236 9197 3383 4265 3581 2460 1029 2401 276641 4062 272579 4814 4221 3219 2719 2105 1085
is_linear=0
shrinkage=0.05


Tree=267
num_leaves=31
num_cat=0
split_feature=19 63 32 69 19 41 54 54 59 69 59 63 36 61 48 52 69 42 8 42 29 69 26 26 54 54 61 54 31 67
split_gain=12.8626 20.0874 11.7755 68.6154 103.295 36.7992 36.464 38.6662 81.267 61.0263 47.379 39.0744 37.5056 55.3783 31.8875 30.9839 28.2263 27.7786 27.4334 45.7053 26.7092 36.9246 26.6367 25.4624 26.5764 24.9065 24.5496 23.5349 29.5907 48.0485
threshold=0.89023306965827953 -0.039622038602828973 -0.12765467166900632 0.009626780170947315 0.0033722926164045934 0.038375921547412879 1.604424834251404 4.4485747814178476 0.0080230163875967282 0.016562150791287426 0.10476028546690942 0.10257744789123537 76.260540008544936 0.086561620235443129 0.044944452121853835 4.5000000000000009 0.018043832853436474 0.08081261441111566 -0.085818938910961137 0.211436502635479 -0.31999990344047541 0.037847910076379783 -0.71501293778419484 -0.64579802751541127 4.1272149085998544 8.9342904090881365 -0.047832280397415154 2.275727510452271 0.059116398915648467 0.2182891666889191
decision_type=10 10 8 8 10 10 2 2 8 10 10 10 2 10 2 10 8 10 8 10 8 10 10 10 2 2 10 2 10 10
left_child=2 -2 22 4 -4 -6 -5 8 27 11 18 -9 13 15 -10 -12 -16 -14 19 26 -20 25 -1 24 -24 -22 -11 28 -8 -30
right_child=1 -3 3 6 5 -7 7 9 14 10 12 -13 17 -15 16 -17 -18 -19 20 -21 21 -23 23 -25 -26 -27 -28 -29 29 -31
leaf_value=0.0010041124013121184 0.0002803285662471414 -0.0025653851969139581 -0.0024583084325900625 0.00090411832482572597 -0.0012495752109959453 0.000874249284998091 -0.00045226478107945943 -0.00015337352383961654 0.00070581381461263355 -0.0016933805439556708 -0.0021941874608379661 -0.0010416150847002102 0.0008487953436198142 0.00029307767433818559 0.00092211804679323333 -0.00042955073190897728 -0.0004115838248010831 -0.00053638564607114603 0.003165548629816402 0.00099417438631847744 0.00030167989780081894 -0.0018392554148431281 -0.00028759393738606655 1.2732943239677358e-05 -0.0019058082683505136 0.00070097499330234016 -9.1492622070881878e-05 -0.00063753639417113536 -0.0028676416341448614 -0.00045117354143064427
leaf_weight=2060 501 508 883 4193 1172 1367 852 7125 4000 580 854 1903 1914 2473 1372 4507 6648 748 893 1380 12185 546 1123 231570 518 1270 712 7487 757 609
leaf_count=2060 501 508 883 4193 1172 1367 852 7125 4000 580 854 1903 1914 2473 1372 4507 6648 748 893 1380 12185 546 1123 231570 518 1270 712 7487 757 609
internal_value=-3.46855e-05 -0.00564279 -1.57435e-05 -0.000603552 -0.00748834 -0.00233425 -0.000228506 -0.000549936 -0.00222452 0.000431267 0.00158165 -0.00314229 -0.00107558 -0.00281744 0.000523691 -0.00566934 -0.00129514 0.00404192 0.00316909 -0.00149142 0.00400564 0.00346513 0.000150246 0.00010012 -0.00608722 0.0039844 -0.00821813 -0.00562532 -0.0101436 -0.0146802
internal_weight=302710 1009 301701 66430 3422 2539 63008 58815 21725 37090 28062 9028 10496 7834 12020 5361 8020 2662 17566 2672 14894 14001 235271 233211 1641 13455 1292 9705 2218 1366
internal_count=302710 1009 301701 66430 3422 2539 63008 58815 21725 37090 28062 9028 10496 7834 12020 5361 8020 2662 17566 2672 14894 14001 235271 233211 1641 13455 1292 9705 2218 1366
is_linear=0
shrinkage=0.05


Tree=268
num_leaves=31
num_cat=0
split_feature=19 54 11 66 27 54 19 75 54 66 18 75 10 17 54 40 66 65 26 16 73 55 53 30 55 54 65 43 15 11
split_gain=15.7777 25.3461 15.8356 49.9115 37.4723 72.0572 36.5046 99.8825 88.4139 53.5757 37.9084 32.5819 49.3316 53.5015 39.6574 48.8092 36.3316 35.6265 49.7058 44.7019 45.7727 33.3904 34.4196 38.7179 73.8706 45.9471 69.9613 48.0727 39.4456 56.2417
threshold=0.89023306965827953 4.0074241161346444 -0.1810490861535072 -0.010510313324630259 0.18855594843626025 5.9586830139160165 0.055192530155181892 0.63241523504257213 3.5974491834640507 -0.16108464449644086 0.0075210023205727347 0.06926982477307321 -0.036984618753194802 -0.065374635159969316 10.184267520904543 0.020416649058461193 -0.18911322206258771 0.053520381450653083 -0.042422369122505181 -0.023820843547582623 0.42178085446357733 1.5000000000000002 1.0000000180025095e-35 0.46367748081684118 1.0000000180025095e-35 7.1688802242279062 0.16629457473754886 0.72364285588264476 -0.35847367346286768 -0.55573332309722889
decision_type=10 2 10 10 10 2 10 10 2 10 10 8 10 10 2 10 10 10 10 10 10 2 10 10 2 2 10 10 8 8
left_child=2 -2 3 6 5 -5 11 8 -8 10 -9 12 13 -1 17 -16 -14 19 21 -13 -21 22 23 25 -25 28 -27 -28 -19 -30
right_child=1 -3 -4 4 -6 -7 7 9 -10 -11 -12 14 16 -15 15 -17 -18 18 -20 20 -22 -23 -24 24 -26 26 27 -29 29 -31
leaf_value=0.00019452223282975732 0.00015471231740230601 -0.0034520423566888718 3.6878262665414845e-05 -0.0021597924019270756 -0.0029224344223309994 0.00022099566873598947 0.0033974797517660731 0.0010407365436862826 0.0004061145183812591 0.0028855429762083152 -0.00080419478993900531 3.6973651490150801e-05 -0.00010687911783979591 -0.000369995448898088 -0.0013045145725005605 -9.6606729249183043e-05 0.00058664226898759312 0.00046338814164980822 0.0012796948165056513 -0.0011440169674505132 -0.00018533089304409203 0.00032939807977786683 0.00040461536677795614 0.0007725776612952874 -0.00052593321323291507 -0.000629692349479257 -0.000133534378043492 0.0008603662724596423 0.00036885759437290912 -0.0010872987050805031
leaf_weight=2338 528 505 132072 669 514 1053 928 783 1768 509 3186 122634 627 6385 515 823 649 503 1301 1622 7259 1345 1371 2098 756 2012 1082 878 798 5606
leaf_count=2338 528 505 132072 669 514 1053 928 783 1768 509 3186 122634 627 6385 515 823 649 503 1301 1622 7259 1345 1371 2098 756 2012 1082 878 798 5606
internal_value=-4.50306e-05 -0.00618408 -2.38336e-05 -0.000342897 -0.00774711 -0.00415704 -0.000243763 0.00324332 0.0108278 -0.0013369 -0.00330485 -0.000399721 -0.00316215 -0.0045059 -0.000216117 -0.00875371 0.00598756 -0.000139005 -0.00224099 0.000144839 -0.0032786 -0.00298621 -0.00365886 -0.00441316 0.000768156 -0.00577188 -0.00148167 0.00522843 -0.00823334 -0.00929217
internal_weight=303117 1033 302084 170012 2236 1722 167776 7174 2696 4478 3969 160602 9999 8723 150603 1338 1276 149265 17750 131515 8881 16449 15104 13733 2854 10879 3972 1960 6907 6404
internal_count=303117 1033 302084 170012 2236 1722 167776 7174 2696 4478 3969 160602 9999 8723 150603 1338 1276 149265 17750 131515 8881 16449 15104 13733 2854 10879 3972 1960 6907 6404
is_linear=0
shrinkage=0.05


Tree=269
num_leaves=31
num_cat=0
split_feature=41 64 40 58 55 30 42 15 65 30 46 54 36 8 54 19 32 54 66 68 60 30 55 38 18 54 19 20 65 65
split_gain=16.4026 33.5633 15.3316 45.2174 29.095 43.5778 26.6118 29.8283 28.7417 24.8903 35.208 32.2784 29.982 24.1502 22.3221 49.6732 27.0146 58.3336 28.263 31.3045 29.2367 39.082 33.0757 25.6327 21.2952 45.9062 22.0934 20.7236 19.9439 28.9076
threshold=0.0075270228553563365 -0.023042321205139157 0.014739004429429771 0.63578835129737865 1.0000000180025095e-35 0.11727833747863771 0.020179820246994499 -0.16760034114122388 -0.26557737588882441 0.45626981556415563 19.500000000000004 5.0371797084808358 13.158731460571291 -0.22458925843238828 1.7413425445556643 -0.09881796687841414 -0.13120050728321073 6.7045857906341562 -0.33412660658359522 -0.092149257659912095 -0.093547865748405443 0.12875901162624362 1.0000000180025095e-35 0.058076696470379836 -0.065279297530651079 7.1688802242279062 -0.16229177266359326 -0.057788860052824013 -0.24285489320755002 -0.14159879088401792
decision_type=8 10 8 2 2 8 8 10 10 10 10 2 2 10 2 10 8 2 10 10 10 10 2 10 10 2 10 10 8 10
left_child=1 -1 3 9 5 -5 7 13 -9 10 14 -11 -12 -4 15 -2 18 -18 20 -20 24 22 -22 -21 26 -26 -16 -28 -14 -30
right_child=2 -3 6 4 -6 -7 -8 8 -10 11 12 -13 28 -15 16 -17 17 -19 19 23 21 -23 -24 -25 25 -27 27 -29 29 -31
leaf_value=-1.5014005652918586e-05 0.00032317118328060903 0.00043667388439550615 0.00052569142374535641 -0.00096833825143398259 -0.00091835807592878797 0.001056003284725279 4.8290040403051014e-06 -0.00053333015476547706 0.00016438789460182488 -3.7619030669907024e-05 -0.00047878061902545312 -0.00047194177975694724 -1.2305294151437408e-05 0.0013721547917859333 0.00064836553993305847 -0.0018532532239467479 0.00020310516355823429 -0.00045706838556936591 0.00083546384606494786 0.00039372246726907223 -0.00020498746485232128 0.00017012111301186475 -0.00083417930245727624 3.866887532747755e-06 0.00042145039260062397 -0.00024766037303481942 8.282685683887391e-05 -0.00048089863044460175 0.00058654375366405664 0.00022011056630001567
leaf_weight=1366 641 818 1073 627 928 511 263112 948 7596 1000 704 786 1082 774 631 503 875 1462 693 963 921 716 829 6183 1250 566 842 1350 737 2289
leaf_count=1366 641 818 1073 627 928 511 263112 948 7596 1000 704 786 1082 774 631 503 875 1462 693 963 921 716 829 6183 1250 566 842 1350 737 2289
internal_value=6.80348e-05 0.00437557 3.65932e-05 -0.00109783 -0.00818882 -0.00278746 0.000148987 0.00262955 0.00137947 -0.000509328 -7.09769e-05 -0.0061804 0.00373289 0.00837372 -0.00106591 -0.00779896 -0.000615927 -0.0056029 0.000167179 0.00223595 -0.00211525 -0.00650242 -0.0105114 0.00124371 0.000225855 0.00443593 -0.00248853 -0.00485922 0.00536668 0.00744401
internal_weight=302776 2184 300592 27089 2066 1138 273503 10391 8544 25023 23237 1786 4812 1847 18425 1144 17281 2337 14944 7839 7105 2466 1750 7146 4639 1816 2823 2192 4108 3026
internal_count=302776 2184 300592 27089 2066 1138 273503 10391 8544 25023 23237 1786 4812 1847 18425 1144 17281 2337 14944 7839 7105 2466 1750 7146 4639 1816 2823 2192 4108 3026
is_linear=0
shrinkage=0.05


Tree=270
num_leaves=31
num_cat=0
split_feature=21 65 7 43 28 75 74 60 7 8 65 11 54 7 38 11 67 72 41 58 72 27 54 32 11 72 69 69 32 15
split_gain=17.3164 40.3069 33.6541 29.7486 28.9905 23.3354 23.505 22.1855 21.7972 20.6205 19.8098 42.7404 54.6086 45.6862 42.655 42.4332 53.2027 83.1028 81.8653 67.3169 90.0578 62.8003 62.1686 60.6006 57.4414 54.0486 52.809 62.8723 44.5868 34.8267
threshold=1.0000000180025095e-35 -0.22363534569740293 -0.086756478995084749 0.49620619416236883 0.50000455975532543 0.29525415599346166 0.10173645243048669 -0.1715523228049278 -0.075197149068117128 0.032515401020646102 0.0085728168487548845 0.73682451248168956 4.4485747814178476 0.21004976332187655 0.37049098312854772 -0.081358119845390306 0.30528783798217779 0.81690716743469249 0.011619533877819778 0.64666709303855907 0.54019099473953258 0.10742321610450746 2.9452280998229985 -0.34319731593132013 -0.32014685869216913 0.23536012321710589 0.025897045619785789 0.014692833181470634 -0.63152170181274403 0.018398818559944633
decision_type=10 8 10 8 10 10 8 10 10 10 8 10 2 10 10 8 10 10 10 2 10 10 2 10 10 10 10 10 10 10
left_child=1 2 -1 4 5 -3 -7 -4 -5 -6 11 13 14 -2 -13 16 19 18 -18 22 -21 29 23 24 -12 26 27 -24 -23 -20
right_child=10 3 7 8 9 6 -8 -9 -10 -11 15 12 -14 -15 -16 -17 17 -19 21 20 -22 28 25 -25 -26 -27 -28 -29 -30 -31
leaf_value=-0.00016854238853325522 8.0822576177757259e-05 -0.00034917518320488829 -0.0012654442409621896 2.5087677114281371e-05 -0.00024680278904855996 -0.0010363777455837213 0.00036756152351516348 -0.00040038251659365762 0.00042277918138875007 -0.0016242212754726656 -0.0018095698121876965 -0.002864700488182258 0.00031610548072259136 -0.00026800834546117364 -0.00087829352058871606 1.8110687954616886e-05 0.00047777106800833544 0.0041434476133814088 -0.00024324426249726155 -0.00066365720431150934 -0.0047407542132248976 0.0023545182091652159 -0.00023236786864592909 -0.0028187893470880904 0.00055927171604303429 -0.00020230332646732909 -0.00045028411030504853 0.0006018033490210802 6.4123656078281162e-05 -0.001331751265586176
leaf_weight=7490 102600 2250 811 7824 587 1132 3702 2499 4105 814 935 797 3216 9608 3035 123862 671 804 4949 1418 637 611 982 662 917 7479 1027 2401 4457 505
leaf_count=7490 102600 2250 811 7824 587 1132 3702 2499 4105 814 935 797 3216 9608 3035 123862 671 804 4949 1418 637 611 982 662 917 7479 1027 2401 4457 505
internal_value=3.79792e-06 -0.00111132 -0.00358002 0.000195848 -0.00206592 -0.000761207 0.00119736 -0.00777108 0.00180501 -0.00861091 0.000132004 0.000614593 -0.00315954 0.000851913 -0.00718376 -0.000245853 -0.00198665 0.000545515 -0.000575739 -0.00383167 -0.012276 -0.0016616 -0.00261916 -0.00974643 -0.00504834 -0.00110513 0.00328054 0.00629237 0.00234344 -0.00538067
internal_weight=302787 31214 10800 20414 8485 7084 4834 3310 11929 1401 271573 119256 7048 112208 3832 152317 28455 11997 11193 16458 2055 10522 14403 2514 1852 11889 4410 3383 5068 5454
internal_count=302787 31214 10800 20414 8485 7084 4834 3310 11929 1401 271573 119256 7048 112208 3832 152317 28455 11997 11193 16458 2055 10522 14403 2514 1852 11889 4410 3383 5068 5454
is_linear=0
shrinkage=0.05


Tree=271
num_leaves=31
num_cat=0
split_feature=52 53 14 66 19 65 71 2 60 64 25 42 23 58 11 9 60 19 69 36 42 29 71 48 43 65 2 6 29 7
split_gain=9.948 25.0862 24.4113 23.2781 39.4202 38.222 39.9345 34.5997 32.3963 31.6816 31.0702 29.4822 28.8416 42.007 24.9026 24.7819 23.2064 41.8585 22.7206 20.9182 40.114 30.5033 29.3056 21.0286 24.891 20.93 20.5615 21.8294 20.1451 19.7119
threshold=9.5000000000000018 0.13392857462167743 -0.041940502822399132 -0.21078661084175107 0.038614708930253989 -0.13668876886367795 -0.14449764043092725 -0.016746141016483303 0.044788839295506484 -0.14398634433746335 0.13372337818145755 0.082733180373907103 -0.30555088818073267 0.49541285634040838 -0.32724596560001368 -0.15199454128742215 0.056727599352598197 -0.26819807291030878 0.018263741396367553 19.448557853698734 0.050740363076329238 -0.59544739127159108 -0.3230594396591186 0.018942285329103473 1.1042087078094485 -0.23151525855064389 0.14583777636289599 0.006156349554657937 -0.32663790881633753 -0.30209454894065851
decision_type=8 10 8 10 10 10 10 8 10 10 10 10 8 2 8 8 10 10 10 2 10 8 10 2 10 10 10 10 10 8
left_child=-1 3 28 4 16 6 18 8 14 -7 12 -11 -10 -14 -5 -9 19 -18 -6 20 23 -22 29 24 -2 -23 27 -17 -3 -21
right_child=1 2 -4 7 5 9 -8 15 10 11 -12 -13 13 -15 -16 26 17 -19 -20 22 21 25 -24 -25 -26 -27 -28 -29 -30 -31
leaf_value=-1.2605735917401796e-05 -0.00028718324741297335 -0.00080786119873889383 -0.0012039899361098298 -0.0003399781464673381 0.00091992432325292803 0.0013248528313878967 -0.0013542581762519522 0.00039480514717397936 0.00062549515777020901 0.00027471668518824072 0.00045390364453937599 -0.00099097081580282252 -0.0012584444332175897 -3.5411877509990314e-05 0.00063053439214200537 -0.0001306306651056093 0.002443505054687252 0.00018063227967294248 -0.00084636016137416424 0.00015752230773792772 -7.762454495616502e-05 -0.00077170998642937978 0.00010741457530322368 0.00022652501934666819 0.00049314688077705738 -0.0017669892512692774 -0.001242234211961177 0.00079857079392743396 0.00030169911752701985 -0.0014565271771012633
leaf_weight=213784 5535 964 625 792 562 861 2707 2132 788 1227 2477 1012 774 1286 7910 6906 742 2347 809 694 1519 1390 32782 7965 614 579 746 1136 752 926
leaf_count=213784 5535 964 625 792 562 861 2707 2132 788 1227 2477 1012 774 1286 7910 6906 742 2347 809 694 1519 1390 32782 7965 614 579 746 1136 752 926
internal_value=3.93931e-05 0.000481751 -0.00461506 0.000619067 0.000101957 -0.00338063 -0.00655577 0.00190928 0.00355133 0.000803859 0.000477976 -0.00233437 -0.00307908 -0.00618357 0.00542929 -0.000201281 0.000556231 0.0047596 0.000398262 0.000305687 -0.00109584 -0.00588908 0.0010229 9.20419e-05 -0.00210261 -0.00997979 -0.00137531 -0.000633383 -0.00150637 -0.00552147
internal_weight=303343 89559 2341 87218 62271 7178 4078 24947 14027 3100 5325 2239 2848 2060 8702 10920 55093 3089 1371 52004 17602 3488 34402 14114 6149 1969 8788 8042 1716 1620
internal_count=303343 89559 2341 87218 62271 7178 4078 24947 14027 3100 5325 2239 2848 2060 8702 10920 55093 3089 1371 52004 17602 3488 34402 14114 6149 1969 8788 8042 1716 1620
is_linear=0
shrinkage=0.05


Tree=272
num_leaves=31
num_cat=0
split_feature=18 31 17 66 11 17 33 42 60 45 54 65 54 26 39 63 59 17 75 71 75 65 66 11 75 59 53 63 7 42
split_gain=16.8917 41.1084 42.8373 40.3083 51.637 50.4565 78.6865 49.0619 41.0014 35.3465 33.8661 67.0244 49.9153 60.4157 57.6158 46.0696 42.0174 32.8829 42.3428 32.5388 45.7938 31.2817 53.1829 40.9606 39.9276 34.4929 49.8918 39.7607 31.982 42.3507
threshold=0.054377969354391105 0.51321518421173107 0.1885718107223511 -0.17785076051950452 -0.30658680200576777 0.019690577872097496 2.6806068420410161 0.031598102301359184 0.033707875758409507 25.500000000000004 6.9221806526184091 0.218731164932251 7.9848816394805917 -0.13322606682777402 0.01324372459203005 0.12725162506103518 -0.13058484345674512 0.23642039299011233 0.8396815061569215 -0.090098526328802095 0.43211852014064794 -0.30392172932624811 -0.24460959434509275 -0.38683588802814478 0.97311946749687206 0.070558801293373122 0.074175827205181136 0.13711714744567874 0.17419975996017459 0.037523843348026283
decision_type=8 10 10 10 10 10 10 10 10 10 2 8 2 10 10 10 8 8 10 10 8 8 8 8 10 10 10 8 8 8
left_child=1 2 -1 4 5 7 -7 -3 -9 -6 21 15 13 -13 -14 17 -16 18 -12 -5 -21 -2 24 -24 -23 -25 27 -27 -29 -30
right_child=10 3 -4 19 9 6 -8 8 -10 -11 11 12 14 -15 16 -17 -18 -19 -20 20 -22 22 23 25 -26 26 -28 28 29 -31
leaf_value=-3.3580395889609359e-06 0.0018787605825414282 -0.00025384474033060864 -0.0015774515397217897 0.00026555123696794005 0.00044119055465356526 -0.00081774440380638169 0.0025535535432525238 0.00026125542812292102 0.0012846234558091954 -7.0007222279339436e-06 -0.00039259098741190117 8.0544430598127921e-05 -0.00092643039788839097 -0.0011616372490670839 -0.00055710354493607801 -0.0025200367910031551 0.0011002446081828266 0.00018680154858530392 -0.0026548543341716824 -0.00044660348261824724 0.0004807285178716177 -0.0003578370212334807 0.0021499068393988287 0.00010460479222204789 -0.0018751657261386057 -0.0011522023064851779 0.001404760823518371 -0.0014166540603151475 0.0014684572682221349 -0.00037665805815849038
leaf_weight=176675 983 1033 779 2510 7267 3075 546 2429 1130 1883 4433 2778 938 1374 549 647 2887 1344 711 5083 2947 9661 595 54810 1237 2092 1379 530 824 9894
leaf_count=176675 983 1033 779 2510 7267 3075 546 2429 1130 1883 4433 2778 938 1374 549 647 2887 1344 711 5083 2947 9661 595 54810 1237 2092 1379 530 824 9894
internal_value=-7.60643e-05 0.000181383 -9.9175e-05 0.00196503 0.003445 0.000565487 -0.00384192 0.00404172 0.00682264 0.0060262 -0.000617347 -0.00274711 0.000246017 -0.00367612 0.00396898 -0.0063191 0.0069646 -0.00503232 -0.00684905 -0.000473934 -0.00202736 -0.000210327 -0.000318393 0.000186785 -0.00356619 7.40592e-05 -0.00207414 -0.00301124 -0.00182981 -0.00123043
internal_weight=303023 205357 177454 27903 17363 8213 3621 4592 3559 9150 97666 15661 8526 4152 4374 7135 3436 6488 5144 10540 8030 82005 81022 70124 10898 69529 14719 13340 11248 10718
internal_count=303023 205357 177454 27903 17363 8213 3621 4592 3559 9150 97666 15661 8526 4152 4374 7135 3436 6488 5144 10540 8030 82005 81022 70124 10898 69529 14719 13340 11248 10718
is_linear=0
shrinkage=0.05


Tree=273
num_leaves=31
num_cat=0
split_feature=73 26 6 68 15 13 66 43 33 69 10 13 42 74 42 68 30 43 14 2 43 74 4 55 19 61 46 31 42 66
split_gain=14.1752 14.6064 40.2469 32.089 27.1484 46.6746 35.7896 35.4627 33.224 34.5829 28.8811 35.0707 20.9963 18.7715 18.2956 17.6431 17.5249 48.5854 19.7993 16.4939 27.4937 16.5992 18.067 17.0618 15.5688 17.9222 15.0533 50.441 56.555 50.2654
threshold=0.0042283304501324901 -0.46713942289352411 -0.30380831658840174 -0.1531461030244827 -0.14918038249015805 -0.08458672463893889 -0.055798090994358056 0.16966812312603 1.2728945612907412 0.014052977785468103 1.4760699272155764 -0.12864663451910016 0.24597785621881488 0.0086686788126826304 0.28305126726627355 -0.031318379566073411 1.5870325565338137 0.60959294438362133 -0.2867718636989593 -0.0037746991729363795 1.7362655401229861 0.58477607369422924 -0.54566097259521473 1.0000000180025095e-35 -0.029893517494201657 -0.024807393550872799 14.500000000000002 0.18674353510141375 0.027072754688560966 -0.3719168752431869
decision_type=8 8 8 10 10 10 10 10 8 10 10 10 10 8 10 10 8 8 10 10 8 10 10 2 10 10 8 8 10 8
left_child=-1 4 3 -3 5 19 7 -6 9 -9 11 -10 -13 -4 26 -11 18 -18 -7 21 -21 22 -2 -24 25 -20 -15 28 -28 -29
right_child=1 2 13 -5 6 16 -8 8 10 15 -12 12 -14 14 -16 -17 17 -19 24 20 -22 -23 23 -25 -26 -27 27 29 -30 -31
leaf_value=-0.00092637898732727479 -0.00089296095602485123 -0.00197977412729711 -0.0011079106467696159 -0.00030163438107080756 0.0030054597267948052 0.00051285271782055555 -0.0013691887677452818 0.0013569350240694369 -0.00041750984570787991 -0.00010920550937955805 -0.00015671736335608132 0.0038227799955115466 0.0015143088360487014 2.0485460411714008e-05 -0.0013412172208906185 -0.0014841295753266371 -0.0020261190939814783 0.0004904371641643332 -0.001027849929182029 -0.00081123988277985871 0.0012353366056873588 -0.00086038235446121356 0.0004426599258316193 0.0011209876848097293 0.00056035858937966872 -0.00028204870620727904 0.00018941520588771599 0.00025508515455102725 -0.0005964357599099572 -4.5802626004854548e-05
leaf_weight=1188 866 934 868 2062 512 1107 802 732 542 652 874 1399 590 141898 583 565 740 592 738 1715 631 666 8331 857 626 2996 2855 9478 8266 107954
leaf_count=1188 866 934 868 2062 512 1107 802 732 542 652 874 1399 590 141898 583 565 740 592 738 1715 631 666 8331 857 626 2996 2855 9478 8266 107954
internal_value=-8.11224e-05 -5.95473e-05 -0.000167692 -0.00592149 0.00106054 0.000133333 0.00381851 0.00517359 0.00395227 -0.00125064 0.00692533 0.0096222 0.0126813 -0.000104078 -8.04297e-05 -0.00639772 -0.00322367 -0.00834575 -0.00196275 0.00188131 -0.00191002 0.00271202 0.0032194 0.00387041 -0.00347826 -0.00470085 -6.11918e-05 -0.000453085 -0.00366993 -0.000148158
internal_weight=302619 301431 274898 2996 26533 19865 6668 5866 5354 1949 3405 2531 1989 271902 271034 1217 6799 1332 5467 13066 2346 10720 10054 9188 4360 3734 270451 128553 11121 117432
internal_count=302619 301431 274898 2996 26533 19865 6668 5866 5354 1949 3405 2531 1989 271902 271034 1217 6799 1332 5467 13066 2346 10720 10054 9188 4360 3734 270451 128553 11121 117432
is_linear=0
shrinkage=0.05


Tree=274
num_leaves=31
num_cat=0
split_feature=71 54 69 19 66 18 38 6 42 11 9 54 16 63 63 54 69 65 49 54 7 11 67 54 26 26 66 66 67 41
split_gain=12.287 37.0386 43.6926 34.3499 52.6235 24.0726 20.3984 19.1008 24.9705 18.36 16.7407 16.5603 16.2186 14.8302 14.0813 76.8674 73.9898 99.5189 57.2661 56.3055 92.464 63.958 43.7809 42.9606 49.837 42.2536 41.1466 40.8929 52.0439 50.7708
threshold=-0.3230594396591186 8.0672273635864276 0.022214193828403953 -0.041742635890841477 -0.14671704173088071 0.031654490157961852 0.24500151723623279 -0.27505220472812647 0.12289978563785554 -0.5945279300212859 -0.29996331036090845 3.6507880687713627 -0.5506276786327361 -0.029967874288558956 0.053327739238739021 2.0636930465698247 0.020909396000206474 0.15390419960021975 0.0017370093264617028 2.2990788221359257 0.027875379659235481 -0.23404136300086972 0.16758607327938083 1.8847940564155581 -0.028483877889811989 -0.46713942289352411 -0.015547016635537146 -0.1491131708025932 0.005656945053488017 0.031343203037977226
decision_type=8 2 8 10 10 10 10 10 10 10 10 2 8 10 8 2 10 10 2 2 10 8 10 2 10 10 10 10 10 10
left_child=1 3 -3 4 7 10 -6 8 -1 -9 -5 -11 -2 -12 19 16 17 -16 -17 20 27 22 -22 24 -23 -25 -18 28 -14 -29
right_child=12 2 -4 5 6 -7 -8 9 -10 11 13 -13 14 -15 15 18 26 -19 -20 -21 21 23 -24 25 -26 -27 -28 29 -30 -31
leaf_value=0.0015393833711784804 0.0012806573452772082 -0.00020595226881141434 0.00083240837625582075 -0.00046042571757431516 -0.0019330823422433184 -0.00057498312176900194 -0.0012380723683002943 -0.00025985152407523798 -0.00036962347572840651 -0.00074855754167113856 -3.544976213058813e-05 -0.0015566269757208131 -0.00064587216562877461 0.00069988450724969603 0.0013094873313569608 0.0002024141215333018 0.0001503904530482228 0.013581762161469807 -0.00013640641510673341 1.2026460564879687e-05 -0.00034925041144481036 -0.0010203150994812337 0.0019963062676074824 0.00054163897308126356 0.0011328089437093111 -0.0017868833541893265 -0.0013247486723498522 -0.0016524243355087683 0.00024578137575696459 -0.00013741315587055582
leaf_weight=552 891 845 965 636 511 569 745 2114 1264 666 522 502 3570 1110 5348 24919 2721 716 36313 185610 1435 5002 825 516 810 3009 559 1225 15816 2409
leaf_count=552 891 845 965 636 511 569 745 2114 1264 666 522 502 3570 1110 5348 24919 2721 716 36313 185610 1435 5002 825 516 810 3009 559 1225 15816 2409
internal_value=-4.50934e-05 -0.00168468 0.00483516 -0.0029725 -0.00501257 0.00159817 -0.014139 -0.0027408 0.00136911 -0.00501215 0.00390694 -0.010017 1.67978e-05 0.00657734 -3.95443e-06 0.000610603 0.00483216 0.0081001 -3.42902e-05 -0.00020092 -0.00205187 -0.00569053 0.00185022 -0.00751578 -0.00486087 -0.011867 -0.00121581 -0.000217108 0.00069602 -0.00507684
internal_weight=302695 11001 1810 9191 6354 2837 1256 5098 1816 3282 2268 1168 291694 1632 290803 70576 9344 6064 61232 220227 34617 11597 2260 9337 5812 3525 3280 23020 19386 3634
internal_count=302695 11001 1810 9191 6354 2837 1256 5098 1816 3282 2268 1168 291694 1632 290803 70576 9344 6064 61232 220227 34617 11597 2260 9337 5812 3525 3280 23020 19386 3634
is_linear=0
shrinkage=0.05


Tree=275
num_leaves=31
num_cat=0
split_feature=40 33 54 67 30 16 30 41 69 18 66 55 67 64 54 66 66 69 33 54 29 67 64 58 55 67 55 66 54 19
split_gain=11.3199 52.6495 54.0393 74.6524 52.8461 43.4507 42.8939 53.1815 47.3841 48.8082 42.56 66.4721 98.6241 68.4652 59.2263 51.8707 50.9087 73.9187 65.1711 113.606 75.6896 59.9258 58.3983 111.111 69.5643 65.0323 64.2533 144.003 63.5658 60.2907
threshold=0.029473884031176571 0.46667927503585821 3.3136403560638432 0.16948374360799792 1.2064153552055361 0.17493014037609103 1.0104045867919924 0.011619533877819778 0.014692833181470634 -0.14920409023761746 -0.14356330037117002 1.5000000000000002 0.1040196754038334 -0.015083312988281248 10.452331066131594 -0.31621098518371576 -0.33285777270793909 0.012069122400134804 0.13323654234409335 6.2238552570343026 -0.26509290933609003 0.15791502594947818 -0.11479783058166503 0.091158058494329466 1.0000000180025095e-35 0.16151469945907596 1.0000000180025095e-35 -0.26653704047203058 6.1518812179565439 -0.22529061138629911
decision_type=8 10 2 10 10 10 10 10 10 10 10 2 10 10 2 10 8 10 10 2 10 10 10 2 2 10 2 8 2 8
left_child=1 10 3 -3 5 -5 7 -4 9 -9 11 14 -13 15 16 -14 17 -1 20 -20 -19 -21 23 24 -18 -24 28 -28 -25 -27
right_child=-2 2 6 4 -6 -7 -8 8 -10 -11 -12 12 13 -15 -16 -17 22 18 19 21 -22 -23 25 26 -26 29 27 -29 -30 -31
leaf_value=0.00025112154387629582 1.9351154320222601e-05 -0.0010673306442269819 0.00018470443173052091 0.0011698795704612563 -0.00097214365244721937 -0.00065260374443979223 6.8195048044314424e-05 0.00038382340620994138 -9.6294121416528643e-05 -0.00068614431721327807 -0.00012747118694147777 2.9930506044823121e-05 0.0017239631039636047 2.7860481197461778e-05 0.00056494897848018046 0.00050673609926310678 0.00010620243937452526 -0.00011123538505620197 -0.00040884361431772905 0.00017958274275642005 -0.00041095194544829653 0.00079161417640850732 0.00057719175414808926 -0.00037907892512215188 0.0016791870383817535 -0.0012305826858474834 4.0019100733460111e-05 -0.0014980729522193405 0.0004376080784132694 0.00027173742342905715
leaf_weight=4814 210367 1507 945 3248 750 511 2608 584 2834 6915 19193 2469 710 523 808 501 1642 8849 3817 3232 6824 706 2819 3143 933 863 1164 1022 1690 6726
leaf_count=4814 210367 1507 945 3248 750 511 2608 584 2834 6915 19193 2469 710 523 808 501 1642 8849 3817 3232 6824 706 2819 3143 933 863 1164 1022 1690 6726
internal_value=-2.36186e-05 -0.000485058 -0.00276215 0.00119482 0.00441469 0.00683205 -0.00447611 -0.00581148 -0.00685004 -0.00892928 0.000140771 0.0008683 0.00689532 0.0159977 0.000350577 0.0224816 0.000124342 -0.00124239 -0.00240208 0.00134578 -0.0042562 0.00729483 0.00205377 -0.0007601 0.00810445 0.00464581 -0.00401906 -0.0111111 -0.000794962 0.00223056
internal_weight=302717 92350 19902 6016 4509 3759 13886 11278 10333 7499 72448 53255 4203 1734 49052 1211 48244 28242 23428 7755 15673 3938 20002 9594 2575 10408 7019 2186 4833 7589
internal_count=302717 92350 19902 6016 4509 3759 13886 11278 10333 7499 72448 53255 4203 1734 49052 1211 48244 28242 23428 7755 15673 3938 20002 9594 2575 10408 7019 2186 4833 7589
is_linear=0
shrinkage=0.05


Tree=276
num_leaves=31
num_cat=0
split_feature=32 63 17 54 42 59 62 59 22 65 65 26 5 28 73 46 59 14 54 75 65 59 11 54 68 65 42 41 75 54
split_gain=18.8728 26.2874 29.0045 23.4462 17.6154 37.7852 34.0291 39.2459 27.5921 27.5807 42.3369 30.2129 21.6063 27.4797 20.2888 17.4713 17.2875 16.7125 16.6808 42.6033 34.5819 30.8479 16.6792 81.6667 89.9474 77.535 64.7993 55.4607 53.8012 45.6178
threshold=-0.037120977416634553 -0.070312350988388048 0.20266780257225039 6.801394224166871 0.14878711849451068 -0.27293194830417628 -0.039141654968261712 -0.024745464324951168 0.81820854544639599 0.10496115684509279 0.23642432689666751 -0.74592787027358998 -0.13973389565944669 0.45388405025005346 0.96482115983963024 20.500000000000004 -1.0000000180025095e-35 0.11945200338959695 0.84371772408485424 0.92802298069000255 -0.22363534569740293 -0.00038818137545604253 -0.44733951985836024 3.8265740871429448 -0.11946228146553038 -0.20184394717216489 0.096608843654394164 0.08535493910312654 0.95150342583656322 5.9854464530944833
decision_type=10 10 10 2 10 8 10 10 10 10 10 8 8 8 8 10 10 10 2 8 10 10 8 2 10 10 10 10 10 2
left_child=4 -2 3 -3 5 -1 14 -8 9 11 -11 -9 -13 17 -6 -15 -4 -14 19 20 -7 -22 23 27 26 29 -25 -20 -29 -26
right_child=1 2 16 -5 6 18 7 8 -10 10 -12 12 13 15 -16 -17 -18 -19 22 -21 21 -23 -24 24 25 -27 -28 28 -30 -31
leaf_value=-0.0021113924321686062 0.00070056588726451522 -0.00054694162995348413 -0.001347931120582216 -0.0010624539487157918 6.6873577918244789e-05 -0.00095880045639498354 -0.0016944390978902658 0.00092273594219682842 0.00060330870029616827 0.0049801119008669745 -0.0010053287466867122 -0.0013086704492951701 -0.00035072441188820362 -0.00071334334523261785 0.0028722905029844046 -0.002621760198218926 0.0011512527213229614 0.0012097922689722632 6.7338198309096356e-05 0.0060294151929592811 0.0019376330002773099 -0.00042670931370162733 2.1935983072328199e-05 -1.7282254584294331e-05 -0.00055404547181105309 -7.527566998197997e-05 0.005567190549680261 0.0045933443121798879 6.2538997844819458e-05 -0.0011687575012869246
leaf_weight=896 550 3012 605 727 11742 935 1927 820 1795 711 854 1661 2689 1941 541 520 1018 739 8905 585 793 591 245565 977 3308 4367 501 738 623 2308
leaf_count=896 550 3012 605 727 11742 935 1927 820 1795 711 854 1661 2689 1941 541 520 1018 739 8905 585 793 591 245565 977 3308 4367 501 738 623 2308
internal_value=-2.50863e-05 -0.00281999 -0.00389054 -0.00630835 3.06354e-05 0.000149759 -0.00121387 -0.00293042 -0.00183986 -0.00287079 0.00320635 -0.00400955 -0.005 -0.0035684 0.000695518 -0.00758802 0.00168402 -0.000668994 0.000183934 0.00394647 0.000880206 0.00588235 0.00014291 -0.00118462 -0.00408421 -0.00578905 0.00739247 0.00205333 0.011415 -0.00966939
internal_weight=302944 5912 5362 3739 297032 271092 25940 13657 11730 9935 1565 8370 7550 5889 12283 2461 1623 3428 270196 2904 2319 1384 267292 21727 11461 9983 1478 10266 1361 5616
internal_count=302944 5912 5362 3739 297032 271092 25940 13657 11730 9935 1565 8370 7550 5889 12283 2461 1623 3428 270196 2904 2319 1384 267292 21727 11461 9983 1478 10266 1361 5616
is_linear=0
shrinkage=0.05


Tree=277
num_leaves=31
num_cat=0
split_feature=12 68 54 60 39 33 67 65 11 65 60 54 52 30 54 26 59 39 7 33 74 55 74 33 54 65 69 54 65 67
split_gain=12.5269 31.7769 38.8898 28.3868 21.3641 24.4137 28.6821 24.7563 35.2261 32.0737 22.0172 22.4813 21.0412 20.3866 20.4853 19.8805 27.9104 20.7008 21.8472 19.8028 18.6724 18.6168 19.3829 17.1705 42.8901 132.782 62.0429 82.281 58.624 118.049
threshold=0.076067265123128905 -0.13039786368608472 5.6054160594940194 -0.22510203719139096 0.1627532243728638 0.41529585421085363 0.2304678559303284 -0.24325805902481076 -0.1840727627277374 -0.11247143149375914 -0.025919166393578049 4.7344865798950204 6.5000000000000009 1.7613869309425356 3.1430740356445317 -0.080415047705173479 0.14499802887439731 0.055449755862355239 0.56673294305801403 3.2147355079650883 0.47290024161338812 1.0000000180025095e-35 0.37254729866981512 0.13323654234409335 5.9586830139160165 0.12408077716827394 0.01628866791725159 1.913239121437073 -0.27306127548217768 0.097747150808572783
decision_type=10 8 2 8 8 8 10 8 10 8 8 2 10 10 2 10 10 10 10 10 10 2 10 10 2 10 8 2 8 10
left_child=23 2 -2 12 5 -5 7 8 -7 -9 11 -11 -3 -6 -15 16 17 -8 -19 21 -18 22 -17 24 25 26 -1 -28 29 -26
right_child=1 3 -4 4 13 6 15 9 -10 10 -12 -13 -14 14 -16 19 20 18 -20 -21 -22 -23 -24 -25 28 -27 27 -29 -30 -31
leaf_value=-0.00028485288610967689 0.00010653744800346432 -0.00039356569380872723 0.0038327524563470036 -0.00039430050986848531 -0.0015920954099108071 0.0036084187827837679 0.00016780363466781627 -0.00094422678355616661 0.00021582153277862096 7.2315919604093451e-05 0.00018846636785283498 0.0017540333861245424 -0.0021631632967009594 -0.0022333802994077361 0.0010842754122040153 0.0010922602850520142 -0.0004543462307087968 -0.0013315139876242778 -0.0003727599967153961 0.0011397635815565503 0.00057140469266577388 0.00046567217463674011 -0.00037648106175956281 3.8401689637308435e-05 0.00010959439528270537 -0.00089520523013425957 0.00078040146676831639 -7.1356656684039678e-05 9.4118248873324017e-05 -0.00086885583270928941
leaf_weight=17206 927 652 508 3885 1943 588 713 1093 1161 640 8160 749 817 639 1059 530 1278 2633 1167 1210 1082 755 4403 165867 3407 3211 7553 31285 36413 1764
leaf_count=17206 927 652 508 3885 1943 588 713 1093 1161 640 8160 749 817 639 1059 530 1278 2633 1167 1210 1082 755 4403 165867 3407 3211 7553 31285 36413 1764
internal_value=1.31879e-06 -0.000866073 0.00640138 -0.00116444 -0.00086652 -0.000427521 0.000122268 0.00186678 0.00736214 0.000957567 0.00188827 0.00768406 -0.00794456 -0.00447823 -0.000468384 -0.00144765 -0.00334883 -0.00564891 -0.00711286 0.000448755 0.00105485 -0.000789751 -0.00191179 0.000120353 -0.000394154 -0.00125791 -0.000690406 0.00041701 0.000836659 -0.00414013
internal_weight=303298 36592 1435 35157 33688 30047 26162 12391 1749 10642 9549 1389 1469 3641 1698 13771 6873 4513 3800 6898 2360 5688 4933 266706 100839 59255 56044 38838 41584 5171
internal_count=303298 36592 1435 35157 33688 30047 26162 12391 1749 10642 9549 1389 1469 3641 1698 13771 6873 4513 3800 6898 2360 5688 4933 266706 100839 59255 56044 38838 41584 5171
is_linear=0
shrinkage=0.05


Tree=278
num_leaves=31
num_cat=0
split_feature=28 55 69 11 66 64 26 26 45 74 32 32 69 64 66 68 20 32 54 26 11 68 70 11 31 19 66 72 63 67
split_gain=15.1559 33.6403 120.306 121.638 111.307 107.348 67.9067 61.6112 76.4404 67.4056 65.418 59.2322 76.3422 50.7374 48.3557 108.572 52.5095 52.8197 45.7247 69.7882 45.049 40.352 64.6074 39.6281 39.3061 46.7144 68.2291 37.6835 37.2873 36.0456
threshold=0.29858568310737615 1.0000000180025095e-35 0.015350101049989464 0.12158096209168436 -0.35431391000747675 -0.10908392071723937 -0.36270648241043085 -0.28556384146213526 17.500000000000004 0.44096374511718756 -0.61763754487037648 -0.37172065675258631 0.011795486789196731 0.11038184165954591 -0.24460959434509275 -0.075442168861627565 -0.031374918296933167 -0.45538285374641413 7.9477670192718515 -0.16265249252319333 -0.44226892292499537 -0.02477205544710159 -0.071374099701642976 -0.28937794268131251 0.42535991966724401 0.03118825983256102 -0.28286717832088465 0.0901935249567032 -0.048117429018020623 0.25501056015491491
decision_type=10 2 10 10 8 8 10 10 8 10 10 10 10 10 8 10 10 10 2 8 10 10 8 10 10 10 10 10 10 10
left_child=1 13 5 4 6 11 -4 8 -7 10 -9 23 -13 24 16 -16 17 20 19 -15 -6 27 -23 -3 -1 -26 -27 -17 -8 -12
right_child=-2 2 3 -5 14 7 28 9 -10 -11 29 12 -14 18 15 21 -18 -19 -20 -21 -22 22 -24 -25 25 26 -28 -29 -30 -31
leaf_value=-9.517813923883402e-05 2.3217446834394082e-05 0.0003314918621062133 0.0017585372498408276 -0.0011833678965446027 0.0013619445483183835 0.00033853322163968292 -0.00064145988928251138 -0.00044467445479715631 -0.0014404767699902198 -0.00040043062718990528 8.496182921954973e-05 0.00059720802569702698 -0.00022636302997634702 -0.00048126306648552249 -0.00067609730059561433 0.0010151533800197253 -3.1082327791050018e-05 0.0010613211993613422 0.00028820449311980478 -0.0017061485495002194 -0.00053198263788645022 0.00028349822153480344 0.0010535474246449572 0.0016689876062716436 0.00077710721038386785 -0.0011846805325541271 0.00040700057746560097 -2.76469836698347e-05 8.3989367422397911e-05 0.0006957798739456242
leaf_weight=99138 162989 894 689 919 1391 730 1915 570 2631 1990 617 671 2161 2909 1181 1130 790 2210 709 831 529 1800 2038 561 1887 865 3738 2542 954 784
leaf_count=99138 162989 894 689 919 1391 730 1915 570 2631 1990 617 671 2161 2909 1181 1130 790 2210 709 831 529 1800 2038 561 1887 865 3738 2542 954 784
internal_value=-7.94324e-05 -0.000461426 0.00103174 0.00358051 0.0045317 -0.00293915 -0.0033352 -0.00661484 -0.0115841 -0.00237975 0.00416456 0.00333954 -0.000879662 -0.000864316 0.00658909 0.00433858 0.0105477 0.0128019 -0.00608881 -0.00829333 0.00668394 0.00655585 0.0101351 0.0115017 -0.000643708 0.00312308 0.000401041 0.00279739 -0.00672108 0.00995748
internal_weight=302763 139774 29697 18088 17169 11609 3558 7322 3361 3961 1971 4287 2832 110077 13611 8691 4920 4130 4449 3740 1920 7510 3838 1455 105628 6490 4603 3672 2869 1401
internal_count=302763 139774 29697 18088 17169 11609 3558 7322 3361 3961 1971 4287 2832 110077 13611 8691 4920 4130 4449 3740 1920 7510 3838 1455 105628 6490 4603 3672 2869 1401
is_linear=0
shrinkage=0.05


Tree=279
num_leaves=31
num_cat=0
split_feature=24 54 43 68 74 20 43 74 65 15 42 65 65 19 18 75 65 54 48 63 54 34 69 11 46 42 54 54 18 10
split_gain=12.4799 19.4726 23.8099 20.5743 18.8748 13.9812 13.3534 10.2974 21.7328 26.5373 16.0653 15.8128 12.3634 11.3416 19.6883 24.2838 68.4118 40.7019 20.379 19.9338 35.2822 14.5503 35.7098 63.7739 47.8566 58.9976 52.314 47.5466 56.2243 59.5076
threshold=1.6907936334609988 5.3616676330566415 0.6333833932876588 0.16875468194484713 0.10173645243048669 -0.09426920115947722 0.98572069406509411 0.98342928290367138 -0.32749915122985834 0.076651290059089675 0.050373453646898277 0.053520381450653083 -0.21695894002914426 0.89023306965827953 0.51104256510734569 0.92410179972648632 0.1312094330787659 3.5685462951660161 0.041840480640530593 -0.017425537109374997 4.85919213294983 0.29893708229064947 0.011557383462786676 0.046112209558486945 9.5000000000000018 0.045719508081674583 3.7729907035827641 6.7558269500732431 -0.075970776379108415 -0.24367536604404447
decision_type=10 2 10 8 8 10 10 10 10 10 10 10 10 10 10 10 10 2 2 10 2 8 10 10 10 10 2 2 10 8
left_child=7 3 -3 4 -2 6 -6 13 -9 12 11 -11 -10 14 21 18 17 -17 -16 20 -20 22 23 24 25 -1 -27 -24 -29 -30
right_child=1 2 -4 -5 5 -7 -8 8 9 10 -12 -13 -14 -15 15 16 -18 -19 19 -21 -22 -23 27 -25 -26 26 -28 28 29 -31
leaf_value=0.00010333079917207436 0.00032293354820452845 -0.0007616231503453294 0.0017084712858051309 0.00063239520382563129 -0.0033297830460661047 -0.00062033948631566929 -0.0018912628861561113 -0.00093592464387330101 0.00014963264195773219 -0.00073579139257928632 0.00065496387208902962 0.00035653544354539871 0.00058406213421068531 -0.0010057210790855255 0.0012648086423348401 -0.002438910537910996 0.0048516036649207533 0.0020355449680420821 0.00012690251583695605 0.00050143222034902267 -0.0026438288404929938 -3.6696541630682188e-05 -4.7527605419627612e-05 0.0020209992940861316 0.00038800014625687347 -0.00023033740985136319 -0.0014549365614033066 0.00023147639814224746 -0.00073906627745689917 9.2410235982420485e-06
leaf_weight=5896 513 526 826 602 543 568 747 590 515 612 1569 690 558 921 517 606 947 675 991 1211 526 152290 89651 2328 8411 1629 986 16401 1113 8595
leaf_count=5896 513 526 826 602 543 568 747 590 515 612 1569 690 558 921 517 606 947 675 991 1211 526 152290 89651 2328 8411 1629 986 16401 1113 8595
internal_value=-2.3962e-05 -0.00268743 0.00227606 -0.00494469 -0.00703486 -0.00936831 -0.0122308 1.47533e-05 0.00237676 0.00371775 0.0011975 -0.00289634 0.0103878 -2.17906e-05 -4.26937e-06 0.00296371 0.00697051 -0.000580945 0.000199693 -0.00153397 -0.00533726 -6.09098e-05 0.00031699 0.00231049 0.00124026 -0.00140242 -0.0076381 -1.46843e-05 0.00186263 -0.0011525
internal_weight=302553 4325 1352 2973 2371 1858 1290 298228 4534 3944 2871 1302 1073 293694 292773 5473 2228 1281 3245 2728 1517 287300 135010 19250 16922 8511 2615 115760 26109 9708
internal_count=302553 4325 1352 2973 2371 1858 1290 298228 4534 3944 2871 1302 1073 293694 292773 5473 2228 1281 3245 2728 1517 287300 135010 19250 16922 8511 2615 115760 26109 9708
is_linear=0
shrinkage=0.05


Tree=280
num_leaves=31
num_cat=0
split_feature=22 42 72 63 5 43 42 72 72 42 14 44 63 63 18 29 75 43 75 33 68 34 11 64 60 55 71 33 55 27
split_gain=12.8479 43.7286 26.884 24.3231 33.2174 21.3053 20.2799 19.5723 37.8639 19.3078 19.2329 18.6078 16.5879 15.6402 16.8089 15.5111 19.973 15.4831 15.1145 14.9637 30.5101 23.6925 33.854 52.0589 48.417 50.7604 107.368 75.8209 42.0974 213.533
threshold=1.0000000180025095e-35 0.010030958801507952 0.85552817583084118 -0.17860686779022214 -0.11764335259795188 0.48572249710559851 0.10644300282001497 0.69461575150489818 0.85552817583084118 0.019360440783202652 0.0056607872247695932 -6.4999999999999991 0.042679429054260261 -0.11394205689430235 -0.14532867819070813 -0.44088423252105707 0.40788818895816809 0.96344980597496044 0.99716708064079296 0.1666672229766846 -0.19705563038587567 0.62081030011177074 -0.0053585541900247327 -0.047647595405578606 -0.043686289340257638 1.0000000180025095e-35 -0.10635526105761527 0.0250056516379118 1.5000000000000002 1.2050145268440249
decision_type=8 8 10 8 10 10 10 8 8 10 10 2 10 10 10 8 8 10 10 10 10 10 10 10 10 2 10 10 2 8
left_child=2 7 3 6 9 -4 -1 10 -9 -5 12 -3 -2 14 -11 -15 -17 -6 19 21 -21 22 24 -24 28 27 -27 -26 -13 -30
right_child=1 11 5 4 17 -7 -8 8 -10 13 -12 18 -14 15 -16 16 -18 -19 -20 20 -22 -23 23 -25 25 26 -28 -29 29 -31
leaf_value=-0.0015932456419265996 0.00012488036937600804 0.00022245519417160413 -0.0012520060779644413 0.0014660955027948068 -0.00019257007390523673 -0.00014197990687214688 0.00047513993024314306 0.00090193852195685287 5.8695132634631332e-05 0.0013708250422257977 -0.00031792671464830067 -5.3536868721021846e-05 0.00070201073651962641 -0.00027166482170363284 3.7418922454702643e-05 -0.00019464660700357984 0.00062389076219412812 0.00013631228287096643 -0.0013548533112851897 0.0026400769828454893 4.7910467448602362e-06 -0.00064383969846570259 -7.7391588756798704e-05 0.00045569471438707112 -0.0014287979279498809 0.00030426088758716212 -0.00035910245378980996 -0.00026662611109018534 0.00043753969980917434 -0.0030753036867446609
leaf_weight=1286 1459 6480 1046 751 13345 960 553 622 647 892 582 70864 515 3328 755 1008 2534 2936 787 847 162764 512 2114 2188 1916 3430 2769 9733 4619 852
leaf_count=1286 1459 6480 1046 751 13345 960 553 622 647 892 582 70864 515 3328 755 1008 2534 2936 787 847 162764 512 2114 2188 1916 3430 2769 9733 4619 852
internal_value=-0.000180136 -7.34354e-05 -0.00117331 -0.000762829 -0.000361908 -0.00674603 -0.0063007 0.00522816 0.0102815 0.0020263 0.00268901 -0.000148767 0.00504032 0.00134279 0.00570308 0.000290698 0.00259009 -0.00172181 -0.000213929 -0.000193056 0.000100537 -0.000678235 -0.000621859 0.00371058 -0.000820125 -0.00316385 0.000491222 -0.00510764 -0.000271793 0.00395001
internal_weight=303094 273700 29394 27388 25549 2006 1839 3825 1269 9268 2556 269875 1974 8517 1647 6870 3542 16281 263395 262608 163611 98997 98485 4302 94183 17848 6199 11649 76335 5471
internal_count=303094 273700 29394 27388 25549 2006 1839 3825 1269 9268 2556 269875 1974 8517 1647 6870 3542 16281 263395 262608 163611 98997 98485 4302 94183 17848 6199 11649 76335 5471
is_linear=0
shrinkage=0.05


Tree=281
num_leaves=31
num_cat=0
split_feature=26 38 15 25 24 60 34 24 26 32 23 47 34 34 42 68 59 49 75 58 36 20 41 72 42 32 43 11 41 64
split_gain=13.2078 30.4795 59.1294 27.7561 30.388 25.0057 25.0287 23.0863 22.8765 28.3824 21.4416 20.8054 20.7687 20.6668 19.7469 36.5039 30.2996 42.7041 20.4309 19.5155 24.9747 24.9223 23.1438 19.0505 18.8606 18.9909 18.1789 18.0954 61.231 51.5492
threshold=-0.46086607873439783 0.38295306265354162 -0.10481160506606101 0.69000297784805309 0.089608062058687224 0.085701879113912596 0.1645881533622742 0.78665956854820263 -0.55819559097290028 -0.79578539729118336 -0.50498610734939564 0.042168861255049712 0.26867596805095678 0.20060121268033984 0.19645838439464572 -0.021325911395251747 -0.19344343990087506 0.0046297614462673673 0.33573856949806219 0.18086766451597217 20.00230693817139 -0.13184910267591474 0.079978451132774367 0.041067769750952728 0.092321526259183898 -0.67998000979423512 0.60009488463401806 -0.44733951985836024 0.0870095230638981 -0.23791584372520444
decision_type=8 10 10 10 10 10 10 10 10 10 10 2 8 10 10 10 8 2 10 2 2 10 10 10 10 8 10 8 10 10
left_child=1 2 12 4 8 6 11 -5 9 -3 -11 24 -1 -8 16 -16 17 -2 -19 20 -10 -21 -22 -13 -6 -26 -15 28 29 -18
right_child=14 3 -4 7 5 -7 13 -9 19 10 -12 23 -14 26 15 -17 27 18 -20 21 22 -23 -24 -25 25 -27 -28 -29 -30 -31
leaf_value=-0.00058601217466745673 -0.0023039779720821422 0.00076313803145403188 0.0014399512706173431 0.00032195132184249732 -0.00077162379155005937 0.0020899704555352693 -0.001512087962970159 0.002944015486099804 -0.00043948869510689363 -0.0021654178015579405 -3.052830142047324e-05 -0.0019552535495158808 -0.0015811540115484816 0.00013331160209445592 0.00021434180601342495 -0.0014566764841367715 0.0015799423894080256 -0.00050545173086313756 0.0026723526073675588 0.00072838051480413155 0.0016873526674545157 0.0025078943939784212 -0.00013270026613555337 -0.00017984385829747514 0.0011283181816673926 0.00023458141189254862 -0.0010348353827447491 7.9836694987515253e-06 0.0016205216315738167 -0.00025353983217044155
leaf_weight=1630 1297 1958 837 641 607 1134 609 540 982 534 1578 637 547 1786 1903 2179 772 824 508 1542 943 703 535 1980 1220 6132 1427 247539 1469 18115
leaf_count=1630 1297 1958 837 641 607 1134 609 540 982 534 1578 637 547 1786 1903 2179 772 824 508 1542 943 703 535 1980 1220 6132 1427 247539 1469 18115
internal_value=-1.41859e-05 0.0010101 -0.00373677 0.00157267 0.00120697 -0.000122249 -0.000687118 0.00902603 0.0035572 0.000808824 -0.00320452 0.000566786 -0.00807042 -0.00414927 -0.000120532 -0.00356794 -6.83833e-05 -0.00539977 0.000894188 0.00592789 0.00283401 0.00929047 0.00692204 -0.00329273 0.00183837 0.00254007 -0.0025287 -1.58638e-05 -0.00144849 -0.00221464
internal_weight=303108 28502 3014 25488 24307 15532 14398 1181 8775 4070 2112 10576 2177 3822 274606 4082 270524 2629 1332 4705 2460 2245 1478 2617 7959 7352 3213 267895 20356 18887
internal_count=303108 28502 3014 25488 24307 15532 14398 1181 8775 4070 2112 10576 2177 3822 274606 4082 270524 2629 1332 4705 2460 2245 1478 2617 7959 7352 3213 267895 20356 18887
is_linear=0
shrinkage=0.05


Tree=282
num_leaves=31
num_cat=0
split_feature=7 65 60 69 41 65 67 43 54 37 54 60 20 75 18 34 54 75 15 23 75 52 60 36 62 59 39 49 54 19
split_gain=11.4966 47.1415 49.4043 47.0271 42.925 46.8444 48.9161 43.4895 43.8144 39.0976 38.99 28.4988 27.3043 25.2345 24.553 24.2318 22.4271 19.7032 35.6088 27.3018 22.6263 19.1888 19.0738 18.8604 17.936 37.4867 85.0462 45.184 29.4686 17.5142
threshold=-0.26804022490978235 0.093217849731445326 0.018331309780478481 0.012069122400134804 0.077220730483531966 -0.23058083653450009 0.10717913880944253 1.2591954469680788 2.9180408716201787 0.069514114409685149 2.7571578025817876 -0.21028496325016019 -0.16666527837514875 0.57218283414840709 -0.37884296476840967 0.1645881533622742 3.9779044389724736 0.8317759931087495 -0.50144839286804188 -0.41245838999748224 0.9398336410522462 8.5000000000000018 -0.19045376777648923 20.573448181152347 -0.25229790806770319 -0.19344343990087506 0.063792761415243163 0.00013610385940410199 4.4485747814178476 -0.29318338632583613
decision_type=8 10 8 10 10 10 10 10 2 10 2 10 10 10 10 10 2 10 10 10 10 10 10 2 8 8 10 2 2 8
left_child=1 2 3 16 5 7 10 8 -5 15 -7 -10 -13 -3 -4 17 -1 18 -6 -20 -19 -21 -23 -9 -2 26 -26 -28 -29 -27
right_child=24 13 14 4 9 6 -8 23 11 -11 -12 12 -14 -15 -16 -17 -18 20 19 21 -22 22 -24 -25 25 29 27 28 -30 -31
leaf_value=-0.00031010894772057521 0.0012938319809479863 6.6587288946388075e-05 -0.00013160297165306091 0.00026398481001149824 -0.001501776020812526 0.00089082791712362776 0.0010976168506888039 -0.0011334777367558826 0.0013369730412874847 0.0018861590123702534 -0.00099616830236811055 0.0037035631252083433 0.0011913705043159304 -0.0010020479974405393 0.0017261638716989346 -0.00072045242148709588 -0.0011945307563717526 0.0011403975072385817 0.00051017195170832599 5.4751426869807187e-05 -0.00017046834665889189 -0.0012466528454331027 2.1552900544344854e-05 0.00050920877799808201 -0.0042418219433199003 -0.00020611211418034467 -0.0025259981920180683 -0.0007480102800297558 0.0024884175113868085 1.412473781951763e-06
leaf_weight=1111 527 852 546 1448 681 505 693 543 1338 665 1281 698 699 1405 1919 2726 782 1800 2766 1760 1738 1087 545 1530 573 9651 779 628 664 261147
leaf_count=1111 527 852 546 1448 681 505 693 543 1338 665 1281 698 699 1405 1919 2726 782 1800 2766 1760 1738 1087 545 1530 573 9651 779 628 664 261147
internal_value=3.13431e-06 0.000947542 0.00153139 0.000848152 0.00148581 0.00422527 -0.00158698 0.00652729 0.00945624 -0.000254028 -0.00595768 0.0131694 0.0181592 -0.00597706 0.00826263 -0.000857927 -0.00669995 0.000245499 -0.00132136 -0.000113489 0.00326945 -0.00311581 -0.00700365 0.000600096 -9.72702e-05 -0.000115194 -0.00602864 -0.00127343 0.00445469 -5.72361e-05
internal_weight=303087 29118 26861 24396 22503 8735 2479 6256 4183 13768 1786 2735 1397 2257 2465 13103 1893 10377 6839 6158 3538 3392 1632 2073 273969 273442 2644 2071 1292 270798
internal_count=303087 29118 26861 24396 22503 8735 2479 6256 4183 13768 1786 2735 1397 2257 2465 13103 1893 10377 6839 6158 3538 3392 1632 2073 273969 273442 2644 2071 1292 270798
is_linear=0
shrinkage=0.05


Tree=283
num_leaves=31
num_cat=0
split_feature=52 69 42 54 19 0 72 9 58 60 19 7 60 72 38 69 54 54 72 42 74 60 37 9 17 8 54 58 60 57
split_gain=12.18 37.2568 48.4204 51.3858 41.6676 41.8101 37.2705 34.1339 37.9002 31.2871 31.0858 41.4526 43.2236 40.7202 37.2778 33.1142 44.1204 47.3532 38.7309 29.9533 58.5263 42.9289 65.5384 29.2066 46.8846 36.9883 33.8873 73.6476 57.1279 33.6941
threshold=8.5000000000000018 0.030239291489124302 0.093989316374063506 6.1150085926055917 -0.12065105140209197 -0.015797459520399567 0.9796755611896516 1.0002000331878664 0.74451306462287914 0.28922286629676824 -0.19218937307596204 -0.088375527411699281 -0.030300218611955639 0.18710153549909594 0.32931810617446905 0.014544796198606493 4.8829913139343271 1.9953801035881045 0.086214184761047377 0.093989316374063506 0.25605781376361852 -0.17564583569765088 -0.64777696132659901 -0.036902548745274537 -0.065374635159969316 0.059591758996248252 6.6561930179595956 0.64666709303855907 0.21457071602344516 0.43286071717739111
decision_type=8 10 10 2 8 10 10 8 2 10 8 10 10 10 10 10 2 2 10 10 10 10 10 8 8 10 2 2 10 2
left_child=1 2 23 7 -5 -6 -3 8 -4 -10 11 12 19 14 -13 -14 17 -17 -19 21 -21 22 -2 29 -25 -26 -27 -28 -29 -1
right_child=10 6 3 4 5 -7 -8 -9 9 -11 -12 13 15 -15 -16 16 -18 18 -20 20 -22 -23 -24 24 25 26 27 28 -30 -31
leaf_value=1.5139982301175249e-06 0.00024909819789297008 9.4025649684523988e-05 -0.00017196293631912136 -0.0016986269473203417 6.89591523951219e-05 -0.0013562149989902476 0.0025656025886133206 -0.00092878992557441503 0.0093483564325071936 0.00045585539336359291 -8.1768011553351452e-08 -0.0011245826526300219 0.00014131298298390265 0.00011364110732503973 2.4362594883716243e-05 0.0003990634806463894 0.00010618870786969935 0.0014092111778423212 0.0050612994899240215 0.00024994769573904107 0.0036068817780671942 0.00031411730931234515 -0.0011489640896468925 -0.00064688139654998076 0.00016773430360346626 4.5054881219520897e-05 1.5393994859667395e-05 -0.0020111663844852227 -0.00012204760873249787 -0.00021716827694113726
leaf_weight=21497 1521 33794 8723 724 1203 1318 984 7252 531 838 121733 1078 1149 6442 963 512 730 573 866 1501 545 4333 1378 2410 27111 26577 4742 1450 1115 18990
leaf_count=21497 1521 33794 8723 724 1203 1318 984 7252 531 838 121733 1078 1149 6442 963 512 730 573 866 1501 545 4333 1378 2410 27111 26577 4742 1450 1115 18990
internal_value=-2.46205e-05 -0.00032555 -0.000729772 -0.00294432 -0.00870968 -0.00563019 0.00112108 -0.00186124 1.97981e-05 0.00772299 0.000309766 0.00205778 0.00381918 -0.000665254 -0.00680156 0.00828125 0.0113155 0.0152218 0.0198413 0.00197028 0.00729572 0.000455675 -0.00424545 -0.000290659 0.000379248 0.000649947 -0.000451407 -0.00346453 -0.0102718 -0.00133961
internal_weight=302583 159259 124481 20589 3245 2521 34778 17344 10092 1369 143324 21591 13108 8483 2041 3830 2681 1951 1439 9278 2046 7232 2899 103892 63405 60995 33884 7307 2565 40487
internal_count=302583 159259 124481 20589 3245 2521 34778 17344 10092 1369 143324 21591 13108 8483 2041 3830 2681 1951 1439 9278 2046 7232 2899 103892 63405 60995 33884 7307 2565 40487
is_linear=0
shrinkage=0.05


Tree=284
num_leaves=31
num_cat=0
split_feature=9 67 11 45 54 64 75 62 61 15 41 41 27 54 54 32 59 45 41 54 69 66 66 55 66 66 64 54 43 67
split_gain=13.2853 27.8522 18.7448 42.4902 19.1446 20.3025 16.5794 12.2557 12.0408 24.3625 12.0166 10.3349 15.6991 55.9529 20.3855 18.8534 33.2488 16.9188 11.546 10.5413 101.9 105.165 121.778 88.2343 122.086 87.5743 86.4801 58.0768 61.4998 56.9792
threshold=2.5048344135284428 0.26071055233478552 3.7792599201202397 18.500000000000004 5.1563503742218026 0.02942752838134766 0.87772303819656383 -0.0022153854370117183 0.16125458478927615 -0.13433276861906049 0.1379971578717232 0.29077659547328955 1.9318634867668154 6.0113162994384775 8.5235228538513201 -0.36951062083244318 0.011670742183923723 19.500000000000004 0.16077584773302081 8.4078235626220721 0.017034504562616352 -0.18047681450843808 -0.33492232859134669 1.0000000180025095e-35 -0.25589400529861445 -0.024374249391257759 0.10018253326416017 9.0299267768859881 1.563732445240021 0.30758725106716162
decision_type=10 10 10 10 2 10 10 10 10 10 10 10 10 2 2 8 10 10 10 2 10 10 10 2 10 10 10 2 8 10
left_child=2 10 8 4 5 -4 -3 -8 11 -10 -2 12 19 15 17 18 -17 -15 -14 -1 25 22 27 -24 -25 26 -21 -22 -29 -23
right_child=1 6 3 -5 -6 -7 7 -9 9 -11 -12 -13 13 14 -16 16 -18 -19 -20 20 21 29 23 24 -26 -27 -28 28 -30 -31
leaf_value=8.3349074497534797e-06 -0.00072698251502113776 -0.00093909626491431796 0.0010371114583244204 -0.001025762520122297 -3.4756396019802045e-05 0.0041748021921930029 0.0017534883117704516 -0.00033299247537839225 -8.5819933577959581e-05 0.0013848087362176601 -0.0034559725624330622 0.0012498594698674538 -0.0010734207596327799 -0.00043754573447151135 0.0028953214698933805 -0.0030783501212535338 -0.00049503517668651037 0.0010696890307830336 0.00073502063640680862 -0.00030981445398674842 -0.00022680543310695715 0.00098384080427405484 -7.1195509230515555e-05 8.6159905286596063e-06 -0.0024358427694988333 -0.0019738981309014472 0.001056058368282301 0.00074734537246471311 -0.00057180430996337038 9.3860992029217588e-05
leaf_weight=269853 542 533 649 548 521 801 639 830 934 711 506 987 759 778 515 1080 988 526 627 7489 1671 2353 1527 524 825 805 658 1674 505 1764
leaf_count=269853 542 533 649 548 521 801 639 830 934 711 506 987 759 778 515 1080 988 526 627 7489 1671 2353 1527 524 825 805 658 1674 505 1764
internal_value=9.89668e-06 -0.00326797 4.33215e-05 0.00432977 0.00774861 0.0106849 0.000198807 0.00294118 6.8893e-06 0.00425982 -0.00982987 -1.68966e-05 -3.40758e-05 -0.00273519 0.00434664 -0.00646651 -0.00948027 0.000989346 -0.0019341 1.51903e-05 -0.00109821 0.00216069 -0.0016924 -0.00945946 -0.018727 -0.00504352 -0.00347554 0.00411917 0.00947921 0.00844439
internal_weight=303122 3050 300072 2519 1971 1450 2002 1469 297553 1645 1048 295908 294921 5273 1819 3454 2068 1304 1386 289648 19795 10843 6726 2876 1349 8952 8147 3850 2179 4117
internal_count=303122 3050 300072 2519 1971 1450 2002 1469 297553 1645 1048 295908 294921 5273 1819 3454 2068 1304 1386 289648 19795 10843 6726 2876 1349 8952 8147 3850 2179 4117
is_linear=0
shrinkage=0.05


Tree=285
num_leaves=31
num_cat=0
split_feature=0 49 62 73 6 10 69 10 50 5 57 58 54 58 54 10 5 16 10 17 9 54 62 58 71 54 38 54 15 60
split_gain=17.3774 28.44 19.1299 34.29 17.8965 17.8748 17.7524 19.3262 17.1447 18.0386 34.0231 58.2712 42.731 41.5987 46.3375 30.2408 28.6173 28.3546 26.7646 26.0483 25.3477 24.0542 27.9235 37.0127 30.2729 27.2859 22.388 22.2962 39.8808 30.0027
threshold=0.034687440842390067 0.01310605648905039 -0.014309793710708616 0.36951094865798956 -0.087220303714275346 -0.15583948045969007 0.048521898686885841 -0.0038623200962319966 0.20713225752115252 -0.13480458408594129 0.056603312492370612 0.048904540017247207 3.3943405151367192 0.048904540017247207 5.2516713142395028 -0.18935188651084897 -0.20008992403745648 -0.40839247405529017 0.37000539898872381 -0.16694978624582288 0.36117589473724371 4.0944278240203866 -0.02224054932594299 0.0774647891521454 -0.23451236635446546 6.6294622421264657 0.35897436738014227 2.3326290845870976 -0.37765063345432276 -0.19798438996076581
decision_type=10 2 8 10 8 10 8 10 2 8 2 2 2 2 2 8 10 8 8 8 10 2 10 2 10 2 10 2 8 8
left_child=8 4 3 -3 5 -2 7 -6 9 10 11 17 -13 14 19 21 -14 -1 20 -12 -17 26 23 -23 -25 -24 -15 29 -29 -20
right_child=1 2 -4 -5 6 -7 -8 -9 -10 -11 13 12 16 15 -16 18 -18 -19 27 -21 -22 22 25 24 -26 -27 -28 28 -30 -31
leaf_value=0.0023610242595879737 -4.9524744143827384e-05 -0.00074132600877373906 -0.00062114802188894267 0.00038928441542072819 -0.00011842582954291895 -0.00053719770521495924 0.00090591303269369622 0.00020139250410482567 -0.0012330518819362328 -4.4413042525281133e-07 0.0015234522287197866 0.00043660227959441068 -0.002545638631124942 -0.00029459540168082682 0.0026149830770704798 0.00040031059663691454 -0.00075426888788259145 -0.00027524252661137027 -0.00169028400880616 -0.00035921124705056405 0.0013809417250459405 0.00052027987493643972 -0.00036907310384866299 -0.0016296502993116135 -0.00046889022439639526 0.00083334787478591289 0.00042498889581394695 0.0021934488677489983 0.00012637862326850621 -9.4912952933428305e-06
leaf_weight=793 5624 1390 8098 3599 12533 2781 2136 12515 981 211879 756 533 687 1925 649 8242 747 3115 672 748 560 805 973 747 2281 791 4646 967 8850 1999
leaf_count=793 5624 1390 8098 3599 12533 2781 2136 12515 981 211879 756 533 687 1925 649 8242 747 3115 672 748 560 805 973 747 2281 791 4646 967 8850 1999
internal_value=-9.56995e-06 -0.000874995 -0.00286707 -0.000430086 -0.000141858 -0.00215686 0.000481724 0.00010775 0.00015608 0.000181746 0.00113505 -0.00238743 -0.0093829 0.00171668 0.00843736 0.00128182 -0.0138504 0.00114855 0.00241784 0.00356671 0.00452792 -0.000706191 -0.00311218 -0.00550351 -0.0080316 0.00208568 0.00134478 0.000928149 0.00203012 -0.00311451
internal_weight=303022 48676 13087 4989 35589 8405 27184 25048 254346 253365 41486 5875 1967 35611 2153 33458 1434 3908 21290 1504 8802 12168 5597 3833 3028 1764 6571 12488 9817 2671
internal_count=303022 48676 13087 4989 35589 8405 27184 25048 254346 253365 41486 5875 1967 35611 2153 33458 1434 3908 21290 1504 8802 12168 5597 3833 3028 1764 6571 12488 9817 2671
is_linear=0
shrinkage=0.05


Tree=286
num_leaves=31
num_cat=0
split_feature=42 63 62 65 38 63 38 11 67 57 41 66 69 69 62 33 68 54 30 54 65 65 33 65 22 57 11 41 69 23
split_gain=12.1127 76.0254 48.6205 45.2602 92.7776 38.4363 41.6349 37.0238 35.6803 34.9234 34.2576 33.7534 46.7184 39.4605 32.5975 33.7015 29.5677 32.86 29.4322 36.0234 67.5073 52.1608 54.5191 48.5193 43.5698 29.1074 28.3294 49.5947 36.6966 65.9925
threshold=0.094865404069423689 -0.058681756258010857 -0.14159017801284787 -0.30392172932624811 0.6311246156692506 -0.12623888254165647 0.20916081219911578 5.8185391426086435 0.069772515445947661 0.8388040065765382 0.069749608635902419 -0.024374249391257759 0.017267272807657722 0.030326643027365211 0.1390531659126282 0.22552823275327685 0.16306236386299136 3.3943405151367192 1.7613869309425356 6.040837526321412 -0.24834728240966794 -0.24285489320755002 1.7580352425575259 0.089679002761840834 0.15066346526145938 0.50298330187797557 -0.21489643305540082 0.092832986265420928 0.018408189527690414 -0.098534658551216112
decision_type=10 8 8 8 10 10 10 8 10 2 10 10 10 10 10 8 10 2 10 2 8 8 10 10 10 2 8 10 10 8
left_child=2 3 5 4 8 7 -7 -1 10 26 -2 13 -13 18 15 -11 17 -14 19 21 -21 24 -23 -22 -3 -6 27 -4 29 -28
right_child=1 11 9 -5 25 6 -8 -9 -10 14 -12 12 16 -15 -16 -17 -18 -19 -20 20 23 22 -24 -25 -26 -27 28 -29 -30 -31
leaf_value=-0.00054909711676343607 0.0087023520217621199 -0.000360420915734991 -7.2693782961690684e-05 5.1301788771873116e-05 0.00018099723205182753 0.0011994191572790858 -0.00051455990070923793 -0.0031471365042600149 0.0011806546158780119 0.0010495578622206978 0.0018754986717866265 0.0075929883721912814 -0.0022057250906603243 -8.2422895351702899e-05 0.00024736988921981773 0.00019905109571521324 0.00056909103460929739 3.6214332959807941e-05 -0.0012086033564917117 -0.0022488883241271753 0.00011406043401906985 -0.00065664537626229647 0.0016112187787301769 -0.0012373401915693459 0.0026615380906254531 -0.002356774887519235 0.00028477555959277487 0.0018076286536535596 -3.9202179160984302e-05 1.488515456690015e-06
leaf_weight=2958 686 690 66847 21692 1632 504 1237 639 2184 596 512 966 588 15280 6237 988 2089 774 4752 507 1295 9799 1131 509 999 632 35524 1430 60027 58979
leaf_count=2958 686 690 66847 21692 1632 504 1237 639 2184 596 512 966 588 15280 6237 988 2089 774 4752 507 1295 9799 1131 509 999 632 35524 1430 60027 58979
internal_value=-9.23378e-05 -0.000687128 7.58552e-05 0.00133831 0.00532178 -0.00463725 0.00145631 -0.00758248 0.0105542 0.000185139 0.0174669 -0.00209322 0.00202169 -0.00261352 0.00346699 0.00984944 -0.000707888 -0.00641399 -0.00409303 -0.00299866 -0.00872469 -0.00194394 -0.00320841 -0.00413451 0.00620954 -0.0025066 6.97882e-05 -0.000778333 0.000444545 0.00105858
internal_weight=302683 66717 235966 27338 5646 5338 1741 3597 3382 230628 1198 39379 4417 34962 7821 1584 3451 1362 19682 14930 2311 12619 10930 1804 1689 2264 222807 68277 154530 94503
internal_count=302683 66717 235966 27338 5646 5338 1741 3597 3382 230628 1198 39379 4417 34962 7821 1584 3451 1362 19682 14930 2311 12619 10930 1804 1689 2264 222807 68277 154530 94503
is_linear=0
shrinkage=0.05


Tree=287
num_leaves=31
num_cat=0
split_feature=10 41 41 60 16 17 66 54 75 66 75 69 54 63 72 75 75 19 75 33 66 55 67 33 58 54 63 54 41 19
split_gain=14.8578 33.9306 45.6211 30.2689 29.5655 43.8049 48.9948 53.6316 36.9633 36.7661 70.341 75.2487 77.766 77.8202 65.9339 63.9788 62.805 78.5084 62.5946 57.7449 56.6643 53.5676 50.8076 47.7139 47.6336 47.5322 45.9039 56.8818 45.4479 43.5494
threshold=-0.16413208842277524 0.23309560120105746 0.16077584773302081 0.016249516978859905 -0.11562091484665869 -0.060200175270438187 -0.082297258079051958 3.1430740356445317 0.98013943433761608 -0.18911322206258771 0.72238224744796764 0.015152627602219583 4.9346897602081308 0.0013092756271362307 0.54801282286643993 0.46814061701297766 0.62054660916328441 0.10027002543210985 0.040959145873785026 0.13323654234409335 -0.060593469068408005 1.0000000180025095e-35 0.23188174515962603 1.250033497810364 0.05359937250614167 2.541208148002625 -0.04353013634681701 4.7344865798950204 0.047890465706586845 0.32269184291362768
decision_type=10 10 10 10 10 10 10 2 10 10 10 10 2 10 10 10 10 10 10 10 10 2 10 10 2 2 10 2 10 10
left_child=-1 2 4 -4 -2 6 -6 -8 9 16 14 12 13 25 15 18 17 24 21 -16 -15 22 -11 -17 -7 -12 27 29 -18 -13
right_child=1 -3 3 -5 5 8 7 -9 -10 10 11 26 -14 20 19 23 28 -19 -20 -21 -22 -23 -24 -25 -26 -27 -28 -29 -30 -31
leaf_value=-2.7638376169408091e-05 0.00015264615815811512 -0.0031769993884671805 2.7837108191217793e-05 0.0028302433293005483 -0.00032325759350366676 -0.00066029786930066402 0.004720988682370481 -6.0455118143675998e-05 -0.0018148688607598725 -0.00066288949015570232 -0.0019299698819312651 -0.00031041671465739922 -0.00029512530766007876 0.0018473382860604119 -0.0015217945660784371 0.00087095648186325404 -0.00098899510100888626 0.0013282076271936842 -0.0001171433967695366 -0.00038759951244187932 0.009413807723014294 0.00035324866897810394 0.00028833566387395643 -0.0004945608910713504 0.00013389630864618293 0.0016597702131375168 -0.00038347159152495367 -0.0013739181808180192 -1.3071144376858649e-05 0.0034107676050903635
leaf_weight=147131 20001 580 1189 1966 15047 736 821 1696 1032 510 680 572 2392 1387 756 4753 992 3204 20356 19609 2257 1594 877 954 24857 1126 8005 561 16557 1354
leaf_count=147131 20001 580 1189 1966 15047 736 821 1696 1032 510 680 572 2392 1387 756 4753 992 3204 20356 19609 2257 1594 877 954 24857 1126 8005 561 16557 1354
internal_value=0.000103439 0.000442687 0.000487966 0.0064297 0.000364777 9.45778e-05 -0.00223057 0.00421448 0.000449488 0.000535062 -0.000207371 0.00243676 0.00613856 0.00943223 -0.00118881 0.000340745 0.00162007 0.00305655 -0.000820234 -0.00336933 0.0136289 0.00593447 -0.00125268 0.00508134 0.00213061 0.000936123 -0.00033327 0.0055867 -0.000737514 0.00965909
internal_weight=303552 156421 155841 3155 152686 132685 17564 2517 115121 114089 67743 18334 7842 5450 49409 29044 46346 28797 23337 20365 3644 2981 1387 5707 25593 1806 10492 2487 17549 1926
internal_count=303552 156421 155841 3155 152686 132685 17564 2517 115121 114089 67743 18334 7842 5450 49409 29044 46346 28797 23337 20365 3644 2981 1387 5707 25593 1806 10492 2487 17549 1926
is_linear=0
shrinkage=0.05


Tree=288
num_leaves=31
num_cat=0
split_feature=40 59 62 3 49 69 54 46 65 64 27 34 33 60 36 67 37 65 7 16 69 36 10 54 23 43 66 30 33 60
split_gain=15.9179 38.0677 36.7362 41.0918 31.9305 27.0143 27.8279 28.0664 26.743 54.2352 30.8683 27.6858 22.4501 21.4126 21.0392 33.327 20.2964 19.5072 19.2994 18.4141 18.1091 17.2012 24.3749 25.5545 32.0536 31.1287 20.3008 23.7091 17.688 23.89
threshold=0.014739004429429771 -0.080217432230710969 -0.09487897157669066 -0.035787666216492646 0.0016669086762703957 0.012069122400134804 7.3653383255004892 15.500000000000002 0.062154293060302741 -0.011292338371276854 0.014033041428774597 0.31760039925575262 1.250033497810364 0.068993821740150466 4.4882924556732187 0.2460909113287926 -0.68422210216522206 -0.17444032430648801 0.0078565268777310866 -0.23981258273124692 0.013463191222399475 18.936777114868168 -0.096536755561828599 1.5800085663795473 -0.24126429110765454 0.69990843534469616 -0.25029592961072916 0.75460767745971691 0.20388980209827426 -0.20228761434555051
decision_type=10 8 10 10 2 10 2 8 8 8 10 8 10 10 2 8 8 10 10 10 10 2 8 2 10 10 8 8 10 10
left_child=1 2 3 -1 5 6 -3 -8 10 11 20 -10 -11 18 15 17 -7 19 -12 -2 -6 22 23 -16 25 -25 -24 -28 29 -26
right_child=14 4 -4 -5 8 16 7 -9 9 12 13 -13 -14 -15 21 -17 -18 -19 -20 -21 -22 -23 26 24 28 -27 27 -29 -30 -31
leaf_value=0.00086485275289978195 0.00023632534488891716 0.00050199548201322933 0.00094501261907451296 -0.00052212031195024433 -4.1616860734138006e-05 -0.00027382652733013438 0.0001093462454749436 -0.0010782384557482989 -0.00038497920595613553 -0.00042536193093683995 -3.6072582854360212e-06 -0.0016218877691777302 0.00025770485232178963 -0.00030328347760492832 0.00056885212171509797 0.0024725816970185555 2.2544006048495682e-06 0.00096445939196731557 0.00020099752065800273 -0.0012814795847750143 -0.00051029796527585691 1.6448214306490074e-05 -0.00029914004077902028 -0.00028207615212449369 0.0009146510834387591 -0.0017170775572971546 0.0007811788734411562 -0.00022940548583255118 -0.0010436013840478889 -0.0001511197341414202
leaf_weight=670 1451 5745 608 713 687 3847 835 628 823 6206 4556 513 517 509 791 572 6824 825 1330 531 809 250817 2631 1024 517 1487 1836 1027 586 2757
leaf_count=670 1451 5745 608 713 687 3847 835 628 823 6206 4556 513 517 509 791 572 6824 825 1330 531 809 250817 2631 1024 517 1487 1836 1027 586 2757
internal_value=9.91139e-06 -0.000979626 0.00572214 0.00118449 -0.00137563 7.54654e-05 0.00243835 -0.00369993 -0.00300125 -0.00502541 -0.000930262 -0.0141902 -0.0031858 0.00058548 0.00014277 0.00405724 -0.00152139 0.00179269 0.00144166 -0.000903614 -0.00737052 9.24158e-05 -0.00170535 -0.00362521 -0.00467795 -0.00906386 0.000799419 0.00370693 -0.00180879 -0.000365408
internal_weight=302672 35820 1991 1383 33829 17879 7208 1463 15950 8059 7891 1336 6723 6395 266852 3379 10671 2807 5886 1982 1496 263473 12656 7162 6371 2511 5494 2863 3860 3274
internal_count=302672 35820 1991 1383 33829 17879 7208 1463 15950 8059 7891 1336 6723 6395 266852 3379 10671 2807 5886 1982 1496 263473 12656 7162 6371 2511 5494 2863 3860 3274
is_linear=0
shrinkage=0.05


Tree=289
num_leaves=31
num_cat=0
split_feature=54 62 19 54 40 54 65 72 7 58 19 9 54 32 42 19 41 50 41 6 11 59 11 33 29 2 69 40 19 11
split_gain=12.7081 43.0966 12.599 25.5689 11.901 31.5967 36.7068 94.837 50.554 37.3449 35.3259 62.8698 37.8054 35.1324 30.7109 30.1389 29.5987 26.6513 26.4254 24.4527 23.9428 23.6813 42.4719 37.8428 39.9854 23.3618 22.425 21.7066 25.4126 30.3799
threshold=0.4855030775070191 -0.0079316198825836164 0.89023306965827953 4.0074241161346444 0.015034517738968136 3.2848508358001713 0.062154293060302741 0.48396815359592443 0.005894323345273734 0.33450703322887426 -0.10025014355778693 -0.034144951030611985 1.7741041183471682 -0.48031909763813013 0.018976009450852874 -0.011519919615238903 0.0075270228553563365 0.0057898687664419421 0.012552980799227955 -0.11525772139430045 -0.1655551344156265 -0.0072976644150912753 -0.19326211512088773 0.12784882634878161 -0.23315849900245664 -0.016231267713010308 0.015067929401993753 0.025767998769879345 -0.14955725520849225 -0.35928365588188166
decision_type=2 8 10 2 10 2 8 10 10 2 10 8 2 10 10 10 8 2 10 10 10 10 8 10 10 10 10 10 10 10
left_child=1 -1 4 -4 5 10 8 16 13 -9 17 12 -12 -7 19 21 -8 -2 -11 -6 -10 22 23 24 -15 -24 -13 28 -21 -30
right_child=2 -3 3 -5 14 6 7 9 20 18 11 26 -14 15 -16 -17 -18 -19 -20 27 -22 -23 25 -25 -26 -27 -28 -29 29 -31
leaf_value=-0.0008803461543877792 0.0010989755028143287 0.0029955455552301753 0.00044011245193956616 -0.0030240962017584775 0.0011222825981398164 -0.00055450431310782346 0.00041257181557320389 -0.00018032533474433097 4.0886543752122458e-05 -0.0020877571391807923 -0.0017556283596959828 0.0012808182871828673 -0.00027088194398475814 9.5311266684883306e-05 6.5030294753611678e-06 -0.00024199796487863642 -0.00019988776897973405 -0.00059217770059244836 -0.00098873404157639989 0.00083826539476754497 0.0003770561382512264 -0.0001016700356426317 0.00054468806636768629 0.00039748453296796428 -0.00044560119536854096 0.00013033403255333643 -0.00029089605617531664 -0.00032589799853758195 -0.00099589839866421714 0.00027073268625057886
leaf_weight=674 3318 893 532 506 1005 1749 683 582 1392 577 579 994 905 1724 256246 2234 10307 876 773 987 1471 3040 1090 711 1341 1921 506 1333 780 3754
leaf_count=674 3318 893 532 506 1005 1749 683 582 1392 577 579 994 905 1724 256246 2234 10307 876 773 987 1471 3040 1090 711 1341 1921 506 1333 780 3754
internal_value=5.71677e-05 0.00453393 3.37831e-05 -0.00543893 5.28436e-05 -0.000789767 -0.00151157 -0.00351067 3.89618e-05 -0.0136972 0.0021842 -0.00197061 -0.00923695 -0.00121563 0.000170191 -0.000252672 -0.00170909 0.00513796 -0.0182353 0.00324692 0.00607379 0.000940327 0.00258202 -0.000950872 -0.00336585 0.00700099 0.00523179 0.00217075 0.0035527 0.00195863
internal_weight=303483 1567 301916 1038 300878 36773 29595 12922 16673 1932 7178 2984 1484 13810 264105 12061 10990 4194 1350 7859 2863 9827 6787 3776 3065 3011 1500 6854 5521 4534
internal_count=303483 1567 301916 1038 300878 36773 29595 12922 16673 1932 7178 2984 1484 13810 264105 12061 10990 4194 1350 7859 2863 9827 6787 3776 3065 3011 1500 6854 5521 4534
is_linear=0
shrinkage=0.05


Tree=290
num_leaves=31
num_cat=0
split_feature=1 12 36 61 26 55 63 61 57 23 59 63 41 60 23 48 11 10 74 71 32 55 66 42 43 61 43 42 42 63
split_gain=12.5582 18.344 20.4009 17.974 17.9508 38.3138 99.8882 26.7844 42.6768 52.2107 28.818 30.1726 69.7496 46.0709 61.4349 39.1655 43.2281 33.3092 28.6479 26.6926 26.2733 48.4256 68.6489 62.2275 35.2846 31.881 29.9732 26.1254 25.3987 25.1185
threshold=-0.015363266225904225 0.081172898411750807 75.154960632324233 -0.0099608004093170149 -0.27910779416561121 1.5000000000000002 0.036920368671417243 -0.10722753405570982 0.056603312492370612 -0.1285666227340698 -0.099378056824207292 -0.14151248335838315 0.023760518990457061 -0.17026768624782559 -0.089886937290430055 0.0052805524319410333 -0.13351321220397946 -0.26554939150810236 0.69483962655067455 -0.022834161296486851 -0.77305531501770008 1.0000000180025095e-35 -0.12041218206286429 0.048569096252322204 1.1442547440528872 0.015446066856384279 0.31839358806610113 0.096608843654394164 0.010839594062417747 0.14359819889068606
decision_type=10 10 2 10 10 2 8 10 2 10 10 10 10 8 10 2 10 8 10 10 10 2 8 10 8 10 10 10 10 10
left_child=1 2 -1 -3 5 -2 -7 -6 9 -9 -10 12 -12 14 17 -16 -17 19 -14 -13 21 23 -23 29 -24 27 -22 -25 -28 -15
right_child=4 3 -4 -5 7 6 -8 8 10 -11 11 13 18 20 15 16 -18 -19 -20 -21 26 22 24 25 -26 -27 28 -29 -30 -31
leaf_value=4.4027113227439147e-05 -0.0001071253573338561 -0.001432705064872382 0.00093188562095878821 -0.0001583178896697863 -0.00097144149225862446 9.8739411305975015e-05 -0.0025263970354175817 -0.00012655445780752339 -0.00078453112636114864 0.0020104466596032023 0.0010958041404348505 -0.00017695589374369173 -0.00061951155000805483 0.0012417525050394276 -0.0011343007778333144 -0.00068393014634298918 0.00014598683748952667 -0.00016467242438906652 0.00081258010176375696 0.0010712697951040567 0.00020283415404643169 0.00087930495682648948 -0.00030478598077162832 0.0018059021844583285 -0.0025771024480125432 -0.00026815441556256672 0.00023973922791408649 -0.00025442730814550526 -2.5733548024210914e-05 0.0029508409172239614
leaf_weight=95622 53268 871 1584 5104 810 1181 801 603 1404 563 673 582 723 1048 1022 2968 1262 3089 935 1014 10983 543 507 1023 555 2300 3769 513 106921 643
leaf_count=95622 53268 871 1584 5104 810 1181 801 603 1404 563 673 582 723 1048 1022 2968 1262 3089 935 1014 10983 543 507 1023 555 2300 3769 513 106921 643
internal_value=-7.52739e-05 0.00037261 0.000537977 -0.00231412 -0.00030669 -0.00107311 -0.00788153 -1.34983e-05 3.79386e-05 0.00952381 -4.03546e-05 3.08329e-05 0.00565997 -6.41432e-05 -0.00334272 -0.00705055 -0.00490566 0.000820021 0.000119904 0.00666252 0.000189031 0.00313638 -0.00448916 0.00535489 -0.011847 0.00182007 1.60252e-05 0.00737387 -0.000231256 0.0133157
internal_weight=302884 103181 97206 5975 199703 55250 1982 144453 143643 1166 142477 141073 2331 138742 9937 5252 4230 4685 1658 1596 128805 7132 1605 5527 1062 3836 121673 1536 110690 1691
internal_count=302884 103181 97206 5975 199703 55250 1982 144453 143643 1166 142477 141073 2331 138742 9937 5252 4230 4685 1658 1596 128805 7132 1605 5527 1062 3836 121673 1536 110690 1691
is_linear=0
shrinkage=0.05


Tree=291
num_leaves=31
num_cat=0
split_feature=11 11 66 69 33 30 54 69 58 64 25 69 11 58 54 67 64 54 14 18 7 32 4 57 67 71 7 59 67 69
split_gain=11.2682 9.18921 57.0156 44.317 45.3576 39.3396 37.1116 60.343 79.4185 61.5889 57.4748 53.2706 50.6837 48.1835 87.8611 157.324 57.8352 52.1795 100.995 56.521 55.3679 50.2484 46.1601 41.8858 41.8429 44.5262 44.2207 40.5114 39.2925 39.2745
threshold=-0.77870699763298024 -0.21489643305540082 -0.010510313324630259 0.020909396000206474 0.20388980209827426 0.070401150733232512 6.8560881614685067 0.025897045619785789 0.64666709303855907 0.060250520706176765 0.57703447341918956 0.015202419832348825 0.42276604473590856 0.69366195797920238 2.5729937553405766 0.38152274489402777 0.20126003026962283 2.2990788221359257 0.022692917846143249 -0.010183581151068209 -0.15975040942430493 -0.22763992846012113 -0.14917051792144773 0.61630824208259594 0.31235054135322576 -0.11483355611562727 0.005894323345273734 0.053778085857629783 0.20081546157598498 0.0084714260883629339
decision_type=8 10 10 10 8 10 2 10 2 10 10 10 10 2 2 10 10 2 10 10 10 10 10 2 10 10 10 10 10 10
left_child=-1 2 -2 4 -4 -3 13 8 9 22 -9 -10 -13 17 15 16 -15 18 21 -20 27 -7 -8 -22 25 -24 -27 -19 -23 -28
right_child=1 5 3 -5 -6 6 7 10 11 -11 -12 12 -14 14 -16 -17 -18 20 19 -21 23 28 24 -25 -26 26 29 -29 -30 -31
leaf_value=0.0012808452879028648 -1.5628605574971069e-05 0.00012068731248004502 -0.00083369504908781678 7.2221717152343165e-05 -0.003394330262395748 0.00034208781042866545 -0.0015308210128848468 -0.00074047540157413049 -0.0017367043892092136 0.00068979530862053504 -3.4187541995302199e-05 8.0627870777840946e-05 -0.0014713535610815427 0.0049644636862292346 0.00013066267758466465 -0.00093456124812314051 0.019658646814729033 -0.0002641865540982784 0.00027600831153020284 -0.001488719400168984 0.00017790909243822208 -0.0012668305132545008 0.00075714196546500234 -0.00019536776817806294 -0.00079035649055557574 -0.00021503481613902172 -0.0013532210971231948 -0.0012479210914640147 0.00034510971557699807 0.00029842976990780945
leaf_weight=895 157605 25109 662 601 514 7265 542 2494 1293 1665 1606 1652 532 951 11040 1041 829 10112 967 4706 49377 1126 1595 8327 1157 3818 520 845 619 3821
leaf_count=895 157605 25109 662 601 514 7265 542 2494 1293 1665 1606 1652 532 951 11040 1041 829 10112 967 4706 49377 1126 1595 8327 1157 3818 520 845 619 3821
internal_value=9.23191e-06 -7.44045e-06 -0.00026852 -0.00914941 -0.0147555 0.000283529 -9.92282e-05 -0.00202125 -0.000677507 0.00110451 -0.00744526 -0.00738457 -0.00259799 0.000310137 0.00303871 0.0108972 0.0198883 -0.000143964 -0.0028483 -0.00806792 0.000434681 0.000443459 -0.000205007 0.00105347 0.000508195 0.00157722 7.95691e-05 -0.0028221 -0.007151 0.00352792
internal_weight=303286 302391 159382 1777 1176 143009 117900 20695 16595 13118 4100 3477 2184 97205 13861 2821 1780 83344 14683 5673 68661 9010 11453 57704 10911 9754 8159 10957 1745 4341
internal_count=303286 302391 159382 1777 1176 143009 117900 20695 16595 13118 4100 3477 2184 97205 13861 2821 1780 83344 14683 5673 68661 9010 11453 57704 10911 9754 8159 10957 1745 4341
is_linear=0
shrinkage=0.05


Tree=292
num_leaves=31
num_cat=0
split_feature=40 58 42 40 57 63 63 69 65 42 32 38 67 67 69 69 65 67 59 66 45 11 67 63 69 72 59 38 48 40
split_gain=13.6794 34.88 28.8671 29.5027 28.7534 30.8996 29.95 29.0698 60.6052 40.645 39.9121 38.561 34.8891 53.2669 33.0297 31.0655 42.7584 36.3092 60.7547 30.7924 29.2032 28.8702 33.3132 27.6739 30.9144 27.1467 26.4016 24.2645 22.9894 22.3607
threshold=0.017031255178153518 0.64666709303855907 0.023817717097699646 0.029214132577180866 0.064556926488876357 -0.14151248335838315 0.053327739238739021 0.012069122400134804 -0.23535171151161191 0.018573677167296413 -0.34319731593132013 0.13471107184886935 0.28446148335933691 0.045626759529113776 0.011580507270991804 0.028067343868315223 0.079350173473358168 0.092453431338071837 -0.056491835042834275 -0.11860647052526473 17.500000000000004 -0.34456263482570643 0.035124376416206367 0.038372218608856208 0.025897045619785789 0.49212600290775305 -0.016150965355336663 0.1005564145743847 0.014391954056918623 0.029473884031176571
decision_type=8 2 8 10 2 8 10 10 8 10 10 10 10 8 8 10 10 8 10 10 10 8 10 8 10 8 10 10 2 8
left_child=1 4 3 23 -1 -6 7 8 11 10 27 -7 13 20 -11 17 -17 -15 -19 -14 -9 -22 26 24 -2 -3 28 -10 -23 -4
right_child=2 25 29 -5 5 6 -8 12 9 14 -12 -13 19 15 -16 16 -18 18 -20 -21 21 22 -24 -25 -26 -27 -28 -29 -30 -31
leaf_value=0.0010488022194210661 6.6808453062625192e-05 -0.00025404114599175616 -8.2182130399606403e-05 -0.00025309818266430571 0.00054708638831144367 0.00075596412385553794 0.00021691943798723848 0.00022491578600085938 0.00063318160364934884 -0.0004153724710073894 -5.2668376100255965e-05 2.6482074494583487e-05 -0.00052370656811310818 0.00019842504729594018 0.00018841340015339004 9.5804864015796104e-06 0.00084047639880737508 -0.00065947099983764117 -3.6033647637204179e-05 5.5452221428957225e-05 -3.0950630010561593e-06 -0.00063625062150001648 -0.00066051759780212389 0.00062833235443385954 0.00093458902893674665 -0.0017089519572864196 1.4771357802409457e-05 0.00018868246063057841 -0.00015202663943957072 1.5248664105446329e-05
leaf_weight=621 7188 2036 42773 2594 788 915 2454 529 842 3508 2302 643 1794 2509 777 861 559 742 8334 635 1510 1203 1164 3190 745 818 1166 717 1354 207762
leaf_count=621 7188 2036 42773 2594 788 915 2454 529 842 3508 2302 643 1794 2509 777 861 559 742 8334 635 1510 1203 1164 3190 745 818 1166 717 1354 207762
internal_value=-6.28624e-05 -0.000939651 6.58437e-05 0.00229839 -0.000516181 -0.000705063 -0.00092968 -0.00133753 0.000947087 -0.000784698 0.00293206 0.00994898 -0.00232901 -0.00163733 -0.00413271 0.000249712 0.0072028 -0.000608021 -0.00208012 -0.00797458 -0.00517589 -0.0061105 -0.00797427 0.00341777 0.0018318 -0.00625 -0.0056389 0.00908222 -0.00847293 -5.64769e-05
internal_weight=303033 38781 264252 13717 35927 35306 34518 32064 9704 8146 3861 1558 22360 19931 4285 13005 1420 11585 9076 2429 6926 6397 4887 11123 7933 2854 3723 1559 2557 250535
internal_count=303033 38781 264252 13717 35927 35306 34518 32064 9704 8146 3861 1558 22360 19931 4285 13005 1420 11585 9076 2429 6926 6397 4887 11123 7933 2854 3723 1559 2557 250535
is_linear=0
shrinkage=0.05


Tree=293
num_leaves=31
num_cat=0
split_feature=9 54 74 67 11 67 38 19 55 11 65 67 38 54 42 54 60 60 60 54 65 48 68 33 21 17 33 38 3 42
split_gain=11.2058 23.2664 17.6667 12.2973 11.9499 42.7482 20.1267 11.2817 77.4211 51.1629 31.4694 53.4626 38.9937 62.8568 44.3297 36.2591 120.35 42.6568 47.278 62.4013 71.7773 58.5138 36.8791 33.4195 32.3738 30.3651 36.6486 29.3795 25.2924 24.6451
threshold=2.5048344135284428 3.0844296216964726 0.28030559420585638 0.27539783716201788 4.2231070995330819 0.31893453001976019 0.54737886786460888 0.20377662032842639 1.0000000180025095e-35 0.3236574530601502 0.062154293060302741 0.16549939662218097 0.43373955786228185 4.4762566089630136 0.1671886891126633 5.7492017745971689 0.025878208689391616 0.078675646334886565 0.27732360363006597 4.909008502960206 0.14533734321594241 0.039772918447852142 -0.020149139687418934 1.5125314593315127 0.045113209635019309 0.41307888925075537 1.6885290145874026 0.69351318478584301 -0.029628179036080834 0.044308882206678397
decision_type=10 2 10 10 10 10 10 10 2 10 10 10 10 2 10 2 10 10 10 2 10 2 10 10 10 10 10 10 10 10
left_child=4 -2 -3 -4 7 6 -6 -1 10 -10 12 -12 13 28 27 17 -17 24 19 20 -19 -22 -18 -23 -13 26 -20 -14 -9 -15
right_child=1 2 3 -5 5 -7 -8 8 9 -11 11 15 14 29 -16 16 22 18 25 -21 21 23 -24 -25 -26 -27 -28 -29 -30 -31
leaf_value=9.6690236571755432e-06 0.001657291797100555 -0.0026861463349051855 -0.0013557465801695631 0.00020444383956307391 -0.0011328407294816725 0.0037544650829157786 0.0011048733042116302 -0.0026747223417768352 -0.00019058038807292512 -0.0031635896634449531 0.0016401218898976758 0.00074033811180494985 -4.0936958934982218e-05 0.00060962123966356533 -0.0014679550277435186 0.0019859340617729621 -0.0027765114360414965 -0.00086933456846902861 -0.00090615545727906256 -0.00072629832990094576 0.0050849966589551062 0.00014985236300448131 -0.00085100048372308316 0.0050568364221738873 -0.00070512985161385201 -0.002608343030007532 0.0023883557215087768 0.001526565782179231 -0.0012171167651899414 -0.00031978162728300185
leaf_weight=268488 568 631 907 937 698 506 661 1213 541 691 2324 1283 3192 506 1263 672 536 651 629 801 589 682 1799 1285 4309 681 830 1652 1209 2110
leaf_count=268488 568 631 907 937 698 506 661 1213 541 691 2324 1283 3192 506 1263 672 536 651 629 801 589 682 1799 1285 4309 681 830 1652 1209 2110
internal_value=1.68398e-05 -0.00299705 -0.00509054 -0.002589 4.75299e-05 0.00402667 -0.000620891 2.24873e-05 -0.000906375 -0.013124 -0.000368455 0.000980622 -0.00243389 -0.00568542 0.000253392 -0.000132141 -0.00502154 0.0011234 0.0039948 0.00719263 0.0103046 0.0140686 -0.0103838 0.00983814 -0.00203499 -0.002 0.00207624 0.00243098 -0.011472 -0.000304646
internal_weight=302844 3043 2475 1844 299801 1865 1359 297936 29448 1232 28216 17071 11145 5038 6107 14747 3007 11740 6148 4008 3207 2556 2335 1967 5592 2140 1459 4844 2422 2616
internal_count=302844 3043 2475 1844 299801 1865 1359 297936 29448 1232 28216 17071 11145 5038 6107 14747 3007 11740 6148 4008 3207 2556 2335 1967 5592 2140 1459 4844 2422 2616
is_linear=0
shrinkage=0.05


Tree=294
num_leaves=31
num_cat=0
split_feature=32 63 67 54 54 33 54 72 69 46 65 54 17 42 52 60 53 69 65 54 40 54 54 41 54 67 41 43 30 7
split_gain=10.9089 34.2127 35.3841 42.1022 51.2626 25.6104 21.7151 18.8173 18.7394 18.6233 17.4 16.6642 18.2825 21.312 16.1185 25.1361 17.4004 19.155 19.1419 18.4561 15.6825 17.1913 15.1463 19.4701 30.219 21.7812 14.5133 14.3914 14.0543 13.8363
threshold=-0.12765467166900632 -0.12380453944206236 0.12694256007671359 3.1736692190170293 6.7322463989257821 0.13055967539548877 4.4762566089630136 0.17455971240997317 0.032248817384243018 23.500000000000004 0.0085728168487548845 1.825355112552643 0.28427568078041082 0.076052609831094756 6.5000000000000009 -0.056092586368322365 1.0000000180025095e-35 0.019963247701525692 0.15390419960021975 4.8829913139343271 0.070534620434045806 4.1574759483337411 8.2944245338439959 0.016613443382084373 6.4095745086669931 0.30528783798217779 0.02277703303843737 1.2591954469680788 8.2159690856933612 0.17936697602272036
decision_type=10 10 10 2 2 10 2 10 10 10 10 2 10 10 10 10 10 10 10 2 10 2 2 10 2 10 10 10 10 10
left_child=28 -2 3 -3 6 -6 -5 -4 11 26 -10 -9 14 -14 15 -13 17 18 -17 -19 22 -22 23 -16 25 -25 -8 -18 -1 -27
right_child=1 2 7 4 5 -7 9 8 10 -11 -12 12 13 -15 20 16 27 19 -20 -21 21 -23 -24 24 -26 29 -28 -29 -30 -31
leaf_value=4.9630209438746894e-06 0.0018291428341244993 -0.001774155827131957 0.0002755257507346468 -0.00082974473121227073 -0.00072191357960960697 -0.00021215297665306892 8.1024019216477397e-05 0.00084351055147214031 -0.00020000116934028192 -8.2592791649041498e-05 0.00095633091785232802 0.00062371256251031806 0.0025022496134416822 2.1899824629550982e-06 -0.00019167946270150314 -0.00070076042814102917 0.00074505288477094689 -0.0010770597994845881 -0.0022031652642803836 4.5346905304590078e-05 -0.0014543120730081292 -1.8916894000160084e-05 -0.00043315811836338057 0.00040589709314924646 0.00053078910524288173 -0.00075369648040494563 0.0021074192762229791 -0.00086939397447843121 0.001090346272063226 8.2960994368800996e-05
leaf_weight=275198 559 1056 829 922 746 1170 618 767 508 967 615 597 668 2173 759 1957 642 765 888 1488 709 844 509 2418 1373 935 641 524 703 763
leaf_count=275198 559 1056 829 922 746 1170 618 767 508 967 615 597 668 2173 759 1957 642 765 888 1488 709 844 509 2418 1373 935 641 524 703 763
internal_value=-2.25833e-05 -0.000973742 -0.00123041 -0.0045677 -0.00266062 -0.00908619 0.00126662 -0.000243479 -0.000552431 0.0039356 0.00569285 -0.000928735 -0.00123738 0.00243774 -0.00192675 -0.00371853 -0.00465413 -0.00591229 -0.00863398 -0.0024525 -0.000444712 -0.00495841 0.000598493 0.00127836 0.0023186 0.000169656 0.00791962 0.00085034 7.19435e-05 -0.00415691
internal_weight=303311 27410 26851 6120 5064 1916 3148 20731 19902 2226 1123 18779 18012 2841 15171 6861 6264 5098 2845 2253 8310 1553 6757 6248 5489 4116 1259 1166 275901 1698
internal_count=303311 27410 26851 6120 5064 1916 3148 20731 19902 2226 1123 18779 18012 2841 15171 6861 6264 5098 2845 2253 8310 1553 6757 6248 5489 4116 1259 1166 275901 1698
is_linear=0
shrinkage=0.05


Tree=295
num_leaves=31
num_cat=0
split_feature=2 6 58 67 43 54 70 43 54 62 5 42 71 56 11 65 75 71 60 54 65 75 69 69 58 67 69 74 65 58
split_gain=13.2677 25.8116 24.5626 33.7481 39.7286 30.8308 67.9444 30.7734 29.7709 26.7722 26.4653 25.8298 25.2512 27.3921 25.0221 26.6083 24.6778 24.2392 21.6407 36.3831 57.1 53.9734 44.4965 34.5776 32.5313 43.8976 35.965 52.1649 45.2413 30.8907
threshold=0.025555181317031387 -0.16874666512012479 0.16916091740131381 0.074904575943946852 1.408693850040436 4.3672301769256601 0.070583917200565352 1.7550488710403445 7.4723017215728769 -0.098854959011077867 0.47842885553836828 0.057257093489170081 0.022727495990693573 2.5000000000000004 -0.19944843649864194 -0.23151525855064389 0.89674934744834911 0.01790695916861296 -0.083504978567361818 6.4692425727844247 -0.23151525855064389 0.5083352029323579 0.01120073674246669 0.018636054359376434 0.64666709303855907 0.38920767605304724 0.015202419832348825 0.44473399221897131 -0.18969365954399106 0.69366195797920238
decision_type=8 8 2 8 10 2 10 8 2 10 10 10 8 2 8 10 10 8 8 2 8 10 10 10 2 8 10 10 8 2
left_child=-1 -2 5 4 11 10 12 9 16 -5 14 -4 -7 -14 15 -3 -9 -8 -11 20 21 -20 -22 -23 26 -26 27 -21 -28 -24
right_child=1 2 3 7 -6 6 17 8 -10 18 -12 -13 13 -15 -16 -17 -18 -19 19 24 22 23 29 -25 25 -27 28 -29 -30 -31
leaf_value=1.5044900911855615e-05 -0.00043980835891896283 -0.0012211228174611268 -0.00029423439457809729 -0.0011767875564230952 0.00026146906495896942 0.00043811082118895849 0.0015826783134716257 -0.00094773354183814605 0.00044790224540322852 -0.00018712499331680925 -0.0022288008467164985 -0.0013751579151569204 0.00034444835829832348 -0.00053005462122721178 0.00026021255154747155 0.00032126755763004015 0.00048876347094111003 0.00092595909734176785 -8.3904706053632161e-05 -0.001113813000361615 0.00075075046442679672 0.0038977347949646864 -0.0001975671595033863 0.00065195680689989562 -0.0011380048764586474 0.00018601657839797532 -0.00029979686861228151 1.0535522718742307e-05 0.00057621612810887881 0.0003584736943288005
leaf_weight=216046 7650 903 1978 798 893 1389 675 3032 502 11030 580 983 1839 3019 5469 600 778 2794 1229 1028 6482 1094 14546 1239 1994 977 931 2990 1858 7403
leaf_count=216046 7650 903 1978 798 893 1389 675 3032 502 11030 580 983 1839 3019 5469 600 778 2794 1229 1028 6482 1094 14546 1239 1994 977 931 2990 1858 7403
internal_value=-3.51788e-05 -0.000557715 -0.000289083 -0.00075516 -0.0052795 0.00137747 0.00323874 -0.000453204 -0.0045118 -0.000125912 -0.00101825 -0.00806126 0.000119866 -0.00158176 -0.000157548 -0.00584931 -0.00602094 0.00883875 1.2308e-05 0.000532539 0.00134831 0.00730683 0.000599487 0.0117584 -0.00213527 -0.00649111 -0.000227373 -0.00325223 0.00412647 -0.000475887
internal_weight=302729 86683 79033 61765 3854 17268 9716 57911 4312 53599 7552 2961 6247 4858 6972 1503 3810 3469 52801 41771 31993 3562 28431 2333 9778 2971 6807 4018 2789 21949
internal_count=302729 86683 79033 61765 3854 17268 9716 57911 4312 53599 7552 2961 6247 4858 6972 1503 3810 3469 52801 41771 31993 3562 28431 2333 9778 2971 6807 4018 2789 21949
is_linear=0
shrinkage=0.05


Tree=296
num_leaves=31
num_cat=0
split_feature=33 62 54 65 65 67 42 61 55 40 11 68 66 68 69 75 61 65 69 72 54 32 54 32 67 32 43 38 69 65
split_gain=10.7058 48.9942 34.0789 67.6932 54.6985 80.9118 69.8213 58.1726 53.978 52.4995 50.6929 49.0107 52.3872 48.0124 42.5909 41.7504 97.7451 47.119 39.4309 38.2167 73.4779 45.2666 46.4828 35.3161 35.2005 35.1599 32.3428 38.0484 31.918 44.047
threshold=0.14648237079381946 0.094574093818664565 5.6332526206970224 0.12408077716827394 -0.27306127548217768 0.097747150808572783 0.08988573402166368 -0.0033208727836608882 1.0000000180025095e-35 0.017031255178153518 -0.10358373075723647 0.011754650156944992 -0.34530882537364954 -0.017101226374506947 0.019488948397338394 0.20686779916286471 -0.036093682050704949 -0.30392172932624811 0.014771203510463239 0.31112921237945562 8.4618916511535662 -0.48031909763813013 6.6786251068115243 -0.1244239956140518 0.16151469945907596 -0.26290655136108393 0.43044665455818182 0.082699127495288863 0.025897045619785789 0.019681751728057865
decision_type=8 10 2 10 10 10 10 10 2 10 10 10 10 10 10 10 10 10 10 10 2 10 2 10 10 10 10 10 10 10
left_child=1 2 3 8 5 6 15 13 26 11 14 12 -9 19 -5 16 -4 -17 -13 28 21 22 -21 -23 -7 -14 -1 -28 29 -6
right_child=-2 -3 4 10 7 24 -8 9 -10 -11 -12 18 25 -15 -16 17 -18 -19 -20 20 -22 23 -24 -25 -26 -27 27 -29 -30 -31
leaf_value=9.12018992794363e-05 1.0873870111004431e-05 0.00033307067271926276 -0.00072768360119667146 -0.00063523737027312616 -0.00028112094991828476 -0.0010086640747082303 0.0057874309585021358 -0.00061454337512058634 0.00017542613568042342 0.000103100522027941 8.5290037510828663e-05 -0.002837021470279661 0.00040355172904034051 0.00040595247705668019 -0.0018530951395084941 -6.4676366018403495e-05 0.00096871670222345441 -0.0015969586662093072 -0.00013557250291529565 0.0002514403270531006 -0.00038482426529943739 0.00022602606173433069 0.0023904851072157462 -0.00027655539322687836 -0.00012558635573890753 -0.00012627080222624162 -0.00095965113575229271 -0.00025197947229691723 -0.00053598962441323656 0.00046235106623669365
leaf_weight=7211 227328 3066 861 891 2869 1430 522 868 4226 6062 688 714 923 2854 765 921 857 730 547 535 1288 7186 527 567 741 2108 974 22607 923 1150
leaf_count=7211 227328 3066 861 891 2869 1430 522 868 4226 6062 688 714 923 2854 765 921 857 730 547 535 1288 7186 527 567 741 2108 974 22607 923 1150
internal_value=-7.37748e-05 -0.000589122 -0.000851078 -0.00190249 0.000265678 -0.00405138 0.000269162 0.00116543 -0.00135035 -0.00165598 -0.0101105 -0.00535783 -0.00257099 0.00293428 -0.0148259 -0.00238236 0.00306713 -0.00803733 -0.0138867 0.00180339 0.00356472 0.00519547 0.0148321 0.00385804 -0.0117607 0.000542585 -0.00207779 -0.00297359 -0.00179725 0.00013651
internal_weight=302939 75611 72545 37362 35183 6062 3891 29121 35018 11222 2344 5160 3899 17899 1656 3369 1718 1651 1261 15045 10103 8815 1062 7753 2171 3031 30792 23581 4942 4019
internal_count=302939 75611 72545 37362 35183 6062 3891 29121 35018 11222 2344 5160 3899 17899 1656 3369 1718 1651 1261 15045 10103 8815 1062 7753 2171 3031 30792 23581 4942 4019
is_linear=0
shrinkage=0.05


Tree=297
num_leaves=31
num_cat=0
split_feature=50 60 17 71 31 65 75 67 42 33 69 6 71 31 16 66 34 65 9 59 65 13 61 47 0 65 67 42 20 55
split_gain=14.7674 32.7689 20.5753 10.0996 41.4194 34.0399 28.0939 27.334 24.4013 18.1236 19.2464 16.6653 16.0184 14.0398 13.0814 29.369 34.9971 29.2281 27.965 34.8736 23.685 22.0262 19.434 17.5159 18.6259 22.7728 21.1311 38.8007 35.2512 30.0051
threshold=0.1813750043511391 -0.13033492118120191 0.21049202978610995 -0.34827743470668787 0.047467395663261421 0.07236731052398683 0.27524821460247045 0.097747150808572783 0.10126620531082155 1.1500421762466433 0.022214193828403953 -0.20421793311834333 -0.42549121379852289 0.31136628985404974 -0.38757792115211481 -0.34675429761409754 0.013606503605842592 -0.23699757456779477 -0.60439774394035328 -0.0042731980793178073 -0.20636409521102902 -0.12864663451910016 -0.051544368267059319 -0.079905562102794633 -0.038556475192308419 -0.23915767669677732 0.23188174515962603 0.071702912449836745 -0.1472944691777229 1.5000000000000002
decision_type=2 8 8 8 10 8 10 10 10 8 10 10 10 10 8 10 10 10 8 10 8 10 10 2 10 8 8 8 10 2
left_child=3 -2 -3 4 5 7 13 -1 9 10 -8 -7 -10 -6 15 16 21 22 -17 20 -20 -5 -18 -16 25 -25 -26 28 -28 -29
right_child=1 2 -4 14 6 11 8 -9 12 -11 -12 -13 -14 -15 23 18 17 -19 19 -21 -22 -23 -24 24 26 -27 27 29 -30 -31
leaf_value=-0.0020831497635134637 -0.0019940721038576126 0.00079304022747667992 -0.0013489552866129753 0.0006537231452736097 -1.8674237175937172e-05 -0.00042617252210998551 0.0007816657726965611 0.00033993643978565157 0.00043346449447906197 -1.5251701024825149e-05 0.001662798486647501 -0.0016323043921459294 -0.00070923363986938846 -0.0003786868755471344 -0.0002434188424624468 0.00098251596409785211 0.0026560982444548964 0.0036144589538104678 -0.001192482568008637 -0.0015017180722652413 0.0003837583656034788 -0.00082568147452636393 0.00038935575583123297 0.00039684888713460833 -3.7841322948400361e-05 5.484360399831438e-05 0.00098844485426363357 -6.0619252078605341e-05 8.3730164005220089e-05 -0.00056918519511128275
leaf_weight=527 796 995 752 967 771 570 1045 1206 1017 719 525 765 876 539 12972 509 797 617 501 675 1311 879 2235 6980 138595 24956 1482 36250 60239 1780
leaf_count=527 796 995 752 967 771 570 1045 1206 1017 719 525 765 876 539 12972 509 797 617 501 675 1311 879 2235 6980 138595 24956 1482 36250 60239 1780
internal_value=-3.23584e-05 -0.00381904 2.84576e-05 -1.66492e-07 -0.00169195 -0.00633528 0.00090876 -0.00169248 0.00291031 0.00637234 0.00936709 -0.0123048 -0.00128744 -0.00545455 4.95279e-05 0.00198212 0.00415077 0.00698278 -0.00199601 -0.00418502 -0.000548847 -0.00145474 0.00493097 -8.47266e-06 7.76938e-05 0.00121142 -7.42587e-05 0.000480649 0.00125464 -0.000775499
internal_weight=302848 2543 1747 300305 8560 3068 5492 1733 4182 2289 1570 1335 1893 1310 291745 8491 5495 3649 2996 2487 1812 1846 3032 283254 270282 31936 238346 99751 61721 38030
internal_count=302848 2543 1747 300305 8560 3068 5492 1733 4182 2289 1570 1335 1893 1310 291745 8491 5495 3649 2996 2487 1812 1846 3032 283254 270282 31936 238346 99751 61721 38030
is_linear=0
shrinkage=0.05


Tree=298
num_leaves=31
num_cat=0
split_feature=30 55 46 63 36 60 13 65 60 61 41 55 8 71 42 54 30 55 26 16 30 54 65 62 9 40 62 61 27 68
split_gain=14.0216 52.3899 47.1832 95.4556 32.569 30.1516 29.4022 29.3572 26.7733 47.2881 44.9073 49.5879 73.8999 64.814 53.1747 31.6842 45.0232 26.3282 141.62 144.345 93.7589 67.6288 56.7339 80.9069 74.0337 43.777 33.4409 33.1445 43.0826 31.8601
threshold=0.60401844978332531 1.5000000000000002 17.500000000000004 0.03300911188125611 52.508888244628913 -0.29520720243453974 -0.080339580774307237 0.39618486166000372 0.078675646334886565 0.018555045127868656 0.055449811741709716 1.0000000180025095e-35 0.009484807029366495 -0.13255847245454785 0.020915850065648559 6.7797002792358407 0.21504491567611697 1.5000000000000002 -0.40837328135967249 -0.43325495719909662 0.27234557271003729 6.040837526321412 -0.12807875871658322 -0.058951020240783684 -0.034144951030611985 0.041065812110900886 -0.017931818962097164 -0.027865976095199581 0.057648347690701492 -0.011455721687525509
decision_type=10 2 10 10 2 8 10 10 10 10 10 2 10 10 8 2 10 2 10 10 10 2 8 10 10 10 10 10 10 10
left_child=5 -2 3 -3 -4 6 -1 8 17 10 11 12 14 -13 -10 -14 -17 -7 -19 -20 21 22 24 -24 27 29 -22 -21 -29 -25
right_child=1 2 4 -5 -6 7 -8 -9 9 -11 -12 13 15 -15 -16 16 -18 18 19 20 26 -23 23 25 -26 -27 -28 28 -30 -31
leaf_value=8.76056802256997e-06 0.00010435608623481363 0.00011575033690487524 -0.00051249094931562946 -0.001624113896842825 0.0011123285123178471 -1.1313646155991682e-05 -0.00069457749738313646 0.00053255726582627572 1.3422736778619798e-05 4.8128971083721719e-05 0.00023172903224944909 0.00023070776913255224 -0.00012089747960105993 -0.0005850085988575608 -0.001379369729999187 3.7843032090574315e-05 -0.0011685765703817932 -0.0021371928407025497 0.0027569192625922635 9.0600500426198723e-05 -0.0010673094065696664 -0.00034836371935553762 -0.00073133274418882331 0.00029378972372491705 0.0013283853768223637 0.0012922028113682136 -0.00016749527935212458 0.0011030899213951854 0.00024573526051025737 -0.00032229249195836387
leaf_weight=2213 79735 716 878 775 576 177037 2563 918 569 11764 2978 2329 3441 981 2335 568 740 1098 820 1570 738 588 611 1532 558 553 840 592 1100 1193
leaf_count=2213 79735 716 878 775 576 177037 2563 918 569 11764 2978 2329 3441 981 2335 568 740 1098 820 1570 738 588 611 1532 558 553 840 592 1100 1193
internal_value=-2.42639e-05 0.000530899 -0.00600677 -0.0122252 0.000409836 -0.000232702 -0.00415796 -0.000145501 -0.000183878 -0.00169745 -0.0036664 -0.00514445 -0.00735352 -3.01205e-05 -0.0136239 -0.00349863 -0.010091 2.22411e-05 0.00230874 0.00406819 0.0023824 0.00450825 0.00575852 0.00150038 0.0100783 0.00462287 -0.00875315 0.00715159 0.0119859 0.00199269
internal_weight=302909 82680 2945 1491 1454 220229 4776 215453 214535 25705 13941 10963 7653 3310 2904 4749 1308 188830 11793 10695 9875 8297 7709 3889 3820 3278 1578 3262 1692 2725
internal_count=302909 82680 2945 1491 1454 220229 4776 215453 214535 25705 13941 10963 7653 3310 2904 4749 1308 188830 11793 10695 9875 8297 7709 3889 3820 3278 1578 3262 1692 2725
is_linear=0
shrinkage=0.05


Tree=299
num_leaves=31
num_cat=0
split_feature=52 65 54 69 54 74 36 31 40 60 75 54 65 42 11 27 38 8 67 41 11 75 66 69 26 41 17 54 54 69
split_gain=11.4185 25.5889 18.0822 17.9874 29.4939 15.1624 20.0961 17.7022 11.9742 55.9693 48.9741 64.046 50.6697 46.3736 47.5332 46.8682 40.1854 44.5235 38.4933 55.1426 42.5268 48.652 35.6084 35.2891 65.921 45.7737 40.2122 39.3598 34.8158 33.0539
threshold=12.500000000000002 0.022627115249633793 5.0371797084808358 0.019773576408624653 3.6507880687713627 0.09345016255974771 20.00230693817139 0.085021030157804503 0.031888134777545936 -0.043686289340257638 0.49187968671321874 10.452331066131594 -0.36600917577743525 0.024177739396691326 -0.17185719311237332 0.1108931638300419 0.089917395263910307 -0.33700616657733912 0.23188174515962603 0.011131140869110824 -0.037729665637016289 0.048770597204566009 -0.20302043855190274 0.010177265387028457 -0.074638951569795595 0.018403209745883945 -0.02689257729798555 5.7174386978149423 2.0274899005889897 0.024035197682678703
decision_type=10 8 2 10 2 8 2 10 8 10 8 2 10 10 8 10 10 10 10 10 10 10 10 10 10 10 10 2 2 10
left_child=8 3 -3 5 -5 -2 7 -7 9 10 11 12 16 15 -15 18 -1 -18 28 -20 21 -21 -16 24 26 27 -24 -25 -11 -14
right_child=1 2 -4 4 -6 6 -8 -9 -10 13 -12 -13 29 14 22 -17 17 -19 19 20 -22 -23 23 25 -26 -27 -28 -29 -30 -31
leaf_value=-0.0013852763156955866 -0.00050843653118735107 0.0025008114357548436 0.00011618436668523504 0.00044053792514020139 -0.0015597703660190827 0.0002849664245783949 0.0010450805368083021 -0.00049251796865960287 1.6433283205193353e-05 -0.0013600456606766931 -0.00029465958887591858 0.00062016884090628573 6.1176347988775801e-05 -0.00039459054919436333 0.00014977623195026846 0.00038738644422624296 0.00052812358689375974 -0.00060587354072044535 0.00036785600831012723 -0.00067086545501110896 0.00042243865335750744 -4.0089587408850502e-06 -0.001050930027444363 -0.00021969537445653832 -0.0016892585695022996 -0.00017973030467210646 0.00035311165702024629 0.00051022873654492796 -0.00016764839173173673 0.00030866451455503714
leaf_weight=624 622 787 622 503 533 1909 539 565 198342 533 8422 764 30892 9571 5231 4814 1469 2262 1390 1104 1272 3356 1190 590 1309 10229 1617 831 6067 4836
leaf_count=624 622 787 622 503 533 1909 539 565 198342 533 8422 764 30892 9571 5231 4814 1469 2262 1390 1104 1272 3356 1190 590 1309 10229 1617 831 6067 4836
internal_value=-2.49335e-05 0.00211823 0.00799859 0.000331126 -0.00544933 0.00198903 0.00345683 0.00152979 -6.8919e-05 -0.000519907 0.000670671 0.00138654 0.00111117 -0.00171438 -0.00291059 0.000258816 -0.0039748 -0.00199145 -0.0012307 0.001318 -0.000853361 -0.00315436 -0.00157805 -0.00276369 -0.00673776 -0.00135506 -0.00239617 0.00702306 -0.00397882 0.00173205
internal_weight=302795 6080 1409 4671 1036 3635 3013 2474 296715 98373 49269 40847 40083 49104 30568 18536 4355 3731 13722 7122 5732 4460 20997 15766 4116 11650 2807 1421 6600 35728
internal_count=302795 6080 1409 4671 1036 3635 3013 2474 296715 98373 49269 40847 40083 49104 30568 18536 4355 3731 13722 7122 5732 4460 20997 15766 4116 11650 2807 1421 6600 35728
is_linear=0
shrinkage=0.05


end of trees

feature_importances:
logp=820
mkt_vol_14=492
mkt_r_60=440
mkt_med_r30=366
mkt_dd_90=334
cat_code=325
mkt_up_90=300
r_90=296
vol_30=269
above_ma30=265
ma30_90=226
vol_30_rank=222
up_90=212
atr14=211
mkt_r_14=204
mkt_ma30_dev=202
ma14_60=173
mkt_r_30=173
mkt_med_r7=139
up_60=126
bb_width=126
dd_60_rank=125
ma90_dev=121
mkt_r_7=109
dd_90=104
r_60=103
r_30=99
r_30_rank=99
r_45=98
breadth7=96
rs_30=94
dd_30=92
ma7_30=87
mkt_r_3=83
dsh_30=82
vol_ratio=81
dsl_30=75
vol_14=69
r_14=68
up_30=68
rs_7=68
r_21=66
rsi_14=66
bb_pctb=64
vol_7=64
ma60_dev=56
dd_60=54
ma30_dev=52
pos_60=51
dd_14=49
r_7_rank=49
range=48
lower_shadow=44
flat_14=44
dd_7=43
pos_90=42
ma14_dev=40
up_14=38
rsi_7=36
r_3=35
pos_30=33
down_days_14=32
ma7_dev=31
upper_shadow=30
lr1=24
r_10=23
r_5=22
pos_7=22
up_7=21
r_7=18
pos_14=17
body=17
dow=11
r_1=7
streak=7
down_days_7=2

parameters:
[boosting: gbdt]
[objective: regression_l1]
[metric: l1]
[tree_learner: serial]
[device_type: cpu]
[data_sample_strategy: bagging]
[data: ]
[valid: ]
[num_iterations: 300]
[learning_rate: 0.05]
[num_leaves: 31]
[num_threads: 2]
[seed: 0]
[deterministic: 0]
[force_col_wise: 0]
[force_row_wise: 0]
[histogram_pool_size: -1]
[max_depth: -1]
[min_data_in_leaf: 500]
[min_sum_hessian_in_leaf: 0.001]
[bagging_fraction: 0.7]
[pos_bagging_fraction: 1]
[neg_bagging_fraction: 1]
[bagging_freq: 1]
[bagging_seed: 3]
[bagging_by_query: 0]
[feature_fraction: 0.7]
[feature_fraction_bynode: 1]
[feature_fraction_seed: 2]
[extra_trees: 0]
[extra_seed: 6]
[early_stopping_round: 0]
[early_stopping_min_delta: 0]
[first_metric_only: 0]
[max_delta_step: 0]
[lambda_l1: 0]
[lambda_l2: 10]
[linear_lambda: 0]
[min_gain_to_split: 0]
[drop_rate: 0.1]
[max_drop: 50]
[skip_drop: 0.5]
[xgboost_dart_mode: 0]
[uniform_drop: 0]
[drop_seed: 4]
[top_rate: 0.2]
[other_rate: 0.1]
[min_data_per_group: 100]
[max_cat_threshold: 32]
[cat_l2: 10]
[cat_smooth: 10]
[max_cat_to_onehot: 4]
[top_k: 20]
[monotone_constraints: ]
[monotone_constraints_method: basic]
[monotone_penalty: 0]
[feature_contri: ]
[forcedsplits_filename: ]
[refit_decay_rate: 0.9]
[cegb_tradeoff: 1]
[cegb_penalty_split: 0]
[cegb_penalty_feature_lazy: ]
[cegb_penalty_feature_coupled: ]
[path_smooth: 0]
[interaction_constraints: ]
[verbosity: -1]
[saved_feature_importance_type: 0]
[use_quantized_grad: 0]
[num_grad_quant_bins: 4]
[quant_train_renew_leaf: 0]
[stochastic_rounding: 1]
[linear_tree: 0]
[max_bin: 255]
[max_bin_by_feature: ]
[min_data_in_bin: 3]
[bin_construct_sample_cnt: 200000]
[data_random_seed: 1]
[is_enable_sparse: 1]
[enable_bundle: 1]
[use_missing: 1]
[zero_as_missing: 0]
[feature_pre_filter: 1]
[pre_partition: 0]
[two_round: 0]
[header: 0]
[label_column: ]
[weight_column: ]
[group_column: ]
[ignore_column: ]
[categorical_feature: ]
[forcedbins_filename: ]
[precise_float_parser: 0]
[parser_config_file: ]
[objective_seed: 5]
[num_class: 1]
[is_unbalance: 0]
[scale_pos_weight: 1]
[sigmoid: 1]
[boost_from_average: 1]
[reg_sqrt: 0]
[alpha: 0.9]
[fair_c: 1]
[poisson_max_delta_step: 0.7]
[tweedie_variance_power: 1.5]
[lambdarank_truncation_level: 30]
[lambdarank_norm: 1]
[label_gain: ]
[lambdarank_position_bias_regularization: 0]
[eval_at: ]
[multi_error_top_k: 1]
[auc_mu_weights: ]
[num_machines: 1]
[local_listen_port: 12400]
[time_out: 120]
[machine_list_filename: ]
[machines: ]
[gpu_platform_id: -1]
[gpu_device_id: -1]
[gpu_device_id_list: ]
[gpu_use_dp: 0]
[num_gpu: 1]

end of parameters

pandas_categorical:[]
