tree
version=v4
num_class=1
num_tree_per_iteration=1
label_index=0
max_feature_idx=75
objective=regression_l1
feature_names=lr1 r_1 r_3 r_5 r_7 r_10 r_14 r_21 r_30 r_45 r_60 r_90 ma7_dev ma14_dev ma30_dev ma60_dev ma90_dev ma7_30 ma14_60 ma30_90 dd_7 up_7 pos_7 dd_14 up_14 pos_14 dd_30 up_30 pos_30 dd_60 up_60 pos_60 dd_90 up_90 pos_90 rsi_7 rsi_14 bb_pctb bb_width vol_7 vol_14 vol_30 atr14 vol_ratio streak dsh_30 dsl_30 body range lower_shadow upper_shadow down_days_7 down_days_14 flat_14 logp cat_code dow breadth7 above_ma30 mkt_med_r7 mkt_med_r30 mkt_r_3 mkt_r_7 mkt_r_14 mkt_r_30 mkt_r_60 mkt_dd_90 mkt_up_90 mkt_ma30_dev mkt_vol_14 rs_7 rs_30 r_30_rank r_7_rank dd_60_rank vol_30_rank
feature_infos=[-1.54044508934021:2.1541650295257568] [-0.78571426868438721:7.620689868927002] [-0.8636777400970459:8.4339618682861328] [-0.8759198784828186:8.4696969985961914] [-0.88876348733901978:8.8039216995239258] [-0.89595454931259155:8.7276268005371094] [-0.91058593988418579:11.571428298950195] [-0.92568182945251465:13.600000381469727] [-0.93105214834213257:15.769230842590332] [-0.93405407667160034:26.206483840942383] [-0.91695451736450195:24.266933441162109] [-0.93120604753494263:33.433334350585938] [-0.83426225185394287:3.2599804401397705] [-0.84539651870727539:4.9261765480041504] [-0.88661372661590576:6.6390304565429688] [-0.88729965686798096:7.8354830741882324] [-0.86359363794326782:8.4109954833984375] [-0.84022045135498047:1.9083225727081299] [-0.79721689224243164:1.8844234943389893] [-0.76346093416213989:1.5600550174713135] [-0.99764770269393921:0] [0:43.285713195800781] [0:1] [-0.99799978733062744:0] [0:43.285713195800781] [0:1] [-0.99829983711242676:0] [0:43.285713195800781] [0:1] [-0.99829983711242676:0] [0:47.888889312744141] [0:1] [-0.99829983711242676:0] [0:50.288887023925781] [0:1] [0:100] [0:100] [-2.1221871376037598:2.1242644786834717] [0:5.3874988555908203] [0:0.88492739200592041] [0:0.60275000333786011] [6.1887243646197021e-05:0.49985387921333313] [9.6271405709558167e-06:90.739250183105469] [0:2.1980865001678467] [-41:13] [0:29] [0:29] [-0.87771427631378174:7.620689868927002] [0:11.12399959564209] [0:0.97741937637329102] [0:11] [0:7] [0:14] [0:0.92857140302658081] [-1.272965669631958:11.944707870483398] [0:2] [0:6] [0:0.88723570108413696] [0:0.90714871883392334] [-0.49043089151382446:0.32319384813308716] [-0.37815850973129272:0.39620688557624817] [-0.23645156621932983:0.22643470764160156] [-0.30281603336334229:0.22961318492889404] [-0.35514229536056519:0.38515114784240723] [-0.35872679948806763:0.41713762283325195] [-0.4763796329498291:0.46589338779449463] [-0.50157433748245239:0] [0:0.51066893339157104] [-0.27896097302436829:0.23447802662849426] [0.0067007299512624741:0.086882449686527252] [-0.84624391794204712:8.8478212356567383] [-0.98684787750244141:15.781827926635742] [0.00078308535739779472:1] [0.00078308535739779472:1] [0.00078308535739779472:1] [0.00078308535739779472:1]
tree_sizes=3125 3149 3169 3141 3141 3117 3152 3118 3150 3138 3132 3136 3159 3162 3135 3137 3136 3160 3122 3139 3152 3153 3157 3167 3167 3134 3158 3140 3169 3145 3148 3148 3169 3137 3181 3131 3105 3141 3144 3126 3129 3155 3123 3146 3127 3168 3163 3139 3142 3156 3106 3156 3093 3144 3096 3134 3147 3133 3125 3148 3171 3124 3163 3154 3164 3109 3156 3118 3153 3145 3114 3131 3153 3109 3083 3094 3185 3127 3112 3164 3122 3161 3142 3157 3115 3137 3105 3144 3119 3124 3143 3098 3130 3156 3188 3076 3157 3078 3149 3159 3097 3121 3102 3126 3160 3097 3121 3132 3089 3143 3112 3081 3129 3094 3122 3117 3153 3081 3118 3122 3106 3076 3119 3101 3101 3105 3098 3155 3133 3110 3108 3106 3137 3126 3154 3103 3107 3123 3096 3077 3142 3117 3166 3109 3174 3135 3104 3122 3090 3093 3123 3119 3133 3099 3125 3095 3108 3096 3110 3144 3068 3112 3135 3099 3107 3095 3123 3141 3103 3137 3096 3083 3175 3089 3152 3124 3114 3057 3153 3089 3111 3096 3121 3046 3115 3143 3091 3100 3034 3116 3116 3129 3079 3088 3142 3142 3160 3105 3080 3078 3172 3121 3156 3131 3131 3136 3082 3070 3101 3129 3085 3099 3135 3097 3087 3125 3130 3124 3095 3090 3086 3093 3120 3142 3071 3143 3118 3103 3118 3073 3108 3194 3104 3098 3097 3135 3119 3113 3097 3141 3110 3113 3112 3146 3094 3114 3114 3125 3139 3062 3101 3118 3111 3139 3082 3158 3069 3109 3048 3078 3062 3078 3076 3116 3104 3126 3097 3137 3068 3077 3129 3096 3160 3097 3143 3057 3069 3094 3093 3101 3120 3132 3120 3142 3068 3074 3085 3108 3134 3075 3088 3049 3098 3107 3137 3071 3075 3133 3060 3093

Tree=0
num_leaves=31
num_cat=0
split_feature=38 64 54 69 41 64 55 10 71 11 54 69 30 54 65 54 55 69 54 55 69 69 55 55 69 55 68 30 41 54
split_gain=1018.6 2343.99 3607 2683.87 1938.12 1692.83 2968.59 2485.51 1805.64 1147.21 1663.93 1018.8 827.029 760.246 756.207 895.973 716.5 683.924 635.878 618.337 566.341 553.932 505.749 1118 489.117 484.873 481.624 448.607 413.634 400.086
threshold=0.2774153351783753 -0.059769093990325921 5.6276030540466317 0.016163060441613201 0.026486550457775596 -0.05561664700508117 1.0000000180025095e-35 -0.29404608905315394 -0.19734435528516767 0.13024076074361804 5.6854317188262948 0.016163060441613201 0.18216259777545932 7.8237440586090097 -0.32758948206901545 5.0716364383697519 1.5000000000000002 0.017362957820296291 6.1794054508209237 1.0000000180025095e-35 0.011905697174370291 0.015415531583130361 1.5000000000000002 1.0000000180025095e-35 0.035765979439020164 1.5000000000000002 0.16445285081863406 0.18803004175424579 0.058139579370617873 3.6761741638183598
decision_type=8 10 2 10 8 8 2 10 8 10 2 10 10 2 10 2 2 10 2 2 10 10 2 2 10 2 10 10 10 2
left_child=1 4 11 13 14 7 9 22 21 20 17 12 -3 19 -1 25 18 -11 -6 -4 -7 -8 23 -2 -10 -16 -19 -24 -9 -14
right_child=5 2 3 -5 16 6 8 28 24 10 -12 -13 29 -15 15 -17 -18 26 -20 -21 -22 -23 27 -25 -26 -27 -28 -29 -30 -31
leaf_value=-0.0010606244206428528 -0.00026475470513105394 3.6279950290918353e-05 -0.0022266976535320281 0.00016626641154289247 -0.00085402242839336404 0.0028535187244415287 -0.0040360439568758013 -0.0016596373170614243 -0.0086908504366874691 0.018965440988540652 -0.0025860822759568693 -0.00065448638051748278 0.0062301747500896456 -0.0076011508703231817 0.00011972934007644654 0.0027292710728943348 0.0023184830322861673 0.0017006944864988327 0.0012886275537312031 -0.0046448916196823124 -0.00056506693363189697 0.0074880667030811313 0.0012757912278175355 0.005278391018509865 0.0078881945461034778 0.0023867804557085037 0.011678919568657875 -0.0076557856053113939 -0.005297146737575531 0.0021377684548497199
leaf_weight=2357 33558 8994 8401 15108 18756 11813 1031 13094 8312 10324 5884 12033 11983 6163 5071 16184 2644 10939 12053 4827 34739 1663 507 3875 590 1302 3296 1274 21804 7272
leaf_count=2357 33558 8994 8401 15108 18756 11813 1031 13094 8312 10324 5884 12033 11983 6163 5071 16184 2644 10939 12053 4827 34739 1663 507 3875 590 1302 3296 1274 21804 7272
internal_value=8.68651e-05 0.00332988 -0.00253105 -0.0143948 0.0108382 -0.0025671 0.00209761 -0.00814266 -0.021476 0.00565028 0.0131957 0.00763055 0.0128189 -0.0266997 0.021393 0.0242079 0.00297343 0.0189161 0.000825789 -0.0199162 0.000714102 0.0143491 0.00049587 0.00173731 -0.0323216 0.00831114 0.0117971 -0.0254606 -0.0178469 0.0186634
internal_weight=295851 133148 74781 34499 58367 162703 88591 74112 11596 76995 30443 40282 28249 19391 24914 22557 33453 24559 30809 13228 46552 2694 39214 37433 8902 6373 14235 1781 34898 19255
internal_count=295851 133148 74781 34499 58367 162703 88591 74112 11596 76995 30443 40282 28249 19391 24914 22557 33453 24559 30809 13228 46552 2694 39214 37433 8902 6373 14235 1781 34898 19255
is_linear=0
shrinkage=0.05


Tree=1
num_leaves=31
num_cat=0
split_feature=42 60 54 69 54 60 54 60 60 54 33 16 71 54 69 11 58 69 11 15 41 54 41 69 13 38 11 11 11 41
split_gain=1459.05 1819.89 3300.27 2223.19 1690.01 865.182 737.273 2848.76 2135.05 1532.28 2136.91 1156.84 1059.91 877.431 851.242 821.307 604.908 734.381 593.814 512.068 496.884 477.672 472.359 464.759 437.272 430.125 414.84 337.094 336.699 328.121
threshold=0.036339491605758674 -0.045014105737209313 5.4808056354522714 0.017019351944327358 5.6276030540466317 -0.23612862080335614 7.4502248764038095 -0.049221385270357125 -0.045014105737209313 5.0716364383697519 0.29702104628086096 -0.028361898846924301 -0.1800785958766937 5.9215650558471689 0.019753501750528816 0.138786755502224 0.74469971656799328 0.0091947759501636046 0.14756402373313907 -0.091257195919752107 0.16172736883163455 1.7825501561164858 0.058992227539420135 0.022169589996337894 0.09931920096278192 0.22006589919328692 0.14756402373313907 -0.42122215032577509 -0.61096733808517445 0.02263988554477692
decision_type=8 8 2 10 2 10 2 10 8 2 10 10 8 2 10 8 2 10 8 8 10 2 10 10 10 10 8 10 10 10
left_child=1 4 18 26 -1 -6 8 19 11 10 21 13 23 14 25 -16 17 -12 29 -8 22 -10 -15 -9 -19 -2 -4 -7 -27 -3
right_child=6 2 3 -5 5 27 7 12 9 -11 16 -13 -14 20 15 -17 -18 24 -20 -21 -22 -23 -24 -25 -26 28 -28 -29 -30 -31
leaf_value=0.00027144024614244704 -7.5744995847344405e-05 -0.0015390556911006571 -0.0062028921023011205 0.00036566931754350662 -0.0020710874744690952 0.0010041335970163345 0.0022326096799224616 -0.0035791372321546076 0.0029272516421042383 -0.0010585294710472226 0.035733016431331636 -0.0043827813304960729 -0.0078939113020896918 0.001402573473751545 0.0012081338092684746 -0.0021675121039152145 0.01519726885482669 0.0033038139156997201 0.0057792197051458067 -0.00079081833362579343 0.0087430992908775814 -0.0016276322305202485 -0.0020492658857256172 0.001909574158489704 0.00013014366850256921 -0.00095114418305456642 -0.0016058065742254259 0.0026383217191323638 -0.0034220051020383835 0.0022414204990491272
leaf_weight=16282 5120 3496 8889 10463 1228 2419 7592 2417 4840 31577 2843 21163 9961 7237 14320 16059 5802 27179 10380 6743 1829 18162 4069 1727 8302 4053 3783 16591 14375 6768
leaf_count=16282 5120 3496 8889 10463 1228 2419 7592 2417 4840 31577 2843 21163 9961 7237 14320 16059 5802 27179 10380 6743 1829 18162 4069 1727 8302 4053 3783 16591 14375 6768
internal_value=-3.33132e-05 0.00571854 -0.00115668 -0.0141218 0.0139584 0.0236023 -0.00217801 -0.00967663 -0.0010367 0.00401509 0.00828741 -0.00668839 -0.0256217 -0.0034709 -0.00629345 -0.000761789 0.0147272 0.0124433 0.0133727 0.00601952 0.00811335 -0.00406744 0.00418876 -0.00435725 0.0104773 -0.0134264 -0.0281974 0.0262303 -0.0169867 0.00483745
internal_weight=295669 80299 43779 23135 36520 20238 215370 28440 186930 98705 67128 88225 14105 67062 53927 30379 44126 38324 20644 14335 13135 23002 11306 4144 35481 23548 12672 19010 18428 10264
internal_count=295669 80299 43779 23135 36520 20238 215370 28440 186930 98705 67128 88225 14105 67062 53927 30379 44126 38324 20644 14335 13135 23002 11306 4144 35481 23548 12672 19010 18428 10264
is_linear=0
shrinkage=0.05


Tree=2
num_leaves=31
num_cat=0
split_feature=48 72 65 55 64 41 55 17 72 41 60 58 65 65 64 71 34 55 27 60 75 11 60 11 75 30 75 11 55 69
split_gain=1083.51 439.034 1159.78 619.922 614.339 517.488 721.422 462.649 418.796 679.903 1427.28 544.799 446.584 418.301 367.03 488.336 357.789 927.534 1010.35 626.245 681.81 729.516 624.527 561.294 464.583 425.753 347.879 331.018 680.564 556.69
threshold=0.030068360269069675 0.89494562149047863 -0.019628047943115231 1.0000000180025095e-35 -0.059769093990325921 0.17126288264989856 1.0000000180025095e-35 -0.1421759948134422 0.44241911172866827 0.024279337376356128 -0.045014105737209313 0.22083006799221042 -0.34573695063590998 -0.019628047943115231 -0.24710273742675778 0.62556627392768871 0.22118014097213748 1.0000000180025095e-35 0.12631851434707644 -0.038430392742156975 0.70949560403823864 -0.72499457001686085 -0.045014105737209313 0.099191352725029006 0.71330502629280101 0.41828919947147375 0.59045344591140758 0.18277533352375033 1.0000000180025095e-35 0.015415531583130361
decision_type=2 10 8 2 10 10 2 10 10 10 10 2 10 10 10 8 8 2 10 8 10 10 10 8 10 10 10 8 2 10
left_child=8 5 -3 4 26 7 -7 14 27 10 12 -11 -10 -12 -2 -16 -9 19 22 24 23 -22 -19 -21 -18 -20 -4 29 -29 -1
right_child=1 2 3 -5 -6 6 -8 16 9 11 13 -13 -14 -15 15 -17 17 18 25 20 21 -23 -24 -25 -26 -27 -28 28 -30 -31
leaf_value=-0.0014809055421501399 -0.0002170340344309807 -0.0061276642580050979 0.0052882118998095395 -0.012281441829865798 0.0051232912791892892 -0.00018923988565802577 0.012302252711262555 0.00049230560520663856 -0.0020901443879702132 -0.0012704524302389474 0.0025795637005940081 0.0013803721414878964 0.0023645299079362303 -0.0038026129510253665 -0.0020849506324157117 -0.011943429321050645 -0.00035496055404655639 0.002193209235556424 -0.0023162528335815293 -0.0019740617407951505 -0.001325640146038495 0.0075028973827138542 -0.0017496484906878323 0.00058465955744031815 -0.004066538353916258 -0.0069211336588487042 -0.0066772117153741433 0.0023925461992621421 -0.002248979574767873 0.00047247842210344977
leaf_weight=16242 11914 9897 751 1159 9302 4354 2578 41082 644 9300 844 25335 12066 3278 17026 1203 14346 2431 4186 9802 4012 10731 2889 27318 7692 4217 2692 16061 3920 18953
leaf_count=16242 11914 9897 751 1159 9302 4354 2578 41082 644 9300 844 25335 12066 3278 17026 1203 14346 2431 4186 9802 4012 10731 2889 27318 7692 4217 2692 16061 3920 18953
internal_value=-0.000108191 -0.00237616 -0.00872496 0.000589334 0.00378283 -0.00146419 0.0118986 -0.00204804 0.00392347 0.00716728 0.0154079 0.00315919 0.023695 -0.0101404 -0.00762279 -0.0120813 -0.000741944 -0.00254696 -0.0144797 -0.00032945 0.00267095 0.0117637 0.00257036 -0.000942634 -0.00738843 -0.0252645 -0.014234 0.000896967 0.00603522 -0.00202102
internal_weight=296225 189582 23801 13904 12745 165781 6932 158849 106643 51467 16832 34635 12710 4122 30143 18229 128706 87624 13723 73901 51863 14743 5320 37120 22038 8403 3443 55176 19981 35195
internal_count=296225 189582 23801 13904 12745 165781 6932 158849 106643 51467 16832 34635 12710 4122 30143 18229 128706 87624 13723 73901 51863 14743 5320 37120 22038 8403 3443 55176 19981 35195
is_linear=0
shrinkage=0.05


Tree=3
num_leaves=31
num_cat=0
split_feature=48 33 55 54 60 60 55 54 38 65 33 69 58 69 8 41 60 7 67 66 9 66 66 55 38 67 41 54 60 69
split_gain=973.739 536.911 931.137 858.276 3528.88 1839.65 1925.66 1109.45 969.302 1105.24 878.725 723.694 567.451 649.671 550.496 486.655 463.685 453.486 411.996 393.552 379.494 377.457 337.075 328.467 491.309 316.181 311.654 302.993 1995.67 1115.12
threshold=0.020142921246588234 0.071434658020734801 1.0000000180025095e-35 7.0390028953552255 -0.049221385270357125 -0.045014105737209313 1.0000000180025095e-35 4.9975163936614999 0.17834354937076571 -0.2715532779693603 0.20959798246622088 0.022169589996337894 0.74469971656799328 0.0091947759501636046 0.096668194979429259 0.043490041047334678 -0.028714482672512528 0.03015113435685635 0.13218269497156146 -0.26625788211822504 0.21202158927917483 -0.01640649605542421 -0.12575253844261167 1.5000000000000002 0.37632709741592413 0.13539277762174609 0.21968963742256167 7.1068067550659189 -0.045014105737209313 0.017019351944327358
decision_type=2 8 2 2 10 10 2 2 8 10 10 10 2 10 10 10 10 8 8 10 8 10 10 2 8 10 10 2 8 10
left_child=27 2 22 5 14 8 7 10 -3 23 20 -6 13 -12 18 -11 -4 -13 -5 -8 -7 -15 -2 -10 -25 -17 -20 -1 -29 -30
right_child=1 3 16 4 11 6 19 -9 9 15 12 17 -14 21 -16 25 -18 -19 26 -21 -22 -23 -24 24 -26 -27 -28 28 29 -31
leaf_value=0.0010627149743027986 0.0002244584863772616 0.0012556928783713376 0.0022730396971164741 0.0022767723971046506 -0.006178188200091245 -0.00077945046463282787 0.0014711263921257343 -0.00049370570828323251 -0.00037654874403961008 -0.00042626341565046459 0.02886802926526871 0.0012097038409789092 0.014174548736633734 0.0028873840272543023 -0.0050649790783529177 -0.0048154245195386469 -0.00072270803868304946 -0.00484280622949591 0.00011507115875137973 -0.0028229028078319974 -0.01976044712662697 -0.0012271169397514315 -0.0048798219463438734 0.00088825370149279471 -0.0067304611484898498 -0.0025618236062640793 0.011655887880106457 0.0019950716450926847 -0.0062679458177648494 0.00028175332198152319
leaf_weight=58003 14753 7500 5634 5563 15377 4374 766 19669 43381 7331 2969 2379 5653 30276 1510 13276 1245 1349 9951 7778 536 3331 1998 1156 2042 11206 1065 6804 4623 4085
leaf_count=58003 14753 7500 5634 5563 15377 4374 766 19669 43381 7331 2969 2379 5653 30276 1510 13276 1245 1349 9951 7778 536 3331 1998 1156 2042 11206 1065 6804 4623 4085
internal_value=-0.000108088 -0.00175929 0.00536379 -0.00260774 -0.00945328 -0.00102819 0.00467344 0.0075324 -0.00603013 -0.00767327 0.0116938 -0.0244337 0.0140214 0.0117367 0.00637328 -0.0148556 0.0208376 -0.0046549 0.00900898 -0.0176643 -0.00831301 0.00974953 -0.000999344 -0.00276567 -0.0182045 -0.0182386 0.00340105 0.00487929 -0.00132715 -0.0171714
internal_weight=295583 222068 23630 198438 37194 161244 75352 66808 85892 78392 47139 19105 42229 36576 18089 31813 6879 3728 16579 8544 4910 33607 16751 46579 3198 24482 11016 73515 15512 8708
internal_count=295583 222068 23630 198438 37194 161244 75352 66808 85892 78392 47139 19105 42229 36576 18089 31813 6879 3728 16579 8544 4910 33607 16751 46579 3198 24482 11016 73515 15512 8708
is_linear=0
shrinkage=0.05


Tree=4
num_leaves=31
num_cat=0
split_feature=42 60 41 11 65 32 65 10 75 64 11 11 41 40 65 67 75 10 75 15 19 67 19 58 60 65 64 18 32 19
split_gain=1183.5 1513.93 1206.3 1035.74 575.531 538.216 513.196 1803.7 808.203 1123.34 1020.76 771.006 706.304 579.791 510.632 814.609 501.806 624.823 460.762 438.57 436.697 412.929 628.326 428.408 389.202 399.262 363.661 613.178 519.441 411.39
threshold=0.035334054380655296 -0.045014105737209313 0.025887317024171356 0.16550966352224353 -0.34573695063590998 -0.34263843297958368 -0.019628047943115231 -0.11050282418727873 0.64213100075721752 -0.059769093990325921 inf -0.59446361660957325 0.052117934450507171 0.23927468806505206 -0.019628047943115231 0.23060788959264758 0.5826266109943391 -0.40230476856231684 0.30973048508167272 0.0018966561765410008 -0.038785224780440324 0.16374813765287402 -0.061346597969532006 0.74469971656799328 -0.12373321503400801 -0.24360802769660947 -0.082151830196380601 -0.50952851772308339 -0.39285388588905329 0.012013810686767103
decision_type=8 8 10 8 10 8 8 10 10 10 8 10 10 10 10 10 10 8 10 8 10 10 10 2 10 10 10 10 8 8
left_child=1 2 4 14 -1 -6 7 16 26 11 21 19 -9 -12 -3 18 -2 24 -16 -10 -17 22 -11 -23 -18 -26 -8 -28 -29 -30
right_child=6 3 -4 -5 5 -7 8 12 9 10 13 -13 -14 -15 15 20 17 -19 -20 -21 -22 23 -24 -25 25 -27 27 28 29 -31
leaf_value=-0.0021883677639882079 0.00061234763565036704 0.0010000642558990512 5.0381678855628698e-05 0.0017081107257222177 0.0011350133810471743 0.002356482098539127 0.00010554634085536235 -0.00070578905044007113 0.0028730648085591383 -0.014804967396614084 -0.0034011597172240726 -0.0042103822694273549 -0.00551996435551373 0.011082508051884361 -0.0061661758636543523 -0.0017747074103751218 -0.0013283592022373342 -0.0019946634654534863 0.00031354118367191408 -0.0018851973049054506 0.00070878713313024489 0.0019230713391787141 0.017961494982275474 0.013194807084968197 0.0077175087983309635 -0.00042475924564729209 -0.012543019886548573 0.00081782507749099745 -0.0028554995541644167 -0.00090227588828085579
leaf_weight=971 27425 4047 12530 16210 7844 13757 34430 8419 6172 661 5755 6710 16134 1230 7753 5516 4403 17785 1853 5534 6733 18218 7348 4896 3268 2561 985 11129 10231 24774
leaf_count=971 27425 4047 12530 16210 7844 13757 34430 8419 6172 661 5755 6710 16134 1230 7753 5516 4403 17785 1853 5534 6733 18218 7348 4896 3268 2561 985 11129 10231 24774
internal_value=-0.000161535 0.00515772 0.0128247 -0.00123451 0.0197281 0.021422 -0.00204514 -0.00523155 -0.000198793 0.00439558 0.00929482 -0.00574189 -0.0165106 -0.00796998 -0.00743671 -0.0104574 -0.000234437 -0.00493988 -0.0213498 0.0020058 -0.00190472 0.0131709 0.0229517 0.0097734 0.00490139 0.013367 -0.00338344 -0.00623714 -0.00539832 -0.00838926
internal_weight=295282 77214 35102 42112 22572 21601 218068 79995 138073 56524 38108 18416 24553 6985 25902 21855 55442 28017 9606 11706 12249 31123 8009 23114 10232 5829 81549 47119 46134 35005
internal_count=295282 77214 35102 42112 22572 21601 218068 79995 138073 56524 38108 18416 24553 6985 25902 21855 55442 28017 9606 11706 12249 31123 8009 23114 10232 5829 81549 47119 46134 35005
is_linear=0
shrinkage=0.05


Tree=5
num_leaves=31
num_cat=0
split_feature=42 58 54 41 67 54 33 58 54 41 55 30 58 54 33 10 54 72 8 72 5 68 67 58 30 68 54 55 58 33
split_gain=1111.56 708.764 3152.59 1484.99 907.451 654.023 594.302 1016.54 553.417 503.281 796.395 2551.1 1215.76 2026.33 1041.72 882.886 782.149 696.353 590.392 503.173 537.827 462.531 438.631 578.297 433.223 403.02 388.995 388.198 377.897 362.449
threshold=0.048829581588506706 0.37291786074638372 5.4576687812805185 0.025887317024171356 0.13218269497156146 5.0472242832183847 0.46560314297676092 0.74469971656799328 1.7825501561164858 0.17126288264989856 1.0000000180025095e-35 0.29646734893321997 0.37291786074638372 5.796194553375245 0.20214856415987018 -0.34927882254123682 5.236574888229371 0.99751436710357677 -0.11634168028831481 0.34222164750099188 0.66281738877296459 -0.0025688029127195473 0.12801153957843783 0.74469971656799328 0.16481859236955645 -0.16132124513387677 6.6562123298645028 1.5000000000000002 0.28347688913345342 0.41525869071483618
decision_type=8 2 2 8 8 2 10 2 2 10 2 8 2 2 10 10 2 8 10 10 8 8 10 2 8 10 2 2 2 8
left_child=1 3 24 5 -4 27 7 -6 21 10 12 18 15 14 -14 -10 -11 26 -12 20 -13 -2 -16 -24 -3 -7 -15 -1 -18 -9
right_child=8 2 4 -5 6 25 -8 29 9 16 11 19 13 17 22 -17 28 -19 -20 -21 -22 -23 23 -25 -26 -27 -28 -29 -30 -31
leaf_value=-0.00015305646232166329 -0.00030415334166250269 0.00033237569895782509 -0.010149760311839871 3.2278136198583398e-06 0.00079435304198157981 -0.0023073522552225045 -0.0020488225575012475 -0.0045914614720736647 -0.00020694482360211262 -0.0018867130027003878 0.0027204939599087667 -0.001599419588520657 -0.0017222093238733979 -0.0013151515007945452 0.01612973917142993 -0.0025441407636233055 0.011004573745315431 0.0026389422905010868 -0.00089706161911827812 -0.0064971679426281924 -0.013593570274419806 0.004534362584764127 0.0015439992525914424 0.011838938441237347 0.0035270625861930681 0.0020062047227357399 -0.0040179600351428818 0.0020728239394989796 -0.0009500069410144353 -1.4956798457118562e-05
leaf_weight=6557 10441 9566 5367 31829 9819 635 9916 3138 28135 5233 5047 4534 8582 5152 3794 37952 3256 2332 3123 7410 1410 7476 25561 5209 21884 19035 9480 1302 1061 1461
leaf_count=6557 10441 9566 5367 31829 9819 635 9916 3138 28135 5233 5047 4534 8582 5152 3794 37952 3256 2332 3123 7410 1410 7476 25561 5209 21884 19035 9480 1302 1061 1461
internal_value=-0.000211527 0.00348451 -0.000293488 0.00737603 -0.0119737 0.0158775 -0.00786231 -0.00137926 -0.00275403 -0.00370261 -0.00442189 -0.0133092 -0.00290515 0.00224052 0.00799657 -0.00758506 0.00741632 -0.0123954 0.00869193 -0.0267659 -0.0158885 0.00556981 0.0118673 0.00988304 0.0107374 0.020747 -0.016439 0.00367899 0.0231454 -0.0207529
internal_weight=295697 120509 61151 59358 29701 27529 24334 14418 175188 157271 147721 21524 126197 60110 43146 66087 9550 16964 8170 13354 5944 17917 34564 30770 31450 19670 14632 7859 4317 4599
internal_count=295697 120509 61151 59358 29701 27529 24334 14418 175188 157271 147721 21524 126197 60110 43146 66087 9550 16964 8170 13354 5944 17917 34564 30770 31450 19670 14632 7859 4317 4599
is_linear=0
shrinkage=0.05


Tree=6
num_leaves=31
num_cat=0
split_feature=42 60 54 55 69 54 54 55 60 54 71 16 55 33 54 58 69 60 69 58 69 55 54 19 41 55 54 54 25 18
split_gain=1061.31 1101.87 3201.94 2123.28 1415.85 1367.56 1164.94 641.524 602.895 2875.77 1108.43 1099.97 1085.47 1169.26 755.219 800.355 773.822 571.386 454.131 434.945 539.272 429.839 428.584 424.334 380.07 369.87 343.703 333.086 313.74 310.509
threshold=0.049187390133738525 -0.045014105737209313 4.6957874298095712 1.0000000180025095e-35 0.017362957820296291 5.9215650558471689 7.0390028953552255 1.0000000180025095e-35 -0.045014105737209313 6.5252423286437997 -0.1800785958766937 -0.06704301759600638 1.0000000180025095e-35 0.34530283510684973 5.9215650558471689 0.27682067453861242 0.019753501750528816 -0.26004828512668604 0.016712979413568977 0.74469971656799328 0.012457133270800115 1.0000000180025095e-35 7.8237440586090097 -0.14081251621246335 0.040993353351950652 1.5000000000000002 5.2886962890625009 1.7825501561164858 0.055558988824486739 -0.15103285014629361
decision_type=8 8 2 2 10 2 2 2 8 2 10 10 2 10 2 2 10 10 10 2 10 2 2 8 10 2 2 2 10 10
left_child=1 3 18 5 6 -1 7 -4 11 12 28 14 13 27 16 21 -2 -5 25 20 -15 -16 -12 -18 -7 -3 -21 -10 -11 -20
right_child=8 2 4 17 -6 24 -8 -9 9 10 22 -13 -14 19 15 -17 23 -19 29 26 -22 -23 -24 -25 -26 -27 -28 -29 -30 -31
leaf_value=-0.0006659067322710311 -0.0026350272006185459 0.0054979687954576431 -0.00039542177745761458 -0.0016044184455428915 0.00016697899415829963 0.001968452542679259 -0.0053546102731309667 -0.0035953655224047116 0.0032065865080657626 -0.0046942757193221829 -0.0031975764334451688 -0.0035606178436196571 -0.0023251004610104009 0.006753411481734738 0.0010721196238230632 -0.0015775328336791719 0.0013789859186266688 0.0020233392847515057 0.0029176550783454602 0.014093846899929194 0.0013871897680936389 0.0053802155842131473 -0.0089044944802032459 -0.0012390891767475342 -0.00056157148775590616 -0.0019041850005830014 -0.00084030850127171999 -0.0011318006707812887 0.00051909721739109302 -0.00072705705650842286
leaf_weight=25241 14889 19335 10398 965 16076 10964 9314 4126 4170 2533 6858 24142 5634 11493 7565 4352 9370 14918 2131 5044 24744 4433 4896 17130 2088 1112 1000 18730 6617 5199
leaf_count=25241 14889 19335 10398 965 16076 10964 9314 4126 4170 2533 6858 24142 5634 11493 7565 4352 9370 14918 2131 5044 24744 4433 4896 17130 2088 1112 1000 18730 6617 5199
internal_value=-0.000258734 0.00331769 -0.000935732 0.00863138 -0.0100065 0.00225439 -0.0177373 -0.00887574 -0.00276943 1.47173e-05 -0.0162762 -0.0058877 0.00482527 0.00664586 -0.00213943 0.00695599 -0.00573323 0.0239948 0.0120974 0.0115734 0.00949734 0.0136159 -0.0264281 -0.000607318 0.0153881 0.0159236 0.0239841 -0.00245308 -0.00322052 0.00141689
internal_weight=295467 121867 67691 54176 39914 38293 23838 14524 173600 91719 20904 81881 70815 65181 57739 16350 41389 15883 27777 42281 36237 11998 11754 26500 13052 20447 6044 22900 9150 7330
internal_count=295467 121867 67691 54176 39914 38293 23838 14524 173600 91719 20904 81881 70815 65181 57739 16350 41389 15883 27777 42281 36237 11998 11754 26500 13052 20447 6044 22900 9150 7330
is_linear=0
shrinkage=0.05


Tree=7
num_leaves=31
num_cat=0
split_feature=42 66 54 67 11 65 75 54 8 67 75 69 54 11 65 33 54 15 54 69 65 33 74 57 58 19 66 54 66 11
split_gain=1049.59 1540.86 1355.02 842.205 784.338 737.734 575.077 573.97 2376.1 1131.57 1110.02 674.901 1158.94 770.752 633.678 572.888 645.186 538.838 497.481 455.718 453.569 434.632 429.24 424.15 412.271 390.062 377.282 373.02 370.465 361.656
threshold=0.036339491605758674 -0.12127298489212988 5.3167710304260263 0.17542953044176104 -0.3366489559412002 -0.34573695063590998 0.30973048508167272 7.4502248764038095 -0.059662479907274239 0.058803495019674308 0.64213100075721752 0.015415531583130361 4.4772801399230966 0.14756402373313907 -0.03121271729469299 0.38815686106681829 5.4808056354522714 -0.13628353178501126 5.3167710304260263 0.022169589996337894 -0.36612084507942194 1.1190065741539004 0.27285361289978033 0.44388101994991308 0.74469971656799328 -0.23888617008924481 -0.27071803808212275 3.6761741638183598 -0.12575253844261167 2.7088773250579838
decision_type=8 8 2 8 8 10 8 2 10 8 10 10 2 10 10 10 2 8 2 10 10 8 8 2 2 8 10 2 10 8
left_child=1 4 6 -4 21 -6 -3 9 14 10 27 12 13 -11 -9 18 26 -16 -7 -10 -12 -1 25 -15 -5 29 -17 -2 -27 -13
right_child=7 2 3 24 5 15 -8 8 19 11 20 22 -14 23 17 16 -18 -19 -20 -21 -22 -23 -24 -25 -26 28 -28 -29 -30 -31
leaf_value=0.00014120275425281536 -0.001447737472485339 -0.00095168716713248829 -0.0078305728663371158 0.00020239718390293568 -0.0014995722836809769 0.00098644831229718986 0.0063583270311677658 0.0018420719675370898 -0.0064873455859176437 0.0015590741561592768 0.0026695647882426978 0.0047041964081369304 -0.00072912857002084769 0.002591305448470332 0.00097055000508975721 -0.0045076208977263034 -0.0014654904487395759 -0.0037858654008089336 0.001951497938085808 -0.0014023217041784612 -0.00411169068134768 -0.0040604317024332346 -0.00075172813479150175 0.023854108490050641 -0.0033171198442616318 -0.00081082474483576872 0.0048929377639060113 0.00081598144004907294 0.003297239757319144 -0.0037363788231844913
leaf_weight=12490 4951 4477 5695 5464 3741 9733 5127 10456 8475 23315 1772 5306 22461 2440 3138 748 3472 3536 20495 2880 15417 1016 73524 6329 3253 15596 5030 8769 6175 780
leaf_count=12490 4951 4477 5695 5464 3741 9733 5127 10456 8475 23315 1772 5306 22461 2440 3138 748 3472 3536 20495 2880 15417 1016 73524 6329 3253 15596 5030 8769 6175 780
internal_value=-0.000303475 0.00455784 -0.00605594 -0.0157468 0.00905173 0.0123378 0.00848762 -0.0021265 -0.00873662 -0.00111831 -0.0098564 0.000614355 0.00509852 0.0111952 0.00302217 0.0143487 0.00345572 -0.00900658 0.0176797 -0.0264628 -0.0183179 -0.00146493 -0.00179848 0.0238239 -0.00596425 0.0034862 0.0136835 0.000750182 0.000355815 0.0146654
internal_weight=296061 80741 24016 14412 56725 43219 9604 215320 28485 186835 30909 155926 54545 32084 17130 39478 9250 6674 30228 11355 17189 13506 101381 8769 8717 27857 5778 13720 21771 6086
internal_count=296061 80741 24016 14412 56725 43219 9604 215320 28485 186835 30909 155926 54545 32084 17130 39478 9250 6674 30228 11355 17189 13506 101381 8769 8717 27857 5778 13720 21771 6086
is_linear=0
shrinkage=0.05


Tree=8
num_leaves=31
num_cat=0
split_feature=39 64 54 69 55 54 54 55 11 64 55 31 10 54 33 10 41 11 54 58 69 54 58 69 11 27 41 13 74 67
split_gain=703.21 848.91 2310.22 1844.4 1570.87 1037 865.33 617.255 600.363 542.936 2101.72 1005.44 993.553 876.313 964.579 922.576 661.783 462.922 457.199 596.279 559.49 403.792 676.45 410.758 398.563 370.132 359.617 347.033 332.611 306.2
threshold=0.031764997169375427 -0.059769093990325921 4.6957874298095712 0.015884120017290119 1.0000000180025095e-35 5.9509029388427743 7.0390028953552255 1.0000000180025095e-35 0.13024076074361804 -0.036263495683670037 1.0000000180025095e-35 0.1832915395498276 -0.2231502756476402 6.7830362319946298 0.22428771108388904 -0.33651956915855402 0.05773757956922055 0.091932896524667754 5.0716364383697519 0.74469971656799328 0.011222291272133591 5.8564891815185556 0.38564273715019232 0.018919004127383236 0.27981321513652807 0.15086494386196139 0.040993353351950652 0.1365531533956528 0.87515568733215343 0.088199090212583556
decision_type=8 8 2 10 2 2 2 2 8 8 2 8 10 2 10 10 10 8 2 2 10 2 2 10 8 8 10 10 8 10
left_child=1 4 17 6 5 29 7 -4 -6 12 13 -12 21 14 -11 -15 -14 -3 19 20 -16 23 28 -2 -25 -13 -7 -22 -23 -1
right_child=9 2 3 -5 8 26 -8 -9 -10 10 11 25 16 15 18 -17 -18 -19 -20 -21 27 22 -24 24 -26 -27 -28 -29 -30 -31
leaf_value=-0.001191761797269694 -0.002173430990148125 0.00044579084364382662 -0.00044420321256476701 0.00030351492979365896 0.0018492530439177181 0.0019288207514388943 -0.0055617457800107052 -0.003580776122312362 -0.00035851409026330897 -0.00072314298518117511 0.0051348916985975964 -0.0010451595038375777 -0.00054284071165606725 0.0024006582134574639 0.0096680964821998644 -0.0034354600631976992 -0.0040478577992755661 0.0039960176774601125 0.0001849394157196598 0.013663681872886607 0.0023502612873132073 0.0022574543476678375 -0.0034210855781835214 0.0012607292833999558 -0.0017476430379194591 -0.0060200361382262303 -0.00022517493443504992 -0.0015097994664867113 -0.0023758294143263721 0.00036297222986078279
leaf_weight=14880 9222 12508 8428 18176 13032 9091 8734 3953 2262 22248 1731 2753 15926 3350 6597 7841 21732 15962 11534 5610 16622 10517 1813 10369 10646 8574 2823 5469 1344 11878
leaf_count=14880 9222 12508 8428 18176 13032 9091 8734 3953 2262 22248 1731 2753 15926 3350 6597 7841 21732 15962 11534 5610 16622 10517 1813 10369 10646 8574 2823 5469 1344 11878
internal_value=-0.000334027 0.00258056 -0.00114577 -0.00900359 0.00725878 0.00189235 -0.0190509 -0.0105359 0.0208181 -0.00237424 0.00025179 -0.0183272 -0.00534635 0.00331416 0.00544573 -0.00964646 -0.011304 0.00969803 0.00959164 0.0124869 0.00956513 -0.00023565 0.00689126 -0.00345985 0.000401902 -0.0237497 0.0141563 0.00574408 0.0112417 -0.00357143
internal_weight=295625 121727 67761 39291 53966 38672 21115 12381 15294 173898 92329 13058 81569 79271 68080 11191 37658 28470 45832 34298 28688 43911 13674 30237 21015 11327 11914 22091 11861 26758
internal_count=295625 121727 67761 39291 53966 38672 21115 12381 15294 173898 92329 13058 81569 79271 68080 11191 37658 28470 45832 34298 28688 43911 13674 30237 21015 11327 11914 22091 11861 26758
is_linear=0
shrinkage=0.05


Tree=9
num_leaves=31
num_cat=0
split_feature=42 66 54 32 67 54 8 67 75 69 69 55 11 8 54 75 65 65 33 57 55 16 67 69 69 63 11 33 65 41
split_gain=899.274 1367.7 1147.77 874.1 820.144 482.649 2111.6 939.823 1048.08 715.421 560.32 1182.56 529.374 496.433 486.609 481.132 423.507 418.337 399.817 376.081 375.578 366.907 359.548 357.397 352.428 337.392 326.739 367.422 345.022 321.89
threshold=0.03567458130419255 -0.12127298489212988 5.3167710304260263 -0.24385066330432889 0.17542953044176104 7.4148738384246835 -0.0024979200679808851 0.058803495019674308 0.62262868881225597 0.010989497881382706 0.015415531583130361 1.0000000180025095e-35 0.15660183876752856 -0.16796657443046567 5.0716364383697519 0.30973048508167272 -0.36612084507942194 -0.019628047943115231 0.35109609365463262 0.44388101994991308 1.0000000180025095e-35 -0.31239873170852656 0.17542953044176104 0.021101850084960464 0.022169589996337894 -0.086858093738555894 -0.3366489559412002 0.41525869071483618 -0.37703415751457209 0.066641591489315047
decision_type=8 8 2 10 8 2 10 8 10 10 10 2 10 8 2 8 10 10 10 2 2 8 8 10 10 10 8 10 8 8
left_child=1 3 15 26 -4 7 9 8 -2 -7 11 12 22 20 19 -3 -10 -15 25 -14 -11 -12 -9 -6 -8 -5 27 -1 -28 -13
right_child=5 2 4 18 23 6 24 10 16 13 21 29 14 17 -16 -17 -18 -19 -20 -21 -22 -23 -24 -25 -26 -27 28 -29 -30 -31
leaf_value=0.00021533023077925642 0.00023977078675329087 -0.00083768440462548286 -0.0072752127908286114 0.00083263078207835575 -0.001505275265978054 -0.0055203109138705396 -0.0063098392752834916 -0.0014972531231972218 0.0026785175436681019 0.00012123360710403443 0.0015761074348501353 -0.00094910718900283956 0.0025016727836380485 0.00094360621561632616 0.00015244201032501038 0.0060486249011935328 -0.0036976491525582082 -0.0023793613660439542 0.00012616499889702535 0.019927539037265293 0.0039416154765993692 -0.00051980742346915704 0.0014280998066349435 0.0011249100136766794 -0.0015010217957580501 0.0024777494519698079 -0.003443161206727656 -0.0030601759140746251 0.0010915317315289567 -0.0064866565062689785
leaf_weight=11230 13079 4408 5517 4320 5928 2639 7417 5824 1897 3130 9287 3698 2821 5589 3892 4919 16128 3654 2501 7166 4739 92433 29571 2501 2181 7850 666 1860 26774 2261
leaf_count=11230 13079 4408 5517 4320 5928 2639 7417 5824 1897 3130 9287 3698 2821 5589 3892 4919 16128 3654 2501 7166 4739 92433 29571 2501 2181 7850 666 1860 26774 2261
internal_value=-0.000258204 0.00432954 -0.00583473 0.00861513 -0.0149111 -0.0019143 -0.00787663 -0.000983426 -0.00892203 0.00147513 0.000590266 0.00464403 0.00718895 0.00521551 0.0154619 0.00773803 -0.0167369 -0.00264239 0.0190689 0.0213014 0.0144371 -0.00161113 0.00394153 -0.00508947 -0.0271024 0.0228079 0.00482733 -0.00167176 0.00792714 -0.0163763
internal_weight=295880 78474 23273 55201 13946 217406 29349 188057 31104 19751 156953 55233 49274 17112 13879 9327 18025 9243 14671 9987 7869 101720 35395 8429 9598 12170 40530 13090 27440 5959
internal_count=295880 78474 23273 55201 13946 217406 29349 188057 31104 19751 156953 55233 49274 17112 13879 9327 18025 9243 14671 9987 7869 101720 35395 8429 9598 12170 40530 13090 27440 5959
is_linear=0
shrinkage=0.05


Tree=10
num_leaves=31
num_cat=0
split_feature=42 60 55 55 11 65 67 30 65 72 65 55 41 40 60 75 58 55 38 34 10 11 6 39 59 60 42 11 19 74
split_gain=882.305 990.644 1086.19 911.706 849.193 666.478 688.911 575.933 453.025 402.847 1093.08 515.642 381.51 378.983 348.495 370.231 319.687 313.185 300.663 275.614 274.516 451.142 371.037 265.983 238.585 229.599 228.393 217.671 213.807 259.223
threshold=0.03567458130419255 -0.045014105737209313 1.0000000180025095e-35 1.0000000180025095e-35 0.18277533352375033 -0.19524323940277097 0.1480706185102463 0.13098000735044482 -0.30415073037147516 0.89494562149047863 -0.019628047943115231 1.0000000180025095e-35 0.028566743247210983 0.29326359927654272 -0.045014105737209313 0.59045344591140758 0.74469971656799328 1.0000000180025095e-35 0.18524053692817691 0.17065118998289111 -0.41350375115871424 0.13024076074361804 -0.15935312956571576 0.27960246801376348 -0.01264300476759672 -0.10533851385116576 0.020112801343202594 inf -0.16869900375604627 0.23635941743850711
decision_type=8 8 2 2 8 8 10 8 10 10 8 2 10 10 10 10 2 2 10 10 8 8 8 10 10 10 10 8 8 8
left_child=1 3 4 12 18 19 -7 16 -5 13 -11 14 -1 20 15 -12 -8 -15 26 -4 21 25 23 -22 -10 -2 -3 -16 -24 -30
right_child=9 2 5 8 -6 6 7 -9 24 10 11 -13 -14 17 27 -17 -18 -19 -20 -21 22 -23 28 -25 -26 -27 -28 -29 29 -31
leaf_value=0.0010577190701472905 0.00062070991579409496 5.4617754806163701e-05 -0.0006617030043631106 -0.00051846118763762344 0.0026528583288966063 -0.0091010456860369446 0.00077378385090026182 -0.002993786188221523 0.001314972613170003 -0.0050136167640044823 0.005572070064441075 -0.0099756835493082802 -0.00049976795005227885 -0.0030591070315582839 0.0051032246439121865 -0.0050530345148339512 -0.0026396926856269878 0.024034151586367049 0.0015113605129190423 0.0024324131215583203 -0.0014974503825557841 -0.0013855017501098357 -0.00096950049793442415 0.0074164606090768416 0.0032249645855139996 0.0046740960752533495 -0.002422654101210819 -0.0041753424040277777 0.0012079739988894928 -0.00019660620291857072
leaf_weight=14194 7329 5555 618 1383 13520 3617 3144 2770 7631 10878 1133 1252 9416 627 9144 3337 716 1136 4823 904 32025 5832 18665 1046 3082 5062 7298 746 17141 102245
leaf_count=14194 7329 5555 618 1383 13520 3617 3144 2770 7631 10878 1133 1252 9416 627 9144 3337 716 1136 4823 904 32025 5832 18665 1046 3082 5062 7298 746 17141 102245
internal_value=-0.000370765 0.00416683 -0.000948226 0.0103203 0.00393514 -0.0138849 -0.0184703 -0.00887048 0.021477 -0.00201142 -0.00778868 0.000691333 0.0045978 -0.00121025 0.00338205 -0.00819196 0.00361757 0.0217992 -0.00327943 0.016906 -0.00142563 0.00440684 -0.00204696 -0.006803 0.024951 0.00980163 -0.0072728 0.00861616 -0.000907208 -0.000128983
internal_weight=296269 78671 42965 35706 31196 11769 10247 6630 12096 217598 26490 15612 23610 191108 14360 4470 3860 1763 17676 1522 189345 18223 171122 33071 10713 12391 12853 9890 138051 119386
internal_count=296269 78671 42965 35706 31196 11769 10247 6630 12096 217598 26490 15612 23610 191108 14360 4470 3860 1763 17676 1522 189345 18223 171122 33071 10713 12391 12853 9890 138051 119386
is_linear=0
shrinkage=0.05


Tree=11
num_leaves=31
num_cat=0
split_feature=42 66 41 41 66 10 54 33 11 55 55 55 54 54 27 7 54 67 67 54 54 55 68 67 55 33 41 54 67 17
split_gain=783.883 1129.08 1432.96 861.693 759.727 1018.05 807.842 774.654 704.14 612.752 609.288 522.065 513.203 508.846 474.328 469.544 466.165 773.524 416.796 789.043 473.702 413.482 392.948 384.966 383.924 380.71 363.042 523.333 794.743 314.468
threshold=0.057196589186787612 -0.12575253844261167 0.03954735957086087 0.026182573288679126 -0.12575253844261167 -0.29065591096878046 5.7681176662445077 0.33948732912540441 -0.22938664257526395 1.5000000000000002 1.5000000000000002 1.5000000000000002 5.1876652240753183 1.8301782608032229 0.17177978903055194 -0.067446928471326814 7.0390028953552255 0.23231492191553119 0.086142737418413176 5.8867287635803232 3.8502539396286015 1.0000000180025095e-35 -0.092194847762584672 0.16374813765287402 1.5000000000000002 0.45745539665222174 0.051408646628260619 6.7588317394256601 0.16596108675003055 -0.1421759948134422
decision_type=8 10 8 8 10 10 2 10 10 2 2 2 2 2 8 8 2 10 8 2 2 2 10 10 2 10 10 2 10 10
left_child=1 3 16 8 5 11 7 29 -1 23 18 -2 -4 -7 -13 -8 24 -18 19 -5 -20 -17 -10 -9 -3 -24 -15 28 -28 -6
right_child=4 2 12 10 6 13 15 9 22 -11 -12 14 -14 26 -16 21 17 -19 20 -21 -22 -23 25 -25 -26 -27 27 -29 -30 -31
leaf_value=0.00048614937305257284 0.00018282256848043961 -0.00077620990160181776 0.0079833581570196346 -0.0020433904488829104 -0.016697676567777636 0.0011014350489883685 0.0021668943702958772 0.015830853502703992 0.00037807629773597853 -0.0039996029318152843 0.0018956461070440114 0.00072984471511528047 -0.0011385749985108251 -0.00056269588821653514 -0.005695321750547864 -0.001614062637144095 -0.0076744157828784638 -0.00042829018007618672 0.0017818672597768983 0.0010836959184656256 -0.00012848364034084319 -0.0091002436439398676 0.002222286328305869 0.0034673944237760645 -0.0032098008210016803 -0.00052558918167608826 -0.0041823114652325922 -0.005034947633704618 -0.00079903598257091875 -0.00086279334211290185
leaf_weight=18562 57136 17622 7030 11777 588 4982 2488 5164 4650 1003 4169 1152 3262 11616 2329 5352 4712 4000 17891 5076 31667 1929 11846 13636 2041 1238 15559 6168 15867 4692
leaf_count=18562 57136 17622 7030 11777 588 4982 2488 5164 4650 1003 4169 1152 3262 11616 2329 5352 4712 4000 17891 5076 31667 1929 11846 13636 2041 1238 15559 6168 15867 4692
internal_value=-0.00032722 0.00228542 -0.00503529 0.00493423 -0.00286796 -0.00483065 0.00359704 0.00834695 0.0111937 0.012883 0.00171412 -0.000378544 0.0109396 -0.0098096 -0.0191492 -0.00859495 -0.0108314 -0.020454 0.000548772 -0.00624148 0.0028587 -0.0149979 0.0183161 0.0149176 -0.00655975 0.0227509 -0.0113511 -0.0137379 -0.0111178 -0.00865784
internal_weight=295204 145543 38667 106876 149661 114809 34852 25083 36296 19803 70580 60617 10292 54192 3481 9769 28375 8712 66411 16853 49558 7281 17734 18800 19663 13084 49210 37594 31426 5280
internal_count=295204 145543 38667 106876 149661 114809 34852 25083 36296 19803 70580 60617 10292 54192 3481 9769 28375 8712 66411 16853 49558 7281 17734 18800 19663 13084 49210 37594 31426 5280
is_linear=0
shrinkage=0.05


Tree=12
num_leaves=31
num_cat=0
split_feature=50 38 60 55 60 41 65 11 30 70 32 11 67 74 63 41 8 55 55 60 65 30 37 64 65 30 67 55 30 18
split_gain=709.734 372.066 1073.49 1510.55 748.478 733.469 616.591 604.094 572.062 454.736 433.849 379.949 353.983 330.707 299.261 287.397 276.967 898.812 444.725 451.055 341.87 323.339 354.971 313.817 311.823 287.325 268.701 269.986 308.278 267.654
threshold=0.0057985507883131513 0.27316252887248998 -0.045014105737209313 1.0000000180025095e-35 -0.045014105737209313 0.037248991429805763 -0.2715532779693603 0.16550966352224353 0.23361474275588992 0.071238115429878249 -0.35145451128482813 -0.062238156795501702 0.12232504785060884 0.25630280375480657 -0.086188971996307359 0.018953342922031883 -0.026782996952533718 1.0000000180025095e-35 1.0000000180025095e-35 -0.045014105737209313 -0.03121271729469299 0.39341758191585546 0.89825439453125011 0.066569507122039809 -0.019628047943115231 0.47369885444641119 0.17542953044176104 1.5000000000000002 0.66101771593093883 0.068601440638303771
decision_type=2 8 8 2 10 8 10 8 8 10 10 10 10 8 10 10 8 2 2 10 8 10 8 10 10 10 10 2 10 10
left_child=1 4 6 13 5 9 11 12 -5 10 -1 -3 15 -4 -12 -6 18 20 -2 26 29 22 24 -21 -19 -22 -20 -28 -29 -18
right_child=16 2 3 8 7 -7 -8 -9 -10 -11 14 -13 -14 -15 -16 -17 17 21 19 23 25 -23 -24 -25 -26 -27 27 28 -30 -31
leaf_value=0.00082677523171059491 -0.00062882445938480477 0.00051916954830867103 0.0053721869502048984 0.004440221432205421 -0.0071117374816835836 -0.00022501348455405143 -0.0020761127378138237 0.0012431554949246069 -0.0061276744574993531 -0.00052297724390544433 0.00081824141632556033 -0.0035126773836373134 -0.00024847233658061133 0.001263104819190298 0.0023394791649775054 -0.0018303300731058571 -0.00086432146621672552 0.0012080359017076589 0.0019479079988361063 -0.0024156540046833732 -0.0011530396686359786 -0.0055419167242460252 -0.0072458250449887827 0.0020421075175683697 -0.0019007257437720323 0.00094981255770098529 0.0021134559255752599 0.00088555876754595826 -0.0073935143558748837 -0.0050988752056782306
leaf_weight=12255 36276 19978 11610 877 2502 13486 22553 18819 4470 3336 5741 4667 23607 30808 9336 4465 6580 2001 5432 2527 18199 3991 1417 981 2014 20513 1827 500 506 4389
leaf_count=12255 36276 19978 11610 877 2502 13486 22553 18819 4470 3336 5741 4667 23607 30808 9336 4465 6580 2001 5432 2527 18199 3991 1417 981 2014 20513 1827 500 506 4389
internal_value=-0.000393509 0.00145343 -0.000751266 0.00453271 0.00369133 0.00842089 -0.00609854 -0.000537417 -0.0204872 0.0126931 0.0148197 -0.000630704 -0.0048751 0.00769068 0.0204978 -0.01477 -0.00364258 -0.0059343 -0.000822947 0.00761691 -0.00324707 -0.0200837 -0.0121095 -0.00739056 -0.00448447 -0.00103817 0.0139879 0.0014949 -0.0191929 -0.0110347
internal_weight=295663 188510 94963 47765 93547 44154 47198 49393 5347 30668 27332 24645 30574 42418 15077 6967 107153 59104 48049 11773 49681 9423 5432 3508 4015 38712 8265 2833 1006 10969
internal_count=295663 188510 94963 47765 93547 44154 47198 49393 5347 30668 27332 24645 30574 42418 15077 6967 107153 59104 48049 11773 49681 9423 5432 3508 4015 38712 8265 2833 1006 10969
is_linear=0
shrinkage=0.05


Tree=13
num_leaves=31
num_cat=0
split_feature=50 38 66 60 10 19 41 33 11 32 68 75 65 30 29 75 68 40 67 75 72 11 32 74 11 60 72 65 70 10
split_gain=672.502 348.681 970.024 957.302 876.04 768.586 542.247 563.65 487.53 400.61 430.647 329.694 319.798 365.46 316.647 285.82 281.633 303.432 251.336 246.242 241.474 233.19 230.4 202.459 188.704 425.622 303.846 249.808 212.496 212.213
threshold=0.0065889817196875819 0.2989803701639176 -0.12575253844261167 -0.028714482672512528 -0.35345558822154993 -0.0067556339781731358 0.025267821736633781 0.43530835211277014 7.6791617870330819 -0.25065678358077997 -0.092194847762584672 0.71706682443618786 0.084301352500915541 2.1348077058792119 -0.27999928593635554 0.86743876338005077 -0.097980130463838563 0.23927468806505206 0.23231492191553119 0.82950180768966686 0.84180518984794628 -0.092852663248777376 -0.099294338375329957 0.13530864566564563 1.0266803503036501 -0.04208071902394294 0.90637415647506725 0.1413991451263428 0.18157696723937991 -0.5584796369075774
decision_type=2 8 10 8 10 8 8 8 8 10 10 10 10 10 10 10 8 10 10 10 10 8 8 10 10 10 10 10 8 10
left_child=1 2 6 4 -3 14 7 9 11 -1 -11 23 13 -10 -4 -6 17 19 -16 -2 -8 -9 -7 -5 26 -26 27 28 -18 -29
right_child=16 3 5 8 15 22 20 21 12 10 -12 -13 -14 -15 18 -17 24 -19 -20 -21 -22 -23 -24 -25 25 -27 -28 29 -30 -31
leaf_value=0.00091571797763148686 0.00069057711131129997 0.00016230947452138111 6.2614563225210645e-05 0.0061954789019850048 -0.0016202937447539027 0.0012629913633622283 0.00057322305325885239 -0.0025329180470813435 0.00048289537414996091 0.00018400543352450069 0.0022234812926998312 0.0058371878050504523 -0.0059194254512810046 -0.0064511807928588228 -0.0053593060315851627 -0.0048582407943450947 -0.00035789149244787202 0.017451952969948326 -0.00064686992751174515 -0.0042270566285282337 -0.0014342240959832372 0.00064429586254649389 -0.0010685962296299231 -4.3800696437861815e-05 -0.0042439768767243624 0.0028117248937973467 -0.0043716556492836662 -0.0090654958973745686 -0.0027543652000384476 -0.0015305957165685311
leaf_weight=14096 10260 22737 2926 1239 15472 10610 45455 1467 16129 2274 7413 14219 1104 1493 6565 6376 52781 985 3111 1871 4145 2182 4431 9593 3051 7932 6383 653 8035 10930
leaf_count=14096 10260 22737 2926 1239 15472 10610 45455 1467 16129 2274 7413 14219 1104 1493 6565 6376 52781 985 3111 1871 4145 2182 4431 9593 3051 7932 6383 653 8035 10930
internal_value=-0.000423076 0.00131704 0.00326933 -0.000995791 -0.00615203 -0.0047644 0.00615249 0.0117921 0.00425583 0.0145988 0.0224245 0.00881649 -0.00184671 -0.000204174 -0.0138677 -0.0132995 -0.00368788 0.00315405 -0.0182222 0.000976032 0.00303165 -0.00649084 0.00286692 0.00224128 -0.00468783 0.00145092 -0.00554371 -0.00462028 -0.00333739 -0.0113474
internal_weight=295918 193037 104675 88362 44585 27643 77032 27432 43777 23783 9687 25051 18726 17622 12602 21848 102881 13116 9676 12131 49600 3649 15041 10832 89765 10983 78782 72399 60816 11583
internal_count=295918 193037 104675 88362 44585 27643 77032 27432 43777 23783 9687 25051 18726 17622 12602 21848 102881 13116 9676 12131 49600 3649 15041 10832 89765 10983 78782 72399 60816 11583
is_linear=0
shrinkage=0.05


Tree=14
num_leaves=31
num_cat=0
split_feature=50 38 66 60 10 19 11 32 38 29 59 39 38 58 11 64 11 32 66 72 18 11 29 45 13 19 11 66 8 60
split_gain=602.679 364.819 926.87 813.747 839.287 660.346 372.932 273.317 329.244 254.67 248.026 243.42 241.998 238.447 252.523 226.524 208.998 200.35 347.035 188.101 188.024 254.503 172.129 168.146 158.524 157.149 150.58 405.995 360.412 190.379
threshold=0.0050452270079404124 0.27110560238361364 -0.12575253844261167 -0.045014105737209313 -0.32385951280593867 -0.0067556339781731358 inf -0.24860074371099469 0.12938499450683597 -0.27782543003559107 -0.08991703018546103 0.31862914562225347 0.39493574202060705 0.13547376543283465 0.66427606344223034 0.21609270572662356 0.49772638082504278 -0.53174507617950428 -0.16170568019151685 0.72603571414947521 -0.089927282184362398 -0.40383434295654291 -0.20357326418161389 7.5000000000000009 -0.14045147597789762 -0.037340698763728135 1.0266803503036501 -0.18009344488382337 0.08915936574339868 -0.028714482672512528
decision_type=2 8 10 8 10 8 8 10 10 10 8 10 10 2 8 10 8 10 10 10 10 8 10 8 10 10 10 10 10 10
left_child=1 2 7 4 -3 9 17 20 13 -4 11 16 -6 -9 -15 19 -2 -5 -19 -8 -1 -22 -20 -7 -12 -11 28 -28 29 -26
right_child=10 3 5 6 12 23 15 8 -10 25 24 -13 -14 14 -16 -17 -18 18 22 -21 21 -23 -24 -25 26 -27 27 -29 -30 -31
leaf_value=0.0010234310038641666 0.0015401951952782368 0.00017019445058215926 1.3425449780867308e-05 0.0061510136378355208 -0.001140267764096928 -0.0011484062974447748 0.00033979012135194783 0.00035540711778289419 0.00057414346949249658 -0.0044992144145092712 -0.0031459982305084375 0.018719629742956545 -0.0034990419563761047 0.0022161154384980806 -0.00070226250017085216 -0.0077782460150996983 -0.001306623817294277 -0.0013905417592193848 0.0045220722863721311 -0.0031735353597129833 -0.0014122169785782705 0.00051156464791464148 0.0011676706833946479 0.0010081191779178725 -5.0179984004190875e-06 -0.001349715373152069 -0.0044807925099414536 0.0025965599349715737 -0.0019381871056106809 -0.0010363235260263527
leaf_weight=25122 4356 24894 2687 5807 10437 2989 15828 2517 6843 5326 6187 853 11320 5875 546 615 5498 4605 8711 2609 4088 21338 9096 9949 38600 3385 2676 8425 23642 21253
leaf_count=25122 4356 24894 2687 5807 10437 2989 15828 2517 6843 5326 6187 853 11320 5875 546 615 5498 4605 8711 2609 4088 21338 9096 9949 38600 3385 2676 8425 23642 21253
internal_value=-0.000303796 0.00144937 0.00371161 -0.000734574 -0.00541887 -0.0046332 0.00388845 0.00677354 0.0125166 -0.0134029 -0.00320628 0.00402631 -0.0125902 0.018831 0.0239387 -0.00151611 0.0017944 0.00753658 0.00538757 -0.000512278 0.00497844 0.00194606 0.00855082 0.003097 -0.00397498 -0.0175496 -0.00346701 0.00200252 -0.00419436 -0.00212903
internal_weight=296077 184587 90665 93922 46651 24336 47271 66329 15781 11398 111490 10707 21757 8938 6421 19052 9854 28219 22412 18437 50548 25426 17807 12938 100783 8711 94596 11101 83495 59853
internal_count=296077 184587 90665 93922 46651 24336 47271 66329 15781 11398 111490 10707 21757 8938 6421 19052 9854 28219 22412 18437 50548 25426 17807 12938 100783 8711 94596 11101 83495 59853
is_linear=0
shrinkage=0.05


Tree=15
num_leaves=31
num_cat=0
split_feature=42 60 54 54 69 55 54 41 60 54 69 60 69 55 60 67 54 11 72 60 54 11 42 41 54 17 16 11 11 58
split_gain=623.635 529.031 2143.17 1469.86 1164.5 1102.73 992.551 515.894 492.143 449.193 448.26 390.934 360.644 611.33 1425.17 875.767 741.176 512.502 450.399 427.506 371.455 403.334 351.763 348.085 577.615 403.748 472.049 351.535 319.004 314.885
threshold=0.054022919386625297 -0.045014105737209313 4.6957874298095712 5.7384898662567148 0.017019351944327358 1.0000000180025095e-35 7.0390028953552255 0.019987657666206363 -0.22583065927028653 1.67803031206131 0.016712979413568977 -0.047079371288418763 0.019792001694440845 1.0000000180025095e-35 -0.045014105737209313 0.042295742779970176 6.5252423286437997 7.6791617870330819 0.24127814918756488 -0.045014105737209313 6.0355412960052499 -0.61096733808517445 0.074176266789436354 0.17126288264989856 5.2127592563629159 -0.28590486943721766 -0.28828185796737665 1.4155716896057131 -0.47250297665596003 0.22083006799221042
decision_type=8 8 2 2 10 2 2 8 10 2 10 8 10 2 8 8 2 8 8 10 2 10 8 10 2 10 8 8 10 2
left_child=1 3 10 5 6 -1 7 -4 -5 11 -3 -2 13 14 20 -15 17 -16 -17 -18 21 -11 -20 25 -25 29 27 -27 -8 -14
right_child=9 2 4 8 -6 -7 28 -9 -10 12 -12 -13 23 15 16 18 19 -19 22 -21 -22 -23 -24 24 -26 26 -28 -29 -30 -31
leaf_value=-0.00078463835277204459 -0.00068593152242341223 0.0039660568540608194 -0.0029441771098070255 -0.00068366902076747403 0.00018009961278132213 0.0013897443269528 -0.0013150699859599236 -0.00030597784292553647 0.0014663827751056689 6.6366058046415257e-05 -8.5428727986406667e-05 0.003972325583713748 -0.0019405853713192278 0.0027541527632666662 0.0044954313934576209 -0.0008675057455441045 0.002712785442348202 -0.00041703149029900214 -0.002066259698273936 -0.0037361283876405395 0.00037050715371113134 -0.0035884408406867798 -0.0089380451984782793 -0.0013267785367444352 0.0089059293065213273 0.0027581289008727231 -0.00054366452745889461 -0.0039624238270270645 -0.0059137007414731 -0.0098859185994319143
leaf_weight=28138 6434 23035 3693 2974 18854 4505 2884 11858 25227 2914 8546 8255 3192 1041 15621 2715 1381 12083 2605 5251 3063 15542 3987 3581 3368 7437 58815 861 6927 1165
leaf_count=28138 6434 23035 3693 2974 18854 4505 2884 11858 25227 2914 8546 8255 3192 1041 15621 2715 1381 12083 2605 5251 3063 15542 3987 3581 3368 7437 58815 861 6927 1165
internal_value=-0.000348356 0.00212988 -0.000657591 0.00560193 -0.0077624 -0.0016216 -0.0147564 -0.00689223 0.0139609 -0.00247394 0.00928904 0.00585414 -0.00332015 -0.00603733 -0.0039676 -0.0171944 0.00235544 0.00595006 -0.0220618 -0.0126468 -0.0140531 -0.016728 -0.0291124 -0.00102577 0.00964937 -0.00206491 -0.00110618 0.0100506 -0.0272019 -0.0167964
internal_weight=295952 136641 75797 60844 44216 32643 25362 15551 28201 159311 31581 14689 144622 66203 55855 10348 34336 27704 9307 6632 21519 18456 6592 78419 6949 71470 67113 8298 9811 4357
internal_count=295952 136641 75797 60844 44216 32643 25362 15551 28201 159311 31581 14689 144622 66203 55855 10348 34336 27704 9307 6632 21519 18456 6592 78419 6949 71470 67113 8298 9811 4357
is_linear=0
shrinkage=0.05


Tree=16
num_leaves=31
num_cat=0
split_feature=50 39 60 55 10 30 58 29 40 75 60 75 11 30 38 55 11 66 19 11 75 58 66 58 58 68 10 11 66 75
split_gain=525.597 295.835 483.609 728.033 472.931 268.853 252.146 235.736 226.368 214.252 190.618 610.555 410.59 352.743 217.409 172.525 170.842 190.378 275.023 167.419 252.173 161.258 231.95 156.047 152.654 152.397 195.71 298.53 240.833 907.367
threshold=0.0057985507883131513 0.052343044430017478 -0.038430392742156975 1.0000000180025095e-35 -0.21993767470121381 0.35910245776176458 0.88197049498558056 -0.37042364478111262 0.23927468806505206 0.84506338834762584 -0.073047067970037446 0.44655093550682073 0.73047733306884777 3.1675370931625371 0.2817301750183106 1.0000000180025095e-35 -0.20712334662675855 -0.12575253844261167 -0.15306700021028516 inf 0.71706682443618786 0.74469971656799328 -0.01640649605542421 0.74469971656799328 0.81265348196029674 -0.16132124513387677 -0.48558057844638819 -0.35530339181423182 -0.12575253844261167 0.51456737518310558
decision_type=2 8 8 2 10 8 2 8 10 10 10 8 10 8 10 2 8 10 10 8 10 2 10 2 2 8 8 8 10 10
left_child=1 6 4 19 -3 -5 25 8 16 -6 11 14 13 23 -9 -10 -2 -18 -19 20 -4 22 -22 -12 -14 -1 -27 -28 -29 -30
right_child=7 2 3 5 9 -7 -8 10 15 -11 12 -13 24 -15 -16 -17 17 18 -20 -21 21 -23 -24 -25 -26 26 27 28 29 -31
leaf_value=-0.0016741396747070884 0.00073211391803171483 -0.0003437743266206572 8.8251004308102099e-05 0.0012505628871048206 -0.0015577459175127378 -0.0067441722860306225 -0.0023098141709820726 0.0012419677510544184 0.0010331501006650271 -0.0050961741388155435 -0.0011097491346387766 -0.0014895900571792456 -0.00018238420350906554 -0.0085595904758677815 -0.00035628946599257995 0.018309495425906236 -0.00095756833075263253 -0.011295777510973369 0.0054646150250534115 0.00010307964854162373 0.0052267819458221149 0.016779614339981107 -0.0036749123789669423 -0.0033989725178754219 0.0082184557697444292 0.0025464095628208623 -0.0003901951857512575 0.00069351188135159929 -0.00098541001169267454 0.0052922658029450169
leaf_weight=2218 10215 16387 6335 679 5863 2441 2569 6967 965 4200 26242 19427 7034 1670 4094 873 20954 502 2561 11414 7282 1750 1043 4081 1698 4647 19766 74673 19144 7997
leaf_count=2218 10215 16387 6335 679 5863 2441 2569 6967 965 4200 26242 19427 7034 1670 4094 873 20954 502 2561 11414 7282 1750 1043 4081 1698 4647 19766 74673 19144 7997
internal_value=-0.000391781 0.00119893 -0.0017943 0.00244879 -0.00675737 -0.0204153 0.00251023 -0.0031852 0.000108093 -0.0152834 -0.00485307 -0.00186242 -0.00709095 -0.00971315 0.00751061 0.0171537 -0.000811868 -0.00311525 0.0085096 0.00501904 0.00825213 0.0131631 0.01024 -0.00847427 0.00251659 0.00282083 0.00304942 0.00266387 0.0037555 -0.000278074
internal_weight=295691 188408 57394 30944 26450 3120 131014 107283 36070 10063 71213 30488 40725 31993 11061 1838 34232 24017 3063 27824 16410 10075 8325 30323 8732 128445 126227 121580 101814 27141
internal_count=295691 188408 57394 30944 26450 3120 131014 107283 36070 10063 71213 30488 40725 31993 11061 1838 34232 24017 3063 27824 16410 10075 8325 30323 8732 128445 126227 121580 101814 27141
is_linear=0
shrinkage=0.05


Tree=17
num_leaves=31
num_cat=0
split_feature=42 60 54 69 55 54 11 54 65 33 57 69 29 55 65 17 14 33 53 60 65 54 69 55 55 11 41 57 41 60
split_gain=560.514 506.028 1953.15 1340.31 1149.92 980.348 517.554 424.381 424.071 421.602 377.295 368.116 337.979 690.543 767.426 653.932 356.194 342.91 327.889 320.868 307.056 303.919 300.088 417.423 506.037 291.708 327.126 289.697 252.638 247.433
threshold=0.05441910773515702 -0.028714482672512528 5.6543471813201913 0.017343870364129547 1.0000000180025095e-35 5.9215650558471689 0.18277533352375033 1.67803031206131 -0.32758948206901545 0.22428771108388904 0.46251866221427923 0.016712979413568977 -0.39173939824104304 1.0000000180025095e-35 -0.03121271729469299 0.088926419615745558 -0.22697987407445905 1.1190065741539004 1.0000000180025095e-35 -0.054715348407626145 -0.27426752448081965 3.6321768760681157 0.01977186277508736 1.0000000180025095e-35 1.5000000000000002 0.30081467330455786 0.11802238225936891 0.44605077803134924 0.046636223793029792 -0.054715348407626145
decision_type=8 8 2 8 2 2 8 2 10 8 2 10 8 2 8 8 8 10 10 8 10 2 10 2 2 8 10 2 10 8
left_child=1 4 9 6 5 -1 10 19 -6 18 -4 21 22 14 28 17 -16 -15 -3 -2 -7 -11 -9 25 -25 -24 -27 -10 -14 -18
right_child=7 2 3 -5 8 20 -8 12 27 11 -12 -13 13 15 16 -17 29 -19 -20 -21 -22 -23 23 24 -26 26 -28 -29 -30 -31
leaf_value=-0.00060612448143362971 -0.00059805601893992235 -0.0013332947426868251 -0.0016424374058546657 0.0001941273758675246 -0.00073443207316373823 -0.00039593941177190774 -0.00092890688395175854 -0.00096288010586192876 0.00098469814785662126 0.0056574806196749245 -0.0058379840252656794 1.9631967642024832e-05 -8.201934288428608e-06 -0.00038611227917421042 -0.0066015506559314405 -0.0073125976416356462 -0.0013767360814046911 -0.008763489936120937 0.002908915090512278 0.0037507449839414967 0.001556443766900722 0.0012901076954832159 0.0014035562364965509 0.0091684607689984359 -0.0017680748126190989 -0.0027222163498428586 0.00088158894515598146 0.0025609116026771854 -0.002778841586326197 0.00044905208310481564
leaf_weight=30468 6244 8123 4808 14470 1788 3074 7378 22876 11752 12468 7259 7671 3955 7071 689 4848 10491 1086 2558 8274 12366 9900 10567 3438 1083 7257 8598 4175 17107 44554
leaf_count=30468 6244 8123 4808 14470 1788 3074 7378 22876 11752 12468 7259 7671 3955 7071 689 4848 10491 1086 2558 8274 12366 9900 10567 3438 1083 7257 8598 4175 17107 44554
internal_value=-0.000370438 0.0019549 -0.000837966 -0.00969934 0.00523078 0.00105405 -0.0182704 -0.00240344 0.016048 0.00654309 -0.024646 0.00957603 -0.00322704 -0.00510461 -0.00329922 -0.0157549 -0.000226033 -0.00709563 -0.00198765 0.00574064 0.0113139 0.0128162 -9.38156e-05 0.00311601 0.0171375 0.000711259 -0.00357706 0.018639 -0.0114275 0.000224321
internal_weight=296396 138258 74635 33915 63623 45908 19445 158138 17715 40720 12067 30039 143620 89801 76796 13005 55734 8157 10681 14518 15440 22368 53819 30943 4521 26422 15855 15927 21062 55045
internal_count=296396 138258 74635 33915 63623 45908 19445 158138 17715 40720 12067 30039 143620 89801 76796 13005 55734 8157 10681 14518 15440 22368 53819 30943 4521 26422 15855 15927 21062 55045
is_linear=0
shrinkage=0.05


Tree=18
num_leaves=31
num_cat=0
split_feature=42 55 54 8 60 69 10 11 75 27 58 54 58 58 67 55 75 58 54 60 55 59 69 54 64 41 55 60 11 54
split_gain=557.942 394.682 473.613 1745.31 1093.81 930.626 831.801 637.752 465.457 449.168 442.124 413.623 415.32 390.785 366.441 360.978 360.7 357.131 560.378 575.046 373.178 272.847 271.457 818.484 899.564 771.312 487.436 505.793 441.817 387.114
threshold=0.060495644807815559 1.5000000000000002 6.892895221710206 -0.099992819130420671 -0.045014105737209313 0.019463088363409046 inf 0.70629331469535839 0.15111030638217929 0.29837501049041754 0.17219347506761554 5.796194553375245 0.74469971656799328 0.21378230303525927 0.12232504785060884 1.0000000180025095e-35 0.66972544789314281 0.74469971656799328 6.892895221710206 0.35858497023582464 1.0000000180025095e-35 -0.16045949608087537 0.013354740571230652 7.2415454387664804 -0.063911020755767808 0.040704654529690749 1.0000000180025095e-35 -0.028714482672512528 0.138786755502224 5.9509029388427743
decision_type=8 2 2 10 10 8 8 10 10 8 2 2 2 2 10 2 10 2 2 8 2 8 10 2 8 8 2 8 8 2
left_child=17 2 4 8 5 16 11 -7 15 -3 -10 12 14 -5 -6 -4 -2 21 -19 -20 -21 -1 23 28 -25 26 29 -28 -23 -24
right_child=1 9 3 13 6 7 -8 -9 10 -11 -12 -13 -14 -15 -16 -17 -18 18 19 20 -22 22 25 24 -26 -27 27 -29 -30 -31
leaf_value=-0.0031440502908053735 -0.00070181739125224196 -0.00023253203943384448 0.00012273751952532357 0.00018928150845969101 0.0096727260657875833 0.0003360726611270229 -0.016257362040194647 -0.0042568482978902174 0.0046708957935905548 -0.0046964579789100574 7.5593083004235896e-05 -0.0014417654783469198 0.010351653245791782 -0.0047332419776590891 0.0010298236625920199 -0.010079860974856136 -0.0033871897806592634 0.0001700590456736771 -0.0047969988790115747 0.0045357546194340513 -0.0049766705462415354 -0.00017063538361605129 6.8399755137311954e-05 0.00082453078303707731 -0.0041779151797504731 -0.00032286236008532163 0.0015621963187505469 0.0002221044302486396 0.0024208830265593584 0.0011507072088416202
leaf_weight=1658 6202 3504 1319 1404 4866 41507 751 6533 3858 3139 7300 4715 4868 9310 26245 1011 14353 7234 2492 567 728 27026 23551 2680 6478 32113 12772 6183 14998 16227
leaf_count=1658 6202 3504 1319 1404 4866 41507 751 6533 3858 3139 7300 4715 4868 9310 26245 1011 14353 7234 2492 567 728 27026 23551 2680 6478 32113 12772 6183 14998 16227
internal_value=-0.00037855 -0.00265481 -0.00206552 -0.00839666 -0.000672422 -0.00454704 0.00573996 -0.000736733 0.0035709 -0.0145423 0.00781698 0.00670696 0.00853177 -0.0234521 0.00640243 -0.0167094 -0.0134476 0.00169438 -0.0069758 -0.0225309 0.00448276 0.00235984 0.00259578 -0.000316456 -0.0138525 0.00423637 0.00764261 0.0142394 0.00263596 0.00449633
internal_weight=295592 140885 134242 24202 110040 68595 41445 48040 13488 6643 11158 40694 35979 10714 31111 2330 20555 154707 11021 3787 1295 143686 142028 51182 9158 90846 58733 18955 42024 39778
internal_count=295592 140885 134242 24202 110040 68595 41445 48040 13488 6643 11158 40694 35979 10714 31111 2330 20555 154707 11021 3787 1295 143686 142028 51182 9158 90846 58733 18955 42024 39778
is_linear=0
shrinkage=0.05


Tree=19
num_leaves=31
num_cat=0
split_feature=48 68 8 74 64 11 17 40 30 58 11 11 58 27 38 65 64 38 10 38 61 70 23 59 33 19 18 64 74 64
split_gain=479.278 307.483 292.998 364.558 275.548 285.888 263.001 325.187 241.551 331.981 229.388 225.136 223.708 317.911 222.583 220.55 201.177 340.092 291.585 206.945 168.739 168.59 165.858 160.928 160.228 157.988 155.467 156.017 154.745 152.005
threshold=0.015541058499366047 -0.16132124513387677 -0.071993060410022722 0.2120955437421799 -0.060867428779602044 inf -0.13215512037277219 0.23927468806505206 2.8250683546066289 0.72983556985855114 0.7553984820842744 -0.41219334304332728 0.74469971656799328 0.58184707164764415 0.96094110608100902 -0.27235966920852656 -0.047632575035095208 0.24285105615854266 -0.37680894136428827 0.23704791069030764 -0.020852208137512204 0.058492831885814674 -0.17536161839962003 -0.27312894165515894 1.4365733265876772 -0.25682492554187769 -0.17467413842678067 -0.095336556434631334 0.66749379038810741 -0.021780997514724728
decision_type=2 8 8 8 8 8 10 10 10 2 8 8 2 10 8 10 10 10 8 10 8 10 10 10 10 10 8 8 10 10
left_child=1 -1 6 4 25 -6 7 11 10 -10 12 15 13 28 26 -2 17 21 22 -18 -3 -8 -19 -9 -7 -4 -12 -28 -5 -17
right_child=2 20 3 8 5 24 16 23 9 -11 14 -13 -14 -15 -16 29 19 18 -20 -21 -22 -23 -24 -25 -26 -27 27 -29 -30 -31
leaf_value=-0.0044527246632895126 0.0031613622966308839 1.7009813678852455e-05 0.002716596777673868 -0.00090768926225975432 0.0039656363032783649 0.00013666223418849107 0.0010106021355743068 0.021373159168929901 -0.0049399928938558832 0.008709666981775355 -0.0025744977120161975 -0.0012802480887054856 -0.0025183883787298733 -0.0036172791521934494 -0.0020815981365993989 -0.0012767007463256156 -0.00094693173145699592 0.0032342933425469102 -0.00033841317463449949 0.0010093435703550384 0.00093171420925526138 -0.00030146728304653931 -5.4570032765647327e-05 0.0018544197800963906 -0.0038041693172423787 -0.0040206481496206396 -0.0021685589684023935 0.00055756784425801465 -2.0005884684497557e-05 0.0044383427474562268
leaf_weight=1089 1941 17519 712 24244 11219 2163 19303 608 6004 648 1412 23029 7120 6401 12014 2548 12113 3487 22346 7378 38599 2975 2182 1287 920 1581 4837 34998 24834 502
leaf_count=1089 1941 17519 712 24244 11219 2163 19303 608 6004 648 1412 23029 7120 6401 12014 2548 12113 3487 22346 7378 38599 2975 2182 1287 920 1581 4837 34998 24834 502
internal_value=-0.000435608 0.00367461 -0.00142034 -0.00290295 0.00404998 0.0066308 0.000648387 -0.00327318 -0.00384502 -0.0131042 -0.00331233 -0.00463075 -0.00536424 -0.00429184 -0.000900115 0.004989 0.00232971 0.00400076 0.000333631 -0.00198195 0.00418686 0.00861001 0.0104508 0.0167192 -0.00683802 -0.0120061 0.000844705 0.00142427 -0.00292332 -0.00339869
internal_weight=296013 57207 238806 139107 16595 14302 99699 29915 122512 6652 115860 28020 62599 55479 53261 4991 69784 50293 28015 19491 56118 22278 5669 1895 3083 2293 41247 39835 49078 3050
internal_count=296013 57207 238806 139107 16595 14302 99699 29915 122512 6652 115860 28020 62599 55479 53261 4991 69784 50293 28015 19491 56118 22278 5669 1895 3083 2293 41247 39835 49078 3050
is_linear=0
shrinkage=0.05


Tree=20
num_leaves=31
num_cat=0
split_feature=54 66 42 66 41 41 33 32 54 19 29 62 66 34 41 19 54 18 54 58 54 68 28 66 40 54 16 54 19 66
split_gain=484.975 674.264 488.609 748.366 892.978 641.476 521.822 669.785 656.711 516.663 438.186 423.883 404.431 774.852 739.198 494.568 470.335 386.527 384.838 442.105 366.337 345.52 314.827 300.218 295.538 417.108 301.765 277.486 281.957 267.097
threshold=1.8301782608032229 -0.2320836931467056 0.063021752983331694 -0.12575253844261167 0.03954735957086087 0.041295612230896957 0.40094663202762609 -0.36248601973056788 5.5123596191406259 -0.037340698763728135 -0.2862433642148971 -0.0056580603122711173 -0.12575253844261167 0.33334697782993322 0.21968963742256167 0.10175228863954545 5.2886962890625009 -0.23713008314371106 7.1431515216827401 0.27212217450141912 4.3066966533660898 -0.019600453786551949 0.60000568628311168 -0.23755589872598645 0.23927468806505206 5.1647572517395028 -0.34983296692371363 8.4717531204223651 -0.062669962644577012 -0.27166435122489924
decision_type=2 8 8 10 8 8 10 10 2 8 10 10 10 10 8 10 2 8 2 2 2 10 8 10 10 2 8 2 10 10
left_child=1 -1 3 5 9 6 7 -2 29 10 -5 -9 13 24 15 -14 -17 -3 23 -20 -6 -7 -11 -15 26 -26 -4 28 -10 -8
right_child=2 17 12 4 20 21 8 11 27 22 -12 -13 14 18 -16 16 -18 -19 19 -21 -22 -23 -24 -25 25 -27 -28 -29 -30 -31
leaf_value=-0.0005194992959313083 0.00028181031136444216 -0.0033207139688783932 0.0013414804114102801 -5.1054286242564403e-05 0.0084114243669114169 -0.0010391242197846889 -0.0032630506190333601 0.00068386407908763353 -0.0016929510828641654 7.3319864279199716e-05 -0.0046161798454250891 0.0020638350848011032 -0.0010047542473252239 -0.0031663452365497807 -0.010567625320509359 0.0063270015539836971 -0.001017449902076394 0.0045643197844969065 0.00053285003259457198 -0.005556469453663386 -0.00033095282801938659 0.00046653359604297511 -0.0022048504794872368 -0.0008242576979511744 -0.0045068885046373143 0.011533072853907894 -0.0008127092540914432 -0.0040407898646052888 0.0002565109888625816 0.0023845391887833485
leaf_weight=12925 26430 1248 8050 2437 5057 20954 916 17807 2402 10878 7716 9421 10528 13111 1302 11001 4748 15081 1347 4794 6449 19315 7353 13580 1076 2002 46629 1573 3120 6053
leaf_count=12925 26430 1248 8050 2437 5057 20954 916 17807 2402 10878 7716 9421 10528 13111 1302 11001 4748 15081 1347 4794 6449 19315 7353 13580 1076 2002 46629 1573 3120 6053
internal_value=-0.000512168 0.00559732 -0.00118414 0.000731282 -0.0051203 0.00289303 0.00586429 0.00811098 -0.00270712 -0.00988237 -0.0189167 0.0136133 -0.00358104 -0.00519487 0.00171989 0.00354738 0.0091535 0.0123478 -0.011327 -0.0226061 0.00662556 -0.00210407 -0.00484348 -0.00872439 -0.00170772 0.013342 -0.00255719 -0.0134061 -0.00809834 0.00818885
internal_weight=295303 29254 266049 147881 39890 107991 67722 53658 14064 28384 10153 27228 118168 90589 27579 26277 15749 16329 32832 6141 11506 40269 18231 26691 57757 3078 54679 7095 5522 6969
internal_count=295303 29254 266049 147881 39890 107991 67722 53658 14064 28384 10153 27228 118168 90589 27579 26277 15749 16329 32832 6141 11506 40269 18231 26691 57757 3078 54679 7095 5522 6969
is_linear=0
shrinkage=0.05


Tree=21
num_leaves=31
num_cat=0
split_feature=72 50 65 38 68 58 53 19 74 11 62 65 59 39 75 65 40 19 69 41 41 62 11 59 53 65 65 58 31 58
split_gain=440.926 354.966 245.54 222.787 499.978 263.624 237.298 227.046 222.371 278.824 217.417 204.424 200.683 200.421 193.882 190.103 228.767 188.077 155.84 411.37 316.066 340.942 226.09 219.296 239.607 172.407 212.964 179.256 167.981 153.619
threshold=0.96176275610923778 0.0050452270079404124 0.13133955001831057 0.2989803701639176 -0.035921983420848839 0.74469971656799328 1.0000000180025095e-35 -0.15130940824747083 0.305408924818039 7.6791617870330819 0.058763027191162116 -0.12804839015007016 -0.075880527496337877 0.31862914562225347 0.84115830063819896 -0.27235966920852656 0.15252579748630526 0.010209617204964163 0.011744771618396046 0.031137708574533466 0.026182573288679126 -0.0050072669982910148 -0.34789869189262385 -0.0058491886593401423 1.0000000180025095e-35 0.050582230091094978 -0.03121271729469299 0.16848885267972949 0.43415135145187383 0.29678934812545782
decision_type=10 2 10 8 8 2 10 10 8 8 10 8 8 10 10 8 10 8 10 10 10 10 10 10 10 10 8 2 10 2
left_child=1 3 -2 5 7 10 17 15 9 -6 18 -10 13 -3 -9 -5 -17 -7 19 23 21 25 -23 -1 -25 26 28 -28 -20 -27
right_child=2 12 -4 4 8 6 -8 14 11 -11 -12 -13 -14 -15 -16 16 -18 -19 20 -21 -22 22 -24 24 -26 29 27 -29 -30 -31
leaf_value=-4.1047678862289457e-05 -0.0048881138618713117 0.00032349917810142932 0.0028078044841696008 0.0014718884466655543 0.0037101678267215514 -0.0028262197234122416 0.0033205347788745863 -0.00098742451679427684 -0.001541377400750151 -0.00067140606161230406 0.0015876127645590363 0.00039315590920353235 -0.00055551487057586217 0.015688033746889082 -0.0032866810851571041 -0.001698619364140077 0.0028914259758341986 -0.0004953306637386195 0.00018027296961217374 0.0014102079799451857 0.00013779058009171804 0.00025747808414049828 0.0018902175747022084 -0.0050116133676002539 0.0016715363142801969 0.003272321424041243 0.0010695987507926628 -0.0021125428136353533 0.0015707875141167946 0.00058620996662468142
leaf_weight=5382 8611 12422 1762 3546 11738 2352 753 12248 4692 4877 7336 28415 92704 811 5839 6486 2529 2275 10360 11117 37449 1947 6348 4685 1218 1219 582 2188 1776 2003
leaf_count=5382 8611 12422 1762 3546 11738 2352 753 12248 4692 4877 7336 28415 92704 811 5839 6486 2529 2275 10360 11117 37449 1947 6348 4685 1218 1219 582 2188 1776 2003
internal_value=-0.000535714 -0.000167364 -0.0106568 0.00118805 -0.000767604 0.00277576 -0.00797774 -0.00578968 0.00232848 0.00704662 0.00339457 -4.07646e-05 -0.00246208 0.00329608 -0.00937448 -0.000624453 -0.00448199 -0.012217 0.00269111 -0.000896841 0.00394947 0.00813566 0.0165262 -0.00761842 -0.0142652 0.00428934 0.00201797 -0.0104676 0.00487403 0.0147587
internal_weight=295670 285297 10373 179360 80370 98990 5380 30648 49722 16615 93610 33107 105937 13233 18087 12561 9015 4627 86274 22402 63872 26423 8295 11285 5903 18128 14906 2770 12136 3222
internal_count=295670 285297 10373 179360 80370 98990 5380 30648 49722 16615 93610 33107 105937 13233 18087 12561 9015 4627 86274 22402 63872 26423 8295 11285 5903 18128 14906 2770 12136 3222
is_linear=0
shrinkage=0.05


Tree=22
num_leaves=31
num_cat=0
split_feature=42 66 54 69 33 32 54 60 60 8 54 60 60 55 33 33 55 10 69 27 17 55 60 7 60 70 69 10 10 69
split_gain=429.637 613.075 676.216 522.248 647.441 439.476 347.43 450.715 318.645 302.622 1202.34 1163.65 744.818 625.608 645.371 542.142 472.012 361.105 314.636 335.994 297.869 294.49 290.488 286.989 286.08 280.635 268.173 265 260.645 254.602
threshold=0.031462708488106735 -0.12127298489212988 5.3167710304260263 0.01977186277508736 0.25142532587051397 -0.24385066330432889 1.7825501561164858 -0.047079371288418763 -0.15655992925167081 -0.10201160237193106 6.9252417087554941 -0.094850320369005189 -0.045014105737209313 1.0000000180025095e-35 0.48014102876186376 0.64875268936157238 1.0000000180025095e-35 0.034814532846212394 0.0091947759501636046 0.37256023287773138 -0.13705804944038388 1.0000000180025095e-35 -0.10371030122041701 0.12727960199117663 0.038530586287379272 0.037642851471900947 0.011905697174370291 -0.3322166353464126 -0.45287524163722986 0.022169589996337894
decision_type=8 8 2 10 8 10 2 8 10 8 2 10 8 2 10 10 2 10 10 8 10 2 8 8 10 10 10 10 10 10
left_child=1 5 -3 4 -4 -1 7 -2 -7 13 12 21 17 20 25 -14 -17 -11 -13 29 28 22 -12 -23 -5 -15 -9 -22 -8 -20
right_child=6 2 3 24 -6 8 9 26 -10 10 11 18 15 14 -16 16 -18 -19 19 -21 27 23 -24 -25 -26 -27 -28 -29 -30 -31
leaf_value=0.00038163965577181562 -0.00064720739965800462 0.0019004279342454092 -0.0057463400665598244 -0.0016882441367412394 -5.1869152844713151e-05 -0.00015311100669447307 -0.00023874800384749174 0.0079765023081933839 0.0014183815839737891 -0.00043996840951258129 -0.00048667345195110986 -0.012532811277290412 -0.00054864764501754717 0.0020535628364849283 -0.00116120291247745 0.0020031874676892103 -0.00180413892339006 -0.0030674399783028532 -0.002285440774180613 -0.0053757234578956951 0.0010065152637062362 0.0011795247084122615 0.0032013260919958654 -0.0068267340910495638 0.001209683794466577 0.0003615361895946634 0.0013517524154447408 -0.00040556010973323879 -0.0020852193821115752 0.00014168805425101156
leaf_weight=32193 9890 7162 5056 1315 3041 2556 10826 4822 10710 14836 2555 1277 38853 8241 4719 36631 2492 13299 7184 6110 16330 1123 2822 1862 2561 2885 7806 23285 10759 2369
leaf_count=32193 9890 7162 5056 1315 3041 2556 10826 4822 10710 14836 2555 1277 38853 8241 4719 36631 2492 13299 7184 6110 16330 1123 2822 1862 2561 2885 7806 23285 10759 2369
internal_value=-0.00039414 0.00321033 -0.00429616 -0.0115622 -0.0187801 0.00637027 -0.00140225 0.00449663 0.0140253 -0.00203964 -0.00349825 -0.0132901 -0.00116235 0.000448381 0.00929991 0.00135409 0.00550814 -0.00813466 -0.0208201 -0.0188509 -0.00184447 0.00197086 0.00895675 -0.010601 0.00352548 0.0158675 0.0107533 0.000730599 -0.00656865 -0.0129719
internal_weight=295570 64594 19135 11973 8097 45459 230976 22518 13266 208458 131413 25302 106111 77045 15845 77976 39123 28135 16940 15663 61200 8362 5377 2985 3876 11126 12628 39615 21585 9553
internal_count=295570 64594 19135 11973 8097 45459 230976 22518 13266 208458 131413 25302 106111 77045 15845 77976 39123 28135 16940 15663 61200 8362 5377 2985 3876 11126 12628 39615 21585 9553
is_linear=0
shrinkage=0.05


Tree=23
num_leaves=31
num_cat=0
split_feature=48 68 72 65 41 54 17 58 16 54 8 69 66 55 75 69 69 54 19 30 67 64 54 69 64 41 67 67 75 54
split_gain=383.024 263.431 221.779 236.218 223.589 231.127 228.219 420.846 249.544 259.406 935.168 376.119 303.178 509.301 396.449 349.529 290.79 356.817 310.317 285.761 227.695 222.744 217.438 1349.38 1254.11 345.555 314.525 290.899 402.817 246.224
threshold=0.040588531643152244 -0.16132124513387677 0.95082014799118053 0.13133955001831057 0.25793135166168218 5.8564891815185556 -0.24569881707429883 0.11354737728834154 -0.31689652800559992 7.5936210155487069 -0.073993604630231843 0.018101735971868042 -0.23175805807113645 1.0000000180025095e-35 0.66972544789314281 0.028858201578259472 0.017343870364129547 6.5505802631378183 0.035666188225150115 0.2752711027860642 0.24009388685226443 -0.063681781291961656 7.0733969211578378 0.016163060441613201 -0.072249472141265855 0.050318133085966117 0.28725910186767584 0.037947416305541999 0.57432681322097789 4.7252173423767099
decision_type=2 8 10 10 10 2 10 2 8 2 10 10 10 2 10 10 10 2 10 10 10 8 2 10 8 8 8 8 10 2
left_child=1 -1 4 -4 6 -6 7 -2 -8 12 -11 -12 14 16 -10 -16 17 18 -14 21 -20 -15 27 24 -24 -25 -26 28 -3 -29
right_child=2 22 3 -5 5 -7 8 -9 9 10 11 -13 13 19 15 -17 -18 -19 20 -21 -22 -23 23 25 26 -27 -28 29 -30 -31
leaf_value=-0.0025786764723206221 -0.00079993314405430349 0.00021124754584136933 -0.0042255809651974077 0.0025854521376021742 -0.0046250129268891995 0.015611924799585696 0.0011763406224235575 -0.0052852876758991297 -1.0696865452749194e-05 0.0005343002722180745 -0.0057240536084680474 -0.0010171753072165007 0.00098946422280989641 0.0019382306768505706 -0.0024313444530772335 0.00071070679124669855 -6.6495210937025408e-05 -0.0015477003755737459 0.012735511586505162 -0.0030765250843157511 0.0016677528955370544 -0.00094960779139035981 0.00058816690261683121 0.0011373487858007869 -0.0061630087839276253 -0.0010815099579401764 -0.0014342491330855099 0.0013238000855708889 -0.0022894550786455442 0.00014483899732756385
leaf_weight=2465 11478 12168 9128 2005 512 1081 10864 3380 26388 8307 4025 3054 11329 654 13890 4478 29270 2753 5782 2937 4356 2762 4411 12895 5148 3165 3582 49899 6348 37449
leaf_count=2465 11478 12168 9128 2005 512 1081 10864 3380 26388 8307 4025 3054 11329 654 13890 4478 29270 2753 5782 2937 4356 2762 4411 12895 5148 3165 3582 49899 6348 37449
internal_value=-0.000411693 0.00151883 -0.0020875 -0.00888899 -0.00157287 0.0169994 -0.00177707 -0.0076473 -0.00110997 -0.00176716 -0.00782671 -0.0211666 -0.000875164 0.00145273 -0.0039874 -0.00962564 0.00304299 0.00709451 0.00926805 -0.0119205 0.0156188 -0.00207239 0.00181492 -0.00200438 -0.0138811 0.00771624 -0.0248513 0.0028685 -0.00282306 0.00407518
internal_weight=295963 137530 158433 11133 147300 1593 145707 14858 130849 119985 15386 7079 104599 59843 44756 18368 53490 24220 21467 6353 10138 3416 135065 29201 13141 16060 8730 105864 18516 87348
internal_count=295963 137530 158433 11133 147300 1593 145707 14858 130849 119985 15386 7079 104599 59843 44756 18368 53490 24220 21467 6353 10138 3416 135065 29201 13141 16060 8730 105864 18516 87348
is_linear=0
shrinkage=0.05


Tree=24
num_leaves=31
num_cat=0
split_feature=54 42 66 41 75 71 54 68 37 66 14 34 71 70 75 54 11 53 54 65 75 64 54 74 40 54 66 15 11 58
split_gain=381.774 427.335 625.793 743.46 528.394 406.406 543.41 394.358 390.483 377.885 689.371 644.962 357.239 402.86 353.361 343.261 314.303 303.411 300.101 489.233 297.204 317.496 289.237 302.172 273.893 396.566 274.336 254.816 251.215 244.724
threshold=1.67803031206131 0.062177876010537154 -0.12575253844261167 0.03954735957086087 0.4424568116664887 -0.16773425042629239 7.0733969211578378 -0.0045902417041361323 -0.40736526250839228 -0.12575253844261167 -0.34692420065402979 0.33334697782993322 -0.074598543345928178 0.064551789313554778 0.70949560403823864 4.6957874298095712 -0.35159510374069208 1.0000000180025095e-35 7.7320404052734384 -0.354678064584732 0.76801934838294994 -0.021780997514724728 6.7588317394256601 0.020451268181204799 0.23927468806505206 5.1373560428619394 -0.38742892444133753 -0.092938639223575578 -0.61096733808517445 0.14134690165519717
decision_type=2 8 10 8 8 10 2 8 10 10 10 10 8 10 10 2 10 10 2 10 10 10 2 10 10 2 8 10 10 2
left_child=7 2 4 5 12 -4 17 -1 -8 11 -11 24 -2 16 -12 -5 -14 -7 20 -20 -13 -22 23 -16 26 -26 -3 -24 -6 -18
right_child=1 9 3 15 28 6 8 -9 -10 10 14 18 13 -15 22 -17 29 -19 19 -21 21 -23 27 -25 25 -27 -28 -29 -30 -31
leaf_value=-6.089711667657122e-05 -3.9737508766252329e-05 0.00098419282101554076 0.00013896151949525476 0.006558106375151267 0.00066518579847156002 -0.0017268764646676553 -0.00062423950293492836 0.0041005967926801209 -0.006178844535565893 -0.0094788957573014483 -0.00051566691714945796 -0.00068106592003634031 0.00047429070135832313 -0.00023189987879555196 -0.0032889820632802519 -0.00066731875561613918 0.00047325303881672748 0.0018207703324522541 0.0067996520380465917 -0.0052704185114715689 -0.0040424984867781432 -0.00054319050501443948 0.0042213284014026384 0.0062915812135167573 -0.0041007002428670933 0.011805418565153103 -0.00078516753288934151 -0.0076480805937558238 -0.00071194065894137877 0.0015655519289669096
leaf_weight=12782 20103 10239 7165 6066 12506 13273 1718 10663 3790 1087 12773 14621 13774 9237 1489 5393 10041 2393 677 3610 10599 4414 500 11936 1138 1989 47203 1098 26431 17408
leaf_count=12782 20103 10239 7165 6066 12506 13273 1718 10663 3790 1087 12773 14621 13774 9237 1489 5393 10041 2393 677 3610 10599 4414 500 11936 1138 1989 47203 1098 26431 17408
internal_value=-0.000478513 -0.00100502 0.000794331 -0.00457446 0.00274587 -0.00891919 -0.0124009 0.00564272 -0.0258971 -0.00318237 0.00182224 -0.00471217 0.00532569 0.00757083 0.00335539 0.0061688 0.0096852 -0.00764226 -0.0102311 -0.0225855 -0.00843678 -0.0133762 0.00855119 0.0109453 -0.0016202 0.012767 -0.00240549 -0.011505 -0.00192955 0.0127772
internal_weight=296116 272671 149298 39798 109500 28339 21174 23445 5508 123373 28883 94490 70563 50460 27796 11459 41223 15666 33921 4287 29634 15013 15023 13425 60569 3127 57442 1598 38937 27449
internal_count=296116 272671 149298 39798 109500 28339 21174 23445 5508 123373 28883 94490 70563 50460 27796 11459 41223 15666 33921 4287 29634 15013 15023 13425 60569 3127 57442 1598 38937 27449
is_linear=0
shrinkage=0.05


Tree=25
num_leaves=31
num_cat=0
split_feature=39 66 14 34 54 69 66 75 75 19 54 55 29 32 67 67 72 57 16 66 55 55 19 33 67 66 64 30 27 54
split_gain=376.245 350.415 599.19 511.342 405.41 517.603 339.658 1013.39 556.312 518.751 432.003 426.247 378.746 345.279 325.013 320.314 272.608 269.249 257.776 275.033 977.189 472.612 300.698 300.347 248.303 290.373 236.156 229.063 247.867 274.418
threshold=0.052343044430017478 -0.12575253844261167 -0.32935662567615503 0.23750693351030353 5.3425257205963144 0.022169589996337894 -0.14128293097019193 0.50666701793670665 0.39454375207424169 -0.034339886158704751 5.1647572517395028 1.5000000000000002 -0.27999928593635554 -0.25334729254245753 0.15115153789520266 0.20748154073953631 0.27747216820716863 0.50640720129013073 -0.37819606065750117 -0.29600141942501063 1.0000000180025095e-35 1.0000000180025095e-35 0.063409060239791884 2.09822690486908 1.0000000180025095e-35 -0.32772420346736902 -0.0079508423805236799 0.12866742163896563 1.5137536525726321 6.1049940586090097
decision_type=8 10 10 10 2 10 10 10 8 8 2 2 10 10 10 10 10 2 8 8 2 2 8 10 10 10 10 8 10 2
left_child=6 3 -3 -2 5 17 8 9 11 12 14 13 -8 -1 -9 -13 -11 26 -10 21 23 22 -20 -21 -15 -26 -4 -22 29 -29
right_child=1 2 4 -5 -6 -7 7 10 18 16 -12 15 -14 24 -16 -17 -18 -19 19 20 27 -23 -24 -25 25 -27 -28 28 -30 -31
leaf_value=0.00023599515626913215 -0.00021494614536226916 -0.0092289496926828956 0.015067329050816576 -0.0020039574805751823 -0.0015066127235152953 -0.0004916318642098085 -0.00022950763327821461 0.015898644257096951 0.0022629352358416936 0.00056733324739473995 -0.00063506466728818843 0.0016746953867390231 -0.0038240903046490326 -0.000455114693604523 0.0011448955615825413 8.0334098054894899e-05 -0.0010099642333508878 0.011546166174849316 -0.00074616330713531435 0.001653734467494959 0.0018353351424583372 0.00098396762750243508 -0.0038781223457510735 -0.0014562883348942048 0.0014397510844470754 0.0007161953421553418 -0.00079098928008907202 -0.0012139748744576903 0.004365034357614055 -0.0049574752343197062
leaf_weight=48865 45844 1018 1331 33797 7009 8246 3518 5174 4814 8475 5302 4165 8691 1567 4249 1824 14371 6378 23231 22650 735 3097 3792 4085 6512 7951 2887 1880 514 3499
leaf_count=48865 45844 1018 1331 33797 7009 8246 3518 5174 4814 8475 5302 4165 8691 1567 4249 1824 14371 6378 23231 22650 735 3097 3792 4085 6512 7951 2887 1880 514 3499
internal_value=-0.000434376 -0.00281074 0.0021262 -0.0044764 0.00361355 0.00743157 0.000905165 -0.00263908 0.00217291 -0.00726223 0.00836444 0.00527548 -0.0155782 0.00409599 0.0147832 0.018028 -0.00281327 0.0147369 -0.00104748 -0.00189391 0.00123303 -0.00535679 -0.0074779 0.00549448 0.0104613 0.0125095 0.00491958 -0.0159385 -0.019219 -0.0223882
internal_weight=295471 106510 26869 79641 25851 18842 188961 49780 139181 35055 14725 70884 12209 64895 9423 5989 22846 10596 68297 63483 33363 30120 27023 26735 16030 14463 4218 6628 5893 5379
internal_count=295471 106510 26869 79641 25851 18842 188961 49780 139181 35055 14725 70884 12209 64895 9423 5989 22846 10596 68297 63483 33363 30120 27023 26735 16030 14463 4218 6628 5893 5379
is_linear=0
shrinkage=0.05


Tree=26
num_leaves=31
num_cat=0
split_feature=48 58 54 69 66 67 41 11 73 55 71 69 39 18 54 69 60 66 55 55 69 54 67 41 7 54 69 10 67 10
split_gain=336.55 218.423 257.099 906.076 339.284 239.907 223.422 202.491 197.074 286.472 416.687 310.506 258.711 212.112 962.012 695.162 413.77 386.33 636.977 602.048 389.448 370.108 521.984 357.176 348.151 291.405 285.934 285.724 288.377 277.744
threshold=0.019815289415419105 0.13547376543283465 7.0733969211578378 0.015415531583130361 -0.28271885216236109 0.30595466494560247 0.035250088199973113 -0.40383434295654291 0.91070637106895458 1.0000000180025095e-35 0.19075265526771548 0.010989497881382706 0.39272145926952368 -0.07264526933431624 7.2725720405578622 0.016163060441613201 -0.045014105737209313 -0.23755589872598645 1.0000000180025095e-35 1.0000000180025095e-35 0.017343870364129547 5.8564891815185556 0.058803495019674308 0.037248991429805763 0.076506916433572783 4.7756297588348398 0.012884998228400947 0.084005419164896025 0.15200098603963855 0.11132444441318513
decision_type=2 2 2 10 10 10 10 10 8 2 8 10 10 10 2 10 10 10 2 2 10 2 10 10 10 2 10 8 10 10
left_child=1 6 -3 4 -4 -6 -1 -5 12 11 -11 -10 13 21 17 16 -16 18 29 20 23 -2 -23 -19 -17 -25 -24 28 -21 -15
right_child=8 2 3 7 5 -7 -8 -9 9 10 -12 -13 -14 14 15 24 -18 19 -20 27 -22 22 26 25 -26 -27 -28 -29 -30 -31
leaf_value=0.00011710240073139062 -0.0002566232426525474 0.00091509819899610989 0.00059075445664026117 -0.00079680938941599207 -0.0052803810445591556 -0.00047604479800044227 -0.0021808030158705408 0.001313319765383153 0.0020416071656019419 0.00050749552441841804 -0.0072391324747845126 -0.0019148003182589664 0.019839829329659772 -0.00084550703804874862 0.00015595422706920554 0.00041441144272189712 -0.0052260721801508838 -2.5376167991919118e-05 0.00093915031873322008 -0.0060930132077113459 -0.00021292724262603329 0.0017079374765395603 -0.0017113429978111968 0.0068844021671411078 -0.0029009553701800079 0.00097459851149521925 0.00040876826462847549 -0.0034616875911633802 0.0001017963467775494 -0.0033439117494696137
leaf_weight=11338 59921 43738 986 1642 3028 1106 4902 5494 6183 1411 2449 17475 779 16355 1328 5620 7247 9692 3873 882 25210 10416 3545 11564 2220 6818 17992 2258 3574 6946
leaf_count=11338 59921 43738 986 1642 3028 1106 4902 5494 6183 1411 2449 17475 779 16355 1328 5620 7247 9692 3873 882 25210 10416 3545 11564 2220 6818 17992 2258 3574 6946
internal_value=-0.000478375 0.00248879 0.00396936 -0.00242948 -0.01846 -0.0247346 -0.00261538 0.009082 -0.00143631 -0.00539814 -0.0180103 -0.00333362 -0.00088051 -0.0009958 -0.00254689 -0.0136469 -0.023477 -0.000455369 -0.00540024 0.00178476 0.00356325 0.000753124 0.00509808 0.00761288 -0.00287898 0.0117062 0.000652063 -0.0123141 -0.0049485 -0.00852173
internal_weight=295992 72234 55994 12256 5120 4134 16240 7136 223758 27518 3860 23658 196240 195461 103587 16415 8575 87172 27174 59998 53284 91874 31953 28074 7840 18382 21537 6714 4456 23301
internal_count=295992 72234 55994 12256 5120 4134 16240 7136 223758 27518 3860 23658 196240 195461 103587 16415 8575 87172 27174 59998 53284 91874 31953 28074 7840 18382 21537 6714 4456 23301
is_linear=0
shrinkage=0.05


Tree=27
num_leaves=31
num_cat=0
split_feature=72 54 66 37 15 54 66 39 33 66 10 54 17 54 16 11 11 66 19 38 33 17 75 54 67 54 54 31 54 65
split_gain=319.155 291.644 455.213 359.145 255.616 251.37 346.037 250.426 240.991 765.698 386.981 265.15 221.377 276.1 274.225 225.386 205.814 208.022 952.983 725.842 507.593 505.251 459.197 335.437 320.587 303.229 263.166 253.533 221.329 199.176
threshold=0.9656602442264558 1.8301782608032229 -0.2320836931467056 0.89825439453125011 -0.28111875057220453 6.7045857906341562 -0.14926423132419583 0.39272145926952368 2.494868397712708 -0.15632759779691693 -0.61841356754302967 7.676793336868287 -0.16053150594234464 5.796194553375245 -0.34382097423076624 1.6219522356987002 -0.43522927165031428 -0.11830167472362517 -0.043057890608906739 0.2817301750183106 0.44285930693149572 -0.039263239130377763 0.64213100075721752 8.3653230667114276 0.16374813765287402 3.7161297798156743 7.9154393672943124 0.56696459650993358 4.1553614139556894 0.13133955001831057
decision_type=10 2 8 8 8 2 10 10 10 10 10 2 8 2 8 8 8 10 8 10 10 10 10 2 10 2 2 10 2 10
left_child=1 2 -1 7 -4 -5 -7 8 12 10 -10 -12 13 -3 15 -14 -16 19 21 20 25 -19 27 -22 28 -18 -23 -20 -24 -2
right_child=29 3 4 5 -6 6 -8 -9 9 -11 11 -13 14 -15 16 -17 17 18 22 -21 23 26 24 -25 -26 -27 -28 -29 -30 -31
leaf_value=-0.00042395357108556374 -0.0043291315747935729 -0.0015535489890876725 -0.0034895110737353909 -0.00079650261819487239 0.0036658046796413054 -0.0014277512770755861 -0.0065176313786491418 0.019743007318652431 0.0089615460884267927 0.0021446625416835035 -0.0036998878625858415 -0.0084379046313003778 0.0029740879523114864 0.00079616565672699792 -0.00079703141008378325 -0.00083176622670623208 -0.00016729894754685993 2.5441656536630623e-05 0.00028951898774818462 -0.00044700298256471552 7.0627788175963704e-05 -0.0028780915999139889 0.025615446615392418 -0.002386105701211309 0.0010558428448930446 0.00084922447314901258 -0.0081617550648439962 -0.0013316502246466895 0.0036464356741125943 0.0026795755360676937
leaf_weight=12806 7787 16307 1026 18649 15007 4378 2172 801 594 5226 5383 1499 5972 5985 12597 1811 8158 3326 15223 54900 18325 4678 2453 2000 6700 46031 1986 10499 2141 1587
leaf_count=12806 7787 16307 1026 18649 15007 4378 2172 801 594 5226 5383 1499 5972 5985 12597 1811 8158 3326 15223 54900 18325 4678 2453 2000 6700 46031 1986 10499 2141 1587
internal_value=-0.000431901 -0.000134837 0.00463274 -0.000668337 0.0102443 -0.00633702 -0.0147561 -5.39541e-05 -0.00015099 -0.00684393 -0.0170986 -0.020444 0.000237332 -0.0044839 0.000772318 0.00996407 0.00039333 0.000834325 -0.00201421 0.00186905 0.00508293 -0.01571 0.0016853 -0.00165478 0.0100849 0.00760992 -0.023644 -0.00200529 0.0202433 -0.00950554
internal_weight=296007 286633 28839 257794 16033 25199 6550 232595 231794 12702 7476 6882 219092 22292 196800 7783 189017 176420 47006 129414 74514 9990 37016 20325 11294 54189 6664 25722 4594 9374
internal_count=296007 286633 28839 257794 16033 25199 6550 232595 231794 12702 7476 6882 219092 22292 196800 7783 189017 176420 47006 129414 74514 9990 37016 20325 11294 54189 6664 25722 4594 9374
is_linear=0
shrinkage=0.05


Tree=28
num_leaves=31
num_cat=0
split_feature=72 50 65 17 74 58 73 69 11 66 19 37 66 33 29 74 33 65 40 5 59 11 69 33 66 19 23 69 32 37
split_gain=293.106 257.603 178.373 161.815 200.951 218.835 155.48 148.489 241.132 479.42 328.964 227.761 220.666 178.64 173.092 160.634 151.464 165.981 188.768 177.146 147.996 146.422 142.176 139.873 171.257 445.019 297.315 221.523 185.23 184.865
threshold=0.96176275610923778 0.0024859545519575481 0.13133955001831057 -0.15387024730443952 0.22404297441244128 0.25292904675006872 0.81064277887344371 0.017537509091198448 0.21898022294044497 -0.12127298489212988 -0.0067556339781731358 0.91689661145210277 -0.10603393614292143 1.6545346379280093 -0.19385815411806104 0.39911812543869024 0.28752841055393225 0.13711816072463992 0.051408892497420318 -0.60971710085868824 -0.08991703018546103 -0.59446361660957325 0.022568873129785064 2.3601469993591313 -0.11607240140438078 0.0032712551765143876 -0.10405678302049635 0.0095102037303149718 -0.24385066330432889 1.2050744295120241
decision_type=10 2 10 8 8 2 10 10 10 10 10 8 10 10 10 10 10 10 10 8 10 10 10 10 10 10 8 10 10 8
left_child=1 3 22 -1 5 21 23 8 9 13 -11 16 -10 -3 -14 -15 17 18 -9 -20 -8 -5 -2 24 26 27 -6 -26 -28 -29
right_child=2 7 -4 4 6 -7 20 11 12 10 -12 -13 14 15 -16 -17 -18 -19 19 -21 -22 -23 -24 -25 25 -27 28 29 -30 -31
leaf_value=-0.00076599089182469236 -0.0047141054817707254 -0.00013573529063809383 0.002442489746461024 0.001442958267042074 -9.29265483252356e-06 0.0019557483757181682 -0.0025007835603979844 0.0009593181908271989 -0.0017923217276707198 -0.004528977789178208 -0.0005625538696922037 -0.0019466652195893235 0.0091800598152381382 -0.0043463710763849851 0.0004040814002618659 -0.00092947395454588732 -0.00041844775130811182 -0.00070895021386245484 0.01649566234413568 -0.00018063092997288384 -0.00029547895162580323 -0.00095029172677929801 -0.00063991817310432857 -0.00189265810357616 -0.0072832294845844364 0.00091973605784182377 0.0005697248580706051 -0.00054789398754780865 0.0010134431147968432 -0.0068444598497252387
leaf_weight=15227 6334 29906 1724 1790 35562 18253 2149 16042 2856 6424 3762 6816 2925 1510 3619 4072 27663 4293 627 15492 17635 4968 2367 3437 2057 12552 27762 7644 9500 533
leaf_count=15227 6334 29906 1724 1790 35562 18253 2149 16042 2856 6424 3762 6816 2925 1510 3619 4072 27663 4293 627 15492 17635 4968 2367 3437 2057 12552 27762 7644 9500 533
internal_value=-0.000437378 -0.000136099 -0.00866794 0.0012016 0.00172052 0.00579313 0.000862918 -0.00182475 -0.00377242 -0.00527318 -0.0148293 -0.000312222 0.00351753 -0.0025269 0.00857492 -0.0107296 0.000612067 0.00272872 0.00396164 0.0001395 -0.00318278 -0.00189125 -0.0115773 0.00167126 0.00202782 -0.00175469 0.00321141 -0.00948848 0.00633183 -0.00578356
internal_weight=295501 285076 10425 159069 143842 25011 118831 126007 55074 45674 10186 70933 9400 35488 6544 5582 64117 36454 32161 16119 19784 6758 8701 99047 95610 22786 72824 10234 37262 8177
internal_count=295501 285076 10425 159069 143842 25011 118831 126007 55074 45674 10186 70933 9400 35488 6544 5582 64117 36454 32161 16119 19784 6758 8701 99047 95610 22786 72824 10234 37262 8177
is_linear=0
shrinkage=0.05


Tree=29
num_leaves=31
num_cat=0
split_feature=39 55 65 75 16 13 55 26 69 11 54 60 54 69 54 55 69 33 65 54 67 30 69 54 48 55 9 67 73 26
split_gain=289.329 326.035 271.668 382.283 261.635 251.741 256.595 533.838 359.276 280.421 349.303 232.703 1457.56 1012.51 654.306 588.126 582.369 547.777 489.506 475.359 458.013 449.29 398.464 311.856 285.879 283.881 263.446 257.48 232.489 230.546
threshold=0.056710826233029372 1.5000000000000002 -0.0060959756374359122 0.93622809648513805 -0.30347353219985956 -0.50338739156723011 1.0000000180025095e-35 -0.31140018999576563 0.015415531583130361 5.8403277397155771 4.8519911766052255 -0.028714482672512528 5.6543471813201913 0.0094106099568307417 5.8867287635803232 1.0000000180025095e-35 0.017362957820296291 0.2133230268955231 -0.28034597635269159 7.9561471939086923 0.078049011528491988 0.33333580195903784 0.016712979413568977 8.2665500640869158 0.014286448247730734 1.0000000180025095e-35 -0.16571192443370816 0.17144349962472918 0.72463691234588634 -0.096974495798349367
decision_type=8 2 8 10 8 8 2 8 10 8 2 10 2 10 2 2 10 10 10 2 8 10 10 2 2 2 10 10 8 10
left_child=11 2 3 4 -2 -4 8 -8 9 10 -7 14 17 -14 15 20 19 24 -16 25 -1 28 27 -18 -13 -15 -21 29 -17 -19
right_child=1 -3 5 -5 -6 6 7 -9 -10 -11 -12 12 13 16 18 21 23 22 -20 26 -22 -23 -24 -25 -26 -27 -28 -29 -30 -31
leaf_value=-0.0011613898107740613 0.0011344410104508075 -0.0027667599205840701 0.01507118448044263 -0.0047794873034494329 -0.0012367549047811342 0.010544697037773046 0.0020333165847360823 -0.0056235509965987729 -0.00051555081397544546 -0.00038182104481673768 -0.00082018801765136422 0.0013852371000865121 -0.0079908928216208368 -0.0001542933116061772 -6.600320469387685e-05 0.0013815220787091725 -0.00022704834010356062 0.017474102272844759 0.0010123338195329689 -0.0002760448300719203 0.00024747770788910136 -0.0032964126053582976 -0.00016885685595675496 0.0012803135562643498 -0.0017716061548227998 -0.0014766466240885773 -0.0038790801621405944 0.0016676604497373204 -6.3365169447433299e-05 0.001367206037946546
leaf_weight=24568 5696 3308 950 5313 18960 6799 2064 2745 41121 6488 2549 3493 3961 9572 14029 5447 12405 4441 28081 1408 30858 781 11126 3450 9048 4787 5157 23501 1597 1710
leaf_count=24568 5696 3308 950 5313 18960 6799 2064 2745 41121 6488 2549 3493 3961 9572 14029 5447 12405 4441 28081 1408 30858 781 11126 3450 9048 4787 5157 23501 1597 1710
internal_value=-0.000367101 -0.00262231 -0.00207077 -0.00598586 -0.0033609 -0.000199279 -0.000594082 -0.0116725 0.000343181 0.00673987 0.0122783 0.000718548 -0.00108909 -0.00820859 0.00233224 -0.00088285 -0.00561717 0.00435129 0.00716049 -0.011092 -0.002695 0.01194 0.00716142 0.00161046 -0.00478448 -0.00598859 -0.0222281 0.0101881 0.0159342 0.0192907
internal_weight=295413 95993 92685 29969 24656 62716 61766 4809 56957 15836 9348 199420 94059 40740 105361 63251 36779 53319 42110 20924 55426 7825 40778 15855 12541 14359 6565 29652 7044 6151
internal_count=295413 95993 92685 29969 24656 62716 61766 4809 56957 15836 9348 199420 94059 40740 105361 63251 36779 53319 42110 20924 55426 7825 40778 15855 12541 14359 6565 29652 7044 6151
is_linear=0
shrinkage=0.05


Tree=30
num_leaves=31
num_cat=0
split_feature=70 54 60 69 11 58 10 42 60 54 69 54 69 60 11 75 11 40 74 54 11 60 42 75 57 53 57 58 34 69
split_gain=308.761 291.442 453.676 285.144 252.459 362.437 234.428 254.625 434.475 734.276 912.187 542.231 503.388 308.959 308.433 293.631 276.599 248.005 270.513 232.497 222.706 330.13 221.36 218.747 217.853 199.641 198.724 322.477 197.56 207.363
threshold=0.18822725862264636 1.8301782608032229 -0.045014105737209313 0.0094106099568307417 0.95540025830268871 0.74469971656799328 -0.47662180662155146 0.054022919386625297 -0.045014105737209313 5.6543471813201913 0.017019351944327358 5.7384898662567148 0.0091947759501636046 -0.22818148136138913 0.04531656205654145 0.43070739507675176 0.14756402373313907 0.20038208365440371 0.020451268181204799 5.6854317188262948 1.476824223995209 -0.12373321503400801 0.027186243794858459 0.10980751365423204 0.5728939175605775 1.0000000180025095e-35 0.49069732427597051 0.41818229854106909 0.76806977391242992 0.016367565840482715
decision_type=10 2 8 10 10 2 8 8 10 2 10 2 10 10 8 10 8 10 10 2 8 10 10 10 2 10 2 2 8 10
left_child=1 2 -1 -4 -2 -6 20 8 11 14 12 15 -11 22 25 -8 26 -9 -19 -20 21 -3 -13 -12 -15 -10 27 -14 29 -16
right_child=4 6 3 -5 5 -7 7 17 9 10 23 13 16 24 28 -17 -18 18 19 -21 -22 -23 -24 -25 -26 -27 -28 -29 -30 -31
leaf_value=-0.00036292897043062767 -0.0023272086570909549 8.4141196819092701e-05 0.014783742026061687 0.002160895412955706 -0.0013907783503460101 0.011472601450855498 0.00027604823162746589 -0.00058016377015386318 -0.00079250870498371543 -0.0078143773154043614 0.00088210543329565792 -0.003084174894062756 -0.0034939221754377824 0.00078693240546228414 0.0036667706972036002 -0.0012224467246621088 -0.00033727905350503797 -0.0046366889527154793 0.0017593234980157345 0.013728355526106767 -0.00080410220576551021 0.005816175238272543 0.00070203194523685546 -0.00025480662906412002 0.0023883321792503524 0.0023324343095522111 -0.0030331779700479094 0.00033062346567242271 -0.00063649672060219907 -0.00048492245574709213
leaf_weight=12277 19234 4123 2129 12645 6037 1914 17084 108377 11077 3038 4600 1997 1968 22466 11193 9834 6223 797 2147 1507 2628 4223 3568 7017 2384 2310 4720 2278 3290 2226
leaf_count=12277 19234 4123 2129 12645 6037 1914 17084 108377 11077 3038 4600 1997 1968 22466 11193 9834 6223 797 2147 1507 2628 4223 3568 7017 2384 2310 4720 2278 3290 2226
internal_value=-0.000525699 -1.08154e-05 0.00490928 0.010809 -0.00560213 0.00189047 -0.000563079 -0.000903694 0.000727727 -0.00224854 -0.00780465 0.00383918 -0.0147804 0.00841249 0.00326181 -0.00132947 -0.0110501 -0.0025993 0.00895539 0.0147107 0.0065732 0.0105673 -0.00223318 0.00314355 0.0107965 -0.00239233 -0.0166667 -0.00878759 0.00779054 0.010481
internal_weight=295311 268126 27051 14774 27185 7951 241075 230101 117273 59940 29844 57333 18227 30415 30096 26918 15189 112828 4451 3654 10974 8346 5565 11617 24850 13387 8966 4246 16709 13419
internal_count=295311 268126 27051 14774 27185 7951 241075 230101 117273 59940 29844 57333 18227 30415 30096 26918 15189 112828 4451 3654 10974 8346 5565 11617 24850 13387 8966 4246 16709 13419
is_linear=0
shrinkage=0.05


Tree=31
num_leaves=31
num_cat=0
split_feature=72 54 69 73 55 60 69 69 54 57 54 38 60 55 54 66 66 10 29 55 28 55 57 75 75 39 54 32 15 14
split_gain=288.84 238.958 338.148 227.705 283.422 461.452 262.629 224.55 1425.56 627.284 292.087 266.802 581.178 437.932 441.763 303.158 268.301 583.123 305.15 267.767 360.762 258.263 244.19 236.635 230.49 222.685 230.263 220.115 191.921 186.045
threshold=0.96176275610923778 1.8301782608032229 0.01128443516790867 0.87632423639297496 1.0000000180025095e-35 -0.016811911016702649 0.011103523895144464 0.010989497881382706 5.6543471813201913 0.44388101994991308 7.0733969211578378 0.25695540010929113 -0.027165814302861687 1.5000000000000002 4.5315775871276864 -0.40621370077133173 -0.12127298489212988 -0.3322166353464126 -0.16627120226621625 1.5000000000000002 0.31505666673183447 1.0000000180025095e-35 0.79314130544662487 0.76387661695480358 0.48255629837512976 0.27960246801376348 5.796194553375245 -0.090969357639551149 -0.43022441864013666 -0.26873292028903956
decision_type=10 2 10 8 2 8 10 10 2 2 2 8 10 2 2 10 10 10 8 2 10 2 2 10 10 10 2 8 8 10
left_child=1 2 -1 7 6 -6 -5 8 21 -10 -11 12 13 14 -9 -16 17 19 -18 25 -21 24 -14 -19 -3 -13 -27 -26 -4 -20
right_child=-2 3 28 4 5 -7 -8 11 9 10 -12 16 22 -15 15 -17 18 23 29 20 -22 -23 -24 -25 27 26 -28 -29 -30 -31
leaf_value=0.005690240802438528 -0.0028759252947397496 0.00021848710130535962 -0.0059099371114378465 0.0015893451942735753 -7.2100290182910977e-06 -0.0078947903788169401 -0.0012260090378019173 -0.00073510688703955186 -0.00032223188311555131 -0.0034383659016331914 -0.007101339694940062 0.00032983031772653527 -6.7073499184118479e-05 0.0014070974760256342 -0.00068975302588196214 0.000881578487268344 0.0026669746584192604 -0.00055258360286075008 -0.0049311905471506852 0.00051111614498766439 -0.0046838872495023141 -0.0022315780646772455 -0.0018858337077857128 -0.0022896561478833342 0.0062408713825039428 0.0002304681621599778 0.019984284174868038 -0.0045792849273048331 0.00047787195275117661 -0.00011436644638020497
leaf_weight=5959 10454 7178 937 6868 2611 2735 20049 8651 4618 3461 3902 41360 36651 4101 3803 29060 10801 27876 548 1246 1109 1496 3755 15552 6908 761 895 558 21732 10515
leaf_count=5959 10454 7178 937 6868 2611 2735 20049 8651 4618 3461 3902 41360 36651 4101 3803 29060 10801 27876 548 1246 1109 1496 3755 15552 6908 761 895 558 21732 10515
internal_value=-0.000451445 -0.000152604 0.00417976 -0.000635216 -0.00456264 -0.0150672 -0.0024715 -7.1392e-05 -0.00424976 -0.0173088 -0.0263597 0.000526198 0.00261476 0.00648219 0.00493931 0.00758525 -0.00109738 -0.00231902 0.00386303 0.00164496 -0.0147357 0.00544892 -0.00175178 -0.00645978 0.00747236 0.00254497 0.0204682 0.0136169 0.00139115 -0.00197327
internal_weight=296150 285696 28628 257068 32263 5346 26917 224805 28121 11981 7363 196684 86021 45615 41514 32863 110663 88799 21864 45371 2355 16140 40406 43428 14644 43016 1656 7466 22669 11063
internal_count=296150 285696 28628 257068 32263 5346 26917 224805 28121 11981 7363 196684 86021 45615 41514 32863 110663 88799 21864 45371 2355 16140 40406 43428 14644 43016 1656 7466 22669 11063
is_linear=0
shrinkage=0.05


Tree=32
num_leaves=31
num_cat=0
split_feature=70 55 41 33 66 64 17 55 15 74 67 66 19 41 75 55 55 72 67 55 10 55 67 67 52 59 62 10 72 55
split_gain=305.447 542.964 418.623 331.65 415.417 318.45 232.925 240.71 229.924 215.177 346.014 257.922 768.555 669.762 458.62 344.893 323.989 287.494 268.395 399.95 283.317 247.629 238.9 230.808 230.118 219.596 218.265 216.326 209.729 196.633
threshold=0.12462032586336137 1.0000000180025095e-35 0.21968963742256167 3.1358722448349003 -0.16004703938961026 -0.033031404018402093 -0.22799907624721524 1.0000000180025095e-35 -0.36992660164833063 0.19596580415964129 0.058803495019674308 -0.14128293097019193 -0.043057890608906739 0.040704654529690749 0.71706682443618786 1.5000000000000002 1.5000000000000002 0.37001661956310278 0.20681156963109973 1.0000000180025095e-35 -0.054748889058828347 1.0000000180025095e-35 0.16853125393390658 0.15115153789520266 8.5000000000000018 -0.0042997919954359523 -0.0033496916294097896 -0.48558057844638819 0.095355544239282622 1.0000000180025095e-35
decision_type=8 2 10 10 10 8 8 2 8 10 8 10 8 10 10 2 2 10 10 2 10 2 8 10 10 10 10 8 10 2
left_child=3 5 -3 6 -5 -2 7 28 -9 10 21 13 23 15 16 17 24 -11 20 -20 -15 25 27 -13 -14 -8 -19 -12 -1 -24
right_child=1 2 -4 4 -6 -7 9 8 -10 11 22 12 14 18 -16 -17 -18 26 19 -21 -22 -23 29 -25 -26 -27 -28 -29 -30 -31
leaf_value=-0.0040220348893551259 -0.0019462913121084191 -0.0050594530324534264 0.010528892522456784 -0.0047967396204336423 0.0017039320674848931 0.00032889721037655069 -0.00068022383824080726 0.0084189880662419482 -0.0015088241124703973 -0.0001312317168090408 0.0057063312532472741 -0.0055563556566907528 -0.00065435529008482651 -0.00032107997585027336 0.0060931410748147619 0.0011366526934486014 -0.0021348245126015181 0.00031739317862528873 0.00083581639896830205 -0.0017578840980706986 -0.0018784418854236472 0.0019909105050131526 0.0011570086830474007 -0.00087591945989928257 0.00073012085793787733 -0.0043138402060953528 0.0012363136960048657 0.0017375837086716806 -0.00057481254597403287 -0.00061004836273757627
leaf_weight=4296 14663 5352 664 5330 3143 27508 6360 891 693 19356 2948 5180 17876 26687 5362 5308 2397 24892 22861 3953 12246 879 25067 4829 10684 1365 13797 9141 4768 6823
leaf_count=4296 14663 5352 664 5330 3143 27508 6360 891 693 19356 2948 5180 17876 26687 5362 5308 2397 24892 22861 3953 12246 879 25067 4829 10684 1365 13797 9141 4768 6823
internal_value=-0.00040785 -0.00404901 -0.0180883 0.000302255 -0.00941294 -0.00204239 0.00064755 -0.00657722 0.0113551 0.000985216 0.00379043 0.00014421 -0.00305581 0.0012927 0.000326186 0.0049611 -0.00201343 0.00384377 -0.00224235 0.00160677 -0.00489305 -0.00537497 0.00558435 -0.0153159 -0.000528526 -0.00824176 0.0063322 0.0115671 -0.00972008 0.00331348
internal_weight=295319 48187 6016 247132 8473 42171 238659 10648 1584 228011 52583 175428 46328 129100 36319 63353 30957 58045 65747 26814 38933 8604 43979 10009 28560 7725 38689 12089 9064 31890
internal_count=295319 48187 6016 247132 8473 42171 238659 10648 1584 228011 52583 175428 46328 129100 36319 63353 30957 58045 65747 26814 38933 8604 43979 10009 28560 7725 38689 12089 9064 31890
is_linear=0
shrinkage=0.05


Tree=33
num_leaves=31
num_cat=0
split_feature=48 68 70 39 33 64 54 19 54 66 53 65 11 29 66 54 75 68 64 59 11 54 54 54 57 10 11 64 37 11
split_gain=261.467 323.56 219.246 213.8 195.882 473.246 177.715 183.279 163.907 340.579 150.829 211.323 338.788 202.458 202.333 193.19 157.653 352.055 137.754 133.195 164.63 131.451 131.329 128.768 137.717 127.884 285.863 147.204 127.391 126.59
threshold=0.010323024820536377 -0.092194847762584672 0.28301906585693365 0.39272145926952368 3.266448020935059 0.14958441257476809 7.7827031612396249 0.063409060239791884 3.6321768760681157 -0.23387136310338971 1.0000000180025095e-35 0.13711816072463992 0.95540025830268871 -0.70493048429489125 -0.24756715446710584 3.5468837022781377 0.92101293802261364 -0.035921983420848839 -0.040765464305877679 -0.00094372294552158553 1.2981760501861574 3.1740876436233525 3.6890044212341313 5.2886962890625009 0.55485418438911449 -0.41982746124267573 0.8371044695377351 -0.1383664011955261 -0.47166521847248072 -0.3366489559412002
decision_type=2 8 8 10 10 10 2 10 2 8 10 10 10 10 8 2 10 10 10 8 10 2 2 2 2 8 8 10 10 10
left_child=1 -1 3 4 10 6 18 -8 9 -3 11 16 13 -13 -12 -16 25 29 22 -4 -21 -19 -6 24 -14 26 27 28 -2 -18
right_child=2 8 19 -5 5 -7 7 -9 -10 -11 14 12 23 -15 15 -17 17 21 -20 20 -22 -23 -24 -25 -26 -27 -28 -29 -30 -31
leaf_value=-0.0010043391755372468 0.0015215391118992808 -0.00027573945174630833 -0.0036732604160632865 0.01676654768010374 -0.0067207934972662699 0.0053474936899402638 -0.00064284134970615109 -0.0086642839929283247 0.00028172343890117457 0.004863058651902845 -0.00052742845787506255 -0.0042936466169581139 0.0016970072354868153 -0.00081354738044526814 0.0060315659345439249 0.00034409384733487367 -0.0010549330338951474 0.0042188100730239843 -0.00031030250837136089 -0.0016297608287004347 0.0036521934337667445 -0.001049553712805869 -0.0019396939305265913 -0.00093430047557561925 0.012966253652996376 -2.2980834985461334e-05 -0.00084787450738190307 0.003654523652094171 -0.00069936922739799771 -0.0042902687549044808
leaf_weight=5039 4988 4349 6501 783 1345 1618 507 1229 21493 8141 5406 1248 2715 25068 4409 4818 1735 2412 3188 11623 2515 3753 1744 1927 982 152917 4102 3941 2021 3146
leaf_count=5039 4988 4349 6501 783 1345 1618 507 1229 21493 8141 5406 1248 2715 25068 4409 4818 1735 2412 3188 11623 2515 3753 1744 1927 982 152917 4102 3941 2021 3146
internal_value=-0.000487194 0.00332548 -0.00106701 -0.000634713 -0.000722062 -0.00770148 -0.0126823 -0.0268041 0.00507899 0.009632 -0.000423763 -0.000764345 -0.00451017 -0.00689053 0.00448337 0.00898019 -9.57967e-05 -0.00587916 -0.00874026 -0.00600755 -0.00327962 0.00206478 -0.0162472 0.00662052 0.0120718 0.000284857 0.00468065 0.00889599 0.00453768 -0.0158965
internal_weight=295663 39022 256641 236002 235219 9631 8013 1736 33983 12490 225588 210955 31940 26316 14633 9227 179015 11046 6277 20639 14138 6165 3089 5624 3697 167969 15052 10950 7009 4881
internal_count=295663 39022 256641 236002 235219 9631 8013 1736 33983 12490 225588 210955 31940 26316 14633 9227 179015 11046 6277 20639 14138 6165 3089 5624 3697 167969 15052 10950 7009 4881
is_linear=0
shrinkage=0.05


Tree=34
num_leaves=31
num_cat=0
split_feature=70 55 69 41 58 53 66 69 55 66 55 15 9 69 41 66 16 66 17 16 13 65 66 19 75 57 17 42 69 66
split_gain=253.64 482.58 354.241 338.783 237.726 214.367 397.349 241.763 684.862 983.295 639.842 860.966 351.671 338.376 326.61 508.452 442.613 308.813 239.356 276.761 221.954 290.627 217.359 259.708 258.224 209.992 201.262 185.18 212.412 253.832
threshold=0.14488865435123446 1.0000000180025095e-35 0.010989497881382706 0.21968963742256167 0.88197049498558056 1.0000000180025095e-35 -0.24756715446710584 0.015415531583130361 1.0000000180025095e-35 -0.28271885216236109 1.0000000180025095e-35 0.050303192809224136 0.012660813517868521 0.0091947759501636046 0.050318133085966117 -0.28271885216236109 -0.46618022024631495 -0.10603393614292143 -0.25704140961170191 -0.38685902953147883 -0.50338739156723011 -0.31698948144912714 -0.18282113969326017 -0.041704643517732613 0.62652796506881725 0.42012530565261846 -0.020901276730000969 0.021251155063509945 0.023410474881529812 -0.32551202178001398
decision_type=8 2 10 10 2 10 8 10 2 10 2 8 10 10 8 10 10 10 8 8 10 10 10 10 10 2 10 10 10 8
left_child=5 2 -2 -3 -4 7 -7 8 14 -10 18 20 13 -11 22 -16 -17 -18 -9 -20 -12 -22 24 -24 26 -23 -1 -21 29 -29
right_child=1 3 4 -5 -6 6 -8 10 9 12 11 -13 -14 -15 15 16 17 -19 19 27 21 25 23 -25 -26 -27 -28 28 -30 -31
leaf_value=-0.00018533327260119382 0.002195617039881565 -0.0051878751167452608 -0.0015163368476607297 0.0098487397461226676 0.0050695304223127213 -0.00046165576861427238 0.001956448593825428 -0.0026474746213216737 0.00029876070784062831 -0.0067525198826118051 0.021994457314053025 -0.0015639886956918946 -0.0041347259742993293 -0.00087076756002186758 -0.0013349542549901891 -0.009966388580363375 0.0011732676946769321 0.011163264251226665 0.0021823508926817762 0.0010425957520273775 -9.6022150080689016e-05 0.00073404330017857598 -0.0032428373415468296 -0.00054056896863616168 -0.0016994770055345843 0.0015170298825202769 0.0012198892912061469 -0.0010804750916463717 0.00020641097638178491 -2.4215794858226897e-05
leaf_weight=13689 8206 4756 26567 627 2293 10762 16597 5626 6344 1756 588 5321 4653 6835 5607 748 12545 6373 4920 4328 4614 11041 5609 11863 3647 8651 9438 22484 44994 24367
leaf_count=13689 8206 4756 26567 627 2293 10762 16597 5626 6344 1756 588 5321 4653 6835 5607 748 12545 6373 4920 4328 4614 11041 5609 11863 3647 8651 9438 22484 44994 24367
internal_value=-0.00038853 -0.003965 -0.00193117 -0.0179399 -0.00453758 0.000210726 0.00439 -0.000295287 -0.00232223 -0.0105776 0.00102378 0.00744582 -0.0183265 -0.0123067 5.03387e-06 0.00453862 0.00832486 0.00982143 -0.000795004 -0.000235898 0.0113476 0.0106021 -0.00258496 -0.0069214 0.000246416 0.0132474 0.00219778 -0.000828109 -0.00130477 -0.00366083
internal_weight=295849 42449 37066 5383 28860 253400 27359 226041 89107 19588 136934 30215 13244 8591 69519 25273 19666 18918 106719 101093 24894 24306 44246 17472 26774 19692 23127 96173 91845 46851
internal_count=295849 42449 37066 5383 28860 253400 27359 226041 89107 19588 136934 30215 13244 8591 69519 25273 19666 18918 106719 101093 24894 24306 44246 17472 26774 19692 23127 96173 91845 46851
is_linear=0
shrinkage=0.05


Tree=35
num_leaves=31
num_cat=0
split_feature=39 66 26 54 69 59 26 11 33 54 10 75 54 69 58 66 14 34 54 69 59 33 66 54 58 33 11 54 75 54
split_gain=240.235 237.805 617.429 518.167 649.254 449.585 318.423 289.726 256.088 257.126 340.851 232.479 228.832 316.129 202.546 201.219 503.598 333.249 253.292 340.205 209.85 237.099 198.232 190.932 228.763 180.648 405.746 200.532 164.036 164.54
threshold=0.056710826233029372 -0.11830167472362517 -0.1575081720948219 7.0733969211578378 0.022169589996337894 -0.0058491886593401423 -0.10267648473381995 7.6791617870330819 1.3880298733711245 7.5541515350341806 -0.16012207418680188 0.36231845617294317 4.0944278240203866 0.0095102037303149718 0.13547376543283465 -0.12575253844261167 -0.43080621957778925 0.30514883995056158 5.6543471813201913 0.022169589996337894 0.010320089757442476 1.1190065741539004 -0.27488531172275538 7.7320404052734384 0.31127643585205084 0.34530283510684973 -0.32234972715377802 3.6536407470703129 0.1261205077171326 5.1876652240753183
decision_type=8 10 8 2 10 10 10 8 10 2 10 10 2 10 2 10 10 10 2 10 10 10 10 2 2 8 10 2 8 2
left_child=1 6 7 11 5 -5 8 12 -1 22 -11 -4 13 -3 -8 17 -17 28 19 20 -18 -22 -10 -19 -25 26 -16 -27 -2 -30
right_child=15 2 3 4 -6 -7 14 -9 9 10 -12 -13 -14 -15 25 16 18 23 -20 -21 21 -23 -24 24 -26 27 -28 -29 29 -31
leaf_value=0.00015159701416058853 -0.0036579229960153692 0.031371092567314261 -0.0010295009437449388 0.00021952648991598115 0.00096166625735556786 -0.004988730409238285 -0.00029538817642798908 -0.011779188258015522 -0.0040428485131714133 5.8735217514289348e-05 -0.0055606524620266783 0.00086449148728358631 0.00031252209157633243 0.002658960770083972 -0.00040204340451760939 -0.0084806583676836807 0.0012424759581491065 -0.0016194970119627642 -0.0015691490548016664 -0.00044859009741153523 0.0025874626187820954 0.014604095927250416 0.00015354693344693494 0.0017637515426405009 -0.0052235481134755559 0.0029671187045238372 0.0013420679232198846 1.6904284494806019e-05 -0.00061189734763196328 0.00075485455445794408
leaf_weight=106894 1169 1846 14060 1209 1776 5087 4086 656 1757 1191 1617 8921 9239 4349 3317 837 4205 22551 4887 8347 2637 3424 8110 501 1828 4931 9251 11092 31305 14006
leaf_count=106894 1169 1846 14060 1209 1776 5087 4086 656 1757 1191 1617 8921 9239 4349 3317 837 4205 22551 4887 8347 2637 3424 8110 501 1828 4931 9251 11092 31305 14006
internal_value=-0.000410375 0.000577987 -0.00252476 -0.00664295 -0.0175328 -0.0250555 0.00153886 0.00542236 0.000343288 -0.00637367 -0.0196948 -0.00281197 0.00681171 0.0142385 0.00591214 -0.00246952 0.00145603 -0.00380832 0.00282008 0.00547978 0.0115707 0.0175177 -0.00256657 -0.0084773 -0.0220821 0.00740009 0.0118858 0.00387638 -0.00130781 -0.000828534
internal_weight=295086 199389 47143 31053 8072 6296 152246 16090 119569 12675 2808 22981 15434 6195 32677 95697 24337 71360 23500 18613 10266 6061 9867 24880 2329 28591 12568 16023 46480 45311
internal_count=295086 199389 47143 31053 8072 6296 152246 16090 119569 12675 2808 22981 15434 6195 32677 95697 24337 71360 23500 18613 10266 6061 9867 24880 2329 28591 12568 16023 46480 45311
is_linear=0
shrinkage=0.05


Tree=36
num_leaves=31
num_cat=0
split_feature=37 55 66 33 66 59 17 55 55 66 71 54 19 55 54 33 16 66 19 30 48 54 19 66 33 54 30 54 58 42
split_gain=239.167 746.296 469.081 276.057 471.043 227.648 216.606 318.723 307.066 246.264 194.884 161.961 161.845 220.662 199.094 161.245 157.655 167.737 153.692 144.187 142.545 138.278 135.251 170.598 134.449 130.533 310.573 111.249 110.076 109.3
threshold=0.72426825761795055 1.0000000180025095e-35 -0.12127298489212988 3.019402384757996 -0.16552965342998502 -0.00094372294552158553 -0.16053150594234464 1.0000000180025095e-35 1.5000000000000002 -0.24034230411052701 2.7846301794052128 6.1794054508209237 -0.041704643517732613 1.0000000180025095e-35 3.6761741638183598 0.62121424078941356 -0.38685902953147883 -0.33227957785129542 -0.2617927342653274 0.81053993105888378 0.027603341266512874 7.4846496582031259 -0.1772641986608505 -0.40621370077133173 1.4125198721885683 1.67803031206131 0.48833009600639349 2.9447020292282109 0.72041568160057079 0.068090066313743605
decision_type=8 2 8 10 10 8 8 2 2 10 8 2 10 2 2 8 8 10 10 10 2 2 8 10 8 2 8 2 2 10
left_child=3 5 18 6 12 -2 7 10 9 -9 19 28 -5 14 -14 21 17 -8 -3 22 -17 -7 23 -1 -11 26 -18 -21 -6 -27
right_child=1 2 -4 4 11 15 16 8 -10 24 -12 -13 13 -15 -16 20 25 -19 -20 27 -22 -23 -24 -25 -26 29 -28 -29 -30 -31
leaf_value=0.001939634143976833 -0.0017508322958415237 -0.0050043524062427158 -0.0062109572005829908 0.0032147340005057585 0.0017926030275827497 -0.00069574777456237402 0.0033983008763888763 0.010677298506406753 -0.0026892555789271265 0.0042314247616278737 -0.0062050135060943016 -0.0026589022060868588 -0.0068777935364322173 -0.0094479842434164255 -0.0014923621871734821 0.0028609983316067334 3.9000074654722482e-06 -0.00053893152129723127 0.00050041818265703943 -0.0022964848774036269 0.00043125460919092275 -0.0034483805994252187 -0.0019865343803294358 -0.0012071482169968687 -0.00042033842212260285 0.0001622991280395736 0.004157414442008265 0.0023438383767979696 0.012568972855394095 -0.00024057380316821911
leaf_weight=1822 9685 640 4063 645 3257 4139 3616 1442 857 503 581 870 1796 968 2999 3259 9926 1922 2010 1366 18124 662 12866 3049 1527 131856 5557 2424 500 62158
leaf_count=1822 9685 640 4063 645 3257 4139 3616 1442 857 503 581 870 1796 968 2999 3259 9926 1922 2010 1366 18124 662 12866 3049 1527 131856 5557 2424 500 62158
internal_value=-0.000337683 -0.00380353 -0.0190912 0.000246914 -0.00748302 -0.000937875 0.000600459 -0.0036696 0.00872321 0.015336 -0.0060991 0.00466897 -0.0162512 -0.018907 -0.0144537 0.00148507 0.00112558 0.00944484 -0.00270677 -0.00531875 0.00334455 -0.00678653 -0.00720967 -0.000112682 0.00406863 0.00090522 0.00532176 0.00352632 0.00917175 0.000552509
internal_weight=295089 42582 6713 252507 11035 35869 241472 26437 4329 3472 22108 4627 6408 5763 4795 26184 215035 5538 2650 21527 21383 4801 17737 4871 2030 209497 15483 3790 3757 194014
internal_count=295089 42582 6713 252507 11035 35869 241472 26437 4329 3472 22108 4627 6408 5763 4795 26184 215035 5538 2650 21527 21383 4801 17737 4871 2030 209497 15483 3790 3757 194014
is_linear=0
shrinkage=0.05


Tree=37
num_leaves=31
num_cat=0
split_feature=72 54 69 37 55 66 59 33 66 10 55 54 54 69 54 54 10 59 55 33 69 66 70 66 54 17 10 66 41 54
split_gain=222.525 181.508 288.462 241.078 667.18 317.42 194.396 167.737 479.603 194.559 244.401 174.305 164.023 139.772 1308.13 321.661 273.831 197.735 166.61 786.107 348.265 405.756 327.052 305.388 301.385 273.945 287.921 318.995 459.135 509.551
threshold=0.9656602442264558 1.67803031206131 0.010989497881382706 0.88008248805999767 1.0000000180025095e-35 -0.14926423132419583 -0.0089423605240881426 3.019402384757996 -0.15632759779691693 -0.34927882254123682 1.0000000180025095e-35 5.796194553375245 3.5766900777816777 0.0095102037303149718 4.8519911766052255 7.1431515216827401 0.18377390503883365 -0.0058491886593401423 1.0000000180025095e-35 0.47275663912296301 0.01719234045594931 -0.12127298489212988 0.071238115429878249 -0.085009481757879243 6.7329792976379403 -0.13964457809925077 -0.37680894136428827 -0.27071803808212275 0.040993353351950652 6.0676496028900155
decision_type=10 2 10 8 2 8 8 10 10 10 2 2 2 10 2 2 10 10 2 10 10 10 10 10 2 8 8 8 10 2
left_child=1 2 6 7 -5 -6 -1 13 9 -9 12 -10 -11 14 16 -16 -3 -17 25 20 21 -20 -22 -21 -25 -15 -27 28 29 -28
right_child=-2 3 -4 4 5 -7 -8 8 11 10 -12 -13 -14 18 15 17 -18 -19 19 23 22 -23 -24 24 -26 26 27 -29 -30 -31
leaf_value=0.00077214625420298161 -0.0025459374240293809 0.0014780021153433891 0.00029226568057395976 -0.00028011440653266136 -0.00032909322326446608 -0.0061360821558402081 0.012745906182790485 0.0066589911874435194 0.0043697250912615396 -0.0064748692595514613 -0.0087228553352708387 -0.002201569850773381 -0.0013421790686527298 -0.0009290353182919292 -0.0025867327182734537 -0.00091721979626590135 0.02093796244645825 -0.0076126721565625971 0.00027208979146819994 -0.0014093388195699345 0.0011193404792677376 -0.0024037733602643128 -0.00049530272633482712 -0.00118970580842687 0.0020805454580317684 0.0013890573745697573 -0.00051459719758822594 0.00033074394503514567 -0.0013160500117682875 0.001008787046617112
leaf_weight=1846 9356 4853 18494 22104 1420 3300 2728 503 2771 1221 896 867 2617 24301 4556 646 1983 2224 7193 8316 21483 2453 3450 1090 1450 13213 12661 83804 24745 9050
leaf_count=1846 9356 4853 18494 22104 1420 3300 2728 503 2771 1221 896 867 2617 24301 4556 646 1983 2224 7193 8316 21483 2453 3450 1090 1450 13213 12661 83804 24745 9050
internal_value=-0.000370428 -0.000122272 0.00412947 -0.000495098 -0.00498621 -0.0220296 0.0153578 1.48082e-05 -0.00672482 -0.0163998 -0.0195405 0.00720943 -0.0139813 0.000278045 -0.00451233 -0.019029 0.0112621 -0.0321181 0.00059868 0.00328419 0.00696898 -0.00109776 0.010089 -0.00844837 0.00670588 -0.000128737 0.000702871 -1.07469e-05 -0.00333362 0.00197275
internal_weight=295594 286238 23068 263170 26824 4720 4574 236346 8875 5237 4734 3638 3838 227471 14262 7426 6836 2870 213209 45435 34579 9646 24933 10856 2540 167774 143473 130260 46456 21711
internal_count=295594 286238 23068 263170 26824 4720 4574 236346 8875 5237 4734 3638 3838 227471 14262 7426 6836 2870 213209 45435 34579 9646 24933 10856 2540 167774 143473 130260 46456 21711
is_linear=0
shrinkage=0.05


Tree=38
num_leaves=31
num_cat=0
split_feature=72 37 55 66 33 66 19 33 39 39 55 6 19 55 64 38 75 15 42 66 18 55 30 55 27 72 30 32 10 55
split_gain=213.351 160.46 663.77 552.956 201.093 379.7 190.71 176.946 201.767 150.171 218.062 197.87 138.58 196.919 121.428 152.182 141.515 120.931 142.282 206.802 134.533 157.332 500.949 278.441 224.957 195.599 182.08 161.595 152.427 129.671
threshold=0.9656602442264558 0.59428611397743236 1.0000000180025095e-35 -0.14926423132419583 3.019402384757996 -0.16004703938961026 -0.2669843584299087 0.76247605681419384 0.056213034316897399 0.27960246801376348 1.0000000180025095e-35 -0.27749860286712641 -0.048584980890154832 1.0000000180025095e-35 0.14958441257476809 1.035613536834717 0.77970954775810253 0.31132251024246221 0.023884237743914131 -0.37003271281719202 -0.08403142541646956 1.0000000180025095e-35 0.47369885444641119 1.5000000000000002 0.22545684874057773 0.061790820211172111 1.0279399752616885 -0.70984435081481922 -0.40230476856231684 1.5000000000000002
decision_type=10 8 2 8 10 10 10 8 10 8 2 8 10 2 10 10 10 8 10 10 10 2 10 2 10 10 10 8 8 2
left_child=1 4 7 6 9 12 -4 -3 -9 11 -11 -1 -6 -14 15 -10 -16 18 19 -13 21 25 27 -24 -25 -20 28 -23 -27 -19
right_child=-2 2 3 -5 5 -7 -8 8 14 10 -12 17 13 -15 16 -17 -18 29 20 -21 -22 22 23 24 -26 26 -28 -29 -30 -31
leaf_value=-0.001203492839355288 -0.0024477677388785031 -0.0010081560578399326 -0.0044775338487816202 -0.0054688759712751903 0.003264003228990107 0.0018639549339532471 0.00070551396761457674 0.0014447851556311081 -0.00050714521949379887 0.00081394840148635295 0.016721254522233553 -0.00069792405751580098 -0.0031491749052520129 -0.008348499293676797 -0.00086590670436888055 -0.0056208728256695968 0.0070275858311123962 0.00088412613857117629 -0.0014570667365205411 0.00050893043151395163 -0.00022542904100414114 -0.00084658499224695219 0.00028568944127159993 -0.00058999228350408545 -0.0055671344979931177 0.000996348334722004 0.0024978390217203199 0.0011980559751649221 -0.0001402800592779141 0.0038884929785393805
leaf_weight=14434 9341 12466 743 4776 506 3066 2328 12235 11346 1487 825 3303 3668 804 2314 1361 2057 14678 6958 31250 87932 900 1877 706 866 11578 3583 10667 36773 977
leaf_count=14434 9341 12466 743 4776 506 3066 2328 12235 11346 1487 825 3303 3668 804 2314 1361 2057 14678 6958 31250 87932 900 1877 706 866 11578 3583 10667 36773 977
internal_value=-0.000444028 -0.000201414 -0.00278628 -0.0161194 0.000340303 -0.00742488 0.000438169 -0.000278781 0.00184326 0.000613626 0.0132644 0.000483902 -0.0159383 -0.0187416 -0.00166784 -0.00414013 0.00551244 0.000869573 0.000532324 0.00344443 -8.95891e-05 0.00148272 0.00604951 -0.0106534 -0.0261062 0.000317476 0.00137263 0.0110348 0.000565538 0.00509735
internal_weight=295805 286464 49626 7847 236838 8044 3071 41779 29313 228794 2312 226482 4978 4472 17078 12707 4371 212048 196393 34553 161840 73908 15016 3449 1572 58892 51934 11567 48351 15655
internal_count=295805 286464 49626 7847 236838 8044 3071 41779 29313 228794 2312 226482 4978 4472 17078 12707 4371 212048 196393 34553 161840 73908 15016 3449 1572 58892 51934 11567 48351 15655
is_linear=0
shrinkage=0.05


Tree=39
num_leaves=31
num_cat=0
split_feature=50 54 66 69 72 55 66 27 69 54 66 54 7 30 66 55 69 67 66 54 58 67 16 10 60 54 60 8 14 55
split_gain=243.095 163.803 217.382 187.714 158.22 318.75 351.838 245.25 137.264 424.85 742.244 175.6 175.84 164.692 379.484 352.61 144.148 142.309 171.484 126.12 160.357 145.3 122.322 114.912 211.406 155.35 256.141 169.224 157.591 181.461
threshold=0.0033445183653384451 1.67803031206131 -0.23142474889755246 0.0095102037303149718 0.81546464562416088 1.0000000180025095e-35 -0.23755589872598645 0.60402390360832225 0.017928159795701507 7.676793336868287 -0.23387136310338971 8.0796771049499529 0.12727960199117663 0.35416051745414739 -0.28271885216236109 1.0000000180025095e-35 0.0091947759501636046 0.24009388685226443 -0.15263973921537397 4.3066966533660898 0.36534342169761663 0.17542953044176104 0.053101098164916045 -0.045727144926786416 0.20258692651987079 4.7756297588348398 -0.073047067970037446 0.59784063696861278 -0.43080621957778925 1.0000000180025095e-35
decision_type=2 2 8 10 8 2 8 8 10 2 10 2 10 10 10 2 8 10 10 2 2 10 10 8 10 2 10 10 8 2
left_child=1 2 -1 -4 -3 6 -6 -7 9 13 -11 23 -13 16 22 19 -2 -12 -19 20 -16 -22 -15 24 -10 27 28 -25 -27 -30
right_child=8 4 3 -5 5 7 -8 -9 11 10 17 12 -14 14 15 -17 -18 18 -20 -21 21 -23 -24 25 -26 26 -28 -29 29 -31
leaf_value=-0.00016683447444886326 -0.0050326051696958172 0.00017411336695469343 0.017900045095514055 0.0024079721856626797 -0.0014512784495950238 -0.00045766043651743047 0.00080351493884654604 -0.005427136969374519 0.00035035160211782451 0.00085648706217651628 -0.0073597370574934821 0.0014099046604437537 -0.001758205903251393 -0.00081538654072780658 -0.0013725468023342625 -0.001719948776541665 -0.00047096381547108071 -0.004160191879657717 -9.539109569735478e-05 0.00041285884387019041 0.026877852086918282 0.0024059381350950339 -0.0039964015160366354 -0.0015864000508893741 -0.0035164938408765219 0.012156552098714527 -0.0011021364609814946 0.0013204015955039336 0.0015666872605614925 -0.0016036836429087723
leaf_weight=6531 2396 120586 1326 7212 10036 2978 20266 2346 20999 2345 1676 5415 1220 2181 1473 2603 21913 2663 901 9093 1366 6128 1700 16745 735 621 7675 4071 8643 2380
leaf_count=6531 2396 120586 1326 7212 10036 2978 20266 2346 20999 2345 1676 5415 1220 2181 1473 2603 21913 2663 901 9093 1366 6128 1700 16745 735 621 7675 4071 8643 2380
internal_value=-0.000380613 0.000842718 0.00581935 0.0110669 0.000362305 -0.00256482 -0.000580628 -0.0138358 -0.00205759 -0.00388322 -0.0148848 -0.000553172 0.00717081 -0.0021724 0.000716787 0.00341266 -0.00508861 -0.0253333 -0.0195859 0.00589375 0.010098 0.0130597 -0.0136083 -0.00138254 0.00154525 -0.00296799 0.000261265 -0.0059637 0.00493393 0.00353938
internal_weight=296223 171281 15069 8538 156212 35626 30302 5324 124942 56438 7585 68504 6635 48853 24544 20663 24309 5240 3564 18060 8967 7494 3881 61869 21734 40135 19319 20816 11644 11023
internal_count=296223 171281 15069 8538 156212 35626 30302 5324 124942 56438 7585 68504 6635 48853 24544 20663 24309 5240 3564 18060 8967 7494 3881 61869 21734 40135 19319 20816 11644 11023
is_linear=0
shrinkage=0.05


Tree=40
num_leaves=31
num_cat=0
split_feature=70 11 33 66 54 39 17 41 75 60 69 58 54 72 41 54 19 65 54 66 58 69 24 66 75 19 75 31 54 29
split_gain=219.612 184.696 167.724 397.758 242.786 177.338 212.251 204.61 284.486 218.247 196.858 163.468 157.942 154.649 150.315 204.608 146.465 141.492 140.341 135.435 134.947 177.607 192.148 123.567 639.426 370.808 335.884 282.453 278.591 269.359
threshold=0.26939518749713903 -0.72499457001686085 3.019402384757996 -0.16552965342998502 5.7681176662445077 0.39272145926952368 -0.22799907624721524 0.10336021706461908 0.93263792991638195 -0.10533851385116576 0.053546356037259109 0.7071032226085664 5.6543471813201913 0.057772155851125724 0.17706569284200671 7.7320404052734384 -0.16673360764980313 -0.208462119102478 2.9447020292282109 -0.23387136310338971 0.88197049498558056 0.043525509536266334 3.1800796985626225 -0.11830167472362517 0.64213100075721752 -0.037340698763728135 0.70183652639389049 0.65806284546852123 6.7830362319946298 -0.31289815902709955
decision_type=8 8 10 10 2 10 8 10 10 10 10 2 2 10 10 2 8 10 2 10 2 8 8 10 10 8 10 10 2 10
left_child=1 17 5 14 11 6 13 8 10 -9 23 -5 16 -3 15 -4 -11 -1 -15 -18 21 22 -2 26 25 29 -8 -27 -29 -25
right_child=20 2 3 4 -6 -7 7 9 -10 12 -12 -13 -14 18 -16 -17 19 -19 -20 -21 -22 -23 -24 24 -26 27 -28 28 -30 -31
leaf_value=0.00014575496657065202 -0.0022096803572179647 -0.0029780873140448517 -0.0026296813158646869 0.0018507188897617462 -0.0028242919690017925 0.015011524578556756 0.0002317372775079065 0.00024250713623228811 -0.0026446896556850848 0.010277348408685253 -0.0028827439458111435 0.014191172293281271 -0.0021807244876651515 -0.0027458702177335856 0.0048182929228324477 -0.0062475597029659092 -0.00096606677352671785 0.0074823299301627639 0.00067205102640898427 0.0057373589076105732 0.0047572168041588175 -7.6041643402479175e-05 -0.010256176498278147 0.00012789612542134709 0.003254312850959121 0.000282856074751295 -0.00076051143759225124 -0.0008002691801467423 -0.0034597823011039068 -0.002710919101276544
leaf_weight=755 13110 4268 4766 2974 1132 726 134417 15585 3027 1675 1592 688 825 2373 524 1423 1394 892 4364 5227 1378 8215 761 3156 12478 19920 28196 8522 2179 9652
leaf_count=755 13110 4268 4766 2974 1132 726 134417 15585 3027 1675 1592 688 825 2373 524 1423 1394 892 4364 5227 1378 8215 761 3156 12478 19920 28196 8522 2179 9652
internal_value=-0.000475686 -7.62631e-05 -0.000177983 -0.00608231 0.00491257 8.39799e-05 1.42934e-05 0.000316112 -0.000161999 0.00463263 4.77008e-05 0.0111656 0.010771 -0.00677712 -0.0139298 -0.0161074 0.0128461 0.0165661 -0.00205276 0.00947821 -0.0051163 -0.00606445 -0.009513 0.00017572 -0.00185185 -0.00471811 0.000872878 -0.00172864 -0.00827654 -0.0118583
internal_weight=296194 272730 271083 11507 4794 259576 258850 247845 223139 24706 220112 3662 9121 11005 6713 6189 8296 1647 6737 6621 23464 22086 13871 218520 55907 43429 162613 30621 10701 12808
internal_count=296194 272730 271083 11507 4794 259576 258850 247845 223139 24706 220112 3662 9121 11005 6713 6189 8296 1647 6737 6621 23464 22086 13871 218520 55907 43429 162613 30621 10701 12808
is_linear=0
shrinkage=0.05


Tree=41
num_leaves=31
num_cat=0
split_feature=70 11 58 54 69 14 48 68 18 54 69 7 64 54 67 54 67 26 17 66 38 10 11 54 69 27 62 69 41 69
split_gain=214.277 175.426 214.115 227.876 215.402 172.765 144.773 204.682 165.822 505.285 961.062 373.652 358.264 303.929 421.604 220.839 214.883 209.408 208.935 205.04 426.329 317.3 292.413 237.732 264.651 225.249 189.933 179.847 175.899 190.804
threshold=0.14488865435123446 0.80905669927597057 0.76973846554756176 4.7252173423767099 0.0091947759501636046 0.25210396945476538 0.010323024820536377 -0.092194847762584672 -0.095925860106945024 7.2725720405578622 0.016163060441613201 0.10371544584631921 -0.059769093990325921 6.7329792976379403 0.058803495019674308 8.5302562713623065 0.24009388685226443 -0.2128917798399925 -0.11732703074812888 -0.23755589872598645 0.15688472241163257 -0.020479871891438958 -0.092852663248777376 3.6761741638183598 0.022169589996337894 0.10710420459508897 -0.0079235732555389387 0.017343870364129547 0.028877784498035911 0.0091947759501636046
decision_type=8 10 2 2 10 10 2 10 10 2 10 10 10 2 8 2 10 10 8 10 10 10 8 2 10 10 10 10 10 10
left_child=6 5 4 -4 -3 -2 7 -1 13 19 12 -12 -11 18 -15 16 -14 -18 -8 20 26 -22 25 24 28 -21 -10 -27 -24 -30
right_child=1 2 3 -5 -6 -7 8 -9 9 10 11 -13 15 14 -16 -17 17 -19 -20 22 21 -23 23 -25 -26 27 -28 -29 29 -31
leaf_value=-0.00075074336022865334 -0.00074173746097793466 0.023834742393253023 0.017403205777442993 -0.0031416236310787245 -0.0013609241536044856 -0.0028085778367299575 -0.00065073500090290508 0.00064605107309177907 0.00010904316966744519 -3.7853910244133043e-05 0.0006696714067410029 -0.0022729007447920059 -0.004945402697262233 0.0019664388251386315 0.00033562238108877408 -0.0051359955062580433 -0.0040392495463942354 -4.1461879087480343e-05 0.00029631036724597944 -0.0016214015208413108 -0.00032645484760358248 -0.0021830837371684948 -7.0610781668818678e-05 0.00014828341770691482 -0.0001664310851020548 0.0011766868388430427 0.0013240761562990722 -0.0024754439472906386 0.028795886280201324 0.0033515879499135095
leaf_weight=4873 23020 598 1645 713 7363 9074 25129 30953 6874 2217 9216 2055 2073 5294 15683 3634 1039 2378 41544 7610 18654 10834 2467 34289 6002 5378 3090 987 1614 9436
leaf_count=4873 23020 598 1645 713 7363 9074 25129 30953 6874 2217 9216 2055 2073 5294 15683 3634 1039 2378 41544 7610 18654 10834 2467 34289 6002 5378 3090 987 1614 9436
internal_value=-0.000420293 -0.00370907 0.0019605 0.0151605 -0.00196337 -0.00553202 0.000130461 0.00307512 -0.000354701 -0.00148895 -0.00827955 0.00206099 -0.018549 0.00132558 0.00657312 -0.0229253 -0.0165455 -0.00879778 -0.00032617 -5.64129e-05 -0.0029218 -0.00594278 0.00161152 0.00328515 0.00768857 -0.00483018 0.00601564 0.0021098 0.0115658 0.0142586
internal_weight=295736 42413 10319 2358 7961 32094 253323 35826 217497 129847 22612 11271 11341 87650 20977 9124 5490 3417 66673 107235 39452 29488 67783 53808 19519 13975 9964 6365 13517 11050
internal_count=295736 42413 10319 2358 7961 32094 253323 35826 217497 129847 22612 11271 11341 87650 20977 9124 5490 3417 66673 107235 39452 29488 67783 53808 19519 13975 9964 6365 13517 11050
is_linear=0
shrinkage=0.05


Tree=42
num_leaves=31
num_cat=0
split_feature=54 69 58 67 7 9 58 54 54 9 69 75 75 41 75 58 37 54 26 32 54 69 41 10 26 69 50 41 41 65
split_gain=182.294 1359.41 835.639 423.29 316.516 293 258.015 670.641 560.99 557.986 392.284 331.84 284.601 262.3 242.908 285.449 246.51 219.595 210.903 197.099 191.197 184.643 215.699 171.46 169.153 162.397 160.77 143.436 216.317 136.909
threshold=7.3427758216857919 0.016163060441613201 0.347885012626648 0.14425799995660785 0.10371544584631921 -0.04561252519488334 0.39394095540046697 4.3066966533660898 5.8867287635803232 -0.57926192879676808 0.0091947759501636046 0.8940795660018922 0.63436871767044078 0.25793135166168218 0.77970954775810253 0.74469971656799328 0.44969889521598821 8.0796771049499529 -0.41696473956108088 -0.32958216965198511 7.9967379570007333 0.0091947759501636046 0.02460549492388964 -0.5584796369075774 -0.74984535574913014 0.022169589996337894 0.0031849661609157924 0.058992227539420135 0.12786152213811877 0.39654964208602911
decision_type=2 10 2 10 10 10 2 2 2 10 10 10 10 10 10 2 10 2 10 10 2 10 10 8 10 10 2 8 10 8
left_child=6 2 -2 -4 20 -5 8 9 11 -8 12 23 26 27 19 16 -16 -7 -9 -12 -3 22 -20 -1 -22 -21 -11 -10 -29 -23
right_child=1 4 3 5 -6 17 7 18 13 10 14 -13 -14 -15 15 -17 -18 -19 21 25 24 29 -24 -25 -26 -27 -28 28 -30 -31
leaf_value=0.0023430265216803428 0.00019068977377777603 4.6104271923425208e-05 -0.0078968409966902065 -0.00053607533204394779 -0.0015136343598858674 -0.0016027484370508072 -0.0016143580305344259 -0.0037799221737576413 0.00061671074570003213 0.0080863645283901879 0.0013426465696343816 -0.0023744607859186432 0.03447083557830026 0.011020307825062445 0.0047626525280305412 0.021003229616408887 -0.00074133300914740088 -0.004025203791146432 -0.0058863294895162349 0.00067345979963847203 -0.0012240248496045588 -0.00019053342262174337 -0.0012267750227492589 -0.00034841050870829723 0.00122336106908927 -0.0014645500495436793 -0.0019136989810770737 -0.0012958337640748949 0.0023875613044547711 0.0013321056710801395
leaf_weight=2353 5894 9242 2883 4462 3857 2696 7193 2393 21101 1971 19196 13272 2402 535 7978 2176 3599 3988 1337 8697 1142 41737 3261 89710 14147 4009 1029 5864 2430 5047
leaf_count=2353 5894 9242 2883 4462 3857 2696 7193 2393 21101 1971 19196 13272 2402 535 7978 2176 3599 3988 1337 8697 1142 41737 3261 89710 14147 4009 1029 5864 2430 5047
internal_value=-0.000319169 -0.00312804 -0.0131365 -0.0197699 0.00389816 -0.0153281 0.000229681 0.00200428 -0.00124007 0.00572091 0.00755772 -0.00295648 0.0202882 0.0047996 0.0060473 0.0115999 0.00846207 -0.021945 -0.00202194 0.00365066 0.00599201 -0.00134457 -0.0108941 -0.00189035 0.00942218 -0.00117962 0.00996678 0.00416086 -0.00140896 -0.000403898
internal_weight=295601 48311 19923 14029 28388 11146 247290 112025 135265 58250 51057 105335 5402 29930 45655 13753 11577 6684 53775 31902 24531 51382 4598 92063 15289 12706 3000 29395 8294 46784
internal_count=295601 48311 19923 14029 28388 11146 247290 112025 135265 58250 51057 105335 5402 29930 45655 13753 11577 6684 53775 31902 24531 51382 4598 92063 15289 12706 3000 29395 8294 46784
is_linear=0
shrinkage=0.05


Tree=43
num_leaves=31
num_cat=0
split_feature=13 64 11 74 66 42 65 69 55 57 41 55 75 64 40 30 17 11 67 32 66 65 30 55 18 74 58 11 55 18
split_gain=179.279 183.813 158.503 156.117 198.129 134.201 235.92 296.208 352.882 462.466 186.982 627.959 289.832 238.94 294.46 194.736 197.443 180.286 179.18 178.472 245.254 460.316 176.005 174.816 270.143 168.25 165.787 234.069 202.311 224.253
threshold=0.30454954504966741 0.14958441257476809 -0.72499457001686085 0.016446080990135673 -0.052811048924922936 0.030053455382585529 -0.30415073037147516 0.014897357672452928 1.0000000180025095e-35 0.44388101994991308 0.10336021706461908 1.5000000000000002 0.94747284054756176 -0.23394432663917539 0.16956423223018649 0.22402343153953555 -0.20686177164316175 -0.3366489559412002 0.31431357562541967 -0.22221913933753965 -0.32772420346736902 0.063132941722869887 0.10811031982302667 1.0000000180025095e-35 -0.19226080179214475 0.78080797195434581 0.39115113019943243 5.8403277397155771 1.0000000180025095e-35 -0.17467413842678067
decision_type=10 10 8 8 10 8 10 10 2 2 10 2 10 10 8 10 10 8 10 10 10 10 8 2 10 10 2 8 2 10
left_child=2 -2 -1 4 -4 6 23 8 22 25 12 15 13 17 -15 16 -12 -7 -11 -9 -21 -22 -8 24 -5 -10 28 -28 -17 -30
right_child=1 -3 3 5 -6 10 7 19 9 18 11 -13 -14 14 -16 26 -18 -19 -20 20 21 -23 -24 -25 -26 -27 27 -29 29 -31
leaf_value=0.0034063214178153517 -0.0033360366670375343 0.0018908360616754051 -0.0012397195038381524 0.0024084510931587002 -0.01301704792333612 0.0021928257229721368 -0.00021776540699974743 0.00036276621420028212 0.00062754775811679059 -0.0054313145090704807 -0.004313292667251392 -0.0052311550347523402 -0.0035583324047301322 -0.0002732004852935049 -0.0083880438301990462 0.00022771038063592615 0.00022033025580696469 0.00037916099097048565 -0.00011552167147358648 0.0016745042973175719 -0.0016111876801495088 0.0011800425168366844 0.0014518014711844087 -0.0030411944898326051 -0.0021194680409082427 -0.00046468957117371435 0.0066418897238884576 -0.00066895540922197428 0.00088925799615613768 0.017412354669994076
leaf_weight=1747 6627 2383 3242 1399 601 2538 9823 16174 2343 2209 1482 1268 2097 153970 591 18445 3839 24715 623 3061 1752 6010 9520 2118 1990 2305 7097 2198 1788 940
leaf_count=1747 6627 2383 3242 1399 601 2538 9823 16174 2343 2209 1482 1268 2097 153970 591 18445 3839 24715 623 3061 1752 6010 9520 2118 1990 2305 7097 2198 1788 940
internal_value=-0.000420983 -0.00736142 -0.000201997 -0.000294565 -0.0102907 -0.00015715 0.00195409 0.00296303 -0.000758395 -0.0099733 -0.000724054 0.00251571 -0.00137695 -0.00116321 -0.00192436 0.00374452 -0.00507409 0.00315262 -0.0258621 0.00665938 0.0116265 0.00688369 0.00280835 -0.00789378 -0.000838482 -0.000257621 0.00528578 0.010849 0.00283954 0.0155223
internal_weight=294895 9010 285885 284138 3843 280295 59327 53820 26823 7480 220968 37057 183911 181814 154561 35789 5321 27253 2832 26997 10823 7762 19343 5507 3389 4648 30468 9295 21173 2728
internal_count=294895 9010 285885 284138 3843 280295 59327 53820 26823 7480 220968 37057 183911 181814 154561 35789 5321 27253 2832 26997 10823 7762 19343 5507 3389 4648 30468 9295 21173 2728
is_linear=0
shrinkage=0.05


Tree=44
num_leaves=31
num_cat=0
split_feature=70 50 64 68 54 60 68 54 67 41 67 57 30 55 60 18 55 54 54 10 41 59 32 54 55 10 18 60 54 10
split_gain=196.596 163.322 156.95 137.344 230.811 567.646 247.168 255.541 277.823 244.861 233.25 435.647 216.719 278.531 348.703 194.033 171.195 162.994 161.463 154.068 152.736 135.047 138.431 129.304 126.441 159.93 124.966 117.192 366.628 391.764
threshold=0.40420559048652654 0.0031849661609157924 0.14958441257476809 -0.096062161028385148 7.0390028953552255 -0.045014105737209313 -0.028600063174962994 4.8519911766052255 0.10407651588320734 0.052117934450507171 0.1480706185102463 0.44388101994991308 0.095325529575347914 1.0000000180025095e-35 0.38002498447895056 -0.10200766846537589 1.0000000180025095e-35 6.2143878936767587 7.7827031612396249 -0.51739105582237233 0.012161324266344311 0.0055501528549939403 -0.58949407935142506 4.1748487949371347 1.0000000180025095e-35 0.047364860773086555 -0.36206445097923273 -0.063812676817178712 6.8586175441741952 inf
decision_type=10 2 10 8 2 8 8 2 8 10 8 2 8 2 8 10 2 2 2 8 10 8 8 2 2 8 10 10 2 8
left_child=1 3 -2 16 6 9 17 8 15 -6 11 -7 20 14 -14 -8 -1 19 -18 -5 -12 22 26 -4 -21 -26 -10 -3 29 -29
right_child=2 27 23 4 5 10 7 -9 21 -11 12 -13 13 -15 -16 -17 18 -19 -20 24 -22 -23 -24 -25 25 -27 -28 28 -30 -31
leaf_value=-0.00075944701618185003 -0.0034550029700832 -3.7657435244479315e-07 0.0063166457041413651 0.0027561574155866987 0.0010226232506818608 -7.9090058733507509e-05 -0.0023289394044024867 -6.3339306854446303e-06 -0.0025390586020778523 -0.00088601880347989658 0.0016880425922151138 -0.0066701488858473814 -0.0010119299914326805 -0.0021813080945153559 0.0028791810415698029 0.016376442587972863 5.0094984065198847e-05 0.00071273533458156432 0.0015461318018180079 -0.00060137464280778411 -9.5862239431303287e-06 0.0020797764495934382 0.00010656028429679608 -0.0033370226608708409 0.00082387549705163808 -0.0019307342473077499 0.0026191573824074512 -7.948588091411386e-05 -0.0013940964213368043 -0.014113628056487811
leaf_weight=19998 7056 60346 1363 1627 7956 1726 549 23714 650 2522 873 2046 4558 4738 1338 3186 3293 5996 1157 30116 2767 19327 18272 694 2786 596 6844 45372 14036 568
leaf_count=19998 7056 60346 1363 1627 7956 1726 549 23714 650 2522 873 2046 4558 4738 1338 3186 3293 5996 1157 30116 2767 19327 18272 694 2786 596 6844 45372 14036 568
internal_value=-0.00038672 -0.000156987 -0.00761263 0.000856611 0.00145186 -0.00256887 0.00246101 0.00421629 0.00628404 0.00668383 -0.00794196 -0.0189847 -0.0050126 -0.00861518 -0.00135455 0.0193725 -0.00260446 -0.000635774 0.00625561 -0.00193682 0.00550685 0.00519588 0.00282433 0.00452346 -0.00266802 0.00648585 0.00854211 -0.00156068 -0.00312573 -0.000964091
internal_weight=296070 286957 9113 166635 142187 28524 113663 72542 48828 10478 18046 3772 14274 10634 5896 3735 24448 41121 4450 35125 3640 45093 25766 2057 33498 3382 7494 120322 59976 45940
internal_count=296070 286957 9113 166635 142187 28524 113663 72542 48828 10478 18046 3772 14274 10634 5896 3735 24448 41121 4450 35125 3640 45093 25766 2057 33498 3382 7494 120322 59976 45940
is_linear=0
shrinkage=0.05


Tree=45
num_leaves=31
num_cat=0
split_feature=72 11 50 69 54 66 30 55 66 58 54 54 65 58 54 69 69 69 33 60 66 66 38 11 57 70 18 54 69 54
split_gain=208.929 153.855 140.985 131.314 293.638 340.709 157.841 246.55 266.53 188.501 165.24 144.544 130.892 128.848 410.776 573.048 435.046 277.687 275.595 272.89 282.192 217.716 208.985 199.24 198.758 179.159 176.471 171.586 146.948 394.617
threshold=0.97272691130638134 -0.72499457001686085 0.0038135545328259472 0.017928159795701507 8.4717531204223651 -0.2320836931467056 0.35416051745414739 1.0000000180025095e-35 -0.28271885216236109 0.42152833938598638 6.1439495086669931 8.7732682228088397 -0.056826949119567864 0.17219347506761554 4.8519911766052255 0.0094106099568307417 0.0083621535450220125 0.016163060441613201 0.4220223873853684 -0.045014105737209313 -0.38742892444133753 -0.36953623592853541 0.12938499450683597 -0.35898105800151819 0.51880058646202099 0.069525055587291731 0.41288147866725927 7.7320404052734384 0.017019351944327358 7.9967379570007333
decision_type=10 8 2 10 2 10 10 2 10 2 2 2 8 2 2 10 10 10 10 10 8 8 10 10 2 10 10 2 10 2
left_child=1 -1 13 4 6 -6 9 8 -8 10 -4 -5 -12 18 16 27 -15 24 25 20 -17 -19 23 -22 -18 -3 -23 -16 29 -21
right_child=-2 2 3 11 5 -7 7 -9 -10 -11 12 -13 -14 14 15 19 17 21 -20 28 22 26 -24 -25 -26 -27 -28 -29 -30 -31
leaf_value=0.0036464047812499105 -0.0026751607935873072 0.00016625741760065428 -0.00061543944162408448 -9.9700239990824926e-05 0.00066130997056908648 -0.0041291116543879019 -0.0015010243501303883 -0.0015430504068898163 0.001254626414990708 -0.0019225805708643715 0.0011868295957165381 0.0011972582201769961 -0.00064351271159504618 0.02033480987695075 -0.002882613680837906 -0.0012468876346343508 0.0009060153732815563 0.0012997917536350764 -0.0019890934678902109 -0.00024533407801982855 -0.0003691260111068032 -0.00055999031355533459 0.00052074265061633331 0.0017206136772153853 0.0042871806214327445 -0.0011429753270954994 0.0035883611694735107 -0.0056536866239074888 6.711810392437566e-05 -0.0023171227395703655
leaf_weight=1703 7421 37619 11241 60653 1145 2760 2958 3235 16968 9093 2643 3370 1738 2493 3200 2704 18644 5847 7356 13105 989 22683 12786 3269 10023 6707 2212 1181 15904 4103
leaf_count=1703 7421 37619 11241 60653 1145 2760 2958 3235 16968 9093 2643 3370 1738 2493 3200 2704 18644 5847 7356 13105 989 22683 12786 3269 10023 6707 2212 1181 15904 4103
internal_value=-0.000354845 -0.000141499 -0.000230778 -0.00157753 -0.00344944 -0.0166156 -0.0023723 0.000593414 0.00267356 -0.00515066 -0.00181679 -6.32486e-05 0.00641084 0.000682237 0.00158662 -0.00146635 0.00440948 0.00354853 -0.00140254 -2.45886e-05 0.00462597 0.000247138 0.00700715 0.0165886 0.00708756 8.57091e-05 -0.00179281 -0.0188226 -0.00279874 -0.00599954
internal_weight=295753 288332 286629 115804 51781 3905 47876 23161 19926 24715 15622 64023 4381 170825 119143 57241 61902 59409 51682 52860 19748 30742 17044 4258 28667 44326 24895 4381 33112 17208
internal_count=295753 288332 286629 115804 51781 3905 47876 23161 19926 24715 15622 64023 4381 170825 119143 57241 61902 59409 51682 52860 19748 30742 17044 4258 28667 44326 24895 4381 33112 17208
is_linear=0
shrinkage=0.05


Tree=46
num_leaves=31
num_cat=0
split_feature=70 33 60 75 54 9 60 39 53 65 54 60 65 65 10 49 54 14 11 10 11 14 54 40 40 65 11 60 29 37
split_gain=167.813 204.453 274.451 162.181 150.676 144.853 125.971 122.443 116.637 290.753 174.342 239.968 189.594 155.878 231.028 144.774 161.41 161.776 132.61 126.936 137.398 144.394 162.828 183.11 137.999 134.11 130.691 159.288 224.219 183.562
threshold=0.15908801555633548 3.1358722448349003 0.13494935631752017 0.10980751365423204 7.7320404052734384 0.052857810631394393 -0.038430392742156975 0.39272145926952368 1.0000000180025095e-35 -0.2619663774967193 3.5766900777816777 -0.045014105737209313 0.20923644304275515 0.13711816072463992 -0.10768852010369299 4.0734192225500017e-05 7.0012910366058358 0.0045905478764325389 -0.40822523832321161 -0.34927882254123682 -0.35159510374069208 -0.16404745727777478 4.3921005725860605 0.18346080183982852 0.017815967090427879 -0.15392014384269712 0.32241404056549078 -0.096545830368995653 -0.47907669842243189 -0.51750877499580372
decision_type=8 10 10 8 2 10 10 10 10 8 2 8 10 10 10 2 2 10 8 8 8 10 2 10 10 10 8 10 10 10
left_child=1 7 4 -2 6 -6 -3 8 13 -10 11 -11 -12 19 18 -16 -17 -18 -15 26 -21 22 25 24 -24 -22 27 29 -29 -1
right_child=3 2 -4 -5 5 -7 -8 -9 9 10 12 -13 -14 14 15 16 17 -19 -20 20 21 -23 23 -25 -26 -27 -28 28 -30 -31
leaf_value=0.00098899455460762608 -0.006359841223115773 -0.0037011634782706821 0.0030791089015242521 -0.00081885180556369734 -0.00044711675324747395 -0.0060990764785153672 -0.00019763020295157573 0.010272800622316404 -0.0015708326256839624 -0.00025076022020544127 -3.6432078203989426e-05 0.0057573892757929145 0.0025911486315732556 0.0017672095664689705 0.00065388811638384314 -0.00015050029614570597 -0.00042392319638355833 -0.0027463685664006476 -0.0019310662735173179 -0.00052397118496721182 -0.0019366655602524709 0.00015731607930467991 -0.0052638313247232275 0.0053075495469275223 7.5285620869446426e-05 0.00084388197691823716 -0.00024852688672188553 0.0047118028042508414 5.3292290119644079e-05 -0.00063662594543548797
leaf_weight=8696 700 2717 1428 38388 536 1098 3327 731 3130 3325 12725 7209 1008 513 8251 13973 2946 1692 4580 21451 10027 113827 543 1378 8491 2354 7756 4580 2976 5295
leaf_count=8696 700 2717 1428 38388 536 1098 3327 731 3130 3325 12725 7209 1008 513 8251 13973 2946 1692 4580 21451 10027 113827 543 1378 8491 2354 7756 4580 2976 5295
internal_value=-0.000450009 1.50055e-05 -0.00733875 -0.00350146 -0.0110822 -0.0245134 -0.00741658 0.000285897 0.000224937 0.00330025 0.00515097 0.00998672 0.0014371 -0.000159342 -0.00338652 -0.00153319 -0.00397669 -0.0120482 -0.0131393 0.000391175 -0.000169217 0.000414989 -0.00321668 0.00139129 -0.00120522 -0.00708982 0.00341316 0.00541587 0.0112609 0.00225341
internal_weight=295651 256563 9106 39088 7678 1634 6044 247457 246726 27397 24267 10534 13733 219329 31955 26862 18611 4638 5093 187374 158071 136620 22793 10412 9034 12381 29303 21547 7556 13991
internal_count=295651 256563 9106 39088 7678 1634 6044 247457 246726 27397 24267 10534 13733 219329 31955 26862 18611 4638 5093 187374 158071 136620 22793 10412 9034 12381 29303 21547 7556 13991
is_linear=0
shrinkage=0.05


Tree=47
num_leaves=31
num_cat=0
split_feature=70 33 66 54 69 54 54 11 65 53 10 69 54 59 68 54 58 67 10 42 41 75 59 33 54 59 41 69 67 65
split_gain=152.495 203.518 362.38 193.797 175.16 1042.71 285.274 272.451 165.398 283.459 206.556 160.39 222.068 169.954 159.435 170.715 517.761 247.044 246.855 236.977 257.17 162.741 207.229 159.039 184.061 154.012 148.608 140.93 140.659 136.731
threshold=0.073077552020549788 2.3601469993591313 -0.16004703938961026 7.676793336868287 0.0095102037303149718 4.635068655014039 7.7320404052734384 0.08551418781280519 0.13711816072463992 1.0000000180025095e-35 -0.11339306458830832 0.010590258054435255 4.8746626377105722 -0.0058491886593401423 0.015428110957145693 6.1794054508209237 0.39310884475708013 0.078049011528491988 -0.43869765102863306 0.22541858255863192 0.058554906398057945 0.60645082592964183 -0.01264300476759672 0.13657839596271518 5.2630786895751962 -0.0058491886593401423 0.098541289567947402 0.033990586176514632 0.20391721278429034 0.26916283369064337
decision_type=8 10 10 2 10 2 2 10 10 10 10 8 2 10 10 2 2 8 8 10 8 10 10 10 2 10 10 10 10 10
left_child=1 4 3 28 5 7 25 -1 14 10 -10 12 13 -2 15 17 19 21 -19 20 -17 -6 -23 29 -25 -7 -22 -18 -3 -12
right_child=11 2 -4 -5 8 6 -8 -9 9 -11 23 -13 -14 -15 -16 16 27 18 -20 -21 26 22 -24 24 -26 -27 -28 -29 -30 -31
leaf_value=0.00026456451829380941 -0.00037593837661989362 -0.0038255554297498065 0.0016171919134546978 -0.0045365468048546732 -6.5014016980103221e-05 0.00037066903978159757 -0.0055961729647403795 0.016116923722586246 -0.00171931612521306 0.0022692922975988184 9.6993646205984079e-05 -0.00067235789390721425 -0.0015146282668531291 0.015494761643722023 0.00067836873620301819 0.00071103144797672331 -0.0011552277959757313 0.0023747932270138244 9.3144959315342632e-05 0.014067437819539192 -0.001442239742254496 -0.00081395215405893938 -0.0032975562755199086 0.0001985976985237303 -0.0011658653419355737 -0.0040192311707309475 0.0011312980784954651 0.0010271636985901209 -0.00036674633285527263 0.0015794565799417599
leaf_weight=4417 1373 2841 4530 1628 18260 1382 1818 2730 4687 2297 3256 64042 2864 2415 36463 25381 7618 5580 51487 907 3121 12604 2567 8916 9117 3923 2346 1433 3350 1304
leaf_count=4417 1373 2841 4530 1628 18260 1382 1818 2730 4687 2297 3256 64042 2864 2415 36463 25381 7618 5580 51487 907 3121 12604 2567 8916 9117 3923 2346 1433 3350 1304
internal_value=-0.000361595 0.000277489 -0.00595922 -0.0124729 0.000641704 -0.00470588 -0.0182322 0.00878161 0.00102861 -0.00241829 -0.00384023 -0.002386 0.0049985 0.0129279 0.0016364 0.000823979 0.00350843 -0.000386706 0.00161273 0.00651503 0.00576836 -0.00379923 -0.00762466 -0.00185595 -0.00396553 -0.012333 -0.00406244 -0.00703565 -0.00840993 0.00647702
internal_weight=294657 223963 12349 7819 211614 14270 7123 7147 197344 29577 27280 70694 6652 3788 167767 131304 40806 90498 57067 31755 30848 33431 15171 22593 18033 5305 5467 9051 6191 4560
internal_count=294657 223963 12349 7819 211614 14270 7123 7147 197344 29577 27280 70694 6652 3788 167767 131304 40806 90498 57067 31755 30848 33431 15171 22593 18033 5305 5467 9051 6191 4560
is_linear=0
shrinkage=0.05


Tree=48
num_leaves=31
num_cat=0
split_feature=70 64 54 69 59 15 30 19 69 54 66 33 38 64 66 60 66 31 54 59 19 57 66 11 33 74 16 38 40 66
split_gain=154.628 139.546 137.677 233.729 157.302 141.758 135.238 118.873 118.226 936.294 693.697 338.473 302.536 286.939 279.601 260.803 298.779 251.376 238.715 426.224 211.898 189.666 460.585 256.278 186.989 186.296 182.095 216.776 191.995 216.76
threshold=0.58142894506454479 0.14958441257476809 1.67803031206131 0.01143291871994734 -0.0065819064620882264 -0.41479426622390742 1.1498816013336184 0.1170850768685341 0.015232469886541368 7.6327643394470224 -0.2320836931467056 0.2133230268955231 0.23704791069030764 -0.011202782392501829 -0.10603393614292143 -0.024704461917281147 -0.40621370077133173 0.30967102944850927 4.3066966533660898 -0.0050731981173157683 0.098284069448709502 0.45033389329910284 -0.13892994821071622 -0.57997643947601307 0.36251387000083929 0.46335339546203619 -0.29557706415653223 0.8308800756931306 0.20038208365440371 -0.24756715446710584
decision_type=10 10 2 10 8 8 8 10 10 2 10 10 8 10 10 8 10 10 2 10 10 2 10 10 8 10 8 10 10 8
left_child=2 -2 3 4 -1 -5 -7 -6 9 11 -11 14 15 -12 -4 16 17 -10 19 -13 -21 22 -15 -23 25 -18 27 -14 29 -28
right_child=1 -3 8 5 7 6 -8 -9 12 10 13 18 26 21 -16 -17 24 -19 -20 20 -22 23 -24 -25 -26 -27 28 -29 -30 -31
leaf_value=0.0006445009437063984 -0.004864603562540596 0.0024389081237638083 -0.00015434978266656071 -0.0047308182054254314 0.0061145052501781301 -0.00013265077654550929 0.0033386299213103822 0.046678312248383286 -0.001437726776324647 5.567975092821299e-05 -0.0066682036366382319 0.00010010859978536684 0.0010488522268852641 -0.0036682662986572538 -0.0027918822271395501 -2.6416709291927627e-05 0.00034042192826618108 0.001049695128165341 -9.9773329098933917e-05 0.0020229985557582118 0.015782432843214955 -0.00079125365622903239 0.00092010542055418756 -0.004504524780356906 -0.00032877031138529042 0.0012421867010657933 -0.00091428710830642997 -0.0026341812398049409 0.0024039285629620408 -8.3004110878501591e-05
leaf_weight=2346 3440 1107 23177 879 2548 12953 3799 597 2514 5554 1974 16436 13556 1496 6973 24248 5185 996 30750 7615 4209 1439 1606 2900 3334 14818 36578 1747 5361 55944
leaf_count=2346 3440 1107 23177 879 2548 12953 3799 597 2514 5554 1974 16436 13556 1496 6973 24248 5185 996 30750 7615 4209 1439 1606 2900 3334 14818 36578 1747 5361 55944
internal_value=-0.000307847 -0.009447 -0.000164985 0.00353623 0.0125341 0.000728417 0.00175993 0.0198257 -0.000483943 -0.00180192 -0.0133687 0.000141303 0.00035151 -0.0216286 -0.00416777 0.00354466 0.0069386 -0.00664773 0.00234327 0.00565971 0.012895 -0.0170917 -0.00761568 -0.0238331 0.00898402 0.0108105 -0.00109014 0.00398028 -0.00188318 -0.00241646
internal_weight=296079 4547 291532 23122 5491 17631 16752 3145 268410 104129 14969 89160 164281 9415 30150 51095 26847 3510 59010 28260 11824 7441 3102 4339 23337 20003 113186 15303 97883 92522
internal_count=296079 4547 291532 23122 5491 17631 16752 3145 268410 104129 14969 89160 164281 9415 30150 51095 26847 3510 59010 28260 11824 7441 3102 4339 23337 20003 113186 15303 97883 92522
is_linear=0
shrinkage=0.05


Tree=49
num_leaves=31
num_cat=0
split_feature=3 64 54 18 63 69 10 13 17 54 69 66 69 7 54 54 30 27 10 66 18 49 40 64 69 68 29 68 54 75
split_gain=155.56 132.701 123.422 189.614 173.111 166.679 127.705 163.423 144.308 172.686 922.983 629.1 314.299 281.868 222.7 218.268 172.564 170.423 137.613 114.647 434.457 194.438 233.122 250.681 155.45 153.096 141.434 183.365 147.196 139.836
threshold=0.48215717077255255 0.14958441257476809 1.67803031206131 -0.25971376895904535 -0.025083184242248532 0.0204625902697444 -0.48558057844638819 -0.50338739156723011 -0.12759818136692044 7.2725720405578622 0.016163060441613201 -0.2320836931467056 0.0091947759501636046 0.16958320140838626 10.165822982788088 8.5302562713623065 0.07218231633305551 0.78481611609458934 1.5872391462326052 -0.23142474889755246 0.029617255553603176 0.00053260292042978119 0.031147704459726814 -0.063681781291961656 0.017343870364129547 0.018271112814545635 -0.17216883599758145 -0.076294288039207445 2.500205516815186 0.36645950376987463
decision_type=10 10 2 8 8 10 8 8 10 2 10 10 10 10 2 2 10 10 8 10 10 2 10 8 10 10 10 10 2 10
left_child=2 -2 3 -1 -5 -6 -4 -8 17 19 11 -11 -13 14 -12 -14 -17 -9 -15 20 26 -21 23 -23 -24 29 -10 -28 -29 -25
right_child=1 -3 6 4 5 -7 7 8 9 10 13 12 15 18 -16 16 -18 -19 -20 21 -22 22 24 25 -26 -27 27 28 -30 -31
leaf_value=-0.0023798341493950497 -0.0039433377755399819 0.0023703702895683278 0.00088209623282886618 -9.9105316129145289e-05 0.0035255785231862475 -0.00044540644568620991 0.010246314698512641 -0.00085181332235532503 -2.5897390838619182e-05 0.00016782323416579745 0.00044827673532194597 -0.0062589927051260015 -0.00098887692890087123 -0.0024227176547281406 0.0021289395983681895 -0.00016210695444595082 -0.0036785628289642963 0.0011732640741163461 0.00069707854389878014 0.00089430709225026689 -0.0017301287249378607 0.0011278686033733447 0.0014406820421538234 -0.0020003728097391289 -0.00018647217135196669 -0.00016138989314356985 -0.0002652210322329998 -0.0010536941950696364 0.0010876412684466972 8.0666523394317541e-06
leaf_weight=2067 4265 1254 10841 9204 8881 2730 933 36267 55877 5639 19023 2014 6356 1851 1461 778 3499 4647 1108 38092 13416 1711 17512 7416 21259 7824 2295 507 4533 2265
leaf_count=2067 4265 1254 10841 9204 8881 2730 933 36267 55877 5639 19023 2014 6356 1851 1461 778 3499 4647 1108 38092 13416 1711 17512 7416 21259 7824 2295 507 4533 2265
internal_value=-0.000418732 -0.00872671 -0.00026033 0.00326315 0.00469868 0.0087557 -0.000562265 -0.000787185 -0.000863878 -0.000344609 -0.00323079 -0.0116474 -0.017836 0.00333646 0.0054211 -0.0143803 -0.0231047 -0.00358469 -0.0110643 0.000352889 -0.00108954 0.00150329 -0.000319844 -0.0048216 0.00191202 -0.00660862 0.000645345 0.00716814 0.012495 -0.010809
internal_weight=295525 5519 290006 22882 20815 11611 267124 256283 255350 214436 41729 18286 12647 23443 20484 10633 4277 40914 2959 172707 76628 96079 57987 19216 38771 17505 63212 7335 5040 9681
internal_count=295525 5519 290006 22882 20815 11611 267124 256283 255350 214436 41729 18286 12647 23443 20484 10633 4277 40914 2959 172707 76628 96079 57987 19216 38771 17505 63212 7335 5040 9681
is_linear=0
shrinkage=0.05


Tree=50
num_leaves=31
num_cat=0
split_feature=13 55 21 11 74 66 41 55 75 18 46 59 30 66 64 66 19 60 54 11 71 64 54 75 24 54 72 67 54 54
split_gain=159.181 329.961 189.691 119.943 141.068 185.15 132.362 544.99 307.707 178.522 225.254 151.936 132.395 122.355 122.186 119.808 201.664 231.823 174.818 191.366 128.435 109.777 140.637 107.866 105.03 103.069 100.982 98.9942 97.5616 93.404
threshold=0.27036187052726751 1.0000000180025095e-35 0.17200583219528201 -0.72499457001686085 0.020451268181204799 -0.060115164145827286 0.10467499867081644 1.5000000000000002 0.93263792991638195 -0.29438367486000055 9.5000000000000018 -0.27312894165515894 2.9836281538009648 -0.20213404297828672 -0.12919816374778745 -0.11607240140438078 0.10934219881892206 -0.045014105737209313 2.9849240779876713 1.6976969242095949 0.16720186173915866 0.14958441257476809 4.6957874298095712 0.30556535720825201 1.7189288735389712 8.1716699600219744 0.78081044554710399 0.43542042374610906 3.9101212024688725 0.47933015227317816
decision_type=8 2 10 8 8 10 10 2 10 10 10 8 10 10 10 10 10 10 2 8 10 10 2 10 10 2 10 10 2 2
left_child=3 2 -2 14 5 -5 8 9 11 10 -8 -6 29 -10 -1 16 18 -18 19 -11 23 24 27 -20 -4 -14 -21 -23 -17 -13
right_child=1 -3 21 4 6 -7 7 -9 13 15 -12 12 25 -15 -16 28 17 -19 20 26 -22 22 -24 -25 -26 -27 -28 -29 -30 -31
leaf_value=-0.001145407675083823 0.0020781320159319497 -0.0051227843331440644 -0.0015575083275139873 -0.0009329870062885989 -0.0043134594660558549 -0.012280466682531896 -0.0040399571981285165 -0.0048169253562570921 -0.0030724191797529693 0.0067349760565738413 0.00044995549507487171 0.0072141219397748105 -0.001090057148620982 0.0047432566999668566 0.0059460762195247393 0.011857662011715678 -0.0029083890690105234 0.0018614948718939659 -0.0010678830523398787 -0.0021366418982194471 0.00036026602846717142 0.010650164668218075 -0.0041963668891287246 0.0038527813330905265 -0.0074339170267757968 -0.0037584989439579789 0.0032582391002344887 -0.0016704934320573947 0.0009546136790923855 -1.7476448867062914e-05
leaf_weight=567 3222 2236 7213 3927 996 814 1783 1235 3345 804 4830 634 2236 509 1181 2775 2974 3079 806 3309 3023 1464 666 8694 1249 804 1037 639 1330 228786
leaf_count=567 3222 2236 7213 3927 996 814 1783 1235 3345 804 4830 634 2236 509 1181 2775 2974 3079 806 3309 3023 1464 666 8694 1249 804 1037 639 1330 228786
internal_value=-0.000446861 -0.00518893 -0.00241651 -0.000163513 -0.000245913 -0.00878762 -9.72531e-05 0.00274174 -0.000524187 0.00391537 -0.0034652 -0.000292548 -0.000208629 -0.0145186 0.0128555 0.0056697 0.00430148 -0.00357084 0.00699825 -0.000755814 0.0101851 -0.00548439 0.00314861 0.0130389 -0.00830973 -0.0105574 -0.00491276 0.00948888 0.013548 -7.10456e-05
internal_weight=296167 16689 14453 279478 277730 4741 272989 35679 237310 34444 6613 233456 232460 3854 1748 27831 23726 6053 17673 5150 12523 11231 2769 9500 8462 3040 4346 2103 4105 229420
internal_count=296167 16689 14453 279478 277730 4741 272989 35679 237310 34444 6613 233456 232460 3854 1748 27831 23726 6053 17673 5150 12523 11231 2769 9500 8462 3040 4346 2103 4105 229420
is_linear=0
shrinkage=0.05


Tree=51
num_leaves=31
num_cat=0
split_feature=70 54 18 69 30 69 54 59 11 33 66 33 54 18 53 75 18 67 42 29 70 66 72 40 66 54 67 54 29 34
split_gain=139.607 118.134 228.012 189.018 137.438 114.308 668.489 592.967 383.08 314.733 267.753 261.016 197.667 174.892 169.98 204.618 176.457 155.641 155.615 145.069 175.399 168.325 144.124 143.961 237.776 222.719 219.761 220.117 151.214 138.335
threshold=0.58142894506454479 1.67803031206131 -0.25005932152271265 0.010590258054435255 1.0081557035446169 0.014928826130926611 7.6327643394470224 -0.0050731981173157683 -0.57997643947601307 0.20959798246622088 -0.10603393614292143 0.27308428287506109 6.7329792976379403 -0.043193887919187539 1.0000000180025095e-35 0.10181874409317972 -0.060614272952079766 0.058803495019674308 0.020112801343202594 -0.39173939824104304 -0.4007278829813003 -0.2181674465537071 0.04099306836724282 0.025518675334751609 -0.2320836931467056 6.4616401195526132 0.21945815533399585 3.9101212024688725 -0.11584462970495223 0.33029980957508093
decision_type=10 2 8 10 8 10 2 10 10 10 10 8 2 8 10 10 10 8 10 8 10 8 10 10 10 2 10 2 10 10
left_child=1 2 -1 -4 -5 6 9 13 -9 10 -3 12 22 -8 15 -12 -17 -13 -11 -19 -21 -22 -7 -20 -25 26 27 28 -26 -27
right_child=-2 5 3 4 -6 11 7 8 -10 18 14 17 -14 -15 -16 16 -18 19 23 20 21 -23 -24 24 25 29 -28 -29 -30 -31
leaf_value=-0.0023370787753618396 -0.0031252808577376962 -0.00018938940918479202 0.0058838526078093256 -1.0982482055374097e-05 0.0033483691658852139 -0.0020911972994322688 0.00029661327520440103 -0.00049103868033420419 -0.005105901398259719 0.0016710563719141787 -0.0057465512032462591 -0.0015905059379993061 0.00062918502479666785 -0.0012388360383094378 0.0016877605764803025 -0.0057225871233696178 -0.00061408003394073621 0.00048275220274726529 -0.0005664686602397434 -0.0056135664061606576 -0.00081851683697221173 9.8505678777294824e-08 0.00017198771902414314 -0.00047476355675536014 0.025443602813577399 -0.0032393547233160861 0.00094323936866020524 0.0025282568697098454 0.0011575516276346334 -0.00014033020656001126
leaf_weight=2366 4505 21994 3992 12449 4240 2175 4278 1468 3802 3906 1339 8909 23066 4192 769 1705 2469 26612 9360 685 21771 50111 39843 12021 2795 795 16558 3271 658 3520
leaf_count=2366 4505 21994 3992 12449 4240 2175 4278 1468 3802 3906 1339 8909 23066 4192 769 1705 2469 26612 9360 685 21771 50111 39843 12021 2795 795 16558 3271 658 3520
internal_value=-0.000345021 -0.000209701 0.00322462 0.00490793 0.00256602 -0.000505069 -0.00189969 -0.0120945 -0.0252462 -0.000172478 -0.00442975 0.000259265 0.00276062 -0.00389151 -0.0135251 -0.0165942 -0.0110899 -0.00124702 0.00210421 -0.000677999 -0.00183598 -0.00159406 0.000718569 0.00133706 0.00265469 0.00521063 0.00714408 0.0147609 0.0235489 -0.00521387
internal_weight=295624 291119 23047 20681 16689 268072 94900 13740 5270 81160 28276 173172 65084 8470 6282 5513 4174 108088 52884 99179 72567 71882 42018 48978 39618 27597 23282 6724 3453 4315
internal_count=295624 291119 23047 20681 16689 268072 94900 13740 5270 81160 28276 173172 65084 8470 6282 5513 4174 108088 52884 99179 72567 71882 42018 48978 39618 27597 23282 6724 3453 4315
is_linear=0
shrinkage=0.05


Tree=52
num_leaves=31
num_cat=0
split_feature=39 33 66 41 40 55 54 41 55 8 46 11 60 69 24 54 39 54 67 55 11 69 16 11 33 55 54 55 60 54
split_gain=158.321 133.259 171.15 205.465 176.315 147.351 137.376 121.524 536.924 197.118 158.338 133.451 118.581 180.745 185.793 178.913 165.332 242.582 143.677 118.957 116.629 110.817 112.077 158.704 174.551 193.707 421.685 406.62 304.853 205.452
threshold=0.10410477593541147 3.1358722448349003 -0.16004703938961026 0.17706569284200671 0.027652217075228695 1.0000000180025095e-35 5.796194553375245 0.10336021706461908 1.5000000000000002 -0.44695802032947535 14.500000000000002 -0.11077355220913886 0.12424410134553911 0.041876388713717468 2.3443565368652348 5.0238475799560556 0.27960246801376348 4.3921005725860605 0.43542042374610906 1.5000000000000002 1.0678462386131289 0.053546356037259109 -0.39671318233013148 -0.21668116748332975 0.33948732912540441 1.0000000180025095e-35 6.2143878936767587 1.5000000000000002 0.38002498447895056 8.5302562713623065
decision_type=8 10 10 10 10 2 2 10 2 10 10 8 10 8 8 2 10 2 10 2 10 10 10 8 8 2 2 2 8 2
left_child=1 7 3 4 -3 -6 -4 21 9 10 -9 -11 13 14 -2 18 19 -18 20 -15 -14 22 23 -1 -25 26 -26 28 -27 -30
right_child=12 2 6 -5 5 -7 -8 8 -10 11 -12 -13 15 16 -16 -17 17 -19 -20 -21 -22 -23 -24 24 25 27 -28 -29 29 -31
leaf_value=0.002203947102571865 -0.0017794130190835408 0.0014636338623605126 0.0029176657986873591 0.0081359057317016391 -0.0024694764247079793 -0.0053004678781582732 -0.0023909801027861329 -0.0031401253928391194 -0.0051282481265765697 0.0075330443851653094 0.00070801792735329487 0.0016423286586110643 3.5920088232492543e-06 -0.0004336470697136403 -0.01112003753365935 -0.0028256066383244819 -0.0060260863162116584 0.010409300398383949 -0.0021108383203435493 -0.0037262971751509701 0.0090282408781153945 -0.002490211771422834 -4.1796239122881826e-05 -0.0025482839768195906 4.5772144004807992e-05 0.0014126661401207535 0.0032053122857443671 0.0027157484870316464 -0.0079990968911934721 -0.0014810102504828283
leaf_weight=4891 15439 554 2734 566 3948 1169 939 1847 802 1846 3152 13773 1203 11806 797 1010 608 1436 1068 699 2222 1305 202253 1545 9762 796 3601 1335 1452 1029
leaf_count=4891 15439 554 2734 566 3948 1169 939 1847 802 1846 3152 13773 1203 11806 797 1010 608 1436 1068 699 2222 1305 202253 1545 9762 796 3601 1335 1452 1029
internal_value=-0.000334408 9.85311e-05 -0.00558468 -0.0106211 -0.0134923 -0.0163936 0.00297312 0.00032458 0.00392441 0.00549253 -0.00314434 0.00825709 -0.00342719 -0.00463549 -0.00826049 0.0033285 -0.000587266 0.0125609 0.00760604 -0.00274471 0.012591 -1.38171e-05 7.01448e-05 0.00326973 0.00124936 0.00263831 0.00568683 -0.0061878 -0.0156526 -0.0242674
internal_weight=295587 259299 9910 6237 5671 5117 3673 249389 21420 20618 4999 15619 36288 30785 16236 5503 14549 2044 4493 12505 3425 227969 226664 24411 19520 17975 13363 4612 3277 2481
internal_count=295587 259299 9910 6237 5671 5117 3673 249389 21420 20618 4999 15619 36288 30785 16236 5503 14549 2044 4493 12505 3425 227969 226664 24411 19520 17975 13363 4612 3277 2481
is_linear=0
shrinkage=0.05


Tree=53
num_leaves=31
num_cat=0
split_feature=12 50 69 54 64 30 67 9 54 7 54 58 69 67 18 65 54 19 19 54 64 42 64 42 67 41 54 69 69 19
split_gain=143.997 105.841 138.179 309.187 311.94 224.978 180.724 213.023 154.092 168.651 148.697 132.612 108.558 103.794 103.331 156.1 158.832 131.353 121.432 107.446 186.256 116.774 142.253 107.057 97.4054 184.769 223.209 201.146 153.325 141.029
threshold=0.23275609314441684 0.0026041836244985466 0.016163060441613201 7.676793336868287 -0.059769093990325921 0.3996542245149613 0.17542953044176104 -0.086861468851566301 8.0796771049499529 -0.10344693064689635 4.3066966533660898 0.347885012626648 0.0091947759501636046 0.14425799995660785 0.031626701354980476 0.13711816072463992 5.5412440299987802 0.13632334023714068 -0.013281637337058781 4.6042199134826669 0.18840718269348147 0.033219259232282645 -0.069088697433471666 0.17502117156982425 0.15403836220502856 0.013045992702245714 5.796194553375245 0.015415531583130361 0.017343870364129547 -0.16080689430236814
decision_type=8 2 10 2 10 10 10 10 2 10 2 2 8 10 8 8 2 8 8 2 10 10 10 10 8 8 2 10 10 8
left_child=1 24 3 5 -5 12 -6 -8 14 -10 11 -7 -3 -13 15 -4 18 -16 -17 20 -19 -21 -23 -18 -1 -26 28 -28 -27 -29
right_child=-2 2 8 4 6 10 7 -9 9 -11 -12 13 -14 -15 17 16 23 19 -20 21 -22 22 -24 -25 25 26 27 29 -30 -31
leaf_value=-8.6750292310953242e-05 -0.0020275470548525069 -0.0040332288751382698 0.00039693943927178953 0.00047398034807436787 -0.0068824657574475812 -0.0013760147744611368 0.0003509103644642787 -0.0030196008767632912 0.0018823261328343962 -7.4682367774884644e-05 -0.0002714796850146157 0.022926004036757069 -0.00049018765560442893 0.0017207472238660198 -0.0013099591364804973 -0.0030035296387097218 -0.00020812437120810461 -0.0016250533731873929 -0.00069092996851407337 -0.004295363581574875 0.0032833569030525124 0.0020969525453028511 -0.00062341888961729849 0.0048187276549388073 0.0011344016217392575 0.0014367022399956312 -0.00098070939406289122 -0.0014155013324599836 0.000107189160976175 0.00028283254977902835
leaf_weight=74559 8679 2815 29642 1661 1145 1347 1259 2735 3738 3690 10991 1111 19455 6032 7297 2094 2986 9212 4124 527 1920 5690 4695 1047 3592 27418 10346 1717 28421 15622
leaf_count=74559 8679 2815 29642 1661 1145 1347 1259 2735 3738 3690 10991 1111 19455 6032 7297 2094 2986 9212 4124 527 1920 5690 4695 1047 3592 27418 10346 1717 28421 15622
internal_value=-0.000351008 -0.000158942 -0.00125017 -0.00333704 -0.0132159 -0.00172529 -0.019295 -0.0142108 7.17341e-05 0.00691046 0.00219845 0.00716471 -0.00515709 0.00987697 -0.000662873 0.00099366 -0.00432219 -0.00291472 -0.00932884 -0.000988483 -0.00444265 0.00253617 0.00370851 0.00340094 0.000686211 0.0018215 0.00134317 -0.00232713 0.00316299 0.000965474
internal_weight=295567 286888 125213 48551 6800 41751 5139 3994 76662 7428 19481 8490 22270 7143 69234 39893 10251 29341 6218 22044 11132 10912 10385 4033 161675 87116 83524 27685 55839 17339
internal_count=295567 286888 125213 48551 6800 41751 5139 3994 76662 7428 19481 8490 22270 7143 69234 39893 10251 29341 6218 22044 11132 10912 10385 4033 161675 87116 83524 27685 55839 17339
is_linear=0
shrinkage=0.05


Tree=54
num_leaves=31
num_cat=0
split_feature=39 41 55 27 17 28 33 54 11 54 58 42 74 58 54 42 54 55 61 39 54 11 67 54 55 65 30 42 38 67
split_gain=149.544 124.609 341.204 347.684 191.323 183.953 142.814 267.986 140.437 158.158 127.971 122.487 116.234 265.93 158.32 152.374 335.642 139.004 164.849 114.317 107.826 100.795 97.4218 154.484 148.395 103.255 230.964 237.679 194.129 190.765
threshold=0.10218724980950357 0.10336021706461908 1.0000000180025095e-35 2.0751492977142338 -0.25704140961170191 0.30518719553947454 3.019402384757996 6.8026726245880136 0.56327822804451 8.0796771049499529 0.7071032226085664 0.071521263569593443 0.025050234049558643 0.74469971656799328 4.00724220275879 0.20681849122047427 5.3167710304260263 1.0000000180025095e-35 inf 0.18022753298282626 4.9462389945983896 -0.78013819456100453 0.43542042374610906 8.1271834373474139 1.0000000180025095e-35 0.13711816072463992 0.81053993105888378 0.026821789331734184 0.53198084235191356 0.15403836220502856
decision_type=8 8 2 10 8 8 10 2 8 2 2 10 10 2 2 10 2 2 8 8 2 8 8 2 2 8 8 10 10 10
left_child=1 6 4 5 -3 -4 21 10 20 -10 -8 -9 17 15 -15 -14 -17 18 19 -2 -6 -1 25 24 -24 28 27 -27 29 -23
right_child=12 2 3 -5 8 -7 7 11 9 -11 -12 -13 13 14 -16 16 -18 -19 -20 -21 -22 22 23 -25 -26 26 -28 -29 -30 -31
leaf_value=0.0043196641878777203 -0.0013758791817655637 -0.0021770623160785449 0.00044864110299000384 0.01267567331759796 0.0064442472305020039 -0.0032482471086673335 -0.00075194362053212366 -0.00090646327840901431 0.00084145351860992793 0.0033187038597473936 0.0078287558255130951 -0.004488992677334192 -0.0013382537553644478 0.020021076908247063 -0.0012569280052198706 -0.0016956440358697313 0.0071120597985531971 -0.0061010747197214159 0.0017387836913422051 -0.0058531457926596937 -0.0017012949707618597 -0.00010474759251338187 -0.00032836792033924967 0.0034409018831038675 0.0021479737825274427 0.000367991584921374 0.00062523215909338558 -0.0010590675668154985 -0.0013001000055387832 0.00036711707049972181
leaf_weight=722 4219 2069 1168 568 3425 3161 4362 957 20567 1097 612 1571 18737 1460 849 4633 2355 1003 2056 2170 616 95704 3210 785 931 6153 11914 22062 12821 63978
leaf_count=722 4219 2069 1168 568 3425 3161 4362 957 20567 1097 612 1571 18737 1460 849 4633 2355 1003 2056 2170 616 95704 3210 785 931 6153 11914 22062 12821 63978
internal_value=-0.00046039 -3.23064e-05 0.00285334 -0.00930304 0.00499928 -0.0141392 -0.000449972 -0.00722843 0.00617733 0.00457691 -0.000481541 -0.0204492 -0.00341139 -0.00179361 0.0144243 -0.00325432 0.00304373 -0.00820469 -0.00609698 -0.0100563 0.0147248 -0.000216684 -0.000278993 0.00666532 0.00278246 -0.000440176 -0.00272428 -0.00518866 9.12975e-05 0.000566716
internal_weight=295935 258453 32671 4897 27774 4329 225782 7502 25705 21664 4974 2528 37482 28034 2309 25725 6988 9448 8445 6389 4041 218280 217558 4926 4141 212632 40129 28215 172503 159682
internal_count=295935 258453 32671 4897 27774 4329 225782 7502 25705 21664 4974 2528 37482 28034 2309 25725 6988 9448 8445 6389 4041 218280 217558 4926 4141 212632 40129 28215 172503 159682
is_linear=0
shrinkage=0.05


Tree=55
num_leaves=31
num_cat=0
split_feature=2 50 67 42 54 69 65 66 65 75 66 68 54 65 19 30 15 42 61 66 58 54 16 54 18 30 54 69 19 18
split_gain=115.761 100.334 109.138 135.171 143.471 289.991 207.478 176.963 137.018 132.149 449.123 198.719 129.993 125.88 122.002 120.457 107.318 107.148 98.1553 97.0947 133.426 235.135 177.74 110.708 178.958 173.083 108.254 107.506 106.423 103.82
threshold=0.25554543733596807 0.01406831154599786 0.15403836220502856 0.013106351252645256 7.0733969211578378 0.015415531583130361 0.13133955001831057 -0.08213175460696219 0.0086612105369567888 0.057341860607266433 -0.12127298489212988 -0.092194847762584672 8.2665500640869158 0.13711816072463992 -0.44622424244880671 0.56741157174110424 -0.0039219483733177176 0.078222118318080916 0.092411220073699965 -0.15424419194459912 0.64951041340827953 4.635068655014039 -0.070915117859840379 3.6761741638183598 -0.44345240294933314 2.6941233873367314 2.708383440971375 0.02913566026836634 0.088199615478515639 0.59675493836402904
decision_type=8 2 8 8 2 10 10 10 10 10 10 10 2 8 8 8 10 8 8 10 2 2 8 2 8 10 2 10 10 10
left_child=1 2 9 8 19 6 7 15 -4 10 11 -1 13 -7 -11 -6 -13 -17 -2 23 21 29 -22 24 -5 -26 28 -23 -24 -21
right_child=18 -3 3 4 5 12 -8 -9 -10 14 -12 16 -14 -15 -16 17 -18 -19 -20 20 22 27 26 -25 25 -27 -28 -29 -30 -31
leaf_value=-0.0009377648697768932 -0.0023361836978240264 -0.00033586640082908307 -0.00039062436625225753 -0.0049470639040910995 -0.0024115553540154881 0.00061642553942744421 -0.0032095417928467737 0.00068354090778797181 0.0014612999117438199 0.0053917531189952477 -0.0048171694672115815 0.00026678870592207368 0.00079671699581578253 -0.00081668784172213543 -8.7372991300781536e-05 -8.4029197357192442e-05 0.0015748180692203918 -0.0029524714211122596 0.00012765527290865136 -0.0015713231798841502 -0.0044867600649120881 0.00087598727931563556 0.0018859726060511753 0.00015796037088317545 0.0013538832109633477 -0.0039414958811102149 0.00048006412295715974 -0.000676021694570461 0.018423252718583603 0.0027673957079101339
leaf_weight=2195 8611 65229 1690 515 1609 3133 1451 1667 3334 838 1457 2394 5720 5268 88619 3032 567 1222 5247 10240 576 6043 1446 32773 27135 1072 8138 2521 779 846
leaf_count=2195 8611 65229 1690 515 1609 3133 1451 1667 3334 838 1457 2394 5720 5268 88619 3032 567 1222 5247 10240 576 6043 1446 32773 27135 1072 8138 2521 779 846
internal_value=-0.000465338 -0.000245632 0.000272782 0.00127683 0.000926247 -0.00259605 -0.00961517 -0.00625995 0.00929678 -0.000983555 -0.00779858 -0.000851723 0.00187177 -0.00208655 -0.000478948 -0.0103439 0.00759004 -0.00590994 -0.00492501 0.00181011 -0.000491846 -0.00295524 0.00393187 0.00295504 0.00522066 0.00575717 0.00544201 0.00326569 0.0151902 -0.00775955
internal_weight=295367 281509 216280 120210 115186 23102 8981 7530 5024 96070 6613 5156 14121 8401 89457 5863 2961 4254 13858 92084 30589 19650 10939 61495 28722 28207 10363 8564 2225 11086
internal_count=295367 281509 216280 120210 115186 23102 8981 7530 5024 96070 6613 5156 14121 8401 89457 5863 2961 4254 13858 92084 30589 19650 10939 61495 28722 28207 10363 8564 2225 11086
is_linear=0
shrinkage=0.05


Tree=56
num_leaves=31
num_cat=0
split_feature=4 41 38 54 54 60 67 57 9 41 41 66 19 49 75 33 40 60 10 38 67 75 67 75 38 55 66 54 8 60
split_gain=114.731 92.6982 103.703 95.9396 95.8627 744.027 355.933 480.091 355.55 274.55 223.071 195.719 388.022 266.359 262.798 196.443 195.402 187.244 331.733 214.711 171.635 168.668 211.645 176.904 168.3 232.623 219.549 164.71 162.491 161.64
threshold=1.1821040511131289 0.28949439525604254 1.9244347214698794 6.4300498962402353 7.2725720405578622 -0.045014105737209313 0.1480706185102463 0.44388101994991308 0.041855074465274818 0.062116954475641258 0.0093626878224313276 -0.23142474889755246 0.063409060239791884 0.00037993941805325454 0.90931877493858349 0.62121424078941356 0.16956423223018649 -0.038430392742156975 -0.64830163121223439 0.24285105615854266 0.15151456743478778 0.40242154896259313 0.16374813765287402 0.17948733270168307 0.15688472241163257 1.5000000000000002 -0.38742892444133753 10.430809020996096 -0.14203887432813642 -0.16048645973205564
decision_type=10 10 10 2 2 10 10 2 10 8 8 8 10 2 10 10 10 10 10 8 8 10 10 10 10 2 10 2 8 10
left_child=1 2 4 -3 11 9 7 -7 10 27 -8 12 24 -13 -14 17 29 19 -19 -15 -17 22 23 -20 25 26 -1 28 -6 -11
right_child=-2 3 -4 -5 5 6 8 -9 -10 16 -12 13 14 15 -16 20 -18 18 21 -21 -22 -23 -24 -25 -26 -27 -28 -29 -30 -31
leaf_value=-0.0010918074524349866 -0.0062429346464071694 -0.0010165919513340158 -0.0043156457038561547 0.0095199961751503952 0.0012660491007152081 -0.0002475710001403937 0.0018051750545831921 -0.0055558265480015259 -0.0018245047867129216 -0.0004700560217079918 -0.00013011759029795018 0.00090020387400872913 -0.0010266757591445399 0.0013930694973496604 -0.0042719533588369499 0.0063957580632425133 0.006430342304098122 -0.0098387174393060432 -0.0044869800865461121 -0.00029713564967599472 0.00019540342177290783 0.00019163650467565393 -0.00039775161847230848 -0.0021229090515340588 -0.0002029335908687402 0.001149651465385269 0.00033194115410532175 0.0022451060810943341 0.0002047718222230377 -0.0025870497000640871
leaf_weight=1655 1147 512 1326 584 6767 2244 709 3183 7624 5419 10828 52218 9382 3325 3648 4239 944 892 1936 14551 33302 8797 9465 2555 79824 2198 14394 752 9943 1554
leaf_count=1655 1147 512 1326 584 6767 2244 709 3183 7624 5419 10828 52218 9382 3325 3648 4239 944 892 1936 14551 33302 8797 9465 2555 79824 2198 14394 752 9943 1554
internal_value=-0.000404999 -0.000343307 -0.000397706 0.0141049 -0.000334179 -0.00232807 -0.00852508 -0.0198179 -0.00531793 0.00367679 0.000220837 7.69418e-05 -0.00146745 0.00138396 -0.00957055 -0.000446429 -0.00404314 -0.00281597 -0.00573452 0.00104551 0.00217438 -0.00455344 -0.00796935 -0.0168962 -0.000389984 0.00394095 0.00184632 0.0071772 0.00613636 -0.00693828
internal_weight=295917 294770 293674 1096 292348 49967 24588 5427 19161 25379 11537 242381 111101 131280 13030 79062 7917 41521 23645 17876 37541 22753 13956 4491 98071 18247 16049 17462 16710 6973
internal_count=295917 294770 293674 1096 292348 49967 24588 5427 19161 25379 11537 242381 111101 131280 13030 79062 7917 41521 23645 17876 37541 22753 13956 4491 98071 18247 16049 17462 16710 6973
is_linear=0
shrinkage=0.05


Tree=57
num_leaves=31
num_cat=0
split_feature=39 33 66 19 55 54 6 18 60 55 68 69 54 20 69 54 21 54 17 50 60 33 54 69 54 69 11 69 68 66
split_gain=128.556 111.88 132.071 169.089 135.938 167.862 104.601 102.751 124.456 159.06 118.563 204.878 185.42 157.544 114.672 141.638 111.681 104.768 97.7486 94.24 130.812 245.115 232.753 183.168 163.851 169.192 297.557 157.8 177.188 220.859
threshold=0.10596424341201784 3.266448020935059 -0.16552965342998502 -0.054171180352568619 1.0000000180025095e-35 3.6321768760681157 0.026087886653840545 -0.36206445097923273 -0.22583065927028653 1.0000000180025095e-35 0.079887937754392638 0.022530457936227325 2.8210811614990239 -0.43842172622680659 0.024532523006200794 4.5539820194244394 0.061644377186894424 4.3672935962677011 -0.1845385134220123 0.0025381032610312109 -0.038430392742156975 0.18161230534315112 5.8867287635803232 0.014747577719390394 4.635068655014039 0.019463088363409046 0.78124067187309276 0.0094106099568307417 0.079887937754392638 -0.070792481303215013
decision_type=8 10 10 10 2 2 10 10 10 2 10 10 2 10 10 2 10 2 10 2 10 10 2 10 2 8 8 10 10 10
left_child=1 19 3 -3 5 -5 -6 8 9 16 11 -9 18 17 15 -12 -2 -14 -13 -1 24 23 -23 -22 25 -21 -27 -24 29 -29
right_child=7 2 -4 4 6 -7 -8 10 -10 -11 14 12 13 -15 -16 -17 -18 -19 -20 20 21 22 27 -25 -26 26 -28 28 -30 -31
leaf_value=0.00016031252039184314 0.0015403703545208405 0.0048908264211029876 0.00050017598350381534 -0.0059403700036507094 -0.0062855862367510763 -0.00046193165717642109 -0.0025067187975334774 -0.0027771735704227385 -0.0049220958202752796 -0.0083388641907215649 0.013558415557480788 -0.0056217829169381266 -3.2163486591674055e-05 0.00015614522449921967 -0.0011683579358708564 -0.0024682960136857323 -0.0018003388353507171 0.010085648534565034 -0.00083905911162639396 -0.0010227779035704993 -0.0035308708316949128 0.00035737279133425909 -0.0053620738832247756 -0.0005199906178009532 0.00039060575547368202 0.0013660455669579192 -0.0011911571759748972 -0.00059734977161144092 -0.0022381730617931127 0.0013907112091617929
leaf_weight=143113 2223 687 3700 1201 546 2707 504 7345 1573 728 1827 1439 710 9036 1374 517 4544 1443 2235 11064 3644 26507 1128 6242 34151 5764 5925 8515 2800 1960
leaf_count=143113 2223 687 3700 1201 546 2707 504 7345 1573 728 1827 1439 710 9036 1374 517 4544 1443 2235 11064 3644 26507 1128 6242 34151 5764 5925 8515 2800 1960
internal_value=-0.000332021 5.07364e-05 -0.00531801 -0.0101238 -0.0133454 -0.0090097 -0.0292453 -0.00317678 -0.00775501 -0.00505663 -0.0015731 -0.00295706 0.000420225 0.00362086 0.00667918 0.0133815 -0.00264866 0.015742 -0.00931053 0.000250974 -0.000866215 -0.00271031 -0.00100196 -0.00977162 0.000780124 -0.00250626 0.00168818 -0.00611601 -0.00458035 -0.00158798
internal_weight=295152 260158 9345 5645 4958 3908 1050 34994 9068 7495 25926 22208 14863 11189 3718 2344 6767 2153 3674 250813 107700 50796 40910 9886 56904 22753 11689 14403 13275 10475
internal_count=295152 260158 9345 5645 4958 3908 1050 34994 9068 7495 25926 22208 14863 11189 3718 2344 6767 2153 3674 250813 107700 50796 40910 9886 56904 22753 11689 14403 13275 10475
is_linear=0
shrinkage=0.05


Tree=58
num_leaves=31
num_cat=0
split_feature=45 54 66 21 69 30 58 54 75 40 17 54 54 57 8 65 58 46 30 41 75 69 54 60 10 65 54 65 69 54
split_gain=122.399 142.17 307.296 129.249 128.748 121.81 214.021 178.987 170.297 115.588 105.368 197.814 110.839 104.323 96.8206 93.1549 92.7631 88.1748 85.3615 91.5823 202.297 178.125 165.732 245.089 144.493 189.684 131.141 129.071 121.263 590.193
threshold=3.5000000000000004 6.9614286422729501 -0.1421290040016174 1.5038729906082156 0.022169589996337894 0.74767684936523449 0.74469971656799328 4.6042199134826669 0.41436292231082922 0.070047147572040572 -0.18958306312561032 5.8564891815185556 0.47933015227317816 0.36889073252677923 -0.6149575114250182 -0.0060959756374359122 0.28621768951416021 10.500000000000002 4.9005813598632821 0.10336021706461908 0.87474742531776439 0.059330618008971221 6.7830362319946298 -0.045014105737209313 -0.090223424136638627 -0.053543180227279656 5.1181135177612314 0.063132941722869887 0.015415531583130361 8.3653230667114276
decision_type=10 2 10 10 10 10 2 2 10 8 8 2 2 2 10 10 2 8 10 10 10 10 2 10 8 8 2 8 8 2
left_child=1 3 9 5 -4 -1 8 -8 -7 13 11 14 15 -3 -2 -12 -13 -11 19 20 21 28 23 -22 26 -26 -21 -27 29 -14
right_child=10 2 4 -5 -6 6 7 -9 -10 17 12 16 18 -15 -16 -17 -18 -19 -20 24 22 -23 -24 -25 25 27 -28 -29 -30 -31
leaf_value=-0.00056531763963331503 -0.0037531497694813249 -0.0021194288663933729 -0.0038473527443472692 -0.0067385655254473516 -0.00056491709583195149 0.0028584856970945006 0.013530828338965052 -0.00021956313087322378 -0.0006342792187617887 0.0014002144257829483 0.00081243549052854012 0.0020645752625431547 5.5082060039792066e-05 0.0009744205610527194 -0.00097405671402395536 0.025919512347207841 -0.0013228957642276863 -0.0028386493389108078 -0.0026457537288184958 0.0061908023066215567 -0.0020516189142148534 -0.003021042153251195 -0.0046750663277985438 0.0019472614826951411 -0.0034680467548575964 0.0072049154370093949 -0.0018910961720749759 0.00041877982151277088 0.00022120523720274202 -0.0016045576146457956
leaf_weight=23849 1897 834 2465 1076 761 1456 1915 1219 10537 651 650 3582 74456 3298 12886 508 1026 1841 1632 2487 5798 1277 534 3114 1449 2612 517 18743 106689 6047
leaf_count=23849 1897 834 2465 1076 761 1456 1915 1219 10537 651 650 3582 74456 3298 12886 508 1026 1841 1632 2487 5798 1277 534 3114 1449 2612 517 18743 106689 6047
internal_value=-0.000284974 -0.00254247 -0.00792089 -0.00121811 -0.0205501 -0.000743857 0.00276475 0.0143766 -0.000279097 -0.00174857 0.000173231 -0.00336323 0.000476111 0.00338001 -0.00618198 0.015839 0.00567345 -0.0102318 0.000396468 0.000479813 0.000114437 0.000472466 -0.007022 -0.00537996 0.00328066 0.00191987 0.01357 0.00311023 0.000599887 -0.000865078
internal_weight=295806 49902 9850 40052 3226 38976 15127 3134 11993 6624 245904 19391 226513 4132 14783 1158 4608 2492 225355 223723 197915 188469 9446 8912 25808 22804 3004 21355 187192 80503
internal_count=295806 49902 9850 40052 3226 38976 15127 3134 11993 6624 245904 19391 226513 4132 14783 1158 4608 2492 225355 223723 197915 188469 9446 8912 25808 22804 3004 21355 187192 80503
is_linear=0
shrinkage=0.05


Tree=59
num_leaves=31
num_cat=0
split_feature=39 66 41 67 41 41 67 11 58 11 32 11 28 32 41 58 29 60 10 66 62 65 65 41 29 11 32 66 27 58
split_gain=121.746 113.249 298.148 328.395 414.583 371.058 235.094 201.253 200.559 183.48 166.357 162.651 156.473 152.48 239.124 175.069 194.057 165.362 139.04 184.355 136.163 140.637 128.727 128.689 113.576 147.661 146.493 134.49 111.416 105.696
threshold=0.05774150229990483 -0.18282113969326017 0.056029088795185096 0.17144349962472918 0.019302560947835449 0.012161324266344311 0.14634390175342563 -0.01074567064642906 0.7557436227798463 0.60402616858482372 -0.33384381234645838 -0.092852663248777376 0.49500364065170294 -0.46101857721805567 0.056443283334374435 0.14134690165519717 -0.20560597628355023 -0.12983378022909162 -0.40795451402664179 -0.32772420346736902 0.058763027191162116 -0.056826949119567864 0.39654964208602911 0.023317902348935608 -0.15542171895503995 -0.078016888350248323 -0.2601321935653686 -0.30284954607486719 1.2527372837066653 0.7954390048980714
decision_type=8 10 10 10 8 8 10 10 2 10 10 10 10 8 10 2 10 8 8 10 10 8 8 10 10 10 10 10 10 2
left_child=1 9 3 4 10 8 11 -6 -5 13 -3 -4 -9 18 15 16 -15 23 -1 -20 21 24 29 -17 25 -19 -26 -28 -16 -7
right_child=-2 2 6 5 7 22 -8 12 -10 -11 -12 -13 -14 14 28 17 -18 20 19 -21 -22 -23 -24 -25 26 -27 27 -29 -30 -31
leaf_value=0.00054671370134051929 -0.00039892092795593451 0.00014085125253084172 -0.0058168351406194321 0.0016220185662006823 -0.002432350093512157 -0.00013476961608498256 0.00016726248064555173 0.0031887384147635521 -0.0005361373259367947 -0.0020216648887419523 -0.0040236096896411194 0.011424676334160368 -0.0021055826791328319 0.00039840364887009288 -0.00070751932552764443 0.0018637006516551834 -0.00047470335905189302 0.00059357031671020426 -0.00076857147326822258 0.0002548038237027776 0.0020080894407724886 -5.48437587302485e-05 0.0014070000219300292 0.00080446121221627593 -0.00022456082146515575 -0.0014248846301868527 0.0013591810414807595 -0.00050491589716766903 0.00167551484727809 -0.0011676431069541735
leaf_weight=13990 93884 636 512 1982 5256 26063 9745 3861 660 5246 3466 4052 3574 19034 12408 2080 5465 12662 18118 18441 4055 10858 2039 2665 1257 1175 3579 611 2220 5991
leaf_count=13990 93884 636 512 1982 5256 26063 9745 3861 660 5246 3466 4052 3574 19034 12408 2080 5465 12662 18118 18441 4055 10858 2039 2665 1257 1175 3579 611 2220 5991
internal_value=-0.000293476 0.000398838 -0.00126535 -0.00297919 -0.00876927 -0.000330657 0.00514352 -0.00429494 0.0176848 0.00124221 -0.0225681 0.014495 0.00100067 0.00161629 0.00300145 0.00433011 0.00101799 0.00641302 -0.000523151 -0.00214526 0.0051963 0.00403622 -0.00173152 0.0151525 0.00659791 0.00418502 0.0127084 0.0171905 -0.00275994 -0.00250749
internal_weight=295585 201701 67837 53528 16793 36735 14309 12691 2642 133864 4102 4564 7435 128618 78069 63441 24499 38942 50549 36559 34197 30142 34093 4745 19284 13837 5447 4190 14628 32054
internal_count=295585 201701 67837 53528 16793 36735 14309 12691 2642 133864 4102 4564 7435 128618 78069 63441 24499 38942 50549 36559 34197 30142 34093 4745 19284 13837 5447 4190 14628 32054
is_linear=0
shrinkage=0.05


Tree=60
num_leaves=31
num_cat=0
split_feature=70 11 69 74 70 33 65 33 64 59 19 53 58 69 11 45 75 69 11 71 40 33 65 69 13 15 58 21 65 10
split_gain=99.0236 96.0416 148.784 141.686 80.8736 182.669 144.437 163.023 128.309 122.529 150.894 133.167 172.078 171.309 335.389 159.947 139.648 266.77 170.804 205.3 131.758 120.39 128.499 114.138 112.782 109.262 106.279 110.037 105.606 118.616
threshold=1.1183279156684878 -0.72499457001686085 0.0204625902697444 0.016446080990135673 0.054337114095687873 2.8244669437408452 -0.0084222257137298567 0.62121424078941356 0.12082046270370485 -0.08991703018546103 -0.10790930688381194 1.0000000180025095e-35 0.6456594467163087 0.0095102037303149718 0.16550966352224353 11.500000000000002 0.14699725061655047 0.01719234045594931 -0.39964817464351649 -0.011643171310424803 0.29326359927654272 0.1920617297291756 0.12399452924728395 0.0074105316307395705 -0.25197896361351008 -0.12697868794202802 0.81265348196029674 0.46402613818645483 0.13711816072463992 -0.023592589423060414
decision_type=10 8 10 8 8 10 8 10 10 10 8 10 2 10 8 10 8 10 10 10 10 10 8 10 10 10 2 10 10 10
left_child=1 2 -1 -3 5 9 -6 -8 -7 10 -5 13 -13 14 15 -11 17 21 25 -20 -12 -15 -23 -9 -18 -19 27 -25 -26 -30
right_child=-2 3 -4 4 6 8 7 23 -10 11 20 12 -14 16 -16 -17 24 18 19 -21 -22 22 -24 26 28 -27 -28 -29 29 -31
leaf_value=0.0051171008862769098 -0.0062094914481656428 -0.002279080230036088 -0.0018054561418765665 0.0016082729051889203 -0.00064614438084377012 -0.001925412545282284 -0.00058894604447376877 0.018651710923426157 0.002320703304807136 -0.0051819857661198031 0.00017812569202626573 0.00040995047574179884 0.0031771139860956171 -0.00055395616283336786 0.00079962267301775388 -0.0020269125042487418 -0.0038911233855134075 0.00053418235564660788 0.00043309228620363533 0.0013385883992894012 0.012574875006067755 0.00050001851522326159 -0.0020408071320741515 0.00060752335349375109 4.3288118899784471e-05 -0.0020493399034353338 0.0049353246945931534 -0.0018662694183324059 -0.0012128458113310064 -0.00021470158017874148
leaf_weight=1293 1117 3883 502 4200 27408 7023 27450 899 1115 1664 12662 18598 2102 5610 5448 4365 1121 2024 6872 4490 639 4834 729 18961 101945 860 3064 4557 4978 15505
leaf_count=1293 1117 3883 502 4200 27408 7023 27450 899 1115 1664 12662 18598 2102 5610 5448 4365 1121 2024 6872 4490 639 4834 729 18961 101945 860 3064 4557 4978 15505
internal_value=-0.000335893 -0.000279332 0.0112188 -0.000350152 -0.000222562 0.000305135 -0.00154768 -6.8255e-05 -0.0070324 0.000606073 0.00459997 0.000219977 0.00399324 -0.000267053 -0.00615043 -0.0142656 0.000186605 0.0035609 0.00809484 0.0108512 0.00198708 -0.00222212 0.00298762 0.0026536 -0.000507855 -0.00276434 0.00205701 0.000913805 -0.000362633 -0.00363783
internal_weight=295918 294801 1795 293006 289123 206784 82339 54931 8138 198646 17501 181145 20700 160445 11477 6029 148968 25419 14246 11362 13301 11173 5563 27481 123549 2884 26582 23518 122428 20483
internal_count=295918 294801 1795 293006 289123 206784 82339 54931 8138 198646 17501 181145 20700 160445 11477 6029 148968 25419 14246 11362 13301 11173 5563 27481 123549 2884 26582 23518 122428 20483
is_linear=0
shrinkage=0.05


Tree=61
num_leaves=31
num_cat=0
split_feature=72 41 17 54 19 10 69 59 37 66 60 18 32 54 61 59 69 69 54 33 54 33 66 72 75 10 75 54 60 66
split_gain=103.107 110.963 122.911 140.632 229.092 176.145 175.527 144.774 137.314 115.418 209.339 112.208 159.612 109.281 105.562 104.366 104.345 98.3715 705.449 172.572 111.418 95.9905 360.455 130.669 116.369 98.8116 100.142 98.8419 94.4566 90.6578
threshold=0.9656602442264558 0.28949439525604254 -0.2700690478086471 1.8301782608032229 -1.0000000180025095e-35 -0.48558057844638819 0.0091947759501636046 0.024942101910710338 0.95739030838012706 -0.34393188357353205 -0.12373321503400801 -0.25971376895904535 -0.60416215658187855 3.3980256319046025 -0.037361353635787957 -0.27312894165515894 0.02913566026836634 0.0074105316307395705 4.8278737068176278 0.18161230534315112 6.892895221710206 2.3040269613265996 -0.16004703938961026 0.16446080058813098 0.80646091699600231 3.1515005826950078 0.70183652639389049 7.7827031612396249 0.11374010145664216 -0.23142474889755246
decision_type=10 10 8 2 8 8 8 8 8 10 10 10 10 2 8 10 10 10 2 10 2 10 10 10 10 8 10 2 8 10
left_child=1 2 13 4 11 9 -6 -8 17 10 -5 -4 29 -1 -10 -15 -2 18 19 -7 -20 -19 23 -23 -24 26 -25 -28 -11 -13
right_child=16 -3 3 5 6 8 7 -9 14 28 -12 12 -14 15 -16 -17 -18 21 20 -21 -22 22 24 25 -26 -27 27 -29 -30 -31
leaf_value=-0.0030991292526324314 -0.0022749041266784688 0.0065730072576235367 -0.0020971619909966872 0.00011524133219689218 0.025505651234591972 -0.0041401779863582261 0.00047868805186177367 0.0044580065867450168 -0.005302438165282003 0.00048654714168130529 0.0049292465010018606 0.00024881158185818353 -0.00040486583772476534 0.004845958744436058 -0.00078889691182511745 -0.00095178342568333569 0.0013674709344776302 2.031052010798536e-05 -0.0034661967809781974 0.015390736932236979 -0.0056194313157361267 -0.0051205307524762357 -0.00031051044010661598 -0.00044722120910766286 0.0040098075519446417 0.0010912462579430863 -0.0027868987839339797 -0.0045207407601702415 -0.0031108980665562761 0.0045860399603581776
leaf_weight=3551 7258 963 2111 2793 895 580 5840 4070 703 2934 3100 2361 9883 731 21557 3233 2102 198761 1691 1793 1328 1060 3074 2230 2984 1064 3335 562 544 2517
leaf_count=3551 7258 963 2111 2793 895 580 5840 4070 703 2934 3100 2361 9883 731 21557 3233 2102 198761 1691 1793 1328 1060 3074 2230 2984 1064 3335 562 544 2517
internal_value=-0.000324405 -0.000155454 -0.000212937 -4.21197e-05 0.00333911 -0.000416428 0.00901988 0.00708669 -0.000678348 0.0063053 0.0105624 -0.000302097 0.0012423 -0.00651827 -0.0044185 -0.000805234 -0.00548559 -0.000297063 -0.00696039 0.0134075 -0.0229614 -0.000128121 -0.00408199 -0.0108764 0.00517469 -0.00843633 -0.0108766 -0.0157026 -0.000917431 0.00863339
internal_weight=295608 286248 285285 277770 27677 250093 10805 9910 240722 9371 5893 16872 14761 7515 22260 3964 9360 218462 5392 2373 3019 213070 14309 8251 6058 7191 6127 3897 3478 4878
internal_count=295608 286248 285285 277770 27677 250093 10805 9910 240722 9371 5893 16872 14761 7515 22260 3964 9360 218462 5392 2373 3019 213070 14309 8251 6058 7191 6127 3897 3478 4878
is_linear=0
shrinkage=0.05


Tree=62
num_leaves=31
num_cat=0
split_feature=0 11 74 66 41 18 29 66 26 55 67 67 75 41 55 10 26 62 42 64 62 75 42 20 74 63 72 55 11 33
split_gain=89.5938 85.4308 112.018 175.524 75.3568 114.266 73.9203 194.648 283.577 163.222 603.365 393.628 244.263 229.807 378.825 216.196 162.139 153.157 149.219 119.303 219.569 210.26 121.419 113.707 110.8 128.178 98.7981 142.916 90.9149 86.3174
threshold=0.10663484781980516 -0.78013819456100453 0.020451268181204799 -0.071952998638153062 0.28949439525604254 -0.44345240294933314 -0.36791355907917017 -0.11607240140438078 -0.71997269988059986 1.0000000180025095e-35 0.13678722828626635 0.14265632629394534 0.43856957554817205 0.059878006577491767 1.5000000000000002 -0.28355412185192103 -0.52246266603469838 -0.004552513360977172 0.038154147565364845 -0.15211260318756101 0.0046217441558837899 0.37440997362136846 0.010260917712002994 -0.14597117155790326 0.305408924818039 -0.045997470617294305 0.74566182494163524 1.0000000180025095e-35 -0.62962549924850453 0.6395711898803712
decision_type=8 8 8 10 10 8 10 10 10 2 8 8 10 8 2 10 8 10 10 8 10 10 10 10 10 10 10 2 10 10
left_child=1 -1 3 -3 5 -4 7 9 -9 11 12 15 -11 14 24 -7 -15 -17 -13 20 26 -22 -21 -18 25 -12 27 -8 -10 -20
right_child=-2 2 4 -5 -6 6 19 8 28 10 13 18 -14 16 -16 17 23 -19 29 22 21 -23 -24 -25 -26 -27 -28 -29 -30 -31
leaf_value=0.0042700054528867822 -0.00092033116491386418 -0.00056333115795506334 -0.0036880713512129079 -0.010966163617835062 0.0057930599589073187 1.55103457433913e-05 -9.0309779574085331e-05 -0.005091941516811734 0.0002832442976342742 -9.9364104759810343e-05 0.00011013406072592596 0.0016713677954960514 0.0029225070722846518 -6.7337786633546803e-05 0.0022724765097768642 -0.00088629264700061737 -0.0044234242623731705 -0.0034230395294730445 0.00017142450177390079 0.00079347056868164789 0.0014398940621471166 0.0001265305028937385 -0.00021744287234574131 -0.0026577079188606027 0.00030941139341726588 -0.0027230679423477064 -0.00042500121910572927 0.0007835262799536218 0.0033652161478402855 0.0013450454573472671
leaf_weight=866 16330 3874 864 931 867 22210 7078 843 2609 2151 670 10968 2364 1198 1555 10963 1563 1982 26593 4457 3339 3079 129030 3580 707 1715 9253 3240 7729 13078
leaf_count=866 16330 3874 864 931 867 22210 7078 843 2609 2151 670 10968 2364 1198 1555 10963 1563 1982 26593 4457 3339 3079 129030 3580 707 1715 9253 3240 7729 13078
internal_value=-0.000275283 -6.47896e-05 -0.000113824 -0.00767394 1.91819e-05 -2.78564e-05 3.0151e-05 0.00101166 0.00726923 0.000320314 -0.00439954 0.0011736 0.0109724 -0.0107201 -0.00226541 -0.00289066 -0.0169028 -0.00802393 0.00399514 -0.000662127 0.00243663 0.0104543 -0.00126557 -0.0207549 -0.0123791 -0.0175157 -0.000196619 0.00316615 0.00954774 0.00256672
internal_weight=295686 279356 278490 4805 273685 272818 271954 112478 11181 101297 15503 85794 4515 10988 4647 35155 6341 12945 50639 159476 25989 6418 133487 5143 3092 2385 19571 10318 10338 39671
internal_count=295686 279356 278490 4805 273685 272818 271954 112478 11181 101297 15503 85794 4515 10988 4647 35155 6341 12945 50639 159476 25989 6418 133487 5143 3092 2385 19571 10318 10338 39671
is_linear=0
shrinkage=0.05


Tree=63
num_leaves=31
num_cat=0
split_feature=50 69 54 41 57 15 66 55 69 55 19 27 67 69 54 69 18 55 66 14 33 54 19 41 58 54 10 10 55 41
split_gain=93.2198 145.305 457.323 266.568 264.848 197.628 140.624 281.776 383.318 260.549 212.904 178.084 170.647 164.903 263.379 260.515 138.685 164.702 210.681 159.249 164.497 152.821 140.897 137.691 137.473 128.286 127.552 112.216 164.69 170.475
threshold=5.2358762332005433e-05 0.010989497881382706 6.5763859748840341 0.044428363442420966 0.44388101994991308 -0.19125341624021527 -0.24756715446710584 1.0000000180025095e-35 0.017343870364129547 1.0000000180025095e-35 0.038085943087935455 0.13018298149108889 0.30595466494560247 0.0204625902697444 3.6321768760681157 0.0091947759501636046 0.033656286075711257 1.0000000180025095e-35 -0.29600141942501063 0.020405615679919723 0.95775431394577037 5.9509029388427743 -0.17287343740463254 0.069218520075082793 0.81265348196029674 4.5315775871276864 -0.52932727336883534 0.58430409431457531 1.5000000000000002 0.081874303519725813
decision_type=2 10 2 10 2 10 8 2 10 2 10 8 10 10 2 8 8 2 8 8 10 2 8 10 2 2 8 8 2 10
left_child=6 2 3 -2 -4 -5 9 13 12 10 26 -10 -9 14 15 -8 21 18 -18 20 -19 27 23 -23 -24 -7 -1 28 29 -3
right_child=1 16 4 5 -6 25 7 8 11 -11 -12 -13 -14 -15 -16 -17 17 19 -20 -21 -22 22 24 -25 -26 -27 -28 -29 -30 -31
leaf_value=0.0018018065211315626 -0.0011171069620849344 -0.00033451946564974703 -0.00069883053873156088 -0.0017790625241417696 -0.0039752553935968179 0.0086324862192309511 0.028127624043966282 -0.003220764958732962 0.00091447431326611831 0.00048907464569751991 -0.00228066192417151 -0.0012016958638485014 -5.3474752138837903e-05 2.0494176742638476e-05 0.00030960442297086786 0.0022733993507114848 -0.0017036530403228029 0.00072071102334053769 5.6402308021378042e-06 -0.002505125339184316 -0.0031510976737548556 0.00016717685800986411 0.00056893350182431125 -0.0018347343989467313 -0.0012223298439172671 0.00047220723750438041 -0.00029294107181508801 -0.0013340806526758943 0.0006069979929737763 0.0018869406407384859
leaf_weight=3188 9210 32304 3141 1399 3554 3571 1880 3676 3774 9923 6341 2178 1427 23195 21872 16884 6162 2206 38013 4033 540 4818 26872 1869 987 2181 40789 7997 5917 5466
leaf_count=3188 9210 32304 3141 1399 3554 3571 1880 3676 3774 9923 6341 2178 1427 23195 21872 16884 6162 2206 38013 4033 540 4818 26872 1869 987 2181 40789 7997 5917 5466
internal_value=-0.000212102 -0.00102777 -0.00469956 -0.000192413 -0.0156972 0.00704511 0.00075516 0.00220172 -0.00516493 -0.00104314 -0.00250358 0.00345522 -0.0152063 0.00347817 0.00539783 0.0097422 -0.000410368 -0.00247822 -0.00136358 -0.00972897 -0.000435414 0.000811688 0.00338581 -0.00312827 0.00494994 0.011142 -0.00126742 -0.000909196 8.81067e-05 -0.00112758
internal_weight=295367 160240 23056 16361 6695 7151 135127 74886 11055 60241 50318 5952 5103 63831 40636 18764 137184 50954 44175 6779 2746 86230 34546 6687 27859 5752 43977 51684 43687 37770
internal_count=295367 160240 23056 16361 6695 7151 135127 74886 11055 60241 50318 5952 5103 63831 40636 18764 137184 50954 44175 6779 2746 86230 34546 6687 27859 5752 43977 51684 43687 37770
is_linear=0
shrinkage=0.05


Tree=64
num_leaves=31
num_cat=0
split_feature=70 41 17 16 11 60 33 63 74 33 18 42 59 66 69 33 33 14 11 75 70 16 69 75 68 64 69 38 75 41
split_gain=97.2369 85.4875 141.031 87.69 293.491 144.124 97.1584 92.88 81.2063 145.831 78.9838 73.2562 198.303 164.426 272.938 248.795 246.876 214.624 156.956 132.052 129.339 117.978 108.127 170.021 96.3565 99.158 91.9175 89.1885 81.5217 81.4506
threshold=1.1183279156684878 0.28949439525604254 -0.28590486943721766 -0.36291144788265223 1.1081148982048037 -0.096545830368995653 0.3066690862178803 -0.1229501962661743 0.020451268181204799 0.25142532587051397 -0.36206445097923273 0.069079656153917326 -0.16045949608087537 -0.12127298489212988 0.018919004127383236 2.3040269613265996 1.2752617001533511 0.0011259706807322802 -0.78013819456100453 0.10181874409317972 0.37717822194099432 -0.026198050007224079 0.030520816333591941 0.22038100659847262 -0.13045125454664228 -0.10163211822509764 0.022169589996337894 0.4866828471422196 0.040810968726873405 0.13668800145387652
decision_type=10 10 8 8 8 10 10 10 8 8 10 8 8 10 8 10 10 8 10 8 8 8 10 10 10 10 10 8 8 10
left_child=1 2 10 4 5 7 -6 -4 9 -5 -1 12 -10 14 15 27 17 -15 28 -16 21 -19 -20 24 -24 -26 -18 -13 -14 -21
right_child=-2 -3 3 8 6 -7 -8 -9 11 -11 -12 13 18 16 19 -17 26 20 22 29 -22 -23 23 -25 25 -27 -28 -29 -30 -31
leaf_value=-0.0032323338994603499 -0.0059627046228345193 0.0057278684258657191 0.0014400365603296987 -0.0070393310139295453 -0.0026166821587428153 0.0040306583932697938 0.00020068243815292241 -0.00060947287195982163 -0.0027021262208887357 -0.0011774557824083072 -0.0010589187562917498 -0.00026847043720644171 -0.00099659737259500249 0.0017566538201666483 -0.002829711959475702 -0.0032326540567155812 0.0051940691096764259 -0.0077892325459622243 -8.1194447865926442e-05 -0.00015694591805369263 -0.0050452070237593447 -0.00062084529058531912 -0.00047431436675971687 -0.00021651282149110626 0.0018444161870590789 0.00047745001459682075 0.00044545110950328873 -0.0015195706342288609 0.00072615501427374671 0.0011852266977809217
leaf_weight=1954 1128 1078 3038 505 1728 4002 1213 2617 1699 2229 4436 14021 2081 4209 1066 5655 6471 509 123140 42104 928 8942 888 5854 3055 2457 3854 7095 29748 8087
leaf_count=1954 1128 1078 3038 505 1728 4002 1213 2617 1699 2229 4436 14021 2081 4209 1066 5655 6471 509 123140 42104 928 8942 888 5854 3055 2457 3854 7095 29748 8087
internal_value=-0.000351081 -0.000294733 -0.000346566 -0.00018297 0.00389435 0.00810489 -0.00991189 0.00295675 -0.000370165 -0.00892857 -0.0076875 -0.000283772 0.000356948 -0.0013351 -0.00246418 -0.00655502 0.00220078 -0.00198657 0.000530099 -0.000326721 -0.00584753 -0.00408519 -0.000212697 0.00426451 0.0098908 0.0123506 0.00811321 -0.00405661 0.00368887 4.48198e-05
internal_weight=295791 294663 293585 287195 12598 9657 2941 5655 274597 2734 6390 271863 168922 102941 78028 26771 24913 14588 167223 51257 10379 9451 135394 12254 6400 5512 10325 21116 31829 50191
internal_count=295791 294663 293585 287195 12598 9657 2941 5655 274597 2734 6390 271863 168922 102941 78028 26771 24913 14588 167223 51257 10379 9451 135394 12254 6400 5512 10325 21116 31829 50191
is_linear=0
shrinkage=0.05


Tree=65
num_leaves=31
num_cat=0
split_feature=30 65 54 66 42 65 67 66 54 32 58 32 62 68 54 54 16 64 54 54 58 19 33 37 66 55 65 10 55 10
split_gain=85.7397 116.745 95.4297 141.141 81.5071 200.2 155.37 235.318 520.985 190.48 151.973 176.889 140.46 138.887 95.3667 105.549 94.4769 125.402 145.428 137.21 134.564 130.941 122.421 115.897 146.943 153.348 109.803 177.737 171.245 171.693
threshold=4.3443748950958261 0.13711816072463992 0.47933015227317816 -0.20213404297828672 0.023156366311013702 -0.30154803395271296 0.13394512981176379 -0.32732795178890223 5.3425257205963144 -0.32051064074039454 0.16319224238395694 -0.24385066330432889 1.0000000180025095e-35 -0.05754177272319793 5.3425257205963144 8.1716699600219744 0.65187764167785656 -0.060867428779602044 4.8278737068176278 5.6854317188262948 0.74469971656799328 0.25311359763145452 2.426182866096497 -0.12173328176140784 -0.16983564198017118 1.0000000180025095e-35 0.13711816072463992 -0.048945365473628037 1.0000000180025095e-35 -0.57513886690139759
decision_type=10 8 2 8 8 10 10 10 2 10 2 10 10 10 2 2 10 10 2 2 2 10 10 10 10 2 10 10 2 10
left_child=2 -2 3 -1 5 14 7 10 12 -10 -7 -12 -9 -8 -4 -16 22 18 -18 20 21 -19 26 24 25 -24 -6 28 29 -28
right_child=1 -3 4 -5 16 6 13 8 9 -11 11 -13 -14 -15 15 -17 17 19 -20 -21 -22 -23 23 -25 -26 -27 27 -29 -30 -31
leaf_value=-6.1137016220151613e-05 -0.0033090080960528918 0.0005225878382357997 0.00038885077286225818 0.022094356922569156 -9.3439513017460836e-06 -4.026999789872622e-05 0.0021175967740450314 -0.0006213696600343183 0.00015072321727238881 -0.0026978976338759525 0.000485659367419683 0.0015833389276840013 0.011814385986807945 0.00055605529721662464 -0.0032059601318388063 9.5585301993122119e-05 -0.0039914548661026039 -0.003185308494737363 0.0027750794247998205 -0.0015811719432436222 0.010444577391371971 0.0027980113058617747 -0.0027981981969369776 -0.00028269475872545437 0.00024732578439441483 -0.0062729241643546627 -0.0086203662903736929 -0.0001829443769810646 9.3359409476306485e-06 -0.0014539734675836063
leaf_weight=844 2228 1874 1199 568 199152 6785 1033 865 939 3236 2849 1547 1249 15569 1662 766 1331 1235 737 1731 1948 4542 2637 5695 1440 573 796 23795 2555 3647
leaf_count=844 2228 1874 1199 568 199152 6785 1033 865 939 3236 2849 1547 1249 15569 1662 766 1331 1235 737 1731 1948 4542 2637 5695 1440 573 796 23795 2555 3647
internal_value=-0.000223531 -0.007393 -0.000122192 0.0127989 -0.00018565 0.00198229 0.00317176 -0.000120137 -0.00785045 -0.0180765 0.00423108 0.0114616 0.0123352 0.00663376 -0.00916965 -0.0148482 -0.000510277 0.00391018 -0.00721848 0.00634904 0.00919845 0.00534819 -0.00072243 -0.00604056 -0.0118884 -0.0178261 -0.000482921 -0.00326105 -0.0102597 -0.0161801
internal_weight=295027 4102 290925 1412 289513 37699 34072 17470 6289 4175 11181 4396 2114 16602 3627 2428 251814 11524 2068 9456 7725 5777 240290 10345 4650 3210 229945 30793 6998 4443
internal_count=295027 4102 290925 1412 289513 37699 34072 17470 6289 4175 11181 4396 2114 16602 3627 2428 251814 11524 2068 9456 7725 5777 240290 10345 4650 3210 229945 30793 6998 4443
is_linear=0
shrinkage=0.05


Tree=66
num_leaves=31
num_cat=0
split_feature=70 59 33 55 9 59 55 19 17 73 36 55 30 58 65 70 30 55 57 42 58 65 75 53 58 65 59 41 29 55
split_gain=109.748 152.502 125.919 147.868 117.074 106.296 144.757 151.387 114.917 109.883 109.733 105.4 216.904 104.773 103.425 100.548 108.248 136.379 217.242 109.753 97.1358 108.511 96.5481 94.5193 146.682 103.452 158.733 236.796 139.698 114.289
threshold=0.045632498338818557 -0.083405748009681688 2.494868397712708 1.0000000180025095e-35 -1.0000000180025095e-35 -0.08991703018546103 1.0000000180025095e-35 -0.12479197233915328 -0.22036152333021161 0.16299387067556384 23.535412788391117 1.5000000000000002 0.81053993105888378 0.22083006799221042 0.044982254505157478 1.1183279156684878 0.67000418901443493 1.0000000180025095e-35 0.10230073705315591 0.034613510593771941 0.81265348196029674 0.071293532848358168 0.92874017357826244 1.0000000180025095e-35 0.6456594467163087 0.13711816072463992 0.055254369974136359 0.047292325645685203 -0.63571295142173756 1.0000000180025095e-35
decision_type=8 8 10 2 10 10 2 8 8 10 2 2 10 2 8 10 10 2 2 10 2 10 8 10 2 10 10 8 8 2
left_child=2 -2 5 13 -5 6 7 -1 -7 -8 -9 14 -13 -4 22 16 17 19 -19 -16 21 -18 -3 25 -25 26 -10 -28 -27 -29
right_child=1 11 3 4 -6 8 9 10 23 -11 -12 12 -14 -15 15 -17 20 18 -20 -21 -22 -23 -24 24 -26 28 27 29 -30 -31
leaf_value=0.0020279068335990811 -0.0012037025110715552 -0.00025282265272527676 -0.0032293596356032825 -0.00022595490619226126 -0.004423506724551214 -0.0012138368017216726 0.013496098365116133 -0.001583010880305976 6.8068100738902157e-06 0.000739856477296176 0.00062510848142131718 -0.00032199428855162122 -0.0059971930342878413 3.4857690544543017e-05 0.0010286408433314348 -0.0058713350213181487 0.0017465965056775324 -0.010080027109629379 -0.00042079580186027893 -0.0005053123363867436 0.0058792524621210296 -0.00013380088797365855 -0.0028718438942250831 0.00039821542858235054 0.0030768763153200731 -0.0074880883371103747 0.0016194265029836686 0.00059036957112372154 -0.00027081334000582017 -0.0015903882817898591
leaf_weight=2663 9433 30307 1773 524 876 6927 816 3193 109198 2220 8219 2652 681 6967 7810 831 7133 688 1758 14110 2646 10985 3486 17593 2020 570 5573 8085 24194 1759
leaf_count=2663 9433 30307 1773 524 876 6927 816 3193 109198 2220 8219 2652 681 6967 7810 831 7133 688 1758 14110 2646 10985 3486 17593 2020 570 5573 8085 24194 1759
internal_value=-0.000266148 -0.0016935 0.000383896 -0.00504433 -0.0200709 0.000669291 0.00443023 0.00228967 0.000303247 0.0143139 -0.000218876 -0.00100906 -0.00970685 -0.00261714 -0.000644401 0.00089948 0.00121843 -0.00104201 -0.012215 0.000209758 0.00387022 0.00255958 -0.00274384 0.000562124 0.00382459 0.000133544 0.00072016 0.00546769 -0.00281747 0.000801705
internal_weight=295690 92520 203170 10140 1400 193030 17111 14075 175919 3036 11412 83087 3333 8740 79754 45961 45130 24366 2446 21920 20764 18118 33793 168992 19613 149379 124615 15417 24764 9844
internal_count=295690 92520 203170 10140 1400 193030 17111 14075 175919 3036 11412 83087 3333 8740 79754 45961 45130 24366 2446 21920 20764 18118 33793 168992 19613 149379 124615 15417 24764 9844
is_linear=0
shrinkage=0.05


Tree=67
num_leaves=31
num_cat=0
split_feature=39 64 75 6 74 60 55 42 30 7 55 28 11 8 46 55 65 11 67 30 43 42 30 11 55 60 67 10 61 65
split_gain=99.1875 103.683 169.612 109.371 85.5291 221.272 312.856 273.516 275.115 164.414 152.177 144.426 308.483 127.73 121.771 168.016 304.874 314.024 279.693 216.586 219.784 187.777 181.99 170.039 159.395 194.631 224.841 196.623 166.095 148.226
threshold=0.10218724980950357 0.14958441257476809 0.77970954775810253 0.88010090589523327 0.2120955437421799 -0.093923877924680696 1.0000000180025095e-35 0.033219259232282645 0.43158946931362158 -0.084265071898698793 1.5000000000000002 0.22146625816822055 2.9048008918762211 -0.17279987782239911 13.500000000000002 1.0000000180025095e-35 -0.12834659218788144 -0.50472313165664662 0.30853015184402471 2.0676420927047734 0.53014597296714794 0.086550932377576842 0.15116354823112491 0.15660183876752856 1.0000000180025095e-35 -0.045014105737209313 0.1480706185102463 0.10568125545978548 -0.0098516345024108869 -0.208462119102478
decision_type=8 10 10 10 10 8 2 10 10 10 2 8 8 10 10 2 8 10 10 10 10 10 10 10 2 8 10 10 10 8
left_child=4 3 -3 -2 5 -1 11 10 9 -9 13 12 -7 -8 24 29 17 -17 19 -18 -21 22 -19 -20 -6 -26 28 -28 -27 -16
right_child=1 2 -4 -5 14 6 7 8 -10 -11 -12 -13 -14 -15 15 16 18 21 23 20 -22 -23 -24 -25 25 26 27 -29 -30 -31
leaf_value=-0.00045691127791901956 -0.000750379887676497 -0.00201062080351637 0.0035945867716260073 -0.0040552566376931155 -4.9630335001071795e-05 0.0011157445087848978 -0.0050973644109162768 0.0017343179647981999 -0.0018781461318315589 -0.001793420985319106 0.0019013641909985017 0.0017589425847801513 -0.0024476860649102886 -0.00015455257736930706 -0.00074174828225281463 -0.0018807305107973078 -0.0019600557119270065 -0.00011073304924635042 0.00070152119102861944 0.010912402444777439 -0.001980931358030505 -0.001268624756529076 0.0012161307981187787 -0.0016343661427085717 0.00053411054532468403 -3.1750027141827512e-06 0.00056423455062218776 -0.0023683454440936971 -0.0049467598839543318 5.9763595758532618e-05
leaf_weight=18425 29342 1721 3811 2645 69672 10068 1805 3881 1579 1266 502 24520 3248 617 14927 1188 7501 1326 2177 569 515 701 2521 668 16202 875 4606 778 1144 67468
leaf_count=18425 29342 1721 3811 2645 69672 10068 1805 3881 1579 1266 502 24520 3248 617 14927 1188 7501 1326 2177 569 515 701 2521 668 16202 875 4606 778 1144 67468
internal_value=-0.00025044 -0.00265262 0.00366294 -0.00374566 9.79676e-05 0.00165274 0.00345713 -0.00457557 0.00097981 0.00658328 -0.0173142 0.00550653 0.00131322 -0.0224918 -0.000433502 -0.00164958 -0.00614811 0.00325444 -0.0108654 -0.0153636 0.00548446 0.00923651 0.0135727 0.00271454 0.000864536 0.00441457 -0.00230001 0.00304042 -0.016486 -0.000711729
internal_weight=296268 37519 5532 31987 258749 65911 47486 9650 6726 5147 2924 37836 13316 2422 192838 99561 17166 5736 11430 8585 1084 4548 3847 2845 93277 23605 7403 5384 2019 82395
internal_count=296268 37519 5532 31987 258749 65911 47486 9650 6726 5147 2924 37836 13316 2422 192838 99561 17166 5736 11430 8585 1084 4548 3847 2845 93277 23605 7403 5384 2019 82395
is_linear=0
shrinkage=0.05


Tree=68
num_leaves=31
num_cat=0
split_feature=70 69 54 69 54 59 34 11 54 64 65 67 41 54 64 30 58 66 57 66 16 67 54 75 75 33 16 69 65 19
split_gain=102.412 104.743 199.842 101.513 738.513 406.746 209.49 182.364 164.717 138.594 190.523 138.48 114.2 197.171 227.851 210.573 194.784 231.726 150.055 130.45 238.088 239.045 191.457 128.643 126.182 124.483 133.976 124.452 111.603 138.832
threshold=0.087278831750154509 0.0095102037303149718 4.9257669448852548 0.010989497881382706 5.6543471813201913 -0.0050731981173157683 0.82354563474655162 0.1064453460276127 8.0796771049499529 -0.0079508423805236799 0.077048778533935561 0.30595466494560247 0.047292325645685203 4.5539820194244394 -0.038788646459579461 0.74767684936523449 0.7954390048980714 -0.060183126479387276 0.5728939175605775 -0.12127298489212988 -0.06704301759600638 0.18670139461755755 7.7320404052734384 0.23707449436187747 0.08549117669463159 0.2133230268955231 -0.061232721433043473 0.041876388713717468 -0.019628047943115231 -0.095076732337474809
decision_type=8 8 2 10 2 10 8 10 2 10 10 10 8 2 10 10 2 10 2 10 10 10 2 8 10 10 8 10 8 10
left_child=3 2 -2 4 6 9 7 -1 -7 10 -6 -9 13 15 18 27 17 28 -15 20 23 -22 -23 -14 -19 26 -18 -5 29 -16
right_child=1 -3 -4 12 5 8 -8 11 -10 -11 -12 -13 19 14 16 -17 25 24 -20 -21 21 22 -24 -25 -26 -27 -28 -29 -30 -31
leaf_value=0.00034780270476534193 0.010908551694661749 -0.00055531697933970637 -0.0020311265105853169 -0.00038049223965856563 -4.6151451695128877e-05 -0.0026856721730037316 -0.0046178052491699859 0.0081720759304219591 -0.0045064312026863894 0.00053895061311016459 -0.0043373297463658823 -0.0022821991176829241 -0.0014741819348877594 0.00039775312531366226 -0.00029115580561084461 0.0027971856582223228 -0.0025442655172333477 0.0015415120712183291 0.0013692280432003425 0.00095200004784796316 -0.0018897901360807442 0.00011646163849294337 -0.0028651486789670953 0.00016629006414312086 0.00053380094585819859 -0.0021705982762291309 0.00046529820569568109 0.0016428580751006322 -0.00046997809167539825 0.0010170789276255762
leaf_weight=12376 1807 60207 1439 30952 1498 4558 1093 4885 1744 3043 862 614 3724 35965 2871 2260 543 1412 5012 16157 10705 12566 1315 54577 4876 2190 1587 1139 10911 3307
leaf_count=12376 1807 60207 1439 30952 1498 4558 1093 4885 1744 3043 862 614 3724 35965 2871 2260 543 1412 5012 16157 10705 12566 1315 54577 4876 2190 1587 1139 10911 3307
internal_value=-0.000290846 -0.00207129 0.00666462 0.000194628 -0.00248509 -0.012356 0.00360944 0.00491194 -0.0209759 -0.00228154 -0.0113502 0.0124796 0.000601497 0.00176688 0.00331373 -0.00132563 -0.000189483 0.00161414 0.00568107 -0.000610778 -0.00141199 -0.00553749 -0.00120582 0.000328411 0.00981264 -0.00993072 -0.00130841 -0.00236597 -0.00140652 0.00395928
internal_weight=296195 63453 3246 232742 30673 11705 18968 17875 6302 5403 2360 5499 202069 103025 68674 34351 27697 23377 40977 99044 82887 24586 13881 58301 6288 4320 2130 32091 17089 6178
internal_count=296195 63453 3246 232742 30673 11705 18968 17875 6302 5403 2360 5499 202069 103025 68674 34351 27697 23377 40977 99044 82887 24586 13881 58301 6288 4320 2130 32091 17089 6178
is_linear=0
shrinkage=0.05


Tree=69
num_leaves=31
num_cat=0
split_feature=11 65 16 41 38 54 67 54 69 37 55 48 64 69 54 55 67 66 41 53 65 41 55 54 30 66 33 66 55 66
split_gain=89.7661 100.257 94.2883 88.0517 115.377 96.9778 78.0971 77.5362 139.767 108.837 249.259 145.693 143.872 113.135 496.855 278.72 245.464 199.642 194.619 165.304 143.709 135.155 194.344 285.347 258.32 205.451 250.778 185.892 188.996 183.216
threshold=-0.72499457001686085 -0.208462119102478 -0.5506887137889861 0.28949439525604254 2.2250175476074223 6.4616401195526132 0.1941800266504288 1.67803031206131 0.0083621535450220125 1.1338353753089907 1.0000000180025095e-35 0.054946275427937515 0.37411528825759893 0.011103523895144464 7.0733969211578378 1.0000000180025095e-35 0.17542953044176104 -0.08213175460696219 0.038386229425668723 1.0000000180025095e-35 -0.2355164289474487 0.047292325645685203 1.5000000000000002 5.9215650558471689 0.78444838523864757 -0.32551202178001398 0.1250078156590462 -0.11607240140438078 1.5000000000000002 -0.35448491573333735
decision_type=8 10 8 10 10 2 10 2 10 8 2 2 8 10 2 2 10 10 10 10 8 8 2 2 10 10 8 10 2 10
left_child=1 -1 6 4 7 -5 -2 8 -4 13 11 -11 -12 14 15 18 -16 -18 19 -9 -20 22 23 24 -15 26 29 -23 -29 -25
right_child=2 -3 3 5 -6 -7 -8 9 -10 10 12 -13 -14 21 16 -17 17 -19 20 -21 -22 27 -24 25 -26 -27 -28 28 -30 -31
leaf_value=-0.00054277538744879994 -0.00067779877963407883 0.0056375746356273635 0.0077529979966987602 -0.00093690226052546295 -0.0063859217687111504 0.0092221103593510857 -0.0059080349633279551 -0.0011925237558681684 0.00036422569135559195 0.0013487434698677249 -0.00058039861151845294 -0.0010897052602178506 -0.0059068018286031589 -0.00038956767442208535 -0.0036469348519842792 -0.0015370534801061816 -0.0017085728001432596 0.0008366510004941569 -0.0018289128576552017 0.0025660274742603214 0.0025761777600323242 -0.00032662422034320345 0.00066305757263909542 -0.00025542522383256646 0.0022973345012512331 6.6624862837326955e-05 0.0010570716293348927 0.0012170732315017821 -0.003014588563214589 0.00076941564015222872
leaf_weight=782 856 952 1526 511 679 598 515 7058 20827 3932 1376 10433 1776 41020 3238 3663 2690 1338 845 1678 12370 96456 8117 6838 3201 28296 9442 18837 731 5368
leaf_count=782 856 952 1526 511 679 598 515 7058 20827 3932 1376 10433 1776 41020 3238 3663 2690 1338 845 1678 12370 96456 8117 6838 3201 28296 9442 18837 731 5368
internal_value=-0.000186343 0.0111239 -0.000253378 -0.000191904 -0.000245591 0.013807 -0.0132875 -0.000197206 0.00263158 -0.000432618 -0.00424203 -0.00144348 -0.0169513 -0.000166802 -0.00290058 0.000374649 -0.014431 -0.00616642 0.00250672 -0.0032815 0.0063327 0.000245058 0.00157002 0.000929652 -0.00199521 0.00351924 0.00718441 -0.000923005 0.00351926 0.00244761
internal_weight=295949 1734 294215 292844 291735 1109 1371 291056 22353 268703 17517 14365 3152 251186 32880 25614 7266 4028 21951 8736 13215 218306 102282 94165 44221 49944 21648 116024 19568 12206
internal_count=295949 1734 294215 292844 291735 1109 1371 291056 22353 268703 17517 14365 3152 251186 32880 25614 7266 4028 21951 8736 13215 218306 102282 94165 44221 49944 21648 116024 19568 12206
is_linear=0
shrinkage=0.05


Tree=70
num_leaves=31
num_cat=0
split_feature=48 59 54 55 42 46 63 42 11 74 30 11 60 54 69 70 53 65 54 66 69 66 69 54 19 57 55 42 30 18
split_gain=85.1118 142.446 203.594 97.0628 93.3769 81.3645 80.219 137.749 104.671 77.0064 76.267 72.5438 102.301 90.138 89.2322 90.0526 68.0618 187.077 134.507 237.111 165.996 159.806 121.065 542.469 358.135 198.413 121.105 97.6465 93.4015 91.0244
threshold=0.11764853075146676 -0.08991703018546103 4.0944278240203866 1.5000000000000002 0.078796308487653746 3.5000000000000004 -0.18763527274131772 0.19248214364051822 -0.30534294247627253 0.74969235062599193 0.5763692855834962 1.354353189468384 -0.049221385270357125 3.7957137823104863 0.038629647344350822 0.43468561768531805 1.0000000180025095e-35 0.12399452924728395 3.5468837022781377 -0.23755589872598645 0.0091947759501636046 -0.070792481303215013 0.0091947759501636046 4.9731757640838632 0.088199615478515639 0.44388101994991308 1.0000000180025095e-35 0.023884237743914131 0.35910245776176458 0.033656286075711257
decision_type=2 8 2 2 10 10 8 10 8 8 10 10 10 2 10 10 10 10 2 8 10 10 8 2 10 2 2 10 10 10
left_child=6 2 -2 5 -4 -3 7 8 -1 -6 -5 14 -13 -14 15 -7 22 18 19 -18 -21 -22 23 24 27 -25 -27 -8 -29 -24
right_child=1 3 4 10 9 11 16 -9 -10 -11 -12 12 13 -15 -16 -17 17 -19 -20 20 21 -23 29 25 -26 26 -28 28 -30 -31
leaf_value=0.0010565293441065968 -0.0012997109286566654 -0.0016880487357839439 -0.0011657298424080098 -0.00070636614288873073 0.0048133543548714531 -0.00072051402200410579 0.005725960357167984 0.0019794543019681101 -0.0026549724610625842 0.00058393701983434562 -0.0048759358913727235 -0.0020692153755211442 0.0059136078935317915 -0.00020480112057790628 0.00085282718700866941 -0.0035440517143665918 -0.00084951478069620061 0.0023296712527549573 -0.00029657229010700975 0.033522415024840616 0.003953355222367414 -0.001538331328162922 0.00010814970907068334 -9.5929958493598543e-06 0.01692892016037529 -0.0030557833918839262 -0.0047826013572402131 -0.003197033949808332 0.0014694329814416774 -0.00027984830579034001
leaf_weight=567 3931 5731 791 625 3206 17768 505 1302 3255 1431 543 1468 2353 2409 3847 2445 3818 3071 13759 667 4750 1631 151760 1551 2142 2971 1521 2342 1194 51696
leaf_count=567 3931 5731 791 625 3206 17768 505 1302 3255 1431 543 1468 2353 2409 3847 2445 3818 3071 13759 667 4750 1631 151760 1551 2142 2971 1521 2342 1194 51696
internal_value=-0.000181658 -0.00214356 0.00336749 -0.00353101 0.0096359 -0.00306819 0.000185907 -0.00599922 -0.0107777 0.0123413 -0.017657 -0.002033 0.00277244 0.00632858 -0.00327794 -0.00460614 0.000316367 0.00264925 0.00119545 0.00535123 0.0107821 0.00826944 1.66905e-05 -0.00481366 0.00559503 -0.0154551 -0.0207685 -0.00317206 -0.00611957 0.000307177
internal_weight=295050 46548 9359 37189 5428 36021 248502 5124 3822 4637 1168 30290 6230 4762 24060 20213 243378 27696 24625 10866 7048 6381 215682 12226 6183 6043 4492 4041 3536 203456
internal_count=295050 46548 9359 37189 5428 36021 248502 5124 3822 4637 1168 30290 6230 4762 24060 20213 243378 27696 24625 10866 7048 6381 215682 12226 6183 6043 4492 4041 3536 203456
is_linear=0
shrinkage=0.05


Tree=71
num_leaves=31
num_cat=0
split_feature=48 18 54 11 41 55 75 31 11 65 59 49 16 11 72 33 54 42 58 54 54 54 7 54 65 41 67 11 54 67
split_gain=90.0682 121.616 84.5741 88.6735 75.6333 557.557 161.647 143.745 99.7899 131.426 99.6794 100.2 79.4288 198.086 73.1384 68.8876 189.148 142.365 124.514 147.134 135.479 86.8973 77.1406 393.717 216.008 357.521 181.455 169.617 140.755 178.922
threshold=0.18443292379379275 -0.30221128463745112 0.47933015227317816 2.7088773250579838 0.11300352588295938 1.5000000000000002 0.94747284054756176 0.12695191800594333 -0.30534294247627253 0.0027215480804443364 -0.19429942965507505 0.0021980592282488946 -0.48618832230567927 0.078058131039142623 0.9656602442264558 2.3040269613265996 6.7830362319946298 0.073113530874252333 0.72983556985855114 4.635068655014039 1.7825501561164858 4.5315775871276864 0.011518920771777632 6.8026726245880136 -0.008210033178329466 0.063105192035436644 0.15115153789520266 -0.32951962947845453 6.7329792976379403 0.058803495019674308
decision_type=2 10 2 8 10 2 10 10 8 10 8 2 8 8 10 10 2 10 2 2 2 2 10 2 10 10 10 10 2 8
left_child=2 -2 3 -1 6 7 10 -6 -8 -10 11 -4 13 -12 -3 22 18 -18 19 20 -17 -20 28 -24 25 27 -26 -25 -14 -30
right_child=1 14 4 -5 5 -7 8 -9 9 -11 12 -13 15 -15 -16 16 17 -19 21 -21 -22 -23 23 24 26 -27 -28 -29 29 -31
leaf_value=0.010665836844649366 -0.0023694781044487617 2.5876737853048738e-05 -0.0045040727847126417 -0.0001911270061738522 -0.00071819450574036182 -0.0049200394906016194 0.00040284670571825933 0.0014575280873817156 -0.0035144756194757571 0.002058625833204028 0.0040474397272267362 2.8019466288181858e-05 -4.1632488957572521e-05 -0.0037141560524507483 -0.0032810401451724642 0.0034819924905200154 -0.00040382340190498936 -0.0030041955574826155 0.017151107200934618 0.00099280214884637044 -0.0026655207656430379 0.00041745897261922935 0.00011585354983221237 -0.00030981055422523113 -0.0041279033245924662 -0.0020890062359855605 -0.00092669224831078774 0.0011754048227966718 0.00070488948504362483 0.00014940779765622411
leaf_weight=587 4809 13330 1227 600 5840 1017 1013 20632 1885 515 1578 1197 108386 616 2196 690 1884 2056 567 4156 3639 506 58667 2798 2723 2111 5512 2442 9862 32625
leaf_count=587 4809 13330 1227 600 5840 1017 1013 20632 1885 515 1578 1197 108386 616 2196 690 1884 2056 567 4156 3639 506 58667 2798 2723 2111 5512 2442 9862 32625
internal_value=-0.000257376 -0.00346768 -2.01568e-05 0.0132414 -7.80583e-05 0.00240918 -0.00035534 0.00381014 -0.0111452 -0.0166805 -0.000203493 -0.0102712 -0.000101732 0.00934664 -0.00131308 -0.000188992 -0.00365709 -0.0128608 0.000146321 -0.00188935 -0.00833141 0.0161127 1.90996e-05 -0.00130011 -0.00836112 -0.00212607 -0.0139175 0.00487619 0.000668399 0.00310728
internal_weight=295666 20335 275331 1187 274144 27489 246655 26472 3413 2400 243242 2424 240818 2194 15526 238624 13498 3940 9558 8485 4329 1073 225126 74253 15586 7351 8235 5240 150873 42487
internal_count=295666 20335 275331 1187 274144 27489 246655 26472 3413 2400 243242 2424 240818 2194 15526 238624 13498 3940 9558 8485 4329 1073 225126 74253 15586 7351 8235 5240 150873 42487
is_linear=0
shrinkage=0.05


Tree=72
num_leaves=31
num_cat=0
split_feature=70 55 15 69 36 27 69 54 57 55 32 11 67 54 16 55 69 6 54 41 11 10 29 11 55 11 69 41 38 15
split_gain=89.0832 126.636 256.931 202.911 174.3 154.567 108.477 525.185 334.533 166.665 146.684 168.654 136.358 133.544 104.924 174.391 383.15 289.046 151.184 290.943 363.357 225.198 171.749 132.098 127.649 146.458 124.72 122.037 145.28 114.051
threshold=0.045632498338818557 1.0000000180025095e-35 0.18906053155660632 0.0096336924470961111 28.670779228210453 2.0751492977142338 0.010989497881382706 4.7252173423767099 0.44388101994991308 1.5000000000000002 -0.11052468419075011 -0.029448403976857659 0.21945815533399585 7.7320404052734384 0.019842033274471763 1.0000000180025095e-35 0.015415531583130361 0.046210624277591712 5.9509029388427743 0.053244683891534812 -0.78013819456100453 -0.32385951280593867 -0.37755644321441645 -0.1473341956734657 1.0000000180025095e-35 0.34455198049545294 0.032358314841985709 0.063582263886928572 0.96094110608100902 -0.09769697859883307
decision_type=8 2 8 10 2 10 10 2 2 2 8 10 10 2 10 2 10 8 2 10 10 8 10 8 2 8 10 10 10 10
left_child=6 3 5 -2 -5 -3 7 9 -9 10 11 -1 -13 -10 15 18 29 -18 21 22 -21 27 -20 26 -16 -26 -23 -8 -29 -17
right_child=1 2 -4 4 -6 -7 14 8 13 -11 -12 12 -14 -15 24 16 17 -19 19 20 -22 23 -24 -25 25 -27 -28 28 -30 -31
leaf_value=0.00062460787773927287 0.0017229371631193868 -0.00026241700552963608 -0.0033023858356760177 -0.0023657316370974558 -0.00023561776562136124 0.014399792011088881 0.00010956317250095652 -5.8109347157765407e-06 -0.0020867028749500527 -0.0025529051457475454 -0.0034066838807870724 0.015615379419185166 0.00073398063928124227 -0.003031130513265408 -0.00014976412603083522 0.00017865233741555487 0.00086198255332137859 -0.00062828234826059698 0.0016917861350423703 0.0014136811548051244 -0.0020675350105940913 -0.00089014283840033225 0.00034657651230707195 -9.9650407992608132e-05 -0.00032406339236270854 -0.0032789952903686699 0.0017235617800778981 0.0025635809233055095 -0.0037108644217943771 -0.0004648762026789515
leaf_weight=6927 9797 9432 4017 3076 65943 562 13502 5636 5891 875 977 3165 1468 2316 32498 4797 19445 3445 6435 3359 3918 19817 16363 34922 2138 1210 779 6830 586 5846
leaf_count=6927 9797 9432 4017 3076 65943 562 13502 5636 5891 875 977 3165 1468 2316 32498 4797 19445 3445 6435 3359 3918 19817 16363 34922 2138 1210 779 6830 586 5846
internal_value=-0.00027603 -0.00155918 -0.00593752 -0.000780199 -0.00173623 -0.00163934 0.000310354 -0.00262424 -0.00945283 0.00442557 0.00590181 0.00747623 0.0148503 -0.0158878 0.000765208 0.00138304 0.00452703 0.00817031 0.00039288 0.00339538 -0.00530397 -0.000788792 0.00617327 -0.00245462 -0.00164826 -0.0109291 -0.00562943 0.0036315 0.00877996 -0.00330893
internal_weight=295972 92827 14011 78816 69019 9994 203145 27255 13843 13412 12537 11560 4633 8207 175890 140044 33533 22890 106511 30075 7277 76436 22798 55518 35846 3348 20596 20918 7416 10643
internal_count=295972 92827 14011 78816 69019 9994 203145 27255 13843 13412 12537 11560 4633 8207 175890 140044 33533 22890 106511 30075 7277 76436 22798 55518 35846 3348 20596 20918 7416 10643
is_linear=0
shrinkage=0.05


Tree=73
num_leaves=31
num_cat=0
split_feature=38 55 41 46 41 55 31 16 67 46 29 38 55 14 14 33 58 69 33 58 74 42 30 55 55 9 74 42 58 53
split_gain=87.041 130.988 85.2541 72.9138 70.5759 416.625 104.244 79.0314 136.928 102.927 85.5227 81.7571 343.068 238.137 201.684 137.119 129.929 128.965 125.41 104.249 115.128 102.746 98.7811 161.425 269.438 231.653 184.723 184.194 156.08 161.942
threshold=1.5987709760665896 1.0000000180025095e-35 0.25793135166168218 10.500000000000002 0.13668800145387652 1.5000000000000002 0.12695191800594333 -0.40715210139751429 0.17144349962472918 13.500000000000002 -0.70493048429489125 0.51585349440574657 1.0000000180025095e-35 -0.17290452122688291 -0.086959503591060625 3.1358722448349003 0.74469971656799328 0.033155420795083053 1.9566537141799929 0.53848573565483104 0.87515568733215343 0.26795049011707311 0.96157696843147289 1.0000000180025095e-35 1.5000000000000002 -0.2844689935445785 0.39091402292251592 0.057196589186787612 0.76973846554756176 1.0000000180025095e-35
decision_type=10 2 8 10 10 2 10 8 10 10 10 8 2 8 8 10 2 8 10 2 8 8 8 2 2 8 10 10 2 10
left_child=4 3 -3 -2 7 6 -6 8 9 -1 -10 15 14 -14 -13 22 17 21 -18 -15 -21 -16 28 27 25 -25 -26 -24 -9 -30
right_child=1 2 -4 -5 5 -7 -8 11 10 -11 -12 12 13 19 16 -17 18 -19 -20 20 -22 -23 23 24 26 -27 -28 -29 29 -31
leaf_value=0.0010676285676962459 -0.0063508797502273458 -0.0010485870107168921 0.00921360562972867 -0.0033408302423573524 -0.00074728119644523392 -0.0062859622717656924 0.0016179532920159252 9.2271554262412996e-06 -0.0044060811259768072 0.0067419961612315872 0.00052517443601328971 -0.0012676343961790122 0.0012369205412648895 -0.0042157983710224139 -0.0005693680349254923 -0.0014784098781450844 0.00089888905391466087 0.00098160726337509561 0.009157325506139985 -0.002120401210130476 0.0003430227501250799 -0.0072498455936210685 0.0019615496998510633 0.0011326263908555026 0.0034955031260698981 -0.002369482607585076 -0.0012991798128548075 0.0002502822745843011 -0.0012285187964682248 0.0027590275169064658
leaf_weight=4899 1012 543 690 2404 4186 635 13761 168268 970 807 1094 12704 1095 2988 19041 5455 5930 9201 1591 950 1052 522 8889 572 973 3009 501 12852 8333 945
leaf_count=4899 1012 543 690 2404 4186 635 13761 168268 970 807 1094 12704 1095 2988 19041 5455 5930 9201 1591 950 1052 522 8889 572 973 3009 501 12852 8333 945
internal_value=-0.000270716 -0.00705087 0.00687852 -0.0120841 -0.000162241 0.00281842 0.00423512 -0.000365486 0.00460154 0.00858992 -0.00641273 -0.000511362 -0.00222569 -0.0134126 -0.00083369 -6.12468e-05 0.00106488 -0.000465698 0.00691143 -0.01804 -0.00914513 -0.00276146 0.000147784 0.00297695 -0.00506417 -0.0124617 0.0128706 0.00484805 -0.000279348 -0.00658915
internal_weight=295872 4649 1233 3416 291223 18582 17947 272641 7770 5706 2064 264871 55074 6085 48989 209797 36285 28764 7521 4990 2002 19563 204342 26796 5055 3581 1474 21741 177546 9278
internal_count=295872 4649 1233 3416 291223 18582 17947 272641 7770 5706 2064 264871 55074 6085 48989 209797 36285 28764 7521 4990 2002 19563 204342 26796 5055 3581 1474 21741 177546 9278
is_linear=0
shrinkage=0.05


Tree=74
num_leaves=31
num_cat=0
split_feature=39 65 42 74 54 39 60 54 54 59 41 75 10 54 19 60 67 18 18 54 54 54 24 75 72 49 74 54 8 16
split_gain=78.1388 132.181 170.802 139.89 122.151 144.577 121.375 98.5498 97.6565 73.5203 72.8701 152.631 128.225 130.045 123.239 116.426 92.6133 89.3725 88.3847 131.715 103.521 72.0577 85.5213 71.4757 67.7377 62.8684 63.455 90.2568 62.042 60.9973
threshold=0.11444694176316263 0.13711816072463992 0.21544510871171954 0.74621829390525829 5.6276030540466317 0.1897004917263985 -0.045014105737209313 2.9447020292282109 1.6084369421005251 -0.27312894165515894 0.10467499867081644 0.94747284054756176 1.6918736696243288 6.0040106773376474 -0.16673360764980313 -0.045014105737209313 0.12770364433526996 -0.36206445097923273 -0.25005932152271265 3.2226685285568242 6.8586175441741952 8.3653230667114276 0.13981952518224719 0.77970954775810253 0.24525736272335055 1.0000000180025095e-35 0.78468400239944469 1.7825501561164858 0.1126031130552292 -0.43308921158313746
decision_type=8 8 8 8 2 10 10 2 2 8 8 10 8 2 10 10 10 10 8 2 2 2 10 10 10 2 8 2 10 10
left_child=9 2 -2 4 6 -6 7 24 -5 -1 11 29 13 14 17 -16 -17 -12 19 -14 -21 25 -23 -8 -3 -20 -27 -28 -10 -11
right_child=1 3 -4 8 5 -7 23 -9 28 10 12 -13 18 -15 15 16 -18 -19 21 20 -22 22 -24 -25 -26 26 27 -29 -30 -31
leaf_value=-0.0045512579158046894 -0.0010553364756788104 -0.0070056376564693297 -0.0070288650831393717 0.0044443974264805541 -0.00079160585678810034 0.010256279931454913 -0.0024029119052082939 0.00068078757987722997 -0.0017513205795403699 0.00053036848719991076 0.00082676583496141373 -0.002401492894895971 -0.0043220002275794036 -0.0027095000473281628 -0.0011923617185308551 0.01419048308654884 0.0015379148628766914 0.0093001315797759145 0.00092257218091173836 0.0015797784520872355 -0.0012632366990943302 0.00027857334914639756 0.0053393323341402073 0.0045060966407556276 -0.0025771843437037353 0.00065410615433305133 0.0033921469060968546 -0.0013066760790166614 0.0012357053273473974 -4.6821157303656576e-05
leaf_weight=587 8996 533 1488 975 811 1347 531 2588 7317 15024 637 2197 1231 656 1718 1365 3218 1425 7658 1366 742 1069 751 2990 1657 5117 786 6575 1313 213337
leaf_count=587 8996 533 1488 975 811 1347 531 2588 7317 15024 637 2197 1231 656 1718 1365 3218 1425 7658 1366 742 1069 751 2990 1657 5117 786 6575 1313 213337
internal_value=-0.000253197 -0.0026476 -0.00719459 -0.000269031 0.00373077 0.0142989 0.000968829 -0.00421888 -0.00462298 2.24132e-05 6.19144e-05 -0.000258058 0.00221128 0.00732639 0.00901111 0.0055221 0.00967777 0.0195946 0.000385299 -0.00718125 0.000424929 0.00153874 0.0110383 0.00800057 -0.012 0.000675072 -0.00151345 -0.00448379 -0.00631944 -0.000131584
internal_weight=296005 30546 10484 20062 10457 2158 8299 4778 9605 265459 264872 230558 34314 9019 8363 6301 4583 2062 25295 3339 2108 21956 1820 3521 2190 20136 12478 7361 8630 228361
internal_count=296005 30546 10484 20062 10457 2158 8299 4778 9605 265459 264872 230558 34314 9019 8363 6301 4583 2062 25295 3339 2108 21956 1820 3521 2190 20136 12478 7361 8630 228361
is_linear=0
shrinkage=0.05


Tree=75
num_leaves=31
num_cat=0
split_feature=70 50 69 42 55 65 11 55 42 66 54 66 55 7 70 61 74 11 54 69 31 11 33 33 33 34 33 15 28 17
split_gain=86.1845 72.3498 96.2626 100.149 96.9504 106.22 86.6521 81.7708 141.905 89.6923 76.3074 100.126 72.9683 218.899 117.343 93.2084 84.9043 73.8397 63.7616 165.592 128.776 78.7308 78.9947 74.0166 65.8573 65.7462 62.975 71.6269 61.3403 59.7841
threshold=1.1183279156684878 0.01406831154599786 0.01896647829562426 0.092567648738622679 1.0000000180025095e-35 -0.12834659218788144 3.7709032297134404 1.5000000000000002 0.091760404407978072 -0.16004703938961026 8.4717531204223651 -0.23387136310338971 1.0000000180025095e-35 0.048851221799850471 -0.28784845769405359 -0.0027398467063903804 0.10193178802728654 -0.25487095117568964 1.67803031206131 0.0083621535450220125 0.44507420063018804 3.7709032297134404 1.1008788943290713 0.2133230268955231 1.5954772830009463 0.059126416221261031 1.4365733265876772 0.079148568212986006 0.2798991203308106 -0.12129274010658263
decision_type=10 2 10 8 2 8 8 2 10 10 2 10 2 8 10 10 8 8 2 10 8 8 8 8 10 10 8 10 10 10
left_child=1 18 3 10 5 -5 -7 12 9 -9 -3 -12 14 16 -4 -15 -14 -18 19 -1 21 22 25 -23 -25 -21 27 -22 -6 -20
right_child=-2 2 7 4 28 6 -8 8 -10 -11 11 -13 13 15 -16 -17 17 -19 29 20 26 23 -24 24 -26 -27 -28 -29 -30 -31
leaf_value=0.01022343482780743 -0.0054173991379762284 -0.00019121373074590354 -0.0053360975270840853 -0.0028146177957718553 -0.0016173161557750185 0.0017676932287196024 -0.0021737175019550573 0.00074965318535153173 -0.002481592946952927 -0.0010947819869182856 0.00063112784310437255 -0.0025750170348345122 0.0075972872315688104 -0.0030965497979899359 6.2141752009599584e-05 0.00057654608500228922 0.0036950037852040486 0.00081394702590373432 -0.00036280864725927786 0.0010108911347454584 0.0021905463866256822 -0.0035242222454424177 0.007833155998870826 -0.00015310790429934904 -0.0070826528256731887 -0.0006173041711375045 0.0052676226905772781 -0.0016602549077189507 -0.0034008195440062925 3.9494727218497563e-05
leaf_weight=1252 1107 23235 764 1861 617 2284 2759 968 958 633 650 1355 532 750 30097 656 650 1737 35309 2951 1305 814 768 3410 504 4400 2339 1130 674 169469
leaf_count=1252 1107 23235 764 1861 617 2284 2759 968 958 633 650 1355 532 750 30097 656 650 1737 35309 2951 1305 814 768 3410 504 4400 2339 1130 674 169469
internal_value=-0.000327422 -0.000274894 -0.00166315 -0.00361639 -0.0084156 -0.0060457 -0.00226598 6.75407e-05 -0.00854418 0.000589696 -0.00205545 -0.0113896 0.000696102 0.00677047 -0.000157105 -0.00939266 0.0145613 0.0104506 0.000166994 0.0029471 0.00169304 -0.000913899 0.00207283 -0.0060363 -0.00316004 0.000468686 0.00869565 0.00304703 -0.0209454 -8.93607e-05
internal_weight=295938 294831 71180 33435 8195 6904 5043 37745 2559 1601 25240 2005 35186 4325 30861 1406 2919 2387 223651 18873 17621 12847 8119 4728 3914 7351 4774 2435 1291 204778
internal_count=295938 294831 71180 33435 8195 6904 5043 37745 2559 1601 25240 2005 35186 4325 30861 1406 2919 2387 223651 18873 17621 12847 8119 4728 3914 7351 4774 2435 1291 204778
is_linear=0
shrinkage=0.05


Tree=76
num_leaves=31
num_cat=0
split_feature=12 55 33 60 59 18 42 19 68 43 29 19 60 41 55 75 67 41 41 11 19 58 32 32 41 67 57 55 41 55
split_gain=80.6105 130.263 81.3848 107.919 75.3743 111.306 73.326 69.075 68.8022 67.2276 65.547 111.849 104.347 239.532 230.216 204.627 156.238 299.363 256.493 151.099 140.901 133.256 243.081 115.329 114.114 100.784 213.002 144.285 158.532 118.898
threshold=0.069617908447980895 1.5000000000000002 2.8244669437408452 0.12424410134553911 -0.0017232487443834541 -0.17467413842678067 0.087285824120044722 0.23760791122913363 -0.12723699957132337 1.2296276688575747 -0.35903728008270258 -0.16869900375604627 -0.028714482672512528 0.05773757956922055 1.5000000000000002 0.73623183369636547 0.13678722828626635 0.018953342922031883 0.0076061000581830749 -0.41639062762260431 -0.1155991107225418 0.14134690165519717 -0.29403978586196894 -0.30714683234691614 0.020588460378348831 0.058803495019674308 0.47577652335166937 1.0000000180025095e-35 0.036372816190123565 1.0000000180025095e-35
decision_type=8 2 10 10 10 10 10 8 8 10 10 10 10 10 2 10 10 10 10 10 10 2 10 10 10 8 2 2 10 2
left_child=2 4 10 -4 8 -6 -3 -7 -2 -10 25 -12 13 14 19 16 17 23 -18 -13 -21 -22 -23 -14 -24 26 27 -1 -29 -27
right_child=1 6 3 -5 5 7 -8 -9 9 -11 11 12 15 -15 -16 -17 18 -19 -20 20 21 22 24 -25 -26 29 -28 28 -30 -31
leaf_value=-0.00020985937504303597 0.0018990435331767649 -0.0011095178131749039 -0.0012648145767937223 0.0016025936232175045 -0.0008658157994658359 8.9446625794606385e-05 -0.0045820511603890295 0.0024647693847565603 -0.00082933431262195527 -0.0023424506289501062 -0.00078372260718287618 -0.0013387685382301483 -6.4901897563698557e-05 -0.00090303435100767587 0.00083471099292108878 0.0017596291393391058 0.0017253966759951237 -0.00064099053711181263 -0.00016746510805075237 0.00090692172224639343 -0.00021206898495165495 -0.00036808359496425506 0.00094708287608528214 -0.0031950605563875836 0.00047680254002773967 0.00054524610447316535 -0.0021153278006882091 -0.00015857873690778551 0.0027488153177950675 -0.00024910181616409258
leaf_weight=20843 1305 949 9846 1908 9479 10607 504 4329 9428 4675 9859 2172 664 10138 3938 8985 746 11898 45740 5899 11874 6477 5314 2974 6500 68274 2813 1426 1645 14782
leaf_count=20843 1305 949 9846 1908 9479 10607 504 4329 9428 4675 9859 2172 664 10138 3938 8985 746 11898 45740 5899 11874 6477 5314 2974 6500 68274 2813 1426 1645 14782
internal_value=-0.000350843 -0.00240033 -1.86476e-05 -0.00408024 -0.00186152 -0.00013306 -0.017054 0.00255587 -0.00459852 -0.00561539 0.000178005 -0.000567619 -0.000157708 0.00153664 0.00319552 -0.001406 -0.00242778 -0.00676701 -0.000976428 0.00200805 0.0027804 0.00139685 0.00407355 -0.0192982 0.00833897 0.00108249 -0.00158769 -5.43387e-05 0.0100454 0.00194183
internal_weight=295991 41276 254715 11754 39823 24415 1453 14936 15408 14103 242961 133178 123319 52312 42174 71007 62022 15536 46486 38236 36064 30165 18291 3638 11814 109783 26727 23914 3071 83056
internal_count=295991 41276 254715 11754 39823 24415 1453 14936 15408 14103 242961 133178 123319 52312 42174 71007 62022 15536 46486 38236 36064 30165 18291 3638 11814 109783 26727 23914 3071 83056
is_linear=0
shrinkage=0.05


Tree=77
num_leaves=31
num_cat=0
split_feature=38 54 41 60 54 66 37 49 69 57 19 66 66 33 63 54 19 60 30 42 63 66 19 69 69 54 63 19 42 63
split_gain=93.6395 121.461 107.084 95.0504 59.0682 143.065 60.6535 87.7365 97.5113 60.7691 61.9994 62.3587 61.9199 55.9781 132.858 77.4091 82.9144 76.0146 68.7621 182.412 116.509 102.32 168.437 91.8484 87.4327 421.45 206.371 152.739 143.028 111.594
threshold=1.5987709760665896 5.8564891815185556 0.25793135166168218 0.10760459303855897 0.47933015227317816 -0.22894344478845594 0.95739030838012706 1.0000000180025095e-35 0.010829159989953043 0.83558747172355663 0.1852112412452698 -0.11975871399044989 -0.050963947549462311 3.1358722448349003 0.10301882028579713 7.7827031612396249 0.05448266118764878 -0.12298829853534697 1.0081557035446169 0.078222118318080916 0.033146739006042487 -0.32732795178890223 -0.12001048773527144 0.017707170918583873 0.0096336924470961111 4.6957874298095712 0.013009250164031984 0.10175228863954545 0.038877688348293311 0.036970317363739021
decision_type=10 2 10 10 2 8 8 2 10 2 10 10 10 10 10 2 10 10 8 10 10 10 8 10 10 2 10 10 10 10
left_child=4 3 -3 -2 5 -1 13 8 -8 10 11 -9 -13 18 15 17 -17 -15 24 20 -20 23 -23 -21 25 27 -27 28 -6 -29
right_child=1 2 -4 -5 6 -7 7 9 -10 -11 -12 12 -14 14 -16 16 -18 -19 19 21 -22 22 -24 -25 -26 26 -28 29 -30 -31
leaf_value=-0.0019728906241944359 -0.0055700710025543944 -0.0016606254283053812 0.010271328450241847 0.00081076339535444183 0.0024280611798162366 0.015439798963226612 0.0021305414477358971 -0.00089392581945125322 -0.00045903930414461185 0.00081334269517472843 0.00063976785483378098 -0.0051823954911720026 -0.0016189740185777041 -0.0026448002204533592 0.002786689035758347 0.00056965375920860629 -0.0028174768019278264 -0.00020585975505757402 0.00043219490449898369 -0.0029827869741444104 0.0018350001349124326 -0.0016026386509189958 0.00051234977103162065 -0.00070865615013316274 1.8931456210970851e-05 -9.7792001733756911e-05 -0.0029457498538700971 -0.00015692931335050468 -0.0015493878516368766 0.020638302623240939
leaf_weight=566 2377 805 680 779 3111 855 3522 8971 6647 1503 1882 1062 2949 1689 1355 502 1310 6359 11567 968 7360 1765 19849 4057 189928 2830 5399 674 3366 1341
leaf_count=566 2377 805 680 779 3111 855 3522 8971 6647 1503 1882 1062 2949 1689 1355 502 1310 6359 11567 968 7360 1765 19849 4057 189928 2830 5399 674 3366 1341
internal_value=-0.000217877 -0.0072565 0.00451505 -0.0127922 -0.000105526 0.010028 -0.00015553 -0.00243351 0.00121328 -0.00469866 -0.00566761 -0.00689655 -0.0120741 7.40206e-05 -0.00338085 -0.0054002 -0.0147091 -0.00328866 0.000227773 0.00198569 0.00573745 -0.000681076 0.00081391 -0.0071003 -0.000159925 -0.00362501 -0.0116822 0.00418725 0.00043934 0.0161728
internal_weight=296028 4641 1485 3156 291387 1421 289966 26536 10169 16367 14864 12982 4011 263430 11215 9860 1812 8048 252215 45566 18927 26639 21614 5025 206649 16721 8229 8492 6477 2015
internal_count=296028 4641 1485 3156 291387 1421 289966 26536 10169 16367 14864 12982 4011 263430 11215 9860 1812 8048 252215 45566 18927 26639 21614 5025 206649 16721 8229 8492 6477 2015
is_linear=0
shrinkage=0.05


Tree=78
num_leaves=31
num_cat=0
split_feature=48 18 64 16 54 58 54 39 54 66 27 75 48 61 54 66 69 69 55 59 30 67 74 10 54 54 60 67 65 58
split_gain=81.461 109.347 80.7947 71.7193 194.134 99.6889 74.2897 52.5297 52.4542 103.758 52.2556 49.424 46.4773 152.178 107.571 148.79 93.4304 88.9016 483.747 272.065 271.281 200.266 149.161 140.842 103.433 86.1041 288.811 243.146 270.877 224.166
threshold=0.18443292379379275 -0.30221128463745112 -0.2376199662685394 -0.35630600154399866 5.7681176662445077 0.66402336955070507 4.5839977264404306 0.31862914562225347 0.47933015227317816 -0.2252249866724014 1.8268014788627627 0.980114907026291 0.0093847056850790995 -0.020175039768218991 3.6321768760681157 -0.23848601430654523 0.0091947759501636046 0.010989497881382706 1.0000000180025095e-35 -0.022410618141293522 0.35910245776176458 0.31431357562541967 0.70323303341865551 0.18377390503883365 7.0733969211578378 4.6042199134826669 -0.027165814302861687 0.078049011528491988 -0.1975767910480499 0.7954390048980714
decision_type=2 10 10 10 2 2 2 10 2 8 10 10 2 8 2 8 8 10 2 8 8 10 8 8 2 2 10 10 8 2
left_child=8 2 10 4 -3 11 -7 -6 9 -1 -2 -5 13 -10 15 -15 -17 18 20 23 -14 -21 24 -20 -22 27 -27 -19 -29 -28
right_child=1 3 -4 5 7 6 -8 -9 12 -11 -12 -13 17 14 -16 16 -18 25 19 21 22 -23 -24 -25 -26 26 29 28 -30 -31
leaf_value=-0.0015070258075137112 -0.0008185881244951094 -0.0011452152990070192 -0.0043494541044332346 -0.0011485189699476928 0.0029187954721439377 0.004336768859203523 -0.002009800330871339 0.016519845302055452 -0.00034022442396179251 0.015241532332732319 -0.0046858004847951948 -0.0052820404821123535 -0.00096707980362519149 -0.00026772474696814966 0.00017770434768653532 0.028158839119738523 0.0028043021934225894 -0.00078038041864110508 0.0009262172123234492 -0.0042765162763530136 0.0046005356973781572 -1.603153727361903e-05 -5.570537261800901e-07 -0.0020053980328608007 -0.0019159401085361073 0.00034291790123031508 -8.585043352214803e-05 0.0010407306312520332 -0.0002217196420232704 -0.0014264135019004527
leaf_weight=511 3045 3131 1196 7454 1100 1815 591 521 11718 665 513 795 12274 2677 14782 690 5560 24488 1242 3905 6726 933 7949 733 541 67525 39956 13494 52560 6390
leaf_count=511 3045 3131 1196 7454 1100 1815 591 521 11718 665 513 795 12274 2677 14782 690 5560 24488 1242 3905 6726 933 7949 733 541 67525 39956 13494 52560 6390
internal_value=-0.000261938 -0.00332904 -0.00994962 -0.00128105 0.00382192 -0.00355837 0.00538079 0.0178112 -3.72282e-05 0.0104553 -0.00613789 -0.00616903 -8.26181e-05 0.00160708 0.00391037 0.00824102 0.0124601 -0.000333437 -0.00268849 -0.014605 0.000269091 -0.0209777 0.00472875 0.00103275 0.00990106 6.18815e-05 0.000976897 -0.00108888 0.00048892 -0.0020623
internal_weight=295480 20161 4754 15407 4752 10655 2406 1621 275319 1176 3558 8249 274143 35427 23709 8927 6250 238716 34303 6813 27490 4838 15216 1975 7267 204413 113871 90542 66054 46346
internal_count=295480 20161 4754 15407 4752 10655 2406 1621 275319 1176 3558 8249 274143 35427 23709 8927 6250 238716 34303 6813 27490 4838 15216 1975 7267 204413 113871 90542 66054 46346
is_linear=0
shrinkage=0.05


Tree=79
num_leaves=31
num_cat=0
split_feature=38 69 41 55 8 16 70 55 9 69 66 31 4 22 75 49 59 69 55 66 64 55 27 30 53 11 75 10 15 66
split_gain=68.0302 76.8768 54.9103 156.099 63.6223 72.1615 53.3809 151.609 245.311 191.818 133.891 118.114 90.699 90.5351 87.3689 103.825 89.213 84.6494 374.418 305.827 370.089 286.232 361.553 252.931 169.522 160.528 154.602 153.169 126.753 123.083
threshold=2.2250175476074223 0.030520816333591941 0.25793135166168218 1.0000000180025095e-35 -0.6149575114250182 -0.61302903294563282 0.044431112706661231 1.0000000180025095e-35 0.23295156657695773 0.010590258054435255 -0.1031927317380905 0.25757426023483282 -0.22128393501043317 0.49750125408172613 0.81025961041450512 0.0017380823846906426 -0.0050731981173157683 0.015313559211790563 1.0000000180025095e-35 -0.28271885216236109 -0.011202782392501829 1.0000000180025095e-35 0.29001277685165411 0.3996542245149613 1.0000000180025095e-35 -0.38308113813400263 0.16700372844934466 -0.41982746124267573 -0.16620321571826932 -0.28271885216236109
decision_type=10 10 10 2 8 8 8 2 8 10 10 8 10 8 10 2 10 10 2 10 10 2 8 10 10 8 10 8 10 10
left_child=2 -2 4 -4 -1 -6 17 9 10 14 13 -11 -13 -9 15 -8 -16 18 23 28 -21 27 -23 24 -7 26 -22 -19 -20 -25
right_child=1 -3 3 -5 5 6 7 8 -10 11 -12 12 -14 -15 16 -17 -18 21 19 20 25 22 -24 29 -26 -27 -28 -29 -30 -31
leaf_value=-0.0023459342424931515 -0.0080495737393064069 -0.00040330116419507183 -0.0041861530257688356 0.0092456189087218518 0.0054542644589685623 -0.0004127910337895183 0.0021104656090524389 -0.00047795270266925847 -0.0030316374039803377 -0.00082798202910991489 -0.0020200617550259459 -0.0049017930507738432 -2.037806406881282e-05 0.00045756485048963888 0.00057177142459892416 -0.00039854761237759055 0.016443672666708216 0.0010530353841507502 0.0013404717633768142 -0.0039586406083549656 0.0012515617778766329 0.00068923042398144271 -0.00097081986936061241 -0.00095155699224629099 0.00087785334523455064 -0.0010844618230616404 -0.00067143132136690889 -0.00012557708782501436 -7.7908098847058983e-05 0.0015222712384433575
leaf_weight=1718 505 651 687 967 602 34735 5005 2676 4527 14330 1237 504 50953 5245 877 5379 1419 9096 994 2608 752 20350 4072 1841 8063 6696 954 83632 4462 20243
leaf_count=1718 505 651 687 967 602 34735 5005 2676 4527 14330 1237 504 50953 5245 877 5379 1419 9096 994 2608 752 20350 4072 1841 8063 6696 954 83632 4462 20243
internal_value=-0.000210622 -0.0122642 -0.000162914 0.00889423 -0.000214349 -0.00015759 -0.000193697 -0.00118813 -0.00604235 -0.000340864 -0.00133072 -0.00142636 -0.000307964 0.00106544 0.00528763 0.00332884 0.0140937 0.000267999 -0.000971017 -0.00770211 -0.0124955 0.00112837 0.00594303 0.00073815 -0.00150439 -0.00737042 0.00629371 -0.00014018 0.00197585 0.00508283
internal_weight=295780 1156 294624 1654 292970 291252 290650 92152 13685 78467 9158 65787 51457 7921 12680 10384 2296 198498 81348 16466 11010 117150 24422 64882 42798 8402 1706 92728 5456 22084
internal_count=295780 1156 294624 1654 292970 291252 290650 92152 13685 78467 9158 65787 51457 7921 12680 10384 2296 198498 81348 16466 11010 117150 24422 64882 42798 8402 1706 92728 5456 22084
is_linear=0
shrinkage=0.05


Tree=80
num_leaves=31
num_cat=0
split_feature=39 64 75 33 54 42 59 38 72 69 59 69 75 59 54 69 18 59 8 69 54 69 54 63 48 30 10 69 42 74
split_gain=81.8791 65.5632 139.368 88.9569 67.4866 202.873 85.0859 80.5895 66.0677 65.5822 66.484 57.6047 61.8654 55.2145 53.7071 501.559 394.077 263.781 160.938 106.859 103.429 154.483 95.488 91.9694 103.934 91.1402 154.44 142.407 84.3688 157.675
threshold=0.10596424341201784 0.14958441257476809 0.8940795660018922 4.3867530822753915 5.3167710304260263 0.1801446005702019 -0.23120154440402982 1.5987709760665896 0.22945528477430346 0.011905697174370291 -0.0050731981173157683 0.051929069682955749 0.9055907428264619 -0.27312894165515894 7.0390028953552255 0.010989497881382706 0.046583229675889022 -0.0050731981173157683 -0.16796657443046567 0.025725932791829113 10.430809020996096 0.01719234045594931 8.0361690521240252 -0.02574244141578674 0.014286448247730734 0.64154323935508739 0.64829251170158397 0.010085152462124826 0.020490725524723533 0.58888918161392223
decision_type=8 10 10 10 2 10 10 10 10 8 8 8 10 8 2 8 10 10 8 10 2 8 2 8 2 8 8 8 10 8
left_child=13 3 -3 4 7 11 -7 9 -8 10 -2 12 -6 -1 23 17 18 -16 22 -18 28 -22 -17 -15 -25 26 -26 -27 -20 -30
right_child=1 2 -4 -5 5 6 8 -9 -10 -11 -12 -13 -14 14 15 16 19 -19 20 -21 21 -23 -24 24 25 27 -28 -29 29 -31
leaf_value=-0.0044492191912381468 -0.0010609433988417363 -0.00085309648547176567 0.0053703208734547569 -0.0040941095561883509 0.00056696474459521837 0.0078326195990741209 -0.0013782217784156837 -0.0048088128512810274 0.0042714022707204397 -0.0010269284302870192 0.010946449231027049 -0.0025836186822012111 -0.004128483018825662 -8.974780873259514e-05 -0.00033179466609469508 0.0003491830288437363 -0.0017058817369852383 -0.0029456635108918525 -0.00039743239251023512 0.00027890228539228726 -0.00052512095506441071 0.0019836992684160461 0.0014081456019202302 0.00082383944345500594 -1.6989107683319448e-05 0.0086603533654242178 -0.0032227922098429802 0.00036400072224655625 -0.00035627593383976336 0.00051989457549310176
leaf_weight=513 839 3112 2095 1711 2090 1482 762 1508 723 17786 614 1848 506 99740 3320 5811 5806 3937 7439 1370 569 971 5554 20177 46710 2489 1926 34288 7878 12747
leaf_count=513 839 3112 2095 1711 2090 1482 762 1508 723 17786 614 1848 506 99740 3320 5811 5806 3937 7439 1370 569 971 5554 20177 46710 2489 1926 34288 7878 12747
internal_value=-0.000231667 -0.00249957 0.00267395 -0.00340205 -0.0027265 0.00136774 0.0114713 -0.00418895 0.00297659 -0.00331186 0.00686945 -0.00538841 -0.000575595 7.29173e-05 0.000105468 -0.0012759 0.000572111 -0.01352 0.0024659 -0.0102282 0.000523401 0.0130968 0.00752088 0.000478231 0.00150663 0.000743945 -0.000676315 0.00262185 -0.000170977 0.00147565
internal_weight=296321 35076 5207 29869 28158 7411 2967 20747 1485 19239 1453 4444 2596 261245 260732 55402 48145 7257 40969 7176 29604 1540 11365 205330 105590 85413 48636 36777 28064 20625
internal_count=296321 35076 5207 29869 28158 7411 2967 20747 1485 19239 1453 4444 2596 261245 260732 55402 48145 7257 40969 7176 29604 1540 11365 205330 105590 85413 48636 36777 28064 20625
is_linear=0
shrinkage=0.05


Tree=81
num_leaves=31
num_cat=0
split_feature=39 55 30 75 69 66 30 67 19 52 43 41 32 18 55 65 66 52 26 41 65 55 41 55 41 18 67 66 55 33
split_gain=76.261 138.842 227.769 91.39 109.494 124.876 191.758 145.711 250.802 114.339 105.418 96.7516 82.766 81.4137 122.1 81.2473 84.1572 321.865 234.564 204.969 177.162 174.944 389.88 166.604 148.875 144.375 127.368 123.586 218.436 309.518
threshold=0.061604334041476257 1.5000000000000002 0.83825835585594188 0.18366450816392901 0.032998604699969299 -0.18282113969326017 1.3993003368377688 0.23231492191553119 -0.13584024459123609 10.500000000000002 0.87860551476478588 0.21968963742256167 -0.41328398883342737 -0.31108763813972468 1.0000000180025095e-35 0.39654964208602911 -0.12575253844261167 8.5000000000000018 -0.10406904295086859 0.056443283334374435 0.071293532848358168 1.5000000000000002 0.070358276367187514 1.0000000180025095e-35 0.040704654529690749 -0.098934669047594057 0.0056619716342538604 -0.27071803808212275 1.0000000180025095e-35 0.10156912729144098
decision_type=8 2 10 8 10 8 10 8 10 10 10 10 8 10 2 10 10 10 10 8 8 2 10 2 10 10 8 10 2 10
left_child=15 3 -3 -2 5 6 10 8 -7 13 -5 12 -9 -6 -15 16 18 19 21 20 23 25 -23 -18 -19 -1 -20 -27 -29 -30
right_child=1 2 -4 4 9 7 -8 11 -10 -11 -12 -13 -14 14 -16 -17 17 24 26 -21 -22 22 -24 -25 -26 27 -28 28 29 -31
leaf_value=0.00015600269231752896 -0.0025203582967536133 -0.00038352556336439665 -0.0048891488640597615 0.0012090067981384914 -0.00044911838722036187 -0.0071339752109805671 -0.0022685682633193233 0.0020319402146169395 0.004220468718390556 -0.0020643906705079588 -0.00061756514149503372 -0.0065684336136748707 -0.00054599146867769226 0.00079997180730781718 0.0051861750049818044 0.001537935626629038 -0.001846098675639607 8.4585722897320977e-06 -0.00036211950687595163 0.00142217527907961 -0.00041178839886992261 0.0008032717400799493 -0.0025758194858093789 -0.0034291514969198539 0.0026467716929576635 -0.000572446209278792 0.00057504848432831518 0.00026725738236853816 0.0012108904916155281 -0.0017863248959852523
leaf_weight=60684 1730 1877 898 3691 5084 624 6601 2970 7052 2357 15564 549 21510 13093 1672 879 7021 12404 2413 5137 16376 7456 836 2185 7652 26987 31761 24774 853 2751
leaf_count=60684 1730 1877 898 3691 5084 624 6601 2970 7052 2357 15564 549 21510 13093 1672 879 7021 12404 2413 5137 16376 7456 836 2185 7652 26987 31761 24774 853 2751
internal_value=-0.000128448 -0.00138951 -0.0123698 -0.0010187 -0.000774354 -0.00190794 -0.00450398 0.000145193 0.00616706 0.00221462 -0.00198028 -0.00170334 -0.00123316 0.00345184 0.00532995 0.000383245 0.000319159 -0.0014522 0.000886611 -0.00466823 -0.00649812 -0.000121833 0.00688991 -0.0120443 0.00347354 -0.00062339 0.00455476 -0.00246953 -0.000165563 -0.0116491
internal_weight=295441 85272 2775 82497 80767 58561 25856 32705 7676 22206 19255 25029 24480 19849 14765 210169 209290 50775 158515 30719 25582 124341 8292 9206 20056 116049 34174 55365 28378 3604
internal_count=295441 85272 2775 82497 80767 58561 25856 32705 7676 22206 19255 25029 24480 19849 14765 210169 209290 50775 158515 30719 25582 124341 8292 9206 20056 116049 34174 55365 28378 3604
is_linear=0
shrinkage=0.05


Tree=82
num_leaves=31
num_cat=0
split_feature=38 69 50 61 28 54 65 20 67 28 9 66 54 33 33 66 70 42 65 69 54 26 26 49 58 42 62 33 54 54
split_gain=72.5962 92.2993 51.5388 68.9931 88.2295 66.913 83.4095 53.7553 51.745 95.0016 137.446 210.975 164.004 136.333 122.409 188.885 99.9428 94.8357 156.646 87.347 115.737 109.644 109.572 85.5226 83.5168 80.6572 79.514 78.8224 80.8019 73.2894
threshold=2.2250175476074223 0.030520816333591941 0.01406831154599786 -0.037361353635787957 0.72308105230331432 4.3921005725860605 0.27786016464233404 -0.16847012937068936 0.13539277762174609 0.52289843559265148 0.1195584498345852 -0.1031927317380905 3.9101212024688725 0.90004521608352672 0.15321660041809085 -0.32772420346736902 0.035658227279782302 0.014294699765741827 0.0086612105369567888 0.016712979413568977 6.7588317394256601 -0.1418674439191818 -0.35896509885787958 0.00037993941805325454 0.077525451779365553 0.020112801343202594 -0.086670309305191026 0.10925148054957391 7.9967379570007333 7.7320404052734384
decision_type=10 10 2 8 8 2 8 8 8 10 10 10 2 10 10 10 10 8 10 10 2 10 8 2 2 10 10 10 2 2
left_child=2 -2 8 4 5 6 -4 -5 9 10 13 -12 -13 16 15 -11 19 18 -10 21 23 22 -1 -21 -23 -16 -18 28 -26 -27
right_child=1 -3 3 7 -6 -7 -8 -9 17 14 11 12 -14 -15 25 -17 26 -19 -20 20 -22 24 -24 -25 27 29 -28 -29 -30 -31
leaf_value=-0.0011328986513526832 -0.0079217647942311405 -0.00018310196245723172 0.00052851642501644395 -0.0011698227779988457 -0.0022669719518239608 0.001051732420701966 -0.0023235308154108858 -0.00022355224889410459 -0.00050861551340786605 0.00020300499276381114 -0.0002148686364566342 0.021563854987156645 0.00040060487656120441 -0.0023815522566420981 0.0010580421560118824 -0.0031699183836347913 -0.00096828234481705772 7.8062740716657429e-05 0.0011306148729385158 -0.00034400290214129541 0.00088285289044391581 0.00072553760055354142 0.00032512688503490985 0.00055055071212042721 -0.00074086725060778982 -0.00052241835009553196 -8.3417384987014833e-05 -0.00019718251504945543 -0.0027078592023873308 -0.0027496448556016844
leaf_weight=3606 503 662 2889 10216 1102 6905 1550 48502 2464 1057 3506 1992 1091 3111 1262 1699 5945 129076 4207 9261 5685 577 13603 10511 2524 9477 8912 2611 517 991
leaf_count=3606 503 662 2889 10216 1102 6905 1550 48502 2464 1057 3506 1992 1091 3111 1262 1699 5945 129076 4207 9261 5685 577 13603 10511 2524 9477 8912 2611 517 991
internal_value=-0.000234778 -0.0126383 -0.000185343 -0.00135724 0.00202312 0.00333803 -0.00144976 -0.00207397 0.000187532 -0.000757266 -2.7225e-05 0.0068571 0.0163757 -0.000706563 -0.0044564 -0.013919 -0.00020702 0.00079959 0.00660829 0.000884368 0.00291161 -0.00131781 0.000740461 0.00110201 -0.00699631 -0.00222317 -0.003797 -0.00884846 -0.0143068 -0.00366482
internal_weight=296014 1165 294849 71164 12446 11344 4439 58718 223685 87938 73452 6589 3083 66863 14486 2756 63752 135747 6671 48895 25457 23438 17209 19772 6229 11730 14857 5652 3041 10468
internal_count=296014 1165 294849 71164 12446 11344 4439 58718 223685 87938 73452 6589 3083 66863 14486 2756 63752 135747 6671 48895 25457 23438 17209 19772 6229 11730 14857 5652 3041 10468
is_linear=0
shrinkage=0.05


Tree=83
num_leaves=31
num_cat=0
split_feature=48 63 55 11 74 66 38 60 67 74 11 58 63 49 33 58 55 55 71 10 18 11 60 37 18 55 66 67 30 66
split_gain=82.1875 90.8291 70.563 68.9971 70.0883 188.552 62.9971 62.7939 61.6371 58.0973 54.322 73.6369 51.1155 68.0279 64.4531 75.4379 98.9208 142.342 62.1797 61.2619 88.669 78.6179 92.2682 82.9403 74.647 115.431 573.473 509.026 456.397 286.927
threshold=0.18443292379379275 -0.18292805552482602 1.0000000180025095e-35 -0.78013819456100453 0.020451268181204799 -0.052811048924922936 1.7418884634971621 0.24473668634891513 0.081724774092435851 0.2161626070737839 1.6219522356987002 0.66402336955070507 0.057996213436126716 0.0023593526566401128 1.1950610280036928 0.76973846554756176 1.0000000180025095e-35 1.5000000000000002 -0.091383077204227434 -0.49507907032966608 -0.22969997674226758 0.039543135091662414 -0.10533851385116576 -0.38968352973461146 -0.11157565191388129 1.0000000180025095e-35 -0.23288191854953763 0.15200098603963855 0.23736525326967242 -0.24756715446710584
decision_type=2 8 2 8 8 10 8 8 10 10 10 2 10 2 8 2 2 2 10 8 8 8 10 10 8 2 8 10 10 8
left_child=3 2 9 -1 5 8 10 -8 -5 -2 -3 -12 19 -14 15 16 -15 18 -18 21 -21 22 23 -6 -22 29 -27 -28 -29 -26
right_child=1 6 -4 4 12 -7 7 -9 -10 -11 11 -13 13 14 -16 -17 17 -19 -20 20 24 -23 -24 -25 25 26 27 28 -30 -31
leaf_value=0.0033709152222720835 -0.0033997608791504694 -0.0012044985696407077 0.0048542429972381375 -0.0018236606271230665 0.00079016574964415384 -0.0095817210626951976 -0.0077846056811353773 -0.0017545838827321874 0.00049478960173857253 0.00099890760316953954 -0.00073898751742643848 0.0060649368469206967 0.00061788861091957906 -0.00029538192525670594 0.00058550481593462242 -0.00094681684523782316 0.0022251573930681572 -0.00038975662583884098 0.00071812815832211123 -0.00070732946050253577 0.00021488093349731759 -0.00042590248742461725 0.0032435613303085291 -0.001965563955936805 -0.00043974066942646526 0.00026442830174530939 -0.003560481194734514 0.00035546494919505415 -0.0017223969886870716 0.00034116111692813968
leaf_weight=875 938 10872 880 1090 2094 706 721 1450 2685 2835 1629 913 20998 8374 12110 5865 736 1020 769 10907 42507 2914 2506 539 45183 14726 5600 6824 4219 81989
leaf_count=875 938 10872 880 1090 2094 706 721 1450 2685 2835 1629 913 20998 8374 12110 5865 736 1020 769 10907 42507 2914 2506 539 45183 14726 5600 6824 4219 81989
internal_value=-0.000209825 -0.00328427 0.00284152 1.6349e-05 -2.86109e-05 -0.00622356 -0.00511382 -0.0129986 -0.00175694 -0.000145387 -0.00382896 0.00274295 7.44748e-05 0.00151959 -5.5394e-05 -0.00206272 0.000398753 0.00905325 0.0187789 -0.000253161 -0.000415871 0.00402456 0.00773937 0.00119183 -0.000177561 -0.000676438 -0.0033924 -0.00974899 -0.00351488 -6.2902e-06
internal_weight=295474 20238 4653 275236 274361 4481 15585 2171 3775 3773 13414 2542 269880 49872 28874 16764 10899 2525 1505 220008 211955 8053 5139 2633 201048 158541 31369 16643 11043 127172
internal_count=295474 20238 4653 275236 274361 4481 15585 2171 3775 3773 13414 2542 269880 49872 28874 16764 10899 2525 1505 220008 211955 8053 5139 2633 201048 158541 31369 16643 11043 127172
is_linear=0
shrinkage=0.05


Tree=84
num_leaves=31
num_cat=0
split_feature=21 41 17 54 29 13 10 19 66 11 38 54 41 19 54 11 26 10 68 54 32 23 54 46 11 32 11 41 66 11
split_gain=58.8418 64.5577 96.489 60.7206 131.731 56.6284 51.3245 101.582 182.594 111.882 108.428 83.2961 98.4849 144.896 115.594 78.391 90.2406 81.9156 77.3145 152.384 117.394 117.726 76.6286 76.5651 70.6684 68.1083 75.9842 94.1047 70.017 66.1916
threshold=2.0647552013397221 0.28949439525604254 -0.46152004599571222 0.47933015227317816 -0.65040323138236988 0.043399654328823097 -0.40230476856231684 -0.16080689430236814 -0.1031927317380905 0.0055475863628089437 0.78878960013389599 7.7827031612396249 0.079643547534942641 -0.21240375190973279 4.9462389945983896 -0.28749941289424891 -0.12500510364770887 -0.61841356754302967 -0.058731682598590844 6.291846990585328 -0.46566194295883173 -0.10405678302049635 6.8300640583038339 6.5000000000000009 -0.35159510374069208 -0.81043559312820423 -0.52827283740043629 0.087395988404750838 -0.28271885216236109 -0.085454158484935747
decision_type=8 10 8 2 8 10 8 8 10 10 10 2 10 10 2 8 10 10 10 2 10 10 2 10 10 10 10 10 10 8
left_child=1 2 -1 4 -4 -2 11 8 9 10 18 12 15 14 24 17 -17 -5 22 25 29 -22 -8 -19 -14 -20 28 -28 -27 -21
right_child=5 -3 3 6 -6 -7 7 -9 -10 -11 -12 -13 13 -15 -16 16 -18 23 19 20 21 -23 -24 -25 -26 26 27 -29 -30 -31
leaf_value=-0.0042214999929170013 -0.0010563208581559022 0.0045816068499676278 -0.003622198044825923 0.0035366620220208139 0.012862065797714123 -0.0054941867695364102 -0.00010088119408035663 2.7575363617180806e-06 -0.0048835050971473117 0.0030040072909248167 -0.0027290439307047607 0.0014490902906369445 0.0033220149415809186 -0.0014352134920261096 -0.0010742965664021062 -0.00089079750561272652 0.0012138232768779122 0.00061725726510232851 0.0042129063929164171 -0.0028294515742490018 -0.0018461925131742288 0.00063742618915311783 0.0011807290485392062 -0.00079199166573726591 0.0078806805199075208 -0.0026568092170162617 -8.2364654748210211e-05 0.0041527146436251775 -0.00062730088780792647 -0.00079392223303562451
leaf_weight=965 2129 1083 509 935 868 710 5699 234203 1537 1201 894 1397 1987 1358 638 7257 1167 5394 626 1613 585 1329 1875 2386 992 1098 7441 858 5675 1299
leaf_count=965 2129 1083 509 935 868 710 5699 234203 1537 1201 894 1397 1987 1358 638 7257 1167 5394 626 1613 585 1329 1875 2386 992 1098 7441 858 5675 1299
internal_value=-0.000167389 -9.7822e-05 -0.000143251 -9.06024e-05 0.0103461 -0.00731836 -0.00014061 -0.000338606 -0.00299307 -0.00213389 -0.00275498 0.00209813 0.00134695 0.0075326 0.0127516 -0.000451921 -0.00388902 0.00287106 -0.00220578 -0.00379858 -0.0115591 -0.00192308 0.0021097 0.001181 0.0168786 -0.00140693 -0.00208195 0.00112529 -0.00600767 -0.0178645
internal_weight=295708 292869 291786 290821 1377 2839 289444 265933 31730 30193 28992 23511 22114 4975 3617 17139 8424 8715 28098 20524 4826 1914 7574 7780 2979 15698 15072 8299 6773 2912
internal_count=295708 292869 291786 290821 1377 2839 289444 265933 31730 30193 28992 23511 22114 4975 3617 17139 8424 8715 28098 20524 4826 1914 7574 7780 2979 15698 15072 8299 6773 2912
is_linear=0
shrinkage=0.05


Tree=85
num_leaves=31
num_cat=0
split_feature=48 59 41 41 67 58 32 55 18 67 16 11 72 60 74 66 34 41 55 59 75 11 30 55 66 41 60 68 33 33
split_gain=58.9896 63.4123 55.0987 51.6825 156.09 54.0389 50.4343 50.0817 46.3183 80.9726 58.2936 140.181 101.302 104.047 74.6663 116.835 81.7798 63.539 367.9 113.041 111.369 96.1121 96.9304 76.792 331.406 301 170.339 160.716 156.362 117.147
threshold=0.25716476142406469 -0.19429942965507505 0.28949439525604254 0.0076061000581830749 0.23060788959264758 0.39394095540046697 -0.049151567742228501 1.0000000180025095e-35 -0.40621846914291376 0.1941800266504288 -0.40715210139751429 0.2905541211366654 0.069872599095106139 -0.098573528230190263 0.020451268181204799 -0.071952998638153062 0.090306919068098082 0.11300352588295938 1.5000000000000002 -0.19429942965507505 0.95082014799118053 0.138786755502224 0.60297358036041271 1.5000000000000002 -0.16004703938961026 0.056029088795185096 -0.038430392742156975 -0.054266294464468949 0.26845657825469976 0.12230844795703889
decision_type=2 8 10 8 10 2 10 2 8 10 8 8 10 10 8 10 8 10 2 8 10 8 10 2 10 10 10 10 10 8
left_child=2 -2 3 4 5 -1 8 -8 9 -5 11 12 -10 -14 15 16 -12 19 21 -16 23 -19 -23 -21 25 27 -26 29 -29 -25
right_child=1 -3 -4 6 -6 -7 7 -9 10 -11 14 -13 13 -15 17 -17 -18 18 -20 20 -22 22 -24 24 26 -27 -28 28 -30 -31
leaf_value=0.0003403384540583747 0.0010151973548204098 -0.0017586967485460328 0.0042438240242602555 0.00044772321263566322 0.0015610938086878089 -0.0014865950702873255 -0.00069279301492221172 -0.0014542201858128178 -0.00031054385489111204 -0.0031299757090884799 -0.0018768533737734856 -0.0016716585109755198 0.00094247650117835796 0.006201762257046859 -0.0024257734491422741 -0.0095371105862569559 0.0019026442894993689 0.0057103329478792007 -0.0037212309528321854 -4.7794956862049105e-05 -0.0018932996450685665 -0.00060497591648700467 0.0011272225192036807 0.00072708376945060165 0.0010979905770603642 -0.00097316034848029869 -0.0011379621736978332 0.0019988377951154295 0.0010547183542316992 -0.00026727085618088873
leaf_weight=997 2601 7444 913 1322 730 546 6466 768 1693 1387 1232 1386 2097 1369 2356 778 1104 1510 1042 216769 2798 6231 17547 2261 675 1596 3948 2253 2118 1777
leaf_count=997 2601 7444 913 1322 730 546 6466 768 1693 1387 1232 1386 2097 1369 2356 778 1104 1510 1042 216769 2798 6231 17547 2261 675 1596 3948 2253 2118 1777
internal_value=-0.000248881 -0.00401293 -0.000116389 -0.000155917 0.00733684 -0.00170637 -0.000216466 -0.00433462 -0.00010808 -0.00660169 -4.32948e-05 0.0046148 0.00840588 0.0132911 -0.00015808 -0.00784251 -0.00221654 -6.67577e-05 0.00226272 -0.000326132 -0.000216264 0.00346668 0.00268623 -9.61509e-05 0.00340894 0.00852222 -0.00765163 0.0122996 0.018934 0.00508893
internal_weight=295714 10045 285669 284756 2273 1543 282483 7234 275249 2709 272540 6545 5159 3466 265995 3114 2336 262881 26330 236551 234195 25288 23778 231397 14628 10005 4623 8409 4371 4038
internal_count=295714 10045 285669 284756 2273 1543 282483 7234 275249 2709 272540 6545 5159 3466 265995 3114 2336 262881 26330 236551 234195 25288 23778 231397 14628 10005 4623 8409 4371 4038
is_linear=0
shrinkage=0.05


Tree=86
num_leaves=31
num_cat=0
split_feature=39 41 55 30 26 11 42 8 38 65 30 21 8 23 67 42 61 66 65 66 41 31 11 65 58 33 67 41 66 32
split_gain=59.358 71.8616 163.027 196.988 120.187 121.267 90.9043 125.118 108.516 79.9013 78.3533 85.7353 76.7267 74.5708 70.34 67.2821 164.427 96.4741 136.507 123.423 99.6525 87.0056 81.9997 69.8711 63.5281 62.8391 62.0347 61.7081 82.9697 60.8108
threshold=0.10596424341201784 0.10206382349133493 1.0000000180025095e-35 2.2923302650451665 -0.65048509836196888 0.56327822804451 0.025003621354699138 -0.49071098864078516 0.088348697870969786 -0.019628047943115231 0.55109280347824108 0.054626887664198882 -0.51045665144920338 -0.16222087293863294 0.13218269497156146 0.023156366311013702 -0.035036504268646233 -0.12575253844261167 0.036525428295135505 -0.36394771933555597 0.017180019058287147 0.45631933212280279 -0.16340979933738706 -0.26526039838790888 0.88197049498558056 1.176003158092499 0.32974344491958624 0.02263988554477692 -0.052811048924922936 -0.21739059686660764
decision_type=8 8 2 10 8 8 8 10 10 8 8 10 10 10 8 10 10 8 10 10 10 10 10 10 2 10 10 10 10 10
left_child=1 15 4 6 12 -6 -4 8 -8 -7 -11 -12 -3 -9 -13 16 -1 19 20 21 29 -18 -21 -24 -2 -26 27 28 -20 -19
right_child=24 2 3 -5 5 9 7 13 -10 10 11 14 -14 -15 -16 -17 17 18 26 22 -22 -23 23 -25 25 -27 -28 -29 -30 -31
leaf_value=-0.0004387995518375588 -0.0006717606569676453 -0.0027661223804617634 -0.0049808508628614682 0.0078500059838793514 0.0041097796541983414 -0.0022903879270165842 -0.0028741303267678141 -0.0030268051187974502 0.0010620571416474227 -0.0012764331725124342 0.0020910201925847557 0.0090126094803583811 0.00039770582627399013 -0.00052193416695523744 0.00044688135031594606 -8.142390747575487e-05 -0.00062638277286554205 -0.0015068444543714908 -0.0019516927244501736 0.00048052443088427089 0.00015769689546481227 0.00077359791636072862 -0.0004572587989836466 0.00098598353102039515 -0.00052244756764922937 0.011002538569241214 0.00097028386286656949 0.0015553889033637107 0.00012340417274094869 -0.004254906516262094
leaf_weight=6885 33411 1314 570 598 4133 1021 795 983 1512 1992 5006 878 1547 631 13406 189681 2556 682 1094 11178 886 646 527 5759 873 817 1305 1845 2774 611
leaf_count=6885 33411 1314 570 598 4133 1021 795 983 1512 1992 5006 878 1547 631 13406 189681 2556 682 1094 11178 886 646 527 5759 873 817 1305 1845 2774 611
internal_value=-0.000147672 0.000112144 0.00224154 -0.00601098 0.0036766 0.00473039 -0.00960898 -0.00685576 0.000625809 0.00326939 0.00392636 0.00490155 -0.00604319 -0.0174877 0.0029243 -0.000211315 0.00174656 0.00335253 -0.000906919 0.00524763 -0.011809 -0.00376712 0.00690168 0.0114676 -0.0020777 0.00735294 0.00249004 0.00023589 -0.00335224 -0.0206063
internal_weight=295916 260815 34386 5089 29297 26436 4491 3921 2307 22303 21282 19290 2861 1614 14284 226429 36748 29863 9197 20666 2179 3202 17464 6286 35101 1690 7018 5713 3868 1293
internal_count=295916 260815 34386 5089 29297 26436 4491 3921 2307 22303 21282 19290 2861 1614 14284 226429 36748 29863 9197 20666 2179 3202 17464 6286 35101 1690 7018 5713 3868 1293
is_linear=0
shrinkage=0.05


Tree=87
num_leaves=31
num_cat=0
split_feature=39 59 35 68 70 69 54 66 67 38 11 34 54 75 34 66 66 60 67 46 10 54 63 46 66 54 17 29 64 16
split_gain=56.7151 64.3997 55.5584 79.7445 65.9548 61.9493 277.708 233.373 291.6 140.918 137.78 249.273 190.44 137.508 144.923 268.232 137.084 130.853 128.069 117.319 175.009 205.297 109.551 109.143 96.5213 94.1661 144.796 93.865 95.0683 91.2826
threshold=0.10596424341201784 -0.27312894165515894 15.825878143310549 0.021534158848226074 0.069525055587291731 0.014928826130926611 8.0361690521240252 -0.2320836931467056 0.28050644695758825 0.099520608782768263 0.138786755502224 0.67292937636375438 3.5766900777816777 0.20444639772176745 0.1852424815297127 -0.32732795178890223 -0.13431563973426816 -0.091524980962276445 0.25052721798419958 16.500000000000004 -0.38175399601459498 6.7329792976379403 0.042716801166534431 26.500000000000004 -0.1031927317380905 7.7827031612396249 -0.086110260337591157 -0.26754580438137049 -0.15038144588470456 0.36706237494945532
decision_type=8 8 2 8 10 10 2 10 10 8 10 10 2 8 10 10 8 10 10 10 10 2 10 10 10 2 8 10 10 10
left_child=1 -1 3 4 -3 6 9 -8 -9 24 18 12 -12 14 17 -16 22 -7 -11 25 -21 29 -10 -23 -4 27 -27 -15 -29 -22
right_child=-2 2 5 -5 -6 13 7 8 16 10 11 -13 -14 19 15 -17 -18 -19 -20 20 21 23 -24 -25 -26 26 -28 28 -30 -31
leaf_value=-0.0043853212435985859 -0.00052685874455019814 0.00017093709876236799 -0.00014189741234846531 0.001116280852166407 -0.0018611207843400729 0.00040823765613029646 0.00011944002012101371 -0.0038593474824752728 -0.0022356436404107429 -0.00038686153857699464 0.014736190148789966 -0.0010137048881358143 0.00097645906025844065 -0.00013366101880956332 0.0010516500800555929 0.0002251775196092737 0.00097121420918370484 -0.00054317614773858312 0.0004480076515726404 0.00075452393582802206 -0.0005844605385447462 -0.0020616037284987422 -0.00010004862746125186 -0.00049827851524621256 -0.0015819449548340838 0.0017706595278186106 5.7429525964016517e-05 0.0014692463052336658 0.00027887329784845788 0.00047843889449785407
leaf_weight=502 35066 41936 5244 5227 760 8916 2905 2665 981 29121 3203 5492 4678 39297 4523 9036 720 5200 20452 8579 20033 3635 1204 3036 3903 3151 4430 2275 9688 10016
leaf_count=502 35066 41936 5244 5227 760 8916 2905 2665 981 29121 3203 5492 4678 39297 4523 9036 720 5200 20452 8579 20033 3635 1204 3036 3903 3151 4430 2275 9688 10016
internal_value=-0.0001166 0.00013726 0.000172099 0.00170968 0.000995176 -0.000174912 -0.0012671 -0.00982322 -0.0158065 -0.000260045 0.000582947 0.00508481 0.0107781 0.000492699 0.00362471 0.00731447 -0.0048199 7.78706e-05 -0.000632273 -0.000339894 -0.00225231 -0.00375442 -0.0110478 -0.0116824 -0.00605548 0.00113252 0.00632986 0.000362785 0.0042387 -0.00199108
internal_weight=295874 260808 260306 47923 42696 212383 80568 8475 5570 72093 62946 13373 7881 131815 27675 13559 2905 14116 49573 104140 45299 36720 2185 6671 9147 58841 7581 51260 11963 30049
internal_count=295874 260808 260306 47923 42696 212383 80568 8475 5570 72093 62946 13373 7881 131815 27675 13559 2905 14116 49573 104140 45299 36720 2185 6671 9147 58841 7581 51260 11963 30049
is_linear=0
shrinkage=0.05


Tree=88
num_leaves=31
num_cat=0
split_feature=17 54 65 38 54 58 14 30 11 15 60 30 32 8 54 60 11 11 9 15 17 54 33 54 60 67 68 58 68 33
split_gain=60.0381 133.067 131.436 64.926 58.8637 167.097 114.375 134.517 157.182 107.393 107.526 92.5656 85.6389 87.6731 136.766 79.466 78.6488 75.1754 72.2585 70.8319 69.9853 80.2905 165.992 78.5761 369.155 199.974 254.375 232.345 148.458 125.626
threshold=-0.2700690478086471 3.3980256319046025 0.27299875020980841 2.2250175476074223 1.8301782608032229 0.74469971656799328 0.25210396945476538 0.47369885444641119 2.7088773250579838 -0.33047266304492945 -0.14370229095220563 3.1675370931625371 -0.60416215658187855 -0.10201160237193106 1.3825365304946902 0.1112365983426571 0.22897013276815417 -0.01074567064642906 -0.16011494398117063 -0.23986361175775525 -0.11926817521452902 7.7827031612396249 0.44285930693149572 7.0733969211578378 -0.045014105737209313 0.12801153957843783 -0.028600063174962994 0.74469971656799328 0.040673082694411285 0.22800177335739139
decision_type=8 2 8 10 2 2 10 8 8 8 8 10 10 10 2 10 10 10 10 8 10 2 8 2 10 10 10 2 10 10
left_child=1 -1 -3 4 5 6 7 8 12 10 -6 19 18 14 -14 -12 -7 -15 -2 -9 21 -11 -23 -22 -25 26 -26 28 -27 -29
right_child=3 2 -4 -5 9 16 -8 11 -10 20 15 -13 13 17 -16 -17 -18 -19 -20 -21 23 22 -24 24 25 27 -28 29 -30 -31
leaf_value=-0.0026350630273558138 0.0005771056289923278 -0.0018122804477081333 0.0019808929378025311 -0.0053547278012463315 3.7591816321989619e-05 0.0029636669305980333 -0.0048205050297513144 -0.0018866205091846726 -0.0027592563883804045 -0.00056163371633238823 0.0030804838500880284 -0.0054896318831664653 -0.00094964831643126453 -0.0015588962644192573 0.0015239045959070528 -0.0016435223517345594 0.020590330630404455 0.00086659009797887933 0.0062803841786108682 0.0024220285121052815 6.4796503426322243e-05 0.0025500373556114867 -0.00032987970335063288 0.0002833381705100528 -0.00015508961311721874 -0.00034213716154211232 -0.0034895654010251701 -0.00035170116388359571 0.00061918372010677698 -0.0029843233288663132
leaf_weight=3696 2671 1712 2723 582 5872 1113 800 874 2619 30588 3886 516 2103 3487 2416 522 576 1435 1046 8503 165770 1295 3657 22511 2140 12581 3151 1455 3892 1856
leaf_count=3696 2671 1712 2723 582 5872 1113 800 874 2619 30588 3886 516 2103 3487 2416 522 576 1435 1046 8503 165770 1295 3657 22511 2140 12581 3151 1455 3892 1856
internal_value=-0.000132406 -0.00436679 0.00147357 -1.26768e-05 2.14028e-05 0.00219213 0.00121601 0.00179907 -0.00106733 -0.000214518 0.00479106 0.00636676 0.00116191 -0.00137023 0.00365423 0.0106836 0.0173926 -0.00598135 0.00757982 0.00750506 -0.000421444 -0.00247539 0.00342604 -7.92066e-05 -0.00186991 -0.00604146 -0.014667 -0.0037284 -0.00129527 -0.0157934
internal_weight=296048 8131 4435 287917 287335 28159 26470 25670 15777 259176 10280 9893 13158 9441 4519 4408 1689 4922 3717 9377 248896 35540 4952 213356 47586 25075 5291 19784 16473 3311
internal_count=296048 8131 4435 287917 287335 28159 26470 25670 15777 259176 10280 9893 13158 9441 4519 4408 1689 4922 3717 9377 248896 35540 4952 213356 47586 25075 5291 19784 16473 3311
is_linear=0
shrinkage=0.05


Tree=89
num_leaves=31
num_cat=0
split_feature=12 37 18 55 19 74 8 41 59 41 42 11 74 33 41 74 67 11 9 63 42 8 58 63 66 28 18 69 75 41
split_gain=56.0376 45.5569 68.3634 76.6253 90.5568 100.92 65.1413 56.0443 49.3646 50.1347 48.8228 47.8727 55.6663 94.998 64.8251 64.2303 192.659 106.813 105.223 88.8624 65.4513 59.7372 52.8852 52.4186 51.8213 64.3382 64.7739 50.1513 48.8099 73.3409
threshold=0.36545842885971075 -0.85547333955764759 -0.14511487632989881 1.0000000180025095e-35 0.048829166218638427 0.90973177552223217 -0.40492759644985193 0.28949439525604254 0.17577724158763888 0.042838469147682197 0.03111189138144255 -0.72499457001686085 0.025050234049558643 0.30175539851188665 0.19113810360431674 0.11858415976166727 0.058803495019674308 -0.72499457001686085 -0.42423279583454127 -0.07411485910415648 0.069079656153917326 -0.28286588191986078 0.37291786074638372 -0.069124400615692125 -0.11830167472362517 0.25475823879241949 -0.13224559277296064 0.015232469886541368 0.980114907026291 0.19965700805187228
decision_type=10 8 10 2 10 10 8 10 10 8 10 8 8 10 10 8 10 10 10 10 10 8 2 10 10 10 10 10 10 10
left_child=1 2 -1 -4 5 -5 7 -3 11 10 -10 23 13 21 27 16 19 20 22 -14 -18 -13 -19 -8 25 26 -20 -15 29 -17
right_child=-2 6 3 4 -6 -7 8 -9 9 -11 -12 12 15 14 -16 28 17 18 24 -21 -22 -23 -24 -25 -26 -27 -28 -29 -30 -31
leaf_value=0.0009569781762637609 -0.0027834386412234368 -0.0008826031277340881 -0.00022513862502029238 0.00074314814919464395 -0.0012794583709203158 -0.00058173017448005966 -0.00020681876470907818 0.0035921884676289942 9.4657769190763762e-05 0.00031650425693110237 0.0021649153814576865 -0.00049481075823486144 -0.00056075120175372588 0.0052188297110681361 -0.0069967597218944105 -5.6724812122548566e-05 0.00062496443737325544 0.0014113520231571774 0.0011226964209555949 -0.0032607142183359917 -0.0016799444032663422 -0.0044148063827869188 0.0069103166510769204 0.0062041303050921273 0.00302312816289293 0.0025294925275063489 -0.0016092245007937806 -0.001049739408835198 -0.0020357845793430836 0.0034307288032097275
leaf_weight=7056 2295 10773 14030 4236 533 587 620 501 520 7631 827 531 2231 942 520 220801 1574 701 1054 741 1756 987 1177 711 5023 1980 1611 727 2194 1341
leaf_count=7056 2295 10773 14030 4236 533 587 620 501 520 7631 827 531 2231 942 520 220801 1574 701 1054 741 1756 987 1177 711 5023 1980 1611 727 2194 1341
internal_value=-0.000108534 -4.7631e-05 0.0019318 0.000396989 0.00547894 0.00764535 -0.000243379 -0.00396136 -7.96222e-05 0.0035603 0.0124171 -0.000211947 -0.000263317 -0.00633575 0.000341064 -0.000170112 0.00271587 0.00503829 0.00731222 -0.00888665 -0.00284431 -0.0159031 0.0181144 0.00920955 0.00519735 0.00138561 -0.00368224 0.00515188 -0.000399829 -0.000326353
internal_weight=296211 293916 26442 19386 5356 4823 267474 11274 256200 8978 1347 247222 245891 3707 2189 242184 17848 14876 11546 2972 3330 1518 1878 1331 9668 4645 2665 1669 224336 222142
internal_count=296211 293916 26442 19386 5356 4823 267474 11274 256200 8978 1347 247222 245891 3707 2189 242184 17848 14876 11546 2972 3330 1518 1878 1331 9668 4645 2665 1669 224336 222142
is_linear=0
shrinkage=0.05


Tree=90
num_leaves=31
num_cat=0
split_feature=38 58 18 11 60 54 62 59 54 62 17 10 15 54 67 9 54 60 67 57 75 75 58 7 63 54 33 34 35 31
split_gain=50.4576 52.1232 44.2138 123.548 241.674 176.421 127.188 135.168 76.6548 147.052 75.4813 74.3141 68.1793 153.938 193.662 110.489 99.3082 256.726 219.126 192.976 188.311 140.946 133.936 131.827 119.278 118.092 139.054 119.014 109.716 105.1
threshold=2.2250175476074223 0.25214596092700964 -0.22969997674226758 1.4155716896057131 -0.09284645318984984 3.3143678903579716 -0.0050072669982910148 0.095287714153528227 1.8301782608032229 0.056605577468872077 -0.095684625208377824 -0.37192213535308832 -0.16194183379411695 6.7329792976379403 0.081724774092435851 -0.23718662559986112 7.0390028953552255 -0.045014105737209313 0.12801153957843783 0.44388101994991308 0.19192127883434298 0.84888970851898204 0.74469971656799328 0.36665771901607519 0.048096358776092536 7.7827031612396249 0.77352353930473339 0.39352396130561834 39.011236190795906 0.18870534002780917
decision_type=10 2 8 8 10 2 10 10 2 8 10 10 8 2 10 8 2 10 10 2 10 10 2 10 10 2 10 8 2 10
left_child=2 -2 3 4 6 11 -1 -8 9 -4 -7 -5 13 -10 -15 -16 29 21 19 -19 -20 23 24 28 25 27 -27 -22 -18 -14
right_child=1 -3 8 5 -6 10 7 -9 12 -11 -12 -13 16 14 15 -17 17 18 20 -21 22 -23 -24 -25 -26 26 -28 -29 -30 -31
leaf_value=0.00019412765155590978 0.00056798200091681271 -0.0056448685759294464 0.0001416181600003036 -0.0034814971894195829 0.0023297046035979626 0.00039903229995268792 -0.0027958173605184475 -0.00026179854696673204 -2.7516635867042961e-05 0.0024534644660202721 -0.0011328257925031983 3.5771722712684904e-05 -0.00029727267109485906 0.0017052600906051945 -0.00061051554233634798 0.0010382164608833328 -0.00025159600518097623 -0.00024642144015962558 0.00022233238301325384 -0.0033766556671738141 -0.0015912824538004988 0.0060282223814255775 -0.0023378667030820553 -0.0022110518255276839 0.00032646126755785223 -1.8795905979179968e-05 -0.0020289393132894573 0.00055374275688335609 0.00051319943236389999 0.00011712158737872871
leaf_weight=5963 501 648 20401 3771 4665 4005 2006 2324 30289 5268 1899 800 40306 4482 3075 2523 8169 1847 6946 3213 951 547 2250 1249 3018 1376 3149 2452 11878 116226
leaf_count=5963 501 648 20401 3771 4665 4005 2006 2324 30289 5268 1899 800 40306 4482 3075 2523 8169 1847 6946 3213 951 547 2250 1249 3018 1376 3149 2452 11878 116226
internal_value=-0.00024358 -0.0106557 -0.000202672 -0.0021951 0.000721539 -0.0063567 -0.00355722 -0.0100691 -1.465e-05 0.00258382 -0.000642543 -0.0137197 -0.000288167 0.0015887 0.00693756 0.000731098 -0.000660406 -0.00267453 -0.00611217 -0.0154043 -0.00377134 0.00129273 -0.007277 0.000643011 -0.00498357 -0.00820106 -0.013484 -0.00115734 0.00162786 -5.49373e-05
internal_weight=296197 1149 295048 25433 14958 10475 10293 4330 269615 25669 5904 4571 243946 40369 10080 5598 203577 47045 25202 5060 20142 21843 13196 21296 10946 7928 4525 3403 20047 156532
internal_count=296197 1149 295048 25433 14958 10475 10293 4330 269615 25669 5904 4571 243946 40369 10080 5598 203577 47045 25202 5060 20142 21843 13196 21296 10946 7928 4525 3403 20047 156532
is_linear=0
shrinkage=0.05


Tree=91
num_leaves=31
num_cat=0
split_feature=70 55 62 59 27 42 66 69 12 75 66 54 35 62 33 63 75 66 41 24 24 17 55 54 31 42 71 54 54 5
split_gain=57.7638 142.75 147.551 143.084 101.484 88.2041 96.7551 85.2298 86.8176 80.9522 84.2815 82.5373 80.3905 87.4554 69.9064 69.3712 65.075 59.1747 60.5591 58.99 55.8637 60.1191 120.535 104.249 122.907 104.312 90.3915 77.3371 68.5606 56.4504
threshold=0.15908801555633548 1.0000000180025095e-35 -0.14730823040008542 -0.0017232487443834541 2.4189176559448247 0.066654611378908171 -0.25703622400760645 0.015415531583130361 0.024905865080654625 0.65010565519332897 -0.18282113969326017 4.6042199134826669 42.321493148803718 0.00082963705062866222 3.266448020935059 0.10186493396759035 0.34596711397171026 -0.16170568019151685 0.13668800145387652 2.3443565368652348 1.0274344682693484 -0.16053150594234464 1.0000000180025095e-35 5.7384898662567148 0.18870534002780917 0.083184827119112029 2.1066337823867802 0.47933015227317816 7.3772244453430185 -0.51138624548912037
decision_type=8 2 10 8 8 10 10 10 8 10 10 2 2 10 10 10 10 10 10 8 8 8 2 2 8 10 8 2 2 10
left_child=14 3 -3 12 5 -4 -7 8 -5 -10 -11 -12 -2 -14 20 16 -16 18 -18 -9 21 22 26 -24 25 -25 28 -23 29 -1
right_child=1 2 4 7 -6 6 -8 19 9 10 11 -13 13 -15 15 -17 17 -19 -20 -21 -22 27 23 24 -26 -27 -28 -29 -30 -31
leaf_value=-0.0050214548172943848 -0.0071066448431678086 -0.0054884405124714436 0.00092754918185848775 0.0035917356816522958 0.0032171017447953812 0.00045794044274884014 -0.0035672860368777802 -2.9019544027158617e-05 -0.00028321555736471137 -0.001102341592302699 0.013491970764014805 -0.00023174369575463955 -0.00036250318138339308 -0.0020983009017057591 0.0010977761406611812 0.0022603436746000045 -0.0022448474078470186 -0.00027255125723014246 0.00084543702946995522 -0.0039887727356682934 0.0015234696892294953 0.0068724473282932314 -0.0012601542781792555 0.0003948699242172463 -0.00015513539703703352 0.0097359434933697413 -0.0032683421060148822 5.0472044718132952e-05 -0.0032192009989834691 -0.00040612950593158555
leaf_weight=670 502 1534 859 2048 679 541 1395 10284 4546 975 1421 643 9416 3583 511 847 3771 2644 675 806 3934 825 739 502 1056 920 571 220151 511 17932
leaf_count=670 502 1534 859 2048 679 541 1395 10284 4546 975 1421 643 9416 3583 511 847 3771 2644 675 806 3934 825 739 502 1056 920 571 220151 511 17932
internal_value=-0.000142639 -0.00192906 -0.0098047 -0.000774084 -0.00407577 -0.00828877 -0.0141829 0.00183524 0.00527326 0.00279789 0.00910134 0.0148023 -0.00477759 -0.00400876 0.000130917 -0.00433909 -0.00585337 -0.00709859 -0.0106149 -0.00115315 0.000283471 0.000187997 -0.00225001 0.00670902 0.0116158 0.0211592 -0.00371687 0.000440752 -0.00312451 -0.00262196
internal_weight=295491 39232 5008 34224 3474 2795 1936 20723 9633 7585 3039 2064 13501 12999 256259 8448 7601 7090 4446 11090 247811 243877 22901 3217 2478 1422 19684 220976 19113 18602
internal_count=295491 39232 5008 34224 3474 2795 1936 20723 9633 7585 3039 2064 13501 12999 256259 8448 7601 7090 4446 11090 247811 243877 22901 3217 2478 1422 19684 220976 19113 18602
is_linear=0
shrinkage=0.05


Tree=92
num_leaves=31
num_cat=0
split_feature=2 55 51 59 48 31 41 72 16 11 57 60 35 60 60 65 55 10 33 15 40 39 59 37 58 33 65 41 50 64
split_gain=62.2059 48.7984 91.4705 80.1751 44.9365 45.2365 41.1772 48.0485 108.753 149.051 76.2056 72.5038 60.6339 54.7897 53.9301 71.0322 48.5202 102.216 63.8931 79.6006 50.7416 47.0945 45.2155 75.6792 110.917 155.72 75.3597 65.7936 58.0506 57.9204
threshold=0.33772227168083196 1.0000000180025095e-35 1.5000000000000002 -0.004946403903886675 0.027603341266512874 0.3709844201803208 0.28949439525604254 0.069872599095106139 -0.43308921158313746 0.4031966775655747 0.51880058646202099 -0.23612862080335614 7.0602848529815683 -0.098773617297410951 0.068783212453126921 0.14606136083602908 1.0000000180025095e-35 0.17101385444402697 0.17172849178314212 -0.36992660164833063 0.033834822475910194 0.056213034316897399 0.033002633601427085 0.55914765596389782 0.32325215637683874 0.55936416983604442 -0.12804839015007016 0.012617341708391907 0.016388424672186378 0.33178502321243292
decision_type=8 2 10 8 2 10 10 8 8 8 2 10 2 10 10 10 2 10 10 10 10 10 8 8 2 10 8 8 2 8
left_child=6 3 -3 -2 -5 -6 7 10 9 13 11 -1 -12 -9 -14 -16 18 20 19 -13 -18 -20 23 29 -25 27 -27 -26 -24 -10
right_child=1 2 -4 4 5 -7 -8 8 22 -11 12 16 14 -15 15 -17 17 -19 21 -21 -22 -23 28 24 25 26 -28 -29 -30 -31
leaf_value=-0.0031302666408154359 -0.003352054625494684 -0.0062682593973002639 -5.0216388556990207e-05 0.0020293134996810865 -0.0015548823251182171 0.0011963882019717272 0.0038688750383294281 0.0014123450026540469 -3.7146516425914937e-05 -0.0023807049958824277 0.0014285527626350101 0.00053055585634991214 -0.0027215632842517963 0.0061243873983161242 0.00081471580380521784 -0.0022330506125212246 -4.0852929651589731e-06 -0.0029442566596064508 0.0012048483821429708 -0.0014362718334639047 0.0024805475180830414 -0.000710683841752401 0.00034449502332004338 0.00060920603909424905 -0.0034123224526489528 -0.0017345379221206326 5.2154555592824618e-05 -0.0015455875970151669 -0.00028399140652146833 0.00065563864898408094
leaf_weight=1295 1898 599 644 893 2914 2363 977 1579 175361 632 583 1782 2608 1218 1002 796 767 501 2787 2976 1647 1515 41051 4917 516 1901 10767 6174 14907 8453
leaf_count=1295 1898 599 644 893 2914 2363 977 1579 175361 632 583 1782 2608 1218 1002 796 767 501 2787 2976 1647 1515 41051 4917 516 1901 10767 6174 14907 8453
internal_value=-0.000244736 -0.00426456 -0.0134477 -0.00283486 -6.47249e-05 -0.00182523 -0.000114048 -0.000149259 2.0188e-05 0.00885432 -0.00263014 -0.00064759 -0.00789158 0.0138048 -0.00989583 -0.00320796 0.000571548 0.00617094 -0.00123484 -0.00522232 0.0104373 0.00317718 -9.48659e-05 -0.000434168 -0.00305744 -0.00476043 -0.00149866 -0.0109254 0.00116674 -8.75838e-05
internal_weight=296023 9311 1243 8068 6170 5277 286712 285735 267476 3429 18259 13270 4989 2797 4406 1798 11975 2915 9060 4758 2414 4302 264047 208089 24275 19358 12668 6690 55958 183814
internal_count=296023 9311 1243 8068 6170 5277 286712 285735 267476 3429 18259 13270 4989 2797 4406 1798 11975 2915 9060 4758 2414 4302 264047 208089 24275 19358 12668 6690 55958 183814
is_linear=0
shrinkage=0.05


Tree=93
num_leaves=31
num_cat=0
split_feature=21 73 18 62 60 68 54 59 69 68 17 41 74 75 63 34 71 54 60 69 54 41 54 62 32 41 60 54 54 62
split_gain=49.5701 43.4329 41.1219 110.588 92.5755 92.2632 70.4995 167.597 112.805 90.6282 81.6421 71.6062 142.297 87.5962 97.3313 84.7417 78.1871 105.563 100.402 67.5943 387.919 202.065 87.9708 134.184 107.438 106.217 168.419 202.267 158.416 150.132
threshold=2.0647552013397221 0.95850309729576122 -0.22969997674226758 -0.0050072669982910148 -0.17045328766107556 -0.12378837168216704 1.8301782608032229 -0.01812746841460466 0.0094106099568307417 0.079887937754392638 0.088926419615745558 0.13668800145387652 0.020451268181204799 0.95082014799118053 0.039439558982849128 0.30201765894889837 0.054742693901062019 6.1049940586090097 0.046116705983877189 0.0074105316307395705 4.6957874298095712 0.046636223793029792 2.9849240779876713 0.031308472156524665 -0.23672690242528913 0.047292325645685203 -0.019729609601199623 10.430809020996096 5.7074589729309091 -0.004552513360977172
decision_type=10 8 8 10 8 10 2 8 8 8 10 10 10 10 10 10 10 2 10 8 2 10 2 8 10 8 10 2 2 10
left_child=2 -2 3 4 5 -1 7 -4 -9 10 -10 13 -13 19 15 -15 17 -14 -18 20 21 -8 23 24 -21 26 27 29 -27 -24
right_child=1 -3 6 -5 -6 -7 11 8 9 -11 -12 12 16 14 -16 -17 18 -19 -20 22 -22 -23 25 -25 -26 28 -28 -29 -30 -31
leaf_value=0.00043795287824546748 -0.00044640485008715997 -0.0064672369541518481 -0.00039121040542336953 -0.00097783388705871598 0.0012250319114153749 -0.0011595254277993246 -0.0010690295622972619 0.016541685841155424 0.00083632943247838537 0.0043520451830903169 -0.0023010991634981092 -0.0021310283438380376 0.0011785981434240082 -0.0001020297871184594 0.004784831057687804 -0.0031713339002691666 -0.00037909448126286784 0.0076619180825011068 0.003851156314717399 -0.00063516150254837604 -0.0027857160029826551 0.023479777993492709 8.5029363010419659e-05 0.000564123626636249 -0.0024864625846266015 0.00010072927016737304 -0.00011020693022398109 0.0020213092391949939 -0.00058222524494682965 0.0006360146793756385
leaf_weight=4258 511 505 11753 12598 5271 3772 1347 1295 8429 2959 1211 2099 2642 1194 748 2218 5678 1533 2340 16856 3450 963 37034 8439 3092 55476 47616 787 32871 16717
leaf_count=4258 511 505 11753 12598 5271 3772 1347 1295 8429 2959 1211 2099 2642 1194 748 2218 5678 1533 2340 16856 3450 963 37034 8439 3092 55476 47616 787 32871 16717
internal_value=-0.000237425 -0.0112086 -0.000199215 -0.00210159 0.00107806 -0.002301 -1.58135e-05 0.00247691 0.00619246 0.00473868 0.00238342 -0.000278886 0.00315341 -0.000493405 -0.00767386 -0.0112507 0.00522413 0.0107646 0.00232935 -0.000360103 -0.00570191 0.0101293 -0.00021928 -0.00281544 -0.00505061 0.000167707 0.00126561 0.00316235 -0.00110178 0.00279106
internal_weight=295662 1016 294646 25899 13301 8030 268747 25647 13894 12599 9640 243100 14292 228808 4160 3412 12193 4175 8018 224648 5760 2310 218888 28387 19948 190501 102154 54538 88347 53751
internal_count=295662 1016 294646 25899 13301 8030 268747 25647 13894 12599 9640 243100 14292 228808 4160 3412 12193 4175 8018 224648 5760 2310 218888 28387 19948 190501 102154 54538 88347 53751
is_linear=0
shrinkage=0.05


Tree=94
num_leaves=31
num_cat=0
split_feature=27 29 45 72 16 11 18 29 66 64 19 66 16 40 38 62 26 48 66 74 35 28 52 66 38 40 19 31 67 66
split_gain=55.5682 108.523 48.8336 46.9507 68.6572 148.866 58.169 56.8064 114.416 109.903 173.896 140.865 109.606 77.6367 88.8145 113.78 81.821 76.7917 74.0324 69.1947 62.5319 71.8098 60.8555 112.871 157.742 85.1834 70.9146 75.3419 71.9019 63.1554
threshold=3.6738939285278325 -0.60499754548072804 8.5000000000000018 0.032710982486605651 -0.44824182987213129 0.099191352725029006 -0.26436525583267206 -0.36791355907917017 -0.32732795178890223 -0.14407834410667417 -0.16673360764980313 -0.10603393614292143 -0.08043020591139792 0.0087783206254243868 0.35009822249412542 0.0046217441558837899 -0.22658418864011762 0.037334438413381583 -0.36953623592853541 0.020451268181204799 0.7009682059288026 0.10075397789478303 7.5000000000000009 -0.1031927317380905 0.39809924364089971 0.05256211198866368 -0.035816922783851617 0.76088461279869091 0.12801153957843783 -0.39899766445159907
decision_type=10 10 10 8 8 8 8 8 10 10 10 10 10 8 8 10 10 2 10 10 2 8 10 10 10 10 10 10 10 10
left_child=3 -2 -3 -1 5 -5 -6 8 12 13 11 -11 17 18 15 -15 -17 -8 -9 -10 -12 -22 23 25 26 -23 28 -28 -25 -27
right_child=1 2 -4 4 6 -7 7 9 19 10 20 -13 -14 14 -16 16 -18 -19 -20 -21 21 22 -24 24 -26 29 27 -29 -30 -31
leaf_value=-0.00075993255099539325 -0.0089109961041485136 -0.0017605383344743127 0.0039886208910156554 0.0026505770236903343 -0.00057527703752053953 -0.0023406854258314833 -0.00043666889670600229 -0.002052112037642443 -0.0022228964257880153 -0.00064562132735500105 0.00055228369476997569 -0.0045098592644765489 -0.0020905252224450617 0.00014978683272072257 -2.7800471963939787e-05 0.0001723230691339204 0.0011284804912519684 0.0002765798211716952 -5.1028336824774506e-05 0.00056624280748705205 -0.00049565547865286236 0.00033922364900101611 8.5004845876654475e-05 -0.0033952599969479056 0.00033559942614691047 -0.0021966615200125134 -0.000362265177606003 -0.0014998733794865271 -0.00075801893662184568 -0.00044377182709847839
leaf_weight=8664 515 1021 553 2999 10455 947 12235 804 1775 10966 6740 1710 2296 17649 26684 2318 5760 17400 1347 45417 9753 16783 56965 1653 9472 612 7095 4475 2044 8608
leaf_count=8664 515 1021 553 2999 10455 947 12235 804 1775 10966 6740 1710 2296 17649 26684 2318 5760 17400 1347 45417 9753 16783 56965 1653 9472 612 7095 4475 2044 8608
internal_value=-0.000111759 -0.0082182 -0.00164141 -5.38081e-05 5.64968e-05 0.00659757 -3.55839e-05 0.000105887 0.00123273 -0.000359889 -0.00111626 -0.00669242 -0.00107855 0.00153742 0.00192003 0.00401562 0.00892681 -0.000261427 -0.00775104 0.00279649 -0.000546655 -0.000815527 -0.000443291 -0.0017024 -0.00411936 0.000597778 -0.00726255 -0.00532815 -0.0132857 -0.00326111
internal_weight=295715 2089 1574 293626 284962 3946 281016 270561 79123 191438 136876 12676 31931 54562 52411 25727 8078 29635 2151 47192 124200 117460 107707 50742 24739 26003 15267 11570 3697 9220
internal_count=295715 2089 1574 293626 284962 3946 281016 270561 79123 191438 136876 12676 31931 54562 52411 25727 8078 29635 2151 47192 124200 117460 107707 50742 24739 26003 15267 11570 3697 9220
is_linear=0
shrinkage=0.05


Tree=95
num_leaves=31
num_cat=0
split_feature=48 54 69 54 60 11 41 66 11 41 75 68 16 65 19 39 41 55 65 54 27 69 19 66 54 74 66 75 66 54
split_gain=54.5995 68.1263 135.915 52.1784 195.816 54.909 50.7714 43.1743 41.2148 36.5371 45.803 78.1555 64.9695 110.081 67.8308 52.718 51.1387 400.013 110.942 146.836 121.064 100.052 68.7209 96.3133 64.2259 60.8598 59.5596 58.6398 137.985 120.607
threshold=0.27226135134696966 5.796194553375245 0.046206166967749603 0.84800961613655101 -0.068488106131553636 -0.085454158484935747 0.21968963742256167 -0.41813279688358301 -0.27144472301006312 0.28949439525604254 0.96176275610923778 0.079887937754392638 -0.09515745565295218 -0.11277309060096739 0.88460674881935131 0.13091880828142169 0.10336021706461908 1.5000000000000002 0.050582230091094978 5.6854317188262948 0.60402390360832225 0.059330618008971221 -0.18164586275815961 -0.17763224244117734 3.1740876436233525 0.82303056120872509 -0.25319364666938776 0.87091517448425304 -0.17763224244117734 6.8586175441741952
decision_type=2 2 8 2 8 10 8 10 8 10 10 10 8 8 8 10 10 2 8 2 10 10 8 10 2 8 10 10 10 2
left_child=3 6 -3 4 -1 8 -2 -8 -6 10 16 12 15 -14 -15 -12 21 18 19 22 24 27 -18 -24 -20 -23 -19 -5 29 -29
right_child=1 2 -4 9 5 -7 7 -9 -10 -11 11 -13 13 14 -16 -17 17 26 20 -21 -22 25 23 -25 -26 -27 -28 28 -30 -31
leaf_value=-0.0012714434276582978 -0.0010859899281309149 -0.0031631516320002233 0.0048952364897481629 5.5903060701969003e-06 0.0056176414608103496 0.01819348879246498 -0.0018452732169530091 -0.0091840401568662501 0.001915249830169645 0.0035503857108153468 0.0011692592264435039 0.0059427705963244455 -0.0036587923021067208 3.6836254056572815e-05 -0.0037996936212345484 -0.0030482985094749289 0.0076899972160085553 -0.0015443713214553429 -0.0019208290492066455 -0.0037200321077928786 0.00095107366193222819 -0.00051891627740805683 -0.00033372219716383268 0.010451443659380453 0.00012098867883936615 -0.0029996243459345733 -0.0050042049395442947 -0.00092602127224838786 0.0033026400686656746 -0.0027414264888424317
leaf_weight=1492 6009 616 1011 230492 541 504 774 557 978 881 1698 621 1561 2815 775 518 1620 523 3410 501 16840 1027 1429 1460 3551 755 685 9095 2459 568
leaf_count=1492 6009 616 1011 230492 541 504 774 557 978 881 1698 621 1561 2815 775 518 1620 523 3410 501 16840 1027 1429 1460 3551 755 685 9095 2459 568
internal_value=-0.000109204 -0.00394898 0.00528406 1.09829e-05 0.00605674 0.0161584 -0.006 -0.0148024 0.0112819 -6.42442e-05 -9.61358e-05 -0.00382596 -0.00526637 -0.00834141 -0.0035 0.00188679 1.25717e-05 0.00195977 0.00314528 0.0099004 0.00171979 -0.000226672 0.0127572 0.008089 -0.00382298 -0.0119978 -0.0261084 -0.000139722 -0.00352786 -0.00621834
internal_weight=295766 8967 1627 286799 3515 2023 7340 1331 1519 283284 282403 7988 7367 5151 3590 2216 274415 30019 28811 5010 23801 244396 4509 2889 6961 1782 1208 242614 12122 9663
internal_count=295766 8967 1627 286799 3515 2023 7340 1331 1519 283284 282403 7988 7367 5151 3590 2216 274415 30019 28811 5010 23801 244396 4509 2889 6961 1782 1208 242614 12122 9663
is_linear=0
shrinkage=0.05


Tree=96
num_leaves=31
num_cat=0
split_feature=70 73 50 68 68 30 55 59 42 69 55 33 69 27 49 69 45 55 60 40 69 21 11 64 55 42 55 71 31 68
split_gain=59.45 46.083 40.2697 82.4774 75.4089 69.6321 177.016 97.8849 143.212 83.5567 120.502 81.0248 74.8675 70.7581 68.2684 83.8163 65.0445 64.8224 88.2252 79.2026 63.7388 72.0478 67.946 63.4343 103.595 157.002 100.635 168.045 92.7884 88.3533
threshold=1.1183279156684878 0.016570930369198326 0.0011415709159336986 0.0064320489764213571 -0.071581751108169542 0.89782151579856884 1.5000000000000002 0.079426094889640822 0.069566052407026305 0.0091947759501636046 1.0000000180025095e-35 0.075990609824657454 0.021473001688718799 0.85660338401794445 0.00014286734949564564 0.0091947759501636046 15.500000000000002 1.0000000180025095e-35 -0.028714482672512528 0.065305225551128401 0.016163060441613201 0.066012449562549605 1.1490408182144167 0.1454998850822449 1.5000000000000002 0.091760404407978072 1.0000000180025095e-35 -0.22643050551414487 0.066250875592231764 0.059309439733624465
decision_type=10 8 2 8 8 10 2 10 10 8 2 10 10 10 2 10 10 2 10 10 10 10 10 10 2 8 2 10 10 10
left_child=1 -1 3 -3 20 9 7 8 -7 10 11 -6 17 -8 15 -5 -13 18 -10 -19 21 -4 -22 24 -11 29 28 -28 -25 -26
right_child=-2 2 4 14 5 6 13 -9 12 23 -12 16 -14 -15 -16 -17 -18 19 -20 -21 22 -23 -24 26 25 -27 27 -29 -30 -31
leaf_value=-0.0013253456629304457 -0.0037852304906612249 -4.3726846035899549e-05 5.6525048439229866e-05 0.0033886086117127165 -0.0046162990114670599 0.00091159821770344339 -0.00058726508813596598 0.0019272934798560738 -0.0024940698667645423 -0.00023417552181201828 -0.0030196673089207984 -0.0027953791020410763 0.00034919728624166994 -0.0035801025683519202 8.9141203917518687e-05 0.00053034320241392965 0.0011203573494009429 -0.00014202787795114039 -6.4995356585627505e-05 -0.0028706829258801081 0.00057047575856834147 -0.0013228516094438232 -0.0014765942741114689 -0.0060072360598506062 0.00047999223503109349 -0.0015968478978839946 0.0014635830592367961 -0.0006174036615705866 -0.00094014189508631954 0.0030264226745892356
leaf_weight=4736 1158 98618 4967 3014 511 8374 517 4837 2392 64781 1111 1261 6567 576 26622 17518 2361 545 5250 721 18648 1868 2125 548 4447 768 1101 1498 7522 592
leaf_count=4736 1158 98618 4967 3014 511 8374 517 4837 2392 64781 1111 1261 6567 576 26622 17518 2361 545 5250 721 18648 1868 2125 548 4447 768 1101 1498 7522 592
internal_value=-0.000214505 -0.000169833 -8.97573e-05 0.000495946 -0.000683123 -0.00124086 0.000844271 0.00159953 0.000282912 -0.00195871 -0.00807004 -0.00411538 -0.002567 -0.0188123 0.00221567 0.00438127 -0.00145925 -0.00555057 -0.00380293 -0.0159875 0.00166558 -0.00252009 0.00304335 -0.00156337 -0.00101986 0.00537218 -0.00515498 0.0033921 -0.00790842 0.00858586
internal_weight=295554 294396 289660 145772 143888 116280 29779 28686 23849 86501 5244 4133 15475 1093 47154 20532 3622 8908 7642 1266 27608 6835 20773 81257 70588 5807 10669 2599 8070 5039
internal_count=295554 294396 289660 145772 143888 116280 29779 28686 23849 86501 5244 4133 15475 1093 47154 20532 3622 8908 7642 1266 27608 6835 20773 81257 70588 5807 10669 2599 8070 5039
is_linear=0
shrinkage=0.05


Tree=97
num_leaves=31
num_cat=0
split_feature=27 31 65 42 65 54 54 61 59 54 64 67 16 32 28 75 58 75 65 58 67 10 31 54 33 45 32 58 75 27
split_gain=57.0565 105.569 70.5334 46.3024 220.788 90.504 97.868 80.8277 86.8555 75.5765 112.323 253.221 150.156 139.767 104.79 88.4508 75.5181 74.4761 74.2001 72.7089 72.0402 61.1241 90.1946 59.2813 111.726 58.299 53.7566 52.2475 52.5247 49.2767
threshold=3.6738939285278325 0.3709844201803208 0.18526655435562137 0.023884237743914131 -0.30154803395271296 3.4602520465850835 8.3653230667114276 -0.024783402681350705 -0.054056432098150246 5.5412440299987802 -0.059769093990325921 0.13419737666845324 -0.08604447171092032 -0.31828111410140986 0.39799244701862341 0.040810968726873405 0.16848885267972949 0.10573474317789079 0.063132941722869887 0.31401723623275762 0.10407651588320734 -0.22614952176809308 0.41972088813781744 10.165822982788088 0.84685197472572338 22.500000000000004 -0.29403978586196894 0.48212075233459478 0.18366450816392901 0.1246369667351246
decision_type=10 10 8 8 10 2 2 10 10 2 10 10 10 10 10 10 2 10 10 2 10 8 10 2 10 10 10 2 10 10
left_child=3 -2 -3 4 5 -1 29 18 -9 27 14 13 -13 -12 16 -14 -11 -15 21 -20 -18 -6 -23 -5 -25 -24 -22 -10 -29 -7
right_child=1 2 -4 23 7 6 -8 8 9 10 11 12 15 17 -16 -17 20 -19 19 -21 26 22 25 24 -26 -27 -28 28 -30 -31
leaf_value=0.00084956287649209667 -0.0083888886424036933 -0.003107296621519959 0.0017475690131387841 -5.1383687041642313e-05 0.00040148916095168134 -0.0031188133180578494 0.00056536198432356603 0.0014341069225027191 0.00048448784417109655 -0.00027829489168827997 0.00055422711375858926 -0.00068125258155967436 0.0010255345561364282 -0.0029949615618306696 0.0012782836213225089 0.00024187710138350862 0.001467920653244504 -0.0013357996147636082 0.0021252352937435061 5.072399800351837e-05 -0.00090513253612232352 -0.00061153665276713481 0.0012192207091305893 -5.9381851847827539e-05 -0.0023419565836998329 -0.00061464625457262681 0.00065969499192604581 0.00075380083108194859 0.003934034924061562 -0.00039841067867195693
leaf_weight=791 537 551 958 251669 2304 1878 667 1335 5232 1790 631 2177 1594 1283 1231 2887 527 735 572 963 615 4855 820 1240 643 532 1169 2232 2833 503
leaf_count=791 537 551 958 251669 2304 1878 667 1335 5232 1790 631 2177 1594 1283 1231 2887 527 735 572 963 615 4855 820 1240 643 532 1169 2232 2833 503
internal_value=-0.000211317 -0.00851167 -0.00167874 -0.000153208 0.00142409 -0.00996363 -0.0138653 0.00263028 0.00408851 0.00341939 0.00110929 -0.00220565 0.0029994 -0.0152501 0.00688881 0.00822757 0.00302846 -0.0216469 -0.00118337 0.00889968 0.0089832 -0.00301021 -0.00558951 -0.000403057 -0.00921817 0.00580029 0.00412486 0.00669933 0.0103153 -0.0185905
internal_weight=295754 2046 1509 293708 40156 3839 3048 36317 26271 24936 14639 9307 6658 2649 5332 4481 4101 2018 10046 1535 2311 8511 6207 253552 1883 1352 1784 10297 5065 2381
internal_count=295754 2046 1509 293708 40156 3839 3048 36317 26271 24936 14639 9307 6658 2649 5332 4481 4101 2018 10046 1535 2311 8511 6207 253552 1883 1352 1784 10297 5065 2381
is_linear=0
shrinkage=0.05


Tree=98
num_leaves=31
num_cat=0
split_feature=27 29 45 18 66 19 57 67 11 60 46 58 32 29 65 10 32 38 27 65 75 9 30 18 65 40 71 60 75 67
split_gain=53.0553 94.5334 49.909 48.6947 137.758 155.675 138.09 104.239 101.612 100.436 71.3243 69.4162 86.6707 63.9472 94.0311 149.26 122.661 104.3 78.6118 77.3748 99.1366 77.3278 75.8433 74.4029 72.5423 71.8738 67.575 67.186 137.812 128.158
threshold=3.6738939285278325 -0.60499754548072804 6.5000000000000009 -0.22969997674226758 -0.35327199101448054 -0.14081251621246335 0.23612956702709201 0.12656008452177051 -0.16979281604290006 -0.15655992925167081 13.500000000000002 0.6456594467163087 -0.81043559312820423 -0.36791355907917017 -0.22975537180900571 -0.23182299733161923 -0.79892641305923451 0.367224931716919 0.45385575294494634 -0.45030623674392695 0.13472414016723636 -0.32413977384567255 0.32354651391506201 -0.1470958814024925 0.15452045202255252 0.019835518673062328 -0.1116633117198944 -0.12122258543968199 0.87879335880279552 1.0000000180025095e-35
decision_type=10 10 10 8 10 8 2 10 10 10 10 2 8 10 8 10 10 8 10 10 10 8 10 10 10 10 8 10 10 10
left_child=3 -2 -3 4 5 10 -6 9 11 -8 -1 12 -9 14 15 16 -5 24 -19 20 -15 -20 23 -18 25 -16 -23 28 29 -21
right_child=1 2 -4 13 6 -7 7 8 -10 -11 -12 -13 -14 19 17 -17 22 18 21 27 -22 26 -24 -25 -26 -27 -28 -29 -30 -31
leaf_value=0.00053401738146734688 -0.0077361088593491945 -0.0019807633014636088 0.0026892038138550123 -0.0027284396500656441 0.00089863252279799252 -0.0026820910698257348 -0.00024691712474280651 0.0020483043032169723 0.0034893849721579539 -0.0036375380708901215 0.0041347457657581596 -0.0046120007668503374 -0.0010447810143860718 -0.0024804267861048787 -0.00010081053646882472 -0.0015799355535097322 0.00031922552729946149 -0.00025648521887911837 -0.0016604684556178403 -0.00022468914880330803 -0.00050992248668950955 0.0033846524355162738 0.0023520908595857305 -0.00073861455413949033 -0.0011967647485824579 0.00088160548534592278 0.00055529964582283942 -0.00011249270291323194 -0.0025335781876646064 0.00053664370255034522
leaf_weight=7037 506 947 622 510 2049 1750 971 1121 699 1940 1283 609 8380 1549 5510 5252 9747 28167 666 6762 4268 1857 2011 4202 1245 25162 17587 133383 1906 18143
leaf_count=7037 506 947 622 510 2049 1750 971 1121 699 1940 1283 609 8380 1549 5510 5252 9747 28167 666 6762 4268 1857 2011 4202 1245 25162 17587 133383 1906 18143
internal_value=-0.000229676 -0.00817746 -0.00205826 -0.000173261 -0.00224573 0.00232143 -0.00516192 -0.00697014 -0.00470006 -0.0153543 0.00517407 -0.00597826 -0.00491536 2.66854e-05 0.0010125 -0.00190502 0.000436893 0.0018029 0.00033653 -0.000578541 -0.0062382 0.00272366 0.00121478 -9.67118e-05 0.00402011 0.00450101 0.00330009 -0.00037265 0.00191082 0.00290387
internal_weight=295841 2075 1569 293766 25839 10070 15769 13720 10809 2911 8320 10110 9501 267927 101916 21722 16470 80194 48277 166011 5817 20110 15960 13949 31917 30672 19444 160194 26811 24905
internal_count=295841 2075 1569 293766 25839 10070 15769 13720 10809 2911 8320 10110 9501 267927 101916 21722 16470 80194 48277 166011 5817 20110 15960 13949 31917 30672 19444 160194 26811 24905
is_linear=0
shrinkage=0.05


Tree=99
num_leaves=31
num_cat=0
split_feature=12 55 31 69 33 60 19 54 54 65 10 75 42 30 55 66 42 42 7 65 32 42 69 55 32 32 33 70 33 42
split_gain=59.2565 85.6878 53.0599 93.4435 48.3262 124.524 62.1446 80.4913 89.1781 75.0744 71.3667 62.0484 56.1727 51.5102 240.378 209.644 168.807 157.854 128.867 114.287 127.741 146.407 108.891 318.398 193.59 160.338 150.794 129.28 126.183 121.229
threshold=0.094771191477775588 1.5000000000000002 0.30967102944850927 0.04754243046045304 2.8244669437408452 0.12424410134553911 -0.040242487564682954 7.8237440586090097 4.7252173423767099 -0.056826949119567864 0.60529008507728588 0.81025961041450512 0.049187390133738525 0.73542597889900219 1.0000000180025095e-35 -0.32732795178890223 0.18595284968614581 0.079964693635702147 -0.54132667183876026 0.13711816072463992 -0.20753696560859677 0.038508368656039245 0.014649507589638235 1.0000000180025095e-35 -0.13421971350908277 -0.71742239594459523 0.096826720982790007 -0.057777604088187211 0.22428771108388904 0.019711301662027839
decision_type=8 2 10 10 10 10 10 2 2 10 10 10 10 8 2 8 10 10 10 8 10 10 10 2 8 8 10 10 10 10
left_child=4 2 -2 -4 13 6 -6 8 9 -8 -9 -11 -10 19 15 -15 -16 -17 -19 22 -21 -22 24 -24 28 -25 -26 -27 -1 -30
right_child=1 -3 3 -5 5 -7 7 10 12 11 -12 -13 -14 14 16 17 -18 18 -20 20 21 -23 23 25 26 27 -28 -29 29 -31
leaf_value=-0.0002861869598223007 -0.0010729396407011692 -0.0021947137576077318 -0.00038408196264346357 0.0020669342968554229 0.0017093926737112729 0.0017951192735280704 -0.0049496377720671322 -0.00077648187915467938 0.0017836328378490803 -0.0026874239630220922 -0.0037849018686390099 -0.00020171304938897407 -0.00028284777787067756 -0.0014393287739885505 -0.00083435292944216495 0.001367400750251546 0.0027053959761220744 -0.0015186172852010224 0.00068654516144302756 -0.00075611659409503817 0.00060305354302136105 -0.00043893700341738273 -4.5625339165230934e-06 -0.0011114293216892954 -0.0026248990606610118 0.0017805558361845067 -0.00097770672732735704 0.00047649972283879963 0.0012970648786057243 0.00013899003491225914
leaf_weight=28229 10735 939 16344 2469 951 2177 1349 958 600 771 713 2573 2739 4813 10196 23147 884 3804 19829 25397 5796 6123 69016 994 815 2855 4571 16105 3004 26903
leaf_count=28229 10735 939 16344 2469 951 2177 1349 958 600 771 713 2573 2739 4813 10196 23147 884 3804 19829 25397 5796 6123 69016 994 815 2855 4571 16105 3004 26903
internal_value=-0.0001408 -0.00222809 -0.00175249 -0.000151411 9.91248e-05 -0.00289308 -0.00512003 -0.00631628 -0.0042278 -0.00866468 -0.0162701 -0.00462135 0.00201553 0.000251296 0.00149403 0.00292909 -0.00518485 0.0039517 0.00107643 -0.0001591 -0.00263891 0.00163048 0.000447863 0.00157676 -0.00113329 0.00713785 -0.0101927 0.00816552 -0.000292367 0.00197045
internal_weight=295799 30487 29548 18813 265312 12831 10654 9703 8032 4693 1671 3344 3339 252481 62673 51593 11080 46780 23633 189808 37316 11919 152492 88970 63522 19954 5386 18960 58136 29907
internal_count=295799 30487 29548 18813 265312 12831 10654 9703 8032 4693 1671 3344 3339 252481 62673 51593 11080 46780 23633 189808 37316 11919 152492 88970 63522 19954 5386 18960 58136 29907
is_linear=0
shrinkage=0.05


Tree=100
num_leaves=31
num_cat=0
split_feature=48 54 65 73 39 54 60 75 40 70 59 19 54 66 69 30 5 60 55 54 55 42 68 68 60 9 9 18 27 57
split_gain=52.7649 55.9963 117.974 58.1846 52.6443 41.7783 179.794 60.1095 38.4273 38.291 65.6019 69.8774 65.2392 131.087 127.007 129.712 115.654 138.748 118.958 92.7237 101.342 84.6559 74.4976 121.584 87.4139 81.9958 80.9857 71.2103 66.9165 63.4136
threshold=0.23335464298725131 5.8867287635803232 -0.37703415751457209 0.37434437870979315 0.23105547577142718 0.84800961613655101 -0.065837245434522615 0.92501962184906017 0.056261187419295318 -0.057777604088187211 -0.08991703018546103 -0.12154657766222952 4.00724220275879 -0.37211818993091578 0.017343870364129547 0.33333580195903784 -0.23796208947896955 0.35858497023582464 1.5000000000000002 8.5302562713623065 1.0000000180025095e-35 0.039571968838572509 0.10033744946122171 0.040673082694411285 0.047396568581461913 -0.026408803649246689 0.031573209911584861 -0.20965210348367688 0.72004058957099926 0.71495693922042858
decision_type=2 2 10 8 8 2 8 8 10 8 10 8 2 8 10 10 10 8 2 2 2 10 10 10 10 10 8 10 10 2
left_child=5 4 3 -3 -2 6 -1 8 -8 10 11 -7 13 -12 15 21 -14 22 19 20 -19 -15 23 24 -18 -24 -25 -23 29 -16
right_child=1 2 -4 -5 -6 9 7 -9 -10 -11 12 -13 16 14 28 -17 17 18 -20 -21 -22 27 25 26 -26 -27 -28 -29 -30 -31
leaf_value=-0.0012210226953704526 -0.00073615346457611285 0.010748183987061889 -0.0026139269364475371 0.00092123167644577494 -0.0041322801535924308 0.0034972734563165908 0.0040326128976325105 0.016983898252439521 2.9892061155368036e-05 -5.5980243349566114e-05 0.002564420615621032 0.00082238685079428727 -0.0014986341622584621 0.0017406959905180049 -0.0012384663481160713 0.0032743148902992466 -9.3076131201263491e-06 0.0010374553453244462 0.0033062410714652015 0.0022211506175836113 -0.0032641160774159808 -0.0032236374399811961 -0.0026609348980015006 0.0013021404475221121 -0.0011743279737766431 -0.00043207314607949002 -0.00082887443234264688 -2.1482471863553712e-05 0.0013024816954922385 0.00038820498320390475
leaf_weight=1451 8251 521 725 936 1960 956 723 623 621 214487 2751 4919 3353 2080 6515 4759 17333 2071 541 670 586 959 781 2104 3414 2765 720 3174 2138 3134
leaf_count=1451 8251 521 725 936 1960 956 723 623 621 214487 2751 4919 3353 2080 6515 4759 17333 2071 541 670 586 959 781 2104 3414 2765 720 3174 2138 3134
internal_value=-0.000141708 -0.00333387 0.00392336 0.0120995 -0.004887 -2.11537e-06 0.00548425 0.015301 0.00923191 -6.92313e-05 0.000986567 0.00602379 0.000491162 0.00240596 0.00115728 0.00502641 -0.000931641 2.41975e-05 0.00887055 0.00528918 0.00106862 0.000265145 -0.00124046 -0.000222637 -0.00154888 -0.0079865 0.00949188 -0.003874 -0.00244554 -0.00421886
internal_weight=296021 12393 2182 1457 10211 283628 3418 1967 1344 280210 65723 5875 59848 25510 22759 10972 34338 30985 3868 3327 2657 6213 27117 23571 20747 3546 2824 4133 11787 9649
internal_count=296021 12393 2182 1457 10211 283628 3418 1967 1344 280210 65723 5875 59848 25510 22759 10972 34338 30985 3868 3327 2657 6213 27117 23571 20747 3546 2824 4133 11787 9649
is_linear=0
shrinkage=0.05


Tree=101
num_leaves=31
num_cat=0
split_feature=41 65 72 41 17 70 33 36 38 65 10 68 55 55 9 55 60 59 54 54 60 11 32 19 23 60 20 19 36 11
split_gain=57.369 143.357 44.3924 42.4309 56.3257 44.6713 67.5008 74.0094 64.1462 59.2983 122.416 106.104 105.861 83.1742 127.942 92.3564 79.5948 77.1308 111.102 79.2433 75.3986 87.6415 78.7046 74.6781 71.2933 66.8608 68.6656 65.2607 70.1624 54.2009
threshold=0.0076061000581830749 0.050582230091094978 0.99064835906028759 0.28949439525604254 -0.46152004599571222 -0.057777604088187211 2.1975511312484746 52.51628494262696 0.050735330209136016 0.13711816072463992 -0.01718481536954641 0.021534158848226074 1.0000000180025095e-35 1.5000000000000002 -0.037469660863280289 1.0000000180025095e-35 0.026157843880355362 -0.08991703018546103 6.8026726245880136 4.00724220275879 -0.095811817795038209 -0.015729516744613644 -0.65464287996292103 -0.28575554490089411 -0.16363596916198728 0.04173537343740464 -0.19998638331890103 -0.12154657766222952 20.51070594787598 0.45501986145973211
decision_type=8 10 10 10 8 8 10 2 10 10 10 10 2 2 8 2 10 10 2 2 10 10 8 10 10 8 10 8 2 10
left_child=1 -1 3 4 -2 6 8 -8 -6 11 12 17 16 14 -13 24 -11 18 27 20 29 22 -22 -15 -16 26 -21 -10 -29 -19
right_child=2 -3 -4 -5 5 -7 7 -9 9 10 -12 13 -14 23 15 -17 -18 19 -20 25 21 -23 -24 -25 -26 -27 -28 28 -30 -31
leaf_value=-0.00016087832016656713 -0.0033298409107631781 0.0013874272609888296 -0.0016517797282838914 0.0032183578987065157 -0.0013421205444121371 -6.4481946582385481e-05 -0.0016140380838574988 0.00080085501968586714 0.0028460100948719258 -1.2285979228919173e-05 0.00038737623254653242 0.0016321568987778348 0.00018324635517832975 0.0040608813071503318 -0.00095699817951167834 -0.0042836574456963997 -0.0031728568228675648 0.00011698115672830485 0.0069702381679434405 -0.0013509922276331524 0.0031805435585186221 0.0070587554079431852 -0.00039785400976668914 0.0007270884362332214 0.001290658204073097 -0.0015973215010020372 5.2885287595823288e-05 -0.0020161340777293218 0.001059120143196335 -0.0025169509326846418
leaf_weight=1372 999 869 2632 1047 1400 220458 3662 1679 869 624 6065 4650 1424 556 2383 514 1711 8728 880 2918 1748 2499 3348 516 3132 1430 11739 1135 3939 715
leaf_count=1372 999 869 2632 1047 1400 220458 3662 1679 869 624 6065 4650 1424 556 2383 514 1711 8728 880 2918 1748 2499 3348 516 3132 1430 11739 1135 3939 715
internal_value=-0.000110772 0.00784096 -0.000171773 -0.000113145 -0.000149622 -0.000108405 0.00100917 -0.00438236 0.00146743 0.00170884 -0.00185072 0.00238546 -0.0089281 0.00655982 0.00521564 0.000405696 -0.0154584 0.00115621 0.00599298 0.000158443 0.00253402 0.00623932 0.00246769 0.0197782 0.00230769 -0.00235758 -0.00134656 0.00351923 0.00133753 -0.000449593
internal_weight=295641 2241 293400 290768 289721 288722 68264 5341 62923 61523 9824 51699 3759 11751 10679 6029 2335 39948 6823 33125 17038 7595 5096 1072 5515 16087 14657 5943 5074 9443
internal_count=295641 2241 293400 290768 289721 288722 68264 5341 62923 61523 9824 51699 3759 11751 10679 6029 2335 39948 6823 33125 17038 7595 5096 1072 5515 16087 14657 5943 5074 9443
is_linear=0
shrinkage=0.05


Tree=102
num_leaves=31
num_cat=0
split_feature=72 69 9 54 60 54 54 40 41 65 41 55 31 27 69 54 40 32 60 18 9 41 75 69 74 54 24 55 67 72
split_gain=45.1545 54.9837 44.0511 62.234 93.7647 58.4793 62.878 43.1997 42.1018 137.774 41.5726 328.256 86.7104 78.6981 75.3306 75.2843 96.1663 63.9322 60.7867 88.9646 67.1577 63.9618 60.5255 71.6471 57.5998 55.2048 52.3302 51.2344 52.24 53.7652
threshold=0.99064835906028759 0.02913566026836634 -0.57926192879676808 0.47933015227317816 -0.014524938073009251 5.5701937675476083 1.8586387038230898 0.12258027121424676 0.0076061000581830749 0.050582230091094978 0.11802238225936891 1.5000000000000002 0.10477333143353464 2.0751492977142338 0.059330618008971221 2.275727510452271 0.14411129802465442 -0.54933172464370716 -0.049221385270357125 -0.024520620703697201 -0.36175768077373499 0.19113810360431674 0.94747284054756176 0.017343870364129547 0.92484930157661449 3.5203129053115849 1.9715520143508913 1.0000000180025095e-35 0.13218269497156146 0.15663199126720431
decision_type=10 10 8 2 8 2 2 10 8 10 10 2 10 10 10 2 10 10 10 10 8 10 10 10 8 2 10 2 8 10
left_child=2 -2 5 4 -4 6 -1 -8 9 -5 14 12 13 27 22 16 -14 -17 19 20 -19 -22 26 -24 -16 -20 -10 28 29 -12
right_child=1 -3 3 8 -6 -7 7 -9 10 -11 11 -13 15 -15 24 17 -18 18 25 -21 21 -23 23 -25 -26 -27 -28 -29 -30 -31
leaf_value=-0.0028870824910733838 -0.0027123274148725647 0.0019391839658166406 -0.0010677828883677079 -0.00029473705015332479 0.014032136911534805 -0.0027565274094074024 0.00096092419647539253 -0.0030449551784729849 -1.6707303185028652e-05 0.0013139871096555734 -0.0069346074738333699 -0.0034445041852279681 0.0010056431903679517 -0.0056908686199332514 -0.00084217431742110741 0.0020120303412818909 -0.0031363455497310012 -0.0011480616600164628 0.0053338363553676188 -0.0018997587838691628 0.00078989316146535829 0.0067130924208779188 -0.00027985506653083452 -0.002446429647958773 -0.0030931558651884879 0.0003516912190802444 -0.0032092019128035494 0.0026296453562295909 0.00011402754623962182 -0.0013710097582023647
leaf_weight=952 2032 592 512 1326 835 583 1938 510 248516 857 526 1092 2169 540 2885 9324 1750 510 1929 2172 2187 559 2475 1461 518 2332 572 582 3175 661
leaf_count=952 2032 592 512 1326 835 583 1938 510 248516 857 526 1092 2169 540 2885 9324 1750 510 1929 2172 2187 559 2475 1461 518 2332 572 582 3175 661
internal_value=-0.000164481 -0.00668185 -0.000105978 -3.40271e-05 0.0106485 -0.00532181 -0.00278592 0.00146461 -8.43375e-05 0.00681715 -0.000137264 0.00163968 0.00267713 -0.00296687 -0.000341799 0.00402755 -0.00227793 0.00532776 0.00247964 -0.00102979 0.00419473 0.00729318 -0.00024226 -0.00638621 -0.00772048 0.00694217 -0.000144923 -0.000968914 -0.00283623 -0.0117377
internal_weight=296072 2624 293448 289465 1347 3983 3400 2448 288118 2183 285935 29508 28416 5484 256427 22932 3919 19013 9689 5428 3256 2746 253024 3936 3403 4261 249088 4944 4362 1187
internal_count=296072 2624 293448 289465 1347 3983 3400 2448 288118 2183 285935 29508 28416 5484 256427 22932 3919 19013 9689 5428 3256 2746 253024 3936 3403 4261 249088 4944 4362 1187
is_linear=0
shrinkage=0.05


Tree=103
num_leaves=31
num_cat=0
split_feature=73 11 74 66 41 17 54 15 54 66 37 54 75 60 58 49 30 42 8 11 58 75 54 53 69 55 68 54 57 11
split_gain=54.0237 47.9933 54.8728 120.338 54.9196 60.0243 100.665 49.1536 47.9654 78.5063 48.8086 68.74 58.2466 83.2904 52.1031 93.9864 80.2236 96.0976 64.831 61.3171 87.1026 64.0022 75.0302 58.805 74.4479 122.538 113.428 111.66 109.894 84.5063
threshold=0.99751436710357677 -0.78013819456100453 0.020451268181204799 -0.06893999874591826 0.28949439525604254 -0.30460298061370844 3.3143678903579716 -0.43022441864013666 0.47933015227317816 -0.20213404297828672 -0.88524937629699696 4.2486379146575937 0.31387151777744299 0.0063322894275188455 0.52049979567527782 0.00067348789889365445 1.0666166543960574 0.085207212716341033 0.12632993608713153 5.8403277397155771 0.81265348196029674 0.80268603563308727 4.3921005725860605 1.0000000180025095e-35 0.022169589996337894 1.0000000180025095e-35 0.03914188593626023 6.8586175441741952 0.46251866221427923 0.027240867726504806
decision_type=10 8 8 10 10 8 2 10 2 8 8 2 10 10 2 2 8 8 8 8 2 8 2 10 10 2 10 2 2 10
left_child=1 -1 3 -3 5 6 7 -4 9 -7 11 -10 -13 -14 -12 18 23 -18 -16 20 -19 22 -21 24 27 -26 -27 -17 -29 -30
right_child=-2 2 4 -5 -6 8 -8 -9 10 -11 14 12 13 -15 15 16 17 19 -20 21 -22 -23 -24 -25 25 26 -28 28 29 -31
leaf_value=0.0028382669245145143 -0.0038522666788447265 -0.00030097960604193679 -0.004171417882858474 -0.0079932557457793683 0.0039593442267649411 -0.00030411117543216112 0.00018529991932029859 -0.0017466522504219805 -0.00029875916495855951 0.016123750285724568 -9.009707263333625e-05 0.00010847186266410847 0.0015180297243098985 -0.00089849968726675227 0.00078582894726497851 -0.00036242194484814518 0.00086265137498911797 -0.00025975939892878067 0.00017910532566032725 -0.0012013306680353133 0.0084154888808818697 -0.0020743169660508163 0.001409649445658535 0.0013674394422752202 -0.0002862663150381249 -6.2094136691093901e-05 0.0015485393190447006 0.00082228759942746816 -0.00079457702184400803 -0.0026910493077981958
leaf_weight=889 880 4100 906 927 1002 672 2488 1107 7576 524 181145 8039 5922 742 14574 15263 9291 3140 15116 1298 933 2826 1381 1487 6330 1009 1307 544 3070 1273
leaf_count=889 880 4100 906 927 1002 672 2488 1107 7576 524 181145 8039 5922 742 14574 15263 9291 3140 15116 1298 933 2826 1381 1487 6330 1009 1307 544 3070 1273
internal_value=-5.93364e-05 -2.22116e-05 -5.74826e-05 -0.00523129 3.27018e-05 -8.16049e-06 -0.00573044 -0.0140138 8.29006e-05 0.0100332 4.0386e-05 0.00228588 0.00427853 0.0077315 -0.000152117 0.000920712 -0.000421057 0.0021373 0.00314141 -0.00137672 0.00326965 -0.00481414 0.000725177 -0.00201532 -0.00251684 0.00136322 0.011178 -0.00418155 -0.0107515 -0.0134045
internal_weight=295761 294881 293992 5027 288965 287963 4501 2013 283462 1196 282266 22279 14703 6664 259987 78842 49152 18869 29690 9578 4073 5505 2679 30283 28796 8646 2316 20150 4887 4343
internal_count=295761 294881 293992 5027 288965 287963 4501 2013 283462 1196 282266 22279 14703 6664 259987 78842 49152 18869 29690 9578 4073 5505 2679 30283 28796 8646 2316 20150 4887 4343
is_linear=0
shrinkage=0.05


Tree=104
num_leaves=31
num_cat=0
split_feature=0 65 11 29 60 41 11 69 41 55 67 55 41 58 39 26 60 75 58 29 67 58 66 75 74 33 68 8 33 65
split_gain=39.047 42.2606 75.9768 37.4037 71.4503 211.34 191.798 168.528 141.324 134.122 132.272 155.294 144.045 108.685 113.334 103.292 101.046 97.3439 95.6547 89.367 73.3539 85.1794 72.8926 63.2249 61.9789 67.1431 59.7697 81.8189 66.3769 58.9144
threshold=0.044923983514308936 0.39654964208602911 0.31151796877384191 -0.33428983390331263 -0.018633903004229065 0.058139579370617873 -0.43029084801673884 0.014649507589638235 0.056443283334374435 1.5000000000000002 0.10765899717807771 1.0000000180025095e-35 0.0076061000581830749 0.091229446232318892 0.038221253082156188 -0.08843431249260901 -0.12122258543968199 0.22868772596120837 0.056963250041008003 -0.20560597628355023 0.10765899717807771 0.81265348196029674 -0.12985403090715406 0.28151403367519384 0.77713337540626537 0.080390293151140227 0.0093405554071068781 0.15552547574043277 0.14751123636960986 -0.13129255175590512
decision_type=8 10 8 10 8 10 10 10 10 2 10 2 8 2 10 10 10 10 2 10 10 2 10 10 10 10 10 10 10 10
left_child=1 3 -3 -1 5 6 -5 18 10 13 11 17 -12 14 19 16 -15 -6 -8 -9 -10 -22 -7 -11 -20 -26 28 -28 -14 -17
right_child=-2 2 -4 4 8 22 7 9 20 23 12 -13 26 15 -16 29 -18 -19 24 -21 21 -23 -24 -25 25 -27 27 -29 -30 -31
leaf_value=0.0001152436882992252 -0.0002904039358903883 0.0018519650346225766 -0.00079336597789081463 -0.0012579799950757737 -0.0029875308595373688 -0.00088410701917655691 0.00066412140305860824 -0.00042270090806847179 0.0068527888071652169 0.0012163834495027726 0.0011060688659891252 -0.0034617754646533447 -0.00094038112309577598 0.00089304466207637632 0.0015886836193898031 0.0010223926132518443 9.107404817617834e-05 -0.00010562265000505266 3.5219235260294498e-05 -0.0027346946494661516 2.4291938638371094e-06 0.0044202685982854392 0.0048618257858311434 0.00045982495744962843 -0.00075466121190166126 -0.00020486815656033265 7.0705398814359258e-05 -0.00083953652757364937 -0.00033263862453271933 0.00038440936349374942
leaf_weight=123569 40665 609 510 2991 1419 13524 1863 1265 1609 1598 817 1282 5097 5144 594 4448 10910 3016 6704 538 15743 1781 681 943 1472 3582 20584 8013 13042 1866
leaf_count=123569 40665 609 510 2991 1419 13524 1863 1265 1609 1598 817 1282 5097 5144 594 4448 10910 3016 6704 538 15743 1781 681 943 1472 3582 20584 8013 13042 1866
internal_value=-9.41231e-05 0.000135175 0.00978742 9.22847e-05 -0.000497947 0.000807631 0.00252231 0.00341622 -0.00154599 0.00568165 -0.00286974 -0.0100489 -0.00200471 0.00455499 -0.00554632 0.00563947 0.00350473 -0.00559055 -0.00112611 -0.0117761 0.00213916 0.00119767 -0.00449173 0.0166013 -0.00279572 -0.00697077 -0.00237026 -0.000945573 -0.00461458 0.0110531
internal_weight=295879 255214 1119 254095 130526 58123 43918 40927 72403 27306 53270 5717 47553 24765 2397 22368 16054 4435 13621 1803 19133 17524 14205 2541 11758 5054 46736 28597 18139 6314
internal_count=295879 255214 1119 254095 130526 58123 43918 40927 72403 27306 53270 5717 47553 24765 2397 22368 16054 4435 13621 1803 19133 17524 14205 2541 11758 5054 46736 28597 18139 6314
is_linear=0
shrinkage=0.05


Tree=105
num_leaves=31
num_cat=0
split_feature=48 55 70 64 38 41 67 41 55 8 16 30 75 69 41 74 11 19 75 27 33 66 66 67 64 75 24 38 66 11
split_gain=43.5921 40.6154 58.0764 37.5 61.9898 34.3825 101.416 32.2662 289.061 102.451 105.298 98.9703 87.0563 67.3012 56.0836 49.9759 49.0748 57.4755 47.398 45.0554 44.7339 62.2574 43.5061 91.07 85.363 82.0558 71.3617 43.0516 40.2553 38.8127
threshold=0.27226135134696966 1.0000000180025095e-35 -0.33233791589736933 0.14958441257476809 1.1697685718536379 0.0076061000581830749 0.2827183604240418 0.10336021706461908 1.5000000000000002 -0.46005117893218989 -0.098838508129119859 0.34910278022289282 0.93263792991638195 0.077211149036884322 0.12997487932443622 0.84888970851898204 0.92327043414115917 -0.1772641986608505 0.98708128929138195 1.9523611068725588 0.71895870566368114 -0.20213404297828672 -0.12575253844261167 0.17144349962472918 0.14958441257476809 0.92101293802261364 1.0274344682693484 1.1308165788650515 -0.24756715446710584 -0.24538728594779965
decision_type=2 2 10 10 8 8 10 10 2 10 8 8 10 10 10 8 8 10 10 10 8 10 10 10 10 10 10 10 10 10
left_child=5 2 -2 4 -4 6 -1 12 9 11 16 -9 13 27 -10 -15 17 -11 22 -13 29 -22 26 -24 -25 -26 -12 -7 -20 -14
right_child=1 -3 3 -5 -6 7 -8 8 14 10 18 19 20 15 -16 -17 -18 -19 28 -21 21 -23 23 24 25 -27 -28 -29 -30 -31
leaf_value=2.929472577172746e-05 -0.0064515239715417453 0.001230740084590491 -0.0005805689210072807 0.0018429574096362916 -0.003969501656324744 -3.7476100393782527e-06 0.0012373943406118874 -0.0032358477049370827 -0.0010473819223266506 0.0066336071522529174 -0.00014853784368237265 0.0001469223377121548 0.00051534048227495097 -0.00053405773457169806 -0.0037281671557038753 -0.0027324395929923719 0.0010156925003898217 0.00080380411100327426 -0.0045998341397733939 -0.0041609092487196178 -0.0027864072749846122 0.0016107918639783195 0.010946186866702566 -0.0040133298402828298 -0.00062326824549984415 0.0061552211424499266 0.0020398596476248311 -0.0018919404394877077 -0.00043279063026025469 -0.0018206350977236928
leaf_weight=1742 703 904 4794 1194 1367 238822 501 1412 504 1917 12038 5800 1274 1007 842 636 4406 793 537 579 1823 515 1937 933 1202 929 3452 1228 1303 675
leaf_count=1742 703 904 4794 1194 1367 238822 501 1412 504 1917 12038 5800 1274 1007 842 636 4406 793 537 579 1823 515 1937 933 1202 929 3452 1228 1303 675
internal_value=-0.000112415 -0.00354436 -0.00467278 -0.00334691 -0.00491817 -5.05549e-06 0.00614736 -5.37646e-05 0.00129036 0.00211555 0.00346437 -0.00298039 -0.000264645 -0.00013922 -0.0213864 -0.0101936 0.00875667 0.0140441 0.00177476 -0.000320864 -0.00731906 -0.0119676 0.00246573 0.00651567 0.00113858 0.00665577 0.00115484 -6.99825e-05 -0.00589189 -0.00171006
internal_weight=295769 8962 8058 7355 6161 286807 2243 284564 38584 37238 29447 7791 245980 241693 1346 1643 7116 2710 22331 6379 4287 2338 20491 5001 3064 2131 15490 240050 1840 1949
internal_count=295769 8962 8058 7355 6161 286807 2243 284564 38584 37238 29447 7791 245980 241693 1346 1643 7116 2710 22331 6379 4287 2338 20491 5001 3064 2131 15490 240050 1840 1949
is_linear=0
shrinkage=0.05


Tree=106
num_leaves=31
num_cat=0
split_feature=41 67 18 54 54 67 15 36 54 2 39 71 60 55 48 63 67 58 16 57 46 41 40 31 68 8 54 58 58 49
split_gain=47.1146 94.6908 38.7353 99.7783 59.8474 102.41 59.3074 100.327 68.1806 54.5219 49.7048 59.3747 133.159 70.2005 69.3765 53.5509 48.785 45.3952 46.9872 44.9082 54.4353 86.824 44.8563 48.5983 42.8104 78.6729 98.7353 181.326 118.711 89.0709
threshold=0.0076061000581830749 0.19013634324073794 -0.30221128463745112 1.8301782608032229 0.47933015227317816 0.25114202499389654 -0.35265125334262842 18.950486183166507 2.275727510452271 0.061091113835573203 0.15814460068941119 2.1066337823867802 0.12424410134553911 1.0000000180025095e-35 0.044000133872032172 -0.26977345347404474 0.081724774092435851 0.74469971656799328 1.0380867719650271 0.83558747172355663 23.500000000000004 0.04760593734681607 0.1479558274149895 0.28481993079185491 0.019005300477147106 0.18311084061861041 5.2127592563629159 0.72983556985855114 0.74469971656799328 4.0734192225500017e-05
decision_type=8 10 8 2 2 8 8 2 2 10 8 8 8 2 2 8 10 2 8 2 10 8 10 10 8 10 2 2 2 2
left_child=1 -1 3 -2 5 -4 7 -6 -9 16 15 17 -13 14 -14 -8 -5 18 -12 22 21 -21 24 -24 -17 29 27 -27 -28 -26
right_child=2 -3 4 9 6 -7 10 8 -10 -11 11 12 13 -15 -16 19 -18 -19 -20 20 -22 -23 23 -25 25 26 28 -29 -30 -31
leaf_value=-9.0443709149379275e-05 -0.0026946140572209317 0.0011017048433741483 -0.0010640201485505086 -0.00076503312902515561 -0.0009688803293302138 0.014398831027443288 -0.0033308265961980582 -0.002092545909319698 0.002423585865340507 -0.0014108216696773245 -0.0019650652092653362 -0.0094415046671424731 0.0016695012788819537 -0.0050335560283991708 -0.0014508907873889744 -8.8349452769299203e-05 0.00069013523994079567 0.0084738535254743584 0.00059231521541397891 0.001343029071906915 -0.0013890382645134329 0.00023075030111278772 -0.00047336494591708087 0.0024475165402180667 0.00076837359922401777 -0.00081629882713733922 -0.00028035590025002029 0.0034647631138777003 -0.0024606770799008651 3.3808510223836202e-05
leaf_weight=1334 1753 912 563 1537 1929 708 872 569 3926 2297 2834 607 1352 669 3232 179712 5184 626 3762 2801 925 8197 1919 2869 16250 7149 5804 4215 2623 28522
leaf_count=1334 1753 912 563 1537 1929 708 872 569 3926 2297 2834 607 1352 669 3232 179712 5184 626 3762 2801 925 8197 1919 2869 16250 7149 5804 4215 2623 28522
internal_value=-0.000105864 0.0070922 -0.000161205 -0.00310268 -4.90014e-05 0.0107338 -9.80901e-05 0.00464719 0.00873474 -0.000974745 -0.000209129 -0.0032157 -0.0069506 -0.00436063 -0.00213322 -5.88083e-05 0.00129996 -0.000179757 -0.00140781 -1.72416e-05 0.00297913 0.00396076 -0.000160796 0.00462693 -0.000254825 0.000849426 -0.00177516 0.00126605 -0.00587294 0.00200974
internal_weight=295652 2246 293406 10771 282635 1271 281364 6424 4495 9018 274940 13082 5860 5253 4584 261858 6721 7222 6596 260986 11923 10998 249063 4788 244275 64563 19791 11364 8427 44772
internal_count=295652 2246 293406 10771 282635 1271 281364 6424 4495 9018 274940 13082 5860 5253 4584 261858 6721 7222 6596 260986 11923 10998 249063 4788 244275 64563 19791 11364 8427 44772
is_linear=0
shrinkage=0.05


Tree=107
num_leaves=31
num_cat=0
split_feature=42 65 65 63 67 64 67 55 54 59 54 60 64 68 32 65 54 30 64 61 30 55 27 68 55 10 15 40 32 7
split_gain=48.3384 176.174 92.1425 82.815 76.771 68.2598 126.533 75.2202 80.032 68.5186 63.1046 60.9844 95.995 86.8702 76.7972 63.9881 55.9365 127.402 50.7571 50.1679 49.6572 180.093 238.209 171.043 163.7 176.675 152.947 155.098 133.854 130.108
threshold=0.022395143285393718 -0.30154803395271296 0.23623430728912356 -0.062248766422271722 0.058803495019674308 -0.14871269464492795 0.054328313097357757 1.0000000180025095e-35 7.0012910366058358 -0.092777658253908143 3.3143678903579716 -0.016461243852972981 -0.1025242507457733 0.010184739716351034 -0.24610537290573117 0.063695967197418227 10.165822982788088 0.47369885444641119 -0.059769093990325921 -0.018864244222640988 0.77205973863601696 1.0000000180025095e-35 2.6837921142578129 0.10317764431238176 1.0000000180025095e-35 0.12779866904020312 -0.41479426622390742 0.071403503417968764 -0.70984435081481922 -0.064258754253387437
decision_type=8 10 10 10 10 10 10 2 2 10 2 10 10 10 10 10 2 10 10 10 8 2 10 10 2 10 8 8 8 10
left_child=1 -1 3 5 -5 6 9 -7 -9 -3 19 12 -12 -13 -14 -16 20 18 -18 -6 24 -22 23 26 -2 28 -23 -28 -26 -30
right_child=16 2 -4 4 10 7 -8 8 -10 -11 11 13 14 -15 15 -17 17 -19 -20 -21 21 22 -24 -25 25 -27 27 -29 29 -31
leaf_value=-0.0014725553260460456 -0.0002504389671271503 -0.0016501607950037995 0.001187553732450613 0.0015061892047658549 -0.00036938348355006353 -2.92018413839411e-05 0.0028562867246954768 -0.00017640103324612357 -0.0013614649603971756 0.00015780575256687246 -0.00026150172532610476 -0.00054477594764583762 0.00061330123431528659 0.00033938463699867627 0.0017453424368343269 0.00059472508457313479 0.0010475631181340282 -0.0024166569837152777 -0.0005767230996830922 0.002879387809591571 0.00035019638875210223 0.0030182055982205819 0.014431731039898985 0.0016003822553640496 -0.0010038200944372765 -0.0010346919119536811 -0.00039928564571996804 -0.0023868761447852467 0.00067566704617638598 4.6942696419997922e-05
leaf_weight=3420 139530 500 1221 864 696 3439 511 1205 1182 4641 1644 4716 1683 5402 822 620 573 694 696 2960 76344 599 524 1524 1201 2817 5856 4555 14372 11587
leaf_count=3420 139530 500 1221 864 696 3439 511 1205 1182 4641 1644 4716 1683 5402 822 620 573 694 696 2960 76344 599 524 1524 1201 2817 5856 4555 14372 11587
internal_value=-0.000171048 0.00155898 0.00270893 0.00217349 0.00416388 -0.00119255 0.00271989 -0.00498629 -0.0117856 0.00033974 0.00347922 0.00203061 0.0066855 -0.000167852 0.0118182 0.0202479 -0.000406697 -0.00879372 0.000664582 0.00935625 -0.000342771 0.000610656 -0.00481328 -0.00620217 -0.000845638 0.00250609 -0.00837568 -0.00979273 0.0037431 0.0044996
internal_weight=296398 35526 32106 30885 19407 11478 5652 5826 2387 5141 18543 14887 4769 10118 3125 1442 260872 1963 1269 3656 258909 89402 13058 12534 169507 29977 11010 10411 27160 25959
internal_count=296398 35526 32106 30885 19407 11478 5652 5826 2387 5141 18543 14887 4769 10118 3125 1442 260872 1963 1269 3656 258909 89402 13058 12534 169507 29977 11010 10411 27160 25959
is_linear=0
shrinkage=0.05


Tree=108
num_leaves=31
num_cat=0
split_feature=70 68 68 54 8 65 54 11 18 54 74 74 66 54 66 41 55 18 75 66 16 54 54 28 33 75 16 11 41 11
split_gain=37.5426 40.8101 53.2281 56.0615 53.1788 35.3532 30.4729 29.2415 38.2006 48.2565 46.9652 41.1228 103.358 51.3489 82.3493 49.4264 215.029 76.4803 65.9698 101.581 97.2596 78.4719 57.9767 83.1276 65.5175 59.8444 51.1887 72.0452 63.2096 46.1151
threshold=0.58142894506454479 -0.054266294464468949 0.079887937754392638 4.0413832664489755 2.2242879867553715 0.37272679805755621 3.8855763673782353 -0.78013819456100453 -0.36206445097923273 1.8586387038230898 0.036890590563416488 0.020451268181204799 -0.071952998638153062 0.47933015227317816 -0.21181191504001615 0.13414479047060016 1.5000000000000002 -0.25005932152271265 0.95082014799118053 -0.13892994821071622 -0.045078750699758523 3.2025431394577031 2.3837040662765507 0.57791289687156688 1.5954772830009463 0.98708128929138195 -0.38685902953147883 0.54629343748092662 0.084860619157552733 -0.55599856376647938
decision_type=10 10 10 2 8 8 2 8 8 2 10 8 10 2 8 10 2 10 10 10 10 2 2 10 10 10 8 8 10 8
left_child=7 -2 4 5 6 -4 -3 -1 9 10 -9 12 -10 14 -13 18 17 -17 26 20 21 -20 24 25 -19 -24 27 28 -15 -28
right_child=1 2 3 -5 -6 -7 -8 8 11 -11 -12 13 -14 15 -16 16 -18 22 19 -21 -22 -23 23 -25 -26 -27 29 -29 -30 -31
leaf_value=0.0021512045481685577 0.0028332759877172536 -0.0038303821159857755 0.0080347638801776707 -0.0036294024282053274 -0.0059956771938188469 -0.00056456257670383443 -0.00033915894084637633 -0.00073962078612860869 -0.00021554556157331805 -0.00033608420814962189 -0.0042876918790832009 -0.00052395971163281263 -0.0075883362395582259 0.0007456058593151159 0.015058176069503687 -0.00047429849067144592 -0.0032555225146718245 -0.0016806301528490741 0.0013056937627382776 0.010562107735081649 -0.0028936744133957293 -0.0022887368525278751 0.0030935490296084074 -9.6900951973712991e-05 0.0036575119372847659 -0.0013270668639836518 -0.00073494945032520739 -0.001216621315382304 0.0050123273734971312 -1.6737829638934466e-05
leaf_weight=912 519 848 545 524 565 599 959 520 2839 3847 544 589 779 4237 563 3866 618 1992 967 588 2249 719 7292 2948 740 819 4260 853 799 247746
leaf_count=912 519 848 545 524 565 599 959 520 2839 3847 544 589 779 4237 563 3866 618 1992 967 588 2249 719 7292 2948 740 819 4260 853 799 247746
internal_value=-0.000175593 -0.00467279 -0.00637037 0.000476758 -0.0111671 0.00667244 -0.00690699 -0.000105048 -0.000133272 -0.00450112 -0.0138734 -5.7974e-05 -0.0053473 1.01116e-05 0.0104991 -3.33092e-05 0.00248018 0.00350088 -0.000208438 -0.00618795 -0.00908745 0 0.00524237 0.00685247 -0.00127644 0.00946312 -0.000103333 0.00450076 0.00677765 -0.000211098
internal_weight=295845 4559 4040 1668 2372 1144 1807 291286 290374 4911 1064 285463 3618 281845 1152 280693 18275 17657 262418 4523 3935 1686 13791 11059 2732 8111 257895 5889 5036 252006
internal_count=295845 4559 4040 1668 2372 1144 1807 291286 290374 4911 1064 285463 3618 281845 1152 280693 18275 17657 262418 4523 3935 1686 13791 11059 2732 8111 257895 5889 5036 252006
is_linear=0
shrinkage=0.05


Tree=109
num_leaves=31
num_cat=0
split_feature=12 55 30 57 30 15 64 34 43 55 19 18 60 22 54 63 17 35 66 16 49 55 71 55 66 9 55 30 54 60
split_gain=46.8566 58.4379 54.9928 53.8068 106.393 58.8858 53.1856 52.2291 45.1839 102.281 74.4167 57.5262 48.9367 44.5988 42.4341 42.2361 44.8474 39.1471 83.4148 64.1372 56.0117 50.6136 48.1472 113.426 177.164 248.795 123.504 120.781 128.283 119.7
threshold=0.079528525471687331 1.5000000000000002 0.64154323935508739 0.71773281693458568 1.3365153074264529 -0.14584908634424207 -0.22850680351257321 0.8877432942390443 0.87860551476478588 1.0000000180025095e-35 0.23760791122913363 0.13243705034255984 -0.047079371288418763 0.83167490363121044 2.1276361942291264 0.031524062156677253 -0.075008939951658235 9.9312095642089862 -0.31818009912967676 -0.016913622617721554 9.1336714831413715e-05 1.5000000000000002 -0.087532538920640932 1.0000000180025095e-35 -0.052811048924922936 -0.10449908301234244 1.5000000000000002 0.3050119429826737 8.2665500640869158 -0.045014105737209313
decision_type=8 2 10 2 10 8 8 10 8 2 8 8 10 8 2 8 10 2 8 10 2 2 8 2 10 10 2 10 2 10
left_child=7 3 -3 6 5 -5 -2 13 12 10 -10 -11 -8 17 -7 16 -16 18 19 20 -1 -20 23 27 25 -25 -26 28 -19 -27
right_child=1 2 -4 4 -6 14 8 -9 9 11 -12 -13 -14 -15 15 -17 -18 22 21 -21 -22 -23 -24 24 26 29 -28 -29 -30 -31
leaf_value=-0.00033333025445375815 0.0019944883767140189 -0.00031433190865606776 -0.0037173457701380891 -0.0018476439147515769 0.0033277452544093972 0.0015581687593621267 -0.0013309393265601771 -0.00099449708462849779 -0.0013781841076340425 -0.0011752387741970354 0.00029046461426373823 -0.0059406464176671907 0.0013444172649991605 0.00033880868424302591 -0.00027925358486333515 -0.00060354782955774049 0.0026598998543207655 -0.00077525227411072515 0.00068598196646643163 -0.0031802868327988677 0.00031357352022735462 -0.0010106095132152383 4.3158825030184533e-05 0.00058203142603937522 0.0015307628028816531 0.00042728134934224161 -0.00028109883603088875 0.00021170797645015524 0.00056846565007510419 -0.0013222408077093362
leaf_weight=9585 1012 671 551 1552 3098 1381 1946 4236 8902 550 5588 636 2690 23948 754 6390 698 27996 19039 717 7485 774 136295 6341 2542 709 733 13935 2128 2790
leaf_count=9585 1012 671 551 1552 3098 1381 1946 4236 8902 550 5588 636 2690 23948 754 6390 698 27996 19039 717 7485 774 136295 6341 2542 709 733 13935 2128 2790
internal_value=-3.51729e-05 -0.00171429 -0.0124188 -0.00133922 0.00108406 -0.00126565 -0.00291553 0.000200761 -0.00347407 -0.00475583 -0.0035931 -0.0188127 0.000860956 0.000292322 0.000254522 -0.00117168 0.00649795 7.94101e-05 0.00155544 -0.000929932 -0.000310304 0.00378601 -0.000207516 -0.00142522 0.00265524 -0.000700508 0.0127093 -0.00264018 -0.00442026 -0.011385
internal_weight=295672 36419 1222 35197 13873 10775 21324 259253 20312 15676 14490 1186 4636 255017 9223 7842 1452 231069 37600 17787 17070 19813 193469 57174 13115 9840 3275 44059 30124 3499
internal_count=295672 36419 1222 35197 13873 10775 21324 259253 20312 15676 14490 1186 4636 255017 9223 7842 1452 231069 37600 17787 17070 19813 193469 57174 13115 9840 3275 44059 30124 3499
is_linear=0
shrinkage=0.05


Tree=110
num_leaves=31
num_cat=0
split_feature=37 33 60 54 19 28 65 27 69 55 67 68 41 59 54 49 32 26 55 11 14 69 9 54 69 17 54 54 55 65
split_gain=40.756 36.069 126.856 77.9747 76.5294 52.3594 42.8574 39.2151 34.4212 485.409 254.7 203.337 196.985 134.744 249.543 121.932 102.87 91.4919 79.6662 200.585 198.278 181.858 180.276 165.976 304.525 235.842 160.019 152.321 140.258 125.107
threshold=1.3440476059913637 3.266448020935059 0.12424410134553911 4.8278737068176278 -0.041704643517732613 0.31166929006576544 -0.12834659218788144 2.6837921142578129 0.010989497881382706 1.0000000180025095e-35 0.30595466494560247 -0.032098699361085885 0.048645582050085075 -0.0058491886593401423 4.2486379146575937 1.0000000180025095e-35 -0.16120453178882596 -0.13636320829391477 1.0000000180025095e-35 0.11391398310661317 -0.43080621957778925 0.01719234045594931 -0.20169457793235776 6.7329792976379403 0.033212987706065185 -0.097218032926321016 7.0390028953552255 6.1049940586090097 1.5000000000000002 -0.26526039838790888
decision_type=10 10 10 2 10 10 8 10 10 2 10 8 8 10 2 2 8 10 2 8 8 10 10 2 10 10 2 2 2 10
left_child=1 8 4 7 -3 -6 -7 -4 9 12 11 -11 15 -14 16 -1 -15 -12 -10 21 -21 22 -20 24 27 -25 -27 -23 -24 -29
right_child=-2 2 3 -5 5 6 -8 -9 18 10 17 -13 13 14 -16 -17 -18 -19 19 20 -22 23 28 25 -26 26 -28 29 -30 -31
leaf_value=0.00045833174763564716 -0.00084578692528520366 0.0024846129484576603 0.006582163277237491 -0.0010456459542946253 -0.0024386344763018342 -0.0028759899753733782 -0.00060518408088728508 0.0010994964127364725 -1.9810628614826915e-05 0.00090591709510245706 -0.00067973368437402714 -0.0027715119598056199 0.00043904696809350733 0.021413845483466261 -0.00068044151969068464 -0.0010342013659810551 0.00036567880715702788 0.00099632670240003859 0.00096132151180675627 0.0056766509439024823 -0.00041718015007676733 0.00062727721707885086 -0.00053628184622135373 0.0049222234248572595 -0.0013224744710015274 0.0012470743252049827 0.00037149304094232671 -0.00233378958700444 0.00034475774286163392 0.00018150872280788232
leaf_weight=6518 5635 879 1094 978 2110 1076 6047 731 190181 505 586 5209 11297 2981 2143 9503 612 854 2268 974 15459 6347 5993 1816 1381 1496 6446 532 2615 1391
leaf_count=6518 5635 879 1094 978 2110 1076 6047 731 190181 505 586 5209 11297 2981 2143 9503 612 854 2268 974 15459 6347 5993 1816 1381 1496 6446 532 2615 1391
internal_value=-8.81059e-05 -6.20621e-06 -0.00258801 0.00680768 -0.0051966 -0.00654008 -0.00447918 0.0128883 0.000114212 -0.00123825 -0.0130374 -0.0177673 0.00131865 0.00506073 0.0112948 -0.00266047 0.0193311 0.00572414 0.000343803 0.00219355 -0.00225324 0.00460637 -0.000569539 0.00750554 0.00285167 0.0121007 0.00836268 0.00648551 -0.00387561 -0.00581997
internal_weight=295657 290022 12915 2803 10112 9233 7123 1825 277107 40208 7154 5714 33054 17033 5736 16021 3593 1440 236899 46718 16433 30285 10876 19409 9651 9758 7942 8270 8608 1923
internal_count=295657 290022 12915 2803 10112 9233 7123 1825 277107 40208 7154 5714 33054 17033 5736 16021 3593 1440 236899 46718 16433 30285 10876 19409 9651 9758 7942 8270 8608 1923
is_linear=0
shrinkage=0.05


Tree=111
num_leaves=31
num_cat=0
split_feature=38 58 41 8 41 54 9 54 41 27 60 16 38 74 28 18 16 54 65 19 43 8 58 54 19 57 65 54 55 55
split_gain=42.7249 38.9626 32.9031 52.3533 67.9124 49.1222 81.1415 128.004 96.7099 64.7839 64.0584 48.0987 41.7288 60.7042 51.45 40.4089 54.5394 43.9684 60.1256 44.722 52.2373 40.4558 39.8247 100.941 141.69 127.313 95.8817 134.635 147.991 144.919
threshold=2.2250175476074223 0.22944401204586032 0.17126288264989856 -0.56907659769058216 0.11635898798704149 5.2127592563629159 -0.29963475465774531 6.8586175441741952 0.25793135166168218 3.0835480690002446 0.047396568581461913 -0.61302903294563282 1.5987709760665896 0.81192803382873546 0.23334315419197085 -0.44345240294933314 -0.43308921158313746 0.47933015227317816 0.044982254505157478 -0.33058524131774897 0.90912178158760082 -0.10600515827536582 0.52049979567527782 3.6761741638183598 0.35371769964694982 0.50465765595436107 0.39654964208602911 8.5302562713623065 1.5000000000000002 1.0000000180025095e-35
decision_type=10 2 10 8 10 2 8 2 10 10 10 8 10 10 10 8 8 2 8 8 10 10 2 2 10 2 8 2 2 2
left_child=2 -2 3 4 -1 9 7 -7 12 10 -4 -5 13 14 -8 -13 21 18 -18 20 -19 -17 -21 24 25 -24 -25 28 29 -28
right_child=1 -3 5 11 -6 6 8 -9 -10 -11 -12 15 -14 -15 -16 16 17 19 -20 22 -22 -23 23 26 -26 -27 27 -29 -30 -31
leaf_value=0.00048171152031052894 0.00033952780329057772 -0.0045250350596771826 -0.00023073528038621423 0.0040584529342733502 -0.0039666585269378836 0.0011913414140528357 0.00081875618755416493 -0.0020814682361000635 0.017599328387750673 -0.0047321766331034111 0.004820346807917872 -0.0024725670567823351 -0.00099366555206956424 -0.0014752501612258072 0.006833961658042626 0.00069918492656815623 -0.00030819459038129856 6.8738321935371555e-05 0.017284689615389072 -6.8445481482500015e-05 -0.0019663586534930857 0.0042187397081041951 -0.00060061474590240101 -0.00015822177782051779 0.011656802459088254 0.0012612836538101497 0.00050845557924524486 0.0024911476516557849 0.0026638183946003043 -0.0036835213167073738
leaf_weight=864 502 641 4425 563 885 508 505 514 650 754 922 607 537 506 992 4108 530 1423 500 194531 1405 543 7255 46593 1048 16385 5125 1102 591 879
leaf_count=864 502 641 4425 563 885 508 505 514 650 754 922 607 537 506 992 4108 530 1423 500 194531 1405 543 7255 46593 1048 16385 5125 1102 591 879
internal_value=-6.42706e-05 -0.00967042 -2.67561e-05 -0.000127217 -0.00872655 0.00274629 0.00689247 -0.00532946 0.0108125 -0.00012273 0.00182005 -7.38e-05 0.00635294 0.0096622 0.0146981 -0.000103137 -7.51698e-05 -0.000165298 0.0100962 -0.00020391 -0.0064482 0.00528856 -0.000139113 0.000807718 0.00345777 0.00265539 -0.00039779 0.00476839 0.00205148 -0.000315929
internal_weight=296393 1143 295250 284937 1749 10313 4212 1022 3190 6101 5347 283188 2540 2003 1497 282625 282018 277367 1030 276337 2828 4651 273509 78978 24688 23640 54290 7697 6595 6004
internal_count=296393 1143 295250 284937 1749 10313 4212 1022 3190 6101 5347 283188 2540 2003 1497 282625 282018 277367 1030 276337 2828 4651 273509 78978 24688 23640 54290 7697 6595 6004
is_linear=0
shrinkage=0.05


Tree=112
num_leaves=31
num_cat=0
split_feature=12 55 42 31 69 37 59 69 55 32 21 69 69 55 67 59 34 30 42 40 74 26 11 11 13 7 30 18 65 55
split_gain=45.6623 68.5972 67.5155 63.6345 79.8385 69.1799 53.0268 63.5301 52.876 130.372 65.5929 48.154 44.2203 251.025 196.547 151.414 130.639 125.165 123.036 88.8197 87.8222 77.94 71.7226 69.9134 89.8751 59.3837 71.1743 56.562 145.425 174.114
threshold=0.069617908447980895 1.5000000000000002 0.06174352020025254 0.25474177300930029 0.046206166967749603 0.6306251883506776 -0.0015553689445368943 0.035765979439020164 1.0000000180025095e-35 -0.57169553637504567 0.30954547226428991 0.022169589996337894 0.010989497881382706 1.0000000180025095e-35 0.30595466494560247 -0.039307890459895127 0.84011033177375805 0.35910245776176458 0.030775805935263637 0.032773524522781379 0.40323045849800115 -0.14046718180179593 1.9741389751434328 -0.14070612937211988 -0.0056285716127604237 -0.13478337228298184 0.077632118016481413 0.056198745965957649 -0.13129255175590512 1.5000000000000002
decision_type=8 2 8 8 10 10 10 10 2 10 10 10 8 2 10 10 8 10 10 10 10 10 8 10 10 10 10 10 8 2
left_child=12 3 -3 -2 6 -6 7 8 10 -10 -5 -8 13 16 15 -15 17 18 25 -20 22 -16 -19 24 -17 -1 -27 -14 -29 -30
right_child=1 2 -4 4 5 -7 11 -9 9 -11 -12 -13 27 14 21 23 -18 20 19 -21 -22 -23 -24 -25 -26 26 -28 28 29 -31
leaf_value=0.0039709410229888126 -0.0015175780497949786 0.0002563429501820279 -0.0024285873925386646 -3.5192776299316358e-06 0.00047061858489979745 0.0045404647794141818 0.00044430475658646873 0.0047900246300624618 -0.0084104668378274291 0.00056594816362879469 -0.0016768140006285731 -0.00074036789556968831 0.00010053016663046722 0.00067649659127590417 -0.00058673907903039689 -0.0028734948482606209 -0.0030738542035648772 0.0082840810144506425 -0.0016106306130199651 2.520186673826315e-05 0.00032158971445770578 0.00094643193538479639 0.00040991989312151676 -0.003203384089467905 -0.00045091023722946042 -0.00064296176097688345 0.0011361100761132961 -0.001242299537828109 0.00014796534174574716 -0.0017102067866451552
leaf_weight=727 4580 503 936 6003 2847 923 14495 626 500 500 5344 3652 174101 575 743 1138 1704 3222 4638 4100 5467 843 1552 1664 1104 1987 3661 7750 38190 1262
leaf_count=727 4580 503 936 6003 2847 923 14495 626 500 500 5344 3652 174101 575 743 1138 1704 3222 4638 4100 5467 843 1552 1664 1104 1987 3661 7750 38190 1262
internal_value=-8.34611e-05 -0.00163372 -0.0123188 -0.00124113 -0.000512894 0.00634921 -0.00134597 -0.00378572 -0.00457635 -0.0155446 -0.0035969 0.000399295 0.000165856 -0.00153765 -0.0107208 -0.0160655 0.000524605 0.00142722 -0.00146466 -0.0053155 0.00569213 0.00438596 0.0106396 -0.0195863 -0.0137211 0.00381363 0.00206787 0.000420897 -0.00111412 0.000116568
internal_weight=295337 40909 1439 39470 34890 3770 31120 12973 12347 1000 11347 18147 254428 33125 6067 4481 27058 25354 15113 8738 10241 1586 4774 3906 2242 6375 5648 221303 47202 39452
internal_count=295337 40909 1439 39470 34890 3770 31120 12973 12347 1000 11347 18147 254428 33125 6067 4481 27058 25354 15113 8738 10241 1586 4774 3906 2242 6375 5648 221303 47202 39452
is_linear=0
shrinkage=0.05


Tree=113
num_leaves=31
num_cat=0
split_feature=39 58 54 10 41 55 75 54 71 69 54 33 54 10 54 33 69 54 67 54 41 42 67 57 71 67 75 66 30 66
split_gain=46.2026 43.2327 44.9459 63.08 38.6575 169.175 63.1978 109.259 82.8468 78.5587 78.5459 81.6745 60.8764 68.2233 137.225 59.6654 59.1835 257.212 107.756 105.876 101.933 110.784 109.442 93.1304 77.2749 89.7081 73.9632 71.3442 75.85 80.096
threshold=0.10596424341201784 0.88197049498558056 4.0944278240203866 0.44721652567386633 0.10206382349133493 1.5000000000000002 0.86363694071769725 2.0598762035369877 0.0015617627650499346 0.015186704695224764 6.9252417087554941 0.33333580195903784 8.6910204887390154 -0.090223424136638627 4.9975163936614999 0.30175539851188665 0.010989497881382706 7.6327643394470224 0.30595466494560247 4.668098211288453 0.044428363442420966 0.023884237743914131 0.17144349962472918 0.23612956702709201 -0.16185557097196576 0.28457595407962805 0.097873754799366011 -0.23142474889755246 0.23361474275588992 -0.06893999874591826
decision_type=8 2 2 10 10 2 10 2 10 10 2 10 2 8 2 10 8 2 10 2 10 10 10 2 10 10 10 10 10 10
left_child=4 -2 3 -3 6 12 16 8 -8 10 11 -9 13 14 15 -6 17 19 27 20 21 -1 -22 -21 -25 26 -26 -19 29 -29
right_child=1 2 -4 -5 5 -7 7 9 -10 -11 -12 -13 -14 -15 -16 -17 -18 18 -20 23 22 -23 -24 24 25 -27 -28 28 -30 -31
leaf_value=0.0027815867749604916 -0.00050764666050308056 -0.00052818770287683026 -0.0014031641094653909 0.018351278731789034 0.0013653719736251057 -0.0023447132631526546 0.0040667619335730005 -0.0017640250811346476 -0.00054768957357388334 -0.0020259721818972781 -0.0023087579293573079 0.000783060870704825 0.0037699708117885228 0.00026954751563860823 -0.0030315289607676706 0.0065317330811669964 5.8035228915796857e-05 -0.00024216829366726541 -1.6133591693184845e-05 0.0010747755108125477 0.013250252143690147 -0.00090671826437393468 0.00075755649170431501 -0.0030673792465143383 -0.0017774112099986389 0.00043461903295796624 -0.0008012405173283652 -0.0030402734033254616 -0.005781135836705956 -0.00050658410417056272
leaf_weight=2077 33486 501 521 618 981 812 1058 1178 976 4311 631 3822 828 20728 606 1512 193354 548 1158 1149 2090 6131 3706 1028 1121 2746 5449 660 899 1084
leaf_count=2077 33486 501 521 618 981 812 1058 1178 976 4311 631 3822 828 20728 606 1512 193354 548 1158 1149 2090 6131 3706 1028 1121 2746 5449 660 899 1084
internal_value=-7.96203e-05 -0.00178165 0.00612121 0.011736 0.000149816 0.00199984 -5.05982e-05 -0.00358752 0.00694716 -0.00574759 -0.00185251 0.000259481 0.00274275 0.00227587 0.00918302 0.0143628 0.000139331 -0.00193261 -0.0131567 -1.37217e-05 0.00290424 -0.000681431 0.00797451 -0.00356863 -0.0050705 -0.00362428 -0.00679331 -0.017885 -0.0212778 -0.0150513
internal_weight=295769 35126 1640 1119 260643 25467 235176 11976 2034 9942 5631 5000 24655 23827 3099 2493 223200 29846 4349 25497 14004 8208 5796 11493 10344 9316 6570 3191 2643 1744
internal_count=295769 35126 1640 1119 260643 25467 235176 11976 2034 9942 5631 5000 24655 23827 3099 2493 223200 29846 4349 25497 14004 8208 5796 11493 10344 9316 6570 3191 2643 1744
is_linear=0
shrinkage=0.05


Tree=114
num_leaves=31
num_cat=0
split_feature=2 18 57 54 66 60 35 54 66 60 64 54 40 54 73 11 68 18 22 54 67 57 66 61 66 11 67 74 54 11
split_gain=38.2626 61.0514 63.3426 62.4015 140.484 99.1899 75.3637 59.5586 57.6499 60.386 54.9835 95.114 72.2458 60.7797 108.687 127.716 73.3784 55.4018 71.7177 70.7678 249.487 87.2526 78.6269 73.4418 65.4883 89.641 70.1821 114.277 72.1987 155.987
threshold=0.0080010672099888342 -0.18420411646366117 0.84682804346084606 8.4137754440307635 -0.22894344478845594 0.067540321499109282 76.667514801025405 7.8683307170867929 -0.34393188357353205 -0.07660487666726111 0.33178502321243292 9.7689256668090838 0.012925867922604086 4.5539820194244394 0.85318934917449962 0.26933899521827703 0.20573718845844272 -0.10200766846537589 0.48428703844547277 6.7329792976379403 0.058803495019674308 0.086922474205493941 -0.055800173431634896 0.03044301271438599 -0.078527268022298799 -0.22938664257526395 0.075403895229101195 0.31796386837959295 4.8519911766052255 1.1914458870887759
decision_type=8 8 2 2 10 8 2 2 10 10 8 2 8 2 8 10 8 8 10 2 10 2 10 10 10 10 10 10 2 8
left_child=10 7 3 -3 6 -6 -5 8 9 -2 17 12 -12 16 15 -15 -14 19 -19 24 21 -21 23 -22 26 -26 27 -1 29 -28
right_child=1 2 -4 4 5 -7 -8 -9 -10 -11 11 -13 13 14 -16 -17 -18 18 -20 20 22 -23 -24 -25 25 -27 28 -29 -30 -31
leaf_value=-0.00072288092368229901 -0.00056706406868120118 -4.815998317571485e-05 0.00075602597408125187 -0.00012090029219601201 -0.002277869095708096 -0.00017052747313976783 0.0018764263985968873 0.00098781754935305956 -0.0012446437694686216 0.0015514923736643078 -0.0024980069051487187 0.0022002988957578544 -0.00065638729025983074 0.0015326597126144655 -0.0017011906108723108 -0.001574588942960975 0.0029834033782139926 -0.00016942110190146383 0.00019753514073602631 0.00046700184336489326 -0.0004390495090694377 0.0018355840527424618 0.0012097732892768355 0.0010008252971336635 -0.0065287104363635721 0.0002721283993025344 0.001494774541931512 0.00033445591990446033 -0.00023162562557883792 -4.7715906958708398e-05
leaf_weight=9868 4828 82167 4504 1900 2119 1466 731 1350 8100 1296 582 583 5037 5739 1067 789 1232 86058 28809 1557 6139 2695 950 888 582 733 8888 8014 7097 9926
leaf_count=9868 4828 82167 4504 1900 2119 1466 731 1350 8100 1296 582 583 5037 5739 1067 789 1232 86058 28809 1557 6139 2695 950 888 582 733 8888 8014 7097 9926
internal_value=-0.000110584 -0.000857833 -0.000371917 -0.000666908 -0.00549309 -0.0119193 0.00327527 -0.00375385 -0.00470704 -0.00104336 0.000322308 0.00322162 0.00241422 0.00314257 0.00614727 0.00856531 -0.000501672 6.91001e-05 -0.000564517 0.00133834 0.00471035 0.0144768 -0.000507074 -0.00233764 0.000423334 -0.0105283 0.000754515 -0.00165437 0.00241696 0.0040374
internal_weight=295694 108461 92887 88383 6216 3585 2631 15574 14224 6124 187233 15029 14446 13864 7595 6528 6269 172204 114867 57337 12229 4252 7977 7027 45108 1315 43793 17882 25911 18814
internal_count=295694 108461 92887 88383 6216 3585 2631 15574 14224 6124 187233 15029 14446 13864 7595 6528 6269 172204 114867 57337 12229 4252 7977 7027 45108 1315 43793 17882 25911 18814
is_linear=0
shrinkage=0.05


Tree=115
num_leaves=31
num_cat=0
split_feature=75 41 17 41 65 66 52 27 65 74 54 7 65 69 69 66 57 55 64 74 55 60 40 75 29 40 64 69 54 60
split_gain=39.3146 77.5726 56.7834 36.8645 96.7869 44.5026 37.7564 35.6287 52.6272 63.201 39.2242 281.65 242.396 263.963 119.304 114.002 146.892 143.028 168.544 103.929 104.581 178.399 166.422 163.271 145.164 105.501 99.3391 97.2825 91.0513 127.392
threshold=0.99751436710357677 0.28949439525604254 -0.46152004599571222 0.0076061000581830749 0.047193884849548347 -0.32772420346736902 1.5000000000000002 3.6738939285278325 0.12399452924728395 0.41515535116195684 7.0390028953552255 0.086313422769308104 -0.056826949119567864 0.015415531583130361 0.035765979439020164 -0.060183126479387276 0.62480846047401439 1.0000000180025095e-35 0.047401189804077155 0.12271409109234811 1.0000000180025095e-35 0.38002498447895056 0.05382021144032479 0.12190017476677896 -0.18199616670608518 0.029271571896970276 0.041137874126434333 0.019921625033020977 8.2665500640869158 0.049621656537055976
decision_type=10 10 8 8 10 8 8 10 10 10 2 10 8 10 10 10 2 2 8 8 2 8 8 8 8 10 10 10 2 10
left_child=1 2 -1 4 5 -4 -5 10 9 -9 -8 12 -12 15 -13 17 -17 18 -14 -15 21 27 23 24 -22 -25 -19 -21 -29 -30
right_child=-2 -3 3 6 -6 -7 7 8 -10 -11 11 14 13 19 -16 16 -18 26 -20 20 22 -23 -24 25 -26 -27 -28 28 29 -31
leaf_value=-0.0032782643380817643 -0.003126270232611156 0.0047180543705007171 0.00040410358021416085 0.0038287369521579693 0.0010966962959151748 -0.0012714446127092595 1.6621044358319791e-05 -0.0066940015921424043 0.0009997877288132743 -0.00038312480958434324 0.00040434028955703194 -0.0012355488043350265 -0.0015677018377663445 0.0018626331500807927 0.0024358525338235965 0.00062969965247738544 -0.0014788024027315224 -0.0032126426410710759 0.00093338645965167395 0.0010986157491492611 0.0010230396157501732 0.0022458377166263955 0.0011570324702512875 -0.0023281578473381692 -0.00081147263359719406 -0.00092888190588722515 -0.00032660284118782025 -0.00085969458971059713 -0.00053674912590820779 0.0016354448811756546
leaf_weight=960 844 861 710 503 898 630 231959 567 700 584 17088 10039 3395 1659 540 2083 1070 2428 1517 1607 752 1742 1865 1182 904 1663 717 4094 1368 965
leaf_count=960 844 861 710 503 898 630 231959 567 700 584 17088 10039 3395 1659 540 2083 1070 2428 1517 1607 752 1742 1865 1182 904 1663 717 4094 1368 965
internal_value=-0.000177422 -0.000146411 -0.000190517 -0.00015056 0.00622776 -0.0022963 -0.000199827 -0.000223754 -0.00711983 -0.013652 -0.000179285 -0.00135831 0.000330738 -0.00245167 -0.00871187 -0.00845811 -0.000395194 -0.011609 -0.00625762 0.00133345 0.00010525 0.00335173 -0.00487767 -0.0100754 0.00240096 -0.0173205 -0.0199208 0.000198906 -0.00255554 0.0053137
internal_weight=295894 295050 294189 293229 2238 1340 290991 290488 1851 1151 288637 56678 46099 29011 10579 11210 3153 8057 4912 17801 16142 9776 6366 4501 1656 2845 3145 8034 6427 2333
internal_count=295894 295050 294189 293229 2238 1340 290991 290488 1851 1151 288637 56678 46099 29011 10579 11210 3153 8057 4912 17801 16142 9776 6366 4501 1656 2845 3145 8034 6427 2333
is_linear=0
shrinkage=0.05


Tree=116
num_leaves=31
num_cat=0
split_feature=72 65 16 58 63 33 66 19 74 42 66 19 8 74 19 42 67 38 33 32 67 26 70 18 68 65 29 72 65 41
split_gain=39.8668 40.8785 36.6977 63.8112 53.7619 42.5584 78.9794 95.8968 63.4256 58.6042 53.088 196.693 164.007 154.461 145.94 105.396 102.477 110.838 99.3565 96.2483 131.912 92.6463 97.2484 81.8817 77.3261 67.4606 57.9439 94.8683 57.31 55.2855
threshold=0.99064835906028759 0.13133955001831057 0.68506982922554027 0.81265348196029674 -0.069349020719528184 2.494868397712708 -0.16552965342998502 -0.01931202411651611 0.65176042914390575 0.068090066313743605 -0.16552965342998502 -0.059896929189562791 -0.24610479176044461 0.85625380277633678 0.32906712591648107 0.21544510871171954 0.17144349962472918 0.18166942149400714 0.82161962985992443 -0.32730250060558314 0.17144349962472918 -0.060280947014689439 0.084972575306892409 -0.11157565191388129 0.16445285081863406 0.045362114906311042 -0.80289342999458302 0.036766445264220245 0.13711816072463992 0.014731619972735645
decision_type=10 8 10 2 10 10 10 10 10 10 10 8 10 10 10 8 10 10 10 8 10 10 10 8 10 10 8 8 10 10
left_child=2 -2 5 4 -4 10 7 -7 -9 -10 14 12 28 15 21 19 17 -15 24 20 -13 26 -23 -21 -14 -24 -1 -28 -12 -22
right_child=1 -3 3 -5 -6 6 -8 8 9 -11 11 13 18 16 -16 -17 -18 -19 -20 23 29 22 25 -25 -26 -27 27 -29 -30 -31
leaf_value=0.001637648202134516 -0.0028537443788910475 0.00081918123242470285 0.0022073941559726568 0.0053752893579874835 -0.00021358529208765077 0.00066982715071961941 0.0008250678092010862 -0.0023862063639224517 0.00069676672825833832 -0.0017802528074108621 0.0061880636235824302 0.0065802617583918619 -0.0012158046441852173 -0.0025683538965465022 -0.0023194772983565772 -0.0023841675024121427 -0.00020405521896674599 -0.00039227469525216169 0.00070762658692965434 -0.0032797546544564697 0.00095046142339173909 0.00062428526165114609 -0.0004559736365706807 7.9747151433536521e-05 -0.0035950010263328157 0.0017605623461761713 -0.0010318789378851033 4.4052862069322683e-05 -8.4190320181041448e-05 4.2237714361843817e-05
leaf_weight=2986 1923 708 1971 1644 7641 2208 3131 3790 1255 1609 681 4090 10167 2008 2438 2374 6030 1276 1157 504 504 10802 5513 41963 568 1190 5075 163496 674 6747
leaf_count=2986 1923 708 1971 1644 7641 2208 3131 3790 1255 1609 681 4090 10167 2008 2438 2374 6030 1276 1157 504 504 10802 5513 41963 568 1190 5075 163496 674 6747
internal_value=-7.51352e-05 -0.00619084 -2.01021e-05 0.00277827 0.00121596 -0.0001318 -0.00304507 -0.00545537 -0.00844838 -0.00281837 -2.40515e-06 -0.0010952 -0.00664932 2.9005e-05 0.000446974 0.00101794 -0.00593093 -0.0130237 -0.00852798 0.00147348 0.00556339 0.000604003 0.00406794 0.000380206 -0.0100279 -0.000662893 0.00025034 0.000127832 0.00978022 0.00150806
internal_weight=296123 2631 293492 11256 9612 282236 11993 8862 6654 2864 270243 78743 13247 65496 191500 56182 9314 3284 11892 53808 11341 189062 17505 42467 10735 6703 171557 168571 1355 7251
internal_count=296123 2631 293492 11256 9612 282236 11993 8862 6654 2864 270243 78743 13247 65496 191500 56182 9314 3284 11892 53808 11341 189062 17505 42467 10735 6703 171557 168571 1355 7251
is_linear=0
shrinkage=0.05


Tree=117
num_leaves=31
num_cat=0
split_feature=72 69 54 65 42 34 54 30 54 58 58 30 55 54 65 55 65 68 60 67 67 54 54 69 58 54 27 42 58 72
split_gain=38.5007 73.479 68.2413 51.9211 58.0396 35.2013 50.3358 48.639 49.1959 117.958 37.152 36.6096 247.268 208.629 150.175 142.442 194.202 179.118 163.902 156.423 141.496 138.676 125.805 173.656 163.959 168.504 153.048 123.999 150.482 123.875
threshold=0.97999897599220287 0.022568873129785064 4.3672935962677011 0.13133955001831057 0.091760404407978072 0.8877432942390443 6.7830362319946298 0.94414457678794872 3.9432309865951543 0.64951041340827953 0.50359144806861889 0.51857310533523571 1.5000000000000002 10.430809020996096 0.030829608440399173 1.5000000000000002 -0.13690322637557981 -0.065882470458745943 -0.10371030122041701 0.22070308029651645 0.16775187104940417 10.430809020996096 6.8300640583038339 0.0083621535450220125 0.74469971656799328 3.9101212024688725 2.6837921142578129 0.078222118318080916 0.37979802489280706 0.58590549230575573
decision_type=10 10 2 10 10 10 2 10 2 2 2 10 2 2 8 2 10 10 10 10 10 2 2 10 2 2 10 10 2 8
left_child=5 3 -3 4 -2 11 7 8 9 -7 -10 15 13 22 -14 21 17 -17 -18 -20 -19 -1 23 -13 -25 -26 27 -24 -29 -23
right_child=1 2 -4 -5 -6 6 -8 -9 10 -11 -12 12 14 -15 -16 16 18 20 19 -21 -22 29 26 24 25 -27 -28 28 -30 -31
leaf_value=-9.4038915089088472e-05 -0.00043968984593996743 -0.0014274984639976722 0.0045095148406785841 0.0016549060879899381 -0.00375437640030582 -0.0032554242694165418 -0.0017293261219432383 0.0006428356224593972 0.0024289002584072191 0.0026902738055498508 -0.00091946211951012447 0.016607100169672834 0.00021313804500968197 -0.0025814112914188908 -0.0024719724290042278 0.00011667720762851137 0.0013308046585175995 0.0015293671776590151 -0.0013943810503518569 0.00014645051079744295 0.00040843974283378171 -3.6100019432958738e-05 0.00013449476819370616 0.00035258678768501308 0.015019567835630349 0.00030377667659555466 0.011221722836867813 1.5415859391822856e-06 -0.001751737057118788 0.0015941756106349133
leaf_weight=185825 1390 754 793 617 1863 1138 1482 3752 504 500 1211 1460 1141 529 2026 2945 963 2312 2240 3624 1133 797 6267 58336 1987 1827 530 2978 3746 888
leaf_count=185825 1390 754 793 617 1863 1138 1482 3752 504 500 1211 1460 1141 529 2026 2945 963 2312 2240 3624 1133 797 6267 58336 1987 1827 530 2978 3746 888
internal_value=-3.78931e-05 -0.00421043 0.00497752 -0.0078866 -0.0104045 4.01515e-05 -0.00311155 -0.00135629 -0.00572406 -0.0118932 0.000202899 0.000136381 0.0010348 0.00159392 -0.0126377 -0.000225419 0.00478945 0.0110469 -0.00107503 -0.004222 0.0187699 -0.000579138 0.00181032 0.00274128 0.00233912 0.0123692 -0.00256818 -0.00364972 -0.00836056 0.0136578
internal_weight=295558 5417 1547 3870 3253 290141 8587 7105 3353 1638 1715 281554 80827 77660 3167 200727 13217 6390 6827 5864 3445 187510 77131 63610 62150 3814 13521 12991 6724 1685
internal_count=295558 5417 1547 3870 3253 290141 8587 7105 3353 1638 1715 281554 80827 77660 3167 200727 13217 6390 6827 5864 3445 187510 77131 63610 62150 3814 13521 12991 6724 1685
is_linear=0
shrinkage=0.05


Tree=118
num_leaves=31
num_cat=0
split_feature=12 55 42 69 63 72 51 62 33 69 57 41 3 33 55 68 10 67 52 69 55 67 58 16 41 42 69 75 40 74
split_gain=41.7131 54.9235 55.1143 39.3943 46.4295 70.4467 60.9201 59.9217 52.529 38.383 37.2817 41.6073 33.2628 33.7449 58.8092 49.628 40.1603 33.716 33.1424 31.3377 149.621 203.743 172.941 119.729 149.812 107.844 102.768 82.6682 63.2564 61.9674
threshold=0.069617908447980895 1.5000000000000002 0.064836796373128905 0.010590258054435255 -0.041394203901290887 0.42642423510551458 3.5000000000000004 0.12079083919525148 1.3880298733711245 0.017537509091198448 0.46251866221427923 0.063105192035436644 0.31917801499366766 1.3637374043464663 1.0000000180025095e-35 -0.017707714810967442 -0.24120017141103742 0.31751401722431188 2.5000000000000004 0.011222291272133591 1.0000000180025095e-35 0.30595466494560247 0.347885012626648 -0.46618022024631495 0.048645582050085075 0.020112801343202594 0.0074105316307395705 0.32969756424427038 0.012237419839948417 0.83400198817253124
decision_type=8 2 8 8 8 8 10 10 10 10 2 10 10 10 2 10 10 8 8 8 2 10 2 10 10 10 10 10 10 10
left_child=18 3 -3 10 5 -5 9 12 -9 -7 -2 -12 13 14 15 -6 -15 -17 -1 20 23 22 -22 -20 25 -25 -26 -27 -23 -24
right_child=1 2 -4 4 7 6 -8 8 -10 -11 11 -13 -14 16 -16 17 -18 -19 19 -21 21 28 29 24 26 27 -28 -29 -30 -31
leaf_value=0.0019112016148837359 -0.00071676391728320581 0.00016209004833760664 -0.0022628282757215269 -0.0012235063315716649 0.00016015128850287359 -0.00062437654209878681 -0.00038400036908859753 -0.00020334173383834264 0.0042983386875632499 0.001977792559691373 0.00035730552432063637 0.0094257078430853708 -0.0018195960762939112 0.0023770516124966669 -0.0041299853457872114 -0.001581318753642138 -0.00026431853326731175 -2.2402351638648246e-05 -0.0078322705423052481 4.8064257312804316e-05 0.00070494793616985543 0.0010507716842510153 -0.0018204449366037473 0.00083247537398385978 0.014072993720044509 -0.0013442369850497585 0.00089587761110766393 -0.00015688867512760052 1.8235202693928608e-05 -0.0024823021851007156
leaf_weight=1073 1361 522 888 2404 3712 923 2546 7296 1328 3447 1222 1027 5007 520 666 3404 3511 1289 528 217415 675 501 3454 3333 1680 5503 10084 8209 1376 711
leaf_count=1073 1361 522 888 2404 3712 923 2546 7296 1328 3447 1222 1027 5007 520 666 3404 3511 1289 528 217415 675 501 3454 3333 1680 5503 10084 8209 1376 711
internal_value=-5.63214e-05 -0.0015347 -0.0111972 -0.00118847 -0.00168732 0.00135048 0.00391279 -0.00274651 0.000683345 0.00748858 0.00378453 0.00772466 -0.00437938 -0.00305064 -0.00474067 -0.00359477 0.000754764 -0.00700617 0.000182281 0.000144982 -0.00122005 -0.00794559 -0.0133608 0.000322009 0.00075818 -0.00223688 0.00509597 -0.00419764 0.00601484 -0.0171617
internal_weight=295615 41073 1410 39663 36053 9320 6916 26733 8624 4370 3610 2249 18109 13102 9071 8405 4031 4693 254542 253469 36054 6717 4840 29337 28809 17045 11764 13712 1877 4165
internal_count=295615 41073 1410 39663 36053 9320 6916 26733 8624 4370 3610 2249 18109 13102 9071 8405 4031 4693 254542 253469 36054 6717 4840 29337 28809 17045 11764 13712 1877 4165
is_linear=0
shrinkage=0.05


Tree=119
num_leaves=31
num_cat=0
split_feature=1 52 49 66 54 69 32 69 17 8 22 10 65 41 69 41 54 38 54 27 9 74 67 42 54 65 32 41 75 54
split_gain=42.1106 44.0241 34.8424 34.518 33.1146 76.4949 33.7558 31.7041 35.378 30.2705 29.171 35.8752 71.11 69.5316 63.6903 57.6857 181.112 115.963 84.037 108.007 67.8357 66.7412 79.7414 103.805 82.7358 82.8871 61.5134 70.7163 67.693 57.7524
threshold=0.04594834707677365 2.5000000000000004 0.0033114776015281682 -0.11975871399044989 10.938343048095705 0.01719234045594931 -0.036877512931823724 0.03302350081503392 -0.16053150594234464 0.12632993608713153 0.83167490363121044 -0.22614952176809308 0.15452045202255252 0.017889155074954036 0.0091947759501636046 0.088275473564863219 5.7681176662445077 0.93869903683662426 6.8026726245880136 0.33036704361438757 0.015699340961873535 0.086058009415864958 0.069431941956281676 0.075299933552742018 8.4137754440307635 -0.2715532779693603 -0.48695513606071467 0.062116954475641258 0.75227695703506481 5.7384898662567148
decision_type=8 8 2 8 2 10 10 10 10 8 10 8 10 10 10 10 2 10 2 10 10 10 10 10 2 10 10 10 10 2
left_child=1 -1 3 -2 6 -6 10 -4 -9 -5 11 12 13 -3 -15 18 17 -17 20 21 26 -20 23 24 25 -23 27 28 -16 -29
right_child=2 4 7 9 5 -7 -8 8 -10 -11 -12 -13 -14 14 15 16 -18 -19 19 -21 -22 22 -24 -25 -26 -27 -28 29 -30 -31
leaf_value=0.0017468798213462777 -0.00027767316315551019 0.00068233307048216343 -0.00081147608428814026 0.001676747120007694 -0.00037175295085081843 0.001775273130224011 -0.00085906121265258472 -0.0010116642107089776 0.00091056235371880616 0.00017342103531372004 0.00024492919324795097 -5.7738937048373637e-05 -0.0013466824117210404 -0.002540880723682774 -0.00041509114251863017 0.0035230457451253059 -0.0032818830029520394 -0.0017854516697105201 0.0041451140995674499 -0.0012736315574551548 0.0012249234777669477 -0.00022801168966384724 5.1206604895702623e-05 0.0086264556181795404 -0.00095173292141403898 0.0015524091021477011 0.00020135914850590497 0.00061605712915591539 -0.0022680245260899993 -0.0019586785109424335
leaf_weight=1524 14236 3377 14245 1657 504 543 2834 1770 2200 6787 24187 167640 1316 788 15346 4068 618 666 629 686 2705 842 5154 647 607 1637 10976 5058 1542 551
leaf_count=1524 14236 3377 14245 1657 504 543 2834 1770 2200 6787 24187 167640 1316 788 15346 4068 618 666 629 686 2705 842 5154 647 607 1637 10976 5058 1542 551
internal_value=-7.9228e-05 0.000160146 -0.00156827 -0.000260026 0.000108923 0.0089404 7.18585e-05 -0.00319616 0.000753769 0.00227111 0.000133708 -4.38044e-05 0.00103717 0.00130842 0.000860461 0.00107649 0.00598657 0.00931703 0.00050873 0.0045143 -0.000621753 0.00589964 0.00477127 0.0103259 0.00645995 0.0105062 -0.00123794 -0.0027347 -0.00434963 0.00212671
internal_weight=295340 254445 40895 22680 252921 1047 251874 18215 3970 8444 249040 224853 57213 55897 52520 51732 5352 4734 46380 10202 36178 9516 8887 3733 3086 2479 33473 22497 16888 5609
internal_count=295340 254445 40895 22680 252921 1047 251874 18215 3970 8444 249040 224853 57213 55897 52520 51732 5352 4734 46380 10202 36178 9516 8887 3733 3086 2479 33473 22497 16888 5609
is_linear=0
shrinkage=0.05


Tree=120
num_leaves=31
num_cat=0
split_feature=27 31 17 54 67 66 33 54 66 41 55 12 66 8 19 66 11 11 54 11 11 54 12 54 19 19 66 75 39 54
split_gain=37.3755 63.121 39.5908 58.3686 152.857 123.554 93.2402 50.5906 50.4466 51.8055 52.6245 91.4339 75.9689 116.932 88.8701 71.0378 68.112 63.0255 82.0019 96.135 71.2268 63.876 57.1489 56.2589 64.0131 55.9893 53.0855 53.0759 51.8097 43.8218
threshold=3.6738939285278325 0.3709844201803208 -0.12129274010658263 7.7827031612396249 0.0389176793396473 -0.095069628208875642 0.61205857992172252 0.47933015227317816 -0.055800173431634896 0.28949439525604254 1.0000000180025095e-35 -0.018799284473061558 -0.41813279688358301 -0.6149575114250182 -0.065499711781740175 -0.10603393614292143 -0.27475032210350031 -0.47829084098339075 2.9849240779876713 -0.78013819456100453 -0.68330618739128102 2.0598762035369877 -0.066652756184339509 1.3467727303504946 -0.14422052353620526 -0.18164586275815961 -0.32772420346736902 0.26128353178501135 0.054249159991741187 7.0390028953552255
decision_type=10 10 10 2 8 10 10 2 10 10 2 8 10 10 10 10 10 10 2 10 10 2 10 2 8 10 8 10 10 2
left_child=2 -2 3 8 -5 6 -6 -4 9 10 12 16 14 -14 23 17 -12 18 20 27 -15 26 -23 -1 -25 -22 -19 28 -20 -9
right_child=1 -3 7 4 5 -7 -8 29 -10 -11 11 -13 13 15 -16 -17 -18 21 19 -21 25 22 -24 24 -26 -27 -28 -29 -30 -31
leaf_value=0.0045857791693081022 -0.0068672622898581503 -0.00032142978928242016 0.0051875935666899249 0.0067262810689439241 1.0753502460025475e-06 0.0026575025483666168 -0.0035883524495380799 8.6575607804500676e-05 -0.0035715928699107109 0.0034835046052252962 0.00076406813851198879 -0.0016636532113483199 -0.0030662067272566357 -0.0016359503925763444 -0.0033273748740655267 0.013257352409921354 -0.0020495847213848647 -0.00025563923803899232 0.0012901223490546306 -0.00087532596475214182 0.002836881414774717 -5.5896116218532094e-05 -0.0011617007445233439 0.0014161881137692409 2.746736500667188e-05 -0.00071580586997573893 0.0025893747416291016 0.0019144761038655724 -0.001836658273215839 -0.0001041622691018717
leaf_weight=956 522 1499 949 558 3841 946 516 187460 820 575 1642 2817 1864 4843 1377 748 501 1534 670 1739 727 3132 8673 2645 8951 513 727 4294 886 48889
leaf_count=956 522 1499 949 558 3841 946 516 187460 820 575 1642 2817 1864 4843 1377 748 501 1534 670 1739 727 3132 8673 2645 8951 513 727 4294 886 48889
internal_value=-5.98329e-05 -0.0068193 -1.3104e-05 -0.00120255 0.00351729 0.000875212 -0.00269063 0.000270113 -0.00174947 -0.00154544 -0.00172085 -0.0065996 -0.00117298 -0.00257576 0.00188321 -0.0017792 0.00118439 -0.00219115 0.000226575 0.00369128 -0.00409486 -0.00453964 -0.00601354 0.00320809 0.00224022 0.00656 0.00314839 0.00675768 -0.00114943 0.000223601
internal_weight=295814 2021 293793 56495 5861 5303 4357 237298 50634 49814 49239 4960 44279 30350 13929 28486 2143 27738 13672 7589 6083 14066 11805 12552 11596 1240 2261 5850 1556 236349
internal_count=295814 2021 293793 56495 5861 5303 4357 237298 50634 49814 49239 4960 44279 30350 13929 28486 2143 27738 13672 7589 6083 14066 11805 12552 11596 1240 2261 5850 1556 236349
is_linear=0
shrinkage=0.05


Tree=121
num_leaves=31
num_cat=0
split_feature=18 54 11 74 33 41 54 66 54 29 2 15 36 54 21 46 33 41 65 73 30 55 66 69 54 75 65 30 69 57
split_gain=45.7 96.1609 83.1993 62.7381 90.8032 63.6211 51.0387 65.3718 50.5488 55.5052 46.1987 39.3093 81.6204 69.8699 34.5475 32.1447 62.0064 34.0398 32.7191 32.1281 34.3241 161.431 163.294 106.743 88.8261 128.723 117.187 109.407 85.6405 80.2796
threshold=-0.30221128463745112 1.9336927533149721 -0.14410905539989469 0.020451268181204799 0.20959798246622088 0.065565224736928954 0.47933015227317816 -0.21191196143627164 2.9447020292282109 -0.85695573687553395 0.035108016803860671 -0.35265125334262842 18.950486183166507 2.2990788221359257 2.0647552013397221 12.500000000000002 1.2752617001533511 0.16639804095029834 0.0041937232017517099 0.020809937268495563 1.1067252755165102 1.5000000000000002 -0.3125737458467483 0.02981906104832888 8.9295015335083026 0.49088598787784582 -0.039955198764801018 2.5750383138656621 0.0083621535450220125 0.79314130544662487
decision_type=8 2 8 8 8 10 2 8 2 10 10 8 2 2 10 10 8 10 10 8 10 2 10 10 2 10 8 10 10 2
left_child=1 2 -1 4 -2 -6 7 -5 9 -7 15 12 -8 -14 19 18 17 -17 -3 -13 -21 22 23 -22 25 -24 -26 -28 -27 -30
right_child=3 10 -4 6 5 8 11 -9 -10 -11 -12 14 13 -15 -16 16 -18 -19 -20 20 21 -23 24 -25 26 28 27 -29 29 -31
leaf_value=0.00081050103992688454 -0.004336728004363531 -0.0004391361462082886 -0.0033259622232520028 -0.00055433994486595278 0.0021138079294425525 -0.0042866638810398179 -0.00090225195413387311 0.012634614796945299 -0.0045729115392459966 0.005708496911824206 -0.0010659657994404777 -0.0010647840527824933 -0.0021973074037198075 0.0022462536161670537 -0.0027656128181614576 0.0017278449870363644 -0.00087527994292932042 0.0032679259202858845 0.0015236311763818025 -2.6905114719794849e-05 -0.002394695844018308 -0.0021753741954911206 0.0014986686605640851 0.0018435849663407647 -0.0033803028117667631 0.016088352066115263 -0.0013216700315123453 0.0032356511116315352 0.00013653003081061905 0.0037635385792348557
leaf_weight=508 691 3511 1497 582 561 579 1773 613 731 592 2773 4152 564 3837 867 825 518 516 730 229470 2630 868 6049 1085 516 713 780 501 24124 2543
leaf_count=508 691 3511 1497 582 561 579 1773 613 731 592 2773 4152 564 3837 867 825 518 516 730 229470 2630 868 6049 1085 516 713 780 501 24124 2543
internal_value=-0.000136452 -0.00331558 -0.0131762 -1.49211e-05 -0.00701643 -0.00248686 6.37255e-05 0.010332 -0.00685146 -0.000381033 -0.00107509 1.96091e-05 0.00396184 0.00760599 -6.92652e-05 0.00135843 0.00682183 0.0124722 -0.00104681 -3.74852e-05 2.98935e-05 0.00138502 0.0018626 -0.00809396 0.00291463 0.00349741 -0.007886 0.000271108 0.00203724 0.00157626
internal_weight=295699 10878 2005 284821 3154 2463 281667 1195 1902 1171 8873 280472 6174 4401 274298 6100 1859 1341 4241 273431 269279 39809 38941 3715 35226 33429 1797 1281 27380 26667
internal_count=295699 10878 2005 284821 3154 2463 281667 1195 1902 1171 8873 280472 6174 4401 274298 6100 1859 1341 4241 273431 269279 39809 38941 3715 35226 33429 1797 1281 27380 26667
is_linear=0
shrinkage=0.05


Tree=122
num_leaves=31
num_cat=0
split_feature=8 54 75 41 38 41 55 69 75 63 54 11 54 19 69 27 27 71 54 69 65 55 30 65 63 67 69 60 65 60
split_gain=33.4928 46.7036 33.7571 58.5673 36.0804 38.0908 219.077 79.606 70.913 68.5284 62.0697 60.6877 159.922 108.677 99.5369 55.621 49.6523 95.4847 48.2606 74.2679 46.6548 37.4951 245.778 152.397 228.488 137.013 91.2636 82.426 70.8135 99.2527
threshold=-0.6149575114250182 2.0598762035369877 0.99751436710357677 0.28949439525604254 2.2250175476074223 0.10336021706461908 1.5000000000000002 0.053546356037259109 0.93263792991638195 -0.056122541427612298 2.5729937553405766 0.46883548796176916 5.5412440299987802 -0.18851997703313825 0.014897357672452928 0.60402390360832225 2.6837921142578129 0.51969173550605785 10.938343048095705 0.017343870364129547 0.1413991451263428 1.5000000000000002 0.28367054462432867 -0.070476770401000963 -0.057156533002853387 0.13539277762174609 0.032487584277987487 0.067540321499109282 0.01733118295669556 0.032315965741872794
decision_type=8 2 10 10 10 10 2 10 10 10 2 8 2 10 10 10 10 8 2 10 10 2 10 10 10 10 10 10 8 10
left_child=1 -1 3 4 5 7 11 8 18 -8 -10 12 13 -7 -15 -13 -17 -18 21 -20 -19 -2 23 24 26 -25 -23 -27 29 -24
right_child=2 -3 -4 -5 -6 6 9 -9 10 -11 -12 15 -14 14 -16 16 17 20 19 -21 -22 22 28 25 -26 27 -28 -29 -30 -31
leaf_value=-0.0039672619616034268 -3.2294198014864819e-05 -0.00047300487356936177 -0.0033199448435864221 0.0065074197605682728 -0.0030033615499614518 0.0063304145191184812 -0.00053522651224442231 -0.0015031377187490836 0.00028736629836358037 -0.0032917986481460146 -0.0019322528238237366 -0.00048234614380569845 -0.004157036230257454 0.0060127897349690016 -0.00063493350425792531 0.00083524773321706097 0.004121665241589312 -0.0036610561585531569 -0.00023669195151475899 0.0017806498988636281 -0.00038955887075273714 0.00047704455775496248 -0.00071885282745245732 -0.0017464624745302797 0.0015316333636981021 0.00078978875107035048 -0.0012398764455325323 -0.00031024622328513688 -0.0017861503626395243 0.0014915661879471498
leaf_weight=516 229742 1699 719 627 612 1943 526 2162 1411 821 3001 9267 508 1146 1916 20789 758 1125 504 518 1060 3295 1333 1248 2105 2495 577 1430 1909 609
leaf_count=516 229742 1699 719 627 612 1943 526 2162 1411 821 3001 9267 508 1146 1916 20789 758 1125 504 518 1060 3295 1333 1248 2105 2495 577 1430 1909 609
internal_value=-6.83242e-05 -0.00617978 -2.20964e-05 4.60049e-06 -2.83451e-05 -2.73778e-06 0.00143344 -0.000229642 -0.00014689 -0.0183125 -0.00642243 0.00212865 0.0069799 0.0097009 0.00380859 0.00131631 0.00259877 -0.00347105 -3.39742e-05 0.0107558 -0.00876993 -7.94679e-05 0.00234162 0.00610215 0.0115333 -0.000183292 0.00430191 0.00440915 -0.00853406 -0.00179303
internal_weight=296371 2215 294156 293437 292810 292198 39859 252339 250177 1347 4412 38512 5513 5005 3062 32999 23732 2943 245765 1022 2185 244743 15001 11150 5977 5173 3872 3925 3851 1942
internal_count=296371 2215 294156 293437 292810 292198 39859 252339 250177 1347 4412 38512 5513 5005 3062 32999 23732 2943 245765 1022 2185 244743 15001 11150 5977 5173 3872 3925 3851 1942
is_linear=0
shrinkage=0.05


Tree=123
num_leaves=31
num_cat=0
split_feature=37 69 68 31 8 54 58 38 53 54 67 54 66 58 26 58 42 67 58 55 54 69 38 33 70 54 54 55 68 59
split_gain=31.8421 42.7002 41.6575 85.3126 92.7404 117.311 187.202 99.5046 89.9127 114.419 79.4095 81.9288 72.24 71.1805 70.8784 64.815 63.469 61.8442 60.4305 110.584 78.1964 58.9341 58.78 62.8273 92.0461 79.6662 87.4677 121.824 186.888 104.006
threshold=1.2894819378852846 0.010989497881382706 0.0096751842647790926 0.025141977705061439 0.13594520837068561 5.0940568447113046 0.68176046013832103 0.30385766923427587 1.0000000180025095e-35 3.5203129053115849 0.43808875977993017 3.7682681083679204 -0.040008572861552232 0.74469971656799328 -0.098452959209680543 0.64678531885147106 0.10142964497208597 0.091559667140245451 0.7557436227798463 1.0000000180025095e-35 6.6803276538848886 0.0204625902697444 0.14615350216627124 2.1975511312484746 -0.042574496939778321 1.4146381020545962 4.3921005725860605 1.0000000180025095e-35 0.057555289939045913 0.0055501528549939403
decision_type=10 10 8 8 10 2 2 10 10 2 10 2 10 2 10 2 10 8 2 2 2 10 8 8 10 2 2 2 10 8
left_child=2 -2 -1 15 8 6 12 -8 14 21 11 -9 -6 16 22 -4 -7 -16 19 -19 -21 -10 -5 24 -24 -25 -27 -28 29 -29
right_child=1 -3 3 4 5 13 7 10 9 -11 -12 -13 -14 -15 17 -17 -18 18 -20 20 -22 -23 23 25 -26 26 27 28 -30 -31
leaf_value=-5.0562339200120603e-05 0.0015651510204266453 -0.00095888874016052334 -0.00053139026985842659 -0.00049602215044847599 -3.8460035649359523e-05 -7.5559815850433096e-05 -0.0018933271288582934 0.011228812012690612 0.0055132366387645555 0.00016113449884885627 -0.00080553424253912681 0.0020231988196223421 -0.0022505155054248814 -0.0018802878640152441 -0.0011623623965871493 -0.0048378436116711197 -0.0017264863329324533 0.00046438606237500686 0.00013172946142379419 0.00045185897916811602 0.0013409789186301501 -0.00039180794849084802 0.0010129510826678363 0.0041490488812296377 -3.2524840402511913e-05 -0.0014580181431998625 0.00097211684518076042 0.00052011741531331223 0.0015775762566719977 -0.0041836900393083451
leaf_weight=194153 1199 5574 1178 5540 9022 7198 612 2280 2823 3965 788 1921 2386 3340 685 509 1809 6415 6169 1212 1394 553 8246 1278 9053 6409 6664 506 811 1490
leaf_count=194153 1199 5574 1178 5540 9022 7198 612 2280 2823 3965 788 1921 2386 3340 685 509 1809 6415 6169 1212 1394 553 8246 1278 9053 6409 6664 506 811 1490
internal_value=-5.62346e-05 -0.00344243 2.34035e-05 0.000885791 0.00108934 -0.00123272 0.00146013 0.0089378 0.00216772 0.00736634 0.0112723 0.0139991 -0.0022158 -0.00494052 0.00148348 -0.0102239 -0.00262282 0.0043091 0.00497368 0.00757945 0.0162462 0.014117 0.000361187 0.00113007 0.00325553 -0.00101351 -0.00198238 0.00107056 -0.00764998 -0.0158524
internal_weight=295182 6773 288409 94256 92569 29356 17009 5601 63213 7341 4989 4201 11408 12347 55872 1687 9007 15875 15190 9021 2606 3376 39997 34457 17299 17158 15880 9471 2807 1996
internal_count=295182 6773 288409 94256 92569 29356 17009 5601 63213 7341 4989 4201 11408 12347 55872 1687 9007 15875 15190 9021 2606 3376 39997 34457 17299 17158 15880 9471 2807 1996
is_linear=0
shrinkage=0.05


Tree=124
num_leaves=31
num_cat=0
split_feature=38 69 23 68 74 10 8 33 55 42 55 54 54 10 19 42 11 54 69 54 69 54 57 69 27 54 30 54 71 11
split_gain=35.9434 33.2171 29.1911 28.1645 111.568 111.342 76.9493 84.778 106.745 103.8 115.935 145.016 80.7615 75.9128 67.4419 61.1628 85.5508 92.1906 91.7111 60.4087 98.7753 97.0148 73.078 70.504 84.894 55.8761 103.298 80.7771 56.9019 55.209
threshold=2.2250175476074223 0.030048843473196033 -0.75912743806838978 0.010184739716351034 0.020451268181204799 0.47758808732032781 0.08915936574339868 1.5954772830009463 1.5000000000000002 0.036339491605758674 1.0000000180025095e-35 6.1049940586090097 8.5302562713623065 -0.74914720654487599 -0.35876899957656855 0.074176266789436354 1.1081148982048037 3.5468837022781377 0.022169589996337894 4.5315775871276864 0.022169589996337894 2.9447020292282109 0.53341251611709606 0.022169589996337894 0.24481735378503802 4.6042199134826669 1.1742191314697268 1.8586387038230898 0.39061349630355841 -0.085454158484935747
decision_type=10 10 8 10 8 8 8 8 2 10 2 2 2 8 10 10 10 2 10 2 10 2 2 10 10 2 10 2 10 8
left_child=2 -2 -1 13 5 -5 14 19 9 10 11 -9 -12 -4 -6 -11 25 18 -18 20 22 -22 -8 24 -21 27 -27 -17 -29 -16
right_child=1 -3 3 4 6 -7 7 8 -10 15 12 -13 -14 -15 29 16 17 -19 -20 23 21 -23 -24 -25 -26 26 -28 28 -30 -31
leaf_value=0.0039686726856422603 -0.0038570094050200607 -0.00060495955627819513 0.0041100601467042351 -0.00047635158512519956 -0.0023392996950335797 -0.0094497916706289195 -0.00073255770440305574 -0.0015388503086974665 0.0025179000670345441 0.00096987616702022593 -0.0038725776526531662 0.0023022291979314128 -0.00094462182837085074 -6.6544296616460104e-05 4.0671752434493771e-05 0.00095624373229124973 0.020724462497175074 0.00010712303521713488 0.00096010389806754125 -2.5523517189710715e-05 -0.0038206339386068727 8.4867175107432653e-06 0.0017272198665218884 0.00018142691512774544 -0.0016557326986988822 0.0015104602906956593 -0.00089231071756098914 -0.0023331693091057804 0.0015886450042921251 0.00059757169634872855
leaf_weight=978 510 669 683 833 738 546 3312 1160 869 8051 753 625 535 203324 13980 1407 926 3255 870 2717 1153 1409 5803 2890 5734 2950 1921 3505 560 22856
leaf_count=978 510 669 683 833 738 546 3312 1160 869 8051 753 625 535 203324 13980 1407 926 3255 870 2717 1153 1409 5803 2890 5734 2950 1921 3505 560 22856
internal_value=-0.000113017 -0.0087889 -7.79676e-05 -0.00010686 0.000633336 -0.0134269 0.000855221 -0.000421502 0.00145819 0.000889626 -0.00773597 0.000529248 -0.0191063 -0.000431092 0.00256758 0.00202302 0.000175279 0.00550287 0.0145626 -0.00265763 -0.000132626 -0.00878694 0.00230685 -0.00525504 -0.00755821 -0.00242925 0.00146486 -0.00589201 -0.00946012 0.0028687
internal_weight=295522 1179 294343 293365 89358 1379 87979 50405 27387 26518 3073 1785 1288 204007 37574 23445 15394 5051 1796 23018 11677 2562 9115 11341 8451 10343 4871 5472 4065 36836
internal_count=295522 1179 294343 293365 89358 1379 87979 50405 27387 26518 3073 1785 1288 204007 37574 23445 15394 5051 1796 23018 11677 2562 9115 11341 8451 10343 4871 5472 4065 36836
is_linear=0
shrinkage=0.05


Tree=125
num_leaves=31
num_cat=0
split_feature=27 54 65 17 54 65 40 59 1 54 54 17 10 65 41 54 54 19 54 58 11 23 11 65 41 11 42 75 9 11
split_gain=33.1847 58.9624 86.8432 31.5 56.8981 105.976 87.0061 63.9633 43.3582 35.3894 34.6941 76.1851 36.8187 85.471 65.4087 86.9 62.6662 59.1943 144.937 257.319 100.224 66.7044 57.9275 96.2496 83.5976 67.7621 68.6807 65.0101 56.7823 81.7689
threshold=3.6738939285278325 5.6854317188262948 0.13711816072463992 -0.22799907624721524 2.2380464076995854 0.10245114564895631 0.086464744061231627 -0.08991703018546103 0.066638596355915083 7.4148738384246835 0.47933015227317816 -0.07385139167308806 -0.43869765102863306 0.10374850034713747 0.078958492726087584 4.9462389945983896 7.0733969211578378 -0.17287343740463254 6.4300498962402353 0.19721788913011554 0.078058131039142623 -0.091570410877466188 -0.5201379358768462 -0.14181646704673764 0.087395988404750838 -0.68330618739128102 0.0481529999524355 0.63057014346122753 -0.086861468851566301 -0.26813906431198115
decision_type=10 2 10 8 2 8 10 10 10 2 2 8 8 10 10 2 2 8 2 2 10 10 10 8 10 8 10 10 10 8
left_child=3 2 -2 4 6 7 -1 -6 9 -7 11 -5 13 14 16 -16 28 18 20 -20 22 -21 23 -14 27 -25 -27 -24 29 -12
right_child=1 -3 -4 10 5 8 -8 -9 -10 -11 12 -13 17 -15 15 -17 -18 -19 19 21 -22 -23 24 25 -26 26 -28 -29 -30 -31
leaf_value=0.00060112432589382774 -0.0053216989454900748 0.0017210042722904163 0.00048363697780458574 -0.0019723835919150871 0.00052330330006804943 0.0014182106521391207 -0.0036375086496721644 -0.0020867140621857925 -0.00088552032334052047 -0.0010219718204532546 0.00032500652278862242 0.0093697843534144929 -0.0017165164947702866 -0.0030125312292397033 0.0033931157725980311 -0.0010407008834998595 0.00094164698781851099 9.8878535441834917e-06 0.00088044561841858293 -0.0019872948310978461 0.0047082734135515782 -0.0008705476415876265 0.00027153350832148892 0.0040771824478259234 0.003205911618942302 0.0006896679085654344 -0.0010341731641663532 -0.0010459284392806774 0.001362772075478959 -0.0011757200111234217
leaf_weight=928 904 501 728 512 1176 3536 1558 3183 1359 741 5454 797 2966 521 2577 559 1642 234200 1858 2778 875 2871 7739 523 1325 2624 3452 3078 1295 3607
leaf_count=928 904 501 728 512 1176 3536 1558 3183 1359 741 5454 797 2966 521 2577 559 1642 234200 1858 2778 875 2871 7739 523 1325 2624 3452 3078 1295 3607
internal_value=-0.000170172 -0.00636958 -0.0109622 -0.000124939 -0.00258186 -0.000894553 -0.00933494 -0.00674067 0.00363089 0.00609984 -1.58215e-05 0.0080743 -5.39374e-05 0.00230131 0.00299128 0.00940877 0.00130746 -0.000193531 -0.00228081 -0.00829453 -0.00027886 -0.0135978 -0.000950868 -0.00385901 0.00134134 -0.000491754 -0.00198817 -0.000115452 -0.000135057 -0.00153787
internal_weight=295867 2133 1632 293734 12481 9995 2486 4359 5636 4277 281253 1309 279944 15655 15134 3136 11998 264289 30089 7507 22582 5649 21707 9565 12142 6599 6076 10817 10356 9061
internal_count=295867 2133 1632 293734 12481 9995 2486 4359 5636 4277 281253 1309 279944 15655 15134 3136 11998 264289 30089 7507 22582 5649 21707 9565 12142 6599 6076 10817 10356 9061
is_linear=0
shrinkage=0.05


Tree=126
num_leaves=31
num_cat=0
split_feature=70 75 19 69 59 65 32 43 75 72 16 75 60 7 57 54 74 54 69 16 42 36 43 41 63 54 4 42 54 36
split_gain=34.2369 102.111 62.8603 80.892 57.424 54.1406 68.9508 56.0808 49.5726 48.0862 67.0945 54.8377 57.4724 91.6596 49.6288 50.6087 73.3631 45.3291 80.8332 66.8101 45.2297 40.1092 37.7823 51.2629 41.739 64.4437 53.6282 41.6965 90.363 40.506
threshold=0.10528503358364107 0.10980751365423204 -0.058515693992376321 0.0083621535450220125 -0.13065999746322629 -0.24842640757560727 -0.72583937644958485 0.54024586081504833 0.41034929454326635 0.069872599095106139 -0.40715210139751429 0.52256706357002269 -0.12373321503400801 -0.32490400969982142 0.615990310907364 7.9154393672943124 0.13114822655916217 4.00724220275879 0.020924849435687069 -0.24444274604320523 0.076992955058813109 27.264857292175297 1.5670107603073122 0.025267821736633781 0.16931825876235965 8.8470358848571795 -0.038050128147006028 0.25090752542018896 4.4474632740020761 76.304027557373061
decision_type=8 8 8 8 10 8 10 10 10 8 8 10 10 10 2 2 10 2 10 10 10 2 10 10 10 2 10 10 2 2
left_child=9 4 5 -4 -2 8 -7 -8 -3 14 11 21 13 -13 15 -1 -17 19 -19 -16 -9 -11 24 -24 -12 26 -26 -25 -29 -28
right_child=1 2 3 -5 -6 6 7 20 -10 10 22 12 -14 -15 17 16 -18 18 -20 -21 -22 -23 23 27 25 -27 29 28 -30 -31
leaf_value=-0.00042429414704835377 -0.0034636178026924759 -0.0010941100396288986 0.011171042824258662 -7.5533288916248588e-05 -0.00051147746450678057 0.001938020750101377 0.0010930672114017048 -0.00098753271688355052 0.00046218260045220727 0.0015644388280439002 -2.6903925997558142e-05 0.0026903487908799427 0.0048893277974056525 -0.0020297127703447801 -0.0016587771646296755 0.0031805907631231273 -0.00012884118227899337 -0.0032856311044097003 0.0001483228487735947 0.0039188166638308352 -0.0021992661615082274 -0.00091432975411947994 0.00066685664181709292 -3.8008452476625754e-05 0.0010621133858724049 0.0020120854628785838 -0.00024326391070535539 -0.0024629806771856986 0.0081251898489102508 0.0011653134208891324
leaf_weight=12293 892 922 941 38349 603 1039 845 5470 3792 774 192466 838 1518 506 1247 909 1156 1054 532 558 2243 909 3581 9631 2800 752 6485 605 895 1312
leaf_count=12293 892 922 941 38349 603 1039 845 5470 3792 774 192466 838 1518 506 1247 909 1156 1054 532 558 2243 909 3581 9631 2800 752 6485 605 895 1312
internal_value=-0.000216776 -0.00134105 -0.000980209 5.34351e-05 -0.014186 -0.00381607 -0.00596961 -0.00744631 0.00057155 4.04848e-05 0.000239822 0.00624588 0.0104457 0.00288035 -0.00246354 -0.00117622 0.00604819 -0.00789474 -0.0140351 -0.00245179 -0.00878545 -0.000915535 0.000114626 0.00256079 -6.2063e-05 0.00288318 0.00187141 0.000884122 0.00860927 -0.000262585
internal_weight=295917 55096 53601 39290 1495 14311 9597 8558 4714 240821 223072 4545 2862 1344 17749 14358 2065 3391 1586 1805 7713 1683 218527 14712 203815 11349 10597 11131 1500 7797
internal_count=295917 55096 53601 39290 1495 14311 9597 8558 4714 240821 223072 4545 2862 1344 17749 14358 2065 3391 1586 1805 7713 1683 218527 14712 203815 11349 10597 11131 1500 7797
is_linear=0
shrinkage=0.05


Tree=127
num_leaves=31
num_cat=0
split_feature=73 28 33 66 55 0 55 64 68 42 55 42 69 55 32 11 59 42 32 33 67 33 66 51 66 17 10 11 55 30
split_gain=32.0299 28.5447 120.239 80.8958 65.7041 50.016 100.574 94.6294 53.0915 46.0771 76.3899 43.751 69.9689 143.421 177.735 112.525 87.4869 74.3151 71.4407 59.9926 72.4763 59.5818 103.362 122.119 86.2525 80.2589 74.739 72.1048 67.3665 65.7881
threshold=0.99420019984245311 0.25475823879241949 1.8276392221450808 -0.15150574594736096 1.0000000180025095e-35 -0.028617829084396359 1.0000000180025095e-35 0.11098933219909669 -0.19724608212709424 0.069566052407026305 1.5000000000000002 0.034263912588357932 0.013572620227932932 1.0000000180025095e-35 -0.32730250060558314 -0.41219334304332728 -0.08991703018546103 0.019711301662027839 -0.63962134718894947 0.078129943460226073 0.17542953044176104 1.3413537144660952 -0.16004703938961026 4.5000000000000009 -0.16552965342998502 0.15875738114118579 0.86904487013816845 0.011060226242989303 1.5000000000000002 0.35910245776176458
decision_type=10 10 10 10 2 8 2 10 8 10 2 8 10 2 10 8 10 10 10 10 10 8 10 10 8 10 10 10 2 8
left_child=1 2 5 4 -4 6 7 -1 -7 -8 -11 12 13 18 17 -14 -17 -15 -3 -20 -21 22 25 27 26 -13 28 -24 29 -23
right_child=-2 11 3 -5 -6 8 9 -9 -10 10 -12 21 15 14 -16 16 -18 -19 19 20 -22 24 23 -25 -26 -27 -28 -29 -30 -31
leaf_value=0.00014052259822478589 -0.0020115545944096426 0.0044355025664272038 -0.0018219247149253272 0.00044968413042684868 -0.0028161903397288198 -0.0015802634188097334 0.00026282178843488324 -0.0026690589993949663 -7.0509038911928393e-05 0.0037028276218442182 -6.4738816832626511e-05 0.00015107784727788504 -0.0013901386549447425 0.0010544833713285338 -0.0013397534336447997 -0.0020652300964353631 0.00044439405758461354 -0.00043870536267044197 -0.0011519006314526931 0.0013317970088829235 -0.00025738924129257572 -0.0018580301024152775 -0.0013301126017477049 0.00029315617920888681 0.00085126631258836561 -0.0012739336532169134 -0.0014249620560918622 -0.00069050550284040571 -0.0014133240653230955 0.00030180032905970517
leaf_weight=23265 1795 627 3286 1498 678 1621 2781 838 85994 1661 701 47778 1302 528 2068 644 21034 877 761 4399 5597 937 5656 8691 24810 3164 5229 14763 898 21355
leaf_count=23265 1795 627 3286 1498 678 1621 2781 838 85994 1661 701 47778 1302 528 2068 644 21034 877 761 4399 5597 937 5656 8691 24810 3164 5229 14763 898 21355
internal_value=1.96446e-05 6.04871e-05 -0.000522753 -0.00776681 -0.0114997 -0.000183536 0.00160651 0.000250902 -0.00078117 0.00794683 0.0130691 0.00047742 0.0019777 -0.000696173 -0.00957508 0.00370596 0.00456474 0.00413428 0.00201861 0.00105415 0.00208875 5.13913e-05 -0.000810622 -0.00318681 0.0013477 0.000547574 -0.000532907 -0.00529884 0.000685345 0.00122859
internal_weight=295236 293441 122323 5462 3964 116861 29246 24103 87615 5143 2362 171118 37837 14857 3473 22980 21678 1405 11384 10757 9996 133281 80052 29110 53229 50942 28419 20419 23190 22292
internal_count=295236 293441 122323 5462 3964 116861 29246 24103 87615 5143 2362 171118 37837 14857 3473 22980 21678 1405 11384 10757 9996 133281 80052 29110 53229 50942 28419 20419 23190 22292
is_linear=0
shrinkage=0.05


Tree=128
num_leaves=31
num_cat=0
split_feature=70 59 67 11 48 33 36 69 54 59 36 72 19 43 68 64 69 54 63 63 19 48 11 57 14 64 6 42 16 63
split_gain=34.0318 91.5065 62.9844 101.699 62.6621 54.679 60.572 59.4266 157.869 52.1972 66.3633 58.3949 49.9844 44.2493 43.7714 45.6022 43.7445 97.7958 45.3703 43.6514 42.7686 41.9001 45.7162 53.0415 41.1758 40.4262 74.1486 70.1541 68.8951 71.3932
threshold=0.042126284912228591 -0.083405748009681688 0.43542042374610906 0.31151796877384191 0.066598098725080504 2.3040269613265996 53.122543334960945 0.0071155172772705564 4.5839977264404306 -0.08991703018546103 22.764328002929691 0.43000626564025884 -0.17287343740463254 0.54509520530700695 -0.16132124513387677 -0.22000545263290402 0.0071155172772705564 4.1748487949371347 -0.10544562339782713 0.075171768665313735 0.060320921242237098 0.10263846069574357 1.5507577061653139 0.71773281693458568 -0.053557103499770158 0.14958441257476809 0.31255121529102331 0.040956219658255584 -0.057334706187248223 0.13403075933456424
decision_type=8 8 10 8 2 10 2 10 2 10 2 8 8 10 10 8 8 2 8 10 10 2 10 2 10 10 10 10 8 10
left_child=2 4 5 -4 14 7 -7 8 20 10 -9 -12 19 -13 -2 -16 17 -14 24 -3 -1 -20 -23 -24 -18 -11 27 28 29 -27
right_child=1 12 3 -5 -6 6 -8 9 -10 25 11 13 16 -15 15 -17 18 -19 21 -21 -22 22 23 -25 -26 26 -28 -29 -30 -31
leaf_value=-0.00087804472273225612 -0.0020081594822325146 -0.00029220977464163267 0.0014042835837194932 -0.00074207228598993093 -0.00019257508014802933 -0.001225697703508027 0.00028221962183932889 -0.00029697884244809256 -0.0033966210306337688 6.3528329291559453e-05 0.0017647580453973534 -0.001192888543189831 0.026430826400232383 0.00084673953879340334 0.00067951276401368929 -0.0008878532182483162 -0.00023026514751317076 -0.0017506604188993866 9.911572269429223e-05 -0.0014091131448714046 0.017364428351648972 -0.00068336274789205273 -0.00011686551156553337 0.0054955249730111351 0.00082669035366313463 2.7375367748661355e-05 0.0035297090635278945 -0.00082034384285979743 0.0005159075879112258 -0.0019104100141251483
leaf_weight=503 1846 11392 1521 1006 4359 7058 4171 4610 1335 152522 5121 1257 504 5584 689 2895 1786 500 45072 1965 532 16728 3450 993 4057 1259 764 8058 3537 568
leaf_count=503 1846 11392 1521 1006 4359 7058 4171 4610 1335 152522 5121 1257 504 5584 689 2895 1786 500 45072 1965 532 16728 3450 993 4057 1259 764 8058 3537 568
internal_value=-2.16471e-05 -0.000793799 0.000351025 0.00817895 -0.005373 0.000250141 -0.0031364 0.000455133 -0.00739496 0.000557041 0.00323242 0.00519546 -0.000274703 0.00216757 -0.00895221 -0.00570395 0.000239398 0.0105523 9.43187e-05 -0.00308596 0.00722488 -0.000278478 -0.00211274 0.00239165 0.00431403 0.00029091 -0.0022612 -0.00312686 0.00130257 -0.00655961
internal_weight=295642 96236 199406 2527 9789 196879 11229 185650 2370 183280 16572 11962 86447 6841 5430 3584 73090 1004 72086 13357 1035 66243 21171 4443 5843 166708 14186 13422 5364 1827
internal_count=295642 96236 199406 2527 9789 196879 11229 185650 2370 183280 16572 11962 86447 6841 5430 3584 73090 1004 72086 13357 1035 66243 21171 4443 5843 166708 14186 13422 5364 1827
is_linear=0
shrinkage=0.05


Tree=129
num_leaves=31
num_cat=0
split_feature=9 18 60 12 40 55 20 61 8 54 11 59 30 29 54 33 11 14 42 54 38 10 60 68 54 61 32 42 54 32
split_gain=38.1128 33.8252 43.697 34.1894 53.1893 44.1784 73.6885 46.6328 37.2021 112.562 48.475 45.2799 49.9622 41.26 33.3919 82.0892 104.78 70.5195 67.5761 62.9194 56.9443 50.0859 45.1599 56.6119 43.7709 85.6466 71.157 43.4423 41.7428 56.8649
threshold=2.5120574235916142 0.48421967029571539 -0.045014105737209313 0.17915657162666324 0.3416112512350083 1.0000000180025095e-35 -0.091108698397874818 0.11275362968444826 -0.43504142761230463 2.1684819459915166 0.2905541211366654 -0.019675437361001965 0.64154323935508739 -0.80289342999458302 1.8301782608032229 0.4220223873853684 0.42805883288383489 -0.084436807781457887 0.049928192049264915 1.0935983657836916 0.17274254560470584 -0.64830163121223439 -0.11597623303532599 -0.031703643500804894 2.1966687440872197 -0.0019969940185546871 -0.20998720824718473 0.051389427855610854 1.4146381020545962 -0.6347619593143462
decision_type=10 10 8 8 10 2 10 8 8 2 8 10 10 10 2 8 8 10 10 2 10 10 10 10 2 8 10 10 2 10
left_child=1 3 -3 4 8 7 -7 -5 9 10 -1 13 -13 -11 15 16 17 28 -17 27 22 -18 -21 -24 25 26 -16 -19 29 -10
right_child=-2 2 -4 5 -6 6 -8 -9 14 11 -12 12 -14 -15 24 18 21 19 -20 20 -22 -23 23 -25 -26 -27 -28 -29 -30 -31
leaf_value=-0.00029316178368678247 -0.0014401457486044316 -0.0014234130739420219 0.0017848170989669407 -0.00080401187440197117 0.0082961477860074885 -0.0045372734127345519 -0.00025778812065021492 0.001138341159320764 0.0028780083047286647 0.0034715692553590307 -0.0038421711430518648 -0.0021547386105471968 0.00046544628016966302 0.00011101872406433164 -0.00072008964457139055 0.0030579874927228602 -0.004202321922472739 -0.0037132989310483325 0.00055330311202063918 0.001877405655234172 -0.0010923375162256513 -0.0014547558193192416 -0.0015315329767007166 0.0012512890665821613 8.6196155536738202e-06 0.00024542265871146783 -0.0027378489776646257 -0.0010623581856697736 0.0015706637104937406 -0.00054180449098445329
leaf_weight=615 3044 953 4823 8006 712 675 913 2342 679 576 1501 1612 896 4831 5650 3618 557 511 9916 516 2357 1147 519 1264 225262 5918 1128 939 2389 1712
leaf_count=615 3044 953 4823 8006 712 675 913 2342 679 576 1501 1612 896 4831 5650 3618 557 511 9916 516 2357 1147 519 1264 225262 5918 1128 939 2389 1712
internal_value=-7.52729e-05 -1.72622e-05 0.00376772 -9.36287e-05 2.01939e-05 -0.0027122 -0.0104506 -0.00151574 -1.5504e-05 -0.00300269 -0.0132173 -0.000258675 -0.00579825 0.00231678 9.80719e-05 0.0017946 -0.00111111 0.000697504 0.00449646 -0.00286135 -2.14316e-05 -0.0126021 0.00556518 0.00175683 -8.82472e-05 -0.00294349 -0.00677666 -0.0119178 0.00524008 0.000562266
internal_weight=295581 292537 5776 286761 274825 11936 1588 10348 274113 10031 2116 7915 2508 5407 264082 26124 12590 10886 13534 6106 4656 1704 2299 1783 237958 12696 6778 1450 4780 2391
internal_count=295581 292537 5776 286761 274825 11936 1588 10348 274113 10031 2116 7915 2508 5407 264082 26124 12590 10886 13534 6106 4656 1704 2299 1783 237958 12696 6778 1450 4780 2391
is_linear=0
shrinkage=0.05


Tree=130
num_leaves=31
num_cat=0
split_feature=74 66 18 10 54 65 66 58 42 69 30 54 58 40 55 67 27 32 54 69 33 54 33 58 54 17 8 61 40 40
split_gain=29.7509 120.334 50.4746 44.5403 41.3626 39.2911 54.088 29.0479 60.37 58.2797 57.4555 112.372 209.196 86.3575 75.7212 163.387 136.811 103.473 119.014 101.431 99.1604 90.2224 107.046 83.8999 83.3922 80.8946 77.7296 76.8506 73.3753 68.4224
threshold=0.020451268181204799 -0.06893999874591826 -0.44345240294933314 -0.74914720654487599 3.143505454063416 -0.008210033178329466 -0.19516265392303464 0.5378856658935548 0.01715369708836079 0.012653783895075323 0.89782151579856884 4.3672935962677011 0.74469971656799328 0.047711146995425231 1.0000000180025095e-35 0.43542042374610906 3.0835480690002446 -0.5401814579963683 7.3427758216857919 0.015232469886541368 0.40835098922252661 6.6562123298645028 0.22428771108388904 0.62979966402053844 8.0796771049499529 0.015280910767614843 -0.11425276473164557 0.011759519577026369 0.027652217075228695 0.051770167425274856
decision_type=8 10 8 8 2 10 10 2 8 10 10 2 2 10 2 10 8 10 2 10 10 2 10 2 2 10 10 10 10 10
left_child=1 3 4 -1 -2 -5 -7 -4 9 -9 14 12 29 -13 16 19 17 18 20 24 -10 28 -23 -24 26 -21 -16 -27 -19 -12
right_child=2 -3 7 5 -6 6 -8 8 10 -11 11 13 -14 -15 15 -17 -18 21 -20 25 -22 22 23 -25 -26 27 -28 -29 -30 -31
leaf_value=0.0031238700165122871 -0.0032445040974754067 -0.0065606322688631924 -2.8844468306011076e-05 -0.0012686574548892591 -9.2310340139859301e-05 0.0030345599310392822 -0.0012905654830715771 0.0012216058385801046 -0.00024887615548800272 0.00018662518953934174 0.002451846929793926 0.00069706783007122269 0.012390151287933348 -0.00064722104262909363 -0.002238336521843499 0.001594812722559065 -0.0052974956271457339 -0.0011161386523923474 0.0022986441241438379 0.00079536077860898821 0.0022059515271442677 0.00018762915170971643 -0.0004810249447804921 -0.0018024591054432708 -0.0029976367978465299 -0.0013318012843009162 0.00028232558802706865 0.00059199054783232966 0.00012106792055491811 -0.00019493414658699646
leaf_weight=727 585 914 215634 2266 512 600 937 1702 9629 2600 1685 3583 2232 7287 503 858 527 4328 1094 3552 3096 1950 2095 2447 661 922 2037 1484 15006 4655
leaf_count=727 585 914 215634 2266 512 600 937 1702 9629 2600 1685 3583 2232 7287 503 858 527 4328 1094 3552 3096 1950 2095 2447 661 922 2037 1484 15006 4655
internal_value=-2.66786e-05 -0.00368537 4.19714e-05 -0.000330396 -0.0106143 -0.00250459 0.00365223 8.27068e-05 0.000937885 0.00667904 0.000582272 0.00288916 0.00716616 -0.000487132 -0.000311759 0.00357535 -0.00128167 -0.000941874 0.00254899 0.00160868 0.00118178 -0.00281003 -0.00790526 -0.0121046 -0.00555902 0.00546247 -0.00141176 -0.00161424 -0.00109595 0.00251969
internal_weight=296108 5444 290664 4530 1097 3803 1537 289567 73933 4302 69631 19442 8572 10870 50189 10017 40172 39645 13819 9159 12725 25826 6492 4542 3201 5958 2540 2406 19334 6340
internal_count=296108 5444 290664 4530 1097 3803 1537 289567 73933 4302 69631 19442 8572 10870 50189 10017 40172 39645 13819 9159 12725 25826 6492 4542 3201 5958 2540 2406 19334 6340
is_linear=0
shrinkage=0.05


Tree=131
num_leaves=31
num_cat=0
split_feature=18 54 10 75 75 69 70 75 54 66 15 38 54 14 67 8 67 18 67 11 54 55 42 54 59 38 58 15 32 46
split_gain=29.4587 58.5296 37.7867 46.9662 37.5088 53.3411 41.3149 36.5188 36.0797 104.511 38.9104 41.9509 39.9992 84.9703 43.8552 37.4984 35.4639 34.4055 86.9361 104.315 80.2289 101.013 76.6294 93.4147 72.6805 49.4259 39.791 35.8331 63.9378 116.378
threshold=-0.31108763813972468 1.8586387038230898 -0.74914720654487599 0.90931877493858349 0.76387661695480358 0.032846396788954742 -0.0069305542856454841 0.97272691130638134 0.47933015227317816 -0.22894344478845594 -0.35265125334262842 2.2250175476074223 2.708383440971375 -0.34692420065402979 0.077532038092613234 -0.40492759644985193 0.16775187104940417 -0.22603496909141538 0.069431941956281676 0.89416238665580761 4.6957874298095712 1.0000000180025095e-35 0.037062039598822601 3.3676404953002934 -0.0071670464240014544 0.93869903683662426 0.055599059909582145 -0.18637783825397489 -0.51794758439064015 16.500000000000004
decision_type=8 2 8 10 10 10 10 10 2 8 8 10 2 10 10 10 10 8 10 8 2 2 10 2 10 10 2 8 10 10
left_child=1 16 -3 4 5 -4 -6 -5 9 -2 12 17 13 15 -14 -10 -1 18 24 20 -20 -22 -21 -24 26 -25 -12 28 -19 -30
right_child=8 2 3 7 6 -7 -8 -9 10 -11 11 -13 14 -15 -16 -17 -18 27 19 22 21 -23 23 25 -26 -27 -28 -29 29 -31
leaf_value=-3.2946546054839908e-05 -0.001929767230292957 0.0026336103779476018 0.00037003806740489216 -0.0022233122889926808 0.0025002947829886029 -0.0014623465190614295 -9.0092394440024348e-05 -1.7362791385845677e-05 -0.0052701191006885697 0.010797546125811984 -0.0018436029785548298 -0.0032756273575499464 0.00030109036509520874 0.0018717071249981924 0.0025313892597889731 -0.0008716148019615081 -0.0027984719418603955 -7.6916702705628204e-05 0.0017523259290755933 0.0013252240840554348 -0.0010591213804740838 0.0034056256759596479 -0.0029554038643939034 -0.00075110256620097577 -0.0025819795748473406 0.0031083194937017917 0.00020378869808559201 -2.148589838827774e-05 0.00065817595770252849 -0.0015701404402058642
leaf_weight=506 517 619 1926 1345 920 1307 1072 881 517 830 768 636 2558 815 2466 540 1124 16117 2594 839 1528 713 1964 2062 1373 613 1335 232638 13200 1391
leaf_count=506 517 619 1926 1345 920 1307 1072 881 517 830 768 636 2558 815 2466 540 1124 16117 2594 839 1528 713 1964 2062 1373 613 1335 232638 13200 1391
internal_value=-8.25094e-05 -0.00279094 -0.0010396 -0.00203056 0.000563515 -0.00275979 0.00594406 -0.00809481 9.43977e-06 0.00814296 -2.93315e-05 -0.000121499 0.00367796 -0.00255048 0.00599921 -0.0118557 -0.0114024 -9.18292e-05 -0.00252555 -0.00021796 0.005129 -0.0017992 -0.00493805 -0.00745322 -0.00935169 -0.0013594 -0.00347847 3.56931e-05 0.00164073 0.00403739
internal_weight=295714 9700 8070 7451 5225 3233 1992 2226 286014 1347 284667 277771 6896 1872 5024 1057 1630 277135 13789 10313 4835 2241 5478 4639 3476 2675 2103 263346 30708 14591
internal_count=295714 9700 8070 7451 5225 3233 1992 2226 286014 1347 284667 277771 6896 1872 5024 1057 1630 277135 13789 10313 4835 2241 5478 4639 3476 2675 2103 263346 30708 14591
is_linear=0
shrinkage=0.05


Tree=132
num_leaves=31
num_cat=0
split_feature=17 54 11 68 43 38 19 54 65 43 55 21 21 46 29 55 60 24 8 54 38 60 54 65 68 68 12 33 61 10
split_gain=38.1277 51.4291 82.576 47.9263 85.6249 78.1558 48.7104 69.5054 47.7528 44.1494 94.3936 65.786 59.5754 42.5501 40.7202 47.9446 134.591 39.9532 36.4004 110.874 126.391 128.874 98.8389 90.304 78.6509 76.8535 72.1652 71.9428 70.0048 68.3239
threshold=-0.13964457809925077 8.3125643730163592 -0.30179651081562037 -0.13045125454664228 0.87384337186813366 0.054694667458534248 -0.11847108602523802 3.2025431394577031 -0.34573695063590998 1.9270681738853457 1.0000000180025095e-35 0.034001545980572707 0.18261568993330005 4.5000000000000009 -0.4298222661018371 1.0000000180025095e-35 -0.28599861264228815 1.9715520143508913 -0.16796657443046567 8.4717531204223651 0.078496906906366362 0.19227561354637149 7.8683307170867929 -0.24360802769660947 -0.034705746918916695 0.13593219965696338 -0.01044481201097369 0.1250078156590462 -0.024783402681350705 -0.090223424136638627
decision_type=10 2 8 10 10 10 8 2 8 10 2 10 10 10 10 2 10 10 10 2 10 10 2 10 10 10 10 10 10 10
left_child=1 3 -3 6 5 -5 7 -1 -8 10 12 -12 -10 -14 15 -4 -17 18 22 28 27 23 26 -22 29 -23 -2 -21 -20 -25
right_child=17 2 14 4 -6 -7 8 -9 9 -11 11 -13 13 -15 -16 16 -18 -19 19 20 21 25 -24 24 -26 -27 -28 -29 -30 -31
leaf_value=0.0027608900395079895 0.00026092246718942161 0.003735567184713174 0.0019923887649763903 -0.0041652829777321472 -0.0010309791255843658 -0.00012155218524164211 -0.002167191643668776 0.0002582363996848403 0.00092696348803260819 0.0020587277458074095 -0.0046220448024916474 -0.00036294927033717202 -0.0018328611606655033 0.00096134920597273779 -0.0016916210122436444 -0.0029557126080381004 0.0015484813088648044 -0.0017378320817602975 -0.00017451826511595444 -0.00019359444132226753 -1.4786761602181288e-05 0.0018685467114074935 0.00077596123283472864 -0.00090802928126756911 -0.0015926067561934114 -0.00028322605077074175 -0.00033056551168007771 0.00084698906817534171 0.00011064070931363761 0.00074782214395909766
leaf_weight=722 34604 503 572 556 8249 19318 1919 2151 5123 1103 683 585 2398 1673 506 640 1022 2269 45733 820 2265 537 7459 1160 4907 511 18103 895 128080 628
leaf_count=722 34604 503 572 556 8249 19318 1919 2151 5123 1103 683 585 2398 1673 506 640 1022 2269 45733 820 2265 537 7459 1160 4907 511 18103 895 128080 628
internal_value=-8.75876e-05 -0.00138164 0.00468798 -0.00182513 -0.00307646 -0.00129753 0.000326877 0.00622615 -0.000933748 0.000280778 -0.000725745 -0.0134585 0.00104302 -0.00346729 0.00123636 0.00414439 -0.000179426 0.000161504 0.000222618 -0.000123958 -0.00482826 -0.00697744 0.00129121 -0.00891862 -0.0118345 0.00954631 0.000528293 0.00768116 0.000193588 -0.00283648
internal_weight=295694 47723 3243 44480 28123 19874 16357 2873 13484 11565 10462 1268 9194 4071 2740 2234 1662 247971 245702 185536 11723 10008 60166 8960 6695 1048 52707 1715 173813 1788
internal_count=295694 47723 3243 44480 28123 19874 16357 2873 13484 11565 10462 1268 9194 4071 2740 2234 1662 247971 245702 185536 11723 10008 60166 8960 6695 1048 52707 1715 173813 1788
is_linear=0
shrinkage=0.05


Tree=133
num_leaves=31
num_cat=0
split_feature=42 65 61 54 40 60 55 65 75 55 75 54 32 66 54 33 65 55 54 65 75 11 34 11 21 58 59 66 65 10
split_gain=27.2878 145.134 74.6168 57.1719 52.5015 236.373 104.791 74.657 104.824 96.7662 226.726 151.752 79.721 69.9455 96.9064 144.801 112.559 89.7675 110.356 107.362 73.794 69.158 67.4879 67.2964 67.1816 65.4993 58.931 57.6599 57.3002 179.719
threshold=0.023156366311013702 -0.30154803395271296 -0.035036504268646233 3.5203129053115849 0.028731196187436584 -0.045014105737209313 1.5000000000000002 0.063132941722869887 0.10181874409317972 1.0000000180025095e-35 0.057341860607266433 6.0676496028900155 -0.32267008721828455 -0.1898790895938873 7.9154393672943124 0.038160730153322227 0.071293532848358168 1.5000000000000002 4.0413832664489755 0.087533473968505873 0.061652291566133506 -0.3711275160312652 0.070096954703331008 -0.20074211806058881 0.12186678871512414 0.17976188659667972 -0.025761155411601063 -0.28271885216236109 -0.14181646704673764 0.034814532846212394
decision_type=8 10 10 2 10 10 2 10 10 2 10 2 8 10 2 10 10 2 2 10 10 8 8 8 10 2 10 10 8 10
left_child=1 3 -3 -1 5 6 7 9 -9 11 -11 12 -2 17 15 -15 -16 18 -7 21 -17 -20 -13 -12 -14 -8 -23 -27 29 -6
right_child=4 2 -4 -5 28 13 25 8 -10 10 23 22 24 14 16 20 -18 -19 19 -21 -22 26 -24 -25 -26 27 -28 -29 -30 -31
leaf_value=0.00078506898069659933 -0.00055465249145764291 -0.00022144651027361241 0.00029050538275916734 -0.0015435178139710729 -8.3160274429283649e-06 0.00050449192369977707 0.00019419084254765768 0.002059967952176263 0.00033643218326930078 -0.0026021119751721139 0.00052453424305288696 -0.0001627544452172579 0.00094256787480691761 -0.0037770879182470983 -0.0011494277276039063 0.00043064674575002502 0.00057736227163045564 0.0012894680200213973 -0.0025488627300064119 -0.0032720972855876372 -0.0011199147174779153 0.00075436282083737134 0.0011366529161993795 -0.00047671324320906847 -0.0011304496312385781 0.0014526643880578137 -0.00049327643958775699 0.00036233507002289756 0.00010700745054583548 -0.0013797522134766816
leaf_weight=783 8775 5881 28463 2878 52657 3609 1890 594 1979 1566 1807 1241 3842 1231 987 894 1860 801 528 861 12653 680 3944 1946 1759 723 2269 506 139021 9453
leaf_count=783 8775 5881 28463 2878 52657 3609 1890 594 1979 1566 1807 1241 3842 1231 987 894 1860 801 528 861 12653 680 3944 1946 1759 723 2269 506 139021 9453
internal_value=-0.000149785 0.00110088 0.00211038 -0.00834922 -0.000333997 -0.00167413 0.00131777 0.000329534 0.00842044 -0.000510245 -0.00648339 0.00111645 -0.00152926 -0.00514157 -0.00695492 -0.00858128 0.00148757 -0.00148436 -0.0030979 -0.00846366 -0.00707752 -0.00451678 0.00844081 0.000199309 0.00312778 0.00998722 -0.00150389 0.0189266 4.54905e-05 -0.001217
internal_weight=296081 38005 34344 3661 258076 56945 30572 27453 2573 24880 5319 19561 14376 26373 17625 14778 2847 8748 7947 4338 13547 3477 5185 3753 5601 3119 2949 1229 201131 62110
internal_count=296081 38005 34344 3661 258076 56945 30572 27453 2573 24880 5319 19561 14376 26373 17625 14778 2847 8748 7947 4338 13547 3477 5185 3753 5601 3119 2949 1229 201131 62110
is_linear=0
shrinkage=0.05


Tree=134
num_leaves=31
num_cat=0
split_feature=2 71 68 10 69 32 49 24 71 65 27 10 36 74 75 69 11 11 75 15 61 58 67 5 74 67 19 75 60 41
split_gain=39.9582 53.5187 83.821 60.4013 76.8667 70.5873 58.5646 57.8848 48.345 89.7418 74.2557 61.876 69.6351 44.072 43.575 112.183 67.855 56.9476 50.3625 45.8368 44.9598 54.1675 43.2456 42.4738 46.6056 56.4233 43.4368 42.3581 65.4327 96.566
threshold=0.0014225811464712026 -0.034666514024138444 0.0093405554071068781 0.01536686345934868 0.012884998228400947 -0.33184356987476343 0.00019998000061605128 1.7189288735389712 0.064658381044864668 -0.039955198764801018 0.065130736678838744 0.56399422883987438 3.1313318014144902 0.80424287915229808 0.26944828033447271 0.013354740571230652 -0.27475032210350031 -0.50472313165664662 0.049317969009280212 0.032098408788442619 0.009133040904998781 0.16848885267972949 0.13984144479036334 0.031833685934543617 0.029094758443534378 0.069431941956281676 -0.22143904864788053 0.51456737518310558 -0.05128203518688678 0.06167211942374707
decision_type=8 10 8 10 10 8 2 8 10 10 10 10 2 10 10 10 10 10 10 10 10 2 10 10 10 10 10 10 10 10
left_child=8 2 3 4 5 -2 -4 -8 27 11 -11 12 -10 -13 15 16 -3 19 -18 -17 -19 -22 -23 26 -25 -26 -6 28 29 -1
right_child=1 14 6 -5 23 -7 7 -9 9 10 -12 13 -14 -15 -16 17 18 20 -20 -21 21 22 -24 24 25 -27 -28 -29 -30 -31
leaf_value=0.00028418561439162861 -0.0010334005830213385 0.00052584077678439621 0.00050718861681739978 0.00015986434477652828 0.00020348028206684451 -0.0039347667568397282 -0.00010248420727968725 -0.001952916430532431 -0.0021990733429704552 0.0020644024601248383 0.00021404946522246421 -0.003918953553463324 -0.00020156988388824772 -0.00038128632704211159 -9.17468409203058e-05 -0.00058546432710392365 -0.001506152916020901 0.00024361752844078764 -0.00047185404830528898 0.0012813799349164863 0.00013863268216628353 0.0013700342898429387 0.00077215522257271108 -0.0051986397705881095 -0.0029510590309917437 -0.00056933894491447074 -0.0006387422814199212 0.00034356462485098522 -0.00014580596380660491 -0.00069890154692238762
leaf_weight=35872 2176 1254 9828 3726 4451 899 14371 2948 756 594 21761 1040 22976 630 56526 2112 650 3737 2147 925 1141 728 1979 502 544 2727 6189 48367 37089 7168
leaf_count=35872 2176 1254 9828 3726 4451 899 14371 2948 756 594 21761 1040 22976 630 56526 2112 650 3737 2147 925 1141 728 1979 502 544 2727 6189 48367 37089 7168
internal_value=-1.53808e-05 -0.000720917 -0.0020043 -0.00435827 -0.00558921 -0.0127553 -0.000163862 -0.00191298 0.000463228 -0.000894969 0.00141516 -0.00292775 -0.00227024 -0.0122024 0.000150964 0.00257781 -0.00449397 0.00527652 -0.00881724 -0.000508697 0.00759052 0.011379 0.015219 -0.00405255 -0.00860428 -0.00638525 -0.00243192 0.000968048 0.000262669 0.00158885
internal_weight=295813 119560 48361 21214 17488 3075 27147 17319 176253 47757 22355 25402 23732 1670 71199 14673 4051 10622 2797 3037 7585 3848 2707 14413 3773 3271 10640 128496 80129 43040
internal_count=295813 119560 48361 21214 17488 3075 27147 17319 176253 47757 22355 25402 23732 1670 71199 14673 4051 10622 2797 3037 7585 3848 2707 14413 3773 3271 10640 128496 80129 43040
is_linear=0
shrinkage=0.05


Tree=135
num_leaves=31
num_cat=0
split_feature=48 65 39 4 8 29 52 9 67 10 41 10 75 65 67 30 57 65 66 75 15 19 64 38 59 48 33 27 32 10
split_gain=38.1848 50.185 55.5985 31.8714 28.5557 27.5459 24.2661 22.5475 53.9839 44.4997 27.9265 69.226 52.7574 49.8691 51.1757 104.63 56.8592 56.6201 89.2068 55.8484 86.8315 64.0661 51.8964 46.7189 46.3172 67.7902 46.0761 43.9636 42.8061 42.4755
threshold=0.27226135134696966 0.11457109451293947 0.21400478482246402 -0.55161783099174488 -0.20912111550569532 -0.59999725222587574 2.5000000000000004 -0.55598309636116017 0.18542226403951648 -0.37192213535308832 0.10467499867081644 -0.10768852010369299 0.93622809648513805 -0.070476770401000963 0.15151456743478778 0.37601168453693395 0.41540586948394781 0.13133955001831057 -0.08213175460696219 0.93263792991638195 -0.2532151043415069 0.069404892623424544 -0.021780997514724728 1.1308165788650515 -0.19429942965507505 0.049250977113842971 0.70887482166290294 1.5137536525726321 -0.670947104692459 1.5872391462326052
decision_type=2 8 8 8 8 10 8 8 10 10 10 8 10 8 8 10 2 8 10 10 10 10 10 10 8 2 8 10 10 8
left_child=6 2 -2 -3 -5 -6 -1 8 -8 -10 12 -12 23 -13 15 -15 -17 18 29 -19 27 -22 -23 24 25 -9 -14 -21 -27 -16
right_child=1 3 -4 4 5 -7 7 10 9 -11 11 13 26 14 17 16 -18 19 -20 20 21 22 -24 -25 -26 28 -28 -29 -30 -31
leaf_value=0.0011858229016377027 -0.0013934545435502011 0.0044033548883308923 -0.0082782092740367897 -0.0020389651840073777 -0.0012027177107097387 0.0010225076240319611 0.00023459231524585594 -0.0036028717862382782 -0.0023992472829859265 0.00058592866626572173 0.0025981362094688702 -0.0017177956150060696 5.5064648331889029e-05 -0.0017428839988731634 0.0021517346577004074 0.0016451917175832678 0.016625367413970041 -3.3946438263036563e-05 -0.0059549667262224068 0.00062307868570780987 0.011987959968815593 -0.0013662302772469465 0.0052212225367116328 -0.0020209184158706457 5.1675509556416321e-06 -0.002209810423858447 -0.0020131695677759235 -0.0029788505364033054 0.00097984768726555051 -0.0018861612878077333
leaf_weight=1911 2459 526 601 736 2161 2501 2711 696 1413 542 3040 1839 1650 1241 1215 3361 1306 17850 1255 759 553 551 1564 1239 236932 810 2212 525 851 683
leaf_count=1911 2459 526 601 736 2161 2501 2711 696 1413 542 3040 1839 1650 1241 1215 3361 1306 17850 1255 759 553 551 1564 1239 236932 810 2212 525 851 683
internal_value=-0.000105342 -0.00331332 -0.00850163 -0.000623525 -0.00177515 -0.000321062 -4.70844e-06 -4.24848e-05 -0.00348589 -0.00979644 1.49924e-05 0.00132021 -0.000175941 0.00064808 0.00112558 0.00530585 0.00873423 0.000134188 -0.00611761 0.00104071 0.0064109 0.0115385 0.00750588 -8.27312e-05 -3.23863e-05 -0.00699197 -0.00596591 -0.00425039 -0.00146619 0.000733753
internal_weight=295693 8984 3060 5924 5398 4662 286709 284798 4666 1955 280132 35742 244390 32702 30863 5908 4667 24955 3153 21802 3952 2668 2115 240528 239289 2357 3862 1284 1661 1898
internal_count=295693 8984 3060 5924 5398 4662 286709 284798 4666 1955 280132 35742 244390 32702 30863 5908 4667 24955 3153 21802 3952 2668 2115 240528 239289 2357 3862 1284 1661 1898
is_linear=0
shrinkage=0.05


Tree=136
num_leaves=31
num_cat=0
split_feature=39 19 74 54 72 60 55 8 48 42 55 75 16 35 66 16 52 9 41 55 11 54 19 27 74 54 66 41 61 72
split_gain=31.4317 54.6897 85.1777 74.5781 56.4621 48.43 67.8131 60.6771 50.9225 44.8247 35.0956 34.9606 31.1579 30.6882 58.2473 66.6471 48.0381 44.7552 35.5604 190.631 121.843 118.314 77.0132 66.48 63.3803 128.416 125.745 142.013 119.648 74.6223
threshold=0.15814460068941119 0.35371769964694982 0.84888970851898204 2.275727510452271 0.67784637212753307 0.3275266587734223 1.0000000180025095e-35 -0.16548944264650342 0.06521880999207498 0.21544510871171954 1.0000000180025095e-35 0.97656756639480602 -0.61302903294563282 15.358218193054201 -0.3125737458467483 -0.0897654853761196 12.500000000000002 -0.65111789107322682 0.10336021706461908 1.5000000000000002 0.56327822804451 4.8746626377105722 -0.16474225372076032 0.65282198786735546 0.55260959267616283 9.7689256668090838 -0.11925493180751799 0.060301829129457481 0.018231093883514408 0.13231697678565982
decision_type=8 8 8 2 10 8 2 10 2 10 2 10 8 2 8 10 8 8 10 2 8 2 10 10 8 2 10 8 10 10
left_child=12 9 3 4 -3 7 8 -4 -7 -2 11 -5 -1 14 15 -14 -16 -15 24 20 21 22 -20 -22 25 -19 27 28 -26 -27
right_child=1 2 5 10 -6 6 -8 -9 -10 -11 -12 -13 13 17 16 -17 -18 18 19 -21 23 -23 -24 -25 26 29 -28 -29 -30 -31
leaf_value=0.0021933872833778262 -0.00143018102658902 -0.0050660746587673057 -0.0041349309961091572 0.0015978943204102186 0.0011234874886392819 0.0011637428921183423 -0.0049734223210552223 -0.001071184636462054 -0.001180267032169009 -0.0048645076969253296 0.0038686275568014434 -0.0026188088928240944 4.1283282449443125e-05 -0.0020686168953278263 0.00035271475510855127 -0.00075087857978712853 0.0019568320913118009 -0.00015068572480298297 0.0081823132936716097 -0.0026697180695331546 -0.00082683070129027148 -0.0018238911408926105 0.002220337389681313 0.00057970770050175572 0.00014277482184995877 -0.00020664807504175778 -0.00036197773620464898 -0.00025067622599876524 0.00071009414695549918 -0.0034865003566714407
leaf_weight=871 3556 521 533 3702 530 1760 556 506 2237 907 1286 555 19361 792 23750 2845 1870 91952 1314 824 5806 762 2055 15735 38512 545 28645 28351 14580 657
leaf_count=871 3556 521 533 3702 530 1760 556 506 2237 907 1286 555 19361 792 23750 2845 1870 91952 1314 824 5806 762 2055 15735 38512 545 28645 28351 14580 657
internal_value=-3.61626e-05 -0.00214599 -0.00040997 0.00343731 -0.00871819 -0.00494466 -0.00270655 -0.014633 -0.000411779 -0.00687458 0.00575365 0.0035505 8.97087e-05 5.9993e-05 0.00121248 -0.000661685 0.00283652 -0.000179145 -0.000137977 0.00158455 0.00234795 0.0102028 0.0142202 0.000837548 -0.000362604 -0.0013224 0.000449599 0.00145176 0.00297729 -0.0174917
internal_weight=295876 16649 12186 6594 1051 5592 4553 1039 3997 4463 5543 4257 279227 278356 47826 22206 25620 230530 229738 26496 25672 4131 3369 21541 203242 93154 110088 81443 53092 1202
internal_count=295876 16649 12186 6594 1051 5592 4553 1039 3997 4463 5543 4257 279227 278356 47826 22206 25620 230530 229738 26496 25672 4131 3369 21541 203242 93154 110088 81443 53092 1202
is_linear=0
shrinkage=0.05


Tree=137
num_leaves=31
num_cat=0
split_feature=18 55 37 67 11 27 53 8 75 75 33 74 46 11 19 75 55 41 7 18 11 67 75 40 40 32 31 24 27 28
split_gain=31.6562 122.722 70.6394 130.278 88.0657 83.4951 80.3302 64.8856 64.5814 61.9957 48.577 65.5934 44.5844 43.5894 43.5112 43.0729 55.5997 47.0101 42.6029 38.6197 77.3002 120.184 107.166 78.2382 125.078 56.5942 50.7026 46.6802 44.2167 44.5814
threshold=-0.19490062445402143 1.5000000000000002 -0.50631400942802418 0.069431941956281676 1.4155716896057131 0.72004058957099926 1.0000000180025095e-35 -0.4142728298902511 0.66197156906127941 0.65392628312110912 0.36893096566200262 0.22795414924621585 8.5000000000000018 -0.44020967185497278 -0.12314141169190405 0.53488463163375866 1.0000000180025095e-35 0.047937775030732162 0.15952113270759585 -0.13411463797092435 -0.42557221651077265 0.28457595407962805 0.83319962024688732 0.036420186981558807 0.011537283193320038 -0.754655361175537 0.064083129167556777 0.11333416774868967 2.6837921142578129 0.21818827837705615
decision_type=8 2 10 10 8 10 10 10 10 10 10 10 10 8 10 10 2 10 10 8 8 10 10 10 10 8 10 10 10 10
left_child=1 2 13 9 7 6 10 -5 -9 -4 -6 -12 -3 -1 -11 -15 17 -17 -7 25 21 22 -21 24 -23 26 -2 -27 29 -22
right_child=19 12 3 4 5 18 -8 8 -10 14 11 -13 -14 15 -16 16 -18 -19 -20 20 28 23 -24 -25 -26 27 -28 -29 -30 -31
leaf_value=0.0010854738893261763 -0.0028766060399873818 -0.00080291799495852366 -0.00049790991722376487 -0.0014531777602508861 -0.0025656704075111489 0.00057650274446993221 0.0016221235011894932 1.166871866867987e-05 0.0022094504703830571 -0.0030212426255027767 0.00031210965004417721 -0.002310315164993628 -0.0025431701560588008 -0.0004115754069716117 -0.00068029029419669278 -0.001791808984993712 0.0032306382643156719 0.00054092823106183967 -0.00090830065648141514 -0.0011868953137561752 -9.2791673171370101e-05 0.00084001575586763644 0.00057908618940384485 0.0042849935030620815 -0.00093688206913856487 0.00045229747264620825 8.5511617719227645e-05 -3.4617172027871444e-05 -0.0013452445931246019 0.00010041105093190877
leaf_weight=3774 591 690 1671 1248 2510 3594 674 4065 3658 1558 1375 1027 515 4921 625 536 713 3790 752 8123 66217 515 2199 1013 1682 17661 732 11231 3602 144509
leaf_count=3774 591 690 1671 1248 2510 3594 674 4065 3658 1558 1375 1027 515 4921 625 536 713 3790 752 8123 66217 515 2199 1013 1682 17661 732 11231 3602 144509
internal_value=-9.2129e-05 -0.00144539 -0.000924632 -0.0026332 -0.000922646 -0.00416415 -0.00820229 0.00266674 0.00437734 -0.010999 -0.0104226 -0.0053068 -0.0170782 0.00190629 -0.0165299 0.000170512 0.00341652 0.00126845 0.00103306 0.000105585 -0.000117172 -0.00378083 -0.00640728 0.00465839 -0.000657 0.00178495 -0.00828957 0.00224898 0.000114305 0.000208318
internal_weight=295771 37696 36491 22757 18903 9932 5586 8971 7723 3854 4912 2402 1205 13734 2183 9960 5039 4326 4346 258075 227860 13532 10322 3210 2197 30215 1323 28892 214328 210726
internal_count=295771 37696 36491 22757 18903 9932 5586 8971 7723 3854 4912 2402 1205 13734 2183 9960 5039 4326 4346 258075 227860 13532 10322 3210 2197 30215 1323 28892 214328 210726
is_linear=0
shrinkage=0.05


Tree=138
num_leaves=31
num_cat=0
split_feature=19 68 8 54 65 59 11 58 29 10 33 11 19 74 33 54 17 11 74 66 65 67 59 17 54 54 65 43 32 54
split_gain=32.0985 35.1106 29.0342 65.6697 105.887 69.2916 46.0795 45.9268 40.2662 36.1434 53.0861 26.9001 90.1238 48.6985 102.433 55.417 51.0438 47.3549 39.5653 100.698 92.8359 78.9598 87.3351 51.2986 64.5861 42.4311 39.4503 36.6348 56.9197 38.311
threshold=0.88460674881935131 -0.035921983420848839 -0.39610430598258967 3.0108671188354497 -0.354678064584732 -0.0071670464240014544 0.48336216807365423 0.3042286634445191 -0.54688674211502064 -0.74914720654487599 1.1368935704231264 -0.68330618739128102 -0.40642008185386652 0.025050234049558643 0.2599142342805863 4.2047674655914316 -0.086110260337591157 -0.55599856376647938 0.11858415976166727 -0.10959761962294577 -0.27235966920852656 0.075403895229101195 -0.0042997919954359523 -0.079803194850683198 4.5839977264404306 5.2630786895751962 -0.31698948144912714 0.6933448612689973 -0.86330392956733693 1.8863115310668948
decision_type=10 10 8 2 10 10 8 2 10 10 10 8 10 8 8 2 10 10 8 10 8 10 10 10 2 2 10 10 10 2
left_child=2 -2 3 4 6 8 -1 -7 9 10 -5 12 -4 14 16 17 -13 -16 19 20 26 22 25 -21 -25 -22 -15 -23 -29 -30
right_child=1 -3 11 5 -6 7 -8 -9 -10 -11 -12 13 -14 18 15 -17 -18 -19 -20 23 21 27 -24 24 -26 -27 -28 28 29 -31
leaf_value=0.00015468477956267579 0.00018918047430089015 -0.0068160090208025589 0.0048961115428287879 0.0022892063721687422 0.00015566637666882094 -0.00023691734607022408 -0.0031630265257264409 -0.0039772424997341583 -0.00053528952937399873 4.874147715473662e-05 -0.00047390103035005807 -0.0010406342093203826 -0.00063252095435747122 5.1475978412031432e-05 -0.0020215672950895445 -0.0030596251199482734 -0.0051600463808035429 0.0028975422260723335 -5.8851861163389259e-06 0.0044938904577999572 -0.0011401972597660664 0.00068253334278539776 -0.0032651224990915191 0.0036196562693553373 -0.0013573694348582644 0.0011026482107896597 0.0024308068641971355 0.0029615791176765931 -0.0022607252835921405 -0.00026551160588838353
leaf_weight=504 524 565 1001 2492 2563 1208 2438 839 2001 2291 546 752 1089 607 936 512 501 1337 254745 1741 1967 4699 591 2730 982 500 1084 534 837 2988
leaf_count=504 524 565 1001 2492 2563 1208 2438 839 2001 2291 546 752 1089 607 936 512 501 1337 254745 1741 1967 4699 591 2730 982 500 1084 534 837 2988
internal_value=-6.95678e-05 -0.00859873 -3.77934e-05 -0.00218909 -0.00651859 0.000356877 -0.0129743 -0.00775401 0.00262943 0.00489792 0.00846457 7.6568e-05 0.00571429 3.39863e-05 -0.00541008 -5.36673e-05 -0.0172209 0.00330705 0.00011441 0.00229891 2.53311e-05 -0.00150915 -0.00844198 0.00804503 0.00470177 -0.00425918 0.0109641 0.000838112 -0.00246052 -0.00460235
internal_weight=296104 1089 295015 14882 5505 9377 2942 2047 7330 5329 3038 280133 2090 278043 4038 2785 1253 2273 274005 19260 13807 12116 3058 5453 3712 2467 1691 9058 4359 3825
internal_count=296104 1089 295015 14882 5505 9377 2942 2047 7330 5329 3038 280133 2090 278043 4038 2785 1253 2273 274005 19260 13807 12116 3058 5453 3712 2467 1691 9058 4359 3825
is_linear=0
shrinkage=0.05


Tree=139
num_leaves=31
num_cat=0
split_feature=75 41 38 60 72 38 66 32 41 33 54 54 74 18 32 40 58 53 54 65 75 11 54 69 51 65 54 33 15 33
split_gain=29.3626 45.0461 40.3963 41.552 26.5568 62.3071 63.0434 179.314 63.9281 59.5962 106.382 43.5065 57.3854 39.1967 38.63 33.3817 31.8043 150.238 79.2211 67.1671 67.0293 96.3549 67.7756 70.227 52.3506 55.0661 102.1 86.4537 75.8136 79.7339
threshold=0.99751436710357677 0.28949439525604254 1.9244347214698794 0.089724093675613417 0.069872599095106139 0.20691514760255816 -0.14369458705186841 -0.74487742781639088 0.037248991429805763 1.6243945360183718 5.236574888229371 4.2047674655914316 0.2686458975076676 -0.22253124415874478 -0.86330392956733693 0.1092798449099064 0.62526491284370433 1.0000000180025095e-35 3.5203129053115849 0.045362114906311042 0.83319962024688732 7.6791617870330819 3.7957137823104863 0.021101850084960464 4.5000000000000009 0.055826246738433845 6.892895221710206 0.35669535398483282 -0.035752341151237481 0.16246418654918673
decision_type=10 10 10 8 8 10 10 10 10 10 2 2 10 10 10 10 2 10 2 10 10 8 2 10 10 10 2 10 10 10
left_child=1 2 4 -4 5 11 9 -8 -9 14 -11 -1 -13 -10 15 -7 -6 20 19 -19 24 22 23 -22 25 -18 28 -28 -27 -30
right_child=-2 -3 3 -5 16 6 7 8 13 10 -12 12 -14 -15 -16 -17 17 18 -20 -21 21 -23 -24 -25 -26 26 27 -29 29 -31
leaf_value=-8.5001092163273373e-05 -0.002934293438356867 0.0038079861980502452 -0.0030591507823895555 0.00029207513751781971 -1.4212910997306143e-05 0.0018970558428790961 -0.0041719718875019088 -0.0001420333690011929 0.0095639430892440896 -0.00016283467379673427 -0.0044446870833150963 -0.002579435912822082 -0.00021818727650933374 0.0025683435608763296 -0.00034702910456194271 -0.00070596034200245028 0.00023810724548208094 0.001784212081992357 0.00060157489289202443 0.018100504347979312 0.021339166053978894 -0.0012237379993793596 0.00079002551828544773 0.0016367579257275115 0.00053551907256422647 -0.003174011370516604 -0.00028243593072481811 -0.0025052791395586459 0.0010500851969770793 -0.00032084483061496226
leaf_weight=836 788 861 986 756 237738 887 786 815 578 730 501 864 631 1642 9008 614 8917 721 2173 858 1077 1334 1505 646 5575 526 1878 1563 1062 8750
leaf_count=836 788 861 986 756 237738 887 786 815 578 730 501 864 631 1642 9008 614 8917 721 2173 858 1077 1334 1505 646 5575 526 1878 1563 1062 8750
internal_value=-7.10381e-05 -4.5111e-05 -7.87503e-05 -0.0076484 -3.33647e-05 -0.00189923 -0.000754608 0.00481597 0.0103284 -0.00257021 -0.0129331 -0.00950449 -0.0145847 0.0147085 -0.00134518 0.00605559 8.83962e-05 0.00146058 0.010925 0.0194147 0.000376031 0.005993 0.0106547 0.0173976 -0.000532159 -0.0015987 -0.00357894 -0.0110258 -0.001092 -9.1631e-05
internal_weight=295606 294818 293957 1742 292215 17892 15561 3821 3035 11740 1231 2331 1495 2220 10509 1501 274323 36585 3752 1579 32833 4562 3228 1723 28271 22696 13779 3441 10338 9812
internal_count=295606 294818 293957 1742 292215 17892 15561 3821 3035 11740 1231 2331 1495 2220 10509 1501 274323 36585 3752 1579 32833 4562 3228 1723 28271 22696 13779 3441 10338 9812
is_linear=0
shrinkage=0.05


Tree=140
num_leaves=31
num_cat=0
split_feature=2 74 55 64 55 30 69 42 43 69 38 11 71 39 15 34 65 42 65 11 20 65 55 58 64 33 64 75 59 65
split_gain=29.9878 46.9671 58.0387 152.361 101.463 89.0316 86.2416 84.3752 71.4754 68.1547 49.9569 48.6071 47.748 45.9517 41.845 56.7211 64.474 72.882 58.1545 53.4829 46.8032 73.4621 70.0269 97.2908 77.1405 84.2413 52.7118 56.3158 51.7018 51.1317
threshold=0.0080010672099888342 0.5928616225719453 1.0000000180025095e-35 -0.24710273742675778 1.5000000000000002 0.35416051745414739 0.0096336924470961111 0.032150337472558028 1.5053541064262392 0.011222291272133591 0.18006523698568347 0.16550966352224353 -0.33698680996894831 0.02529619820415974 -0.12338662520051001 0.050001000985503204 0.053912818431854255 0.13910096883773806 -0.26526039838790888 1.1914458870887759 -0.12422082945704459 -0.12834659218788144 1.0000000180025095e-35 0.61393991112709057 0.013746738433837892 1.6860166788101199 -0.063911020755767808 0.62652796506881725 -0.08991703018546103 -0.12804839015007016
decision_type=8 10 2 10 2 8 8 10 10 10 10 10 10 8 10 10 10 10 10 10 10 10 2 2 10 10 10 10 10 8
left_child=14 2 5 4 7 12 -7 -4 9 10 -5 -11 -2 -8 19 16 17 18 -16 -1 21 -17 24 -24 26 -26 27 -23 -22 -30
right_child=1 -3 3 8 -6 6 13 -9 -10 11 -12 -13 -14 -15 15 20 -18 -19 -20 -21 28 22 23 -25 25 -27 -28 -29 29 -31
leaf_value=0.00018031222428615339 -0.002750822821828547 7.0625222983729255e-05 -0.0052801835434880514 -0.00042419974773338801 0.0002785992249780628 0.0066602478319750776 0.0011178116924086981 -0.0026220810808635256 0.0012576922773942579 9.5194531701905266e-05 -0.0032718167907334079 -0.0016505205500956539 -0.00047339916107252402 -0.0001153852534925455 -0.0024927818585153178 -0.00083120216513967869 0.00052484444499822198 0.0021334025433482578 -0.0005302638317001726 -0.0021148452346700839 -0.0010952392606420976 0.002219379977798469 -0.0018269697951097516 0.00092076982995348495 -0.0011701404225845861 0.0010745818707496595 0.0033165583242576735 -0.00056776547922649174 0.00024279743321706186 -2.6489521218222431e-06
leaf_weight=80929 749 45687 953 586 599 1738 2055 847 706 4934 677 542 18174 29827 1217 8497 1290 749 2691 1048 1563 704 1310 589 5760 3646 4442 2793 19136 50786
leaf_count=80929 749 45687 953 586 599 1738 2055 847 706 4934 677 542 18174 29827 1217 8497 1290 749 2691 1048 1563 704 1310 589 5760 3646 4442 2793 19136 50786
internal_value=-7.89204e-05 -0.000742015 -0.00163389 -0.00515527 -0.0160855 -0.000973303 0.000570919 -0.021989 -0.00161636 -0.00320788 -0.0136292 -0.000783813 -0.00371573 -2.19491e-05 0.000304018 -0.000356046 -0.00509485 -0.00783158 -0.0105666 0.00115079 -7.15466e-05 -0.00181435 -0.000103875 -0.00919329 0.000895995 -0.00216653 0.00452258 -7.1286e-05 0.000604937 0.000806498
internal_weight=295224 108074 62387 9844 2399 52543 33620 1800 7445 6739 1263 5476 18923 31882 187150 105173 5947 4657 3908 81977 99226 27741 19244 1899 17345 9406 7939 3497 71485 69922
internal_count=295224 108074 62387 9844 2399 52543 33620 1800 7445 6739 1263 5476 18923 31882 187150 105173 5947 4657 3908 81977 99226 27741 19244 1899 17345 9406 7939 3497 71485 69922
is_linear=0
shrinkage=0.05


Tree=141
num_leaves=31
num_cat=0
split_feature=17 74 11 33 66 27 43 70 19 49 42 55 67 39 42 44 65 11 18 43 75 65 19 26 28 19 74 11 55 16
split_gain=34.6385 46.5478 83.0588 39.8633 108.298 38.7279 35.3282 55.9778 72.4049 50.4108 54.0323 147.376 48.5383 44.7314 35.5156 34.5593 43.809 45.3111 32.7441 38.3233 32.6431 48.9523 62.3236 38.2364 34.7076 31.8944 45.3272 37.8472 62.4579 65.582
threshold=-0.1421759948134422 0.4072431772947312 -0.43522927165031428 1.5954772830009463 -0.15007437020540235 1.6505439281463625 0.92538508772850048 -0.078061200678348527 -0.11847108602523802 0.00014286734949564564 0.025737587362527851 1.0000000180025095e-35 0.4323598593473435 0.028691240586340431 0.11378096789121629 -10.499999999999998 -0.089022934436798082 -0.2515797466039657 -0.22603496909141538 1.7189510464668276 0.980114907026291 0.12399452924728395 0.26108446717262274 -0.69407317042350758 0.32174919545650488 -0.51449722051620472 0.0084073231555521506 -0.45603513717651362 1.5000000000000002 -0.29557706415653223
decision_type=10 10 8 10 10 10 10 10 10 2 10 2 8 8 10 2 8 10 8 10 8 10 10 10 10 8 8 8 2 10
left_child=1 3 -3 6 -5 -4 9 8 18 12 11 13 -1 -11 -12 16 17 -2 -8 -20 23 22 24 -17 -22 -25 -27 28 29 -28
right_child=15 2 5 4 -6 -7 7 -9 -10 10 14 -13 -14 -15 -16 20 -18 -19 19 -21 21 -23 -24 25 -26 26 27 -29 -30 -31
leaf_value=-0.00014535757561038172 0.00074842598737484751 0.003923009956704704 -4.9985567848267069e-05 -0.0027944114241585101 0.0039901672265477278 0.0031269988954313321 0.0017890954989213824 -0.0010488864533053418 -0.0013482891016013937 0.0017374330421746468 0.00016345858534542735 -0.0038958787158399955 0.0012077517398715717 -0.0011917145394788973 -0.00093524572922705886 0.0027520447974913546 0.001879966855864742 -0.0012451423161882846 -0.0014945821064495505 0.003554053752360853 0.0016374157380055925 0.0022862269037964337 -0.0057408674806297307 0.0034836512078664328 -0.0013905628138946976 -0.0029457061692525692 0.00017555734163755693 4.086718969438623e-05 0.0013359342896156858 -0.00081472889242410231
leaf_weight=6493 956 555 6760 1862 506 673 1276 5382 1528 557 7655 1069 4881 2045 3816 1223 868 500 709 541 816 848 1277 671 1708 594 5495 224620 655 8989
leaf_count=6493 956 555 6760 1862 506 673 1276 5382 1528 557 7655 1069 4881 2045 3816 1223 868 500 709 541 816 848 1277 671 1708 594 5495 224620 655 8989
internal_value=-7.64707e-05 -0.0013321 0.00213803 -0.00205583 -0.00832632 0.000732232 -0.00164062 -0.00426636 0.000172244 -0.000704969 -0.00259372 -0.00786471 0.00180956 -0.00141654 -0.000901489 0.000156883 0.00621251 0.000886767 0.00536278 -0.000396825 9.96331e-05 -0.00404593 -0.00646812 0.000179355 -0.00189424 0.000134421 0.000103801 0.000138258 -0.00228068 -0.00296674
internal_weight=295528 46308 7988 38320 2368 7433 35952 9436 4054 26516 15142 3671 11374 2602 11471 249220 2324 1456 2526 1250 246896 4649 3801 242247 2524 241024 240353 239759 15139 14484
internal_count=295528 46308 7988 38320 2368 7433 35952 9436 4054 26516 15142 3671 11374 2602 11471 249220 2324 1456 2526 1250 246896 4649 3801 242247 2524 241024 240353 239759 15139 14484
is_linear=0
shrinkage=0.05


Tree=142
num_leaves=31
num_cat=0
split_feature=73 3 62 20 9 20 63 18 69 54 54 41 58 30 19 66 32 54 71 11 29 18 71 69 32 66 66 34 34 55
split_gain=25.8181 31.1115 56.2874 60.3775 51.8455 39.95 45.2331 38.7979 51.7094 49.4206 48.3869 39.7672 39.3846 40.3192 37.0688 152.904 94.3099 101.994 55.4357 77.863 133.509 58.0471 58.8421 56.9957 60.8945 53.5674 53.5208 63.888 57.1307 76.1294
threshold=0.016570930369198326 -0.09163260459899901 -0.15612572431564328 -0.11299717426300047 -0.53817367553710926 -0.13417242467403409 0.065791010856628432 -0.1304582208395004 0.017019351944327358 7.9154393672943124 7.6327643394470224 0.15089484304189685 0.077525451779365553 2.2923302650451665 -0.058515693992376321 -0.1031927317380905 -0.32730250060558314 8.9295015335083026 -0.076453980058431611 -0.42557221651077265 -0.31913810968399042 -0.07264526933431624 -0.17398762702941892 0.018430895172059539 -0.82410427927970875 -0.061733074486255639 -0.38742892444133753 0.5182713270187379 0.71853557229042064 1.0000000180025095e-35
decision_type=8 8 8 10 8 10 8 10 10 2 2 8 2 10 8 10 10 2 10 10 10 10 10 10 10 10 8 10 8 2
left_child=-1 7 3 -3 -4 6 -6 9 10 -2 12 -10 -9 -14 15 18 17 -17 21 20 -20 23 -23 24 -7 -18 27 -16 -28 -30
right_child=1 2 4 -5 5 14 -8 8 11 -11 -12 -13 13 -15 26 16 25 -19 19 -21 -22 22 -24 -25 -26 -27 28 -29 29 -31
leaf_value=-0.00091648073535062838 0.00043101170982589129 -0.00024884511695104225 -0.00093106497909143944 -0.0025416913005974853 -0.0005484906651369439 0.004395896286090939 0.00016060787771459201 -0.00080445726807371477 -0.00039586098756194714 0.0018634921227701961 -0.00065243228038710036 0.0014871523372834597 0.0012895612542931075 -0.0024322193585403816 -0.0029882709960262935 -3.897353643386925e-05 -0.003342900499434448 -0.0029284853085419457 0.0001715359510631216 0.00023131583425649541 -0.0010761996991774563 -0.0020847631029108382 -0.00045702804259253172 -0.00054978020170449473 5.0324115833669941e-05 -0.0010216259812600448 0.00020774523198372475 0.0004257894094341554 7.0263065287750386e-05 -0.00088710696135329908
leaf_weight=4752 16473 1959 3463 1229 19889 517 11666 738 16508 1171 998 2392 6287 511 810 5088 1053 729 14067 34302 6172 737 2940 7345 13393 2421 72415 769 38446 6597
leaf_count=4752 16473 1959 3463 1229 19889 517 11666 738 16508 1171 998 2392 6287 511 810 5088 1053 729 14067 34302 6172 737 2940 7345 13393 2421 72415 769 38446 6597
internal_value=-6.50674e-05 -5.32472e-06 -0.00022661 -0.00681676 -0.00013981 -5.18035e-05 -0.00170917 0.00120209 2.55065e-05 0.00303047 0.00325375 -0.0014331 0.00462497 0.00581669 0.000199941 -0.000573366 -0.00663907 -0.00273726 0.000136507 0.00102931 -0.0014297 -0.00181621 -0.00760781 -0.000811192 0.0010704 -0.0131458 0.000776584 -0.00833858 0.00089982 -0.000498302
internal_weight=295837 291085 246007 3188 242819 239356 31555 45078 27434 17644 8534 18900 7536 6798 207801 88764 9291 5817 79473 54541 20239 24932 3677 21255 13910 3474 119037 1579 117458 45043
internal_count=295837 291085 246007 3188 242819 239356 31555 45078 27434 17644 8534 18900 7536 6798 207801 88764 9291 5817 79473 54541 20239 24932 3677 21255 13910 3474 119037 1579 117458 45043
is_linear=0
shrinkage=0.05


Tree=143
num_leaves=31
num_cat=0
split_feature=39 69 54 60 42 42 72 64 55 61 54 50 25 72 63 23 12 30 60 18 55 55 66 60 54 32 66 54 69 58
split_gain=38.3944 49.5387 114.664 74.7724 88.3325 73.9518 51.9071 44.9733 34.3425 52.6036 33.1004 32.9764 31.8748 29.8836 28.6668 49.3161 30.4717 48.6922 48.0651 46.6733 75.8401 78.3827 77.8504 81.8912 72.5893 97.6759 61.9288 50.6478 97.8607 100.26
threshold=0.15814460068941119 0.04754243046045304 2.8509954214096074 0.11645098030567171 0.22541858255863192 0.19932679831981662 0.8455488681793214 -0.1101345121860504 1.0000000180025095e-35 0.11016237735748292 6.0040106773376474 0.0099798366427421587 0.84717294573783886 0.37815140187740331 -0.26977345347404474 -0.42806723713874811 -0.069459792226552949 1.2270367145538332 0.076779253780841841 -0.22969997674226758 1.5000000000000002 1.0000000180025095e-35 -0.073138352483510957 -0.094850320369005189 1.8586387038230898 -0.64444255828857411 -0.14128293097019193 1.8301782608032229 0.0074105316307395705 0.74469971656799328
decision_type=8 10 2 8 8 10 10 8 2 8 2 2 8 10 8 10 10 10 10 8 2 2 10 10 2 8 10 2 8 2
left_child=14 3 13 4 -2 -4 8 11 9 12 -9 -7 -5 -3 15 -1 17 18 -16 20 21 22 23 -18 -25 -26 -23 28 -21 -30
right_child=1 2 5 6 -6 7 -8 10 -10 -11 -12 -13 -14 -15 16 -17 19 -19 -20 27 -22 26 -24 24 25 -27 -28 -29 29 -31
leaf_value=0.00044782209139505213 -0.0015548195024725833 -0.0045533724914223047 -0.00093195328463705407 -0.00094966127163752842 -0.0068342413555911308 0.0026505428678730704 0.0025045115452818401 0.0019312980798690948 -0.0032168866692068019 0.00086750946983331584 0.0093662027143624794 -0.0027900225060223244 -0.0042986470447791084 -0.0018354442196079055 0.00050958555216038535 -0.0041350911458959963 -0.0007425210684909423 -0.00065874089216664405 -0.00064036699829319959 0.023733664986794325 -0.002294751027066022 0.00021477958147870342 -0.0073087827899433484 -0.0016192187911936032 0.0024617665619094302 -0.00046606372276347587 0.0077799334887798145 -1.1069037857733972e-05 0.00018006526204324301 0.0067756954973496432
leaf_weight=616 2864 507 1390 2169 945 608 1395 1050 680 2045 974 503 510 881 24090 514 10462 4085 2577 594 521 2829 563 1263 2361 1678 500 206689 18799 1229
leaf_count=616 2864 507 1390 2169 945 608 1395 1050 680 2045 974 503 510 881 24090 514 10462 4085 2577 594 521 2829 563 1263 2361 1678 500 206689 18799 1229
internal_value=-3.29502e-05 -0.00237433 0.00129158 -0.00441703 -0.0100157 0.00514884 -0.00127038 0.00939587 -0.00349095 -0.00196451 0.0138151 0.00129349 -0.00656378 -0.0112303 0.000105591 -0.00780702 0.000138005 0.00162213 0.00240094 -4.6465e-05 -0.00235052 -0.00184583 -0.00327171 -0.00261189 0.00244729 0.00571746 0.00513627 0.000158146 0.00252036 0.00192135
internal_weight=295891 16521 5913 10608 3809 4525 6799 3135 5404 4724 2024 1111 2679 1388 279370 1130 278240 30752 26667 247488 20177 19656 16327 15764 5302 4039 3329 227311 20622 20028
internal_count=295891 16521 5913 10608 3809 4525 6799 3135 5404 4724 2024 1111 2679 1388 279370 1130 278240 30752 26667 247488 20177 19656 16327 15764 5302 4039 3329 227311 20622 20028
is_linear=0
shrinkage=0.05


Tree=144
num_leaves=31
num_cat=0
split_feature=19 63 42 65 61 40 60 55 63 41 67 33 65 75 55 66 38 11 66 65 65 10 69 42 55 59 65 42 19 11
split_gain=26.4088 43.9385 25.0574 118.768 66.5942 55.0852 192.114 70.0888 111.109 68.0774 60.4294 68.2653 53.7789 120.125 80.9837 177.919 109.155 76.2149 54.8793 50.2482 49.46 131.895 111.597 60.3419 157.138 91.0156 74.4013 94.9528 86.3418 62.0164
threshold=0.88460674881935131 -0.040285915136337273 0.023156366311013702 -0.30154803395271296 -0.035036504268646233 0.028731196187436584 -0.045014105737209313 1.5000000000000002 -0.038215458393096917 0.062116954475641258 0.43542042374610906 0.0099197039380669611 0.063132941722869887 0.10980751365423204 1.0000000180025095e-35 -0.24756715446710584 0.23132849484682086 -0.27144472301006312 -0.36846095323562617 0.063132941722869887 -0.14181646704673764 0.026627428829669956 0.031625803560018546 0.090201713144779219 1.5000000000000002 -0.17559352517127988 0.068212747573852553 0.036007884889841087 0.026272599585354332 -0.49074898660182947
decision_type=10 10 8 10 10 10 10 2 10 10 10 10 10 10 2 8 10 8 10 10 8 10 10 10 2 10 10 10 8 8
left_child=2 -2 3 -1 19 6 7 12 -9 10 11 -8 14 -14 16 17 -4 -16 -19 -5 21 -7 -23 25 29 -22 -27 -28 -29 -25
right_child=1 -3 5 4 -6 20 9 8 -10 -11 -12 -13 13 -15 15 -17 -18 18 -20 -21 23 22 -24 24 -26 26 27 28 -30 -31
leaf_value=-0.001056895063951694 0.00058879334048147429 -0.0068462264254014393 0.00049196654726113684 -0.00034821579964969246 0.00028003309445635355 -1.8940037199752236e-06 -0.0028031050679292618 0.00012221282348384997 0.0013457278083270218 0.0010718336171776199 0.0010833532814154036 -0.00061329133215359995 0.0019567952449217074 0.00011452358384447682 0.00069842353726203704 -0.0038477953919846641 -0.00053301670163876747 -0.0010360946279858491 -3.2077741820313657e-05 0.00075269321791959559 -0.0034567080405009348 -0.0015038982269584237 0.0013284734192432889 0.0046762132634822554 -0.0016849668057077015 0.0005242778696523063 0.0012172765067126068 -0.00055923447217324747 0.00019344919049461563 -5.8444714244356576e-05
leaf_weight=3650 538 530 13014 5065 28371 52235 673 2268 761 1394 527 23594 633 1963 1164 1208 6451 850 2094 735 636 8017 1645 612 1987 47965 3404 12514 20879 49710
leaf_count=3650 538 530 13014 5065 28371 52235 673 2268 761 1394 527 23594 633 1963 1164 1208 6451 850 2094 735 636 8017 1645 612 1987 47965 3404 12514 20879 49710
internal_value=-7.33657e-05 -0.00788497 -4.47235e-05 0.00115646 0.00207279 -0.000222085 -0.00159883 0.00110468 0.00830865 -0.004737 -0.00534188 -0.00570705 0.000304889 0.00713738 -0.000413456 -0.00587683 0.00108087 -0.000898494 -0.00517942 -0.00280551 0.000168325 -0.00100554 -0.0063689 0.000695993 -0.000641258 0.00151508 0.00165739 -3.39609e-05 -0.000845732 -9.53668e-05
internal_weight=295087 1068 294019 37821 34171 256198 56594 30406 3029 26188 24794 24267 27377 2596 24781 5316 19465 4108 2944 5800 199604 61897 9662 137707 52309 85398 84762 36797 33393 50322
internal_count=295087 1068 294019 37821 34171 256198 56594 30406 3029 26188 24794 24267 27377 2596 24781 5316 19465 4108 2944 5800 199604 61897 9662 137707 52309 85398 84762 36797 33393 50322
is_linear=0
shrinkage=0.05


Tree=145
num_leaves=31
num_cat=0
split_feature=39 65 13 75 59 12 18 65 67 11 59 73 60 15 10 54 69 27 52 11 19 41 54 18 55 55 65 67 75 54
split_gain=26.7309 86.8851 88.9047 52.8506 34.4981 35.0961 58.4635 63.008 50.7507 52.3428 44.6477 61.0567 43.9888 53.8867 49.7262 39.6599 37.6814 35.5273 42.5405 47.3024 42.5868 35.178 39.8171 33.318 96.7604 65.478 67.4562 50.6694 115.304 76.7236
threshold=0.15814460068941119 0.12399452924728395 -0.27335846424102778 0.9583801031112672 -0.27312894165515894 -0.054746229201555245 -0.13598022609949109 -0.14181646704673764 0.0056619716342538604 -0.092852663248777376 -0.13860822468996045 0.85717448592185985 0.049621656537055976 0.16986232250928882 1.3209889531135561 7.5541515350341806 0.020289576612412933 1.8268014788627627 10.500000000000002 -0.56742006540298451 -0.19092203676700589 0.081098310649395003 2.0800662040710454 -0.18948807567358014 1.5000000000000002 1.0000000180025095e-35 0.01733118295669556 0.078049011528491988 0.5826266109943391 6.4616401195526132
decision_type=8 8 10 10 8 10 10 10 10 10 8 10 10 10 8 2 10 8 10 10 8 10 2 8 2 2 10 10 10 2
left_child=4 2 -2 -3 -1 6 15 8 -8 -10 11 -7 14 16 -9 17 -14 18 19 20 -6 22 -20 24 25 27 -27 28 -12 -29
right_child=1 3 -4 -5 5 10 7 12 9 -11 23 -13 13 -15 -16 -17 -18 -19 21 -21 -22 -23 -24 -25 -26 26 -28 29 -30 -31
leaf_value=-0.0018162037551118879 -0.0088094600996789976 -0.00033701542825287232 -0.0015804930456817378 0.0031368568512690556 -0.00096834252922129306 -5.3115850341830738e-05 0.00030066255814482218 0.00091001225810960224 -0.00041145697478452983 -0.0020531202861301633 0.00018615884347619001 -0.0025109406005076663 -3.616580936627069e-05 0.00093548693266398697 -0.0013799860758288178 0.0016337114873300293 -0.001459009947721213 -0.0030127819719069186 0.001801244894900965 0.0014588062775405478 0.00076313695731137349 0.0012877263242818797 -0.0006887755605028686 1.6057081762116401e-05 -0.0018325321655646332 2.2729943523847921e-05 0.0015714174013642024 4.8265869825519364e-05 -0.0016314806776863866 -0.0013756445490379595
leaf_weight=1085 502 11220 3461 1510 1387 1435 3475 9298 5709 1810 2919 1004 1474 2085 1272 1567 1630 527 811 4599 4045 1408 3055 202348 918 2903 1382 15653 3518 1660
leaf_count=1085 502 11220 3461 1510 1387 1435 3475 9298 5709 1810 2919 1004 1474 2085 1272 1567 1630 527 811 4599 4045 1408 3055 202348 918 2903 1382 15653 3518 1660
internal_value=-7.16991e-05 -0.00201461 -0.00846967 0 4.46257e-05 7.95244e-05 0.00137222 -9.52808e-05 -0.00299891 -0.00530615 -0.000164706 -0.00688036 0.001931 -0.00183689 0.00378072 0.00362743 -0.00600514 0.00287211 0.00331374 0.00522358 0.00205807 -0.000321726 -0.00278638 -9.35969e-05 -0.00167973 -0.0011535 0.00452852 -0.00218013 -0.00596401 -0.000770652
internal_weight=295670 16693 3963 12730 278977 277892 44152 26753 10994 7519 233740 2439 15759 5189 10570 17399 3104 15832 15305 10031 5432 5274 3866 231301 28953 28035 4285 23750 6437 17313
internal_count=295670 16693 3963 12730 278977 277892 44152 26753 10994 7519 233740 2439 15759 5189 10570 17399 3104 15832 15305 10031 5432 5274 3866 231301 28953 28035 4285 23750 6437 17313
is_linear=0
shrinkage=0.05


Tree=146
num_leaves=31
num_cat=0
split_feature=2 31 64 54 66 42 27 59 66 34 60 68 27 65 58 54 33 66 54 33 65 66 54 55 32 39 54 13 59 54
split_gain=31.955 59.8343 43.6514 43.5921 121.73 75.9094 80.8683 73.0724 70.2504 70.1484 67.4741 51.5209 55.2453 46.9512 43.2955 119.867 54.7481 44.6058 144.531 42.7581 43.7472 40.8481 46.1862 113.864 126.203 90.3741 66.5596 44.2373 59.2587 38.3368
threshold=0.0014225811464712026 0.25757426023483282 -0.22850680351257321 6.8586175441741952 -0.10603393614292143 0.073113530874252333 2.0751492977142338 -0.0017232487443834541 -0.31818009912967676 0.20279182493686679 0.056651793420314796 0.010982907377183439 0.26986281573772436 0.077489256858825697 0.68176046013832103 3.8502539396286015 0.23990454524755481 -0.055800173431634896 3.9101212024688725 0.52690654993057262 0.35905814170837408 -0.048209600150585168 5.8867287635803232 1.0000000180025095e-35 -0.68282675743103016 0.02555189281702042 1.4146381020545962 0.072109311819076552 -0.043303452432155602 8.0796771049499529
decision_type=8 10 8 2 10 10 10 10 10 10 10 10 10 10 2 2 10 10 2 10 10 8 2 2 10 10 2 8 10 2
left_child=-1 21 -3 14 5 8 -7 13 9 -5 -10 -9 -13 -6 17 19 -17 -4 -19 -16 -21 27 26 29 25 -25 -23 -2 -29 -24
right_child=1 2 3 4 7 6 -8 11 10 -11 -12 12 -14 -15 15 16 -18 18 -20 20 -22 22 23 24 -26 -27 -28 28 -30 -31
leaf_value=4.1486228864286161e-05 -0.00028880640311232381 0.0013431903956759126 0.00010259066660293967 -0.00063671195561210169 -0.0013376070879375604 -0.00087432075043817898 0.004114886845189375 -0.0037199501649157621 -0.00066301898585136899 0.00080430673783353436 0.00055196800569111068 -0.00026077760798771249 -0.0025236711155206095 0.0011857857295614949 0.00047513209866431561 0.00089305503452812062 -0.00072239840350346693 -0.0024604380078349095 0.00051694431440116946 0.0097406693633303176 0.00046959932957936701 0.0029383961144051267 0.0013303107151046963 -0.003869575922918771 0.0014810554248475755 0.00065837847447140817 -0.00067423735362688575 -0.0052177889523998024 -0.0011836681340362228 0.0019455631149059658
leaf_weight=176107 27236 1813 41939 501 522 3085 664 845 2568 2109 2006 1328 1137 505 1002 806 4369 3027 3082 2163 567 968 2213 940 526 540 8340 521 3447 873
leaf_count=176107 27236 1813 41939 501 522 3085 664 845 2568 2109 2006 1328 1137 505 1002 806 4369 3027 3082 2163 567 968 2213 940 526 540 8340 521 3447 873
internal_value=-7.15109e-05 -0.000702036 0.000175562 -1.73046e-05 -0.00238874 0.000424929 -0.00533387 -0.0094663 0.00343342 0.00996183 -0.00030541 -0.0130723 -0.00935354 0.00216972 0.000618801 0.00381855 -0.00110897 2.49698e-05 -0.00396307 0.010636 0.0138686 -0.00212654 7.63359e-05 0.00390043 -0.00535714 -0.0128188 -0.0020176 -0.00314282 -0.00806938 0.00991602
internal_weight=295749 119642 74038 72225 15270 10933 3749 4337 7184 2610 4574 3310 2465 1027 56955 8907 5175 48048 6109 3732 2730 45604 14400 5092 2006 1480 9308 31204 3968 3086
internal_count=295749 119642 74038 72225 15270 10933 3749 4337 7184 2610 4574 3310 2465 1027 56955 8907 5175 48048 6109 3732 2730 45604 14400 5092 2006 1480 9308 31204 3968 3086
is_linear=0
shrinkage=0.05


Tree=147
num_leaves=31
num_cat=0
split_feature=54 65 28 54 60 3 49 62 63 30 54 40 65 54 69 54 58 41 15 58 54 54 59 8 54 41 67 54 60 54
split_gain=24.2641 134.555 73.8063 36.9004 46.8558 27.8378 33.1442 36.0969 30.6228 26.6343 128.594 85.8927 109.936 97.3227 100.303 69.4135 115.027 74.7208 128.99 63.0798 56.3615 52.8334 51.5637 51.3638 57.745 59.4906 49.5829 63.1195 56.8769 58.848
threshold=0.84800961613655101 0.045362114906311042 0.03539142198860646 0.70061612129211437 -0.15453490614891049 0.48215717077255255 0.00019998000061605128 0.11321449279785158 -0.057156533002853387 0.96157696843147289 10.165822982788088 0.051770167425274856 0.13711816072463992 7.7320404052734384 0.0094106099568307417 3.6321768760681157 0.74469971656799328 0.21968963742256167 -0.22089647501707074 0.19721788913011554 10.938343048095705 3.3426851034164433 -0.23120154440402982 0.18311084061861041 1.6084369421005251 0.056443283334374435 0.43542042374610906 5.9509029388427743 0.16752322763204577 8.2665500640869158
decision_type=2 10 10 2 8 8 2 10 10 10 2 10 8 2 10 2 2 10 10 2 2 2 10 10 2 10 10 2 10 2
left_child=1 2 -1 4 -4 9 8 -8 -7 20 11 19 13 14 -13 16 -14 22 -19 -11 23 -16 -17 26 -25 -26 28 -28 -2 -30
right_child=5 -3 3 -5 -6 6 7 -9 -10 10 -12 12 15 -15 21 17 -18 18 -20 -21 -22 -23 -24 24 25 -27 27 -29 29 -31
leaf_value=0.0041830851723191897 8.8170380836588229e-06 0.0079273681374917113 -0.0048367001012417019 0.0006043864646579439 -0.00077324302049994328 0.0011042552959408696 -0.0018375897669279852 0.00054752836941837114 -0.00091322565568973204 -0.0024984278483164563 -0.0023788615532801365 0.0098826658501263605 0.001123794151640491 -0.0013786373814367399 -0.0016756526339657242 0.0033803216213028602 0.01799271478397008 -0.00022861403275887052 0.01265792436798913 0.00083985477111138656 0.0008262400683012581 -0.00014651107099574172 -0.00041963100362998927 -0.0031991487272490168 -0.00075102996488453453 6.6024235633940084e-05 -0.00073132421666758849 0.0011637510353750028 -0.00066497354599975964 0.00044892440637609305
leaf_weight=538 198424 958 612 707 1098 2190 4615 1385 1584 703 541 887 4560 1593 4587 638 901 780 595 13378 952 9658 9714 1140 10058 13053 528 1158 7064 1283
leaf_count=538 198424 958 612 707 1098 2190 4615 1385 1584 703 541 887 4560 1593 4587 638 901 780 595 13378 952 9658 9714 1140 10058 13053 528 1158 7064 1283
internal_value=-4.42729e-05 0.00386184 -0.00143339 -0.00517099 -0.00912791 -9.67535e-05 -0.00271872 -0.00502496 0.000951374 -5.84681e-06 0.00105984 0.00133531 -2.80046e-05 -0.00291306 -0.00167085 0.00277939 0.00743009 0.000609185 0.0115162 0.00461642 -0.000227244 -0.00269028 -0.000849257 -0.000277159 -0.00245456 -0.00190952 -2.37448e-05 0.00849057 -9.35773e-05 -0.00413426
internal_weight=295882 3913 2955 2417 1710 291969 9774 6000 3774 282195 48535 47994 33913 16725 15132 17188 5461 11727 1375 14081 233660 14245 10352 232708 24251 23111 208457 1686 206771 8347
internal_count=295882 3913 2955 2417 1710 291969 9774 6000 3774 282195 48535 47994 33913 16725 15132 17188 5461 11727 1375 14081 233660 14245 10352 232708 24251 23111 208457 1686 206771 8347
is_linear=0
shrinkage=0.05


Tree=148
num_leaves=31
num_cat=0
split_feature=37 19 68 24 74 10 35 30 42 54 58 64 15 10 42 11 40 54 58 65 69 7 74 64 10 57 54 58 34 54
split_gain=28.0874 40.7179 27.3988 69.0707 62.0431 116.476 53.4617 43.8523 86.9091 59.0045 85.6656 41.8055 59.4242 51.939 40.2066 57.3575 45.1292 33.8974 41.8286 58.2061 33.6792 32.8582 31.6597 30.0459 28.4907 28.2763 37.9146 50.6166 37.519 53.7901
threshold=1.3440476059913637 0.20257596671581271 0.019005300477147106 2.3443565368652348 0.025050234049558643 -0.69019314646720875 50.349761962890632 1.3365153074264529 0.040607187896966941 6.7045857906341562 0.6456594467163087 0.33178502321243292 0.016030912287533287 -0.0037098330212756987 0.09506464004516603 -0.35530339181423182 0.031971639022231109 3.4905809164047246 0.67158034443855297 0.061875939369201667 0.020110072568058971 -0.018983510322868821 0.61635747551918041 0.074067592620849623 -0.74914720654487599 0.45033389329910284 8.5302562713623065 0.76377296447753917 0.41439208388328558 5.1647572517395028
decision_type=10 10 10 8 8 10 2 8 10 2 2 10 10 8 10 10 10 2 2 10 10 10 10 10 8 2 2 2 10 2
left_child=2 -2 24 4 5 -4 11 8 17 -10 -11 12 14 23 16 -16 21 18 19 -8 -12 -6 -13 -14 -1 -9 28 -28 -27 -30
right_child=1 -3 3 -5 6 -7 7 25 9 10 20 22 13 -15 15 -17 -18 -19 -20 -21 -22 -23 -24 -25 -26 26 27 -29 29 -31
leaf_value=0.0024344352668004107 -0.00095330248655117473 0.0021789140646622362 -0.0059746721274342683 -0.0027767611718420189 8.553894046441497e-05 0.00031220048406082587 0.0021959640382393382 -0.0010046470380322234 -0.00037773030490338911 6.2236551153260772e-05 -0.0027346071473312531 0.00062663311155226713 -0.00033591684305042056 8.3774041852060718e-05 -0.00072487914322223496 0.0032853845322395082 0.0012476852231466211 0.00010388380671080694 0.0057019448430903116 -0.0014700248246061328 -0.00087072642661663703 0.00070822047378068988 0.0013044998345266966 -0.0021012295776449267 -4.018667414061317e-05 -1.7188624915141781e-05 0.00027423226823709222 0.0026328227155106212 0.0030000731925844968 -4.388043365543149e-05
leaf_weight=788 4859 813 500 1082 5793 958 1325 1439 13308 1090 949 1990 544 5571 2392 586 5859 7006 516 686 666 2218 603 711 217777 8303 856 536 3037 2442
leaf_count=788 4859 813 500 1082 5793 958 1325 1439 13308 1090 949 1990 544 5571 2392 586 5859 7006 516 686 666 2218 603 711 217777 8303 856 536 3037 2442
internal_value=-7.36756e-05 -0.00355509 -5.3533e-06 0.000848174 0.00104301 -0.00912807 0.00126103 0.000157699 -0.00114259 -0.003392 -0.0101105 0.00303117 0.00236869 -0.00156524 0.00396251 -0.00130522 0.00509366 0.00263544 0.0075877 0.00428006 -0.0173846 0.0026493 0.00904725 -0.0107115 -0.000282512 0.00215665 0.00279241 0.0106277 0.00199391 0.00520131
internal_weight=295203 5672 289531 70966 69884 1458 68426 42159 25546 16013 2705 26267 23674 6826 16848 2978 13870 9533 2527 2011 1615 8011 2593 1255 218565 16613 15174 1392 13782 5479
internal_count=295203 5672 289531 70966 69884 1458 68426 42159 25546 16013 2705 26267 23674 6826 16848 2978 13870 9533 2527 2011 1615 8011 2593 1255 218565 16613 15174 1392 13782 5479
is_linear=0
shrinkage=0.05


Tree=149
num_leaves=31
num_cat=0
split_feature=19 63 45 61 55 11 39 58 54 69 69 69 42 54 55 39 60 54 63 19 54 21 72 11 23 69 5 67 55 54
split_gain=30.5476 50.0975 28.0927 74.1873 82.6324 75.2346 67.1148 53.2903 48.7967 46.216 44.3756 43.2177 38.4619 38.1477 71.5904 126.276 120.108 63.3484 54.0712 47.7569 49.4218 48.7793 42.8784 38.9919 34.1193 45.1673 42.148 44.4278 102.14 72.7275
threshold=0.88460674881935131 -0.040285915136337273 3.5000000000000004 0.025861263275146488 1.0000000180025095e-35 -0.11077355220913886 0.024007003754377369 0.30115230381488806 4.8746626377105722 0.032579477876424796 0.032487584277987487 0.016163060441613201 0.073643419891595854 4.7494869232177743 1.0000000180025095e-35 0.012665711343288423 -0.057458290830254548 7.7827031612396249 0.062180459499359138 0.26948621869087225 2.2380464076995854 0.13750968873500827 0.42642423510551458 0.68492716550827037 -0.75912743806838978 0.045536998659372337 -0.51138624548912037 0.4323598593473435 1.5000000000000002 8.3125643730163592
decision_type=10 10 10 8 2 8 8 2 2 10 10 8 10 2 2 10 10 2 8 10 2 10 10 8 10 8 10 8 2 2
left_child=2 -2 3 4 7 -6 -7 8 -1 11 12 -5 -8 18 16 -16 17 -15 -13 20 -20 -22 -23 -17 25 -4 -26 -28 29 -29
right_child=1 -3 24 9 5 6 10 -9 -10 -11 -12 13 -14 14 15 23 -18 -19 19 -21 21 22 -24 -25 26 -27 27 28 -30 -31
leaf_value=-0.0003568418954957561 0.00054923365429244834 -0.0070443872859500744 -0.00058893545872872185 0.00075896442802896524 0.00018239569721957474 -0.0024883491922294779 9.7388363799245242e-05 -0.00056801684035705084 0.0021206953070826984 0.0023762026430797331 -0.0038310118855215698 -0.002570774017772403 -0.0020881714632755371 0.0012503326724553415 -0.0046918567514992173 0.0010244375303436984 -0.00074603393507880064 0.0029763530340291421 0.0007561884463652143 0.0043043309233284288 0.00040004437285860077 -0.0020605035742475237 0.00023873156412738822 -0.00074249136742280438 -0.0012944431424052249 0.0057062145988557838 2.1081765211389618e-05 -1.5679482048034648e-05 0.0021867760491010592 0.0017304283629319024
leaf_weight=1998 527 514 531 5714 985 675 1086 18085 1731 1012 720 1113 533 3339 667 501 2161 821 2236 530 1392 2643 913 859 2854 862 235759 3885 559 596
leaf_count=1998 527 514 531 5714 985 675 1086 18085 1731 1012 720 1113 533 3339 667 501 2161 821 2236 530 1392 2643 913 859 2854 862 235759 3885 559 596
internal_value=-6.59205e-06 -0.0085157 2.37473e-05 -0.00105985 -0.00291794 -0.00951609 -0.0134259 -0.00170455 0.00373094 0.000947263 -0.0093444 0.000482554 -0.00469613 -0.000771021 0.00165111 -0.00650466 0.00427263 0.00923261 -0.00306099 -0.00156655 -0.00264109 -0.00542557 -0.00852496 0.00226277 0.000243618 0.00801853 0.00019884 0.000270546 0.00491089 0.00237141
internal_weight=295801 1041 294760 49714 25813 3999 3014 21814 3729 23901 2339 22889 1619 17175 8348 2027 6321 4160 8827 7714 7184 4948 3556 1360 245046 1393 243653 240799 5040 4481
internal_count=295801 1041 294760 49714 25813 3999 3014 21814 3729 23901 2339 22889 1619 17175 8348 2027 6321 4160 8827 7714 7184 4948 3556 1360 245046 1393 243653 240799 5040 4481
is_linear=0
shrinkage=0.05


Tree=150
num_leaves=31
num_cat=0
split_feature=39 65 6 30 54 54 20 54 37 60 41 65 57 8 75 17 54 69 65 41 62 58 65 75 11 41 54 11 34 18
split_gain=33.3445 94.3256 75.4282 50.37 59.6985 42.45 32.8298 44.6289 29.6195 56.377 53.6445 44.8708 40.0115 74.5043 50.7342 48.439 57.901 232.002 112.33 144.182 136.859 116.878 109.008 109.653 88.9941 79.4296 136.471 87.8959 135.915 104.087
threshold=0.15814460068941119 0.12399452924728395 -0.4355816096067428 0.41828919947147375 2.3837040662765507 1.3467727303504946 -0.43842172622680659 4.3672935962677011 -0.88524937629699696 -0.10802451521158217 0.0093626878224313276 -0.14181646704673764 0.10230073705315591 -0.18260508030652997 0.069328039884567275 -0.11732703074812888 7.0733969211578378 0.008532381150871517 -0.056826949119567864 0.059449424967169769 -0.038710713386535638 0.76973846554756176 0.0086612105369567888 0.17562668025493625 0.19116283953189853 0.017180019058287147 9.6076478958129901 -0.089175440371036516 0.18755357712507251 -0.056695478036999696
decision_type=8 8 10 10 2 2 10 2 10 10 10 10 2 8 10 8 2 10 10 8 10 2 10 10 10 10 2 8 10 10
left_child=8 2 -2 5 -5 -3 7 -6 9 11 -11 -1 13 -10 -15 -14 -17 -18 19 25 -21 22 -20 -24 -23 26 -19 28 29 -27
right_child=1 3 -4 4 6 -7 -8 -9 12 10 -12 -13 15 14 -16 16 17 18 21 20 -22 24 23 -25 -26 27 -28 -29 -30 -31
leaf_value=0.00027965401793190618 -0.0085196772245719511 0.0029320337025756163 -0.0017079223158611484 -0.0026235681046408062 2.5963460462936733e-05 -0.0010987885554414767 0.00068852365625662263 0.0079407822778240732 0.00017578053735602171 0.00070897140852243504 -0.00030459534148092894 0.0011499442271370919 -0.00026127366226193091 -0.0011815712343120394 -0.00059313966134119038 0.00011743472078337426 -0.0020412780019343629 -0.00058616693637113942 -0.0011211505061193472 -0.0019457352475895217 3.0285816627145282e-05 -0.00053434594510542814 0.00047457043731808941 -0.0002968633623252293 -0.0032044946750078452 0.00076691781974844294 0.0014960042236662327 0.0002284091385982602 0.0012241091477129661 -0.0015295988316610153
leaf_weight=14879 513 530 3437 1192 527 5541 3927 895 6336 682 8374 2554 31314 847 7272 165010 2160 2190 3083 1535 4742 2254 4815 9820 683 2278 603 4472 3008 524
leaf_count=14879 513 530 3437 1192 527 5541 3927 895 6336 682 8374 2554 31314 847 7272 165010 2160 2190 3083 1535 4742 2254 4815 9820 683 2278 603 4472 3008 524
internal_value=-5.3546e-05 -0.00223268 -0.00896465 -0.00011884 0.00292322 -0.00339582 0.0051782 0.011662 7.56857e-05 0.0016661 -0.0015332 0.00332798 -9.09249e-05 -0.00264431 -0.00581252 6.3941e-05 0.000340996 -0.00131233 -0.000448559 0.00228799 -0.00393669 -0.00301234 -0.00147789 0.000324343 -0.0122328 0.00527703 -0.00219408 0.00730665 0.0113574 0.00341394
internal_weight=295997 16562 3950 12612 6541 6071 5349 1422 279435 26489 9056 17433 252946 14455 8119 238491 207177 42167 40007 19352 6277 20655 17718 14635 2937 13075 2793 10282 5810 2802
internal_count=295997 16562 3950 12612 6541 6071 5349 1422 279435 26489 9056 17433 252946 14455 8119 238491 207177 42167 40007 19352 6277 20655 17718 14635 2937 13075 2793 10282 5810 2802
is_linear=0
shrinkage=0.05


Tree=151
num_leaves=31
num_cat=0
split_feature=41 65 75 66 2 69 55 41 67 66 14 61 30 26 58 74 67 54 65 60 63 65 32 53 54 19 54 74 54 66
split_gain=23.9106 84.0689 32.1085 30.5966 22.6336 45.7332 165.717 138.47 112.403 113.466 132.128 100.662 94.1 82.9011 76.9946 70.9617 76.1324 119.277 84.8538 70.3305 89.0697 74.2115 69.3726 68.6205 81.0545 68.5622 67.9522 78.5173 76.3578 61.6911
threshold=0.0076061000581830749 0.043937563896179206 0.0088262790814042109 -0.32732795178890223 -0.018995505757629868 0.013682736549526455 1.0000000180025095e-35 0.031137708574533466 0.30595466494560247 -0.1031927317380905 0.036483140662312515 -0.0372592806816101 0.38741096854209905 -0.12799437344074246 0.347885012626648 0.73055171966552745 0.18239488452672961 4.1270537376403817 1.0000000180025095e-35 -0.018633903004229065 -0.068516761064529405 0.068732917308807387 -0.34716653823852534 1.0000000180025095e-35 4.8278737068176278 -0.071196664124727235 8.2665500640869158 0.83794739842414867 6.2143878936767587 -0.23387136310338971
decision_type=8 10 8 8 8 8 2 8 10 10 10 10 10 10 2 8 10 2 10 10 10 10 8 10 2 10 2 10 2 10
left_child=1 3 -2 -1 -4 6 12 11 9 10 14 -7 23 -10 -8 16 17 18 -14 20 21 -13 -22 -6 29 -21 27 28 -11 -25
right_child=2 -3 4 -5 5 7 8 -9 13 26 -12 19 15 -15 -16 -17 -18 -19 -20 25 22 -23 -24 24 -26 -27 -28 -29 -30 -31
leaf_value=0.00021165906342478469 -0.0012578275776665422 0.00084057737359476972 7.0240699290159177e-05 -0.0011643599252107722 -0.0005555904508751094 -0.00037533613823446097 -0.00028042902970394911 -0.0001241886191740524 -0.00068631320816615123 -0.0021232915521651658 0.0011221418318473641 1.5094152054847405e-05 0.00015764386929403713 0.00066805211838325907 -0.0017703426570447962 -0.00025914645075105354 0.00041848447821468768 -0.00045039969200424414 0.023288965590388191 -0.00038514069479321479 0.00033157427883012404 0.0016813260946203232 0.0010175060404508669 -0.000359738196230982 -0.00041596465503661317 0.00034196954139293083 -0.0055282805584297356 -0.0026597182455218638 0.00052746095004188088 0.0048322958587989576
leaf_weight=719 826 997 121945 587 17964 3655 2819 92885 745 912 1048 5109 571 1205 1105 7157 6784 1253 1758 3804 2143 739 4739 1007 2114 7236 543 550 672 1987
leaf_count=719 826 997 121945 587 17964 3655 2819 92885 745 912 1048 5109 571 1205 1105 7157 6784 1253 1758 3804 2143 739 4739 1007 2114 7236 543 550 672 1987
internal_value=1.62388e-05 0.00507998 -2.36971e-05 -0.00326748 4.2741e-06 -0.000367712 -0.00163533 0.000161237 -0.00753981 -0.010269 -0.00578081 0.0032823 -0.000237655 0.00316327 -0.00998983 0.00252381 0.00516577 0.0110523 0.0177212 0.00447014 0.00700157 0.00245818 0.0108532 -0.00233515 0.00277452 0.00154751 -0.0185523 -0.0144123 -0.00865747 0.00805593
internal_weight=295578 2303 293275 1306 292449 170504 50194 120310 9599 7649 4972 27425 40595 1950 3924 17523 10366 3582 2329 23770 12730 5848 6882 23072 5108 11040 2677 2134 1584 2994
internal_count=295578 2303 293275 1306 292449 170504 50194 120310 9599 7649 4972 27425 40595 1950 3924 17523 10366 3582 2329 23770 12730 5848 6882 23072 5108 11040 2677 2134 1584 2994
is_linear=0
shrinkage=0.05


Tree=152
num_leaves=31
num_cat=0
split_feature=3 58 54 54 36 33 60 68 54 58 75 74 66 42 59 11 29 16 41 66 54 54 65 26 66 16 58 64 11 11
split_gain=24.7658 35.9724 40.3463 32.5319 26.0091 24.0194 74.4807 130.758 126.975 89.7272 89.6318 87.9347 98.805 89.4055 74.1522 71.9018 63.0286 61.8523 55.4591 51.6259 51.5988 88.6774 54.1624 104.767 92.7487 129.694 76.3047 56.8173 73.6187 67.3721
threshold=0.60243797302246105 0.67158034443855297 3.3980256319046025 3.741234660148621 93.717449188232436 0.15935428440570834 -0.017530323006212708 0.054533323273062713 5.5412440299987802 0.81265348196029674 0.36231845617294317 0.31796386837959295 -0.3647229522466659 0.035334054380655296 -0.011922194156795738 -0.085454158484935747 -0.091483283787965761 -0.29190658032894129 0.0085924691520631331 -0.38742892444133753 4.4772801399230966 4.8278737068176278 0.063132941722869887 -0.19508995860815045 -0.32732795178890223 -0.16116201877593991 0.28621768951416021 -0.19453340768814084 -0.16665046662092206 -0.39964817464351649
decision_type=10 2 2 2 2 8 10 10 2 2 10 10 10 10 10 10 10 10 8 10 2 2 10 10 10 10 2 10 10 8
left_child=4 3 -3 -2 5 6 11 10 -9 -10 14 -1 13 19 15 -8 -16 -14 -7 -13 -19 -22 24 -24 27 -26 -25 28 -23 -29
right_child=1 2 -4 -5 -6 18 7 8 9 -11 -12 12 17 -15 16 -17 -18 20 -20 -21 21 22 23 26 25 -27 -28 29 -30 -31
leaf_value=-0.00032290579899796925 -0.0037785351559277802 0.0039221708147510002 -0.0015321983539515124 -0.00068511536850956805 0.0020496728550373892 0.00062865493629122346 -0.00071455439045083546 -0.0010893396042626873 0.0010224978727861407 -0.00017969323757341014 9.1913468583810424e-05 -0.0010735845065837949 0.0024048148557200689 0.00022015599446789042 -0.0012188675855750221 0.00042923997533220827 -0.0021391313745291992 -0.00010918136073059994 2.0293666752810563e-05 -0.00023098754655458606 0.0012522138625502884 0.00032898759267797271 -0.00038007613894282022 0.0019973962529762452 0.00054318415651642487 -0.0008227336080712267 0.00039951937696159311 -0.0010019792014341737 -0.00065767582142617722 0.00056841458887721202
leaf_weight=17192 1011 600 529 1182 879 1093 3624 1386 2247 1164 3932 2189 1014 4744 5135 1328 889 7069 214970 3330 1450 1951 1100 1276 1841 2590 1415 642 1155 6415
leaf_count=17192 1011 600 529 1182 879 1093 3624 1386 2247 1164 3932 2189 1014 4744 5135 1328 889 7069 214970 3330 1450 1951 1100 1276 1841 2590 1415 642 1155 6415
internal_value=-9.54793e-05 -0.00438175 0.00285338 -0.00810259 -4.65706e-05 -7.26427e-05 -0.000843011 -0.00348212 0.00369253 0.00887167 -0.00579166 9.66e-05 0.00143358 -0.00275966 -0.00811032 -0.00356711 -0.0118329 0.00297551 0.000195073 -0.00708085 0.00251542 0.00382212 0.0028785 0.00819521 0.00149274 -0.00453727 0.013495 0.00412366 -0.00150834 0.0066011
internal_weight=295342 3322 1129 2193 292020 291141 75078 19705 4797 3411 14908 55373 38181 10263 10976 4952 6024 27918 216063 5519 26904 19835 18385 3791 14594 4431 2691 10163 3106 7057
internal_count=295342 3322 1129 2193 292020 291141 75078 19705 4797 3411 14908 55373 38181 10263 10976 4952 6024 27918 216063 5519 26904 19835 18385 3791 14594 4431 2691 10163 3106 7057
is_linear=0
shrinkage=0.05


Tree=153
num_leaves=31
num_cat=0
split_feature=27 54 45 19 66 10 60 30 55 54 54 11 69 54 65 54 65 55 66 67 68 67 58 54 10 66 67 66 54 58
split_gain=24.4538 47.955 51.0089 23.13 56.1083 53.6711 48.093 25.8587 192.351 188.663 110.343 120.579 118.864 126.035 110.079 102.607 109.134 92.3991 253.476 135.67 123.616 109.783 83.345 103.359 82.3632 134.695 96.0117 75.334 76.8168 113.303
threshold=3.6738939285278325 2.8867540359497075 5.5000000000000009 0.65372616052627575 -0.055800173431634896 3.1515005826950078 0.044761475175619132 0.52666422724723827 1.5000000000000002 10.430809020996096 6.8300640583038339 5.8403277397155771 0.0083621535450220125 4.2047674655914316 0.042727947235107429 10.430809020996096 -0.12526205182075498 1.5000000000000002 -0.15632759779691693 0.22070308029651645 -0.054266294464468949 0.16775187104940417 0.81265348196029674 2.8509954214096074 0.056197088211774833 -0.24756715446710584 0.15200098603963855 -0.10698847472667693 2.4659786224365239 0.6942051649093629
decision_type=10 2 10 10 10 10 10 10 2 2 2 8 10 2 8 2 10 2 10 10 10 10 2 2 10 10 10 10 2 2
left_child=3 -2 -3 5 6 7 -5 15 9 10 12 -12 13 -9 -10 17 -17 -1 20 -20 -19 -22 24 -24 -14 -26 -27 -28 29 -29
right_child=1 2 -4 4 -6 -7 -8 8 14 -11 11 -13 22 -15 -16 16 -18 18 19 -21 21 -23 23 -25 25 26 27 28 -30 -31
leaf_value=-9.7456682457945946e-05 -0.0045002795407938874 -0.0016124549275437973 0.0026567863543333712 -0.0017824651139994993 -0.0072880796805239985 0.0028871769643109774 0.002202631518696901 0.025961338466977114 4.166624329173946e-05 -0.0024095400392070789 -0.0010133878512460781 0.00010924705316146983 0.00067854043193378707 -0.00093812406500654033 -0.0020444431745740878 0.0015938044566862946 -6.3187476301816703e-07 0.00017695763139260746 -0.0022030377128625894 4.5280681018390959e-05 0.0013514914969787169 0.00062440058006963219 0.016210265927070502 0.0011447298552649894 -0.0011646294519936339 0.0038877505034100018 0.00051215241059049507 -0.0036954558563226806 -0.00021431897195262146 0.0026204008323838773
leaf_weight=188243 633 832 524 1978 513 696 1039 975 1287 538 5983 8691 26583 621 2038 791 914 4716 1707 2762 2074 2131 1080 2533 7400 4037 15610 1591 6474 532
leaf_count=188243 633 832 524 1978 513 696 1039 975 1287 538 5983 8691 26583 621 2038 791 914 4716 1707 2762 2074 2131 1080 2533 7400 4037 15610 1591 6474 532
internal_value=-0.000116399 -0.00562781 -0.000292826 -7.8863e-05 -0.00409605 -2.98258e-05 -0.0014701 -6.34244e-05 0.000663503 0.00113843 0.00133341 -0.00259466 0.00218842 0.0156289 -0.0111094 -0.000370793 0.0118076 -0.000474353 0.00353731 -0.00617325 0.00840331 0.0146263 0.00186029 0.00923268 0.00143082 -0.000140237 0.00143343 0.000241566 -0.00351458 -0.011744
internal_weight=295526 1989 1356 293537 3530 290007 3017 289311 85973 82648 82110 14674 67436 1596 3325 203338 1705 201633 13390 4469 8921 4205 65840 3613 62227 35644 28244 24207 8597 2123
internal_count=295526 1989 1356 293537 3530 290007 3017 289311 85973 82648 82110 14674 67436 1596 3325 203338 1705 201633 13390 4469 8921 4205 65840 3613 62227 35644 28244 24207 8597 2123
is_linear=0
shrinkage=0.05


Tree=154
num_leaves=31
num_cat=0
split_feature=23 39 59 69 59 42 6 21 29 25 75 60 46 19 69 42 72 50 38 16 34 68 53 60 32 65 73 19 43 64
split_gain=22.6158 25.9891 25.8653 23.4234 67.9693 56.0686 60.8321 51.7497 40.7314 36.1002 32.8024 40.0484 32.437 27.8848 39.121 29.8479 40.7505 40.4976 25.8463 23.3812 31.223 105.757 54.9467 77.806 68.9291 91.5648 66.9653 63.5472 62.3214 60.4706
threshold=-0.75912743806838978 0.11444694176316263 -0.27312894165515894 0.039812402799725539 -0.004946403903886675 0.094269338995218291 -0.022274471819400784 0.28957930207252508 -0.20775896310806272 0.72520163655281078 0.9055907428264619 0.11374010145664216 16.500000000000004 -0.069785054773092256 0.05004208721220494 0.19932679831981662 0.24525736272335055 1.0000000180025095e-35 0.69127631187438976 -0.61302903294563282 0.05469068884849549 0.07394330203533174 1.0000000180025095e-35 -0.10829296335577963 -0.5401814579963683 -0.2715532779693603 0.41434644162654882 -0.14771581441164014 0.35047172009944921 -0.10838335752487181
decision_type=8 8 8 8 10 8 10 8 10 8 10 10 10 10 8 8 10 2 10 8 8 10 10 10 10 8 10 10 10 10
left_child=-1 2 -2 4 7 -5 13 -3 9 -9 -6 12 -12 14 18 -16 17 -17 -7 -4 21 22 23 24 25 26 -21 -26 -25 -24
right_child=1 3 19 5 10 6 -8 8 -10 -11 11 -13 -14 -15 15 16 -18 -19 -20 20 -22 -23 29 28 27 -27 -28 -29 -30 -31
leaf_value=0.0026184420428879531 -0.0028133255317492846 -0.00049314562399967871 0.002245719194741644 -0.0028658704482351842 -0.00055904700173856525 0.0037414731965776452 0.0032066582420561818 -0.002677519098261263 -0.0010392502786030476 -0.0049757737848491268 0.001286760688624508 0.004500342315916085 -0.0018843680822222258 -0.0030142149662456376 -0.0012473556995187471 0.00083243832383699196 0.0015753751021400282 -0.0013168376855286106 0.00033695412294547367 0.0013505849066749412 3.5215803037846886e-05 -0.0025983843128169226 -0.0001584774945875416 0.00036199003428427553 0.0010299270807069608 -0.00093866822557367837 -0.00049748235220229645 6.41997605977481e-05 -0.00085637165145962331 0.0016088232641213289
leaf_weight=1127 576 4049 810 505 5201 518 1374 1808 1495 573 1078 1376 1277 501 2146 1826 2659 2636 549 1831 231615 616 2519 1904 2364 4400 1363 6344 8923 2134
leaf_count=1127 576 4049 810 505 5201 518 1374 1808 1495 573 1078 1376 1277 501 2146 1826 2659 2636 549 1831 231615 616 2519 1904 2364 4400 1363 6344 8923 2134
internal_value=-4.60982e-05 -7.32253e-05 8.34561e-05 -0.00147899 -0.00270054 0.000141465 0.00082249 -0.00606805 -0.0101904 -0.0142409 0.000290763 0.0038626 -0.000105708 -0.00043799 0.000125677 -0.000921634 0.000638059 -0.00228086 0.00914578 0.000106671 8.04854e-05 -0.00137312 -0.000971943 -0.00183316 0.000349436 -0.00312993 0.00330836 0.0033838 -0.00511673 0.00404246
internal_weight=296097 294970 265399 29571 16857 12714 12209 7925 3876 2381 8932 3731 2355 10835 10334 9267 7121 4462 1067 264823 264013 32398 31782 27129 16302 7594 3194 8708 10827 4653
internal_count=296097 294970 265399 29571 16857 12714 12209 7925 3876 2381 8932 3731 2355 10835 10334 9267 7121 4462 1067 264823 264013 32398 31782 27129 16302 7594 3194 8708 10827 4653
is_linear=0
shrinkage=0.05


Tree=155
num_leaves=31
num_cat=0
split_feature=70 59 55 70 5 72 54 60 65 15 69 63 11 42 32 11 75 32 75 11 72 69 69 10 54 55 71 54 16 35
split_gain=22.6007 57.7019 77.8454 80.1995 48.8192 46.0035 45.1562 84.6527 80.3346 81.8327 73.7116 71.6519 66.9691 62.9989 62.8748 60.3998 59.5809 59.3824 59.2889 56.0743 51.6896 56.0277 50.3573 54.6268 45.2082 96.5584 43.6864 42.3779 38.639 38.547
threshold=-0.05197229050099849 -0.08991703018546103 1.0000000180025095e-35 -0.26173491775989527 -0.4483372271060943 0.032710982486605651 4.1553614139556894 -0.10533851385116576 -0.26059749722480768 -0.20681141316890714 0.014113457407802345 0.16373318433761599 -0.13074842840433118 0.096793826669454588 -0.2717351615428924 -0.68330618739128102 0.26545417308807379 -0.49999375641345972 0.13472414016723636 -0.10731993988156317 0.70960989594459545 0.02913566026836634 0.017707170918583873 1.3209889531135561 6.5505802631378183 1.0000000180025095e-35 -0.23142640292644498 2.6126399040222172 -0.061232721433043473 26.804278373718265
decision_type=8 10 2 10 10 8 2 10 10 10 10 10 10 10 10 10 8 10 10 8 10 10 10 8 2 2 8 2 10 2
left_child=1 2 3 -1 27 -6 7 16 9 -9 12 20 -10 15 -14 18 19 -17 24 -7 21 -12 23 -15 -8 -26 -4 -3 -18 -24
right_child=-2 4 26 -5 5 6 13 8 10 -11 11 -13 14 22 -16 17 28 -19 -20 -21 -22 -23 29 -25 25 -27 -28 -29 -30 -31
leaf_value=-0.0042201476530785206 -3.6378843067743502e-05 0.0016290541157700312 0.0024764840307747423 0.00091005693942261068 -0.00078047543549665326 0.0019485091189496481 0.0012517297729513557 0.0058074803499201452 0.00065806105785086834 0.00024006660091903146 -0.00042042180313429651 0.0036138149170727913 0.0120938439146905 -0.00091664397095376051 0.00078392956357120418 -0.00093636796876515784 -0.00018126644382020844 5.6603332514493668e-05 0.0011275591390493723 4.6619345583031289e-05 0.0011254406461290536 -0.0030058123391192662 -0.00086775644265948732 -0.0043780092818174925 0.0009299214727657584 -0.002170796450665491 0.0092078306259567866 -0.0021502482880734657 -0.0017346680666216628 0.00024389145277987532
leaf_weight=524 219254 501 595 6481 4699 738 872 969 3930 669 4348 979 1759 1894 837 2790 7184 15494 4493 1277 2598 567 2206 556 573 775 529 1410 1701 3523
leaf_count=524 219254 501 595 6481 4699 738 872 969 3930 669 4348 979 1759 1894 837 2790 7184 15494 4493 1277 2598 567 2206 556 573 775 529 1410 1701 3523
internal_value=-3.54556e-05 0.000710775 0.00468731 0.00271561 0.000230134 0.00046072 0.000829739 0.00232533 0.00456618 0.0150485 0.00341363 0.000341096 0.00740514 -0.000412825 0.0136224 0.000833767 -0.00109991 -0.000655953 0.00488621 0.00664198 -0.00132261 -0.00433503 -0.00421907 -0.0102033 -0.00179372 -0.00751105 0.016843 -0.00762624 -0.00286116 -0.00164663
internal_weight=294725 75471 8129 7005 67342 65431 60732 27556 16656 1638 15018 8492 6526 33176 2596 24997 10900 18284 6713 2015 7513 4915 8179 2450 2220 1348 1124 1911 8885 5729
internal_count=294725 75471 8129 7005 67342 65431 60732 27556 16656 1638 15018 8492 6526 33176 2596 24997 10900 18284 6713 2015 7513 4915 8179 2450 2220 1348 1124 1911 8885 5729
is_linear=0
shrinkage=0.05


Tree=156
num_leaves=31
num_cat=0
split_feature=48 65 39 42 27 55 54 11 16 41 55 65 60 60 67 11 68 60 18 18 54 65 33 54 65 41 74 65 60 54
split_gain=22.6286 41.533 35.691 37.7538 33.1563 124.432 88.3645 99.4621 74.922 154.729 50.9733 173.201 152.396 142.013 131.371 105.215 84.8183 76.3084 62.2285 55.5393 52.9614 120.023 51.943 85.2976 128.102 76.8195 68.5959 124.606 64.2418 122.765
threshold=0.14959853142499926 -0.32758948206901545 0.15229435265064242 0.095919661223888411 0.65282198786735546 1.5000000000000002 7.0012910366058358 -0.45603513717651362 -0.21512506902217862 0.20907917618751529 1.5000000000000002 -0.208462119102478 -0.22818148136138913 -0.10371030122041701 0.13394512981176379 -0.28749941289424891 0.10003460943698884 -0.025779410265386101 -0.032578194513916962 -0.15103285014629361 5.8867287635803232 0.042727947235107429 0.16845438629388812 10.430809020996096 -0.14181646704673764 0.0085924691520631331 0.91705459356307995 -0.27426752448081965 -0.12641018256545064 6.7329792976379403
decision_type=2 8 10 10 10 2 2 10 8 8 2 10 8 10 10 8 10 10 10 10 2 10 10 2 10 10 10 10 8 2
left_child=4 2 3 -2 10 6 -6 8 -8 -10 22 12 -12 -13 18 -16 17 -14 -15 -17 21 -21 23 26 -25 -24 28 -28 29 -1
right_child=1 -3 -4 -5 5 -7 7 -9 9 -11 11 13 16 14 15 19 -18 -19 -20 20 -22 -23 25 24 -26 -27 27 -29 -30 -31
leaf_value=-0.00012834549624692423 -0.00027346312143569786 -0.00042759990681771507 -0.0025701468257120332 0.0030294648173009851 0.00084834327330931658 -0.0016364816807869081 -0.0015387886304844595 -0.0017817580455841725 -0.00015650478402597784 0.010171948264456032 -0.0011789061122968042 0.0010226828019430062 0.00047589269375611837 -0.0019906792406676798 0.0014229171776174083 -0.0017018700988223408 0.0040260094698812768 0.0012935248388214837 -0.00071398734722362758 0.0021989198778089997 -0.00074670914769815039 -0.00023428009327780441 0.00072720199898412732 0.0022144141804092475 -0.00024432238386790859 3.5438479918768749e-05 -0.002164809304323645 -0.00016886317996474485 -0.00024943677030138492 0.00054319158795290007
leaf_weight=21653 694 27483 547 1539 25995 1175 560 1869 3712 715 576 1183 3870 842 1087 584 546 561 1382 770 718 2516 800 569 619 123922 1050 3259 57130 7688
leaf_count=21653 694 27483 547 1539 25995 1175 560 1869 3712 715 576 1183 3870 842 1087 584 546 561 1382 770 718 2516 800 569 619 123922 1050 3259 57130 7688
internal_value=-7.40806e-05 -0.00136921 0.00444444 0.00724476 7.36732e-05 0.00153073 0.00210432 -0.00294203 0.00075045 0.00294118 -0.000140705 0.00271424 0.00966205 -0.00153982 -0.00396384 7.91557e-05 0.0124825 0.0101441 -0.0142346 -0.00324054 -0.00112108 0.00157767 -0.000333641 -0.00123508 0.01202 0.00033111 -0.00140985 -0.00755962 -0.00110255 0.000798951
internal_weight=295614 30263 2780 2233 265351 34026 32851 6856 4987 4427 231325 14635 5553 9082 7899 5675 4977 4431 2224 4588 4004 3286 216690 91968 1188 124722 90780 4309 86471 29341
internal_count=295614 30263 2780 2233 265351 34026 32851 6856 4987 4427 231325 14635 5553 9082 7899 5675 4977 4431 2224 4588 4004 3286 216690 91968 1188 124722 90780 4309 86471 29341
is_linear=0
shrinkage=0.05


Tree=157
num_leaves=31
num_cat=0
split_feature=27 31 45 12 8 54 67 54 63 54 67 41 67 11 54 58 67 67 11 45 69 54 27 67 55 58 63 48 30 32
split_gain=29.2498 36.869 42.2194 26.0602 41.3091 43.2358 46.0533 39.2114 35.3384 119.337 144.636 168.822 128.878 96.0262 99.0073 140.036 97.8493 95.8801 88.6413 85.8525 80.9321 77.0251 75.698 77.2549 72.0714 62.3372 59.3182 55.2556 54.7869 52.572
threshold=3.6738939285278325 0.3709844201803208 7.5000000000000009 -0.070893071591854082 -0.39610430598258967 1.9336927533149721 0.078049011528491988 7.4148738384246835 0.030784428119659427 3.6761741638183598 0.19013634324073794 0.040704654529690749 0.10932535305619241 0.33334906399250036 5.5412440299987802 0.6456594467163087 0.43542042374610906 0.20257726311683658 1.9741389751434328 12.500000000000002 0.014928826130926611 5.7384898662567148 0.083767935633659377 0.43542042374610906 1.0000000180025095e-35 0.033113464713096626 0.04561585187911988 0.040169728919863708 0.64154323935508739 -0.754655361175537
decision_type=10 10 10 8 8 2 10 2 8 2 8 10 8 10 2 2 10 8 10 10 10 2 8 10 2 2 10 2 10 8
left_child=3 -2 -3 -1 5 -5 -7 -8 25 10 11 19 21 16 -15 -16 29 -12 22 -10 -13 -11 -19 27 -18 -6 -23 -24 -29 -14
right_child=1 2 -4 4 8 6 7 -9 9 12 17 20 13 14 15 -17 24 18 -20 -21 -22 26 23 -25 -26 -27 -28 28 -30 -31
leaf_value=0.00022509365138747252 -0.0046817096289523191 -0.0015009967533761357 0.0020119363065567264 -0.0022298150649915846 -0.002343610563488985 -0.001729970629081622 0.00028540452041225534 -0.0011526419020519972 -0.0040028532210167915 -0.00046461750997118801 -0.0026021094230332456 0.025623968836154087 -0.0016997433566538706 6.76687957420763e-06 0.00017553306131013575 -0.0030829790706418769 0.00040341180850180864 -0.0015358691741265192 0.0087527155198633185 0.0016824987045267116 0.00092522808273561095 -0.00060411707439032966 0.0013754817896426575 -0.0034894877772745692 0.0016731451982635614 -5.452156391133143e-05 -0.0029638092936269986 -0.0002822929527005703 0.0016176213760058216 0.00011035694238021657
leaf_weight=35777 533 938 558 1546 671 1397 5298 883 565 2431 740 1872 555 5789 1622 2667 867 1630 873 1609 893 1508 7525 631 599 160150 1455 8498 3946 42117
leaf_count=35777 533 938 558 1546 671 1397 5298 883 565 2431 740 1872 555 5789 1622 2667 867 1630 873 1609 893 1508 7525 631 599 160150 1455 8498 3946 42117
internal_value=-8.89743e-05 -0.00605689 -0.00199203 -4.7599e-05 -0.000222762 -0.00352529 -0.00196363 -0.000104991 -0.000101716 0.000701342 0.00334468 0.0111235 -0.00057531 0.000158596 -0.00424266 -0.0099907 0.00116427 0.00172934 0.00229957 0.000686813 0.0192973 -0.00793856 0.00168165 0.00250364 0.0138211 -0.000543117 -0.0133367 0.0030507 0.00100369 0.000726301
internal_weight=296143 2029 1496 294114 258337 9124 7578 6181 249213 88392 28782 4939 59610 54216 10078 4289 44138 23843 23103 2174 2765 5394 22230 20600 1466 160821 2963 19969 12444 42672
internal_count=296143 2029 1496 294114 258337 9124 7578 6181 249213 88392 28782 4939 59610 54216 10078 4289 44138 23843 23103 2174 2765 5394 22230 20600 1466 160821 2963 19969 12444 42672
is_linear=0
shrinkage=0.05


Tree=158
num_leaves=31
num_cat=0
split_feature=12 67 67 19 66 18 26 27 70 66 55 59 68 11 68 22 69 19 75 66 55 67 69 26 60 75 42 69 57 41
split_gain=27.1588 35.8379 38.2793 38.1193 44.2129 35.7451 28.3555 26.5247 27.9807 26.3483 24.755 29.7309 23.3883 32.3671 22.3513 22.1751 33.5684 99.4355 42.1472 33.1381 84.9102 65.2677 57.6204 81.9532 42.1771 32.63 26.2607 24.4248 31.8809 22.9959
threshold=0.12328453361988069 0.19585347920656207 0.22563259303569796 0.11330832168459894 -0.35111388564109797 -0.16103091090917585 -0.037533352151513093 0.83687609434127819 0.29742145538330084 -0.096087586134672151 1.0000000180025095e-35 -0.018619210459291931 0.03914188593626023 1.9741389751434328 -0.078496973961591707 0.83167490363121044 0.0071155172772705564 0.033330772072076804 0.74037289619445812 -0.14045634120702741 1.0000000180025095e-35 0.15115153789520266 0.0087090847082436102 -0.068097796291112886 0.018497737124562267 0.22464320063591006 0.037062039598822601 0.01977186277508736 0.47180894017219549 0.0076061000581830749
decision_type=8 8 8 10 10 8 10 10 10 10 2 8 10 10 10 8 8 10 10 10 2 10 10 10 8 8 10 10 2 8
left_child=15 3 -3 4 -2 7 10 -4 -9 -5 11 -7 -13 -14 -6 16 17 26 -19 25 22 -22 23 -21 -24 -17 -1 -26 -29 -18
right_child=1 2 5 9 14 6 -8 8 -10 -11 -12 12 13 -15 -16 19 29 18 -20 20 21 -23 24 -25 27 -27 -28 28 -30 -31
leaf_value=-0.0013857085702668763 0.0012584804523763872 -0.0034060149794447134 -0.0022056632865655053 0.0005805289895728608 0.00066533647253957733 -0.0026284834293250682 0.00055071117914264717 0.00085010380215782937 -0.0019982192038235334 0.0099903761519711705 -0.0018047675140909049 0.00051812770523538415 -0.0012502018087889883 0.0014315254498082552 -0.001411076530181331 0.0004806772642891813 0.00037399621263219769 -0.0014484206188931301 0.012554017788165343 0.014476918380120852 -0.0023405180272405126 -0.00023825799132375103 -0.0017852895925044182 -0.00046228257102575235 0.00082592622291667551 0.00018462581968768725 -0.0056855601828656064 0.00098317073946189168 -0.00068912937217140006 -5.8461722488082492e-06
leaf_weight=861 1567 952 1218 670 629 1101 3698 672 637 633 859 3675 3580 988 1604 6358 1863 721 556 717 789 952 1850 656 2908 16322 599 722 1900 235577
leaf_count=861 1567 952 1218 670 629 1101 3698 672 637 633 859 3675 3580 988 1604 6358 1863 721 556 717 789 952 1850 656 2908 16322 599 722 1900 235577
internal_value=-2.60272e-05 -0.00169608 -0.00277746 0.00198514 -0.000551181 -0.0022083 -0.00121127 -0.00766654 -0.00269143 0.00932978 -0.00257025 -0.0018174 -0.000781534 -0.00316732 -0.00506019 0.000111391 -5.5998e-05 -0.00555151 0.00462315 0.00132293 -0.000999619 -0.0110508 0.00100993 0.010376 -0.000744249 0.00239753 -0.0144218 0.00144404 -0.00205167 7.58054e-06
internal_weight=295834 22483 17380 5103 3800 16428 13901 2527 1309 1303 10203 9344 8243 4568 2233 273351 240177 2737 1277 33174 10494 1741 8753 1373 7380 22680 1460 5530 2622 237440
internal_count=295834 22483 17380 5103 3800 16428 13901 2527 1309 1303 10203 9344 8243 4568 2233 273351 240177 2737 1277 33174 10494 1741 8753 1373 7380 22680 1460 5530 2622 237440
is_linear=0
shrinkage=0.05


Tree=159
num_leaves=31
num_cat=0
split_feature=42 60 63 66 67 55 74 37 64 45 66 74 40 66 55 75 63 32 55 29 26 9 11 39 38 11 29 66 16 55
split_gain=28.2081 104.696 68.0533 54.1097 46.8822 46.5874 106.473 49.2379 44.699 46.5972 51.2207 55.2411 39.7908 170.719 100.902 79.6734 63.054 62.3735 117.995 174.882 81.2367 68.4237 79.6093 63.8843 60.7054 59.336 56.8313 54.6938 53.8337 53.0827
threshold=0.023532641120254997 -0.21056786179542539 -0.064906626939773546 -0.1031927317380905 0.058803495019674308 1.0000000180025095e-35 0.77299061417579662 0.18522437661886218 -0.2166430056095123 14.500000000000002 -0.36846095323562617 0.78468400239944469 0.030880054458975795 -0.1898790895938873 1.5000000000000002 0.089601330459117903 -0.053849041461944573 -0.36248601973056788 1.0000000180025095e-35 -0.20560597628355023 -0.09999979659914969 -0.099598389118909822 -0.31892922520637507 0.02529619820415974 0.25885611772537237 0.078058131039142623 -0.31499096751213068 -0.26625788211822504 -0.09156510233879088 1.0000000180025095e-35
decision_type=8 10 8 10 10 2 10 8 10 10 10 10 10 10 2 8 10 10 2 8 8 10 10 8 10 10 10 10 10 2
left_child=1 5 3 8 -4 6 -1 -7 -3 -10 -11 -12 13 14 17 29 -16 18 20 21 26 22 -20 -22 28 -19 -2 -18 -17 -15
right_child=12 2 4 -5 -6 7 -8 -9 9 10 11 -13 -14 15 16 24 27 25 19 -21 23 -23 -24 -25 -26 -27 -28 -29 -30 -31
leaf_value=0.00087923787080899452 -9.1672347620284757e-05 0.0011061017563315579 0.0010884200008475062 -0.0030537949623444405 0.00027535626525604373 -0.00059908156384364919 -0.0030572932063615307 -0.0034736828577444814 0.00081340963011927421 -0.00077909485635460542 0.0003056231631833209 -0.00024136058731207712 1.5719654270499561e-05 -0.00027849754473157213 0.00018141212536862476 -0.0011389467024758848 0.0011912155062674206 0.00029831700840697448 0.00062591980505951846 -0.004138053593951265 0.0016353928699588316 -0.0010954232024477273 -0.001468120855211299 0.00023063472080764349 0.00013083657397045066 -0.0013645062557441122 -0.0011224458185370198 0.00039633958331343374 -0.00066106190286672583 0.00061581256791224184
leaf_weight=1273 13810 657 885 589 21877 594 568 574 875 1564 5075 4465 192444 1515 2341 5291 940 9623 1728 1210 2151 559 501 4992 2636 1026 2553 729 11460 1271
leaf_count=1273 13810 657 885 589 21877 594 568 574 875 1564 5075 4465 192444 1515 2341 5291 940 9623 1728 1210 2151 559 501 4992 2636 1026 2553 729 11460 1271
internal_value=-7.60685e-05 0.00117674 0.00192655 -0.000925576 0.00358335 -0.00776747 -0.00278228 -0.0155348 -0.000229322 -0.000930019 -0.00180853 -0.000429319 -0.000266366 -0.00134274 0.000525218 -0.00489339 0.0080597 -0.000268585 -0.0015265 -0.00945609 -0.000174349 -0.00253753 0.00140688 0.00427094 -0.00602928 0.0029787 -0.00211629 0.0154556 -0.0071386 0.00300429
internal_weight=295776 38996 35987 13225 22762 3009 1841 1168 12636 11979 11104 9540 256780 64336 42163 22173 4010 38153 27504 3998 23506 2788 2229 7143 19387 10649 16363 1669 16751 2786
internal_count=295776 38996 35987 13225 22762 3009 1841 1168 12636 11979 11104 9540 256780 64336 42163 22173 4010 38153 27504 3998 23506 2788 2229 7143 19387 10649 16363 1669 16751 2786
is_linear=0
shrinkage=0.05


Tree=160
num_leaves=31
num_cat=0
split_feature=19 65 64 27 23 30 40 41 55 8 41 54 16 54 54 30 72 75 64 33 19 42 54 54 54 26 32 65 43 38
split_gain=26.0303 47.401 43.0428 32.1449 29.3344 29.9333 22.1501 21.4632 100.39 72.3368 66.5986 60.372 59.3145 66.5531 52.6919 76.3544 47.1303 86.2574 54.7607 62.4607 55.7684 51.545 45.5123 40.8842 40.3067 56.2284 63.5422 37.843 35.2408 34.8416
threshold=0.70544707775115978 0.13711816072463992 -0.029141455888748165 4.932138442993165 -0.75912743806838978 0.38143593072891241 0.081736896187067046 0.10467499867081644 1.5000000000000002 -0.44695802032947535 0.12997487932443622 1.9336927533149721 -0.10808278992772101 8.1271834373474139 7.4148738384246835 0.53506332635879528 0.8074634075164796 0.57016843557357799 -0.060867428779602044 1.7875537276268008 0.35371769964694982 0.14743910729885104 4.2047674655914316 3.3676404953002934 2.1276361942291264 -0.5616103708744048 -0.48201248049736017 0.11118471622467042 1.0146712064743044 0.80190941691398632
decision_type=10 10 10 10 8 10 10 10 2 8 10 2 8 2 2 10 10 10 10 10 10 10 2 2 2 10 10 10 10 10
left_child=3 2 -2 4 5 -1 -3 29 9 11 -10 -9 24 16 15 -13 -14 -18 19 -19 27 22 -22 -23 -11 -26 28 -20 -27 -6
right_child=1 6 -4 -5 7 -7 -8 8 10 12 -12 14 13 -15 -16 -17 17 18 20 -21 21 23 -24 -25 25 26 -28 -29 -30 -31
leaf_value=-0.00015450362533053687 -0.0012245722185653945 -0.0024419811157907301 -0.0091217017726461878 -0.002719624201113051 -1.3529537064078772e-05 0.010027731818128062 0.0013560335940276218 -0.0027719843214631043 0.00021507697526467474 -0.00049344595943330691 -0.0023649133320636792 -0.0015534352760042508 -0.00029020137525724506 0.0027707561067428516 -0.0018256865533182146 0.0010460345558728681 0.0039598001971821242 0.0006285071557803599 -0.00077831320058736246 -0.0023163992517044891 0.009283130809810634 0.0027884451354167122 0.0019014731146575763 -0.0024508407011189209 -0.0012636258923307345 0.0037219739564643365 0.00041916270024889191 0.0059662919524438784 0.00044751243723933497 -0.00070670937815081993
leaf_weight=517 758 508 548 731 243996 578 1210 923 515 1031 856 1538 13211 1155 613 2053 1226 1602 2910 1666 934 936 615 538 589 2751 1563 787 521 8573
leaf_count=517 758 508 548 731 243996 578 1210 923 515 1031 856 1538 13211 1155 613 2053 1226 1602 2910 1666 934 936 615 538 589 2751 1563 787 521 8573
internal_value=-0.000105757 -0.00471325 -0.0118541 -5.80328e-05 -3.16556e-05 0.00809955 0.000752315 -6.25189e-05 0.0010365 0.00152803 -0.0122013 -0.00398092 0.00241067 0.00132864 -0.00142383 0.000902527 0.000771434 0.00315396 0.00161032 -0.00369128 0.00419019 0.0092153 0.0155548 0.00249326 0.00668987 0.00841001 0.0101858 6.744e-05 0.0141377 -0.000230225
internal_weight=295952 3024 1306 292928 292197 1095 1718 291102 38533 37162 1371 5127 32035 25580 4204 3591 24425 11214 9988 3268 6720 3023 1549 1474 6455 5424 4835 3697 3272 252569
internal_count=295952 3024 1306 292928 292197 1095 1718 291102 38533 37162 1371 5127 32035 25580 4204 3591 24425 11214 9988 3268 6720 3023 1549 1474 6455 5424 4835 3697 3272 252569
is_linear=0
shrinkage=0.05


Tree=161
num_leaves=31
num_cat=0
split_feature=0 68 42 63 67 11 19 68 10 55 60 75 29 55 52 6 72 40 10 52 75 19 10 58 42 63 34 46 55 60
split_gain=21.4566 23.1014 50.2069 63.6838 58.8787 45.4357 77.1826 115.443 70.1579 66.9989 107.863 54.2585 49.0805 191.257 49.9918 46.4515 44.5249 42.6947 42.1668 41.0029 38.3635 36.3549 36.278 34.1868 34.1115 30.4937 30.2391 36.9279 48.5821 44.2546
threshold=0.081376865506172194 0.015428110957145693 0.10348400846123697 0.11163872480392457 0.26354299485683447 0.17398940771818164 -0.058515693992376321 0.079887937754392638 -0.21993767470121381 1.5000000000000002 0.35858497023582464 0.67370536923408519 -0.51777696609497059 1.0000000180025095e-35 7.5000000000000009 -0.11211998760700224 0.0042018706444650897 0.024987626820802692 -0.15134123712778089 4.5000000000000009 0.92874017357826244 0.15837311744689944 -0.74914720654487599 0.61393991112709057 0.032150337472558028 0.052623212337493903 0.49524515867233282 11.500000000000002 1.0000000180025095e-35 0.058829674497246749
decision_type=8 10 8 10 8 10 8 10 10 2 8 10 10 2 10 10 10 10 10 10 10 10 8 2 10 10 10 10 2 10
left_child=1 22 5 -4 -5 6 7 15 -9 12 -11 -7 13 16 18 -3 17 -8 -14 -17 -6 25 -1 -13 -15 -16 27 28 -21 -30
right_child=-2 2 3 4 20 11 9 8 -10 10 -12 23 14 24 21 19 -18 -19 -20 26 -22 -23 -24 -25 -26 -27 -28 -29 29 -31
leaf_value=0.0028129406623595326 -0.0002853649044390616 0.0010997038571350422 -0.0013520732266305902 0.0071055497616042355 -0.00047026465561252274 -0.00049153615968148005 0.0021203716508169188 -0.0039502707013413466 -0.00058787043404501845 0.00016220862196444157 0.0028474195817684636 -0.0010692760975224101 0.0033295223394017148 -0.0029511621535470004 0.0003860682696608383 0.0015473350499850174 -0.0022192328197219945 0.00063140480537559815 0.00011688582373623573 -0.00075751125588166969 0.0027269985348618974 0.0024043591082666509 -1.951910289232986e-05 0.0021994385021748913 -0.0020767754833177707 0.00088240873466944854 -0.00084578769081537645 0.00030355600708240386 -0.000106105889658772 0.0012834254933403709
leaf_weight=687 23005 1938 5331 757 4654 9004 539 567 1650 1073 737 1226 522 818 4420 726 619 4933 8456 4605 1005 855 199065 3116 548 4341 1413 7908 825 547
leaf_count=687 23005 1938 5331 757 4654 9004 539 567 1650 1073 737 1226 522 818 4420 726 619 4933 8456 4605 1005 855 199065 3116 548 4341 1413 7908 825 547
internal_value=3.00777e-05 0.000153722 0.000913963 -0.00207961 0.00127607 0.00148707 0.00220395 -0.000151072 -0.0108891 0.00390908 0.0131868 -0.00109314 0.00325966 -0.000167403 0.00463341 0.00117961 0.00363055 0.00507114 0.00194704 0.000293127 -0.000485094 0.00713692 -0.000124648 0.00349265 -0.0170058 0.00616235 -0.000261301 0.000449802 -0.00251378 0.00571635
internal_weight=295890 272885 73133 11747 6416 61386 48040 20179 2217 27861 1810 13346 26051 7457 18594 17962 6091 5472 8978 16024 5659 9616 199752 4342 1366 8761 15298 13885 5977 1372
internal_count=295890 272885 73133 11747 6416 61386 48040 20179 2217 27861 1810 13346 26051 7457 18594 17962 6091 5472 8978 16024 5659 9616 199752 4342 1366 8761 15298 13885 5977 1372
is_linear=0
shrinkage=0.05


Tree=162
num_leaves=31
num_cat=0
split_feature=52 2 67 74 66 65 41 41 22 65 34 69 75 57 64 41 42 66 75 69 42 38 66 52 34 33 18 69 67 57
split_gain=24.776 25.4184 44.5456 35.6886 116.06 74.275 116.628 71.9852 52.1912 56.7929 53.5031 50.1897 49.599 48.1039 44.6238 43.7262 43.0768 42.4114 60.093 42.3844 36.4094 42.5098 36.2269 67.6413 64.5412 63.1486 48.8122 134.996 47.01 43.6875
threshold=1.5000000000000002 -0.018995505757629868 0.0056619716342538604 0.5928616225719453 -0.1586131006479263 0.065308988094329848 0.026182573288679126 0.058139579370617873 0.38712693750858312 0.041155278682708747 0.067817166447639479 0.015186704695224764 0.016807482577860359 0.41540586948394781 -0.22850680351257321 0.04012714326381684 0.018888021819293502 -0.061733074486255639 0.11378081515431406 0.030349984765052799 0.0082749989815056341 0.054694667458534248 -0.12575253844261167 9.5000000000000018 0.56507346034049999 1.3177736401557925 -0.075382895767688737 0.022169589996337894 0.15115153789520266 0.50640720129013073
decision_type=8 8 8 10 10 8 10 10 10 10 10 10 10 2 8 10 10 10 10 10 8 8 8 10 10 10 8 10 10 2
left_child=-1 -2 -3 20 7 6 13 8 9 19 -10 -12 -7 -6 -9 -13 -11 18 -15 -5 -4 -22 24 25 -23 26 27 29 -27 -24
right_child=1 2 3 4 5 12 -8 14 10 16 11 15 -14 17 -16 -17 -18 -19 -20 -21 21 22 23 -25 -26 28 -28 -29 -30 -31
leaf_value=0.0034850661814073967 7.8721359384653338e-05 -0.00033157705244006661 0.0012587874434617542 -8.446300651584332e-05 -0.0004258055668624318 0.00060307328582868839 -0.00029270234002574215 0.002390475231853908 -0.00085955506948210076 0.0019715002920111086 0.000245949555994459 0.00062345063578617631 -0.00012268896364693582 -0.0035538766232736082 -0.00021712584293857482 0.00035548507435445543 0.00014964163654095842 -0.00082667099228738166 -0.0019943404179783479 -0.0013704147957213026 -0.0011736529511479641 -0.0001834765569391528 -0.0011773264811920647 0.0009680772046166367 -0.0016359203883068254 0.010853765077515544 -0.00011678770826528684 0.0014618182373609366 0.00063402486297733105 -0.0042952770740835883
leaf_weight=519 123073 7208 1000 5319 910 699 4228 1078 680 549 9313 9114 17467 800 14738 3946 774 779 577 571 1121 52033 1132 4359 2270 958 24435 727 4349 1038
leaf_count=519 123073 7208 1000 5319 910 699 4228 1078 680 549 9313 9114 17467 800 14738 3946 774 779 577 571 1121 52033 1132 4359 2270 958 24435 727 4349 1038
internal_value=5.84906e-05 3.91187e-05 -0.000353115 -0.000184878 0.000655467 -0.0020534 -0.00631161 0.00215222 0.00358039 -0.000131524 0.00474136 0.0051624 -0.000341109 -0.0137191 -0.000581322 0.00716144 0.0091898 -0.0177747 -0.0230353 -0.00223729 -0.00082841 -0.000931496 -0.00081206 0.000394509 -0.00163405 -0.000387454 -0.00135689 -0.00748194 0.00459846 -0.0137156
internal_weight=295764 295245 172172 164964 71542 25460 7294 46082 30266 7213 23053 22373 18166 3066 15816 13060 1323 2156 1377 5890 93422 92422 91301 36998 54303 32639 27332 2897 5307 2170
internal_count=295764 295245 172172 164964 71542 25460 7294 46082 30266 7213 23053 22373 18166 3066 15816 13060 1323 2156 1377 5890 93422 92422 91301 36998 54303 32639 27332 2897 5307 2170
is_linear=0
shrinkage=0.05


Tree=163
num_leaves=31
num_cat=0
split_feature=9 54 69 58 66 34 69 65 71 11 41 11 32 17 54 69 33 33 9 5 54 58 66 32 66 10 68 53 67 11
split_gain=21.8278 19.7349 88.1058 75.4727 80.7418 86.1758 67.4948 66.9597 79.0549 68.3176 62.3444 60.3539 83.7072 50.4379 47.7727 59.8278 42.3441 41.9957 41.0636 37.5129 35.5969 120.532 157.832 98.583 102.713 120.94 109.852 91.0939 85.6066 83.6597
threshold=3.92173182964325 1.67803031206131 0.0074105316307395705 0.74469971656799328 -0.15632759779691693 0.50943720340728771 0.011905697174370291 -0.0060959756374359122 0.22002093493938449 0.78124067187309276 0.075117077678442015 -0.78013819456100453 -0.54602211713790882 0.0026892470195889477 1.3825365304946902 0.014649507589638235 0.40835098922252661 0.915032058954239 -0.19865597784519193 -0.094563469290733324 2.275727510452271 0.6942051649093629 -0.055800173431634896 -0.16947641968727109 -0.33452908694744105 -0.2231502756476402 -0.03816698491573333 0.074175827205181136 0.16515894979238513 0.17398940771818164
decision_type=10 2 8 2 10 10 10 10 8 8 10 10 10 10 2 10 8 8 10 10 2 2 10 8 10 10 10 8 10 8
left_child=1 2 -1 4 5 7 10 8 9 13 -6 -9 -13 14 15 -4 -11 -18 -16 -8 21 22 23 24 25 29 -26 -25 -28 -3
right_child=-2 20 3 -5 6 -7 19 11 -10 16 -12 12 -14 -15 18 -17 17 -19 -20 -21 -22 -23 -24 27 26 -27 28 -29 -30 -31
leaf_value=0.019055149395320783 -0.0018665550187855582 0.00057159052810303479 -0.0014739042585198412 0.0052122702388349733 -0.0012849236555461264 0.0039446407242794013 -0.0006628448591328135 -0.00021662723153723467 0.0021850883622748798 -0.0030877113516122614 0.0089338258323328045 0.0075356505491449696 -0.0002030480756236101 -0.0016321089123363158 0.0015958395289195064 0.00050427974140590298 0.00078238514302032347 -0.0018218853181614669 -0.00028018487567440121 -0.0038788801844848939 2.0503377247557687e-06 0.0025649269873390464 -0.0029814772457155956 -0.002348124095318409 0.001758090195021261 -0.0014891034282139845 0.0061775486396901669 0.0015687508473222764 -0.00061068533120033628 -0.0028432559607747361
leaf_weight=584 980 3335 1045 1286 1367 659 665 1460 2724 1032 500 1468 820 681 1570 2069 972 2254 657 1387 248955 2130 1657 2780 2429 2959 1249 760 5020 516
leaf_count=584 980 3335 1045 1286 1367 659 665 1460 2724 1032 500 1468 820 681 1570 2069 972 2254 657 1387 248955 2130 1657 2780 2429 2959 1249 760 5020 516
internal_value=-6.28421e-05 -3.79661e-05 0.00136148 0.00086184 0.000149953 0.00161013 -0.00632476 0.000906813 -0.000791455 -0.00279883 0.000559403 0.00678552 0.0118364 0.000629973 0.0022706 -0.00172855 -0.00763824 -0.00478986 0.00784533 -0.0125606 -0.000157469 -0.0020464 -0.00321265 -0.00192045 -0.000199768 -0.00479472 0.00339917 -0.00943662 -0.00010352 0.00104895
internal_weight=295970 294990 23200 22616 21330 17411 3919 16752 13004 10280 1867 3748 2288 6022 5341 3114 4258 3226 2227 2052 271790 22835 20705 19048 15508 6810 8698 3540 6269 3851
internal_count=295970 294990 23200 22616 21330 17411 3919 16752 13004 10280 1867 3748 2288 6022 5341 3114 4258 3226 2227 2052 271790 22835 20705 19048 15508 6810 8698 3540 6269 3851
is_linear=0
shrinkage=0.05


Tree=164
num_leaves=31
num_cat=0
split_feature=42 65 74 65 66 34 65 68 8 66 54 66 54 54 40 66 75 57 40 66 54 41 30 41 65 52 32 65 57 54
split_gain=23.0467 90.0037 52.8896 60.826 78.377 109.457 98.3143 74.096 70.1675 72.563 56.0376 51.8325 48.9089 63.268 62.8678 46.5179 42.8283 75.3684 42.326 136.607 96.6471 131.183 120.087 101.902 114.991 69.7741 67.5371 76.4561 65.4143 52.7247
threshold=0.023156366311013702 -0.30154803395271296 0.75777602195739757 0.23134422302246097 -0.15632759779691693 0.27709157764911657 0.061875939369201667 0.010184739716351034 -0.015992565080523487 -0.32772420346736902 8.0796771049499529 -0.32732795178890223 3.4602520465850835 8.3653230667114276 0.010013217106461527 -0.37003271281719202 0.1261205077171326 0.41540586948394781 0.031430575996637351 -0.1898790895938873 5.5412440299987802 0.025267821736633781 0.059831591323018081 0.032549878582358367 0.071293532848358168 9.5000000000000018 -0.34945480525493616 0.13711816072463992 0.41540586948394781 8.2665500640869158
decision_type=8 10 10 10 10 10 10 10 10 10 2 10 2 2 8 10 10 2 10 10 2 10 10 8 8 10 10 8 2 2
left_child=1 12 15 4 5 6 10 16 -7 -10 11 -4 -1 14 -14 -3 17 -6 19 26 21 22 -21 24 28 -23 -2 -28 -22 -26
right_child=18 2 3 -5 7 8 -8 -9 9 -11 -12 -13 13 -15 -16 -17 -18 -19 -20 20 23 25 -24 -25 29 -27 27 -29 -30 -31
leaf_value=0.001000860897466991 -0.0001054835408436648 -0.00058985607120038005 -9.9685007264337805e-05 0.0010261565916364292 -0.00042994864322523987 -1.7195261497916349e-05 0.0016402405908797009 0.00010312285284930917 0.00096280401340787458 0.00020181174414957774 -0.0015360407599924336 -0.0012235524972965602 -0.0028430337236754633 0.00041784523804978618 -0.0010596745497390145 0.00044941594965048628 -0.00040408558982074047 -0.0027171232999057618 1.5182391706469735e-05 -0.0036825515554288258 0.00043328335641951089 -0.0011905170477552246 -0.0014285273500345597 -0.00096578605841287116 0.00021122936809942831 0.00068418933417028138 0.00031519456361589157 -0.0020385231632110831 -0.0012668437379569548 0.00084682302224196003
leaf_weight=776 31956 1089 3169 688 915 2312 562 1642 1827 1141 688 672 558 671 1668 18024 742 778 190599 1156 796 5256 3171 3138 4309 2101 11536 769 1977 1606
leaf_count=776 31956 1089 3169 688 915 2312 562 1642 1827 1141 688 672 558 671 1668 18024 742 778 190599 1156 796 5256 3171 3138 4309 2101 11536 769 1977 1606
internal_value=-0.000117448 0.00103343 0.00183164 -0.000376337 -0.00107207 0.00123784 -0.00398941 -0.00693663 0.00627599 0.0113499 -0.00644415 -0.00406388 -0.00639424 -0.00937393 -0.0134168 0.00357946 -0.012454 -0.0168233 -0.0002864 -0.00135953 -0.00443878 -0.00766205 -0.0145608 -0.00125042 0.00154058 -0.00359034 0.000276705 0.00342266 -0.00684513 0.00547679
internal_weight=296292 37922 34249 15136 14448 10371 5091 4077 5280 2968 4529 3841 3673 2897 2226 19113 2435 1693 258370 67771 23510 11684 4327 11826 8688 7357 44261 12305 2773 5915
internal_count=296292 37922 34249 15136 14448 10371 5091 4077 5280 2968 4529 3841 3673 2897 2226 19113 2435 1693 258370 67771 23510 11684 4327 11826 8688 7357 44261 12305 2773 5915
is_linear=0
shrinkage=0.05


Tree=165
num_leaves=31
num_cat=0
split_feature=19 63 8 54 58 16 50 10 60 66 41 65 58 75 54 62 54 58 32 66 6 65 53 19 33 19 30 14 6 40
split_gain=28.0793 45.3082 26.0452 29.3879 31.9857 29.0365 26.6985 20.4811 46.2706 50.5988 48.0018 52.3271 53.8517 43.1934 33.5823 71.937 61.234 102.32 83.9501 74.398 86.8384 73.2181 69.3549 68.072 105.097 56.1045 44.2555 42.7021 43.8967 41.8062
threshold=0.88460674881935131 -0.042432188987731927 -0.56907659769058216 2.0598762035369877 0.33398589491844183 -0.61302903294563282 0.011413278523832561 -0.46819007396697992 0.16752322763204577 -0.15007437020540235 0.075117077678442015 -0.18778264522552487 0.37291786074638372 0.81025961041450512 1.8301782608032229 0.0091237425804138201 2.2380464076995854 0.76973846554756176 -0.25065678358077997 -0.33303888142108912 -0.062045449391007416 -0.1975767910480499 0.074175827205181136 0.026272599585354332 1.0839854478836062 0.27828568220138555 0.38741096854209905 -0.47625876963138575 -0.27749860286712641 0.017815967090427879
decision_type=10 10 8 2 2 8 2 8 10 10 10 10 2 10 2 8 2 2 8 10 10 10 8 8 8 10 10 8 10 8
left_child=2 -2 3 -1 6 -4 -5 8 9 10 13 12 -12 -7 15 -9 17 18 19 21 -21 -16 23 -20 -25 -17 -26 -18 29 -29
right_child=1 -3 5 4 -6 7 -8 14 -10 -11 11 -13 -14 -15 16 25 27 -19 22 20 -22 -23 -24 24 26 -27 -28 28 -30 -31
leaf_value=-0.0024074067752166643 0.00073274029392498283 -0.0062815239277123763 0.0025330234548442267 0.0013637610270195834 -0.0016893013712482438 0.00014903738619409491 -0.001066812067222575 -0.00011918729609743861 -0.0020733812175287858 0.0039439398796258639 0.00056693618458482191 -0.00082084022370927103 0.0045634847531828169 -0.0017958453602197118 -0.00048997901365747422 0.0008958905702017222 0.00408523842007847 0.0025296803044184066 -0.003865239846374473 0.0016712308728364794 -0.00064327850443668367 -0.0024072119580526206 0.00091671826491901355 0.000482018744793104 -0.0013754079864419892 0.016142265824669936 -0.0035403011782547192 -0.0016016928947586732 1.1124699349708036e-05 -0.00034327542937243521
leaf_weight=725 503 544 579 993 782 8255 749 15477 501 504 1276 545 1292 760 2330 10705 778 1216 557 2172 3316 897 744 925 844 538 1177 629 216077 19200
leaf_count=725 503 544 579 993 782 8255 749 15477 501 504 1276 545 1292 760 2330 10705 778 1216 557 2172 3316 897 744 925 844 538 1177 629 216077 19200
internal_value=-4.87145e-05 -0.00818354 -1.95211e-05 -0.00446456 -0.00189424 3.0209e-05 0.00188356 7.73927e-06 0.00193639 0.00253125 0.0018784 0.00722062 0.0102017 2.77008e-05 -8.35759e-05 0.0016012 -0.000263082 -0.00345362 -0.0047564 -0.00194269 0.00160058 -0.0079549 -0.0105121 -0.01345 -0.0103518 0.00464321 -0.0167159 -7.18227e-05 -0.000110633 -0.00236151
internal_weight=295590 1047 294543 3249 2524 291294 1742 290715 13133 12632 12128 3113 2568 9015 277582 26720 250862 14178 12962 8715 5488 3227 4247 3503 2946 11243 2021 236684 235906 19829
internal_count=295590 1047 294543 3249 2524 291294 1742 290715 13133 12632 12128 3113 2568 9015 277582 26720 250862 14178 12962 8715 5488 3227 4247 3503 2946 11243 2021 236684 235906 19829
is_linear=0
shrinkage=0.05


Tree=166
num_leaves=31
num_cat=0
split_feature=38 69 44 65 11 29 19 63 30 55 54 75 57 69 65 19 38 11 71 54 67 54 75 64 34 55 60 65 42 67
split_gain=22.8873 24.4318 21.0996 78.2453 30.1379 27.5463 18.7755 46.9972 25.8976 120.828 108.773 117.889 97.7306 104.049 76.5829 72.4476 67.9789 59.6122 76.8047 70.2507 59.0703 56.4422 50.7945 42.3276 107.15 88.843 183.279 88.7208 85.1963 109.132
threshold=2.2250175476074223 0.030279238708317283 -10.499999999999998 -0.089022934436798082 -0.27144472301006312 -0.38460886478424067 0.70544707775115978 -0.039545893669128411 0.97891959547996532 1.5000000000000002 10.165822982788088 0.61066213250160228 0.79314130544662487 0.0083621535450220125 -0.019628047943115231 0.31753909587860113 0.71001738309860241 1.2981760501861574 0.29768463969230657 1.4146381020545962 0.15403836220502856 3.6536407470703129 0.84115830063819896 -0.059769093990325921 0.84011033177375805 1.5000000000000002 -0.22818148136138913 0.084990441799163832 0.088727146387100234 0.054328313097357757
decision_type=10 10 2 10 10 8 10 10 10 2 2 10 2 10 8 10 10 8 10 2 10 2 10 10 8 2 8 8 10 8
left_child=2 -2 3 4 5 -1 8 -8 23 10 11 17 13 -13 15 -15 -11 -10 19 -19 22 -20 -16 25 -25 -4 -27 -26 29 -28
right_child=1 -3 6 -5 -6 -7 7 -9 9 16 -12 12 -14 14 20 -17 -18 18 21 -21 -22 -23 -24 24 27 26 28 -29 -30 -31
leaf_value=-0.00021791868371240486 -0.0032803807323753169 -0.00026238737535624337 -4.2906950458592582e-06 0.0020069917395795912 -0.00095036829830178404 0.001574211446148375 0.00030099796101061674 -0.0033376809162168329 -0.00045354094521837097 -0.00044723359242064835 -0.0021241048866895563 0.012595526576843799 0.0028386941030683109 -0.00048690133896129169 -0.0003246964931268387 -0.0030868748409667007 -0.0033903050624037121 -0.0032546227899900924 0.0070380971358655732 0.0008376215025947489 -0.00019903486412270398 0.0019519067777191629 0.005255063682457011 -7.0847031242857186e-05 -0.0029108703189757892 -0.0011075401961759162 9.8309969616267563e-05 -0.00051909652533922224 -0.00062109934151261491 0.0011283947144899431
leaf_weight=897 505 655 124488 1001 863 565 1702 1263 1814 885 552 782 3557 5723 1297 1724 569 529 594 8420 18375 1631 1983 96858 2589 1048 2442 7784 693 3786
leaf_count=897 505 655 124488 1001 863 565 1702 1263 1814 885 552 782 3557 5723 1297 1724 569 529 594 8420 18375 1631 1983 96858 2589 1048 2442 7784 693 3786
internal_value=-0.000114688 -0.00709402 -8.69494e-05 0.00386691 -0.00117773 0.00319293 -0.000132258 -0.00408403 -9.14508e-05 0.000962948 0.00140346 0.00166778 9.7157e-05 -0.000836288 -0.00132248 -0.00569264 -0.0131831 0.00570857 0.0070726 0.00499498 0.000182322 0.0153691 0.00635258 -0.00030455 -0.00104298 0.000293281 0.00540795 -0.00587017 0.00836099 0.0102116
internal_weight=295574 1160 294414 3326 2325 1462 291088 2965 288123 48435 46981 46429 33441 29884 29102 7447 1454 12988 11174 8949 21655 2225 3280 239688 107231 132457 7969 10373 6921 6228
internal_count=295574 1160 294414 3326 2325 1462 291088 2965 288123 48435 46981 46429 33441 29884 29102 7447 1454 12988 11174 8949 21655 2225 3280 239688 107231 132457 7969 10373 6921 6228
is_linear=0
shrinkage=0.05


Tree=167
num_leaves=31
num_cat=0
split_feature=75 41 39 65 6 20 54 13 75 75 2 18 69 54 67 54 17 18 22 54 67 66 59 32 66 17 67 67 66 19
split_gain=26.6316 41.7777 26.7609 50.0332 69.0245 34.6684 60.0609 66.5192 32.5924 24.5787 22.0852 47.9855 52.399 152.605 67.1254 54.8793 60.9429 46.8139 46.6167 46.3414 104.168 92.1874 77.1243 74.3419 44.1829 45.0572 42.9968 42.0722 41.4829 96.7943
threshold=0.99751436710357677 0.28949439525604254 0.15814460068941119 0.13133955001831057 -0.38251113891601557 -0.41082157194614405 6.0040106773376474 -0.39304573833942408 0.9583801031112672 0.55859088897705089 -0.018995505757629868 -0.10829224437475203 0.015186704695224764 8.0796771049499529 0.30120128393173223 7.9967379570007333 -0.029622878879308697 0.48421967029571539 0.54902851581573497 6.6562123298645028 0.058803495019674308 -0.11975871399044989 -0.092777658253908143 -0.30046346783637995 -0.063536457717418657 -0.11544680967926978 0.015258013736456634 0.24628800898790362 -0.1586131006479263 -0.15130940824747083
decision_type=10 10 8 8 10 8 2 10 10 8 10 10 10 2 10 2 10 10 8 2 8 10 10 8 10 8 8 8 10 8
left_child=1 2 10 4 -4 6 7 -5 -7 -9 11 19 13 -13 -15 17 -17 -14 -12 24 22 23 -21 -22 25 -1 -20 -25 -28 -30
right_child=-2 -3 3 5 -6 8 -8 9 -10 -11 18 12 15 14 -16 16 -18 -19 26 20 21 -23 -24 27 -26 -27 28 -29 29 -31
leaf_value=-0.00012667934760471439 -0.0024763694639342161 0.003747181425424362 -0.0072259302687409212 -0.0035443305531849311 -0.0011255877771331358 -0.00074546646426546577 0.0050094008264606115 0.0035671859234863465 0.0027628603229161632 0.00066819998238267788 -0.00015452887540283163 0.00037111612041999375 -0.00032520152993564398 -0.0012794599133921264 0.00040405823578252913 0.00091125085108985533 -0.00022018106505559618 0.0012306896904039505 -0.00045442774731205044 0.00022332433652115359 -0.00063364706844563955 0.0012309446500292965 0.0017755642872579252 0.0016398274034166119 -0.0022184197609072006 0.00040454384525842368 0.00017569771637375859 -0.00013931584480492829 -0.0030433398529619102 -5.3596146612821736e-05
leaf_weight=13754 838 843 550 828 3251 7839 852 501 680 1423 64498 25803 35498 2178 604 1941 1855 2314 3064 1077 3123 1701 2014 899 835 20609 62233 1141 1136 32146
leaf_count=13754 838 843 550 828 3251 7839 852 501 680 1423 64498 25803 35498 2178 604 1941 1855 2314 3064 1077 3123 1701 2014 899 835 20609 62233 1141 1136 32146
internal_value=3.71574e-06 2.91328e-05 -2.88765e-06 -0.00199573 -0.00699292 -0.000424462 0.00368013 7.24113e-05 -0.00216321 0.00517063 0.000111158 0.000640626 -0.000177343 0.00147054 -0.00963467 -0.00130953 0.00441408 -0.00188515 -0.000263356 0.00191196 0.00492223 0.00148385 0.0125282 -0.00184612 0.00105942 0.00133681 0.000420432 0.00556098 0.000607694 -0.000817013
internal_weight=296028 295190 294347 15924 3801 12123 3604 2752 8519 1924 278423 115346 70193 28585 2782 41608 3796 37812 163077 45153 9955 6864 3091 5163 35198 34363 98579 2040 95515 33282
internal_count=296028 295190 294347 15924 3801 12123 3604 2752 8519 1924 278423 115346 70193 28585 2782 41608 3796 37812 163077 45153 9955 6864 3091 5163 35198 34363 98579 2040 95515 33282
is_linear=0
shrinkage=0.05


Tree=168
num_leaves=31
num_cat=0
split_feature=17 63 15 13 27 31 69 23 74 10 45 69 62 11 66 66 75 69 40 18 24 60 65 16 14 49 5 65 65 28
split_gain=19.2812 21.9856 19.3847 27.0223 18.8166 42.9066 36.9907 24.4721 26.8035 53.9854 16.2828 68.1495 61.7166 38.9919 59.5746 45.6732 56.8377 55.6044 41.0936 38.6511 33.3274 33.3538 36.3174 48.7659 46.8611 29.7604 42.2581 29.8641 34.54 27.0826
threshold=-0.46152004599571222 -0.1229501962661743 -0.61431512236595143 -0.39304573833942408 3.6738939285278325 0.36409047245979315 0.026239313185215 -0.6868581473827361 0.0084073231555521506 0.77617505192756664 2.5000000000000004 0.046206166967749603 -0.098931908607482896 1.6219522356987002 -0.12575253844261167 -0.044968876987695687 0.093711484223604216 0.01977186277508736 0.052970100194215781 -0.1590185463428497 0.4611246138811112 -0.096545830368995653 -0.12526205182075498 -0.034832978621125214 0.063092246651649489 0.00053260292042978119 1.4401461482048037 0.036525428295135505 -0.24721077084541318 0.26087523996829992
decision_type=8 10 8 8 10 10 10 8 8 8 10 10 8 10 10 10 10 10 8 8 10 8 8 8 10 2 8 10 8 8
left_child=1 -1 -2 -4 7 -6 -7 -5 9 -9 11 12 -10 14 18 16 -16 -17 20 -20 21 -14 24 -24 -23 26 -21 28 -27 -12
right_child=2 -3 3 4 5 6 -8 8 10 -11 29 -13 13 -15 15 17 -18 -19 19 25 -22 22 23 -25 -26 27 -28 -29 -30 -31
leaf_value=2.4175654980414243e-05 0.0021079222646647744 -0.002535561910039555 -0.0018079183306338037 0.0023023351468285285 -0.004679323971846879 -0.0014829771613950771 0.0017185950553956235 0.00023964536285574282 -0.0043256049133711966 -0.0044286467697425506 -4.9037048573824797e-05 0.0049414337997386081 0.0014964470523383376 0.0011098204613997726 -0.0021344051268323118 0.00031955105902388425 -0.0015652070966896165 -0.00089865674185619004 -0.0017225539500393705 -0.00031718598491455312 0.0030529118336692094 0.00034026060084895381 0.001525224045418754 0.00012106228465577646 -0.0012555463721991803 0.00156255298180372 0.0014986715616870029 0.0015299583380932438 -0.00087659587247172072 9.1485395228715216e-05
leaf_weight=623 725 555 1537 917 506 846 673 889 500 635 106792 681 757 4056 510 3987 2869 5144 655 2907 526 513 809 4678 1019 771 2567 725 7241 139863
leaf_count=623 725 555 1537 917 506 846 673 889 500 635 106792 681 757 4056 510 3987 2869 5144 655 2907 526 513 809 4678 1019 771 2567 725 7241 139863
internal_value=-4.02726e-05 -0.00639731 -1.46105e-05 -3.49135e-05 0 -0.00479115 -0.000555919 3.36183e-05 7.60972e-06 -0.00658409 4.27707e-05 -0.00088088 -0.001148 -0.000925926 -0.00145427 -0.00423323 -0.0091915 -0.00239033 4.74588e-05 -0.00152595 0.00286333 0.00202928 0.000946081 0.00284701 -0.00583658 -0.000973912 0.00191466 -0.00278381 -0.00366492 0.000196015
internal_weight=295476 1178 294298 293573 292036 2025 1519 290011 289094 1524 287570 40915 40234 39734 35678 12510 3379 9131 23168 14866 8302 7776 7019 5487 1532 14211 5474 8737 8012 246655
internal_count=295476 1178 294298 293573 292036 2025 1519 290011 289094 1524 287570 40915 40234 39734 35678 12510 3379 9131 23168 14866 8302 7776 7019 5487 1532 14211 5474 8737 8012 246655
is_linear=0
shrinkage=0.05


Tree=169
num_leaves=31
num_cat=0
split_feature=2 61 20 69 55 54 60 63 63 32 55 19 66 18 55 39 32 54 69 54 54 54 10 66 32 54 19 28 66 32
split_gain=25.6735 45.7342 42.0553 52.0764 63.7524 135.504 76.9169 50.9336 53.1444 43.402 42.8875 42.0687 67.4398 49.321 72.621 71.563 60.873 90.9341 67.8923 47.5034 110.064 44.6745 44.5593 47.8787 78.0774 54.4296 71.7089 59.5762 53.1767 76.4307
threshold=-0.018995505757629868 -0.039256036281585686 -0.057767871767282479 0.032579477876424796 1.0000000180025095e-35 6.8026726245880136 -0.16376653313636777 -0.10544562339782713 -0.07411485910415648 -0.86330392956733693 1.0000000180025095e-35 -0.076858125627040849 -0.1586131006479263 0.04434121027588845 1.0000000180025095e-35 0.025026213377714161 -0.29403978586196894 6.0676496028900155 0.014378060586750509 6.8586175441741952 8.1271834373474139 6.9614286422729501 -0.19999797642230985 -0.30284954607486719 -0.2579482346773147 2.5729937553405766 0.012013810686767103 0.53584408760070812 -0.048209600150585168 -0.24610537290573117
decision_type=8 8 10 10 2 2 8 8 8 8 2 8 10 8 2 10 10 2 8 2 2 2 8 10 10 2 10 10 10 8
left_child=-1 -2 -3 7 -5 6 -6 -4 10 -10 -9 12 -11 22 16 19 17 18 -15 -16 -21 -18 -13 24 -24 26 27 -25 29 -27
right_child=1 2 3 4 5 -7 -8 8 9 11 -12 13 -14 14 15 -17 21 -19 -20 20 -22 -23 23 25 -26 28 -28 -29 -30 -31
leaf_value=5.5521741530277156e-05 -0.00035197647917658837 -0.0002089617481785454 0.00045357100993636342 0.00021358582972084013 -0.0013012672090453579 0.0017070589916510311 0.00079220614534891156 -0.00021362505913864353 0.0046661206108425755 -7.0669670139450819e-05 -0.00055293215211451826 0.001752264386947253 -0.00098209242134519046 0.0029053141631875338 -0.00056222864483234292 3.2432264320272908e-05 -0.00015597266147107799 0.0020394564870096516 -0.00041038999820403461 -0.0040037582219828371 -0.00099341618591659506 -0.0013232613803561639 -0.0004093067599712821 -0.0030631477899729954 0.0006542882913764779 0.0003259876032919062 0.0052451894936133021 0.0020988187089923437 0.00031807018050511519 -0.00063751480008469364
leaf_weight=122893 12885 62275 5635 7321 531 1301 525 7595 523 19938 2900 910 3509 2084 574 1447 11022 1989 5763 506 558 1507 996 604 2592 4238 1382 742 5933 5011
leaf_count=122893 12885 62275 5635 7321 531 1301 525 7595 523 19938 2900 910 3509 2084 574 1447 11022 1989 5763 506 558 1507 996 604 2592 4238 1382 742 5933 5011
internal_value=-0.000135442 -0.000528338 -0.000297334 0.000350245 0.00382948 0.0109632 -0.00234522 -3.29665e-05 -0.000347977 0.00013781 -0.00366968 3.15502e-05 -0.00170312 0.000881591 -0.000624509 -0.00780291 0.000368715 0.00331099 0.000884562 -0.0149272 -0.0211359 -0.00194194 0.00259167 0.00212944 0.007393 0.00107143 0.00756026 -0.000663717 -9.87362e-05 -0.00246787
internal_weight=295689 172796 159911 97636 9678 2357 1056 87958 82323 71828 10495 71305 23447 47858 25450 3085 22365 9836 7847 1638 1064 12529 22408 21498 3588 17910 2728 1346 15182 9249
internal_count=295689 172796 159911 97636 9678 2357 1056 87958 82323 71828 10495 71305 23447 47858 25450 3085 22365 9836 7847 1638 1064 12529 22408 21498 3588 17910 2728 1346 15182 9249
is_linear=0
shrinkage=0.05


Tree=170
num_leaves=31
num_cat=0
split_feature=73 3 36 62 42 73 19 18 21 66 22 9 63 54 54 54 67 10 69 54 16 69 8 64 54 18 67 57 54 74
split_gain=29.8378 25.9326 46.4802 35.7806 67.6172 36.5762 29.0799 27.393 27.1187 25.8786 25.5806 23.4298 58.37 30.4334 27.7689 24.5348 30.4965 25.7656 35.5401 35.6407 34.8758 39.575 41.5881 28.6757 57.2809 35.0138 56.1293 87.0177 61.5065 61.6453
threshold=0.016570930369198326 -0.14836697280406949 23.535412788391117 -0.15612572431564328 0.071005541831254973 0.86848539113998424 -0.1293951794505119 -0.13224559277296064 2.0647552013397221 -0.38742892444133753 0.46067477762699133 -0.53817367553710926 0.086097598075866713 5.7384898662567148 1.8586387038230898 0.47933015227317816 0.27433469891548162 -0.52932727336883534 0.030048843473196033 1.7825501561164858 -0.46618022024631495 0.019192606210708622 -0.12270120531320571 -0.22000545263290402 2.4163600206375127 -0.22969997674226758 0.13539277762174609 0.41540586948394781 2.1966687440872197 0.12686897814273837
decision_type=8 8 2 8 10 10 8 8 10 8 10 8 10 2 2 2 8 8 10 2 10 10 10 8 2 8 10 2 2 10
left_child=-1 2 6 4 5 -3 -2 -4 11 -8 -6 12 13 14 -5 16 -13 18 19 -17 -21 22 -22 24 -19 26 27 -25 -28 -30
right_child=1 3 7 8 10 -7 9 -9 -10 -11 -12 15 -14 -15 -16 17 -18 23 -20 20 21 -23 -24 25 -26 -27 28 -29 29 -31
leaf_value=-0.00099066092062296413 0.00096530772873091328 -0.00091117841110895798 0.0013663158158444711 -0.0012553934907379516 0.00077628494616463668 -0.0032830082129484436 -0.0030640914967320844 0.0003956237054677271 -0.0021550624928536057 -0.00059399978781170791 -0.0014717966681033299 -0.00032807816893383229 -0.0022999379736247691 -0.0013448895563562136 0.00049000130067082645 -0.00069216873580522475 0.0094301453113606829 0.0019680212949737849 -0.00078160278074252765 0.0044689400280896203 -0.00080477431208388094 0.002426027816019076 0.00088916571391798151 -0.00019329745922680303 0.00013502908127321063 2.3363429347799705e-06 -0.0019480961816419299 -0.0026160373939774872 0.0013282429022248967 -0.00022869912802718766
leaf_weight=4646 939 981 3545 843 1966 575 674 12166 765 2793 838 511 584 520 2461 684 507 1277 725 592 873 763 923 2195 8348 232918 1509 1571 2265 5598
leaf_count=4646 939 981 3545 843 1966 575 674 12166 765 2793 838 511 584 520 2461 684 507 1277 725 592 873 763 923 2195 8348 232918 1509 1571 2265 5598
internal_value=-2.38526e-05 3.97018e-05 0.00177125 -8.89949e-05 -0.00457666 -0.0128991 -0.00276268 0.0030437 -1.5388e-05 -0.00487489 7.10732e-05 1.18565e-05 -0.00359891 -0.0013302 0.000452625 7.29134e-05 0.0077821 4.2459e-05 0.00376368 0.0056827 0.00792471 0.00535228 0.00127353 -2.40525e-05 0.00265179 -0.000128827 -0.00263918 -0.00778602 -0.000564912 0.00121301
internal_weight=295555 290909 20117 270792 4360 1556 4406 15711 266432 3467 2804 265667 4408 3824 3304 261259 1018 260241 4560 3835 3151 2559 1796 255681 9625 246056 13138 3766 9372 7863
internal_count=295555 290909 20117 270792 4360 1556 4406 15711 266432 3467 2804 265667 4408 3824 3304 261259 1018 260241 4560 3835 3151 2559 1796 255681 9625 246056 13138 3766 9372 7863
is_linear=0
shrinkage=0.05


Tree=171
num_leaves=31
num_cat=0
split_feature=9 65 40 10 60 11 42 30 5 38 52 11 11 69 29 11 65 68 10 27 65 30 62 32 42 40 18 69 69 65
split_gain=17.1172 27.5022 31.275 20.9402 58.6498 73.6703 90.5507 51.1246 46.3598 39.1059 38.5371 36.2897 30.35 27.9161 25.1657 23.1168 107.728 115.336 83.5271 68.9035 68.2194 42.1119 43.8157 29.7932 34.7906 35.2184 22.2718 48.0606 69.6154 51.255
threshold=-0.60665467381477345 0.061875939369201667 0.130847342312336 -0.49507907032966608 -0.12641018256545064 2.5364878177642827 0.050635471940040595 0.30989271402359014 -0.1517689451575279 0.31619490683078771 9.5000000000000018 -0.56742006540298451 -0.30534294247627253 0.018312604166567329 -0.85695573687553395 -0.47250297665596003 -0.11778020858764647 -0.06882228702306746 -0.28355412185192103 0.25135873258113867 -0.2715532779693603 0.32354651391506201 -0.048989892005920403 -0.76543432474136341 0.025737587362527851 0.038467304781079299 -0.22603496909141538 0.018919004127383236 0.018430895172059539 -0.354678064584732
decision_type=8 8 10 8 10 8 10 10 10 10 10 10 10 10 8 8 10 10 10 8 10 10 10 10 10 10 8 10 10 10
left_child=1 2 -1 4 8 9 -7 -8 10 11 -2 -6 -12 -11 -5 16 17 20 21 23 -16 22 -19 -18 -25 -26 27 28 -17 -29
right_child=3 -3 -4 14 5 6 7 -9 -10 13 12 -13 -14 -15 15 26 19 18 -20 -21 -22 -23 -24 24 25 -27 -28 29 -30 -31
leaf_value=0.0003791700484759236 0.002208300252905384 -0.0019362766864987448 -0.0022473515761935446 -0.0014779977078753206 0.0027153754937766878 0.0016474281351696034 -0.0039340154465970327 -0.00021699466566100085 -0.0010504507079664484 0.0015205333963108306 0.00051165393277868745 -0.00054074651931682591 -0.0020028588424173843 0.0042700972328251555 0.0038614197333651334 -0.0004316472070952149 0.0032847190850855469 -0.0023842820611419701 -0.0024303272650776017 0.0051864282339521093 -0.00015364773065510126 0.00077308340577784994 -0.00048437282272295536 0.00066665220473896699 -0.0008777118668781271 0.00069138982617082331 1.9022950916267046e-05 -0.0005137560918180552 -0.0022661768272761174 0.0006072835065874002
leaf_weight=1746 685 765 533 1517 503 822 533 1139 1809 656 794 779 589 1557 512 4981 544 776 1832 638 3548 775 1802 849 1728 844 251729 5274 1039 4374
leaf_count=1746 685 765 533 1517 503 822 533 1139 1809 656 794 779 589 1557 512 4981 544 776 1832 638 3548 775 1802 849 1728 844 251729 5274 1039 4374
internal_value=-7.44043e-05 -0.0037983 -0.00102665 -3.55388e-05 0.00222762 0.00532589 -0.00123802 -0.00790725 -0.00255981 0.01 0.00255053 0.00301858 -0.00226131 0.0140126 -0.00011458 -7.98208e-05 -0.00207101 -0.00518098 -0.0101155 0.00417299 0.00113022 -0.00539697 -0.00846213 0.00169811 -4.3719e-05 -0.00294345 2.33726e-05 -0.00180508 -0.0053068 0.000383102
internal_weight=295672 3044 2279 292628 9866 5989 2494 1672 3877 3495 2068 1282 1383 2213 282762 281245 13848 9245 5185 4603 4060 3353 2578 3965 3421 2572 267397 15668 6020 9648
internal_count=295672 3044 2279 292628 9866 5989 2494 1672 3877 3495 2068 1282 1383 2213 282762 281245 13848 9245 5185 4603 4060 3353 2578 3965 3421 2572 267397 15668 6020 9648
is_linear=0
shrinkage=0.05


Tree=172
num_leaves=31
num_cat=0
split_feature=47 18 65 14 36 10 65 42 11 41 8 24 32 41 10 65 68 11 19 65 49 74 10 72 29 17 75 63 65 33
split_gain=20.8657 21.2094 21.2167 22.2405 20.5562 19.5696 66.3696 57.867 68.4765 45.3253 58.5712 56.9017 49.7995 55.8055 44.0637 66.4491 70.6886 52.1215 41.7502 79.8227 115.61 100.657 57.0778 52.9287 71.293 66.5945 61.0215 53.0953 70.5841 65.3256
threshold=0.11859995871782304 -0.037873538210988038 -0.25309166312217707 -0.22697987407445905 93.717449188232436 -0.2231502756476402 0.062534928321838393 0.033924046903848655 0.039543135091662414 0.092108219861984267 -0.46005117893218989 0.39673200249671942 -0.48444521427154535 0.058554906398057945 -0.40795451402664179 -0.11778020858764647 -0.08852479979395865 -0.57997643947601307 -0.058515693992376321 -0.23168364167213437 0.00053260292042978119 0.92098051309585582 0.069390848278999342 0.30969654023647314 -0.24970658123493192 0.0833268277347088 0.069328039884567275 0.086097598075866713 -0.208462119102478 1.2125462889671328
decision_type=2 10 10 8 2 8 10 10 10 10 10 10 10 10 10 10 10 8 8 8 2 10 10 10 10 10 10 10 8 10
left_child=4 2 3 -2 5 6 9 -8 -9 11 -11 12 14 -14 -1 16 -16 -18 23 20 -20 22 -22 24 27 26 -25 28 -7 -30
right_child=1 -3 -4 -5 -6 18 7 8 -10 10 -12 -13 13 -15 15 -17 17 -19 19 -21 21 -23 -24 25 -26 -27 -28 -29 29 -31
leaf_value=0.00020066028326019074 -0.0019248567913912606 1.8669555764858593e-05 -0.0011723195048557622 -0.00010290520173940089 0.0016279204362417102 -0.0017536964000545727 0.00065052378413083607 -0.0013002412734600185 0.0014127106294434006 -0.00084792845052042854 0.0020658181185999754 -0.0011333024417251949 0.00037950450709382696 -0.00051101970813038466 0.00015745586449979407 0.00053873604917746652 -0.0026451140909309842 -0.00064676119465012331 -0.0009373043512170547 7.7680511492347895e-05 6.5013749777710373e-05 0.00068839833011308151 -0.0016209494450962246 -0.00035873388691428439 -0.0010523501971547223 -0.00092512446548304668 0.00012763071458173994 -0.0012610950200557967 0.00035351134792898704 -0.00086815088726059598
leaf_weight=16321 973 6828 2161 4465 777 1455 1151 3296 709 1116 4028 1565 19653 2700 4539 3368 734 7874 6093 145475 4362 1962 2204 3823 3888 6166 27582 1735 7545 1496
leaf_count=16321 973 6828 2161 4465 777 1455 1151 3296 709 1116 4028 1565 19653 2700 4539 3368 734 7874 6093 145475 4362 1962 2204 3823 3888 6166 27582 1735 7545 1496
internal_value=-9.59284e-05 -0.00194985 -0.00376528 -0.00209251 -8.87699e-07 -2.35001e-05 0.000721699 -0.00472319 -0.00755915 0.00117594 0.0056655 0.000768092 0.00103534 0.00285516 -0.000203982 -0.00202421 -0.00362925 -0.00628916 -0.000257255 0.000147402 -0.00337298 0.000386507 -0.00258516 -0.00146369 -0.00385951 -0.00043506 0.00049817 -0.00198105 -0.000637731 0.00101094
internal_weight=296044 14427 7599 5438 281617 280840 67054 5156 4005 61898 5144 56754 55189 22353 32836 16515 13147 8608 213786 160096 14621 8528 6566 53690 16119 37571 31405 12231 10496 9041
internal_count=296044 14427 7599 5438 281617 280840 67054 5156 4005 61898 5144 56754 55189 22353 32836 16515 13147 8608 213786 160096 14621 8528 6566 53690 16119 37571 31405 12231 10496 9041
is_linear=0
shrinkage=0.05


Tree=173
num_leaves=31
num_cat=0
split_feature=12 18 65 27 63 55 63 55 75 19 36 54 61 64 15 10 65 37 70 8 54 65 65 64 74 46 74 43 6 18
split_gain=21.3495 42.2167 58.4058 45.4621 38.7077 40.2448 48.5334 37.8531 44.8337 42.6177 36.385 41.4036 38.5821 34.9986 45.9084 39.5666 33.4212 32.9305 31.9904 31.7 31.1963 51.1537 29.5534 28.4945 25.3684 28.1354 48.27 30.2379 27.6696 27.8439
threshold=-0.054746229201555245 -0.1304582208395004 -0.14181646704673764 1.8268014788627627 -0.053849041461944573 1.0000000180025095e-35 -0.097057640552520738 1.5000000000000002 0.24909938871860507 -0.028364616446197029 20.019629478454593 2.1966687440872197 -0.086366593837738023 0.017230749130249027 0.16986232250928882 0.86904487013816845 -0.4022561907768249 -0.72391116619110096 0.01005744654685259 -0.6149575114250182 5.4576687812805185 0.20827740430831912 -0.039955198764801018 -0.0056667327880859366 0.31395192444324499 13.500000000000002 0.12686897814273837 0.45150583982467657 -0.17011816799640653 -0.16769514977931974
decision_type=8 10 8 8 10 2 10 2 10 10 2 2 10 10 10 10 10 10 10 8 2 8 10 8 10 10 8 10 10 10
left_child=1 3 4 10 5 6 16 8 -4 -9 12 -12 -1 15 -15 18 -3 -5 20 -2 21 22 -10 -22 25 27 -27 -13 -26 -30
right_child=19 2 7 17 -6 -7 -8 9 13 -11 11 24 -14 14 -16 -17 -18 -19 -20 -21 23 -23 -24 -25 28 26 -28 -29 29 -31
leaf_value=-0.0020598708593327253 -0.0015779338202301541 0.0012900354151337366 -0.00075975870986281786 0.00028372728340724521 -0.00099139911817941614 0.0009136976141948304 0.00057389682175137361 0.00026452729797149245 0.00016809413952238104 -0.0018287130659095528 -0.00037119704037455952 -0.0010120986576494957 0.00020853334212753047 -0.0006950878140605625 0.001033577709298994 -0.0005417287974879677 -0.0012108723155115481 -0.0029225089557652281 -0.00039508792302549324 -2.5442954850508209e-05 0.0017859817817810837 -0.00090146580863776889 0.0028024166235287077 0.0034471637550887871 0.0028142003924092524 0.0055455192933771182 0.00097850236884501076 0.00055645374118710317 -0.00043926955383465538 0.0015059362988010016
leaf_weight=742 931 544 2031 566 3857 544 1487 513 1303 510 2314 809 3457 3992 3029 2010 3084 661 1434 243947 1957 1626 2874 580 1343 674 3305 4465 576 744
leaf_count=742 931 544 2031 566 3857 544 1487 513 1303 510 2314 809 3457 3992 3029 2010 3084 661 1434 243947 1957 1626 2874 580 1343 674 3305 4465 576 744
internal_value=-5.15344e-05 0.000878705 -0.000259678 0.00269501 -0.00352719 -0.00089081 -0.00227317 0.00116375 0.00162621 -0.00818006 0.00331634 0.00452247 -0.000772155 0.00238905 -0.000405348 0.00405291 -0.00538758 -0.00658852 0.0053659 -0.000245418 0.0065509 0.00451574 0.00743969 0.01117 0.00571021 0.004464 0.00763349 0.00206283 0.0100075 0.00481203
internal_weight=295909 51031 31375 19656 9516 5659 5115 21859 20836 1023 18429 14230 4199 18805 7021 11784 3628 1227 9774 244878 8340 5803 4177 2537 11916 9253 3979 5274 2663 1320
internal_count=295909 51031 31375 19656 9516 5659 5115 21859 20836 1023 18429 14230 4199 18805 7021 11784 3628 1227 9774 244878 8340 5803 4177 2537 11916 9253 3979 5274 2663 1320
is_linear=0
shrinkage=0.05


Tree=174
num_leaves=31
num_cat=0
split_feature=2 22 18 55 65 19 43 18 13 65 55 44 28 75 66 48 11 65 68 40 11 72 72 34 13 57 71 11 68 53
split_gain=26.0707 42.8421 42.6488 45.8371 45.0119 50.7187 47.5192 32.5348 47.0179 41.5279 64.1221 60.0873 56.741 60.673 55.6522 54.891 38.4143 56.9735 72.3654 52.4503 42.6323 43.6662 38.8404 50.5464 38.229 37.6169 40.3481 32.4668 45.1396 43.0698
threshold=0.011782255023717882 0.40855842828750616 -0.18668036907911298 1.5000000000000002 -0.27235966920852656 -0.086491357535123811 0.81936541199684154 -0.10515134781599043 -0.39304573833942408 -0.2619663774967193 1.5000000000000002 -5.4999999999999991 0.41580501198768621 0.24909938871860507 -0.23142474889755246 0.029008936136960987 -0.15377321094274518 -0.062852263450622545 -0.0010542718227952717 0.010427972767502071 -0.40822523832321161 0.64146658778190624 0.3978875875473023 0.15116693079471591 -0.05174658074975013 0.31030966341495519 -0.0082676317542791349 -0.27776195108890528 -0.08852479979395865 0.074175827205181136
decision_type=8 8 8 2 8 10 10 10 8 8 2 2 10 10 10 2 8 10 10 10 10 10 10 10 10 2 10 8 10 10
left_child=1 7 3 4 5 -2 -6 8 -1 10 12 14 15 -14 -11 -9 17 20 22 -20 -13 -22 -19 -24 -21 26 -10 28 -27 -29
right_child=2 -3 -4 -5 6 -7 -8 9 25 11 -12 16 13 -15 -16 -17 -18 18 19 24 21 -23 23 -25 -26 27 -28 29 -30 -31
leaf_value=-0.0030146654073204635 0.00064966194891915544 0.00017569483439759255 -3.8419689498206054e-05 -0.0015969628229987383 -0.00010892457454634297 -0.0022966587094018242 -0.0011680824471611208 -0.0013812442614777227 0.00041539630343301196 -7.2796349270104387e-05 0.00069820650317635327 -0.00069772054641497564 0.00078650842296169941 -0.0007563526311292712 0.0010415367445494865 -0.00054578062627050447 -2.0539584643559613e-05 -0.0016818091958816902 0.00071979956418006001 0.0004946744188379981 0.00032408315751136221 -0.0002800000591653249 0.00079183829131666481 -0.0013727819192907486 -0.0007019232804783244 0.0018928567228441988 -0.00027469118441092515 -0.00032455606464335267 0.00012763221857009432 0.0014375316576658713
leaf_weight=678 3157 61839 87524 611 4785 563 5488 2513 22394 4017 708 2802 884 2144 4170 3339 44098 2489 504 1298 4738 2750 647 868 3282 766 4049 15781 5039 1230
leaf_count=678 3157 61839 87524 611 4785 563 5488 2513 22394 4017 708 2802 884 2144 4170 3339 44098 2489 504 1298 4738 2750 647 868 3282 766 4049 15781 5039 1230
internal_value=-6.28462e-05 0.000278962 -0.000708845 -0.00320925 -0.0026173 0.00209115 -0.00432267 -0.000232473 0.000771818 -0.000849731 -0.00393832 -0.000436008 -0.00509561 0.000460829 0.00359278 -0.00796656 -0.000956116 -0.00281102 -0.00569356 -0.00172752 -0.000262136 0.00170712 -0.0107125 -0.00436066 -0.00342048 0.000952932 0.00223604 -0.000534478 0.00269132 -0.00163621
internal_weight=295155 193027 102128 14604 13993 3720 10273 131188 49937 81251 9588 71663 8880 3028 8187 5852 63476 19378 9088 5084 10290 7488 4004 1515 4580 49259 26443 22816 5805 17011
internal_count=295155 193027 102128 14604 13993 3720 10273 131188 49937 81251 9588 71663 8880 3028 8187 5852 63476 19378 9088 5084 10290 7488 4004 1515 4580 49259 26443 22816 5805 17011
is_linear=0
shrinkage=0.05


Tree=175
num_leaves=31
num_cat=0
split_feature=42 60 71 33 19 65 72 40 31 63 63 60 42 61 65 41 60 55 41 70 33 36 59 36 53 68 64 55 34 68
split_gain=22.1734 57.2195 36.3323 42.2597 55.128 47.6234 46.1012 23.3001 61.0986 35.6661 66.0546 45.5919 43.6796 33.8312 30.5284 34.9702 29.2621 28.7923 27.9717 27.8777 44.4199 51.099 40.6022 58.89 52.0366 47.1404 40.2534 83.0498 81.6468 51.3207
threshold=0.010260917712002994 -0.1808735057711601 -0.22643050551414487 0.12230844795703889 -0.065499711781740175 0.062896966934204115 0.67784637212753307 0.013236168771982195 0.83335646986961376 -0.11399528384208678 -0.064906626939773546 -0.11597623303532599 0.020490725524723533 -0.024272143840789791 -0.11778020858764647 0.012617341708391907 0.074721541255712523 1.0000000180025095e-35 0.010032723192125561 -0.056596970185637467 2.1466172933578496 53.762384414672859 -0.08991703018546103 20.51070594787598 1.0000000180025095e-35 0.10003460943698884 0.14958441257476809 1.0000000180025095e-35 0.032287612557411201 -0.016988423652946946
decision_type=8 8 10 10 8 10 10 8 8 10 10 10 10 10 8 10 10 2 10 8 10 2 10 2 10 10 10 2 10 10
left_child=1 -1 -3 4 -4 -6 -5 8 9 13 11 -11 -12 -2 -14 -16 -17 -13 -10 20 22 -22 23 -9 26 -26 29 28 -28 -24
right_child=7 2 3 6 5 -7 -8 19 18 10 12 17 14 -15 15 16 -18 -19 -20 -21 21 -23 24 -25 25 -27 27 -29 -30 -31
leaf_value=-0.00092960164867800796 -4.5325304608380068e-05 0.0017241708592398695 0.0006922286259006781 0.00043374895374984106 -0.0017588126682974367 0.00018749784672440428 0.0016993291666709686 -0.00068362195078352367 -0.0017518666193734268 -4.2199884331881737e-05 0.00023314243066043517 -0.00032915609397313542 0.00033409916387452878 0.0010107775510504291 0.00022749036401556387 -0.0013639825286582445 7.0026495404564305e-05 -0.00076302491448043035 -0.00020321277863993189 -3.3378495252795599e-05 -0.0012752943261428104 0.00085186375724213143 -8.6157511414870774e-05 0.0018332160999729244 0.00068335645329303536 0.0029563032095917836 -0.0041122493266755314 0.00037240415227756882 -0.00064088383348197785 0.00045715799342010396
leaf_weight=826 683 689 1458 1760 851 592 681 1713 735 2335 5710 1259 692 692 695 1376 502 1745 570 204033 4117 1774 23809 5483 4979 677 503 1933 4294 18486
leaf_count=826 683 689 1458 1760 851 592 681 1713 735 2335 5710 1259 692 692 695 1376 502 1745 570 204033 4117 1774 23809 5483 4979 677 503 1933 4294 18486
internal_value=9.8085e-06 0.00281782 0.00451084 0.00310164 -0.000979045 -0.00788025 0.00793554 -5.69588e-05 -0.00185251 -0.000984139 -0.00172438 -0.00612264 0.000895938 0.0066787 -0.00370992 -0.0062137 -0.00974576 -0.0101858 -0.0122053 5.53694e-05 0.000933931 -0.00321132 0.00132904 0.00485706 0.000863945 0.00540064 0.000339553 -0.00324926 -0.00677138 0.00091124
internal_weight=295652 6857 6031 5342 2901 1443 2441 288795 16994 15689 14314 5339 8975 1375 3265 2573 1878 3004 1305 271801 67768 5891 61877 7196 54681 5656 49025 6730 4797 42295
internal_count=295652 6857 6031 5342 2901 1443 2441 288795 16994 15689 14314 5339 8975 1375 3265 2573 1878 3004 1305 271801 67768 5891 61877 7196 54681 5656 49025 6730 4797 42295
is_linear=0
shrinkage=0.05


Tree=176
num_leaves=31
num_cat=0
split_feature=12 20 62 70 54 10 37 62 61 24 67 65 69 70 54 17 13 72 36 39 61 54 60 11 60 44 52 65 70 54
split_gain=22.6182 44.2844 67.1119 54.9468 39.8842 56.3305 43.4828 61.2477 36.5808 57.8494 30.1538 57.0191 42.6011 28.9499 30.4231 29.7625 27.2189 26.8977 29.187 37.9049 30.3825 39.0868 52.8411 44.1104 39.1328 38.0617 32.3269 34.8344 28.3233 28.1617
threshold=-0.070893071591854082 -0.15210186690092084 -0.15612572431564328 0.18822725862264636 5.9509029388427743 0.58430409431457531 -0.34644882380962366 -0.086670309305191026 -0.053647339344024651 3.1800796985626225 0.058803495019674308 -0.2355164289474487 0.014021235983818771 -0.18664924055337903 6.9252417087554941 -0.0464729256927967 -0.082597859203815446 0.96176275610923778 25.705724716186527 0.082309298217296614 -0.037361353635787957 4.2486379146575937 -0.068488106131553636 -0.47829084098339075 -0.015947039239108559 -3.4999999999999996 10.500000000000002 -0.2715532779693603 -0.066684946417808519 2.541208148002625
decision_type=8 10 8 10 2 10 8 10 10 8 8 8 10 8 2 10 10 10 2 8 10 2 10 10 10 2 10 10 10 2
left_child=17 4 3 -3 6 10 7 -2 -8 16 -6 -12 -13 14 15 -4 -10 18 19 29 21 23 25 -20 -24 28 27 -25 -23 -1
right_child=1 2 13 -5 5 -7 8 -9 9 -11 11 12 -14 -15 -16 -17 -18 -19 20 -21 -22 22 24 26 -26 -27 -28 -29 -30 -31
leaf_value=0.001217399039776293 0.00042417563525763626 -0.00035579464588614789 0.00063626786166252273 -0.0047260908342507827 0.0013592609126877179 -0.003490465137806978 0.0010698539921372961 -0.0010600246943231106 0.0013970163842482357 -0.0059631297810624276 -0.002096413588233956 -0.0017863407093936289 8.2548817822272194e-05 1.2572832426838155e-07 -0.00044972109859535376 0.0020858905540394666 -0.00019609906931631477 -0.0012738483338907841 -0.00059398814510509899 -0.0014680425775909702 8.0441366229781416e-05 0.0018643071470303843 -0.0017083866798517423 0.0040870326561827019 0.00072218226484900864 0.0022103346936772571 -0.00083931259899285406 0.00072989672243776484 -0.00052727169555854951 -0.00013816254236626304
leaf_weight=1803 2585 1113 1127 607 586 567 2916 5416 1140 520 981 1090 2816 224431 576 597 12568 1434 3091 2895 11290 715 563 880 794 3772 630 2143 765 5352
leaf_count=1803 2585 1113 1127 607 586 567 2916 5416 1140 520 981 1090 2816 224431 576 597 12568 1434 3091 2895 11290 715 563 880 794 3772 630 2143 765 5352
internal_value=-9.416e-05 -0.000257273 -1.59765e-05 -0.00982659 -0.00202436 -0.00566942 -0.00114689 -0.00418799 0.000273989 -0.00077258 -0.00409447 -0.00538085 -0.00265577 5.88778e-05 0.00562771 0.00893887 -0.000145794 0.00107784 0.00135579 -0.000914513 0.00228167 0.00389508 0.00662487 0.0012141 -0.00215801 0.00889396 0.00492765 0.00707221 0.00208054 0.00103978
internal_weight=295763 259636 228451 1720 31185 6040 25145 8001 17144 14228 5473 4887 3906 226731 2300 1724 13708 36127 34693 10050 24643 13353 6609 6744 1357 5252 3653 3023 1480 7155
internal_count=295763 259636 228451 1720 31185 6040 25145 8001 17144 14228 5473 4887 3906 226731 2300 1724 13708 36127 34693 10050 24643 13353 6609 6744 1357 5252 3653 3023 1480 7155
is_linear=0
shrinkage=0.05


Tree=177
num_leaves=31
num_cat=0
split_feature=33 58 54 31 11 11 66 16 14 9 54 54 74 54 38 74 54 27 54 60 33 42 11 30 55 54 54 66 60 11
split_gain=23.9843 84.512 86.0369 60.92 75.7809 47.7186 57.9004 46.0752 44.9867 39.9816 46.4675 67.211 26.9193 31.7544 49.3167 45.9857 50.2731 35.3593 33.521 29.1791 29.0746 37.2947 25.7616 24.2724 161.427 161.048 78.5862 74.1136 82.3797 70.4942
threshold=2.494868397712708 0.81265348196029674 4.3066966533660898 0.23077145218849185 2.7088773250579838 0.19116283953189853 -0.16170568019151685 -0.082302793860435472 -0.025154833681881424 0.61604487895965587 3.6536407470703129 6.1439495086669931 0.065126169472932829 4.635068655014039 0.43672372400760656 0.28505074977874761 5.3987958431243905 1.3450663685798647 3.6761741638183598 0.0052413668017834434 2.9166859388351445 0.071005541831254973 0.95540025830268871 0.62326648831367504 1.5000000000000002 10.165822982788088 10.430809020996096 -0.32551202178001398 0.039571855217218406 1.354353189468384
decision_type=10 2 2 10 8 8 10 10 10 8 2 2 10 2 10 10 2 10 2 10 10 10 10 10 2 2 2 10 8 8
left_child=23 3 -3 4 -2 6 -5 -7 9 10 -9 -12 -10 14 18 -15 17 -17 -14 -16 -18 22 -22 26 25 29 -1 -28 -29 -25
right_child=1 2 -4 5 -6 7 -8 8 12 -11 11 -13 13 15 19 16 20 -19 -20 -21 21 -23 -24 24 -26 -27 27 28 -30 -31
leaf_value=-3.6236561830891181e-05 -0.00096019594438353855 0.015451109677896896 -0.0019982068117753659 -8.976323758496906e-05 -0.0072109959157926236 0.0021120417571660276 0.003649877608547244 -0.0045671061899421926 0.0034973275266392068 -0.00041020240911330278 0.00092057042488764081 -0.002629462496595637 -0.0011900317796152242 -0.0042172833417786033 -0.0017680611170831752 0.0039735040127985045 -0.001816255614829529 -0.00034959629453685615 -0.0043078366289219187 0.00019849975704280058 0.0012404164763210738 -0.0006061224812615849 -0.00030559455075552773 -3.841448952341827e-05 -0.001144859633560249 -0.002200475638523772 0.0014258674842675034 -0.00084664284029801963 0.00078949243069933019 0.00059442176320889835
leaf_weight=211482 984 657 525 876 574 656 533 562 660 1161 578 525 733 500 2008 1094 945 581 619 2839 1067 2144 507 26292 2816 540 681 543 516 32096
leaf_count=211482 984 657 525 876 574 656 533 562 660 1161 578 525 733 500 2008 1094 945 581 619 2839 1067 2144 507 26292 2816 540 681 543 516 32096
internal_value=-8.16729e-05 -0.0016965 0.0112416 -0.00246081 -0.011926 -0.00166147 0.00715292 -0.00238816 -0.00290631 -0.00863893 -0.0135821 -0.00750225 -0.0017181 -0.0022189 -0.00480754 0.000131425 0.00129175 0.00869436 -0.0132159 -0.00243978 -0.00138027 0.000616953 0.00643939 4.36402e-05 0.00091654 0.00147613 -0.000209162 0.0103429 0.00201123 0.00172951
internal_weight=296294 21328 1182 20146 1558 18588 1409 17179 16523 2826 1665 1103 13697 13037 6199 6838 6338 1675 1352 4847 4663 3718 1574 274966 61744 58928 213222 1740 1059 58388
internal_count=296294 21328 1182 20146 1558 18588 1409 17179 16523 2826 1665 1103 13697 13037 6199 6838 6338 1675 1352 4847 4663 3718 1574 274966 61744 58928 213222 1740 1059 58388
is_linear=0
shrinkage=0.05


Tree=178
num_leaves=31
num_cat=0
split_feature=39 65 13 40 72 59 74 25 67 40 8 55 69 65 17 65 55 38 69 60 61 65 42 55 30 11 69 30 68 60
split_gain=17.4237 62.2883 65.3712 34.4091 38.4479 26.8152 25.6723 25.0577 24.6618 20.1581 71.1526 63.2784 160.011 94.8457 67.0291 65.8441 60.4929 151.239 64.6335 87.2289 69.8445 59.2028 111.827 103.048 143.792 117.696 69.1787 67.6654 57.4432 68.5178
threshold=0.15814460068941119 0.13133955001831057 -0.2341399937868118 0.3416112512350083 0.80344974994659435 -0.27312894165515894 0.80807873606681835 0.14174298942089084 0.19585347920656207 0.040854826569557197 0.52405497431755077 1.5000000000000002 0.014747577719390394 -0.208462119102478 -0.0598359927535057 -0.24302074313163755 1.5000000000000002 0.60829800367355358 0.035765979439020164 -0.07660487666726111 -0.021823763847351071 -0.29600858688354487 0.030775805935263637 1.0000000180025095e-35 0.11461599543690683 -0.11077355220913886 0.030972667038440708 1.0081557035446169 -0.0010542718227952717 -0.12122258543968199
decision_type=8 8 10 10 10 8 10 10 10 8 10 2 10 10 10 8 2 10 10 10 8 10 10 2 10 10 10 8 10 10
left_child=5 2 -2 4 6 7 -3 -1 -4 10 11 21 15 14 -14 -13 -11 18 19 -18 -21 23 28 25 -25 27 -24 -7 29 -23
right_child=1 3 8 -5 -6 9 -8 -9 -10 16 -12 12 13 -15 -16 -17 17 -19 -20 20 -22 22 26 24 -26 -27 -28 -29 -30 -31
leaf_value=0.00022446709090267157 -0.0061878832843530176 -0.00043311474791209452 0.00019469129718752891 0.0056215969799441635 0.0018075530329778684 -0.00031155860071168837 -0.0019241060399513218 -0.0023568276960835781 -0.0021247677958840202 0.00011145998021120236 0.0021806014186185893 0.00053269229492514147 0.00037275418884414853 0.00020213212573989543 0.0012399966165862323 -0.00056969257321191923 0.0009297822926733918 -0.0026790867020643192 -0.0010317308396289586 -0.0013860341551975804 0.00012167686292284706 0.00024243530037059598 -0.00029177978692050531 -0.0014983154272106272 0.00046576141849378788 -0.0022819841466773837 0.0005382130088837214 0.0010456331017998249 0.00035480173299511574 -0.00015659237502660961
leaf_weight=500 582 8732 1337 769 2691 6594 518 614 2100 137253 1125 565 852 3789 1525 3253 1568 1061 744 753 1958 11149 54122 3146 1001 1624 3466 3226 18179 21511
leaf_count=500 582 8732 1337 769 2691 6594 518 614 2100 137253 1125 565 852 3789 1525 3253 1568 1061 744 753 1958 11149 54122 3146 1001 1624 3466 3226 18179 21511
internal_value=-0.000126722 -0.00169365 -0.00711095 2.35849e-05 -0.000640114 -3.29056e-05 -0.00217063 -0.00774021 -0.00445315 -1.7955e-06 -0.000439924 -0.000545474 0.00328197 0.00825777 0.0160662 -0.00475444 0.00041124 -0.00446341 -0.000824558 0.00155048 -0.00387725 -0.000853839 -0.000439426 -0.00373374 -0.0104763 -0.00128339 -0.00194798 0.000783316 0.00126944 1.53046e-05
internal_weight=296307 16729 4019 12710 11941 279578 9250 1114 3437 278464 135127 134002 9984 6166 2377 3818 143337 6084 5023 4279 2711 124018 108427 15591 4147 11444 57588 9820 50839 32660
internal_count=296307 16729 4019 12710 11941 279578 9250 1114 3437 278464 135127 134002 9984 6166 2377 3818 143337 6084 5023 4279 2711 124018 108427 15591 4147 11444 57588 9820 50839 32660
is_linear=0
shrinkage=0.05


Tree=179
num_leaves=31
num_cat=0
split_feature=70 54 60 29 38 54 41 40 8 42 69 10 38 33 69 42 65 36 10 14 11 75 65 54 27 11 8 69 69 0
split_gain=20.8864 38.1982 65.3353 101.402 74.5091 80.5998 67.1962 72.2626 63.1551 56.5076 53.8935 66.8913 55.5202 50.8078 49.9818 49.0571 48.1751 44.515 42.9112 63.0374 43.1625 43.9742 56.6074 41.672 48.5719 40.0679 39.5234 38.3113 35.3652 33.998
threshold=-0.059028981253504746 4.0413832664489755 -0.073047067970037446 -0.7167513072490691 0.036045929417014129 6.6270420551300058 0.05773757956922055 0.1479558274149895 -0.39610430598258967 0.28768539428710943 0.011905697174370291 -0.32385951280593867 0.69127631187438976 0.51050108671188366 0.01977186277508736 0.070534832775592818 0.37272679805755621 14.060728549957277 0.54605069756507885 -0.10129452496767043 -0.081804372370243059 0.86363694071769725 0.13133955001831057 4.5539820194244394 0.089633364230394377 -0.5201379358768462 -0.007106499280780553 0.017343870364129547 0.010590258054435255 -0.065859291702508913
decision_type=8 2 10 8 10 2 8 10 10 10 10 8 10 8 10 10 10 2 10 10 8 10 10 2 8 10 8 10 10 10
left_child=1 8 4 -4 -3 13 15 -8 9 -1 17 14 -13 29 -12 -7 18 -10 20 -20 -5 22 28 -15 -25 -16 -24 -14 -22 -6
right_child=-2 2 3 16 5 6 7 -9 10 -11 11 12 27 23 25 -17 -18 -19 19 -21 21 -23 26 24 -26 -27 -28 -29 -30 -31
leaf_value=-3.1220591723243181e-05 -2.9984438284839932e-05 -0.0018004022080032257 -0.00478961618641475 -0.00046379692344533749 0.000898942607762825 0.0009794054986678308 -0.00048274097469190851 0.0055475628792039759 0.0059511509660185495 -0.0025242543069315445 0.00039273684248129911 -0.00025896762763310269 0.0075899157463017236 -0.00059125195903512388 0.00024820655050151775 0.0058854135650600655 0.0010653059804525626 0.0017799232602318197 -0.0034400148434010572 -0.00089594419113153017 -0.00067528497368992725 -0.0012372016138371502 -0.0015124857041719988 0.00195152036164395 0.00051281145140837092 0.0032055728059256286 -3.1761308860658867e-05 0.00087149050652071962 0.00083457261980007943 -0.00062320183821333499
leaf_weight=6463 226497 599 503 6350 903 2232 1938 703 791 1128 2283 10469 658 1639 518 694 626 4040 543 1886 904 977 671 986 3851 1482 2687 3558 4451 4456
leaf_count=6463 226497 599 503 6350 903 2232 1938 703 791 1128 2283 10469 658 1639 518 694 626 4040 543 1886 904 977 671 986 3851 1482 2687 3558 4451 4456
internal_value=-2.03048e-05 0.000741315 -0.000333697 -0.00233068 0.00184054 0.00244085 0.00739645 0.00160317 0.00202866 -0.00194053 0.00329497 0.0020919 0.00048656 0.00010553 0.00758211 0.0126022 -0.00174038 0.00800454 -0.00220521 -0.00838458 -0.0012648 0.000835052 0.00196607 0.00308356 0.00541572 0.0133333 -0.00311758 0.00532418 0.00515377 -0.00349227
internal_weight=295486 68989 37599 19598 18001 17402 5567 2641 31390 7591 23799 18968 14685 11835 4283 2926 19095 4831 18469 2429 16040 9690 8713 6476 4837 2000 3358 4216 5355 5359
internal_count=295486 68989 37599 19598 18001 17402 5567 2641 31390 7591 23799 18968 14685 11835 4283 2926 19095 4831 18469 2429 16040 9690 8713 6476 4837 2000 3358 4216 5355 5359
is_linear=0
shrinkage=0.05


Tree=180
num_leaves=31
num_cat=0
split_feature=42 68 65 69 66 54 32 69 61 54 42 68 11 33 54 53 65 66 54 42 55 54 0 11 54 66 15 69 66 30
split_gain=20.9066 83.6989 46.6074 88.1481 29.642 51.5291 21.7941 45.3918 27.6361 24.3776 25.7818 34.4223 26.2053 22.7943 92.9904 160.57 163.351 108.316 106.55 95.8242 155.252 114.058 93.0592 87.9679 81.3753 78.4937 108.647 76.2022 73.3106 66.1772
threshold=0.0082749989815056341 -0.092194847762584672 0.11770951747894288 0.0204625902697444 -0.31818009912967676 6.7329792976379403 -0.054682459682226174 0.013572620227932932 0.031404793262481696 6.8586175441741952 0.033571520820260055 0.081502050161361708 1.6219522356987002 0.17486026138067248 4.5315775871276864 1.0000000180025095e-35 -0.2715532779693603 -0.38742892444133753 6.9252417087554941 0.018019737675786022 1.0000000180025095e-35 7.0390028953552255 -0.064037378877401338 -0.57997643947601307 10.165822982788088 -0.066366668790578828 -0.073813095688819871 0.0071155172772705564 -0.10603393614292143 0.47369885444641119
decision_type=8 8 8 10 10 2 10 10 10 2 10 10 8 10 2 8 8 8 2 10 2 2 10 10 2 10 8 8 10 10
left_child=1 -1 3 4 -3 -6 13 8 -8 10 11 -9 -12 14 15 16 23 18 22 20 28 -22 -16 -2 -15 26 -23 -21 -19 -26
right_child=6 2 -4 -5 5 -7 7 9 -10 -11 12 -13 -14 24 17 -17 -18 19 -20 27 21 25 -24 -25 29 -27 -28 -29 -30 -31
leaf_value=-0.00097881378240409662 -0.0016050767777058825 0.0012996362771982859 0.0015183702753620513 -0.0015129339840672239 0.0018780311940149914 -0.00066562761896271367 -0.0024750878128210673 -0.00022743756038619105 0.00027169426317962724 -0.00083983419801510065 -0.00064117068868513663 0.0017221894732099667 0.0011152166722921142 5.2720109162739466e-05 0.00096591248332555046 0.00066096158485693497 -0.00075199918308542762 0.00063974949642542811 0.00021849083161114836 -0.0027001678988717911 -0.00010455683086089268 -0.00022716090189686894 -0.0012673169167004127 0.0010272571329333477 8.6521397153481103e-05 0.00014872833970827894 -0.0022075714743677094 0.00021618590036182294 -0.00086928811544984561 -0.0018257248861443351
leaf_weight=803 747 1021 898 509 838 545 1843 545 534 1033 2805 524 1457 166066 587 8818 32998 4996 2067 558 2604 714 2992 3986 531 507 1644 51350 1027 699
leaf_count=803 747 1021 898 509 838 545 1843 545 534 1033 2805 524 1457 166066 587 8818 32998 4996 2067 558 2604 714 2992 3986 531 507 1644 51350 1027 699
internal_value=-0.000135018 0.00320069 0.00629416 0.00319877 0.00720795 0.00240488 -0.000187902 -0.00264541 -0.00852535 -0.000439285 0.000926793 0.00783133 -0.000819288 -0.000111877 -0.000651788 -0.0023787 -0.00379826 0.000512627 -0.0061174 0.00110393 -0.00302556 -0.00911663 -0.0113263 0.00488088 0.000261198 -0.0159826 -0.0198057 0.00201857 0.00251119 -0.0125
internal_weight=296246 4614 3811 2913 2404 1383 291632 8741 2377 6364 5331 1069 4262 282891 115595 46549 37731 69046 5646 63400 11492 5469 3579 4733 167296 2865 2358 51908 6023 1230
internal_count=296246 4614 3811 2913 2404 1383 291632 8741 2377 6364 5331 1069 4262 282891 115595 46549 37731 69046 5646 63400 11492 5469 3579 4733 167296 2865 2358 51908 6023 1230
is_linear=0
shrinkage=0.05


Tree=181
num_leaves=31
num_cat=0
split_feature=10 58 18 74 66 34 66 23 15 74 28 26 18 15 38 33 40 40 10 9 75 69 17 69 9 27 4 28 40 6
split_gain=21.1423 42.1269 33.5467 26.1588 39.4542 25.6615 39.9706 27.5793 23.4629 22.4197 49.6232 77.675 41.0139 29.6013 28.9463 25.7355 33.7363 24.8673 24.6484 36.9426 35.791 31.0204 27.1053 30.5384 22.6672 17.8241 21.9692 19.0929 17.7786 25.6927
threshold=-0.74914720654487599 0.39115113019943243 -0.50952851772308339 0.016446080990135673 -0.047270903363823884 0.088092047721147551 -0.19724775850772855 -0.18473744392395017 -0.36992660164833063 0.045211680233478553 0.3831289410591126 -0.32663075625896448 -0.30221128463745112 -0.36992660164833063 0.367224931716919 1.4125198721885683 0.14036612212657931 0.041488066315650947 -0.47662180662155146 -0.35647101700305933 0.51456737518310558 0.030279238708317283 -0.17569740861654279 0.019463088363409046 -0.57926192879676808 0.75047338008880626 0.059714360162615783 0.1594483479857445 0.20038208365440371 -0.23289623856544492
decision_type=8 2 8 8 10 8 10 10 10 8 10 10 8 10 10 8 10 10 8 10 10 10 10 10 8 10 10 10 10 8
left_child=1 -1 -2 4 5 7 -7 8 -4 10 11 13 14 17 -11 25 -17 -5 19 20 -14 -21 -22 -24 -19 26 27 -16 29 -20
right_child=2 -3 3 9 -6 6 -8 -9 -10 12 -12 -13 18 -15 15 16 -18 24 28 21 22 -23 23 -25 -26 -27 -28 -29 -30 -31
leaf_value=0.0047752933557750222 -0.0018260774965646695 -0.00055916732480444057 -0.00054881161776491741 0.0028609353820202993 -0.0035512261368550835 0.0029479366673212676 -0.0015718524227872116 0.00024418244603254766 -0.0034968489825969555 -0.0015145560542955806 0.0050103199664394311 -0.0014877061885993966 7.4648337492383081e-06 0.00018791316287654521 -0.00034247094943671164 -0.0017314342709434272 -0.00045664822235330226 -0.0006030454443247728 -0.00036581578670452902 0.0001715001344591169 0.00029412403849921195 -0.0018198519823713706 0.00061271294112090187 0.0045648428764285091 0.0023847777351983677 0.00098134682724431896 -0.0012284315254934696 0.0013424098518173106 0.0007337493408361693 -6.2150765167627362e-06
leaf_weight=507 664 512 537 509 515 626 601 655 548 1170 829 1208 1647 3349 1286 609 974 554 15497 2613 741 592 682 1117 795 604 907 701 6065 248142
leaf_count=507 664 512 537 509 515 626 601 655 548 1170 829 1208 1647 3349 1286 609 974 554 15497 2613 741 592 682 1117 795 604 907 701 6065 248142
internal_value=-0.00010887 0.00704568 -0.000133844 -0.000108303 -0.00441008 -0.00216661 0.00335489 -0.00605714 -0.0109132 -5.66068e-05 0.00268817 0.00119066 -0.000126872 0.0038432 -0.00412873 -0.00248478 -0.00775267 0.00888651 -3.64481e-05 0.00281005 0.00589707 -0.00122862 0.00960784 0.0129077 0.00526122 -8.55188e-05 -0.00172176 0.00122684 -0.000114566 -0.000176181
internal_weight=295756 1019 294737 294073 3482 2967 1227 1740 1085 290591 7244 6415 283347 5207 6251 5081 1583 1858 277096 7392 4187 3205 2540 1799 1349 3498 2894 1987 269704 263639
internal_count=295756 1019 294737 294073 3482 2967 1227 1740 1085 290591 7244 6415 283347 5207 6251 5081 1583 1858 277096 7392 4187 3205 2540 1799 1349 3498 2894 1987 269704 263639
is_linear=0
shrinkage=0.05


Tree=182
num_leaves=31
num_cat=0
split_feature=23 48 45 54 52 53 52 18 75 54 37 33 54 53 65 11 75 65 65 54 54 55 55 60 42 15 65 54 65 57
split_gain=23.2676 21.4949 32.3237 26.2109 22.7187 24.2557 21.858 21.4804 18.4245 19.3013 18.2872 18.9157 87.5763 151.676 158.847 91.0756 88.2154 88.3125 116.895 125.044 107.482 97.108 165.464 253.896 116.858 103.857 103.858 91.157 178.032 88.5948
threshold=-0.75912743806838978 0.28987680375576025 16.500000000000004 6.5505802631378183 2.5000000000000004 0.27922078967094427 10.500000000000002 -0.022071969695389267 0.70557183027267467 3.9432309865951543 1.4014298319816592 0.17172849178314212 4.5315775871276864 0.074175827205181136 -0.2715532779693603 -0.57997643947601307 0.29373790323734289 0.063132941722869887 -0.13129255175590512 10.430809020996096 5.5123596191406259 1.5000000000000002 1.0000000180025095e-35 0.026157843880355362 0.038508368656039245 -0.017901211045682427 -0.29271113872528071 6.7329792976379403 -0.27426752448081965 0.41540586948394781
decision_type=8 2 8 2 8 10 8 10 8 2 10 10 2 8 8 10 10 10 10 2 2 2 2 8 10 8 10 2 10 2
left_child=7 4 3 8 5 -2 -4 -1 9 -3 11 12 13 14 15 -6 17 18 19 21 -19 22 25 27 -25 26 -14 28 -24 -20
right_child=1 2 6 -5 10 -7 -8 -9 -10 -11 -12 -13 16 -15 -16 -17 -18 20 29 -21 -22 -23 23 24 -26 -27 -28 -29 -30 -31
leaf_value=-0.00014619609645522282 0.00033692252086305334 -0.00063184301072771352 -0.0010838035783775749 0.0025944896884185554 -0.0019427109618075575 0.0035451811331730291 -0.0039837225494031734 0.0078395880459720384 -0.0011380371365763752 0.0028679488848447807 -0.00062414116325788674 4.1530661984979376e-05 -0.0011702501558964208 0.0011194181242735989 -0.00066944742680703231 0.0010127286953730788 0.00035563288162501408 -0.0011692279158782911 -0.00019397085435029633 0.0018237558393131696 0.00032695090503290279 0.00070396458069131172 -0.0014963326846930208 -0.0031087194758903629 0.00023478871327775949 0.0012053980749387521 0.00021095486291840184 0.00015688933170797013 2.2680883512780916e-06 -0.00123214608676408
leaf_weight=501 1298 736 1321 678 686 614 562 625 3556 515 3199 170113 2728 5700 32666 4146 25550 1145 3697 595 9818 1819 1072 2194 528 5589 4452 4120 2128 3309
leaf_count=501 1298 736 1321 678 686 614 562 625 3556 515 3199 170113 2728 5700 32666 4146 25550 1145 3697 595 9818 1819 1072 2194 528 5589 4452 4120 2128 3309
internal_value=-9.97734e-05 -0.000127315 -0.00279208 -0.000846224 -5.88489e-05 0.005359 -0.00842578 0.00704225 -0.00214864 0.00305313 -9.53503e-05 -5.26474e-05 -0.000557382 -0.00232133 -0.00347659 0.00497728 0.000551241 -0.000826312 -0.00214478 -0.000556766 0.00304839 -0.00110795 -0.00199597 -0.00679467 -0.0198023 0.00178026 -0.0021975 -0.00193724 -0.00825545 -0.00785348
internal_weight=295660 294534 7368 5485 287166 1912 1883 1126 4807 1251 285254 282055 111942 43198 37498 4832 68744 43194 32231 25225 10963 24630 22811 10042 2722 12769 7180 7320 3200 7006
internal_count=295660 294534 7368 5485 287166 1912 1883 1126 4807 1251 285254 282055 111942 43198 37498 4832 68744 43194 32231 25225 10963 24630 22811 10042 2722 12769 7180 7320 3200 7006
is_linear=0
shrinkage=0.05


Tree=183
num_leaves=31
num_cat=0
split_feature=9 60 11 16 54 58 19 54 54 32 24 54 58 19 75 69 69 19 65 54 67 41 54 54 23 33 17 30 54 55
split_gain=19.1959 42.7682 55.2994 38.6496 46.0846 54.4749 43.8301 37.409 34.4274 50.2722 35.7526 31.0643 30.789 30.4084 29.9645 27.3108 23.9115 23.603 64.7311 86.8967 63.6927 79.8195 63.4341 36.9955 39.1244 36.7225 31.8114 26.9208 133.814 83.4802
threshold=1.4957381486892702 -0.045014105737209313 2.9048008918762211 0.65187764167785656 5.5123596191406259 0.67158034443855297 0.24487241357564929 4.0944278240203866 3.8243932723999028 -0.32730250060558314 1.3119524121284487 5.3987958431243905 0.81265348196029674 0.36708171665668493 0.9656602442264558 0.017019351944327358 0.019192606210708622 0.34124785661697393 -0.053543180227279656 6.9252417087554941 0.12801153957843783 0.060301829129457481 2.9447020292282109 4.7252173423767099 -0.2732818722724914 3.019402384757996 0.053931441158056266 0.77205973863601696 10.165822982788088 1.5000000000000002
decision_type=10 10 8 10 2 2 10 2 2 10 10 2 2 10 10 10 10 10 10 2 10 10 2 2 10 10 10 10 2 2
left_child=3 2 -2 17 6 16 -5 -4 13 -10 11 -11 15 -3 -15 -8 -6 27 23 20 22 -22 -20 24 -19 26 -23 -1 29 -29
right_child=1 8 7 4 5 -7 12 -9 9 10 -12 -13 -14 14 -16 -17 -18 18 19 -21 21 25 -24 -25 -26 -27 -28 28 -30 -31
leaf_value=-4.0357772885606108e-05 -0.004162657620596498 -0.0019790304401820767 -0.0021500787821298506 -0.00034149438170534563 -0.00073634492733506973 -0.0043706396156612771 0.0082733251689047823 0.0011953915603540339 -0.0041323748925865796 0.0022967368100484152 -0.003875850640855453 -0.0010462511461738243 0.0096659466361878055 0.003766511567835282 -0.00020325485674556367 0.0012080239571073494 0.0022921453666233846 -0.0011791088095998805 0.020176924206289453 -0.0021617668154662187 0.0031318186603222255 -0.0021435677802211931 0.00094061034100354629 -4.175618850044e-05 -0.0063864982939678102 0.001279912111455809 5.5778902344756634e-05 0.00032588615828241696 -0.0020368564622079326 -0.00097300342649632031
leaf_weight=228453 692 567 768 1711 529 548 647 549 679 1240 568 1002 638 1129 740 2325 509 548 561 650 564 2049 954 534 665 712 983 41477 682 1946
leaf_count=228453 692 567 768 1711 529 548 647 549 679 1240 568 1002 638 1129 740 2325 509 548 561 650 564 2049 954 534 665 712 983 41477 682 1946
internal_value=-0.000181139 -0.00260574 -0.00889054 -0.000114183 0.00357814 -0.00388471 0.00580566 -0.00282592 -0.000463353 -0.0036439 -0.000673759 0.00217584 0.00892265 0.00408831 0.00715806 0.00674044 0.0028626 -0.000205137 -0.00284326 -0.000532161 0.00141437 -0.0016906 0.0101967 -0.0113546 -0.0161488 -0.00434204 -0.00673899 -0.000125473 0.00100533 0.00135266
internal_weight=295619 7934 2009 287685 6907 1586 5321 1317 5925 3489 2810 2242 3610 2436 1869 2972 1038 280778 8220 6473 5823 4308 1515 1747 1213 3744 3032 272558 44105 43423
internal_count=295619 7934 2009 287685 6907 1586 5321 1317 5925 3489 2810 2242 3610 2436 1869 2972 1038 280778 8220 6473 5823 4308 1515 1747 1213 3744 3032 272558 44105 43423
is_linear=0
shrinkage=0.05


Tree=184
num_leaves=31
num_cat=0
split_feature=42 59 54 66 74 54 69 54 69 18 11 40 11 72 68 39 41 40 66 55 69 54 19 11 46 18 8 11 19 74
split_gain=24.4758 70.1534 51.0854 65.3925 59.3924 73.4516 82.1382 95.4457 61.4415 55.4527 44.9961 42.9767 42.2183 58.9605 50.0561 42.1814 39.4542 45.0278 115.149 63.7383 92.5837 61.7607 102.471 54.3197 62.2621 54.5475 50.3682 51.3811 53.0001 103.456
threshold=0.023532641120254997 -0.08991703018546103 7.0390028953552255 -0.36953623592853541 0.4716267883777619 7.5177898406982431 0.01719234045594931 10.430809020996096 0.018919004127383236 -0.044561985880136483 -0.3711275160312652 0.010427972767502071 -0.14410905539989469 0.69369775056839 -0.00093133290647529055 0.044494181871414192 0.013924535829573871 0.030880054458975795 -0.1898790895938873 1.5000000000000002 0.014747577719390394 8.2665500640869158 -0.10497635602951048 -0.18846200406551358 14.500000000000002 -0.11157565191388129 0.38334763050079351 0.49772638082504278 -0.031373396515846246 0.65176042914390575
decision_type=8 10 2 8 8 2 10 2 10 10 10 10 8 8 10 10 8 8 10 2 10 2 8 8 10 10 10 10 10 10
left_child=1 -1 3 9 -4 10 12 8 -8 -3 -6 -10 14 -14 -7 -5 -2 18 19 26 -21 23 -23 24 25 -20 27 28 -18 -30
right_child=16 2 4 15 5 6 7 -9 11 -11 -12 -13 13 -15 -16 -17 17 -19 21 20 -22 22 -24 -25 -26 -27 -28 -29 29 -31
leaf_value=-0.00091987411314660558 0.00047418972461938644 -0.00085785872958728379 0.00061258761282905394 0.00043219649298381906 -0.0017046189768676195 -0.00027384989795516856 0.00072452256234054675 0.0015502232382183789 -0.00094774892482036774 0.00040798569212051501 -0.00040533088566705876 0.00016817723998799363 -0.0010522143340648091 8.5648771740974407e-05 0.00059671429208578224 -0.0013656131242493392 -0.00012891547083908892 2.465586457679435e-05 -0.00028526081715297849 -0.00018794959022284344 0.00076677264249163735 -0.0014108505403457761 0.00056386727284913479 -0.00045836231786995678 -0.0002072198633720145 -0.0021979650777245361 0.0020484877949715481 -0.0029504009924676122 -0.00035908343713484395 0.0010026113378847985
leaf_weight=1771 2150 1563 1468 22671 519 1207 1165 537 700 607 2012 1416 1457 762 612 557 25745 198737 719 1360 2129 587 2031 13547 1578 2201 510 675 2475 2569
leaf_count=1771 2150 1563 1468 22671 519 1207 1165 537 700 607 2012 1416 1457 762 612 557 25745 198737 719 1360 2129 587 2031 13547 1578 2201 510 675 2475 2569
internal_value=2.21249e-05 0.00118871 0.00165177 0.0029164 -0.00105773 -0.00239011 0 0.00525078 0.00202066 -0.00536697 -0.00977961 -0.00305738 -0.00496542 -0.00957829 0.000683434 0.00369223 -0.000155044 -0.000212066 -0.00146252 0.0002664 0.00667334 -0.00442848 0.00273973 -0.0054694 -0.0102263 -0.0145392 -0.000434592 -0.000689458 -0.000388 0.00429363
internal_weight=296037 39024 37253 25398 11855 10387 7856 3818 3281 2170 2531 2116 4038 2219 1819 23228 257013 254863 56126 35463 3489 20663 2618 18045 4498 2920 31974 31464 30789 5044
internal_count=296037 39024 37253 25398 11855 10387 7856 3818 3281 2170 2531 2116 4038 2219 1819 23228 257013 254863 56126 35463 3489 20663 2618 18045 4498 2920 31974 31464 30789 5044
is_linear=0
shrinkage=0.05


Tree=185
num_leaves=31
num_cat=0
split_feature=37 68 59 54 35 3 43 61 10 54 18 31 54 0 60 72 74 54 66 68 45 12 62 28 22 60 16 55 67 49
split_gain=18.8855 39.1963 55.2318 35.3152 25.4232 32.1356 44.8325 36.9061 34.0232 26.7254 25.1157 24.7311 26.5389 24.7336 23.7497 38.2742 23.4586 23.2327 31.4782 47.278 22.4924 21.3334 33.3537 36.6359 32.6778 42.5826 67.5047 74.515 114.193 94.1146
threshold=0.95739030838012706 -0.053409466519951813 -0.037672560662031167 4.9462389945983896 75.000846862792983 0.48215717077255255 0.75515058636665355 0.027512311935424808 0.1772696524858475 8.0361690521240252 -0.056695478036999696 0.33163154125213629 5.4808056354522714 0.034180216491222389 0.33592072129249578 0.53082612156867992 0.80807873606681835 4.5315775871276864 -0.25926597416400904 0.029207978397607807 4.5000000000000009 0.0078734713606536406 -0.065972566604614244 0.33495739102363592 0.42070840299129492 0.047396568581461913 0.51951822638511669 1.0000000180025095e-35 0.34265409409999853 0.0022754977690055971
decision_type=10 10 10 2 2 8 10 10 10 2 8 10 2 10 10 8 10 2 10 10 8 8 8 10 8 10 10 2 10 2
left_child=4 3 -3 -2 21 6 -6 8 17 11 16 13 -13 -9 15 -12 -4 -8 -19 -20 -7 24 -23 -24 25 -1 27 29 -29 -27
right_child=1 2 10 -5 5 20 7 9 -10 -11 14 12 -14 -15 -16 -17 -18 18 19 -21 -22 22 23 -25 -26 26 -28 28 -30 -31
leaf_value=1.813226967229964e-05 -0.00033420137949915758 -0.0031625147643764341 -0.0010756177191696837 0.0037623795276448668 0.00062607768611020397 3.2255134299338105e-05 -0.00020466503251745718 0.00026741874290026269 0.00050124171812842156 0.0015590583606291586 0.00076650477014049293 0.0017979961263577275 -6.9750880080158856e-05 -0.0014914333502433668 -0.0012928223015815554 -0.00022861935099265687 0.0006264433092779396 -3.917669303696147e-05 -0.0025760847936203007 -6.396158062191675e-05 -0.0024745562457701067 0.00035173796981693907 -0.00044424278886471809 -6.4342706301079568e-05 0.00014209801926125194 -0.00014117480416527047 0.001594415897340168 -0.00018103989518287092 0.00099084048539943765 -0.0011868233093779497
leaf_weight=116543 538 689 2612 516 11031 1017 2305 1113 2909 572 1601 1612 1134 545 1389 11158 528 851 1054 589 822 6773 19514 36302 46896 8801 2331 4196 1462 8275
leaf_count=116543 538 689 2612 516 11031 1017 2305 1113 2909 572 1601 1612 1134 545 1389 11158 528 851 1054 589 822 6773 19514 36302 46896 8801 2331 4196 1462 8275
internal_value=-9.70618e-05 -0.00162019 -0.00217101 0.00770677 7.77136e-06 0.00150994 0.00200421 -2.36332e-05 -0.00218969 0.00332932 -0.0016129 0.00199366 0.0048984 -0.00281775 -0.000713378 -3.52416e-05 -0.00565079 -0.0047723 -0.00810703 -0.0121295 -0.00484045 -0.00014516 -0.000944903 -0.00134704 0.000120415 -0.000258442 -0.00212762 -0.00295902 0.00201129 -0.00460611
internal_weight=295678 19031 17977 1054 276647 25554 23715 12684 7708 4976 17288 4404 2746 1658 14148 12759 3140 4799 2494 1643 1839 251093 62589 55816 188504 141608 25065 22734 5658 17076
internal_count=295678 19031 17977 1054 276647 25554 23715 12684 7708 4976 17288 4404 2746 1658 14148 12759 3140 4799 2494 1643 1839 251093 62589 55816 188504 141608 25065 22734 5658 17076
is_linear=0
shrinkage=0.05


Tree=186
num_leaves=31
num_cat=0
split_feature=23 38 65 16 74 18 33 41 55 30 74 46 41 54 60 46 11 16 65 18 16 18 30 41 55 30 65 63 60 67
split_gain=16.7221 21.8925 23.2198 22.0288 41.6702 34.3788 30.3494 19.9433 132.385 46.2643 40.461 38.9648 44.5047 40.7735 64.8583 38.1744 35.9957 34.9696 36.3661 33.585 28.424 29.3266 38.3816 29.9169 25.8279 186.278 72.7474 126.635 86.2993 94.1334
threshold=-0.75912743806838978 1.9244347214698794 0.13133955001831057 -0.61302903294563282 0.0084073231555521506 -0.44345240294933314 0.22428771108388904 0.13668800145387652 1.5000000000000002 0.75993186235427868 0.81890785694122326 24.500000000000004 0.21968963742256167 3.1740876436233525 -0.077456101775169359 17.500000000000004 2.5364878177642827 -0.082302793860435472 0.12399452924728395 0.3758720755577088 -0.22928774356842038 -0.0043411012738943091 2.0000637769699101 0.16172736883163455 1.5000000000000002 0.25132495164871221 -0.13690322637557981 -0.057156533002853387 -0.10371030122041701 0.21945815533399585
decision_type=8 10 8 8 8 8 10 10 2 10 10 10 10 2 10 10 8 10 10 10 8 10 10 10 2 10 10 10 10 10
left_child=-1 3 -3 -2 6 -6 -5 24 9 15 11 13 16 14 -11 -9 -13 -18 -19 -12 -15 22 23 -22 -7 26 27 -26 -28 -30
right_child=1 2 -4 4 5 7 -8 8 -10 10 19 12 -14 20 -16 -17 17 18 -20 -21 21 -23 -24 -25 25 -27 28 -29 29 -31
leaf_value=0.0018576406857305371 0.0016579003654184363 -0.0036713054330072326 -0.00050574395348297954 -0.0020178075894438699 -0.0014902713738153411 -2.8825614238850093e-05 -0.00073393879027293949 -0.00095498805673191228 -0.0028351633133086684 -0.0013867053693866727 -0.0017669680832931656 0.0036812134461552213 -0.0016960904239978571 0.00015596500873106935 0.0069448706469878068 0.00090858068597672386 0.003353487789803454 -0.003647293292714879 0.00046142744158614649 0.0011586697465502305 0.0037131422274126365 0.001557167029508439 0.0094817507827972408 0.0016084306371035543 0.00023705881815444288 -0.00052511641047747163 0.0011133458386353293 0.0011355208550519014 -0.00093340846493755172 0.00027948239975998657
leaf_weight=1173 946 524 1451 631 930 254617 865 3569 615 1315 1303 1284 627 782 753 2122 589 577 898 511 900 956 739 1097 3409 5378 942 1754 1739 2788
leaf_count=1173 946 524 1451 631 930 254617 865 3569 615 1315 1303 1284 627 782 753 2122 589 577 898 511 900 956 739 1097 3409 5378 942 1754 1739 2788
internal_value=-5.78105e-05 -8.16303e-05 -0.00531486 -4.61308e-05 -7.09633e-05 -2.79114e-05 -0.00836653 3.11124e-06 0.00158471 0.00236801 0.004088 0.00527691 0.00136763 0.00764652 0.00182868 -0.00135941 0.00366289 -0.000433944 -0.00454545 -0.00279605 0.0103256 0.0121556 0.0147851 0.0110862 -0.000105861 0.00184145 0.00567562 0.00992654 0.00165176 -0.00122328
internal_weight=295784 294611 1975 292636 291690 290194 1496 289264 18637 18022 12331 10517 3975 6542 2068 5691 3348 2064 1475 1814 4474 3692 2736 1997 270627 16010 10632 5163 5469 4527
internal_count=295784 294611 1975 292636 291690 290194 1496 289264 18637 18022 12331 10517 3975 6542 2068 5691 3348 2064 1475 1814 4474 3692 2736 1997 270627 16010 10632 5163 5469 4527
is_linear=0
shrinkage=0.05


Tree=187
num_leaves=31
num_cat=0
split_feature=48 67 52 54 34 69 41 41 55 8 16 59 42 37 54 54 42 75 42 54 26 29 60 19 14 33 15 29 46 9
split_gain=19.1741 27.0951 39.3449 35.9609 45.2609 44.3165 25.4705 24.2228 89.8458 46.7763 47.2542 44.0038 68.8145 55.7226 33.5168 35.1301 44.5846 34.0471 32.5497 30.7015 36.3788 46.1077 30.479 48.1444 31.1506 29.8724 28.0292 34.3218 27.9624 27.8063
threshold=0.17527485638856891 0.18670139461755755 9.5000000000000018 4.0944278240203866 0.015878025442361835 0.029560781084001068 0.2337773218750954 0.11300352588295938 1.5000000000000002 -0.44695802032947535 -0.08604447171092032 -0.19429942965507505 0.10142964497208597 -0.77188602089881886 8.3125643730163592 4.9462389945983896 0.19932679831981662 0.98708128929138195 0.13665848225355151 2.1276361942291264 -0.5616103708744048 -0.48584349453449244 -0.0053682285360991946 -0.16869900375604627 -0.086959503591060625 3.4013724327087407 -0.36992660164833063 -0.85695573687553395 12.500000000000002 -0.27040420472621912
decision_type=2 8 10 2 10 10 10 10 2 10 8 8 10 10 2 2 10 10 10 2 10 10 10 8 8 8 8 8 10 10
left_child=7 2 3 4 -2 -5 -3 11 9 28 19 12 13 -1 15 17 -17 -12 26 -11 -21 -22 23 -20 -25 -19 -13 -28 -9 -23
right_child=1 6 -4 5 -6 -7 -8 8 -10 10 14 18 -14 -15 -16 16 -18 25 22 20 21 29 -24 24 -26 -27 27 -29 -30 -31
leaf_value=-0.00077087606684335419 -0.0026845078900921502 -0.00056072905755674002 -0.0010600635255453934 -0.00074033531328819297 0.00059075504375256179 0.0026080895121899173 -0.0033279001852925929 -0.001110688569806847 -0.0014252072294463091 -0.0003430239059898962 0.0010332628359373021 0.00075658070088127031 0.00048496952246794361 -0.0049188814905279524 0.0031223896469244404 -0.001085633071761661 0.0018785927566546603 0.00034784360765331717 0.0028947349314476737 -0.00058517193864017145 0.0035525582630831724 -0.00065502360586850578 -0.001615819465363523 -0.0013928585824082326 7.1712523704325735e-05 -0.0047141692417479999 -0.002749819702729243 3.3932763895877519e-06 0.00010701327243206343 0.002616117326378062
leaf_weight=824 888 12247 3247 881 2028 2534 531 2266 1002 724 9412 4420 1038 502 682 2938 1025 742 788 513 1940 685 2521 1786 2544 504 571 230949 3780 1072
leaf_count=824 888 12247 3247 881 2028 2534 531 2266 1002 724 9412 4420 1038 502 682 2938 1025 742 788 513 1940 685 2521 1786 2544 504 571 230949 3780 1072
internal_value=-5.00687e-05 -0.00145757 0.000552774 0.00284655 -0.00123035 0.00632117 -0.00296372 6.51447e-05 0.00147829 0.00204047 0.00319307 -9.16842e-05 -0.00686605 -0.0143713 0.00181872 0.00130886 -0.00270576 0.00280277 -2.5658e-05 0.00744337 0.00907583 0.0108039 -0.00323572 -0.00101404 -0.00308756 -0.00493631 7.84064e-05 3.02337e-06 -0.00181638 0.0048953
internal_weight=295584 22356 9578 6331 2916 3415 12778 273228 27285 26283 20237 245943 2364 1326 15303 14621 3963 10658 243579 4934 4210 3697 7639 5118 4330 1246 235940 231520 6046 1757
internal_count=295584 22356 9578 6331 2916 3415 12778 273228 27285 26283 20237 245943 2364 1326 15303 14621 3963 10658 243579 4934 4210 3697 7639 5118 4330 1246 235940 231520 6046 1757
is_linear=0
shrinkage=0.05


Tree=188
num_leaves=31
num_cat=0
split_feature=33 58 54 69 54 74 11 75 9 40 33 54 19 38 54 54 60 18 54 30 71 45 27 54 75 32 64 54 71 69
split_gain=20.4294 60.1478 107.124 50.3619 48.3266 98.3714 64.0467 91.5649 43.7787 29.6186 45.4234 43.2121 36.3195 35.1701 28.054 26.0986 78.412 39.2096 24.5555 23.0969 28.3513 34.9086 27.5523 22.9669 83.0481 50.8888 28.574 22.5423 21.7649 21.5138
threshold=2.7288298606872563 0.7071032226085664 3.4602520465850835 0.026239313185215 4.7252173423767099 0.35084250569343572 1.1914458870887759 0.8940795660018922 0.63946619629859935 0.051408892497420318 3.8994830846786503 5.4294772148132333 0.23760791122913363 0.41804400086402899 4.2047674655914316 3.5766900777816777 -0.077456101775169359 0.051371300593018539 4.6957874298095712 2.4667143821716313 0.65894615650177013 14.500000000000002 2.4189176559448247 0.84800961613655101 0.93263792991638195 -0.6167752444744109 -0.14407834410667417 5.3167710304260263 -0.18345508724451062 0.010190075263381006
decision_type=10 2 2 10 2 10 8 10 10 10 10 2 10 8 2 2 10 10 2 10 10 10 10 2 8 8 10 2 10 10
left_child=19 3 -3 4 6 29 7 -2 -8 10 12 -11 -7 -13 -10 16 -5 -17 -4 22 21 -21 23 24 25 28 -27 -19 -1 -6
right_child=1 2 18 15 5 9 8 -9 14 11 -12 13 -14 -15 -16 17 -18 27 -20 20 -22 -23 -24 -25 -26 26 -28 -29 -30 -31
leaf_value=0.00058844965650858502 -0.001591293609254461 0.015301457895078384 0.0019608882765664304 -0.0027512480747927566 -0.00062720171157386881 0.0010107954629573919 -0.0039813183902211533 0.0063363369898206514 -0.0013764638426785403 0.0024698491796640021 0.0015655451641466455 -0.0018178309980234502 -0.0014646519904675125 -0.00013441817992878406 -0.00387159772056553 0.0043737284097925605 0.0021816930858757329 0.0012388625151926037 -0.0026526529634849625 0.00024109491232972898 -0.00091718344109614595 0.0059705495866136582 -0.002338885490955925 2.4138056188669974e-06 0.0088455154111883871 -0.0019757489414683597 -0.00018011615739046884 -0.0012805751894567263 0.0041175434179390085 -0.0023596142530248367
leaf_weight=500 768 645 709 844 538 912 1356 564 2374 645 911 582 508 1600 569 519 729 1434 678 571 540 622 601 271351 785 500 1089 513 500 1077
leaf_count=500 768 645 709 844 538 912 1356 564 2374 645 911 582 508 1600 569 519 729 1434 678 571 540 622 601 271351 785 500 1089 513 500 1077
internal_value=-2.1655e-05 -0.00163105 0.00646425 -0.00263478 -0.00421299 -0.0013637 -0.00763163 0.00193741 -0.0105941 0.00201238 0.00617258 -0.00142756 0.000559441 -0.00479015 -0.00712834 0.00221042 -0.00281112 0.00541195 -0.00139585 8.57187e-05 0.00582329 0.0100998 4.93942e-05 7.29794e-05 0.00416667 -0.000173144 -0.00572233 0.00212059 0.00861386 -0.0120923
internal_weight=295534 18475 2032 16443 12404 6773 5631 1332 4299 5158 2331 2827 1420 2182 2943 4039 1573 2466 1387 277059 1733 1193 275326 274725 3374 2589 1589 1947 1000 1615
internal_count=295534 18475 2032 16443 12404 6773 5631 1332 4299 5158 2331 2827 1420 2182 2943 4039 1573 2466 1387 277059 1733 1193 275326 274725 3374 2589 1589 1947 1000 1615
is_linear=0
shrinkage=0.05


Tree=189
num_leaves=31
num_cat=0
split_feature=9 60 66 27 16 36 33 10 66 66 38 65 13 74 65 53 10 27 45 55 55 69 32 55 17 39 33 10 33 49
split_gain=19.7626 42.6516 31.9688 24.3361 24.1054 29.3658 30.543 27.9307 57.5798 23.2214 22.7373 21.7407 25.0412 20.0881 19.8443 108.341 71.4848 70.405 63.5659 56.554 48.8869 57.6576 48.5681 46.1205 91.9673 71.5963 47.9547 41.7293 47.2185 40.7461
threshold=1.4957381486892702 0.047396568581461913 -0.10811088606715201 0.57064408063888561 0.65187764167785656 77.456665039062514 1.7523372769355776 1.3209889531135561 -0.085009481757879243 -0.23848601430654523 0.43296138942241674 0.39654964208602911 -0.0044047157280147067 0.41515535116195684 0.16305190324783328 1.0000000180025095e-35 1.0000000180025095e-35 0.13218680769205096 28.500000000000004 1.5000000000000002 1.0000000180025095e-35 0.019502107985317711 -0.1433790177106857 1.0000000180025095e-35 -0.094269525259733186 0.051903149113059051 1.4125198721885683 -0.11339306458830832 0.082763299345970168 0.00067348789889365445
decision_type=10 10 10 10 10 2 10 10 10 10 10 10 8 10 10 10 8 8 10 2 2 10 10 2 10 10 8 10 10 2
left_child=4 3 -3 -2 7 6 -6 11 9 -9 -8 14 -13 -11 -1 16 18 22 20 23 21 -16 -18 24 -19 -25 29 -23 -29 -26
right_child=1 2 -4 -5 5 -7 10 8 -10 13 -12 12 -14 -15 15 -17 17 19 -20 -21 -22 27 -24 25 26 -27 -28 28 -30 -31
leaf_value=7.2554887263619196e-06 0.00056800932844139796 0.0015326437312012738 -0.0008764170354872311 -0.0018634527056637417 -0.0011384012108982854 -0.00057615783073419139 -0.00023473643149519649 -0.0033985288678219055 0.0051418563277317777 -0.0019145526241194505 0.002544497743793971 0.0012643497141245437 -0.0001431767799043476 4.6838827156231795e-05 -0.00028915622449090481 0.0013550481443324386 0.00016242720786739732 -0.0034513690195328304 0.00017036332226370355 -0.0010917228772334489 -0.00013186976055549655 -0.0029351832673105782 0.00083658913654088406 -0.00046099091808328929 0.00022872811532149049 0.0017827285545128587 0.0012392541294493674 1.072922957843917e-06 -0.0016474215455817406 -0.00099475621118611077
leaf_weight=249727 525 1730 2327 3349 1100 1895 747 663 502 991 3249 673 534 950 1183 1985 5056 508 1498 649 1984 941 1104 519 2847 527 1786 545 870 5130
leaf_count=249727 525 1730 2327 3349 1100 1895 747 663 502 991 3249 673 534 950 1183 1985 5056 508 1498 649 1984 941 1104 519 2847 527 1786 545 870 5130
internal_value=-0.000101991 -0.00256265 0.00102041 -0.00630793 -3.41809e-05 0.00286388 0.00483745 -0.000106337 -0.00481386 -0.00780413 0.0068647 -5.35825e-05 0.00661463 -0.00499744 -8.28912e-05 -0.00136689 -0.00225583 -0.000595501 -0.00653534 -0.00283066 -0.00900958 -0.0125247 0.00374392 -0.00199965 -0.00302013 0.00795455 -0.00192878 -0.017033 -0.0114737 -0.00358708
internal_weight=296094 7931 4057 3874 288163 6991 5096 281172 3106 2604 3996 278066 1207 1941 276859 27132 25147 18126 7021 11966 5523 3539 6160 11317 10271 1046 9763 2356 1415 7977
internal_count=296094 7931 4057 3874 288163 6991 5096 281172 3106 2604 3996 278066 1207 1941 276859 27132 25147 18126 7021 11966 5523 3539 6160 11317 10271 1046 9763 2356 1415 7977
is_linear=0
shrinkage=0.05


Tree=190
num_leaves=31
num_cat=0
split_feature=73 52 66 27 54 38 32 34 64 66 14 55 70 32 69 70 72 25 67 70 66 54 6 54 60 19 64 67 69 75
split_gain=21.1888 16.6231 70.8164 28.2506 33.4059 43.7492 22.1777 19.5576 85.5589 64.4432 66.4628 52.8391 52.9318 46.5015 80.226 34.4101 34.0314 25.9558 22.839 22.6192 22.3586 75.8526 78.2135 60.8448 169.624 65.2711 61.6791 57.762 55.6396 42.6004
threshold=0.99751436710357677 12.500000000000002 -0.24798197299242017 0.08809408545494081 3.6321768760681157 0.32123793661594396 -0.6347619593143462 0.039044210687279708 0.14958441257476809 -0.35482643544673914 -0.049204595386981957 1.0000000180025095e-35 -0.0099694719538092596 -0.84191921353340138 0.017928159795701507 0.03873716667294503 0.20133417099714282 0.19355276226997378 0.12262730672955514 -0.040656138211488717 -0.35699263215064997 9.1478266716003436 -0.18796933442354199 9.7689256668090838 0.15219037979841235 -0.01931202411651611 -0.096993058919906602 0.15274332463741305 0.014021235983818771 0.99390658736228954
decision_type=10 10 10 10 2 10 10 8 10 10 10 2 10 10 10 10 10 10 10 10 10 2 10 2 8 10 10 10 10 8
left_child=1 7 3 4 6 -6 -3 8 9 10 15 13 18 14 -11 -1 17 19 -13 -15 21 -9 -23 29 25 26 -25 -28 -29 -22
right_child=-2 2 -4 -5 5 -7 -8 20 -10 11 -12 12 -14 16 -16 -17 -18 -19 -20 -21 23 22 -24 24 -26 -27 27 28 -30 -31
leaf_value=-0.00010664789175167242 -0.0024975551378129874 -0.00049437400606138729 0.0019275177234637385 -0.0018630943393041059 0.00013854343291613697 -0.0017009647149236876 0.0013296821909064042 7.476029471218827e-05 -0.0022992924265211861 0.0047116133071057886 -0.0014239849062077986 0.0014202408901447373 5.3409954762892807e-06 -0.00074738383736750423 -0.00088501843695085809 -0.00097138740031840753 0.00014716638591924099 -0.0018663031531344155 0.00054470681241303371 0.00029596430612453838 4.7510861258027311e-06 -0.00054792623471535079 0.0011354346914021888 -9.7709273644178845e-05 0.00098405710142415964 2.816291836439458e-05 -0.0037366916646677296 -0.00011370060827736607 -0.0014146404128781249 -0.0017364100040964628
leaf_weight=7955 851 514 1432 705 1521 617 1107 59205 887 762 1010 950 1285 2278 512 1314 4474 762 601 1245 197483 529 1497 629 768 930 623 558 727 2059
leaf_count=7955 851 514 1432 705 1521 617 1107 59205 887 762 1010 950 1285 2278 512 1314 4474 762 601 1245 197483 529 1497 629 768 930 623 558 727 2059
internal_value=-7.43746e-06 1.54264e-05 0.00264138 -0.000469379 0.00126028 -0.00283985 0.00665236 -3.82283e-05 -0.00140362 -0.000816133 -0.00376616 0.00154127 0.00755446 -0.000164294 0.00872274 -0.00243022 -0.00146539 -0.00464494 0.0137412 -0.0028163 8.56546e-05 0.000923401 0.0104126 -0.000166105 -0.00608952 -0.0107995 -0.0149391 -0.0193952 -0.013166 -4.00898e-05
internal_weight=295790 294939 5896 4464 3759 2138 1621 289043 24035 23148 10279 12869 2836 10033 1274 9269 8759 4285 1551 3523 265008 61231 2026 203777 4235 3467 2537 1908 1285 199542
internal_count=295790 294939 5896 4464 3759 2138 1621 289043 24035 23148 10279 12869 2836 10033 1274 9269 8759 4285 1551 3523 265008 61231 2026 203777 4235 3467 2537 1908 1285 199542
is_linear=0
shrinkage=0.05


Tree=191
num_leaves=31
num_cat=0
split_feature=48 73 64 20 22 43 61 64 10 62 57 74 4 73 33 66 60 65 15 7 43 36 48 66 6 63 71 30 32 69
split_gain=28.3082 30.1513 31.1683 19.7076 15.3419 31.9116 30.6715 26.6593 29.2428 25.2013 29.8528 22.8009 21.8589 35.5342 32.2485 32.9664 29.6437 42.7211 39.9021 37.9152 38.8604 35.82 45.5069 44.6059 38.1351 34.4874 28.4707 26.8342 30.8973 26.7102
threshold=0.27226135134696966 0.99751436710357677 -0.063681781291961656 -0.567523032426834 0.83167490363121044 0.87384337186813366 -0.022923529148101803 0.33178502321243292 -0.26018179953098292 -0.036232829093933099 0.70881000161170971 0.23209080845117572 -0.11249953880906104 0.65472474694252025 1.8276392221450808 -0.1898790895938873 0.044761475175619132 -0.11778020858764647 -0.20681141316890714 -0.21910639107227323 1.145458519458771 22.343783378601078 0.0043676793575286874 -0.25926597416400904 -0.23819369077682492 -0.024696677923202511 0.25571468472480779 0.010101266670972111 -0.59307542443275441 0.012884998228400947
decision_type=2 8 8 10 10 8 10 10 8 8 2 8 10 10 10 10 10 10 10 10 8 2 2 8 10 10 8 10 10 10
left_child=4 2 -2 -4 12 11 -7 8 -8 -10 -11 -6 13 14 16 -16 17 18 21 20 -19 22 -1 27 -25 26 -18 28 -23 -20
right_child=1 -3 3 -5 5 6 7 -9 9 10 -12 -13 -14 -15 15 -17 25 19 29 -21 -22 23 -24 24 -26 -27 -28 -29 -30 -31
leaf_value=0.0032324468890129101 -0.0014911495780839598 -0.0041852186858469731 0.0041189438843324336 -0.00020736872119357514 0.0014963816967446843 -0.00068931398558943276 -0.00051366623268172369 -0.00085595706081778859 0.0012125964624557471 -9.9432504405650921e-05 0.00049804462183602875 0.00022480166341565689 -3.9075314081093301e-05 -0.0014641782525740814 -0.00116092563522735 0.00058558401105638334 -0.0016158615833021068 0.00054818027223435442 0.00067191703457937968 0.001522641441856023 -0.001462922384085879 -0.00098788684150559209 -0.00017762310368505676 -0.0022234270219395774 0.00019696968725838707 0.00029628177236218638 1.8496472219962925e-05 0.0013485237987205794 0.00085528863040906051 -0.00048491779566386814
leaf_weight=560 2691 712 528 5030 2739 2923 2644 1595 1127 10668 7409 15396 193467 1350 3005 1873 1315 2057 1116 5425 563 780 8934 652 3700 2677 849 6885 955 6160
leaf_count=560 2691 712 528 5030 2739 2923 2644 1595 1127 10668 7409 15396 193467 1350 3005 1873 1315 2057 1116 5425 563 780 8934 652 3700 2677 849 6885 955 6160
internal_value=-3.7695e-05 -0.00280348 -0.00194333 0.000197557 4.88087e-05 0.000902024 -0.000208523 0.000394406 0.000850947 0.00153013 0.00107536 0.00251584 -0.000107909 0.000836983 0.0010649 -0.00278232 0.0015057 0.00197767 0.00110245 0.00520795 0.00026616 0.00214451 -0.000189394 0.00385149 -0.000275103 -0.00217481 -0.00685373 0.00593279 0.000372493 -0.00211364
internal_weight=295785 8961 8249 5558 286824 44501 26366 23443 21848 19204 18077 18135 242323 48856 47506 4878 42628 37787 29742 8045 2620 22466 9494 12972 4352 4841 2164 8620 1735 7276
internal_count=295785 8961 8249 5558 286824 44501 26366 23443 21848 19204 18077 18135 242323 48856 47506 4878 42628 37787 29742 8045 2620 22466 9494 12972 4352 4841 2164 8620 1735 7276
is_linear=0
shrinkage=0.05


Tree=192
num_leaves=31
num_cat=0
split_feature=7 69 11 66 54 9 37 54 75 16 40 11 46 8 33 34 54 53 75 33 40 58 54 68 66 65 54 58 27 9
split_gain=20.7916 37.6878 27.5502 21.402 32.8702 17.0881 27.3257 22.7304 78.6335 12.9794 31.545 24.4947 19.6778 16.4704 63.7654 59.8068 53.15 63.7252 47.2703 66.8518 44.927 42.4552 95.3927 37.4395 43.1082 57.2129 44.2685 44.3578 36.9895 35.2792
threshold=1.3992285132408144 0.013633165042847397 2.3667656183242802 -0.12127298489212988 3.8243932723999028 -0.65111789107322682 -0.45383819937705988 0.47933015227317816 0.86363694071769725 1.0380867719650271 0.07433680817484857 4.8089613914489755 24.500000000000004 0.18311084061861041 1.4125198721885683 0.10788943246006967 6.8586175441741952 0.13392857462167743 0.51844531297683727 2.3601469993591313 0.053410179913043983 0.74469971656799328 3.4302706718444829 0.040673082694411285 -0.22894344478845594 -0.23927477002143857 1.955152750015259 0.35112063586711889 0.42271697521209722 0.028408103622496132
decision_type=10 10 8 10 2 8 10 2 8 10 10 10 10 10 8 10 2 10 10 10 10 2 2 10 8 8 2 2 10 10
left_child=5 -2 -3 -4 -5 6 -1 8 -7 11 -11 13 -12 29 15 -15 17 18 19 28 -18 23 -23 24 25 -20 -26 -28 -16 -9
right_child=1 2 3 4 -6 7 -8 9 -10 10 12 -13 -14 14 16 -17 20 -19 21 -21 -22 22 -24 -25 26 -27 27 -29 -30 -31
leaf_value=5.3639495774426144e-05 -0.0073374548894184323 -0.0029938556466895167 0.0024634870929624714 0.0011577353350408013 -0.0024448681534890871 -0.0010956725436287605 -0.0021007468595853609 -1.6335961648052816e-05 0.0093367116181023359 -0.0019653681004903932 0.0034649442474146948 -0.0018849394691859882 0.00066975202191846869 0.0030318904742795368 0.00085859029872516982 -0.00044740231180055576 0.00024143892792446422 -0.0042137972419561721 0.0018706795070198394 -0.0010530843149862683 -0.0010136517920895272 0.018880358924043435 -6.6420793117127208e-05 -0.0015097395905865273 -0.001645405197875428 -0.0015721223137506665 -2.2561965673186143e-05 0.0027013111056281565 0.004983924519032866 0.00018108413170812127
leaf_weight=1159 503 502 711 846 623 696 806 187311 727 623 782 786 2219 502 676 26247 1482 641 889 551 2199 560 912 1980 920 2232 2388 4470 1048 49765
leaf_count=1159 503 502 711 846 623 696 806 187311 727 623 782 786 2219 502 676 26247 1482 641 889 551 2199 560 912 1980 920 2232 2388 4470 1048 49765
internal_value=-4.15869e-05 -0.00405321 -0.00167162 0.000776256 -0.00267072 2.22161e-06 -0.00463291 3.37215e-05 0.00631542 2.59342e-06 0.00297193 -3.51929e-05 0.00509797 -1.07099e-05 -0.000858365 -0.0024758 0.00120718 0.0023702 0.00296946 0.00964989 -0.00424004 0.00190446 0.00991903 0.000981457 0.00213127 -0.00282657 0.00412173 0.00550379 0.0144752 0.000159858
internal_weight=295756 3185 2682 2180 1469 292571 1965 290606 1423 289183 3624 285559 3001 284773 47697 26749 20948 17267 16626 2275 3681 14351 1472 12879 10899 3121 7778 6858 1724 237076
internal_count=295756 3185 2682 2180 1469 292571 1965 290606 1423 289183 3624 285559 3001 284773 47697 26749 20948 17267 16626 2275 3681 14351 1472 12879 10899 3121 7778 6858 1724 237076
is_linear=0
shrinkage=0.05


Tree=193
num_leaves=31
num_cat=0
split_feature=48 45 54 57 38 70 54 69 75 55 69 61 25 54 30 58 55 30 54 69 58 65 19 69 40 69 65 58 31 63
split_gain=19.0681 23.3873 37.611 36.2671 25.0651 15.9999 30.8374 59.8772 54.1395 44.881 124.209 78.3032 74.8349 48.6069 39.9656 52.3599 48.8709 120.938 78.5365 82.2755 70.5586 56.8447 48.1682 41.7106 45.7667 38.5599 43.6937 38.338 99.1239 61.2501
threshold=0.27226135134696966 16.500000000000004 5.8867287635803232 0.1082839071750641 1.2159467935562136 -0.056596970185637467 4.00724220275879 0.0083621535450220125 0.8371446728706361 1.0000000180025095e-35 0.020840632729232315 0.078810214996337905 0.35219928622245794 7.7827031612396249 3.6526799201965336 0.81265348196029674 1.0000000180025095e-35 0.22061280161142352 6.7329792976379403 0.018276926130056385 0.61393991112709057 0.01733118295669556 -0.059896929189562791 0.014649507589638235 0.16337831318378451 0.014649507589638235 -0.27775824069976801 0.347885012626648 0.045459138229489333 -0.047429561614990227
decision_type=2 8 2 2 8 10 2 8 8 2 10 10 8 2 8 2 2 10 2 10 2 10 10 10 10 10 10 2 10 10
left_child=5 2 -2 -4 -3 6 27 -8 14 12 11 -11 -10 -14 15 16 23 18 -18 -20 21 25 -17 -9 -25 -19 -27 29 -29 -1
right_child=1 4 3 -5 -6 -7 7 8 9 10 -12 -13 13 -15 -16 22 17 20 19 -21 -22 -23 -24 24 -26 26 -28 28 -30 -31
leaf_value=0.00025393567450738566 -0.00069918677617729005 -0.0007653766348601883 0.0055525291461563228 -0.00076352994293021892 -0.0041357612873179714 -2.3156275170546637e-05 -0.0031073625282191024 0.00054305716448300339 -0.0012039517869419467 -0.0024526088037502601 0.0011353559104238422 0.00050616423525787907 0.00030092200502852552 0.0020737909599732041 0.00098042323014095882 -0.0016631330616150221 7.2104778887935498e-05 -0.0012073555016557554 0.00018395653212234763 0.0020732315511321139 0.001169049424661161 -0.0019897690423650799 -0.00027463479606214399 -0.00026117520966942483 0.0024236192862269815 -0.00075997206962158013 0.00089284432818539797 -0.00066589856348787946 0.0015955715172518731 -0.0010186327362467489
leaf_weight=14483 5475 1807 626 519 527 212083 707 4795 3347 2100 903 520 3393 599 2580 509 1302 518 684 1639 561 520 1971 13433 526 531 665 3787 11509 3070
leaf_count=14483 5475 1807 626 519 527 212083 707 4795 3347 2100 903 520 3393 599 2580 509 1302 518 684 1639 561 520 1971 13433 526 531 665 3787 11509 3070
internal_value=-4.95436e-05 -0.00232039 -0.000799397 0.0074026 -0.00661263 2.14476e-05 0.000650934 -0.000249922 0 -0.00302612 -0.00765638 -0.0131559 -0.000796027 0.00382309 0.00108782 0.000531377 0.00121506 0.00497667 0.0109904 0.0164809 -0.00283422 -0.00681818 -0.00638554 -7.4611e-05 -0.0014568 -0.00237819 0.00257048 0.00179707 0.00362603 0.000202129
internal_weight=295689 8954 6620 1145 2334 286735 74652 41803 41096 10862 3523 2620 7339 3992 30234 27654 25174 6420 3625 2323 2795 2234 2480 18754 13959 1714 1196 32849 15296 17553
internal_count=295689 8954 6620 1145 2334 286735 74652 41803 41096 10862 3523 2620 7339 3992 30234 27654 25174 6420 3625 2323 2795 2234 2480 18754 13959 1714 1196 32849 15296 17553
is_linear=0
shrinkage=0.05


Tree=194
num_leaves=31
num_cat=0
split_feature=52 39 65 8 75 72 42 65 11 27 55 65 65 53 11 29 19 63 11 24 29 45 5 19 40 75 9 45 43 60
split_gain=25.3987 18.2202 25.038 75.8372 41.9342 40.8833 25.589 23.4288 49.2941 22.6666 84.0638 62.0416 50.8264 106.157 55.638 74.3812 55.0719 61.3591 52.625 50.1317 50.4075 43.8501 42.1053 41.9703 56.1565 46.3782 40.0927 42.0116 40.7401 55.3616
threshold=1.5000000000000002 0.11680858954787256 0.12399452924728395 2.2242879867553715 0.92874017357826244 0.98747488856315624 0.22541858255863192 0.39654964208602911 0.48336216807365423 0.65282198786735546 1.5000000000000002 -0.019628047943115231 0.13711816072463992 1.0000000180025095e-35 -0.11077355220913886 -0.38693323731422419 -0.090723607689142213 0.046594560146331794 0.73047733306884777 0.15695531666278842 -0.07489296048879622 1.5000000000000002 -0.17388155311346051 0.70544707775115978 0.080870557576417937 0.97272691130638134 0.61604487895965587 28.500000000000004 0.82407617568969738 0.3275266587734223
decision_type=8 8 8 8 10 8 10 10 8 10 2 8 8 8 10 10 8 10 10 10 10 10 8 10 10 10 10 10 8 10
left_child=-1 7 3 6 -4 -6 -3 9 -9 12 11 -11 18 16 15 21 17 -14 22 -20 -21 -15 -2 25 -25 -13 27 28 29 -18
right_child=1 2 4 -5 5 -7 -8 8 -10 10 -12 23 13 14 -16 -17 26 -19 19 20 -22 -23 -24 24 -26 -27 -28 -29 -30 -31
leaf_value=0.0032590909625908604 0.00048396580656394578 -0.00027005947536984376 -0.00030469786202435423 -0.0055913895442667345 0.0039237162940378443 -0.00078043516852620222 -0.0027287348129276371 0.0012045961115620769 -0.00069234443253019255 -0.00050258156946996748 -0.0012435189068919911 0.00060986791175992802 -0.00054142299487780824 -0.00036328131168430957 0.0017793971618972591 -0.0017806616335198395 -0.00062532023292703092 -0.0019393567087985135 -0.0012096261800815231 0.00088353472560739334 -0.0024071353458279261 0.0014785358686794296 2.8566519024967286e-05 -0.0047596032242411528 0.00086968027588813922 0.0042931341775027804 0.0011236136200384985 0.00036717949226241646 -0.00015987465591566202 0.00081190704093930019
leaf_weight=540 14696 8059 16214 585 2290 1078 1017 753 555 5326 1063 22912 3868 2115 2063 1081 13765 1505 6331 3905 721 3151 152785 620 918 1140 2247 2602 21108 681
leaf_count=540 14696 8059 16214 585 2290 1078 1017 753 555 5326 1063 22912 3868 2115 2063 1081 13765 1505 6331 3905 721 3151 152785 620 918 1140 2247 2602 21108 681
internal_value=-7.43987e-06 -2.74424e-05 -0.00121184 -0.00329335 -0.000183748 0.00488455 -0.00215716 0.00010285 0.00675266 6.97245e-05 0.00131764 0.00179461 -0.000101877 -0.00144291 0.00371734 0.00139217 -0.00239156 -0.00714286 0.000305411 -0.00305006 0.000905953 0.00384761 0.000525103 0.00281641 -0.00516796 0.0033289 -0.0017581 -0.00214065 -0.0025897 -0.00463475
internal_weight=295694 295154 29243 9661 19582 3368 9076 265911 1308 264603 31979 30916 232624 54186 8410 6347 45776 5373 178438 10957 4626 5266 167481 25590 1538 24052 40403 38156 35554 14446
internal_count=295694 295154 29243 9661 19582 3368 9076 265911 1308 264603 31979 30916 232624 54186 8410 6347 45776 5373 178438 10957 4626 5266 167481 25590 1538 24052 40403 38156 35554 14446
is_linear=0
shrinkage=0.05


Tree=195
num_leaves=31
num_cat=0
split_feature=37 38 69 15 26 11 54 69 58 65 49 32 69 54 26 64 66 69 11 74 65 54 69 69 54 54 65 54 41 41
split_gain=18.8787 16.8949 20.6607 18.6905 33.4459 16.8293 85.0035 124.584 133.141 95.8187 99.9948 99.9781 129.229 147.796 112.79 77.2697 76.3102 111.019 74.4512 70.1088 68.5335 80.086 102.13 87.8004 67.9302 66.1546 61.008 60.872 191.879 122.532
threshold=1.4821519851684573 1.9244347214698794 0.021101850084960464 -0.23032500594854352 -0.69407317042350758 -0.18220064789056775 7.0012910366058358 0.0074105316307395705 0.76973846554756176 -0.039955198764801018 1.0000000180025095e-35 -0.37118162214756006 0.015415531583130361 4.0709905624389657 -0.22312112897634503 -0.052801162004470818 -0.071952998638153062 0.012457133270800115 0.4031966775655747 0.85275575518608104 0.12399452924728395 7.5541515350341806 0.020110072568058971 0.018312604166567329 7.9967379570007333 8.5302562713623065 -0.27588912844657892 6.7329792976379403 0.062116954475641258 0.21968963742256167
decision_type=10 10 10 10 10 10 2 10 2 10 2 10 10 2 10 10 10 10 10 8 10 2 10 10 2 2 10 2 8 10
left_child=1 5 -3 4 -4 20 9 -8 16 10 -7 12 13 -11 -15 -12 17 24 -10 -17 27 23 25 -22 -9 -23 -19 -1 -29 -30
right_child=-2 2 3 -5 -6 6 7 8 18 11 15 -13 -14 14 -16 19 -18 26 -20 -21 21 22 -24 -25 -26 -27 -28 28 29 -31
leaf_value=-8.5947702047795829e-05 -0.00058019738007616679 -0.0028314639915530877 0.00054683737865501294 0.0027238304873900749 -0.0022890051729474426 -0.00064494118979950804 -0.0021974676847790228 -0.00030875782116342388 -0.00056163698376916066 0.0079668791341842484 0.00022377852883191299 0.00017792816610503125 0.00015875242308519 -0.0018272998258793056 0.0021955802943782869 -0.0023109370705640844 0.00048900886226050679 -0.0012623893099089512 -0.0044116520794202337 0.00041289925960510433 -0.00039856344407019907 0.0001085994613227722 0.00063270791749535252 -0.0020183834130574978 -0.001857108119427184 -0.0017508462660091831 0.00012576104960948832 0.00036996404042032239 -0.0005906856025495018 0.0033504493556431427
leaf_weight=117186 3345 505 620 501 548 13674 845 1520 1793 5398 17804 55035 8341 1662 1644 1132 4334 1152 500 550 2667 628 2018 1861 1692 656 11073 24339 12014 1114
leaf_count=117186 3345 505 620 501 548 13674 845 1520 1793 5398 17804 55035 8341 1662 1644 1132 4334 1152 500 550 2667 628 2018 1861 1692 656 11073 24339 12014 1114
internal_value=-1.13114e-05 3.1419e-05 -0.00434982 -0.00163788 -0.00509338 6.43403e-05 0.000492747 -0.00226668 -0.00154027 0.00109359 -0.00113054 0.0021168 0.00546174 0.00971999 0.00138721 0.00116947 -0.000214853 -0.0018612 -0.0129179 -0.00904255 -0.00027355 -0.00483418 0.00108696 -0.009145 -0.0101179 -0.00989181 0.000314671 -4.23501e-05 0.00171172 -0.00315878
internal_weight=296151 292806 2174 1669 1168 290632 128149 22909 22064 105240 33160 72080 17045 8704 3306 19486 19771 15437 2293 1682 162483 7830 3302 4528 3212 1284 12225 154653 37467 13128
internal_count=296151 292806 2174 1669 1168 290632 128149 22909 22064 105240 33160 72080 17045 8704 3306 19486 19771 15437 2293 1682 162483 7830 3302 4528 3212 1284 12225 154653 37467 13128
is_linear=0
shrinkage=0.05


Tree=196
num_leaves=31
num_cat=0
split_feature=2 67 68 32 11 50 67 21 31 69 55 11 6 40 57 41 70 18 65 11 32 69 67 60 60 45 60 10 11 69
split_gain=19.5923 35.5182 32.7202 35.01 50.4514 32.9788 31.0874 29.6405 27.3548 28.3759 56.5501 85.8815 71.9807 55.689 63.1846 54.5897 49.7698 46.5276 92.6815 70.9663 59.2199 52.8294 54.841 46.3683 45.3421 40.258 40.2466 39.9568 47.7867 39.0162
threshold=-0.018995505757629868 0.0037699007662013177 -0.071581751108169542 -0.16417270898818967 0.99206298589706432 0.038371710106730468 0.092908482998609557 0.045369332656264312 0.87566548585891735 0.0132376397959888 1.0000000180025095e-35 0.22897013276815417 -0.18474338203668592 0.073527470231056227 0.14604541659355166 0.19965700805187228 -0.4007278829813003 -0.12707764655351636 -0.048084676265716546 -0.16979281604290006 -0.3840725421905517 0.02913566026836634 0.31710408627986914 0.11374010145664216 -0.26004828512668604 13.500000000000002 -0.055033335462212556 -0.020479871891438958 -0.35530339181423182 0.031625803560018546
decision_type=8 8 8 10 10 2 10 10 10 10 2 10 10 10 2 10 10 10 8 8 10 10 10 10 8 10 10 10 8 10
left_child=8 -2 3 4 -3 -4 7 -5 9 15 16 12 24 14 -14 -1 -11 23 27 20 -20 22 25 -18 -12 -21 -27 28 -19 -29
right_child=1 2 5 6 -6 -7 -8 -9 -10 10 11 -13 13 -15 -16 -17 17 18 19 21 -22 -23 -24 -25 -26 26 -28 29 -30 -31
leaf_value=0.00031494413140175319 -0.00036861801303034398 0.00019191866630498944 -2.3642363105726698e-05 -0.00020184842516819679 -0.0021313929919801592 -0.00045077967765942261 0.0020339903046369449 0.0015365578073831378 -0.0015991574799498192 -0.0033512940471834549 -0.00066414798418272948 -0.0014128014294895735 -0.00027855845541794672 -0.00070390305011215214 0.00034126446645120614 -0.0047724175786983576 0.00024029974339346744 -0.00080909763960310447 0.00040558831321089485 0.0018961796326037819 -0.0013509254205769318 -0.00029184564278421333 -0.00054773162215780594 -0.0017577872657296254 0.0015868657591129043 0.00096520061467013883 -0.00020578507619312006 -0.0013615495255685619 -4.171077507657091e-05 0.0015748787438364027
leaf_weight=26866 5902 17099 131018 560 1417 15942 822 516 700 743 513 881 2550 1194 8462 506 28286 4698 1080 6208 1611 10317 2744 515 2760 2664 4061 5647 9258 510
leaf_count=26866 5902 17099 131018 560 1417 15942 822 516 700 743 513 881 2550 1194 8462 506 28286 4698 1080 6208 1611 10317 2744 515 2760 2664 4061 5647 9258 510
internal_value=7.09316e-06 -0.000335284 -0.000200736 0.0016745 0.00100939 -0.000461319 0.00812369 0.00248619 0.000490292 0.000547164 0.000137258 0.00281002 0.0036768 0.00190733 0.00302123 0.00196479 -0.000421176 -0.000297002 -0.0012375 0.00058721 -0.00712699 0.00138825 0.00321604 0.00129638 0.0102498 0.00457776 0.0018931 -0.00383889 -0.00235572 -0.0071915
internal_weight=296050 173276 167374 20414 18516 146960 1898 1076 122774 122074 94702 16360 15479 12206 11012 27372 78342 77599 48798 28685 2691 25994 15677 28801 3273 12933 6725 20113 13956 6157
internal_count=296050 173276 167374 20414 18516 146960 1898 1076 122774 122074 94702 16360 15479 12206 11012 27372 78342 77599 48798 28685 2691 25994 15677 28801 3273 12933 6725 20113 13956 6157
is_linear=0
shrinkage=0.05


Tree=197
num_leaves=31
num_cat=0
split_feature=12 20 59 27 54 64 65 49 63 41 54 23 63 66 66 65 54 41 46 11 55 65 33 54 11 65 32 75 54 66
split_gain=23.3429 43.2665 66.1762 41.7966 33.5641 37.6094 35.9954 31.3951 30.757 36.9411 27.0967 30.7558 26.9857 25.8684 45.6556 45.7008 49.5687 106.567 80.0966 49.1297 41.3285 38.3518 34.8857 31.0213 77.8544 48.8106 52.094 38.0056 29.9454 40.7722
threshold=-0.054746229201555245 -0.1089726686477661 -0.08991703018546103 1.8268014788627627 1.913239121437073 -0.2166430056095123 -0.36612084507942194 0.0016691348864696922 -0.14154368638992307 0.021961784921586517 3.2226685285568242 -0.1374961659312248 -0.026277393102645871 -0.32835386693477625 -0.36953623592853541 -0.25309166312217707 5.3987958431243905 0.059878006577491767 9.5000000000000018 -0.30179651081562037 1.0000000180025095e-35 0.16672223806381228 0.45745539665222174 4.5539820194244394 0.48336216807365423 -0.019628047943115231 -0.32958216965198511 0.89818125963211071 6.1049940586090097 -0.18819085508584973
decision_type=8 10 8 8 2 8 10 2 8 10 2 10 10 8 10 10 2 10 10 10 2 10 10 2 8 10 8 10 2 10
left_child=3 -2 4 13 -3 6 -6 -7 9 -4 -11 -12 -5 14 15 16 18 19 22 -18 -16 23 -1 24 -15 -25 28 -26 -27 -30
right_child=1 2 8 12 5 7 -8 -9 -10 10 11 -13 -14 21 20 -17 17 -19 -20 -21 -22 -23 -24 25 27 26 -28 -29 29 -31
leaf_value=0.00027031107066932333 -0.00023176324902339344 0.0011944490814941825 0.0014292016968785912 -0.00021010315815845574 -0.0010099796843563243 -0.002037838702325111 0.00035054289454724191 -0.00045368117371746201 3.0160621225249972e-05 0.0017472187355336193 -0.0006784724854182637 0.00054310975870560643 -0.0022140408030138503 0.0015989367649475355 -0.00056688904060380331 0.0015856686586254423 0.0017729618231939063 -0.0019598246436629712 0.0025320520754130191 -0.00068592982680321796 0.00076274976084003102 -0.00026925327689897272 -0.0028524183865335229 0.0012721512927598489 -0.00051921299576331611 0.0004987970567804878 0.0013203060469477897 0.0010967361822425143 -0.0026893150961914978 -0.00029508876076802149
leaf_weight=3188 53364 553 633 1382 829 1509 1351 1735 181603 659 1311 1024 1067 3777 8439 1134 965 1504 2323 513 792 4709 915 6323 7445 953 1737 2408 523 906
leaf_count=3188 53364 553 633 1382 829 1509 1351 1735 181603 659 1311 1024 1067 3777 8439 1134 965 1504 2323 513 792 4709 915 6323 7445 953 1737 2408 523 906
internal_value=3.95827e-05 -0.000163341 0.000188006 0.00101249 -0.0049858 -0.00618329 -0.00109589 -0.0095882 0.000355215 0.00490789 0.00256325 2.1322e-05 -0.0053477 0.00133432 -5.81307e-05 0.00218916 0.00104056 -0.00427807 0.0035115 0.00524194 -0.00262417 0.00229065 -0.000692925 0.00309775 0.00152493 0.00514734 0.00090821 -0.000816182 -0.00388796 -0.00844336
internal_weight=295574 244571 191207 51003 5977 5424 2180 3244 185230 3627 2994 2335 2449 48554 19773 10542 9408 2982 6426 1478 9231 28781 4103 24072 13630 10442 4119 9853 2382 1429
internal_count=295574 244571 191207 51003 5977 5424 2180 3244 185230 3627 2994 2335 2449 48554 19773 10542 9408 2982 6426 1478 9231 28781 4103 24072 13630 10442 4119 9853 2382 1429
is_linear=0
shrinkage=0.05


Tree=198
num_leaves=31
num_cat=0
split_feature=42 65 54 55 31 65 65 29 41 54 65 54 72 11 34 54 38 61 54 29 11 66 65 29 54 63 18 32 67 62
split_gain=23.7053 96.2632 75.023 55.0409 54.2623 77.8125 76.495 134.294 105.452 75.0666 71.1033 60.3591 52.5569 49.278 61.0593 99.3886 50.9077 49.1854 52.9805 46.1192 40.5544 40.0232 47.1379 44.2179 42.1398 39.9941 35.6289 35.0812 47.9177 40.6009
threshold=0.023884237743914131 -0.27426752448081965 9.2918510437011737 1.0000000180025095e-35 0.56229606270790111 -0.13690322637557981 0.01733118295669556 -0.24970658123493192 0.016804997809231285 6.6562123298645028 -0.17732334136962888 7.676793336868287 0.16868462413549426 -0.092852663248777376 0.17789979279041293 6.4988090991973886 0.092922046780586257 -0.020175039768218991 3.6761741638183598 -0.2435786575078964 -0.20712334662675855 -0.33303888142108912 0.063132941722869887 -0.15107803046703336 6.7588317394256601 -0.068516761064529405 -0.16103091090917585 -0.61257016658782948 0.26612816751003271 -0.040114849805831902
decision_type=8 10 2 2 8 10 10 10 10 2 10 2 10 10 10 2 8 10 2 10 8 10 10 10 2 10 10 8 10 10
left_child=1 2 13 17 6 -6 7 -5 9 -8 20 -11 -10 14 15 26 -17 18 19 -3 -9 23 24 -20 -23 -22 -1 28 -19 -29
right_child=-2 3 -4 4 5 -7 8 10 12 11 -12 -13 -14 -15 -16 16 -18 27 21 -21 25 22 -24 -25 -26 -27 -28 29 -30 -31
leaf_value=0.00099312428476960456 -3.6334324188378075e-05 -0.00016105728607463136 0.0013435018218181834 0.000733220410435418 0.00026985920904114247 -0.00086523047725058338 3.6849406351652237e-06 -0.00069408378118866678 -0.00084456359973658743 0.0012793665317728468 -0.00093265866841063462 0.00021897500961993706 0.00028187872906879638 -0.0034051285922756325 0.00040312530461331932 -0.0025883276643506774 -0.00098538790139301958 0.00039840537275998049 0.00024237735020784525 -0.0024577611222204084 -9.5341280869303341e-05 -0.00012458557511490291 0.00071818405219679395 0.001115510226695907 -0.0012772786016427996 0.0006521249945645347 -0.00086633867830367768 0.0014140406171561086 0.0042119486527110485 0.00041069395030056622
leaf_weight=945 255720 1218 500 1259 674 1507 823 848 576 1103 1672 540 808 571 927 697 834 529 1868 649 1170 873 1013 745 592 535 717 1368 669 13940
leaf_count=945 255720 1218 500 1259 674 1507 823 848 576 1103 1672 540 808 571 927 697 834 529 1868 649 1170 873 1013 745 592 535 717 1368 669 13940
internal_value=-7.87428e-05 0.00105027 -0.00529706 0.00199348 -0.00083731 -0.00791876 0.000824058 -0.00296687 0.00621762 0.012399 -0.00723731 0.018542 -0.00480631 -0.00726441 -0.00532688 -0.00860131 -0.0177482 0.00338247 -0.000143513 -0.00732552 -0.00197035 0.00249951 -0.00204984 0.00680518 -0.00776271 0.00247813 -0.000119617 0.00486801 0.0130795 0.00421726
internal_weight=295890 40170 5191 34979 11515 2181 9334 5484 3850 2466 4225 1643 1384 4691 4120 3193 1531 23464 6958 1867 2553 5091 2478 2613 1465 1705 1662 16506 1198 15308
internal_count=295890 40170 5191 34979 11515 2181 9334 5484 3850 2466 4225 1643 1384 4691 4120 3193 1531 23464 6958 1867 2553 5091 2478 2613 1465 1705 1662 16506 1198 15308
is_linear=0
shrinkage=0.05


Tree=199
num_leaves=31
num_cat=0
split_feature=58 19 54 30 58 65 11 54 11 54 58 54 17 65 58 19 55 17 54 28 54 57 54 38 38 10 57 71 46 19
split_gain=16.1447 46.1034 41.4 85.6316 108.26 166.276 93.4084 86.5914 85.2263 99.7499 95.5854 74.7865 80.6849 57.1756 92.8322 105.9 92.8222 78.9553 75.6516 80.0307 63.9718 63.721 55.2738 54.9586 54.8378 52.5973 52.3774 47.4399 43.8322 40.7678
threshold=0.52049979567527782 -0.35876899957656855 3.6761741638183598 0.083337780088186278 0.74469971656799328 0.081888437271118178 0.42805883288383489 2.9849240779876713 0.31151796877384191 5.3987958431243905 0.6456594467163087 2.2380464076995854 0.07332267984747888 0.076203286647796645 0.7557436227798463 -0.092123761773109422 1.0000000180025095e-35 -0.017422907985746857 8.2665500640869158 0.39407442510128027 9.7689256668090838 0.75612840056419384 2.3335990905761723 0.064802601933479323 1.2159467935562136 0.051856776699423797 0.36889073252677923 -0.043091258034110062 24.500000000000004 0.10934219881892206
decision_type=2 8 2 10 2 10 10 2 10 2 2 2 10 8 2 8 2 10 2 10 2 2 2 8 10 8 2 10 10 10
left_child=-1 -2 3 24 5 11 28 -8 13 -10 -11 12 25 17 16 -16 18 21 19 -15 23 -4 -7 -17 -3 -5 -18 -12 -6 -13
right_child=1 2 8 4 6 22 7 -9 9 10 27 29 -14 14 15 20 26 -19 -20 -21 -22 -23 -24 -25 -26 -27 -28 -29 -30 -31
leaf_value=-3.181329379530126e-05 -0.0019574999015368392 -0.0013223956542836226 -0.00024184854711246074 2.131222254209784e-05 0.0020116951302146103 -0.0021861507530742787 0.016793075287087511 0.00066957422534741633 6.6993062492949618e-05 -0.00020694611924404992 -0.0032599429738751477 0.0014152522063516082 -0.0019080818558206273 -0.00072903884533885859 -0.0023063899169119321 -0.0010259845529126553 0.00018600978865087578 0.00013892793040560931 0.0012098440888011473 0.00090130840841448265 0.0012453889012259767 -0.0013993333759051486 -0.00025116243642276867 0.00017234867411023287 0.0019616303278335474 0.0036998390940454085 0.0011964321740980336 -0.0020343979227511527 -0.0018042071303947937 0.0080861804205590668
leaf_weight=212345 990 4077 5388 3416 1143 1901 1808 688 7179 2539 771 5670 1345 2151 600 819 750 15081 834 2486 514 1617 2556 9217 820 1766 2514 2439 591 990
leaf_count=212345 990 4077 5388 3416 1143 1901 1808 688 7179 2539 771 5670 1345 2151 600 819 750 15081 834 2486 514 1617 2556 9217 820 1766 2514 2439 591 990
internal_value=-2.18633e-05 0.000570945 0.000701518 0.00231321 0.00365107 0.00192591 0.0108255 0.0169992 -8.46856e-05 -0.00363271 -0.00853447 0.00474729 0.000940799 0.00100879 0.002953 -7.16846e-05 0.00680961 -0.000742216 0.00281883 0.000312029 0.00109848 -0.00512473 -0.0064137 0.000209038 -0.00365804 0.00377504 0.0134698 -0.0142547 0.0018922 0.00847076
internal_weight=295005 82660 81670 26771 21874 17644 4230 2496 54899 12928 5749 13187 6527 41971 19885 11150 8735 22086 5471 4637 10550 7005 4457 10036 4897 5182 3264 3210 1734 6660
internal_count=295005 82660 81670 26771 21874 17644 4230 2496 54899 12928 5749 13187 6527 41971 19885 11150 8735 22086 5471 4637 10550 7005 4457 10036 4897 5182 3264 3210 1734 6660
is_linear=0
shrinkage=0.05


Tree=200
num_leaves=31
num_cat=0
split_feature=39 41 49 42 28 36 10 16 67 60 26 66 32 10 71 59 67 40 38 31 66 19 52 41 38 31 15 32 16 41
split_gain=18.1716 27.3688 52.8824 53.8883 26.3852 36.8259 30.0426 23.3241 52.7277 33.5762 24.6077 102.833 88.854 68.4666 63.0979 50.8387 89.3002 46.1434 45.5342 45.6947 44.2173 104.409 89.2811 74.1417 68.8452 64.962 60.2943 57.9992 50.8017 47.9601
threshold=0.10410477593541147 0.10206382349133493 0.00014286734949564564 0.02162948809564114 0.25475823879241949 66.67847061157228 -0.18557534366846082 -0.51344335079193104 0.18542226403951648 -0.098773617297410951 -0.26166497170925135 -0.10603393614292143 -0.76543432474136341 0.56399422883987438 -0.1800785958766937 -0.00094372294552158553 0.11175096035003663 0.039078556001186378 0.24094963818788531 0.064083129167556777 -0.14684843271970746 -0.15508070588111875 8.5000000000000018 0.05773757956922055 0.39809924364089971 0.39130589365959173 -0.11624636128544806 -0.52331146597862233 -0.24171745032072064 0.036372816190123565
decision_type=8 8 2 8 10 2 8 8 10 10 10 10 10 10 10 10 10 10 10 10 10 8 10 10 10 8 8 10 10 10
left_child=1 7 -3 -4 5 -5 -6 8 9 -1 11 13 -13 15 -15 17 -17 -9 -14 -20 23 -22 24 25 -23 26 27 -12 -29 -24
right_child=-2 2 3 4 6 -7 -8 10 -10 -11 20 12 18 14 -16 16 -18 -19 19 -21 21 22 29 -25 -26 -27 -28 28 -30 -31
leaf_value=0.00080585744229899408 -0.00028623776725160996 0.00076337938717694828 -0.0021129021516245934 -0.00057927462727480953 0.0034926370956284733 0.00092742055757311721 0.00021179252054209479 -0.00029727342381512674 -0.0011607840546485921 0.0053366877441001596 -0.00018502010343668507 -0.0044839662712631507 -0.00058562956320798551 -0.0033417243680597579 -0.0011245529559501478 -0.0020249032276815292 -0.00029026874096714782 0.00012364549774962174 0.0059197404424154478 0.0025641156967708342 -0.0020443302517757383 -0.00040919371583158885 1.2689458766823419e-05 -0.00031224097008608653 0.00033335266279673555 0.00033275755837459741 -9.7887346497102339e-05 0.00089316228102301841 0.00021352194693567309 0.0010320119544818048
leaf_weight=597 36096 13167 508 7200 730 1888 10355 16890 500 570 7373 525 959 543 2671 1835 7217 22903 592 3723 1936 27597 11412 21518 8879 31875 30283 2827 15450 7025
leaf_count=597 36096 13167 508 7200 730 1888 10355 16890 500 570 7373 525 959 543 2671 1835 7217 22903 592 3723 1936 27597 11412 21518 8879 31875 30283 2827 15450 7025
internal_value=-0.000187043 -4.08387e-05 0.00128478 -0.000292398 0.000116435 -0.00187953 0.00175304 -0.000239688 0.00563506 0.0114274 -0.000283651 -0.00117163 0.00513858 -0.0018754 -0.008933 -0.00140927 -0.00478923 -0.000639399 0.0070969 0.00928324 2.55739e-05 -0.00110537 -0.000701892 0.000613705 -0.00213507 0.00125828 0.000231486 0.00201481 0.00352436 0.00213314
internal_weight=295644 259548 33848 20681 20173 9088 11085 225700 1667 1167 224033 57858 5799 52059 3214 48845 9052 39793 5274 4315 166175 56849 54913 109326 36476 87808 55933 25650 18277 18437
internal_count=295644 259548 33848 20681 20173 9088 11085 225700 1667 1167 224033 57858 5799 52059 3214 48845 9052 39793 5274 4315 166175 56849 54913 109326 36476 87808 55933 25650 18277 18437
is_linear=0
shrinkage=0.05


Tree=201
num_leaves=31
num_cat=0
split_feature=51 66 55 39 9 65 10 62 12 18 65 63 62 36 68 71 73 9 8 65 18 65 30 30 69 26 74 64 5 55
split_gain=16.6971 24.4677 43.2232 23.6009 19.1803 37.9332 20.2123 17.3547 16.8325 32.302 32.0797 35.4473 29.9684 25.9683 55.7731 26.7624 27.3669 25.1036 25.0679 31.9272 27.9292 50.7537 41.3567 33.5231 36.0903 33.118 28.0168 24.7405 38.6235 38.2632
threshold=1.5000000000000002 -0.11925493180751799 1.0000000180025095e-35 0.075588516891002669 2.5120574235916142 0.13711816072463992 3.1515005826950078 -0.038526773452758782 -0.069459792226552949 -0.1304582208395004 -0.14181646704673764 -0.068516761064529405 -0.21655008196830747 20.019629478454593 -0.16132124513387677 -0.3811070024967193 0.40242154896259313 -0.2844689935445785 -0.37946031987667078 0.09009957313537599 -0.20965210348367688 0.062534928321838393 1.4300537109375002 0.66101771593093883 0.010156166274100544 -0.55076646804809559 0.032892161980271346 0.039339780807495124 0.074254911392927184 1.0000000180025095e-35
decision_type=8 8 2 8 10 8 10 10 8 8 8 10 8 2 10 10 10 10 8 10 10 8 10 10 10 10 10 10 10 2
left_child=1 7 3 -3 6 -6 8 -1 9 13 11 17 -10 14 -2 -15 -17 -11 19 20 22 -22 23 24 -14 -25 -26 -12 29 -29
right_child=4 2 -4 -5 5 -7 -8 -9 12 10 27 -13 18 15 -16 16 -18 -19 -20 -21 21 -23 -24 25 26 -27 -28 28 -30 -31
leaf_value=-0.00056180467873964137 -0.0020628151739697531 0.00083664343030771023 -0.0017710373344428793 -0.0010816154097855431 -0.0033294117851264959 8.5707781774178879e-05 0.001329765024948132 0.0007792114316418641 -0.001715328633264529 -0.0013441521875170533 0.00035537170840959959 -0.0010253811461827451 -0.0042936445184979166 -0.00062373611015414411 0.00062796147587624934 0.001363684607962377 8.6214112335707839e-06 0.00022707242544556529 -1.5829554920114607e-05 0.0010547796942575048 -0.0011926831288607458 0.0017504363999253391 -0.0020116106396842913 0.00099705082442460365 0.0006645069116933349 -0.00068362810704589096 -0.0008449392352088401 -0.0018113734900796177 0.0014738470709190717 0.00052547053529040239
leaf_weight=571 869 3358 647 1898 1039 1795 1063 4387 811 876 15520 2430 501 970 2035 5052 1536 3161 233472 702 915 1365 864 1080 874 744 3319 2201 1130 791
leaf_count=571 869 3358 647 1898 1039 1795 1063 4387 811 876 15520 2430 501 970 2035 5052 1536 3161 233472 702 915 1365 864 1080 874 744 3319 2201 1130 791
internal_value=-6.04758e-05 0.00186275 -0.00031287 0.00119635 -0.000133801 -0.00421941 -9.26349e-05 0.00444847 -0.000118765 0.000881605 -5.93438e-05 -0.00311101 -0.000268335 0.00322765 -0.000789293 0.00477008 0.00591088 -0.000234742 -0.000236215 -0.00264122 -0.00339123 0.00144105 -0.00488366 -0.00350797 -0.0057398 0.00223555 -0.00419938 0.000946469 -0.00249274 -0.00546302
internal_weight=295976 10861 5903 5256 285115 2834 282281 4958 281218 36571 26109 6467 244647 10462 2904 7558 6588 4037 243836 10364 9662 2280 7382 6518 4694 1824 4193 19642 4122 2992
internal_count=295976 10861 5903 5256 285115 2834 282281 4958 281218 36571 26109 6467 244647 10462 2904 7558 6588 4037 243836 10364 9662 2280 7382 6518 4694 1824 4193 19642 4122 2992
is_linear=0
shrinkage=0.05


Tree=202
num_leaves=31
num_cat=0
split_feature=48 45 39 3 41 61 30 19 17 71 39 43 30 11 19 41 19 26 19 69 38 41 75 32 69 49 66 74 46 42
split_gain=16.9818 20.1983 26.5633 22.3904 15.6875 15.191 34.4238 28.4845 21.687 19.1987 21.1335 15.1612 12.805 13.9184 60.3349 50.1383 88.0757 60.2491 77.5632 97.7513 44.6669 41.7421 50.5478 55.7675 48.7111 87.8206 69.6163 68.2113 68.1367 79.3485
threshold=0.27226135134696966 16.500000000000004 0.21400478482246402 -0.48370176553726191 0.20907917618751529 0.10407191514968873 1.126989006996155 -0.1155991107225418 -0.06610416620969771 -0.15359935909509656 0.048034271225333221 1.7375363707542422 8.1608824729919451 0.60402616858482372 -0.44622424244880671 0.095245286822319045 -0.40642008185386652 -0.52246266603469838 -0.15130940824747083 0.01308081950992346 0.52652704715728771 0.06507094576954843 0.75604671239852916 -0.48444521427154535 0.015313559211790563 1.0000000180025095e-35 -0.33554157614707941 0.71110826730728161 15.500000000000002 0.077606022357940688
decision_type=2 8 8 10 10 10 8 8 10 10 8 10 10 8 8 10 10 10 10 10 10 10 10 10 10 2 10 10 10 10
left_child=5 3 -3 -2 -5 12 7 8 -7 10 -8 -9 13 15 -15 16 -1 -17 -19 -20 21 22 24 -24 25 -18 -27 28 29 -26
right_child=1 2 -4 4 -6 6 9 11 -10 -11 -12 -13 -14 14 -16 17 20 18 19 -21 -22 -23 23 -25 27 26 -28 -29 -30 -31
leaf_value=0.0026038803510661647 0.0031482517250607692 -0.00070753018763388483 -0.0042468614924655174 -0.00018940516442140303 -0.0030300369646242388 -0.00012280271079863974 0.0017071732317115223 -0.0006589969781309892 0.0010081240937162745 0.0031550815790758963 -0.00015134604166545533 0.00064754728655812624 0.00085404990934619639 -0.0032169960921639186 -6.0439719493755009e-05 -0.00052263284561388857 0.00018272671271968768 0.003708041237731022 0.0054155767104789327 -0.00068813295475294461 -0.00049595381644805395 0.00039494840233086432 -0.0014196498100223665 -3.006574058468381e-05 4.691074321905298e-06 5.6990722479915989e-05 -0.00045590043590130401 0.00024190288388144869 -0.00040096081193801645 0.0010553853715224487
leaf_weight=1456 639 1689 603 5496 597 642 640 2428 655 995 1050 589 915 519 105084 2392 22929 2783 1105 2570 11513 14464 2953 3703 32633 10821 24125 24865 10488 4289
leaf_count=1456 639 1689 603 5496 597 642 640 2428 655 995 1050 589 915 519 105084 2392 22929 2783 1105 2570 11513 14464 2953 3703 32633 10821 24125 24865 10488 4289
internal_value=9.13273e-06 -0.0021253 -0.00616855 -0.00074162 -0.0016795 7.64089e-05 0.00237552 -0.000393154 0.00577659 0.00680891 0.00352941 -0.00305583 1.87757e-05 -7.17612e-07 -0.000453069 0.000275276 7.7626e-05 0.00393905 0.00644712 0.00166893 -3.22495e-05 0.000196325 -7.38218e-05 -0.00432043 0.000143669 -0.000937203 -0.00251459 0.0010092 -0.000103332 0.000907072
internal_weight=295630 9024 2292 6732 6093 286606 6999 4314 1297 2685 1690 3017 279607 278692 105603 173089 164239 8850 6458 3675 162783 151270 136806 6656 130150 57875 34946 72275 47410 36922
internal_count=295630 9024 2292 6732 6093 286606 6999 4314 1297 2685 1690 3017 279607 278692 105603 173089 164239 8850 6458 3675 162783 151270 136806 6656 130150 57875 34946 72275 47410 36922
is_linear=0
shrinkage=0.05


Tree=203
num_leaves=31
num_cat=0
split_feature=75 41 17 54 69 41 34 33 30 15 33 33 54 65 53 11 54 42 69 75 65 67 75 42 54 65 65 41 69 42
split_gain=18.297 36.6632 20.8125 15.0509 135.551 88.5345 78.748 64.2664 76.4256 44.0744 35.3756 17.3194 81.1832 114.792 148.605 77.2303 76.4779 80.8188 83.0304 72.3938 79.7366 185.476 81.1567 135.057 105.016 61.0372 110.886 86.3124 81.5828 141.358
threshold=0.99751436710357677 0.28949439525604254 -0.46152004599571222 9.7689256668090838 0.016163060441613201 0.025582645088434223 0.34346345067024237 2.7288298606872563 0.049985408782958991 -0.034222800284624093 0.56702294945716869 0.20616515725851062 4.5315775871276864 -0.2715532779693603 1.0000000180025095e-35 -0.57997643947601307 1.7128962278366091 0.0481529999524355 0.019502107985317711 0.29373790323734289 -0.22975537180900571 0.069431941956281676 0.68993264436721813 0.079395983368158354 8.1271834373474139 0.063132941722869887 -0.13129255175590512 0.03227690793573857 0.019463088363409046 0.027911742217838768
decision_type=10 10 8 2 8 8 8 10 10 8 10 10 2 8 8 10 2 10 10 10 8 10 10 10 2 10 10 10 8 8
left_child=1 2 -1 11 7 6 -6 8 -5 -7 -10 12 13 15 16 -4 -15 -18 -19 25 21 22 23 24 -21 26 28 -27 -14 -30
right_child=-2 -3 3 4 5 9 -8 -9 10 -11 -12 -13 19 14 -16 -17 17 18 -20 20 -22 -23 -24 -25 -26 27 -28 -29 29 -31
leaf_value=-0.0015694868843628322 -0.0020381221295735648 0.003480275466967349 -0.0013627466118544054 -2.5579173910200012e-06 0.0003378953442762116 -0.0010096112105898642 0.0015490299286735516 0.00032175084879322027 -0.00095874520370015667 0.00037432024010646686 -0.0024617395158756643 6.2262719393472996e-05 0.0002109818620254697 -5.8936596091337528e-06 0.00050724305519700798 0.00089252870858277488 -0.00024189553802991161 -0.001907641225564646 -0.00088625548498341049 0.00053083027387912753 0.00062633996545775547 -0.0013776069680596548 -0.0010822713839731841 0.007495666411873575 -0.001432324663062999 0.00032438294234632647 -0.00056950396642474151 -0.00082670214858717112 -0.00091651983378199036 2.5851435980508118e-05
leaf_weight=951 810 850 781 588 983 768 579 513 612 746 772 163660 11554 8256 9322 4968 10804 6032 10076 4671 18837 2910 1489 732 526 10182 7208 1055 3628 10838
leaf_count=951 810 850 781 588 983 768 579 513 612 746 772 163660 11554 8256 9322 4968 10804 6032 10076 4671 18837 2910 1489 732 526 10182 7208 1055 3628 10838
internal_value=1.94447e-05 4.0183e-05 1.00323e-05 3.4118e-05 -0.00253994 0.00447181 0.0127863 -0.0112024 -0.0152876 -0.00413386 -0.0216643 8.39886e-05 -0.000362047 -0.00191148 -0.00277079 0.00473172 -0.00425834 -0.00554936 -0.00779253 0.000695274 0.00263068 -0.000899594 0.00329833 0.0059185 0.00306318 -0.00057448 -0.00165172 0.00260958 -0.000130619 -0.00263194
internal_weight=295701 294891 294041 293090 5561 3076 1562 2485 1972 1514 1384 287529 123869 50239 44490 5749 35168 26912 16108 73630 29165 10328 7418 5929 5197 44465 33228 11237 26020 14466
internal_count=295701 294891 294041 293090 5561 3076 1562 2485 1972 1514 1384 287529 123869 50239 44490 5749 35168 26912 16108 73630 29165 10328 7418 5929 5197 44465 33228 11237 26020 14466
is_linear=0
shrinkage=0.05


Tree=204
num_leaves=31
num_cat=0
split_feature=16 66 19 60 68 75 40 25 10 63 38 19 42 7 15 13 19 66 59 63 65 17 17 40 32 27 8 27 10 33
split_gain=17.1889 38.1826 18.1319 45.2036 70.4043 50.8118 46.1429 33.73 28.6383 42.3493 39.9581 33.2605 32.8507 32.4874 31.9577 31.5971 26.4783 88.8947 41.7981 32.7316 38.1659 49.4082 34.6794 43.9376 35.0642 57.4265 41.8943 39.7816 31.7353 42.1879
threshold=-0.61302903294563282 -0.36953623592853541 -0.33058524131774897 -0.10533851385116576 0.0025800604489631955 0.51057794690132152 0.049528019502758987 0.16746699810028079 -0.40795451402664179 -0.009587824344635008 0.27536448836326605 -0.1155991107225418 0.051009919494390495 -0.015643198974430558 -0.10758301243185996 -0.058125430718064301 -0.16270627081394193 -0.12127298489212988 0.06538823246955873 -0.13144388794898984 0.045362114906311042 0.0097149321809411066 0.13237425684928897 0.079161446541547789 -0.53174507617950428 0.10863883420825006 -0.14203887432813642 0.40911066532135015 -0.20819975435733792 0.53511142730712902
decision_type=8 10 8 10 10 10 10 10 8 10 10 10 10 10 10 10 8 10 10 10 10 8 10 10 10 10 10 10 8 10
left_child=1 -1 3 7 5 -5 -6 -2 9 11 12 15 13 -11 -12 -4 17 18 19 -10 22 28 23 24 27 -26 -27 -21 -22 -30
right_child=2 -3 8 4 6 -7 -8 -9 16 10 14 -13 -14 -15 -16 -17 -18 -19 -20 20 21 -23 -24 -25 25 26 -28 -29 29 -31
leaf_value=-0.00068312264107508048 0.00012427675635099042 0.0044747743921426629 0.0004569430893713613 -0.000871546990366998 4.7567584106281498e-05 0.0019236043805664262 -0.0027980237092145774 -0.0015387993206926324 0.00077302893718271971 -3.776000781793663e-05 0.0018583474486344586 -0.0016193057358912044 -0.00076595648496844944 0.0013975709585446934 -9.7374818295743048e-05 -0.00020704474342978299 1.7665290117329942e-06 -0.0024885422901896369 0.00042040920017139498 -0.0008628200646504929 -0.0011895649527314497 0.0025669230788774654 -0.0016073300007241075 0.0010201772485422048 0.00043268750361439645 -0.0013919511715873693 -0.00013807636414414176 0.0003094214809512312 0.0022658353193318512 -0.00053808939155649616
leaf_weight=533 643 561 6293 767 771 2058 762 1367 1116 958 2456 1486 789 525 598 4406 240896 1535 3830 7585 970 837 1395 1763 3286 1389 3871 1420 616 688
leaf_count=533 643 561 6293 767 771 2058 762 1367 1116 958 2456 1486 789 525 598 4406 240896 1535 3830 7585 970 837 1395 1763 3286 1389 3871 1420 616 688
internal_value=-6.78641e-05 0.00615942 -9.11599e-05 -0.00272813 0.000137363 0.00481481 -0.00845755 -0.00891089 -3.29041e-05 0.00192626 0.00564093 0.000299303 0.000613497 0.00498995 0.00936684 0.00127463 -0.000159472 -0.00155224 -0.000924381 -0.00167161 -0.00206462 0.00309196 -0.00284039 -0.00228731 -0.00304368 -0.000748013 -0.00398482 -0.00521908 -0.000744308 0.0043379
internal_weight=296170 1094 295076 6368 4358 2825 1533 2010 288708 17511 5326 12185 2272 1483 3054 10699 271197 30301 28766 24936 23820 3111 20709 19314 17551 8546 5260 9005 2274 1304
internal_count=296170 1094 295076 6368 4358 2825 1533 2010 288708 17511 5326 12185 2272 1483 3054 10699 271197 30301 28766 24936 23820 3111 20709 19314 17551 8546 5260 9005 2274 1304
is_linear=0
shrinkage=0.05


Tree=205
num_leaves=31
num_cat=0
split_feature=19 63 40 58 68 41 42 14 54 54 65 69 69 11 45 65 69 40 32 55 55 65 54 71 65 38 19 12 63 41
split_gain=15.1571 61.0389 14.4143 51.9513 92.2799 100.635 79.1668 73.7735 70.0525 66.0439 64.2118 162.405 72.7341 70.9295 60.1767 56.8902 55.0206 54.1194 51.8663 49.9051 88.558 214.381 92.0957 80.4446 79.559 71.7178 58.2753 63.114 54.7299 50.7439
threshold=0.88460674881935131 -0.039545893669128411 0.028179989196360115 0.37291786074638372 -0.00093133290647529055 0.02494856528937817 0.030053455382585529 -0.0044202539138495913 8.2211270332336444 6.2143878936767587 0.043937563896179206 0.031319145113229759 0.027993085794150833 -0.15377321094274518 27.500000000000004 0.044982254505157478 0.012457133270800115 0.022294203750789169 -0.27399550378322596 1.5000000000000002 1.0000000180025095e-35 -0.14875710010528562 5.8263835906982431 0.039883667603135116 -0.080181986093521104 0.23516026139259341 -0.17503055930137632 0.036599170416593559 -0.068516761064529405 0.043809024617075927
decision_type=10 10 10 2 10 10 8 10 2 2 10 10 10 8 10 10 10 10 8 2 2 8 2 10 10 10 10 10 10 10
left_child=2 -2 3 7 5 16 -6 10 15 -9 12 13 19 -12 -7 -8 -5 -10 -13 20 22 23 26 -22 -23 -24 27 29 -21 -1
right_child=1 -3 -4 4 6 14 8 9 17 -11 11 18 -14 -15 -16 -17 -18 -19 -20 28 21 24 25 -25 -26 -27 -28 -29 -30 -31
leaf_value=0.0009874322801186157 0.0011665904383703454 -0.0058871013328766243 2.957317772179953e-05 -0.0021958144002281062 0.00019100815024083 0.00014589056664499021 1.0803628436964908e-05 2.2370923667680391e-05 0.00088534265754282304 0.00098863515658468258 -0.00053704116994525246 0.00082758990614926217 -0.00088191274005199711 0.00033535674220088905 -0.0012394524643020877 -0.00097155797450585585 -0.00050097274093923946 -0.00023278587469783806 0.0022995737021424194 6.8679238986240829e-05 0.00040585659568144646 -0.0018479496150188681 0.00061528132360196138 -0.0002657039172432159 -0.00025478333544861915 -0.0008039704241435304 -0.00045617282661808694 -0.0015978831258543517 0.00090947852764554295 -0.0013411805523139673
leaf_weight=4731 564 518 204555 2315 16514 5461 3294 2048 805 2195 1878 595 2436 3758 1871 6062 3470 785 886 1969 2672 2062 6941 2509 900 969 10015 1443 697 589
leaf_count=4731 564 518 204555 2315 16514 5461 3294 2048 805 2195 1878 595 2436 3758 1871 6062 3470 785 886 1969 2672 2062 6941 2509 900 969 10015 1443 697 589
internal_value=-7.25847e-05 -0.00595238 -5.07752e-05 -0.000578549 -0.00190332 -0.00535157 -0.000254823 0.000512139 -0.00355057 0.00680696 -8.21127e-05 0.00427248 -0.000900034 0.000389656 -0.00145737 -0.00519966 -0.0102761 0.006125 0.018947 -0.000325288 -0.000860205 -0.00537839 0.00063163 0.000760932 -0.0160834 0.00507576 -0.00146533 0.00211871 0.00624066 0.00463415
internal_weight=295507 1082 294425 89870 40577 13117 27460 49293 10946 4243 45050 7117 37933 5636 7332 9356 5785 1590 1481 35497 32831 8143 24688 5181 2962 7910 16778 6763 2666 5320
internal_count=295507 1082 294425 89870 40577 13117 27460 49293 10946 4243 45050 7117 37933 5636 7332 9356 5785 1590 1481 35497 32831 8143 24688 5181 2962 7910 16778 6763 2666 5320
is_linear=0
shrinkage=0.05


Tree=206
num_leaves=31
num_cat=0
split_feature=7 69 66 54 63 16 54 9 69 45 41 54 19 66 54 69 74 54 23 7 8 16 9 65 54 58 16 69 29 69
split_gain=15.1041 31.6255 22.6192 25.3732 17.025 15.3109 36.6029 33.9513 27.7407 39.7067 32.8496 28.4397 25.7074 98.9807 72.3887 70.0584 45.93 36.154 45.6574 28.1757 26.5269 55.3484 48.8159 54.8335 47.7552 59.9663 62.4517 92.229 55.8284 44.3834
threshold=1.3992285132408144 0.013761625159531833 -0.12127298489212988 4.1270537376403817 0.16373318433761599 0.65187764167785656 6.8026726245880136 0.49702584743499761 0.015415531583130361 16.500000000000004 0.079643547534942641 4.4190211296081552 0.34124785661697393 -0.19724775850772855 3.3980256319046025 0.011626422405242922 0.16760278493165973 3.6761741638183598 -0.25501552224159235 0.064640831202268614 0.18311084061861041 -0.25600826740264887 0.012660813517868521 0.3393197655677796 2.2380464076995854 0.74469971656799328 0.18959553539752963 0.014021235983818771 -0.14272088557481763 0.0069769911933690318
decision_type=10 10 10 2 10 10 2 10 10 10 10 2 10 10 2 10 10 2 10 10 10 10 10 10 2 2 10 10 10 8
left_child=5 -2 -3 4 -4 12 7 -7 11 10 -10 -9 20 17 15 -15 -16 18 -14 -17 22 -22 23 29 25 26 27 -23 -28 -1
right_child=1 2 3 -5 -6 6 -8 8 9 -11 -12 -13 13 14 16 19 -18 -19 -20 -21 21 24 -24 -25 -26 -27 28 -29 -30 -31
leaf_value=-0.0025993875661531052 -0.0061740418080735993 0.001679289817207069 -0.0014069852949541884 -0.003052507003123549 0.0024625586003159303 0.006042415097741771 -0.001741911876927705 0.0062369860939060556 -0.0012263288128616945 -0.0018716239748954875 0.0010435163530158546 0.00020749564479257172 -0.0015764362616959742 0.021584059574118953 -0.003023748588348404 -0.0015174489015224661 0.00030884373866608625 -0.00090330077463192946 -0.0047341212247493493 0.0046541888462545032 0.0016500212309198702 0.002336614977656437 0.00020621935190175882 -0.0011096381647363938 -0.00012550472974918745 0.0040488197508058493 -0.0016726285288458896 -0.001962416282905863 -0.0040881444813567853 -3.768661686045366e-06
leaf_weight=803 528 820 729 577 532 504 913 1178 1616 934 5342 971 1064 601 963 553 2421 2086 533 514 1913 1231 50249 952 29649 605 1306 1264 1187 183883
leaf_count=803 528 820 729 577 532 504 913 1178 1616 934 5342 971 1064 601 963 553 2421 2086 533 514 1913 1231 50249 952 29649 605 1306 1264 1187 183883
internal_value=-2.31082e-05 -0.0034418 -0.0011994 -0.00427489 -0.000275374 1.4152e-05 0.00180502 0.00263856 0.00199483 0.000620096 0.00192308 0.00701714 -5.87323e-05 -0.00272727 0.00181746 0.0103099 -0.00238656 -0.00894936 -0.0145924 0.00255339 2.67348e-05 -0.00121485 0.000222343 -0.0001519 -0.00166515 -0.00589863 -0.00770308 -0.00209581 -0.0132841 -8.98774e-05
internal_weight=296421 3186 2658 1838 1261 293235 11458 10545 10041 7892 6958 2149 281777 8735 5052 1668 3384 3683 1597 1067 273042 37155 235887 185638 35242 5593 4988 2495 2493 184686
internal_count=296421 3186 2658 1838 1261 293235 11458 10545 10041 7892 6958 2149 281777 8735 5052 1668 3384 3683 1597 1067 273042 37155 235887 185638 35242 5593 4988 2495 2493 184686
is_linear=0
shrinkage=0.05


Tree=207
num_leaves=31
num_cat=0
split_feature=73 40 69 36 42 7 72 18 28 30 35 70 36 42 65 59 19 49 69 49 72 63 11 18 41 72 11 11 41 67
split_gain=18.2604 14.9562 37.9821 28.0112 30.2513 27.2978 32.0716 27.6744 24.5897 23.4965 20.1079 17.4253 22.986 16.7202 86.2889 81.534 59.9828 49.4376 59.4956 47.9087 43.1955 41.4878 39.572 33.243 43.8457 33.9236 33.0879 32.8078 32.4377 42.3394
threshold=0.99751436710357677 0.20038208365440371 0.014378060586750509 56.12523269653321 0.25090752542018896 -0.14790291339159009 0.21771663427352908 0.29029867053031927 0.63303422927856456 1.6871156096458437 35.090257644653327 0.16430460661649707 26.970757484436039 0.10247025266289712 -0.26338657736778254 -0.19429942965507505 -0.048584980890154832 0.00031486149237025535 0.032218277454376228 1.0000000180025095e-35 0.81145602464675914 0.11792564392089845 0.58267024159431469 -0.12177668511867522 0.094216793775558486 0.053274648264050491 1.0678462386131289 -0.46153374016284937 0.081098310649395003 0.091559667140245451
decision_type=10 10 10 2 10 8 8 8 8 10 2 10 2 8 8 8 10 2 10 2 10 8 10 10 10 10 10 8 10 10
left_child=1 13 -3 5 8 6 11 -7 -5 10 -8 12 -4 15 16 19 23 21 26 -1 -20 -16 -22 25 -25 -15 27 -19 29 -18
right_child=-2 2 3 4 -6 7 9 -9 -10 -11 -12 -13 -14 14 17 -17 28 18 20 -21 22 -23 -24 24 -26 -27 -28 -29 -30 -31
leaf_value=-0.003600280734245339 -0.0019160734357332643 -0.004415810606252942 -0.0023455997612681582 0.0068508315461442218 3.5202966428090135e-05 -0.0031968362878409939 0.0045461758849562207 0.00014451032411864022 0.0021561156429088439 0.005579556536150553 7.0572005532798518e-05 -0.0018344309002226661 0.0016747136949572417 -0.00024318688284592218 -0.00022199007665011373 2.8367785808579642e-05 0.0071010586185335095 0.0012363862004240807 -0.00016694589798487564 -0.000354470169756643 0.0030674930390768348 0.0011250275880174236 -0.00091984345375479735 -0.0010350690228863701 0.0042873257266544231 0.0024431043911675721 -0.00028232222120963649 -0.0010795637034442692 -0.0014268484673918822 -0.00067287910697554152
leaf_weight=834 840 502 512 583 672 526 538 853 584 528 996 530 829 655 10847 230867 561 645 8863 855 1146 4768 536 981 612 3558 5188 13862 1775 547
leaf_count=834 840 502 512 583 672 526 538 853 584 528 996 530 829 655 10847 230867 561 645 8863 855 1146 4768 536 981 612 3558 5188 13862 1775 547
internal_value=2.38496e-05 4.49514e-05 0.00222498 0.00316297 0.00846403 0.0013153 0.00343647 -0.00471562 0.0132965 0.00772201 0.00453368 -0.0013025 0.00173945 -1.32353e-05 -0.000801041 0.000171564 0.0037648 -0.00166685 -0.00284628 -0.0107416 0.000184747 0.0006176 0.00750591 0.00668845 0.000530256 0.00901018 -0.00446841 -0.00569333 -0.00212582 0.00456172
internal_weight=295593 294753 7653 7151 1839 5312 3933 1379 1167 2062 1534 1871 1341 287100 54544 232556 8689 45855 30240 1689 10545 15615 1682 5806 1593 4213 19695 14507 2883 1108
internal_count=295593 294753 7653 7151 1839 5312 3933 1379 1167 2062 1534 1871 1341 287100 54544 232556 8689 45855 30240 1689 10545 15615 1682 5806 1593 4213 19695 14507 2883 1108
is_linear=0
shrinkage=0.05


Tree=208
num_leaves=31
num_cat=0
split_feature=8 68 19 60 54 11 66 69 54 5 54 11 34 54 75 54 11 54 54 19 27 12 11 54 74 42 24 5 58 16
split_gain=16.8544 44.1054 80.4841 44.9186 145.674 109.32 104.142 94.3963 98.3635 93.2876 62.9183 54.6361 52.0463 50.8862 43.6597 54.6504 43.5152 60.2976 52.357 42.7853 60.6285 58.5746 56.7896 112.74 61.7222 55.8811 57.0553 63.2495 55.4053 44.4206
threshold=0.16054920107126239 0.0096751842647790926 -0.44622424244880671 0.0052413668017834434 4.5539820194244394 0.04531656205654145 -0.18009344488382337 0.015186704695224764 8.3125643730163592 -0.017553880810737606 7.9967379570007333 -0.12075667083263396 0.18755357712507251 2.8210811614990239 0.89818125963211071 4.4474632740020761 1.354353189468384 4.635068655014039 5.2886962890625009 -0.092123761773109422 0.079723656177520766 0.052219405770301826 -0.45603513717651362 8.3653230667114276 0.28104785084724432 0.040956219658255584 0.27611474692821508 -0.041461905464529984 0.62979966402053844 -0.0897654853761196
decision_type=8 10 10 10 2 10 10 10 2 10 2 10 10 2 10 2 10 2 2 10 10 10 10 2 10 10 10 10 2 10
left_child=1 3 -3 16 5 6 -5 10 9 -9 -6 -8 -11 -7 19 -16 -1 -18 -19 20 28 -22 23 24 -21 29 27 -27 -4 -24
right_child=-2 2 14 4 7 13 11 8 -10 12 -12 -13 -14 -15 15 -17 17 18 -20 22 21 -23 25 -25 -26 26 -28 -29 -30 -31
leaf_value=3.149133358830436e-05 -0.00010798490812923365 -0.0033116058966213011 -0.00031078936474382288 0.00037758686629847232 -0.0012671236976864817 0.008043562688855815 -0.0045875508636693775 -0.00085133420470396215 0.00076270487138817256 -0.00080898049541697084 -0.0021865542431616842 -0.00052880538987734105 0.00040266662410334744 0.0010273900186505496 0.0043713056286228662 -0.0010054353520611182 -0.0019226874048953143 0.004572094818044826 -0.00078635095600498937 -0.00076903341756053261 0.00036694822380404645 -0.00077519165873804821 -0.00046667484660349264 -0.0012111402800111032 0.0019319027993456297 0.00024638735303950907 0.0030320942557444095 -0.00072378659239342958 -0.0017182765900896242 0.00042330558319659558
leaf_weight=137086 85665 545 3983 4169 3474 1341 721 3969 1235 862 983 773 2180 1664 1422 503 2572 564 785 645 9696 2279 1486 645 4180 3717 902 5298 868 11476
leaf_count=137086 85665 545 3983 4169 3474 1341 721 3969 1235 862 983 773 2180 1664 1422 503 2572 564 785 645 9696 2279 1486 645 4180 3717 902 5298 868 11476
internal_value=-3.5171e-05 0.00020592 0.00154338 -0.00018659 -0.00232216 0.00267343 -0.001419 -0.00573035 -0.00255572 -0.00484974 -0.011585 -0.0126995 0.00173657 0.0103648 0.00176608 0.00912145 0.000137217 -0.00504961 0.00349522 0.0014507 -0.000546448 0.00136421 0.00263585 0.00720803 0.00983454 0.00154004 -0.00128438 -0.00248753 -0.00525612 0.00370028
internal_weight=295688 210023 47645 162378 21371 8668 5663 12703 8246 7011 4457 1494 3042 3005 47100 1925 141007 3921 1349 45175 16826 11975 28349 5470 4825 22879 9917 9015 4851 12962
internal_count=295688 210023 47645 162378 21371 8668 5663 12703 8246 7011 4457 1494 3042 3005 47100 1925 141007 3921 1349 45175 16826 11975 28349 5470 4825 22879 9917 9015 4851 12962
is_linear=0
shrinkage=0.05


Tree=209
num_leaves=31
num_cat=0
split_feature=2 69 33 41 59 60 58 29 46 42 34 18 41 11 42 38 54 69 72 54 53 57 28 54 30 54 11 42 69 46
split_gain=15.8162 30.8515 90.6028 72.1824 65.008 59.5649 55.8361 60.3887 62.9156 51.3352 48.9595 53.1221 83.1257 72.2287 55.2972 81.0057 48.9216 58.5244 48.7469 43.2319 55.1313 62.296 42.8826 47.9451 41.8627 37.0682 35.9836 34.8589 63.8066 43.6678
threshold=-0.0114621021784842 0.013729128520935776 0.22800177335739139 0.03227690793573857 -0.08991703018546103 -0.019729609601199623 0.6456594467163087 -0.05065814591944217 18.500000000000004 0.091760404407978072 0.081266060471534743 -0.024520620703697201 0.067159466445446028 -0.47829084098339075 0.01845171116292477 0.15508739650249484 5.0238475799560556 0.0087090847082436102 0.8455488681793214 8.0796771049499529 1.0000000180025095e-35 0.49630238115787512 0.63303422927856456 5.8867287635803232 0.25500716269016271 3.5203129053115849 0.13024076074361804 0.035334054380655296 0.017585811205208305 9.5000000000000018
decision_type=8 8 10 8 10 8 2 8 10 10 10 10 10 10 10 10 2 10 10 2 10 2 10 2 10 2 10 8 10 8
left_child=-1 2 6 4 -3 22 7 8 19 10 -4 26 13 25 -15 24 17 -14 -17 20 21 -2 -6 -24 -16 -13 -12 28 -5 -29
right_child=1 3 9 27 5 -7 -8 -9 -10 -11 11 12 16 14 15 18 -18 -19 -20 -21 -22 -23 23 -25 -26 -27 -28 29 -30 -31
leaf_value=4.0255134253970944e-05 -0.00040128277763842174 -0.00094330926097887136 0.0042232481176023729 0.0003575111870491421 0.00030039564540718691 3.689363339457255e-05 0.00051925081006858683 -0.0013912148476620287 0.00040529479683371755 -0.001384251756758729 -0.00041266246826952846 0.005011872476761969 0.017527666578871198 0.00060775377055660999 -0.00034671380848063965 0.00067081568379354507 0.00010109360024753572 0.0033404570423147557 -0.0014579012921250485 -0.0011936839288355734 0.0003867194285734532 -0.0029281288843538721 8.9122115443107674e-05 0.0011544660268890505 -0.00215678760784494 0.00040386921717833549 0.00099937726716450956 0.0001735189319525096 -0.00079300487995388053 -0.00020774377334306302
leaf_weight=140167 6090 941 516 2853 10571 12712 1124 810 1988 3363 9809 601 640 1400 1424 5226 1217 1946 2035 963 1726 1374 541 950 1657 911 1314 27379 5366 48218
leaf_count=140167 6090 941 516 2853 10571 12712 1124 810 1988 3363 9809 601 640 1400 1424 5226 1217 1946 2035 963 1726 1374 541 950 1657 911 1314 27379 5366 48218
internal_value=-5.74631e-05 -0.000404368 -0.00148882 5.24918e-05 0.00236929 0.00286072 -0.00483138 -0.00575959 -0.00486791 -2.02688e-05 0.000665366 0.000383115 0.0021357 0.000263872 -0.00106365 -0.00232805 0.00864149 0.0125193 0.000557007 -0.00645971 -0.0053913 -0.00725181 0.00537608 0.0132911 -0.00910709 0.0105125 -0.00230396 -0.000658507 -0.00374894 -0.00032206
internal_weight=295832 155665 46134 109531 25715 24774 14075 12951 12141 32059 28696 28180 17057 13254 11742 10342 3803 2586 7261 10153 9190 7464 12062 1491 3081 1512 11123 83816 8219 75597
internal_count=295832 155665 46134 109531 25715 24774 14075 12951 12141 32059 28696 28180 17057 13254 11742 10342 3803 2586 7261 10153 9190 7464 12062 1491 3081 1512 11123 83816 8219 75597
is_linear=0
shrinkage=0.05


Tree=210
num_leaves=31
num_cat=0
split_feature=39 41 66 18 11 71 24 33 46 74 75 11 30 66 33 75 69 52 63 7 42 24 8 41 38 40 27 55 66 18
split_gain=18.0124 27.1578 49.6456 48.4613 46.1596 36.0275 32.5733 44.0097 39.5042 44.2032 32.3606 62.7011 31.7449 31.4595 51.2682 34.1637 30.2777 28.7411 26.7765 53.472 26.8616 25.7861 25.7073 25.2406 24.9031 23.7336 51.3293 49.456 123.542 75.8633
threshold=0.10218724980950357 0.11300352588295938 -0.052811048924922936 -0.22603496909141538 -0.248458057641983 0.0081822350621223467 0.93432217836380016 1.1950610280036928 15.500000000000002 0.11046634986996652 0.93263792991638195 -0.30179651081562037 1.3080429434776308 -0.24756715446710584 1.9566537141799929 0.8940795660018922 0.014113457407802345 10.500000000000002 1.0000000180025095e-35 0.4424684494733811 0.11378096789121629 0.10210294649004938 -0.42399734258651728 0.12786152213811877 0.36409382522106176 0.042777288705110557 0.96667805314064037 1.5000000000000002 -0.10959761962294577 -0.037873538210988038
decision_type=8 10 8 8 8 8 10 8 10 10 10 8 10 10 10 10 10 10 10 10 10 10 10 10 10 8 10 2 10 8
left_child=1 10 3 6 -5 12 7 8 -3 -10 25 21 24 14 23 -15 -13 18 19 -17 -20 -12 -9 -7 -6 26 27 -1 -29 -30
right_child=-2 2 -4 4 5 13 -8 22 9 -11 11 16 -14 15 -16 17 -18 -19 20 -21 -22 -23 -24 -25 -26 -27 -28 28 29 -31
leaf_value=-7.8241424330699306e-05 -0.00024585831744579773 -0.0011743460564469588 -0.0031082153663608315 0.0055988411995201923 0.0027437962442653078 0.001944699879762494 0.0014985755548339562 -0.0014737070983001212 0.0027748364247035745 -0.00017369941055547737 0.0016450357963087724 -0.00037510018767218 0.0038937047421276974 2.2453162595612379e-05 -0.0020217952888256494 -0.0012041576151838318 -0.0020166393720676395 0.004316465803115648 0.0092429188444750881 0.0036140825402844407 0.0012149580851572826 -0.00038304285468708374 -0.00036261372614890285 -0.00035563381581685217 0.00027068935506864149 0.00010424850772090058 0.0017715041714553216 0.00033201551005954707 -0.0019144583939090826 -0.00014224145426900954
leaf_weight=127261 37289 1066 758 539 677 722 523 886 662 974 698 1253 822 3464 1045 1257 1788 634 551 638 594 627 550 1216 1725 96307 1046 7856 638 1806
leaf_count=127261 37289 1066 758 539 677 722 523 886 662 974 698 1253 822 3464 1045 1257 1788 634 551 638 594 627 550 1216 1725 96307 1046 7856 638 1806
internal_value=-3.85289e-05 0.000109632 0.00191322 0.00242792 0.00390816 0.00332085 -0.0019803 -0.00347155 0.000294985 0.00516403 -3.59397e-05 -0.00429616 0.00791589 0.00185076 -0.00245573 0.00365137 -0.0082432 0.00700326 0.00495082 0.00128609 0.0109524 0.00475655 -0.0105118 0.0023614 0.00497512 4.34183e-05 -0.000375495 -0.000459763 0.002871 -0.00692747
internal_weight=295872 258583 19303 18545 13884 13345 4661 4138 2702 1636 239280 4366 3224 10121 2983 7138 3041 3674 3040 1895 1145 1325 1436 1938 2402 234914 138607 137561 10300 2444
internal_count=295872 258583 19303 18545 13884 13345 4661 4138 2702 1636 239280 4366 3224 10121 2983 7138 3041 3674 3040 1895 1145 1325 1436 1938 2402 234914 138607 137561 10300 2444
is_linear=0
shrinkage=0.05


Tree=211
num_leaves=31
num_cat=0
split_feature=70 69 66 63 10 11 74 66 11 34 38 11 33 18 54 74 63 24 54 60 19 29 69 33 33 23 73 48 70 38
split_gain=18.198 19.298 46.3796 16.7751 13.8951 59.5052 24.0447 49.8854 51.3245 32.3051 28.6289 18.8301 41.4969 15.9346 52.3937 34.1157 23.5263 28.8483 23.5117 45.585 31.958 21.9056 25.9236 21.4589 27.5736 20.6392 20.4057 37.0071 29.6863 31.3227
threshold=0.67088165879249584 0.014021235983818771 -0.18560636043548581 0.14116358757019046 -0.74914720654487599 -0.61096733808517445 0.020451268181204799 -0.095069628208875642 1.2981760501861574 0.10788943246006967 0.72044426202774059 -1.0000000180025095e-35 0.65805968642234813 -0.32082910835742945 1.8863115310668948 0.069478757679462447 0.030784428119659427 0.082354836165905013 0.84800961613655101 -0.07660487666726111 -0.083806905895471559 -0.78498733043670643 0.037850728258490569 0.52690654993057262 1.1008788943290713 -0.17113328725099561 0.024660916998982433 0.0029509630985558037 -0.093283154070377336 0.064802601933479323
decision_type=10 10 8 10 8 8 8 10 8 8 10 8 10 8 2 10 10 10 2 8 10 8 10 10 10 8 10 2 10 10
left_child=4 -2 -3 -4 5 -1 7 9 -9 11 -11 -6 -13 14 -8 16 17 -16 19 -15 25 22 -20 -17 -25 -21 27 -23 29 -28
right_child=1 2 3 -5 6 -7 13 8 -10 10 -12 12 -14 18 15 23 -18 -19 21 20 -22 26 -24 24 -26 -27 28 -29 -30 -31
leaf_value=0.0056961940120830393 -0.0027937233556730116 0.0034356895597299902 -0.0024414899609179978 -0.00019653795738653473 -0.0014214776763434426 -0.0010494223119340059 -0.0017387397994287406 -0.00062122292411614932 -0.0057584198242460784 0.0021180229361402246 -0.00076612832232819228 0.00082962306943170673 -0.0023743714523191896 -0.00045390833178504675 0.0010170293667434601 -0.0010139117848564038 0.00345283483286609 -0.0010899211469883499 -0.00012482200443111248 0.0027490542697290372 0.00047828269420622794 0.0024454856229183895 0.0062703957628468809 0.00097532540865247317 -0.00066564980066347599 0.0068632744493264206 -0.0006072270468445919 -0.00056510937635078989 2.4626832015230832e-06 0.0002907704485641519
leaf_weight=514 595 848 1032 959 1000 510 1176 507 529 566 612 719 586 1345 777 1702 539 699 500 523 759 553 558 681 743 630 1293 10901 232407 30670
leaf_count=514 595 848 1032 959 1000 510 1176 507 529 566 612 719 586 1345 777 1702 539 699 500 523 759 553 558 681 743 630 1293 10901 232407 30670
internal_value=7.09105e-05 -0.00354239 -0.00180765 -0.00597201 0.000113524 0.00589942 9.29601e-05 -0.00352175 -0.0130975 -0.000644145 0.00606061 -0.00408207 -0.000114068 0.000150105 -0.00233128 -0.000145603 0.00491358 0.00161507 0.00020614 0.00442302 0.00936524 0.000156379 0.00730337 -0.00341199 0.00111576 0.0145744 0.000128701 -0.0019365 0.000218246 0.0016467
internal_weight=295433 3434 2839 1991 291999 1024 290975 4519 1036 3483 1178 2305 1305 286456 6317 5141 2015 1476 280139 3257 1912 276882 1058 3126 1424 1153 275824 11454 264370 31963
internal_count=295433 3434 2839 1991 291999 1024 290975 4519 1036 3483 1178 2305 1305 286456 6317 5141 2015 1476 280139 3257 1912 276882 1058 3126 1424 1153 275824 11454 264370 31963
is_linear=0
shrinkage=0.05


Tree=212
num_leaves=31
num_cat=0
split_feature=12 18 54 55 27 52 61 11 11 20 19 34 54 20 59 53 32 4 3 19 71 14 60 63 54 10 54 32 57 38
split_gain=16.1264 32.3355 32.5731 58.7834 45.0767 39.3415 57.6056 43.7998 38.3476 29.2123 28.2994 33.5939 28.0056 27.5989 53.9415 36.3921 44.3461 34.9308 29.6168 26.7373 49.0755 79.187 55.6214 51.8753 58.5734 60.9094 55.6492 71.8405 66.9793 56.3797
threshold=-0.054746229201555245 -0.1304582208395004 7.5936210155487069 1.0000000180025095e-35 3.0835480690002446 10.500000000000002 -0.10731458663940428 -0.49739997088909144 -0.65318432450294484 -0.67067933082580555 -0.1293951794505119 0.041297459974884994 4.2329463958740243 -0.1089726686477661 -0.08991703018546103 1.0000000180025095e-35 -0.68946897983551014 0.011500425636768343 0.017189442180097107 -0.057040065526962273 -0.091383077204227434 -0.062545906752347932 0.085939571261405959 -0.11301109194755553 9.7689256668090838 -0.1542796120047569 6.3353202342987069 -0.76543432474136341 0.7481985092163087 0.3419958502054215
decision_type=8 10 2 2 8 10 10 10 10 10 10 10 2 10 8 10 10 10 10 8 10 10 10 10 2 8 2 10 2 10
left_child=1 2 4 -4 5 7 -7 -1 -5 -3 11 -9 -13 -2 15 16 17 -15 -18 20 21 22 -16 -22 26 -26 27 -25 -29 -28
right_child=13 9 3 8 -6 6 -8 10 -10 -11 -12 12 -14 14 19 -17 18 -19 -20 -21 23 -23 -24 24 25 -27 29 28 -30 -31
leaf_value=0.00022674582494290596 -0.00021207787248725825 0.0059744004498719066 -0.00072458510245834165 0.00085165883153130457 -0.0023301325485616683 -0.0025013727663749439 0.00013203591668734598 0.00061453165444961188 0.0058873201709573322 -9.7746928251875656e-05 0.00054441152273430968 0.0050424019756461769 0.0010010785529600994 -0.00042669762069164551 -0.00014414973501283122 -0.001996970382533944 -0.00022528993392755705 -0.0041497327302714784 0.0016877359185038068 8.6265846443230043e-05 0.00035684807574108902 -0.00069669474365574309 0.00076757867072040813 0.0030890505315429879 -0.0019971938462622105 7.2715694776919269e-06 0.00031210176849247979 -0.00029858760853292821 0.00068796378860097075 -0.00054238647078049191
leaf_weight=7105 53496 625 515 692 678 914 4891 1222 515 30558 2054 742 516 796 12457 896 3168 500 587 104151 7557 10237 1947 1157 641 638 13671 27674 2625 2607
leaf_count=7105 53496 625 515 692 678 914 4891 1222 515 30558 2054 742 516 796 12457 896 3168 500 587 104151 7557 10237 1947 1157 641 638 13671 27674 2625 2607
internal_value=-0.00010411 0.000704391 0.00228166 0.00883372 0.00165453 0.0021485 -0.00121238 0.00382436 0.0148316 -0.000299747 0.00765845 0.011245 0.0169558 -0.000272655 8.10165e-06 -0.00467517 -0.00301324 -0.0109495 -0.000252324 0.0001586 -0.000521417 -0.00238327 6.9377e-06 0.000289855 -0.000304959 -0.0108223 -2.0945e-05 -0.00124897 -0.00171731 0.00235142
internal_weight=295832 51027 19844 1722 18122 17444 5805 11639 1207 31183 4534 2480 1258 244805 191309 5947 5051 1296 3755 185362 81211 24641 14404 56570 49013 1279 47734 31456 30299 16278
internal_count=295832 51027 19844 1722 18122 17444 5805 11639 1207 31183 4534 2480 1258 244805 191309 5947 5051 1296 3755 185362 81211 24641 14404 56570 49013 1279 47734 31456 30299 16278
is_linear=0
shrinkage=0.05


Tree=213
num_leaves=31
num_cat=0
split_feature=75 65 54 66 17 66 30 24 40 30 54 69 64 65 69 66 72 8 19 63 63 57 54 16 18 54 18 69 69 55
split_gain=17.1925 44.7054 65.8967 52.0503 40.7714 35.6767 28.4082 24.6431 19.6101 15.4514 13.6389 159.765 119.245 81.0708 108.837 86.9478 87.5555 71.1425 63.2085 54.5245 66.2266 53.1644 54.3082 70.7322 53.3545 52.6215 95.1032 106.627 63.9207 89.3051
threshold=0.980114907026291 0.13133955001831057 2.4659786224365239 -0.13892994821071622 -0.025246173143386837 -0.23175805807113645 4.9005813598632821 0.26278617978096014 0.20038208365440371 8.1608824729919451 2.275727510452271 0.0074105316307395705 -0.19025689363479611 0.12399452924728395 0.025725932791829113 -0.055800173431634896 0.24127814918756488 -0.46005117893218989 0.098284069448709502 -0.18763527274131772 -0.12393555045127867 0.60952243208885204 1.8586387038230898 -0.29557706415653223 -0.11502376571297644 2.5729937553405766 -0.028509194031357762 0.016712979413568977 0.0074105316307395705 1.0000000180025095e-35
decision_type=10 8 2 10 10 10 8 10 10 10 2 8 10 10 10 10 8 8 8 8 8 2 2 8 8 2 10 10 8 2
left_child=9 2 4 5 -2 7 8 -4 -3 10 11 18 19 15 -15 17 -17 -14 -1 -13 -21 22 -19 -24 -23 26 -12 -28 29 -27
right_child=1 6 3 -5 -6 -7 -8 -9 -10 -11 25 12 13 14 -16 16 -18 21 -20 20 -22 24 23 -25 -26 28 27 -29 -30 -31
leaf_value=0.0038824921833129685 0.0016670511363223726 0.00070355555970511854 -0.0010563554412300351 -0.0086919404847265545 -0.0018223823712064339 0.0011951144794794422 -0.0010821143715992246 -0.0036049221578932575 0.0071172477831681017 0.0010162797011390098 -0.00011088014179819403 -0.0015437723161401749 -0.0028794113015782347 0.0018248301541989047 -0.0016316241397071425 0.002116574181982567 -0.0026807589350117647 -0.00029538871759594442 0.026577990053102674 0.0020006955799646794 0.00045447558349690734 -0.00054051552896354136 0.00090585255112133473 -0.0014928232587846065 0.0014035658391400481 -0.00055396954975575694 0.0069077148792372938 0.00037024981706766571 7.9660017710345837e-06 -0.0019340713271647576
leaf_weight=592 812 577 865 602 501 599 564 705 544 859 5167 790 1046 3708 985 632 2639 13256 578 1595 6712 2838 1004 4836 3344 4150 1704 2122 230831 1167
leaf_count=592 812 577 865 602 501 599 564 705 544 859 5167 790 1046 3708 985 632 2639 13256 578 1595 6712 2838 1004 4836 3344 4150 1704 2122 230831 1167
internal_value=-9.41505e-05 -0.0027946 -0.00561798 -0.00997843 0.00359033 -0.00631023 0.0040413 -0.0102532 0.00862069 -4.04385e-05 -6.04061e-05 -0.000865029 -0.00135845 -0.00270861 0.00339145 -0.00367674 -0.0113532 -0.00271892 0.0172881 0.0037279 0.00492365 -0.00218681 -0.00349105 -0.00750427 0.00184109 8.58654e-05 0.00383761 0.00980188 -5.71651e-05 -0.00547212
internal_weight=296324 5769 4084 2771 1313 2169 1685 1570 1121 290555 289696 44555 43385 34288 4693 29595 3271 26324 1170 9097 8307 25278 19096 5840 6182 245141 8993 3826 236148 5317
internal_count=296324 5769 4084 2771 1313 2169 1685 1570 1121 290555 289696 44555 43385 34288 4693 29595 3271 26324 1170 9097 8307 25278 19096 5840 6182 245141 8993 3826 236148 5317
is_linear=0
shrinkage=0.05


Tree=214
num_leaves=31
num_cat=0
split_feature=38 69 9 67 54 55 29 54 69 67 41 34 65 68 54 54 29 29 8 65 41 21 23 59 64 61 64 54 67 55
split_gain=15.4445 45.7075 60.6778 45.7029 102.893 46.7327 43.4045 41.0006 123.668 54.8506 52.2282 38.0889 46.2187 33.0649 31.6108 58.4924 74.6335 36.7861 28.6335 24.1622 22.7955 21.5848 17.1275 53.2022 40.3177 30.9741 46.3424 35.6571 46.5625 33.2289
threshold=0.07327317446470262 0.015415531583130361 -0.020834418945014473 0.28410638868808752 6.6803276538848886 1.0000000180025095e-35 -0.0966375097632408 9.9568505287170428 0.016427048482000831 0.29929925501346594 0.025582645088434223 0.2890008687973023 0.077048778533935561 -0.025445871055126187 9.2918510437011737 7.0733969211578378 -0.11110506579279898 -0.17004893720149991 -0.043191542848944657 0.01733118295669556 0.014731619972735645 0.086431615054607405 -0.080448471009731279 -0.13065999746322629 -0.22000545263290402 -0.024783402681350705 -0.16838738322257993 3.8243932723999028 0.18720499426126483 1.0000000180025095e-35
decision_type=8 10 10 10 2 2 10 2 8 10 8 10 10 10 2 2 8 8 10 10 10 8 10 8 8 10 8 2 10 2
left_child=1 3 14 5 -5 11 18 22 9 19 -10 20 -13 -4 15 17 -17 -3 -7 -9 -1 -12 -2 -24 -25 27 29 28 -26 -27
right_child=7 2 13 4 -6 6 -8 8 10 -11 21 12 -14 -15 -16 16 -18 -19 -20 -21 -22 -23 23 24 25 26 -28 -29 -30 -31
leaf_value=-0.0011839010569689049 -1.5374952223804438e-05 -0.00061704519214852635 7.4733049251374603e-05 -0.00082254014874378202 0.00061657931523833936 -0.00073428428453049832 -0.00097965906673179903 -0.0024751546851805931 0.0009095540184967867 -0.00017415324175076887 0.0003685891089242166 0.000695669711688487 -0.00122011970378478 0.00077057231997665213 0.00069462971609346035 4.9347957838035558e-05 -0.0015958379547938056 0.00036459633817924125 5.6210310760513445e-05 -0.0013382075668559549 -0.00023782974100307645 -0.00089120519869931411 -0.0023003909860261512 0.00093628664583145368 -0.0013208522736109667 0.00055781908225842997 0.00010989484174532133 1.1758248094155544e-05 0.00019197980310804599 0.00099030444531764193
leaf_weight=752 192174 840 938 983 825 650 1010 585 739 502 512 1276 551 1227 575 548 606 1431 647 527 647 503 619 1531 2379 2147 68351 9279 1644 799
leaf_count=752 192174 840 938 983 825 650 1010 585 739 502 512 1276 551 1227 575 548 606 1431 647 527 647 503 619 1531 2379 2147 68351 9279 1644 799
internal_value=8.62049e-06 -0.0016425 0.00153036 -0.00430554 0.00258526 -0.00655782 -0.0119767 8.76724e-05 -0.0053878 -0.0153325 0.00379819 -0.0026576 0.00209581 0.00825287 -0.0021197 -0.00394469 -0.0130584 0.000723367 -0.0058531 -0.0214795 -0.00883605 -0.00356098 0.00015398 0.000737099 0.000842814 0.000696734 0.00110999 -0.00151743 -0.0054426 0.00723951
internal_weight=295797 13506 6165 7341 1808 5533 2307 282291 3368 1614 1754 3226 1827 2165 4000 3425 1154 2271 1297 1112 1399 1015 278923 86749 86130 84599 71297 13302 4023 2946
internal_count=295797 13506 6165 7341 1808 5533 2307 282291 3368 1614 1754 3226 1827 2165 4000 3425 1154 2271 1297 1112 1399 1015 278923 86749 86130 84599 71297 13302 4023 2946
is_linear=0
shrinkage=0.05


Tree=215
num_leaves=31
num_cat=0
split_feature=52 12 20 59 49 59 24 58 70 72 10 74 70 55 54 60 63 75 75 55 54 72 54 58 60 58 68 33 67 72
split_gain=18.7086 17.9446 29.7344 52.1615 56.9409 29.2475 36.189 41.178 25.9578 25.6992 24.7977 25.7014 24.0696 38.9723 31.2065 28.3971 29.2584 26.1324 24.0043 35.2527 27.4397 24.6735 23.8154 41.6347 86.2406 34.3183 46.1532 24.8833 23.3943 23.2127
threshold=1.5000000000000002 -0.092954616993665681 -0.18382706493139264 -0.13860822468996045 0.0011334229493513706 -0.08991703018546103 1.9715520143508913 0.74469971656799328 0.19484605640172961 0.60537207126617443 -0.74914720654487599 0.0084073231555521506 -0.10994518548250197 1.5000000000000002 4.1553614139556894 -0.054715348407626145 -0.054629683494567864 0.84888970851898204 0.2856509685516358 1.0000000180025095e-35 2.6394144296646123 0.96176275610923778 5.9215650558471689 0.40468364953994757 0.021623728796839718 0.39193421602249151 0.0025800604489631955 8.5103993415832537 0.22829925268888476 0.75732240080833446
decision_type=8 8 10 8 2 10 8 2 10 10 8 8 8 2 2 10 10 8 10 2 2 10 2 2 8 2 10 8 10 10
left_child=-1 18 5 4 -4 -3 7 22 -6 -9 -5 28 13 14 15 16 -13 -16 19 20 -2 -20 23 27 -25 -24 -27 -7 -12 -26
right_child=1 2 3 10 8 6 -8 9 -10 -11 11 12 -14 -15 17 -17 -18 -19 21 -21 -22 -23 25 24 29 26 -28 -29 -30 -31
leaf_value=0.0031046162151939587 0.00071892750550517294 0.0002012355249638255 -0.0021056290022348971 0.0019536234099919864 0.00029510984467013283 -0.0011126022197129539 -0.0024306757029179146 9.3045341786320967e-05 -0.0022815960956137911 0.0056189129315679584 -0.0024950019689879378 0.0008143908795962794 -1.1995684056038958e-05 0.0012779327929979486 4.2105067303745487e-05 0.001959838200537673 -0.00086974287344438817 -0.0010477705242325872 0.00042907129633846879 0.00072795503848019642 -0.0015411817821701975 -0.0013041969705993599 -0.00015057451196266952 0.0020382271417307418 -0.0018158097061400195 -0.0033182149781807741 -0.00062538869025842436 0.00028311364910394571 -3.625376641139599e-05 -0.00020607760150392342
leaf_weight=527 540 5613 1491 590 1502 6009 1111 1700 524 715 545 1896 227891 954 6033 2728 1354 1337 19810 591 1517 1021 1038 2817 1591 516 795 1023 506 1630
leaf_count=527 540 5613 1491 590 1502 6009 1111 1700 524 715 545 1896 227891 954 6033 2728 1354 1337 19810 591 1517 1021 1038 2817 1591 516 795 1023 506 1630
internal_value=-0.000106277 -0.000123224 -0.000237755 -7.29703e-05 -0.00611001 -0.00189678 -0.00283566 -0.00228648 -0.000638507 0.0037732 1.43534e-05 -1.06884e-05 2.33275e-05 0.0020123 0.00131008 0.00399132 0.000828221 -0.000867209 0.00120269 -0.00327314 -0.00636188 0.00177295 -0.00323741 -0.00240061 0.000644841 -0.0078635 -0.0132097 -0.00501278 -0.00777568 -0.00493655
internal_weight=295915 295388 271909 247351 3517 24558 18945 17834 2026 2415 243834 243244 242193 14302 13348 5978 3250 7370 23479 2648 2057 20831 15419 13070 6038 2349 1311 7032 1051 3221
internal_count=295915 295388 271909 247351 3517 24558 18945 17834 2026 2415 243834 243244 242193 14302 13348 5978 3250 7370 23479 2648 2057 20831 15419 13070 6038 2349 1311 7032 1051 3221
is_linear=0
shrinkage=0.05


Tree=216
num_leaves=31
num_cat=0
split_feature=21 41 64 75 40 60 43 60 26 41 30 55 66 34 52 16 61 61 61 16 29 58 57 55 41 66 8 58 74 16
split_gain=17.3603 14.3567 53.1249 26.9818 15.4595 55.9874 53.2152 51.0072 48.1465 35.6151 35.5133 37.7668 36.5639 42.6293 32.1589 29.4653 30.0629 53.0201 36.4412 32.3541 31.4018 26.6899 27.5229 26.7426 26.4066 45.2299 30.4005 38.8448 50.9198 22.8691
threshold=2.0647552013397221 0.0076061000581830749 -0.024872183799743649 0.0088262790814042109 0.016617250628769401 -0.017530323006212708 0.32425172626972204 -0.0099287433549761755 -0.033996449783444398 0.018953342922031883 0.35416051745414739 1.5000000000000002 -0.36394771933555597 0.15856342017650607 10.500000000000002 -0.22440151125192639 -0.034699112176895135 -0.047038346529006951 -0.032842218875885003 -0.0099415890872478468 -0.24763524532318112 0.53941476345062267 0.53341251611709606 1.0000000180025095e-35 0.018253820016980175 -0.3647229522466659 -0.015992565080523487 0.37291786074638372 0.4716267883777619 -0.0897654853761196
decision_type=10 8 10 8 8 8 8 8 10 10 8 2 10 10 10 8 10 10 10 8 10 2 2 2 8 10 10 2 8 8
left_child=1 2 -1 -3 5 8 9 -8 10 -7 11 12 13 -5 21 -14 17 -17 -18 -20 -19 22 -9 -24 25 -6 27 -27 -29 -23
right_child=-2 3 -4 4 24 6 7 14 -10 -11 -12 -13 15 -15 -16 16 18 20 19 -21 -22 29 23 -25 -26 26 -28 28 -30 -31
leaf_value=-0.00016568009693750837 -0.0017315829292351642 -0.0010892547373253538 0.0006371033409680707 -0.00066545144491822982 -0.00045940891563529075 -0.00086151060984192914 -0.0014579898893762227 -0.0003660579826185366 0.00069253836241675863 0.0006547827933232307 -0.0019824952572012515 0.00045951967123791776 0.00078728080498529751 0.0001489180542843742 0.00029199404378451552 0.00064129819891100561 0.0010466897560158441 -3.6212304045392905e-06 0.00013288248481751718 -0.00081270990864977955 -0.00065174921366085753 -0.00077824405676283736 -0.00055884268954776127 -0.0014295245104351683 4.9394782138001416e-06 0.00047346544378280999 0.00099026736651321688 0.00081826410177302748 -0.0012516554774638076 7.1797226678216308e-05
leaf_weight=1355 1001 807 875 2253 744 651 1194 3696 973 2789 561 1050 1780 1255 1227 711 534 516 6060 527 995 1026 685 984 253457 2432 1318 550 671 2931
leaf_count=1355 1001 807 875 2253 744 651 1194 3696 973 2789 561 1050 1780 1255 1227 711 534 516 6060 527 995 1026 685 984 253457 2432 1318 550 671 2931
internal_value=-3.68719e-05 -1.44255e-05 0.00397321 -4.49746e-05 -1.95487e-05 -0.00104912 -0.00326137 -0.00486259 0.000902758 0.0022029 0.000252277 0.000697852 3.75657e-05 -0.00440591 -0.00374562 0.00144166 0.000315407 -0.0047491 0.00190015 0.000871608 -0.0100263 -0.00474711 -0.00704186 -0.0123585 0.00010919 0.00346725 0.00518972 0.00282555 -0.00442729 -0.00162591
internal_weight=295608 294607 2230 292377 291570 32398 15183 11743 17215 3440 16242 15681 14631 3508 10549 11123 9343 2222 7121 6587 1511 9322 5365 1669 259172 5715 4971 3653 1221 3957
internal_count=295608 294607 2230 292377 291570 32398 15183 11743 17215 3440 16242 15681 14631 3508 10549 11123 9343 2222 7121 6587 1511 9322 5365 1669 259172 5715 4971 3653 1221 3957
is_linear=0
shrinkage=0.05


Tree=217
num_leaves=31
num_cat=0
split_feature=28 33 55 42 11 10 65 10 75 26 55 67 15 67 10 65 72 63 68 58 74 65 11 65 67 10 11 26 63 75
split_gain=15.3541 84.6499 59.8166 104.399 99.1032 94.3802 83.7638 88.3205 110.167 80.4332 72.6322 72.7537 63.2134 60.5154 59.0287 86.4766 63.3098 57.9831 57.713 55.2022 54.9834 53.7924 45.7064 47.5792 45.5967 44.2925 77.0514 73.7058 60.0023 50.8433
threshold=0.27354352176189428 1.8655802607536318 1.0000000180025095e-35 0.067121509462595 0.23951356112957004 0.17101385444402697 0.063132941722869887 -0.11634392291307448 0.057341860607266433 -0.18585044145584104 1.5000000000000002 0.058803495019674308 -0.29516576230525965 0.20748154073953631 0.019040368497371677 -0.14181646704673764 0.19735296815633777 -0.063755840063095079 -0.075477510690689073 0.76973846554756176 0.069478757679462447 0.13133955001831057 -0.17290694266557691 0.15368527173995974 0.12801153957843783 -0.30487239360809321 -0.35530339181423182 -0.26963154971599573 -0.063755840063095079 0.35405206680297857
decision_type=8 10 2 10 8 10 8 8 10 10 2 10 10 8 10 10 10 10 10 2 10 8 10 8 10 8 8 10 10 10
left_child=1 2 14 5 10 6 7 8 -4 22 11 -5 -6 -11 19 18 -17 -10 -16 25 -3 -22 23 -8 -19 27 28 -1 -27 -30
right_child=-2 20 3 4 12 -7 9 -9 17 13 -12 -13 -14 -15 15 16 -18 24 -20 -21 21 -23 -24 -25 -26 26 -28 -29 29 -31
leaf_value=-0.00018541147898764774 3.3355464433239108e-05 0.00024435532659702609 -0.00075371172550772324 0.0075785634817032354 0.00095181568814245172 -0.0018673573503964229 0.0012960520533509873 -0.00036691326084516178 2.6057255406089153e-05 0.0020408320388220556 8.1076736007668244e-05 0.001808151311869749 -0.0010298253596831158 0.00043440797080580368 -0.0002347294555812441 0.0015954548183163874 0.00019048709543621149 0.00099418927556431782 -0.0021203313259197678 -0.0023633195000393598 -0.00099410292399876527 -0.00332894023624037 -0.00062403528532634501 -0.00015036357907903219 0.00039585872639018202 -0.00044250504640349649 -0.00016109961407413578 0.00057111420635661469 -0.0020151888800435955 -0.00083148310814253512
leaf_weight=17879 179574 1677 1217 633 2195 694 761 3801 5102 588 693 1195 941 1925 1342 3670 9884 1281 802 761 3342 655 1020 914 1450 5093 37288 6728 1274 1807
leaf_count=17879 179574 1677 1217 633 2195 694 761 3801 5102 588 693 1195 941 1925 1342 3670 9884 1281 802 761 3342 655 1020 914 1450 5093 37288 6728 1274 1807
internal_value=-4.11889e-05 -0.000487901 -0.000182969 0.00200246 0.00794953 0.000205191 0.000904865 -0.00126351 0.00142384 0.0062476 0.0153102 0.0205114 0.00200254 0.0126635 -0.000799649 0.00197352 0.00345031 0.00360194 -0.00733519 -0.00141446 -0.00643913 -0.00962066 0.000240296 0.00531157 0.00946735 -0.00126785 -0.00219256 0.000440752 -0.00658602 -0.0120835
internal_weight=296186 116612 110938 24410 5657 18753 18059 12851 9050 5208 2521 1828 3136 2513 86528 15698 13554 7833 2144 70830 5674 3997 2695 1675 2731 70069 45462 24607 8174 3081
internal_count=296186 116612 110938 24410 5657 18753 18059 12851 9050 5208 2521 1828 3136 2513 86528 15698 13554 7833 2144 70830 5674 3997 2695 1675 2731 70069 45462 24607 8174 3081
is_linear=0
shrinkage=0.05


Tree=218
num_leaves=31
num_cat=0
split_feature=18 54 33 55 66 66 10 41 38 69 52 60 59 59 54 69 54 32 9 30 66 54 33 41 19 7 75 66 30 54
split_gain=15.154 64.5711 82.9886 70.8726 79.2495 78.8941 60.999 58.7989 62.8576 82.1597 79.6596 58.0597 57.68 63.5325 61.3465 53.9854 49.2977 46.3739 46.1271 48.1091 49.232 60.0354 45.8963 53.702 50.3974 45.8631 60.5431 60.013 42.7196 62.889
threshold=0.039896901696920402 6.8300640583038339 0.1250078156590462 1.5000000000000002 -0.16004703938961026 -0.24756715446710584 0.80641052126884472 0.21968963742256167 0.17834354937076571 0.017343870364129547 8.5000000000000018 -0.065166734158992753 0.11174323782324792 0.0020108446478843693 5.236574888229371 0.025303168222308162 1.5528669953346255 -0.40648999810218805 0.44857740402221685 0.22716442495584491 -0.1912005618214607 3.9747160673141484 8.5103993415832537 0.060301829129457481 0.24487241357564929 0.15952113270759585 0.49491690099239355 -0.35111388564109797 1.0081557035446169 5.1373560428619394
decision_type=10 2 10 2 10 10 10 10 10 10 10 8 10 10 2 10 2 10 10 10 10 2 8 10 10 10 10 10 10 2
left_child=-1 3 -3 5 -5 11 -4 8 18 10 17 25 13 16 -14 -6 -11 -10 19 -7 21 -21 23 24 -18 -2 -27 -28 -19 -30
right_child=1 2 6 4 15 7 -8 -9 9 12 -12 -13 14 -15 -16 -17 22 28 -20 20 -22 -23 -24 -25 -26 26 27 -29 29 -31
leaf_value=1.1527993204773872e-05 -0.00071465909133495639 0.0031271463454337978 -0.00038254284771977246 0.00098583993640763922 -0.002111858190448861 0.00057483595930423847 -0.0019696003475158752 -0.0042591203453357851 0.002395035388215493 -0.0021937020821241535 0.0033486879776140552 -0.0014428036898761515 0.0046004814463141558 -0.0016087723344400126 -0.0013292197955500653 -9.1138905227670241e-05 0.00028479702315734848 -0.00057768552786040955 0.0014343795642631522 0.0033869423936967371 -0.0014195061168946388 -0.0011439880278650021 0.0025662636491169256 -0.00021913909992517523 0.0038835609106453368 0.0045630873638044895 0.0016292168162222159 -0.0013046651969420035 0.0027964250782959521 -0.0010925966585218893
leaf_weight=217816 5245 506 8479 577 1170 820 1949 845 3267 618 6754 3749 1791 4150 695 509 2750 6703 614 651 3602 577 683 12581 940 508 1460 1411 2975 1425
leaf_count=217816 5245 506 8479 577 1170 820 1949 845 3267 618 6754 3749 1791 4150 695 509 2750 6703 614 651 3602 577 683 12581 940 508 1460 1411 2975 1425
internal_value=-0.000117297 -0.000715256 -0.00427632 -0.000134168 -0.00882613 0.00016969 -0.00524047 0.00101714 0.00123241 0.00188126 0.00415917 -0.00342001 -0.000107358 -0.000934106 0.00709135 -0.0142984 0.000381072 0.00205146 -0.00345872 -0.00487633 -0.00677686 0.00185784 0.00089012 0.000353172 0.00564865 -0.00115821 0.00337858 0.000538008 0.000508414 0.00433107
internal_weight=295820 78004 10934 67070 2256 64814 10428 52441 51596 45332 21124 12373 24208 21722 2486 1679 17572 14370 6264 5650 4830 1228 16954 16271 3690 8624 3379 2871 11103 4400
internal_count=295820 78004 10934 67070 2256 64814 10428 52441 51596 45332 21124 12373 24208 21722 2486 1679 17572 14370 6264 5650 4830 1228 16954 16271 3690 8624 3379 2871 11103 4400
is_linear=0
shrinkage=0.05


Tree=219
num_leaves=31
num_cat=0
split_feature=7 57 68 54 23 24 11 42 54 40 43 70 38 67 10 64 68 11 67 70 42 47 16 18 74 59 67 19 60 33
split_gain=15.9303 23.9496 21.4254 26.4022 20.1828 35.8459 19.8045 15.521 19.808 18.2494 28.1665 30.8465 19.4531 16.0003 15.1631 32.0177 36.7734 59.5988 52.7405 42.5062 40.7151 28.9556 27.0668 24.84 51.623 37.2811 75.021 47.7121 32.1461 60.316
threshold=1.3992285132408144 0.46867430210113531 -0.017707714810967442 3.8855763673782353 -0.75912743806838978 0.37482291460037237 3.7709032297134404 0.34927414357662206 3.741234660148621 0.20038208365440371 0.95852556824684154 0.25759093463420873 1.035613536834717 0.24009388685226443 -0.48558057844638819 0.14958441257476809 -0.048500139266252511 -0.35530339181423182 0.16853125393390658 -0.02969676814973354 0.048497797921299941 -0.070181302726268754 -0.26164357364177698 -0.23713008314371106 0.020451268181204799 -0.013484680093824862 0.11175096035003663 -0.15306700021028516 -0.17157274484634397 1.4125198721885683
decision_type=10 2 10 2 8 10 8 10 2 10 8 10 10 10 8 10 10 10 10 10 10 2 10 8 8 10 10 10 8 10
left_child=4 2 -2 -4 5 -1 -3 9 -9 14 11 12 -11 -12 15 16 19 18 -18 21 -20 -6 -22 25 -25 28 27 -27 29 -16
right_child=1 6 3 -5 7 -7 -8 8 -10 10 13 -13 -14 -15 23 -17 17 -19 20 -21 22 -23 -24 24 -26 26 -28 -29 -30 -31
leaf_value=-0.00045880066788789103 0.00019121338553925311 -0.0017612310895653912 -0.001075954430563847 -0.0043512576905723683 0.0024756656009952906 0.0088546096834428382 0.0016496288716141159 -0.0024500801004517306 0.0003633690221596431 0.00055719501365923858 0.00053901349860246278 -0.00095747018901383397 0.0035028734794717506 -0.00170987927494022 4.4891563411139995e-05 -0.0015229936106152184 0.0019056790610082449 0.0039922525329969026 0.0011869731031674466 -0.00065230765633346932 -0.0011972015002819417 6.4662716081096558e-05 0.00039358063944364943 -0.0023253576545294546 2.5154442023108544e-06 -0.0028277328851443232 -0.00029262112943795711 -0.0003538317887512544 0.00077051128792436164 -0.001798430884601146
leaf_weight=552 521 776 503 530 752 551 813 1274 954 710 1758 542 1080 681 3892 531 2050 1154 877 2429 1556 2449 572 1605 256181 1002 6328 508 2229 563
leaf_count=552 521 776 503 530 752 551 813 1274 954 710 1758 542 1080 681 3892 531 2050 1154 877 2429 1556 2449 572 1605 256181 1002 6328 508 2229 563
internal_value=-6.47106e-05 -0.00359975 -0.00799233 -0.0121285 -2.66403e-05 0.00669362 0.000719199 -5.22821e-05 -0.00420018 -2.02101e-05 0.0030433 0.00695986 0.0101111 -0.000714577 -7.16574e-05 0.00163974 0.00218162 0.00483197 0.00247779 -0.000744681 -0.00174129 0.00303644 -0.0054724 -0.000149458 -3.6075e-05 -0.00216075 -0.00449796 -0.0144737 0.000582611 -0.0018701
internal_weight=295923 3143 1554 1033 292780 1103 1589 291677 2228 289449 4771 2332 1790 2439 284678 12370 11839 6209 5055 5630 3005 3201 2128 272308 257786 14522 7838 1510 6684 4455
internal_count=295923 3143 1554 1033 292780 1103 1589 291677 2228 289449 4771 2332 1790 2439 284678 12370 11839 6209 5055 5630 3005 3201 2128 272308 257786 14522 7838 1510 6684 4455
is_linear=0
shrinkage=0.05


Tree=220
num_leaves=31
num_cat=0
split_feature=38 15 27 40 18 54 54 41 15 27 11 60 67 58 54 11 69 7 43 68 30 54 42 69 54 11 54 54 63 68
split_gain=16.5031 13.0275 12.9749 46.6033 46.6394 45.6722 34.7448 111.688 83.6261 41.6159 44.1665 35.885 34.2628 49.5921 84.3246 63.0614 56.6084 33.5425 31.0132 30.632 37.7745 34.5752 30.0485 28.0581 35.3667 28.548 53.6433 58.7591 98.4778 84.5543
threshold=2.2250175476074223 -0.41479426622390742 0.65282198786735546 0.048069007694721229 -0.0014111240161582825 3.9432309865951543 6.9614286422729501 0.21968963742256167 -0.23345753550529477 2.6837921142578129 -0.42122215032577509 0.1157033033668995 0.43542042374610906 0.6456594467163087 3.3143678903579716 0.78124067187309276 0.022530457936227325 0.30848455429077154 1.4298973083496096 0.019005300477147106 2.0676420927047734 2.4659786224365239 0.072597566992044463 0.053213361650705344 5.0716364383697519 0.73047733306884777 1.800884008407593 4.635068655014039 0.081149816513061537 -0.026939604431390759
decision_type=10 10 10 10 8 2 2 8 8 10 10 8 8 2 2 10 10 10 10 10 10 2 10 10 2 10 2 2 10 10
left_child=2 -2 23 4 -4 -6 9 11 -9 12 -11 -8 13 16 15 -15 19 -13 -16 20 -5 -21 -18 25 -25 -1 -27 28 -28 -29
right_child=1 -3 3 6 5 -7 7 8 -10 10 -12 17 -14 14 18 -17 22 -19 -20 21 -22 -23 -24 24 -26 26 27 29 -30 -31
leaf_value=4.5840409988509407e-06 -8.018037911099174e-05 -0.0029531167456209647 0.00012540805886344678 0.0004985406502093755 0.0056112878531336709 0.00080101068750808237 -0.0011026500229859178 -0.00026825492718729439 0.010590454771345768 -0.0033751780120705802 -0.00013990318798023512 0.00095598765585738852 -0.00082562449053160336 0.0014068545227295184 0.001234142697469878 0.014347260268646522 -0.0011434089890906729 -0.00071458201339534566 -0.0019912628758993992 -0.0047571853370611001 -0.0014692436877762742 -0.0010810951932250386 0.00070889744805461988 -0.00022559161316071386 -0.0015362777144761525 0.0071042656432356134 -0.0015697303534096742 0.0014786764431982857 0.0048565677929520911 -0.00072102229654466402
leaf_weight=224862 545 592 3152 4905 956 1614 4130 553 508 932 1825 512 2704 962 2168 1137 675 957 886 653 2227 1870 13323 4328 1700 504 7645 3824 873 3992
leaf_count=224862 545 592 3152 4905 956 1614 4130 553 508 932 1825 512 2704 962 2168 1137 675 957 886 653 2227 1870 13323 4328 1700 504 7645 3824 873 3992
internal_value=-7.34289e-05 -0.00605929 -5.01041e-05 0.00071476 0.00493719 0.00992248 0.00012336 -0.00317841 0.0116246 0.00076582 -0.00511384 -0.00599929 0.00128173 0.0017872 0.006227 0.0139165 0.000817732 0.000709939 0.000913838 -0.00212623 -0.000448054 -0.00684959 0.00284837 -0.000194157 -0.00356078 -0.000110049 -0.0020952 -0.00259422 -0.00546435 0.000536673
internal_weight=295514 1137 294377 46649 5722 2570 40927 6660 1061 34267 2757 5599 31510 28806 5153 2099 23653 1469 3054 9655 7132 2523 13998 247728 6028 241700 16838 16334 8518 7816
internal_count=295514 1137 294377 46649 5722 2570 40927 6660 1061 34267 2757 5599 31510 28806 5153 2099 23653 1469 3054 9655 7132 2523 13998 247728 6028 241700 16838 16334 8518 7816
is_linear=0
shrinkage=0.05


Tree=221
num_leaves=31
num_cat=0
split_feature=13 9 19 65 19 57 69 54 46 65 30 54 54 67 75 52 71 30 69 49 65 9 69 54 46 65 60 68 14 6
split_gain=19.6844 40.6417 36.3005 45.9698 46.7775 55.8985 44.2258 49.639 60.6928 59.931 69.488 58.0982 57.5399 47.8352 41.2262 34.4649 32.6674 32.5667 46.139 47.8193 37.625 38.7977 34.972 47.2802 54.5951 40.368 36.1197 34.3026 31.751 31.1885
threshold=-0.056245468556880944 -0.55598309636116017 -0.14249736815690991 -0.24576228857040402 -0.037340698763728135 0.11027351766824724 0.017707170918583873 4.4474632740020761 13.500000000000002 0.039749205112457282 0.33333580195903784 6.291846990585328 8.0361690521240252 0.25114202499389654 0.35405206680297857 10.500000000000002 0.0065174661576747903 1.3993003368377688 0.012222021818161012 0.00025680536055006092 0.16305190324783328 0.46364906430244451 0.012884998228400947 6.0040106773376474 4.5000000000000009 -0.053543180227279656 0.15219037979841235 -0.10343450307846068 -0.16129266470670697 -0.12301563844084738
decision_type=10 8 8 8 10 2 10 2 10 8 10 2 2 10 8 10 10 8 8 2 8 10 10 2 10 10 8 10 10 10
left_child=2 -2 6 4 -4 15 13 9 12 10 16 -10 -9 -1 -5 -6 -8 22 -19 20 21 -20 28 26 25 -25 -24 -26 -16 -30
right_child=1 -3 3 14 5 -7 7 8 11 -11 -12 -13 -14 -15 17 -17 -18 18 19 -21 -22 -23 23 24 27 -27 -28 -29 29 -31
leaf_value=-0.00025798578866400559 -0.0012376400683286706 -3.3035620198330075e-05 2.3053436986100741e-05 -0.00022479012938896091 0.0008470224925261078 -0.0016968494072186154 0.0012198628801683529 0.00017322237284072433 7.5936105229547365e-05 -0.0011706247271895801 0.0066320798234497883 -0.0023343613069900788 0.0031277380554909267 0.00082984022090109525 5.6870412893428313e-05 -0.0015933253749765609 -0.00053433064711052561 -0.0043417494704851844 -0.0021276303703791125 -0.00049739436316232342 0.0012336228719765224 0.0008759834742184579 0.00011795180026354362 0.0019609040870329931 -0.002984882940752543 0.00043847561691808917 -0.0015875538867518699 0.00035071176122215678 0.0023572236163441314 0.00065674663059765508
leaf_weight=6636 1746 208926 5794 11707 1414 3036 3638 2942 909 515 682 542 606 1734 2037 874 551 765 578 8431 4479 668 15235 1672 507 1381 1334 1571 2423 2113
leaf_count=6636 1746 208926 5794 11707 1414 3036 3638 2942 909 515 682 542 606 1734 2037 874 551 765 578 8431 4479 668 15235 1672 507 1381 1334 1571 2423 2113
internal_value=-8.19073e-05 -0.000340798 0.000561427 9.84416e-06 -0.00292056 -0.00629921 0.002502 0.00468013 0.00108804 0.00800593 0.00972137 -0.00749487 0.00460933 -0.000202864 0.000603704 -0.000391645 0.00727554 0.00131701 -0.000572634 7.76507e-05 0.0036007 -0.00406051 0.00231411 0.001345 0.00553394 0.009778 4.5238e-05 -0.000718391 0.00550661 0.00783106
internal_weight=295446 210672 84774 66019 11118 5324 18755 10385 4999 5386 4871 1451 3548 8370 54901 2288 4189 43194 14921 14156 5725 1246 28273 21700 5131 3053 16569 2078 6573 4536
internal_count=295446 210672 84774 66019 11118 5324 18755 10385 4999 5386 4871 1451 3548 8370 54901 2288 4189 43194 14921 14156 5725 1246 28273 21700 5131 3053 16569 2078 6573 4536
is_linear=0
shrinkage=0.05


Tree=222
num_leaves=31
num_cat=0
split_feature=32 55 33 27 2 19 65 45 54 63 57 67 55 6 61 75 38 67 11 71 41 60 8 11 19 67 57 54 65 53
split_gain=15.2628 26.9481 25.708 24.5629 23.479 19.4297 100.668 71.0707 84.6248 80.8037 70.8252 75.029 70.5645 62.4468 69.9751 60.594 73.3766 115.675 72.3245 61.0203 54.0964 50.0701 47.028 44.9162 47.3289 49.8698 47.7578 47.1547 122.25 149.174
threshold=-0.036877512931823724 1.0000000180025095e-35 0.38115710020065313 0.59313112497329723 0.022618816234171394 1.0000000180025095e-35 -0.208462119102478 25.500000000000004 3.4905809164047246 0.039439558982849128 0.51880058646202099 0.27286152541637426 1.5000000000000002 0.21020359545946124 -0.024783402681350705 0.10980751365423204 0.17105355858802798 0.12656008452177051 -0.3121651411056518 0.034669239073991782 0.039833830669522292 -0.027165814302861687 -0.15351396054029462 0.12187251448631288 -0.14081251621246335 0.20156463235616687 0.69186523556709301 2.9849240779876713 -0.2715532779693603 0.080128207802772536
decision_type=10 2 10 10 10 10 8 10 2 10 2 10 2 10 10 10 10 10 10 10 10 10 10 10 10 10 2 2 8 8
left_child=5 2 -2 4 -4 23 13 12 9 22 11 -10 15 14 -7 -8 18 19 -17 -18 -21 -22 -9 27 25 -25 -27 28 -1 -30
right_child=1 -3 3 -5 -6 6 7 8 10 -11 -12 -13 -14 -15 -16 16 17 -19 -20 20 21 -23 -24 24 -26 26 -28 -29 29 -31
leaf_value=0.00073410837916930145 0.00080504527024039647 -0.00090099909622372515 -0.0025186398366398577 0.00015423019365914741 -0.00082201880387709758 -0.0001426500556692488 0.0005729064123050989 0.0020760526253952227 0.00011828976999590096 0.0073852395265829171 -0.0011799101956653285 0.0011700024199541978 -0.00072288011258662434 0.0018400739329625217 -0.0014564414175626357 0.0014069914169995749 0.0030539348907699399 -7.1731065423630284e-06 -0.00074137763664635682 -0.0023557147238927431 -0.00018405672017735855 0.0039096865372903241 -0.00052817288218084436 0.00019096804013422412 0.00021419413069571626 0.010192472167840815 0.002238208659052623 -8.3853559304097886e-07 -0.00069756982943356078 0.0012619373520566712
leaf_weight=4948 513 573 537 2558 1671 4749 2375 1125 6426 2140 1866 2625 2311 956 4986 681 3115 43312 6356 655 2507 4559 1273 1037 7033 510 660 144798 34321 4960
leaf_count=4948 513 573 537 2558 1671 4749 2375 1125 6426 2140 1866 2625 2311 956 4986 681 3115 43312 6356 655 2507 4559 1273 1037 7033 510 660 144798 34321 4960
internal_value=-4.99753e-05 -0.00257591 -0.0014464 -0.00259631 -0.00644725 1.03344e-06 0.000601454 0.00120119 0.00425154 0.00998241 0.00186236 0.00369165 0.000484965 -0.00395757 -0.00515649 0.000797546 0.000492687 0.0011171 -0.0043068 0.00573483 0.00334368 0.00462125 0.00365449 -0.000277642 0.00312432 0.00949481 0.0165254 -0.000444093 -0.00187278 -0.00280599
internal_weight=296136 5852 5279 4766 2208 290284 92017 81326 15455 4538 10917 9051 65871 10691 9735 63560 61185 54148 7037 10836 7721 7066 2398 198267 9240 2207 1170 189027 44229 39281
internal_count=296136 5852 5279 4766 2208 290284 92017 81326 15455 4538 10917 9051 65871 10691 9735 63560 61185 54148 7037 10836 7721 7066 2398 198267 9240 2207 1170 189027 44229 39281
is_linear=0
shrinkage=0.05


Tree=223
num_leaves=31
num_cat=0
split_feature=2 18 16 71 67 31 65 33 65 72 75 18 16 20 11 18 71 65 65 64 60 52 65 10 65 75 64 67 58 30
split_gain=18.0252 36.7766 34.1869 35.3831 36.4311 30.5819 28.1806 28.1662 60.5255 111.931 82.1614 48.4404 39.5826 37.537 37.3742 32.9296 55.3763 37.5143 31.7692 47.1714 29.9635 26.5371 53.0613 35.4403 34.7255 42.7692 33.8521 36.7435 36.7582 33.4728
threshold=0.0073162645567208537 -0.10515134781599043 -0.23410151153802869 -0.20139726996421811 0.26420179009437567 0.28155134618282324 -0.30154803395271296 0.080390293151140227 0.063132941722869887 0.42236033082008367 0.3377824872732163 -0.047327801585197442 -0.057334706187248223 -0.08380658924579619 -0.39964817464351649 0.0092234574258327501 0.11736848950386049 -0.22271889448165891 0.24087172746658328 1.0000000180025095e-35 0.25604631751775747 9.5000000000000018 -0.23168364167213437 0.0075225813779979953 -0.32758948206901545 0.59045344591140758 0.23873168230056765 0.15200098603963855 0.41818229854106909 0.85191279649734508
decision_type=8 10 8 10 10 10 8 10 10 10 10 10 10 10 8 10 10 8 10 10 10 10 10 8 10 10 10 10 2 10
left_child=1 -1 3 -3 -5 -2 -7 8 10 13 12 -11 14 -10 -4 16 20 -18 19 -15 -9 24 23 -23 25 -17 27 28 29 -24
right_child=5 2 7 4 -6 6 -8 15 9 11 -12 -13 -14 18 -16 21 17 -19 -20 -21 -22 22 26 -25 -26 -27 -28 -29 -30 -31
leaf_value=0.00014670601223736452 -0.00021788729199412468 -0.002083616695989859 -0.0013832263147489942 -0.00072305508115475382 0.00063464848013350817 0.00086442177603578217 -5.9664916715925465e-06 0.00021987728948495347 -0.00070934000995255563 0.0024482950568433383 0.00035623218562968491 0.00050657046643199787 -0.0010859726114933208 0.00080895682347213802 -0.00031595389634285644 0.0024893333629331135 0.0001119682178564542 -0.0014156415416320283 0.00062478154677983076 -0.00028280738309335906 -0.00070952074205373188 9.3335118645709522e-05 0.0010268001214018359 -0.0032311259887720782 -0.00019743835688264025 -0.00044037086427787256 0.0017966025666203188 -1.7275162439519578e-05 0.0086018632277062353 -0.0014867582564619425
leaf_weight=68055 44161 559 562 3473 891 2053 63038 32970 1074 508 5102 659 948 578 9722 743 1983 2190 789 1678 536 559 1864 677 40769 839 565 6510 1104 636
leaf_count=68055 44161 559 562 3473 891 2053 63038 32970 1074 508 5102 659 948 578 9722 743 1983 2190 789 1678 536 559 1864 677 40769 839 565 6510 1104 636
internal_value=-4.00602e-05 0.00025864 -0.000273422 -0.00434827 -0.00281207 -0.000550054 0.000139015 -9.64121e-05 -0.00171983 0.00292674 -0.00322442 0.0165251 -0.00561288 -0.000956648 -0.00470177 0.000285466 0.00142084 -0.0040043 0.00188216 -0.0011474 0.00209751 -0.000502985 0.00158071 -0.0081862 -0.00108945 0.00615578 0.00271775 0.00204465 0.00608744 0.00270916
internal_weight=295795 186543 118488 4923 4364 109252 65091 113565 21620 5286 16334 1167 11232 4119 10284 91945 37679 4173 3045 2256 33506 54266 11915 1236 42351 1582 10679 10114 3604 2500
internal_count=295795 186543 118488 4923 4364 109252 65091 113565 21620 5286 16334 1167 11232 4119 10284 91945 37679 4173 3045 2256 33506 54266 11915 1236 42351 1582 10679 10114 3604 2500
is_linear=0
shrinkage=0.05


Tree=224
num_leaves=31
num_cat=0
split_feature=27 31 45 60 54 19 11 32 18 54 66 75 63 67 66 11 67 63 71 8 33 30 10 11 7 28 54 68 26 65
split_gain=15.0225 40.244 28.5234 20.5818 15.7714 58.9349 73.5064 66.6051 102.271 117.568 94.1307 53.4928 51.7896 55.692 50.4611 49.5727 44.876 44.5763 41.933 42.1234 38.0862 55.4268 41.1749 36.4393 35.9967 32.8812 31.3907 90.3419 106.404 76.3576
threshold=3.6738939285278325 0.3709844201803208 9.5000000000000018 0.11374010145664216 1.8586387038230898 0.0049739957321435222 3.4228674173355107 -0.51283970475196827 -0.071227729320526109 1.3825365304946902 -0.32772420346736902 0.2326164320111275 0.033146739006042487 0.27505078911781317 -0.1611489802598953 -0.23251280188560483 0.14143289625644687 0.081149816513061537 0.27971936762332922 0.35800302028656011 0.40835098922252661 0.94414457678794872 -0.64830163121223439 -0.092852663248777376 0.025758417323231701 0.77941548824310314 2.2380464076995854 0.079887937754392638 -0.19824425131082532 -0.45030623674392695
decision_type=10 10 10 8 2 8 8 10 10 2 10 10 8 10 10 10 8 8 10 10 10 10 10 10 10 10 2 8 10 10
left_child=4 -2 3 -3 5 6 7 10 9 -9 11 -1 13 18 -12 -11 -14 23 -7 -20 22 -22 -8 -18 -19 -10 27 28 29 -6
right_child=1 2 -4 -5 26 12 20 8 25 15 14 -13 16 -15 -16 -17 17 24 19 -21 21 -23 -24 -25 -26 -27 -28 -29 -30 -31
leaf_value=0.0013060859205353121 -0.0036532726450462421 -0.0022643369142024035 0.0022518786805158474 0.00038948072592071876 -0.0019534571428836064 0.00011006366383551625 -0.002869595355706338 -0.00096570146284192387 -0.0015674844556458169 0.00071737854108982796 0.0046515059573903686 -0.00033730687062887054 0.016355764898647495 -0.0016280398417197245 0.00024629455832343022 0.0031976198314401768 0.0011394010856979927 0.001333680478450122 0.0056940777701172136 0.0011499461438720924 0.00083128924792740953 -0.0019413428053752333 -0.0011859888831393993 -0.001990097381092599 0.0051075999433986708 0.00039391130912524476 -3.9213126907803462e-06 0.0015583272341598701 -0.001411512119077902 0.00042832805073188783
leaf_weight=586 534 511 518 504 1498 4075 852 1466 2860 888 1742 3557 743 1328 629 658 568 2601 523 749 1680 1354 1166 522 1092 618 248748 1816 5175 5759
leaf_count=586 534 511 518 504 1498 4075 852 1466 2860 888 1742 3557 743 1328 629 658 568 2601 523 749 1680 1354 1166 522 1092 618 248748 1816 5175 5759
internal_value=-7.17841e-05 -0.0043091 -0.000162022 -0.00502439 -4.17714e-05 0.00103909 -0.000774936 0.00121408 -0.00236923 0.00436797 0.00478234 0.00022875 0.00372205 0.000755423 0.0127047 0.013946 0.00729769 0.0054976 0.00303341 0.0109204 -0.005887 -0.00233246 -0.0111933 -0.00336364 0.00811504 -0.00819954 -0.000166156 -0.00244775 -0.00397042 -6.19238e-05
internal_weight=295320 2067 1533 1015 293253 30257 18056 13004 6490 3012 6514 4143 12201 6675 2371 1546 5526 4783 5347 1272 5052 3034 2018 1090 3693 3478 262996 14248 12432 7257
internal_count=295320 2067 1533 1015 293253 30257 18056 13004 6490 3012 6514 4143 12201 6675 2371 1546 5526 4783 5347 1272 5052 3034 2018 1090 3693 3478 262996 14248 12432 7257
is_linear=0
shrinkage=0.05


Tree=225
num_leaves=31
num_cat=0
split_feature=7 69 30 55 39 11 69 54 54 59 68 68 32 15 55 32 11 69 57 68 54 54 74 9 42 69 68 10 10 54
split_gain=15.306 19.8508 12.3046 92.8423 170.451 137.324 69.6471 157.387 65.7018 65.284 64.5947 73.7965 55.6013 74.9983 54.8128 112.375 119.075 103.64 81.6238 80.2028 104.547 74.5303 87.3803 73.272 66.4675 79.1835 70.2288 70.3533 62.7751 135.522
threshold=1.6760217547416689 0.021473001688718799 0.45221017301082617 1.0000000180025095e-35 0.019916991703212265 0.34455198049545294 0.0083621535450220125 4.2047674655914316 6.1439495086669931 -0.032720264047384255 0.15221843868494037 -0.058731682598590844 -0.31158924102783198 0.016030912287533287 1.0000000180025095e-35 -0.67671597003936756 -0.36699303984642023 0.014747577719390394 0.44388101994991308 -0.10822725296020506 7.1068067550659189 8.2211270332336444 0.8826291859149934 -0.19280537217855451 0.020112801343202594 0.019753501750528816 0.16445285081863406 0.034814532846212394 -0.066944606602191911 7.0733969211578378
decision_type=10 10 8 2 10 10 8 2 2 10 10 8 10 10 2 8 8 10 2 10 2 2 10 10 10 10 10 10 10 2
left_child=2 -2 14 6 8 10 7 -4 -5 -10 11 -6 13 -13 24 -16 23 18 -18 20 -19 22 -20 -17 25 -1 -26 -28 -21 -30
right_child=1 -3 3 4 5 -7 -8 -9 9 -11 -12 12 -14 -15 15 16 17 19 21 28 -22 -23 -24 -25 26 -27 27 -29 29 -31
leaf_value=0.00047038095205322251 -0.0033449605558509149 -3.2202876806586464e-05 0.018942728584330666 8.8844193478734504e-05 0.0020108022008551367 -0.0021481055635168269 0.00016319645046927283 -0.0025103060317644798 -0.0030550717421473348 -0.0007735120104158847 0.001905726048225382 -0.00015313731546355639 0.00057888113531123916 -0.0015857976851649776 -0.0008223504882913131 0.0015899841984321557 -9.947090642680595e-07 -0.00086169904596647179 -0.0001934930604824435 0.00041326272814486663 0.00063791065580322845 -0.0024541796446391761 -0.0014123597334259538 0.00028407341853310832 -0.00013125091572320225 -0.00040992398484008126 -0.0024053185828370517 -0.00015599921623472309 0.00030227399417839253 -0.00058018382728751883
leaf_weight=13770 875 1238 1176 741 1308 1214 106242 882 1051 1704 928 7830 2337 985 1796 2030 6387 2019 2168 11408 920 610 568 3053 109905 3707 870 994 4613 2227
leaf_count=13770 875 1238 1176 741 1308 1214 106242 882 1051 1704 928 7830 2337 985 1796 2030 6387 2019 2168 11408 920 610 568 3053 109905 3707 870 994 4613 2227
internal_value=6.15768e-05 -0.00416863 9.21783e-05 0.000464369 -0.00284957 -0.000472215 0.00101837 0.0101064 -0.0127496 -0.0162929 0.000992685 4.00962e-05 -0.00128113 -0.00309915 -0.000189459 0.0014851 0.00209508 0.000927902 -0.00334086 0.00288956 -0.00476433 -0.00965435 -0.00608157 0.00917927 -0.000679272 0.00218734 -0.00112767 -0.0107257 0.00412422 0.000335766
internal_weight=295556 2113 293443 126398 18098 14602 108300 2058 3496 2755 13388 12460 11152 8815 167045 37799 36003 30920 9733 21187 2939 3346 2736 5083 129246 17477 111769 1864 18248 6840
internal_count=295556 2113 293443 126398 18098 14602 108300 2058 3496 2755 13388 12460 11152 8815 167045 37799 36003 30920 9733 21187 2939 3346 2736 5083 129246 17477 111769 1864 18248 6840
is_linear=0
shrinkage=0.05


Tree=226
num_leaves=31
num_cat=0
split_feature=2 31 55 10 63 11 9 60 54 67 65 26 67 58 67 60 10 44 65 41 11 30 16 54 75 75 30 54 54 41
split_gain=17.4667 24.1425 23.9389 93.4037 78.8819 50.1404 86.0129 73.6735 73.0306 41.7539 73.4068 43.8516 43.4689 52.8212 44.4222 37.6671 72.0212 44.8126 38.9535 80.5734 86.4901 77.0486 72.6226 56.5661 57.8689 48.0846 43.7971 60.3918 59.7013 240.818
threshold=-0.014897863846272228 0.87566548585891735 1.0000000180025095e-35 0.12779866904020312 0.062180459499359138 -0.30534294247627253 -0.26707394421100611 -0.13075382262468335 7.1764457225799569 0.077532038092613234 -0.13690322637557981 -0.20146697014570233 0.24628800898790362 0.42152833938598638 0.2889851182699204 0.25604631751775747 -0.096030455082654939 -3.4999999999999996 -0.048084676265716546 0.21968963742256167 -0.17916074395179746 0.3996542245149613 -0.019428036175668236 8.3125643730163592 0.2326164320111275 0.60645082592964183 0.51857310533523571 8.0796771049499529 6.2528474330902108 0.063105192035436644
decision_type=8 10 2 10 10 8 8 10 2 8 8 8 8 2 8 10 10 2 10 8 8 10 10 2 10 10 8 2 2 10
left_child=1 2 15 5 -5 7 -7 8 -4 10 11 -8 13 -11 -14 18 -17 -18 22 20 21 23 26 24 -20 -24 27 28 -1 -30
right_child=-2 -3 3 4 -6 6 9 -9 -10 12 -12 -13 14 -15 -16 16 17 -19 19 -21 -22 -23 25 -25 -26 -27 -28 -29 29 -31
leaf_value=-0.00014931495711595634 -4.5559639225648815e-05 -0.0014585339071668856 0.0003697282216114307 -0.0014735882483795455 0.00084432204788312194 -0.0004396097541856544 0.0010490209625516494 0.00027485178465023899 0.0040397975654399799 0.00091886003345214998 -0.001051724754756661 -1.3151604703678412e-05 -0.0002680553023043923 -2.1163896712146418e-05 0.00046620208202420577 -0.0022364073154192881 0.0013844556676137416 -0.00068109366500550815 -0.0016327123366123215 -0.0037585958511499097 0.00055279773658519112 0.0038807370481637421 0.00019705502914239988 0.00076079708057848932 -0.00038404469892765907 -0.0013615629058133011 0.00046169322994981944 -0.00097141681267994104 0.00088844385476697036 -0.0023923803494506242
leaf_weight=33681 163784 883 605 1641 546 3484 509 3183 598 3953 896 1962 2157 1317 2503 664 775 3562 1711 602 29551 724 2178 564 3935 5554 16519 1638 5049 1117
leaf_count=33681 163784 883 605 1641 546 3484 509 3183 598 3953 896 1962 2157 1317 2503 664 775 3562 1711 602 29551 724 2178 564 3935 5554 16519 1638 5049 1117
internal_value=-1.70692e-05 0.000410764 0.000466506 0.00191748 -0.00789713 0.00293479 0.0016884 0.00768881 0.0181781 0.0035207 -0.00128813 0.00316405 0.00515091 0.00825758 0.00162741 0.000152086 -0.00408102 -0.00171383 0.000358348 0.00165377 0.00195506 -0.0030674 -0.000372646 -0.00487138 -0.0063826 -0.00492121 0.000234426 -0.000632606 -0.000244625 0.00427461
internal_weight=295845 132061 131178 23354 2187 21167 16781 4386 1203 13297 3367 2471 9930 5270 4660 107824 5001 4337 102823 37087 36485 6934 65736 6210 5646 7732 58004 41485 39847 6166
internal_count=295845 132061 131178 23354 2187 21167 16781 4386 1203 13297 3367 2471 9930 5270 4660 107824 5001 4337 102823 37087 36485 6934 65736 6210 5646 7732 58004 41485 39847 6166
is_linear=0
shrinkage=0.05


Tree=227
num_leaves=31
num_cat=0
split_feature=3 2 20 59 63 74 53 54 59 35 65 64 33 75 73 42 68 72 54 65 37 24 18 33 41 58 9 11 42 30
split_gain=18.5079 16.1987 24.8993 47.6839 32.4682 52.261 51.9518 33.331 31.6711 30.8097 29.7068 35.9868 27.5606 30.0554 28.598 25.3474 33.3266 31.5701 32.1697 45.087 27.2685 23.3763 44.1 42.0676 60.0767 47.207 35.4718 30.6988 28.894 42.8254
threshold=0.94378438591957103 -0.07938849180936812 -0.082320712506771074 -0.13860822468996045 -0.11301109194755553 0.62857127189636242 0.13392857462167743 1.8586387038230898 -0.08991703018546103 75.444713592529311 -0.2619663774967193 -0.19025689363479611 0.10417830571532251 0.26128353178501135 0.81890785694122326 0.010260917712002994 -0.092194847762584672 0.68604809045791637 7.9967379570007333 0.056391835212707526 -0.28052257001399988 0.037151038646698005 -0.15307729691267011 0.43530835211277014 0.010663328226655723 0.41444073617458349 -0.31145562231540674 -0.44020967185497278 0.017591902986168865 0.79859921336174022
decision_type=10 8 10 8 8 8 10 2 8 2 10 10 10 10 10 8 10 8 2 10 10 8 8 8 8 2 10 8 10 8
left_child=1 -1 -3 -4 5 7 9 -5 -6 10 12 -12 -7 -14 -15 16 -10 18 -18 -20 -19 22 26 27 -25 -26 -17 -24 -27 -30
right_child=-2 2 3 4 8 6 -8 -9 15 -11 11 -13 13 14 -16 21 17 20 19 -21 -22 -23 23 24 25 28 -28 -29 29 -31
leaf_value=0.00015050616452473784 -0.0017773571208755568 -0.00011044112980548894 -0.0013675507600927797 0.0013792307602377321 -0.00088839797069692895 -8.6370635985155451e-05 -0.0010979007588213987 -0.00029216435692398828 -0.00043825062791839648 0.0018502159997888313 0.0016488171530409188 0.00053903855275428683 0.00081553869191339961 -0.00054551156132978792 0.0019393938926523862 3.4259608790663218e-05 0.00070202270202525331 0.00024306408026713162 -0.0010385448199032267 0.00017837356272694881 0.0019162749428030029 4.832389494903236e-05 -0.0010259555572800809 0.00043408762893554177 -0.0018167101316571115 0.00057169457744431771 0.0010823021003042378 -1.3490304955141573e-05 -0.00084406004958059028 0.00023309478131514316
leaf_weight=41329 1178 95543 1168 655 1252 1741 685 5035 542 771 521 1295 803 725 573 1864 3134 511 502 643 613 109087 1406 518 1887 624 1115 17426 2143 911
leaf_count=41329 1178 95543 1168 655 1252 1741 685 5035 542 771 521 1295 803 725 573 1864 3134 511 502 643 613 109087 1406 518 1887 624 1115 17426 2143 911
internal_value=-6.75197e-07 2.44041e-05 -0.000125146 0.000259863 0.000335049 0.002747 0.00560079 -0.000824561 0.000120676 0.00699643 0.00569866 0.0109529 0.00319315 0.00703458 0.00229358 0.000190295 0.00338371 0.00457233 0.00259967 -0.00454545 0.0119929 5.14632e-05 -0.00123997 -0.00192778 -0.00553914 -0.0070583 0.00449983 -0.000758943 -0.00374187 -0.00574413
internal_weight=296200 295022 253693 158150 156982 12804 7114 5690 144178 6429 5658 1816 3842 2101 1298 142926 5945 5403 4279 1145 1124 136981 27894 24915 6083 5565 2979 18832 3678 3054
internal_count=296200 295022 253693 158150 156982 12804 7114 5690 144178 6429 5658 1816 3842 2101 1298 142926 5945 5403 4279 1145 1124 136981 27894 24915 6083 5565 2979 18832 3678 3054
is_linear=0
shrinkage=0.05


Tree=228
num_leaves=31
num_cat=0
split_feature=5 40 39 23 73 26 20 63 59 30 60 2 20 59 48 10 37 73 55 42 62 55 42 58 74 40 41 11 67 73
split_gain=15.6563 38.7878 23.7925 22.7275 19.77 18.9 19.0367 50.5274 37.9439 29.1774 27.4783 18.6348 26.2447 25.6213 41.372 37.574 32.3726 25.5609 21.8174 54.612 21.2844 27.1724 26.0835 41.3882 37.6203 34.8557 20.9865 34.2845 19.665 25.368
threshold=-0.4483372271060943 0.3416112512350083 0.39272145926952368 -0.6868581473827361 0.020809937268495563 -0.83336353302001942 -0.43842172622680659 -0.20131680369377133 -0.31017360091209406 0.55928489565849315 0.085939571261405959 -0.076474834233522401 -0.14449055492877957 -0.08991703018546103 0.043555304408073432 -0.3970744907855987 -0.5904107093811034 0.86848539113998424 1.5000000000000002 0.091032814234495177 -0.089758694171905504 1.0000000180025095e-35 0.14451010525226596 0.33398589491844183 0.025050234049558643 0.088506568223238005 0.081874303519725813 4.8089613914489755 0.19696538150310519 0.077559243887662901
decision_type=8 10 10 8 10 8 8 10 8 8 8 8 10 8 2 10 10 10 2 8 10 2 8 2 10 10 10 8 8 10
left_child=1 4 3 -2 -1 -5 7 -7 9 -8 -9 18 20 14 16 17 -14 -16 -10 -20 21 -13 23 24 -22 -24 28 -28 -25 -30
right_child=2 -3 -4 5 -6 6 8 10 11 -11 -12 12 13 -15 15 -17 -18 -19 19 -21 22 -23 25 26 -26 -27 27 -29 29 -31
leaf_value=-0.0028789438188710271 0.0025897620127696471 0.0065148541173324671 -0.0028491471213364624 -0.0022211120495880042 -0.00082992873996282643 0.0044523616457163911 -0.0025330322762005227 -0.0023076614265850246 0.00021083591984127556 -9.3929224833286254e-05 0.00093424944530387521 0.00038975662250397263 -0.00019275870693060643 2.1640182905536751e-05 -3.9867822996367354e-05 0.00065887596618811536 -0.001286266601363385 -0.0030993483752646458 0.00025393064821580029 -0.0012931254762081307 0.0010185424020425448 -0.00095273029662847628 -0.002608371648953332 -0.00096976496266983634 -0.0007798016717305309 -0.00072124145376620057 0.0019447590981800794 -0.00037591244018274101 0.001056795895736782 -0.00027948628119637268
leaf_weight=639 920 550 540 544 2311 848 761 619 36353 692 1043 6732 2394 208415 850 2391 1952 507 993 734 795 913 880 1620 6596 4639 2821 1497 1269 4086
leaf_count=639 920 550 540 544 2311 848 761 619 36353 692 1043 6732 2394 208415 850 2391 1952 507 993 734 795 913 880 1620 6596 4639 2821 1497 1269 4086
internal_value=-1.38554e-05 -0.00333333 2.59905e-05 4.55676e-05 -0.00560811 2.06218e-05 3.82218e-05 0.00436508 3.47343e-07 -0.00803144 -0.000717703 4.13689e-05 -0.000116561 8.05934e-05 -0.00267769 0.00117084 -0.00599174 -0.00544989 0.00107115 -0.00440415 -0.00145646 0.000842587 -0.00218271 -0.00128918 -0.00419538 -0.00519986 0.000614881 0.00335028 -0.00108089 0.000382106
internal_weight=295904 3500 292404 291864 2950 290944 290400 2510 287890 1453 1662 286437 248357 216509 8094 3748 4346 1357 38080 1727 31848 7645 24203 18684 7391 5519 11293 4318 6975 5355
internal_count=295904 3500 292404 291864 2950 290944 290400 2510 287890 1453 1662 286437 248357 216509 8094 3748 4346 1357 38080 1727 31848 7645 24203 18684 7391 5519 11293 4318 6975 5355
is_linear=0
shrinkage=0.05


Tree=229
num_leaves=31
num_cat=0
split_feature=42 68 71 69 11 45 54 45 54 69 10 65 45 68 19 40 74 54 10 18 69 11 38 19 63 38 41 65 60 66
split_gain=14.1423 52.0523 32.2119 30.4972 27.1316 25.5785 27.3736 22.6922 18.0352 136.814 56.9056 53.7443 57.0726 37.6993 22.1944 21.2335 36.4868 46.8071 38.5033 36.6427 24.6023 23.3871 17.8989 25.95 32.9195 14.6643 18.374 57.8316 90.4711 43.3704
threshold=0.010260917712002994 -0.092194847762584672 -0.25383347272872919 0.01977186277508736 -0.46666438877582544 16.500000000000004 7.9967379570007333 27.500000000000004 9.7689256668090838 0.015415531583130361 -0.18844824284315106 -0.080181986093521104 21.500000000000004 0.020030928775668148 -0.10790930688381194 0.009215048514306547 0.74621829390525829 6.7830362319946298 -0.1542796120047569 -0.060614272952079766 0.01719234045594931 -0.10382543504238127 0.12751157581806186 -0.017821086570620533 -0.022338628768920895 0.04647010192275048 0.015957965515553955 0.050582230091094978 -0.088441334664821611 -0.26625788211822504
decision_type=8 10 10 10 10 10 2 10 2 8 10 8 8 10 10 8 8 2 10 10 10 10 10 10 10 8 8 10 10 8
left_child=1 7 -3 4 -4 -6 22 -1 15 10 -10 -11 -13 -12 -14 16 17 18 -2 -18 21 -21 23 24 -7 -17 27 29 -29 -27
right_child=8 2 3 -5 5 6 -8 -9 9 11 13 12 14 -15 -16 25 19 -19 -20 20 -22 -23 -24 -25 -26 26 -28 28 -30 -31
leaf_value=6.2346617185973527e-05 0.00032912350705381242 0.001619240513402854 -0.00052339070025147246 -0.00042440534717957425 0.0014302043662181214 0.00060023283687454939 -0.0002484611154538855 -0.001081533280377043 -0.0024284830312342369 0.0011265383242397339 -0.00097444099925385471 0.00075111487009395803 -0.0011616503757905644 0.0001319771820412468 -5.5645543140801262e-05 -0.00038500546979154779 -0.0010569325130725543 0.00053011717945543443 -0.0012014189663811109 -0.00010260351003939386 0.00018070625477462372 -0.00071401595504549161 -2.1588651033649378e-05 9.0203516650652629e-05 0.0030236395907976641 8.6797508640670912e-05 -9.8319642405130321e-07 0.0017360287374073241 0.00027588658947945156 -0.00070576374040019416
leaf_weight=530 808 534 639 991 628 560 718 670 640 658 797 971 510 608 531 960 620 832 734 920 892 844 589 515 512 5562 266890 544 2837 1793
leaf_count=530 808 534 639 991 628 560 718 670 640 658 797 971 510 608 531 960 620 832 734 920 892 844 589 515 512 5562 266890 544 2837 1793
internal_value=-4.56317e-06 0.00223318 0.00423104 0.00300271 0.00487893 0.00659683 0.00457989 -0.00719008 -5.79663e-05 -0.00312169 -0.0128224 0.00432836 0.00024728 -0.00710247 -0.00784967 -7.03616e-06 -0.00303887 0.00167785 -0.00347938 -0.00645161 -0.00386347 -0.0072717 0.00736505 0.0101127 0.0145102 5.45593e-05 7.59988e-05 0.00210311 0.00750516 -0.000386965
internal_weight=295837 6886 5686 5152 4161 3522 2894 1200 288951 4715 2045 2670 2012 1405 1041 284236 5650 2374 1542 3276 2656 1764 2176 1587 1072 278586 277626 10736 3381 7355
internal_count=295837 6886 5686 5152 4161 3522 2894 1200 288951 4715 2045 2670 2012 1405 1041 284236 5650 2374 1542 3276 2656 1764 2176 1587 1072 278586 277626 10736 3381 7355
is_linear=0
shrinkage=0.05


Tree=230
num_leaves=31
num_cat=0
split_feature=12 69 54 59 31 64 36 42 37 58 29 68 49 42 69 6 68 7 70 36 54 33 9 46 11 41 68 57 54 58
split_gain=15.2709 52.3025 77.0882 59.0035 49.1619 43.432 41.5853 37.1693 29.8226 27.1091 28.2251 26.8008 46.4204 49.935 41.8742 33.7737 33.1694 59.8702 45.1167 43.6793 46.5399 41.6972 43.151 29.6849 26.6117 31.8497 25.9347 25.4923 29.0225 24.2062
threshold=0.043075999245047576 0.011222291272133591 4.8278737068176278 -0.0050731981173157683 0.26948371529579168 -0.18699806928634641 45.454584121704109 0.079964693635702147 0.72426825761795055 0.48115663230419164 -0.241662822663784 0.019005300477147106 0.00059526998666115116 0.09506464004516603 0.022169589996337894 -0.084744017571210847 0.067613594233989729 -0.024045103229582306 -0.1606882959604263 63.415069580078132 7.2079489231109628 0.20214856415987018 -0.026408803649246689 24.500000000000004 -0.32951962947845453 0.058139579370617873 0.057555289939045913 0.39350038766860967 6.7329792976379403 0.31678090989589697
decision_type=10 8 2 10 8 8 2 10 10 2 10 8 2 8 10 10 8 8 8 2 2 10 10 10 8 10 10 2 2 2
left_child=11 2 3 -2 24 6 -6 -8 -5 -4 -11 -1 15 14 16 -13 26 -18 -19 20 21 22 -20 -23 25 -3 -14 -16 -29 -7
right_child=1 4 9 8 5 29 7 -9 -10 10 -12 12 13 -15 27 -17 17 18 19 -21 -22 23 -24 -25 -26 -27 -28 28 -30 -31
leaf_value=-2.0804146803411518e-05 -0.00012476489874962832 -0.00075098434504943163 0.00098823947023257935 0.012697930782824074 -0.00067361330641617931 0.00013693641514774579 -1.4474973176599287e-05 0.0029458208513557871 0.0043786998532742167 -0.0025446876182057313 -0.0004488775471638002 0.00091985190826462363 9.2135131366323687e-05 -0.00060002111094059065 -0.00020374086576127623 0.00023221621898831223 -0.0012523592399515588 0.00099295573598490281 -0.00056965291826214311 0.00032908057023866584 -0.0011933736420926787 -0.00019599086650492006 0.0010971864700742762 -0.0030844515691020448 -0.0010752167272802336 0.0011479176424978976 0.0010056096426817168 0.00034762821830359547 0.0010463623981973539 -0.00033440449462572618
leaf_weight=183036 1287 934 766 903 641 11764 699 1371 1485 502 1769 6448 11648 8927 1019 14943 969 785 769 2672 1060 524 516 550 6373 974 1216 2298 1573 27026
leaf_count=183036 1287 934 766 903 641 11764 699 1371 1485 502 1769 6448 11648 8927 1019 14943 969 785 769 2672 1060 524 516 550 6373 974 1216 2298 1573 27026
internal_value=-5.36457e-05 -0.000792864 0.00334722 0.00820896 -0.00135162 -0.000649226 0.00545755 0.00889423 0.012844 -0.00254349 -0.00528277 0.000121148 0.00107909 -5.50151e-05 0.00106798 0.00290874 8.44635e-05 -0.00247613 -0.000827766 -0.00228651 -0.00602216 -0.00208949 0.00397683 -0.00931734 -0.00486672 0.000312826 0.00164673 0.00522449 0.00707292 -0.00107732
internal_weight=295447 56494 6712 3675 49782 41501 2711 2070 2388 3037 2271 238953 55917 34526 25599 21391 20709 7845 6876 6091 3419 2359 1285 1074 8281 1908 12864 4890 3871 38790
internal_count=295447 56494 6712 3675 49782 41501 2711 2070 2388 3037 2271 238953 55917 34526 25599 21391 20709 7845 6876 6091 3419 2359 1285 1074 8281 1908 12864 4890 3871 38790
is_linear=0
shrinkage=0.05


Tree=231
num_leaves=31
num_cat=0
split_feature=12 74 61 61 41 73 67 69 65 65 17 49 46 69 68 33 37 67 49 22 69 20 41 65 34 67 68 8 33 69
split_gain=21.8408 33.3108 46.7385 35.4884 64.5208 35.265 32.1183 56.2339 29.6628 34.543 31.7365 29.6989 42.9978 29.104 28.8196 54.3202 28.5049 28.4205 27.813 27.6877 34.009 29.6881 28.6485 33.03 28.5321 32.9297 28.9592 27.519 40.0888 36.8635
threshold=0.0078734713606536406 0.5928616225719453 0.025861263275146488 -0.039256036281585686 0.033341810107231147 0.94384565949440014 0.075403895229101195 0.016163060441613201 0.20923644304275515 -0.0084222257137298567 0.091667190194129958 0.00045447661250364041 3.5000000000000004 0.018312604166567329 -0.06882228702306746 0.10925148054957391 0.69672575592994701 0.43542042374610906 0.00083355166134424518 0.42070840299129492 0.0071155172772705564 -0.0093730734661221487 0.0093626878224313276 0.021488845348358158 0.79915907979011547 0.0056619716342538604 -0.034220438450574868 -0.16796657443046567 1.5954772830009463 0.019502107985317711
decision_type=8 10 10 8 10 10 10 10 10 8 10 2 10 10 10 10 10 10 2 8 8 10 8 10 10 8 10 10 10 10
left_child=19 3 6 4 -2 -6 7 18 9 -5 -10 13 -13 -11 -8 -16 -17 -12 -3 20 -1 22 23 -22 25 -21 -26 28 -24 -29
right_child=1 2 -4 8 5 -7 14 -9 10 11 17 12 -14 -15 15 16 -18 -19 -20 24 21 -23 27 -25 26 -27 -28 29 -30 -31
leaf_value=-0.0019178462685459391 -0.0024002896546713118 0.00041103580495345082 0.00030683699221319832 -0.0003530778906145285 0.00023382410360593366 -0.0021484870319051887 0.00081416264335084298 0.0009198832453717594 -0.0014805455574586563 0.00092716630428831773 0.00074237194164525594 -0.001201306475089107 -1.4234821512366459e-05 -0.00015533180379282557 -0.001131745403506167 7.8429932618957759e-05 -0.00050350056619916615 -0.0020806306607034052 -0.00072839560242704451 -0.00031970759307894248 4.5785185437708865e-05 -0.00082714647190616775 0.00013682911903530588 0.0006459454590569347 0.0010170394631712513 0.00019907302421847686 -0.00086685859992702426 1.7633592923934084e-05 -0.00085382797494591711 -0.00025825332427208207
leaf_weight=1312 613 1002 16967 16122 1542 714 1793 2220 2396 7360 1818 3435 18210 5577 1624 10410 10876 757 1211 2638 1358 1117 56297 826 506 43753 2347 47864 3253 29239
leaf_count=1312 613 1002 16967 16122 1542 714 1793 2220 2396 7360 1818 3435 18210 5577 1624 10410 10876 757 1211 2638 1358 1117 56297 826 506 43753 2347 47864 3253 29239
internal_value=-7.47035e-05 -0.000654997 0.000350227 -0.00144653 -0.00686002 -0.00291262 -0.000864613 0.00304974 -0.00116638 -0.000804512 -0.00484842 8.67253e-05 -0.00104595 0.00198115 -0.001568 -0.00204625 -0.00137115 -0.00098646 -0.00258659 0.000244069 -0.000111838 -3.64379e-05 2.91688e-05 0.00569736 0.00126487 0.00156354 -0.00358016 -6.18309e-05 0.000745467 -0.000685358
internal_weight=295157 104647 46103 58544 2869 2256 29136 4433 55675 50704 4971 34582 21645 12937 24703 22910 21286 2575 2213 190510 141266 139954 138837 2184 49244 46391 2853 136653 59550 77103
internal_count=295157 104647 46103 58544 2869 2256 29136 4433 55675 50704 4971 34582 21645 12937 24703 22910 21286 2575 2213 190510 141266 139954 138837 2184 49244 46391 2853 136653 59550 77103
is_linear=0
shrinkage=0.05


Tree=232
num_leaves=31
num_cat=0
split_feature=20 59 70 12 64 60 59 21 70 60 16 71 40 55 69 19 67 54 27 36 39 11 18 54 42 54 9 60 11 9
split_gain=15.2503 42.1509 37.8182 30.8162 25.8044 69.9564 38.2385 29.3491 24.9579 23.7144 54.9188 43.0211 30.584 30.5165 65.6919 58.908 55.4673 36.3451 27.0036 31.7463 35.911 24.8723 25.4667 24.7452 24.6605 23.9743 33.2666 24.5684 35.611 33.1715
threshold=-0.10417436808347701 -0.13860822468996045 0.20182695984840396 -0.043992567807435982 -0.22000545263290402 -0.19941445440053937 -0.087302349507808671 0.00654529593884945 0.14938199520111087 0.049621656537055976 0.4606031626462937 0.97978240251541149 0.3416112512350083 1.0000000180025095e-35 0.020840632729232315 0.085107654333114638 0.31710408627986914 4.9975163936614999 1.8268014788627627 26.359819412231449 0.085521008819341673 -0.033567450940608971 -0.044561985880136483 4.7756297588348398 0.090201713144779219 4.00724220275879 0.09246182814240457 -0.06209146045148372 -0.3121651411056518 -0.27379547059535975
decision_type=10 8 10 8 8 10 8 10 10 10 10 10 8 2 10 10 10 2 8 2 10 10 8 2 10 2 10 8 10 10
left_child=3 2 -2 9 5 8 7 -6 -3 11 13 12 18 14 17 -16 -15 21 19 20 25 22 -11 -12 -17 26 -1 28 -27 -30
right_child=1 4 -4 -5 6 -7 -8 -9 -10 10 23 -13 -14 16 15 24 -18 -19 -20 -21 -22 -23 -24 -25 -26 27 -28 -29 29 -31
leaf_value=0.00017931200095147115 -0.00020322862883231235 3.5071221505527438e-05 -0.0037265425116960109 -0.00022718775741218503 -0.0013454270799972497 0.0029532024422140313 3.6964840383171134e-05 -0.00024398464350515928 0.0023607602934774524 0.0013642958775733349 0.0029522777354110473 -0.0036134379774459577 0.0053592126597085017 -0.00072877084651089003 -0.0021627225680159769 0.00046538746982244044 0.0010512055835816784 -0.0013004876869947149 -0.0014490838076674534 0.00027022174465910886 -0.0014233639536114567 0.0042942516470624416 -0.0018377018039080276 -0.00082688100398393266 -0.0017486360942110301 0.00048208966639808233 0.0051346438758292463 -0.0011907606633299957 -0.0014209257925950833 1.0405484567018244e-06
leaf_weight=5078 1065 4484 600 48152 801 551 176726 2415 832 656 1443 641 573 839 1183 703 824 842 1139 34674 2637 568 517 506 1101 2255 523 1205 955 1403
leaf_count=5078 1065 4484 600 48152 801 551 176726 2415 832 656 1443 641 573 839 1183 703 824 842 1139 34674 2637 568 517 506 1101 2255 523 1205 955 1403
internal_value=1.13214e-05 0.000284291 -0.00761194 -0.000460679 0.000355453 0.00361579 0.000248955 -0.00514569 0.00184003 0.000292825 -0.00204526 0.000713405 0.000878062 -0.00405219 -0.00582437 -0.0108609 0.00188285 1.92827e-05 0.000744802 0.000923266 -0.00108062 0.00414049 -4.22654e-05 0.0053854 -0.00512679 0.00013562 0.00246837 -0.0021105 -0.000443435 -0.00472973
internal_weight=295891 187474 1665 108417 185809 5867 179942 3216 5316 60265 9182 51083 50442 7233 5570 2987 1663 2583 49869 48730 14056 1741 1173 1949 1804 11419 5601 5818 4613 2358
internal_count=295891 187474 1665 108417 185809 5867 179942 3216 5316 60265 9182 51083 50442 7233 5570 2987 1663 2583 49869 48730 14056 1741 1173 1949 1804 11419 5601 5818 4613 2358
is_linear=0
shrinkage=0.05


Tree=233
num_leaves=31
num_cat=0
split_feature=41 65 30 48 64 20 42 72 67 68 75 65 64 66 29 29 55 68 67 29 19 49 72 69 56 8 19 42 69 66
split_gain=15.9411 34.3345 26.5764 15.1748 26.5447 21.1674 19.1924 17.4106 19.4537 16.0159 15.5082 72.9421 107.461 69.4923 162.142 61.6595 67.149 49.0955 37.6776 37.1605 30.2834 29.281 28.7621 28.5368 20.7494 20.4467 20.3212 19.4954 65.1905 40.1431
threshold=0.0076061000581830749 0.042727947235107429 0.020428095944225792 0.31218221783638006 -0.13585102558135984 -0.567523032426834 0.23666423559188846 0.8074634075164796 0.18403017520904544 0.10003460943698884 0.061652291566133506 0.0086612105369567888 -0.10132953524589537 -0.32732795178890223 -0.26957483589649195 -0.13844570517539975 1.0000000180025095e-35 0.010184739716351034 0.040335040539503104 -0.21370669454336164 0.012013810686767103 0.0078623159788548964 0.48666597902774816 0.015186704695224764 4.5000000000000009 -0.059662479907274239 -0.086491357535123811 0.023884237743914131 0.0094106099568307417 -0.1031927317380905
decision_type=8 10 8 2 8 8 8 8 8 10 8 10 10 10 10 8 2 10 10 10 10 2 8 10 2 10 8 8 8 8
left_child=1 2 -1 10 -5 -6 7 -7 -9 -10 11 13 -13 15 22 25 -17 19 -18 -14 21 24 26 -21 -19 -2 -15 28 -12 -30
right_child=3 -3 -4 4 5 6 -8 8 9 -11 27 12 17 14 -16 16 18 20 -20 23 -22 -23 -24 -25 -26 -27 -28 -29 29 -31
leaf_value=0.0004321684734541096 -0.00017208249979221019 0.00049234248960864887 -0.00048662696812249318 -0.0025016339943110728 0.0020178750293563391 -0.0012950198244421644 -0.0020341101683185449 0.0035927784157005413 -0.0019619187314690251 0.0011430623758336659 0.0015680437560752361 0.0017360915744702534 0.00070122401027415096 -0.00026718871942436726 -0.0015828338415238758 0.001276778476651929 -0.0003923110485205765 0.00014710690224729406 0.00035358818956726797 -0.0013002520401043545 0.00096210221006898179 0.00049883603428130892 -0.00067799993580147612 -0.00018962886516319112 -0.00067318658981686342 -0.00082692079701894106 0.0017632923627535957 -2.9415641806859044e-06 0.00013968956037706745 -0.0003707289977815564
leaf_weight=568 2519 930 714 911 868 986 1370 651 824 1039 2658 657 526 552 1603 630 504 1187 697 717 543 758 1132 1013 551 762 549 244208 19305 5649
leaf_count=568 2519 930 714 911 868 986 1370 651 824 1039 2658 657 526 552 1603 630 504 1187 697 717 543 758 1132 1013 551 762 549 244208 19305 5649
internal_value=1.13332e-05 0.00423042 -0.00108359 -2.06218e-05 -0.00238024 -0.00111343 -0.00239754 -0.00042735 0.00178288 -0.000827549 3.41785e-05 -0.00153588 0.00275075 -0.00438714 -0.00946438 -0.000566185 0.00676263 0.000367578 -0.000206441 -0.00520741 0.00450968 0.00215483 -0.000735622 -0.00873563 -0.00143021 -0.00466424 0.0049955 0.000120296 0.00137934 0.000584842
internal_weight=295581 2212 1282 293369 6649 5738 4870 3500 2514 1863 286720 14900 5952 8948 3836 5112 1831 5295 1201 2256 3039 2496 2233 1730 1738 3281 1101 271820 27612 24954
internal_count=295581 2212 1282 293369 6649 5738 4870 3500 2514 1863 286720 14900 5952 8948 3836 5112 1831 5295 1201 2256 3039 2496 2233 1730 1738 3281 1101 271820 27612 24954
is_linear=0
shrinkage=0.05


Tree=234
num_leaves=31
num_cat=0
split_feature=75 19 57 10 41 12 18 69 37 75 68 50 66 30 69 54 59 46 54 57 42 68 36 10 29 54 54 66 72 16
split_gain=19.5665 46.1434 23.4069 17.6542 16.2957 14.1041 30.0282 38.6098 40.0744 33.6235 34.9846 31.7992 27.2944 29.7595 23.9136 36.7036 56.2346 23.3826 111.282 47.4821 32.0007 22.2067 21.8464 18.9219 18.2503 57.7509 78.9114 45.8825 64.5227 50.3751
threshold=0.99064442515373241 0.24487241357564929 0.46476116776466375 -0.59557625651359547 0.28949439525604254 0.069617908447980895 -0.10515134781599043 0.035765979439020164 0.6306251883506776 0.47070947289466863 1.0000000180025095e-35 0.0044965322595089683 -0.33633908629417414 1.0666166543960574 0.011905697174370291 3.7682681083679204 -0.0050731981173157683 9.5000000000000018 4.8519911766052255 0.73295384645462047 0.046012379229068763 -0.065882470458745943 48.338581085205085 2.7617205381393437 -0.10124578326940535 7.0390028953552255 6.3353202342987069 -0.3125737458467483 0.32197581231594091 0.1512294411659241
decision_type=10 10 2 10 10 8 8 10 10 10 10 2 10 10 8 2 10 8 2 2 10 10 2 10 10 2 2 10 8 10
left_child=4 3 -3 -2 5 24 9 14 -9 -7 11 21 22 -14 15 16 -8 18 19 -16 -20 -11 -13 -19 -1 26 -26 -28 -29 -30
right_child=1 2 -4 -5 -6 6 7 8 -10 10 -12 12 13 -15 17 -17 -18 23 20 -21 -22 -23 -24 -25 25 -27 27 28 29 -31
leaf_value=3.3230716043618908e-05 -0.00085310480129391353 -0.0035782214294981379 -0.00061218849714254225 0.0016944495928633123 0.0030267517728912599 -0.00099249259855338219 -0.0010082306106669967 -0.00032426007804576672 0.0035606139372968896 -0.0016378999214281089 -0.0011648287799877783 0.00027260809592278694 -0.0010045588471445841 0.00087985027255229643 -0.0017158239661869538 -0.00018557211656951013 0.0076566977797213167 -0.00050328325771651923 0.0005672518185763694 0.0008017909764395253 0.0035479282102605057 -9.0871697895109071e-05 0.0024863995763651781 0.00094289747989180364 -0.0002119767080656341 -0.0003548634323248038 0.00089993053282850588 0.0014337242236790071 -0.00035278380775303976 0.0017642186855199938
leaf_weight=229328 685 785 500 778 589 2827 681 822 940 770 1912 885 1112 769 1553 3119 1183 17025 735 1077 1083 1269 991 1365 13342 5863 846 518 1465 631
leaf_count=229328 685 785 500 778 589 2827 681 822 940 770 1912 885 1112 769 1553 3119 1183 17025 735 1077 1083 1269 991 1365 13342 5863 846 518 1465 631
internal_value=-1.42152e-05 -0.00420595 -0.0110811 0.00186694 2.5281e-05 8.38694e-06 -0.000862241 -4.56189e-05 0.00711061 -0.00315315 -0.0014382 0.000499483 0.00322538 -0.0010312 -0.00050124 0.00263369 0.00816435 -0.0011861 0.00206371 -0.00450758 0.0115427 -0.0045144 0.00747614 -0.00197283 0.000147022 -0.00120617 0.00028551 0.00700288 0.00369665 -0.000237417
internal_weight=295448 2748 1285 1463 292700 292111 40118 29583 1762 10535 7708 5796 3757 1881 27821 4983 1864 22838 4448 2630 1818 2039 1876 18390 251993 22665 16802 3460 2614 2096
internal_count=295448 2748 1285 1463 292700 292111 40118 29583 1762 10535 7708 5796 3757 1881 27821 4983 1864 22838 4448 2630 1818 2039 1876 18390 251993 22665 16802 3460 2614 2096
is_linear=0
shrinkage=0.05


Tree=235
num_leaves=31
num_cat=0
split_feature=75 30 54 33 27 37 67 35 43 18 64 61 60 32 17 29 40 69 54 49 32 58 28 73 32 10 12 69 69 32
split_gain=12.8924 12.3246 27.4788 13.4737 17.4463 12.0429 23.4851 17.486 31.127 25.2059 28.2194 24.4215 22.9255 18.5608 18.1446 17.0565 16.6951 16.3108 136.603 34.8923 16.1466 18.2216 25.3312 15.6822 19.6634 18.5706 17.1257 47.1694 32.5751 80.2839
threshold=0.99751436710357677 8.1608824729919451 4.3066966533660898 8.5103993415832537 4.932138442993165 1.4014298319816592 0.19585347920656207 79.750514984130874 0.51025000214576732 -0.067320220172405229 -0.15038144588470456 -0.022923529148101803 -0.12641018256545064 -0.45873446762561793 -0.06938679143786429 -0.17403885722160337 0.3416112512350083 0.0071155172772705564 2.500205516815186 0.00083355166134424518 -0.6347619593143462 0.53415545821189891 0.69704291224479686 0.012525117024779321 -0.55841776728630055 -0.44567802548408503 -0.023524372838437554 0.01308081950992346 0.014378060586750509 -0.036877512931823724
decision_type=10 10 2 10 10 10 10 2 8 8 10 10 8 8 10 10 10 8 2 2 8 2 10 8 8 10 8 10 8 8
left_child=1 3 -3 4 5 7 -7 16 -9 10 14 15 -13 -14 -10 -11 17 18 -1 -20 -12 22 -22 24 25 -19 27 -25 29 -28
right_child=-2 2 -4 -5 -6 6 -8 8 9 11 20 12 13 -15 -16 -17 -18 23 19 -21 21 -23 -24 26 -26 -27 28 -29 -30 -31
leaf_value=0.017044879501407508 -0.0013030171892946182 0.0029312053005256231 -0.00039376467841595601 -0.001231710235205108 -0.0020696407610033304 0.00070168745668749565 -0.00077558154057784541 0.00082878286122144466 -0.00035207522767148267 -0.0017895669890325414 0.00080596073330280464 0.0023046292719682768 0.0019973449428222455 0.00023202185170652039 0.00067614466054090729 1.8233173107037869e-05 0.004251323321001233 -0.0014794409358370288 -0.00031225854448757237 -0.0029330294864585299 -0.0010863516594716725 -0.00010097577706359857 -0.0024374421743776015 0.00036404601453722475 -0.0013760609605363142 0.0011508633907709232 -0.00012285532606320685 -7.0082621503586401e-06 1.8073307441090342e-05 -0.0026883716907932956
leaf_weight=548 835 513 509 976 527 1345 3106 3266 661 686 547 517 1003 13654 955 900 777 539 901 1469 1387 1195 618 19773 1707 937 50436 78218 106305 911
leaf_count=548 835 513 509 976 527 1345 3106 3266 661 686 547 517 1003 13654 955 900 777 539 901 1469 1387 1195 618 19773 1707 937 50436 78218 106305 911
internal_value=-4.58187e-05 -2.81455e-05 0.00542636 -4.72992e-05 -2.76547e-05 -1.1116e-05 -0.00258911 2.88275e-05 0.00128155 0.00060769 -0.00237298 0.00156231 0.00217993 0.00181019 0.00313653 -0.00432331 -9.237e-05 -0.000114229 -0.00382514 -0.00903361 -0.00475113 -0.00610592 -0.00900744 -7.22465e-05 -0.00355465 0.000672948 -2.87499e-05 0.000490301 -0.000351385 -0.0013854
internal_weight=295721 294886 1022 293864 292888 292361 4451 287910 25389 22123 5363 16760 15174 14657 1616 1586 262521 261744 2918 2370 3747 3200 2005 258826 3183 1476 255643 97991 157652 51347
internal_count=295721 294886 1022 293864 292888 292361 4451 287910 25389 22123 5363 16760 15174 14657 1616 1586 262521 261744 2918 2370 3747 3200 2005 258826 3183 1476 255643 97991 157652 51347
is_linear=0
shrinkage=0.05


Tree=236
num_leaves=31
num_cat=0
split_feature=40 11 42 66 55 11 54 54 74 69 69 74 54 54 55 11 11 54 54 54 72 16 72 42 40 54 66 54 29 12
split_gain=18.3723 55.8241 42.8016 80.6991 66.6682 112.658 94.1762 134.929 73.8409 73.2411 71.0955 62.7215 61.7405 60.8956 139.771 75.5404 55.878 55.6726 65.5855 150.821 75.5707 51.472 50.3013 49.819 45.9366 45.1688 43.6373 85.1603 44.7618 47.0564
threshold=0.033048411831259734 0.60402616858482372 0.025737587362527851 -0.19455058127641675 1.0000000180025095e-35 -0.62962549924850453 6.4988090991973886 7.6327643394470224 0.67950281500816356 0.019753501750528816 0.017019351944327358 0.5928616225719453 8.2665500640869158 8.2665500640869158 1.0000000180025095e-35 -0.15377321094274518 -0.19755443930625913 5.8263835906982431 6.7329792976379403 7.0012910366058358 0.4542521089315415 -0.10255481675267218 0.086866911500692381 0.0068911928683519372 0.018701569177210334 3.3980256319046025 -0.3125737458467483 5.0716364383697519 -0.21956087648868558 0.039045419543981559
decision_type=10 10 10 10 2 10 2 2 10 10 10 10 2 2 2 8 8 2 2 2 10 10 10 10 10 2 8 2 10 10
left_child=1 2 4 11 9 6 -6 -8 -7 16 -10 -4 23 15 -15 -5 -1 -12 21 -20 -21 -19 -16 -11 26 -26 27 -18 29 -28
right_child=-2 -3 3 13 5 8 7 -9 10 12 17 -13 -14 14 22 -17 24 18 19 20 -22 -23 -24 -25 25 -27 28 -29 -30 -31
leaf_value=7.5534234832937317e-06 4.0008334251308984e-05 -0.0010536855875175714 -0.00015221963587163046 -0.001044872450147574 0.0010199003395165024 0.0003958560305533869 -0.0028783897102831512 -0.00075242964539451733 -0.00032954225352364587 -0.0023519937170595542 0.00091390702689230895 0.00021073376166661509 0.00053063383589631308 0.00073723479061406989 -2.7557684304039751e-05 -0.00031719520388820768 -0.00096988669594299647 -0.0012399045177981596 0.00086852859003397765 -0.00092869240352315896 0.00012172919328637261 -7.0207333518367004e-05 -0.001752975184070504 -0.00035536766183345532 0.0040902387463608433 0.00082025599008316193 0.0012092703174572908 0.00093466479286276295 -0.00030473478531211354 -0.00093359598128248686
leaf_weight=9168 185312 3196 23196 5847 666 3857 840 1377 4811 680 665 13759 1040 1855 501 13570 506 540 941 592 1258 843 504 4118 1387 3041 5741 1692 3458 1308
leaf_count=9168 185312 3196 23196 5847 666 3857 840 1377 4811 680 665 13759 1040 1855 501 13570 506 540 941 592 1258 843 504 4118 1387 3041 5741 1692 3458 1308
internal_value=-3.8646e-05 -0.00054746 -0.000353991 -0.00125587 0.000746822 -0.00184756 -0.0108019 -0.0157387 7.02819e-05 0.00207005 -0.00226708 0.000177195 -0.00299248 -0.00363216 0.00317073 -0.0046353 0.00319448 0.00201072 -0.000143403 0.00426633 -0.00403226 -0.00900933 -0.0117734 -0.00538686 0.00487954 0.00926093 0.00334644 0.00973732 0.00200152 0.00428531
internal_weight=296269 110957 107761 59232 48529 16390 2883 2217 13507 32139 9650 36955 5838 22277 2860 19417 26301 4839 4174 2791 1850 1383 1005 4798 17133 4428 12705 2198 10507 7049
internal_count=296269 110957 107761 59232 48529 16390 2883 2217 13507 32139 9650 36955 5838 22277 2860 19417 26301 4839 4174 2791 1850 1383 1005 4798 17133 4428 12705 2198 10507 7049
is_linear=0
shrinkage=0.05


Tree=237
num_leaves=31
num_cat=0
split_feature=7 69 41 30 55 66 27 60 11 45 55 68 69 38 56 41 75 18 16 66 11 11 69 5 10 19 32 19 45 68
split_gain=18.5075 29.9359 19.7709 16.4954 70.0344 141.748 126.267 138.651 86.16 74.3218 61.8564 185.841 61.3573 60.7524 61.6878 54.2882 52.1495 116.708 66.2004 74.6936 60.3852 60.3165 58.9486 57.675 54.5896 53.5669 58.3176 51.412 49.8658 47.9053
threshold=1.3992285132408144 0.014839392621070148 0.17126288264989856 0.52666422724723827 1.0000000180025095e-35 -0.27488531172275538 2.4189176559448247 0.21495300531387332 0.22897013276815417 28.500000000000004 1.5000000000000002 0.026524480432271961 0.0083621535450220125 0.39173494279384619 3.5000000000000004 0.060734422877430923 0.43856957554817205 -0.031230117194354531 -0.082302793860435472 -0.23848601430654523 -0.27475032210350031 -0.2229712903499603 0.028858201578259472 -0.062901183962821947 0.056197088211774833 -0.010022219270467756 -0.3249970525503158 -0.12314141169190405 19.500000000000004 0.0093405554071068781
decision_type=10 10 10 8 2 8 10 10 10 8 2 8 8 10 2 10 8 8 8 8 10 8 10 10 8 10 10 8 10 10
left_child=3 -2 -3 -1 12 -6 7 8 9 10 13 15 28 14 27 -12 17 -14 -18 22 23 -21 24 -19 -20 26 -25 -7 -5 -23
right_child=1 2 -4 4 5 6 -8 -9 -10 -11 11 -13 16 -15 -16 -17 18 20 19 21 -22 29 -24 25 -26 -27 -28 -29 -30 -31
leaf_value=-2.5081356249066074e-05 -0.0050854049400138428 -0.0011630582712038179 0.0016381931853547223 0.00060505158718904078 0.0010724595931349168 0.00021429373012073484 0.0070251631244872235 0.00095359695507044528 -0.0032327833969337198 -0.0018976817871914266 0.00020061605421779381 0.0019172785635975344 -0.00023401167781846242 -0.00017502482970596628 -0.0016269552490847852 -0.0017666839923463499 0.00083735835445332386 0.00019486761337983362 0.00030343392818245264 0.0048252101913763418 9.1297114179633891e-05 0.0004128171887214734 0.00032925465912984967 0.00167042791098348 -0.0012875932526227075 0.0028689690050416154 -0.00080385907629929422 -0.0015153155969128301 0.014596920720694247 -0.00022722386598238444
leaf_weight=177865 578 1767 824 868 2261 906 557 1338 820 1459 551 1382 7226 3674 1608 900 9393 1854 1665 655 3012 26882 4208 3753 7485 1714 512 1628 964 27803
leaf_count=177865 578 1767 824 868 2261 906 557 1338 820 1459 551 1382 7226 3674 1608 900 9393 1854 1665 655 3012 26882 4208 3753 7485 1714 512 1628 964 27803
internal_value=3.54584e-05 -0.00375904 -0.00144175 7.66335e-05 0.000543063 -0.0024102 -0.00418998 -0.00510647 -0.00669346 -0.00561974 -0.0041608 0.00216321 0.00105812 -0.00645285 -0.0105973 -0.0103012 0.000884873 0.00330457 0.00032458 -0.000213949 0.00658222 0.000596206 -0.00356822 0.00889328 -0.00581878 0.011279 0.00824561 -0.00569969 0.0100977 0.000414115
internal_weight=296112 3169 2591 292943 115078 17084 14823 14266 12928 12108 10649 2833 97994 7816 4142 1451 96162 18071 78091 68698 10845 55340 13358 7833 9150 5979 4265 2534 1832 54685
internal_count=296112 3169 2591 292943 115078 17084 14823 14266 12928 12108 10649 2833 97994 7816 4142 1451 96162 18071 78091 68698 10845 55340 13358 7833 9150 5979 4265 2534 1832 54685
is_linear=0
shrinkage=0.05


Tree=238
num_leaves=31
num_cat=0
split_feature=70 60 65 65 16 58 63 54 1 68 43 30 57 17 9 15 65 54 33 75 71 17 63 17 64 54 66 6 75 52
split_gain=18.7841 27.7991 36.4639 36.3831 56.2386 39.3792 62.6279 61.8834 37.1781 36.9227 36.8444 35.1141 32.0818 40.725 31.1426 31.133 41.8049 30.7344 29.1739 28.1373 26.9989 29.5351 26.1387 37.0538 25.6686 43.2964 26.1494 39.053 25.6667 24.8936
threshold=-0.056596970185637467 0.049621656537055976 0.37272679805755621 -0.14181646704673764 -0.06704301759600638 0.50145101547241222 -0.047429561614990227 7.0733969211578378 0.081251490861177458 0.12021251395344736 0.90912178158760082 0.35416051745414739 0.47577652335166937 -0.061830181628465646 0.51457440853118908 0.19583915919065478 0.15452045202255252 7.9154393672943124 0.94328239560127269 0.17562668025493625 0.022973198443651203 0.02762534283101559 0.14116358757019046 0.02762534283101559 -0.16578385233879087 2.275727510452271 -0.37211818993091578 -0.38251113891601557 0.69394627213478099 11.500000000000002
decision_type=8 10 10 10 10 2 8 2 10 10 8 10 2 8 8 10 10 2 8 10 10 10 10 10 10 2 10 10 10 10
left_child=1 3 12 4 5 6 7 8 24 -8 19 17 14 18 -3 20 -17 -7 -14 -5 22 -22 -15 -24 26 28 27 -1 -26 -21
right_child=-2 2 -4 10 -6 11 9 -9 -10 -11 -12 -13 13 15 -16 16 -18 -19 -20 29 21 -23 23 -25 25 -27 -28 -29 -30 -31
leaf_value=-0.0019892061925634069 -2.6438741002976843e-05 -0.00092340860865366872 0.00078909961327570011 -0.00075808199990752122 -0.00090416497439143185 0.00014710861783709083 -0.00063743367943596579 0.001500937965694747 -0.0017160832128933568 0.001240780483094172 -5.4763187607570745e-05 0.0019386573144586916 0.0010470541669947136 0.00017201831659172142 3.5552118659773482e-05 -0.0013080899807973252 0.0037985511822148268 0.0015044603612649782 -0.00085054991185111277 0.00077000066417887299 -3.879231499817303e-05 -0.0023986883706054989 -0.00098502158435386043 0.0001529170491537571 -0.0010518221500853771 0.0010911255813581568 -0.00037062128854941701 0.00099413313560127708 0.0012489480943032778 0.0020347898337305351
leaf_weight=732 224617 3263 768 600 3055 5099 8222 1662 945 631 5227 1275 2077 3222 2059 520 697 708 585 11105 535 769 1511 881 1081 4056 5075 2599 585 1664
leaf_count=732 224617 3263 768 600 3055 5099 8222 1662 945 631 5227 1275 2077 3222 2059 520 697 708 585 11105 535 769 1511 881 1081 4056 5075 2599 585 1664
internal_value=1.52112e-06 0.00070909 -0.00106232 0.00125987 0.000326011 0.000933293 1.95328e-05 0.00181845 0.000805543 -0.00337922 0.00305278 0.00423012 -0.0015717 -4.62663e-06 -0.00474494 -0.00176182 0.00558272 0.00257005 0.0053518 0.00444353 -0.00306005 -0.00951294 -0.00154694 -0.00549542 0.00144999 0.00403001 -0.000308935 0.00312781 -0.00274463 0.0049417
internal_weight=295825 71208 16887 54321 35725 32670 25588 16735 15073 8853 18596 7082 16119 10797 5322 8135 1217 5807 2662 13369 6918 1304 5614 2392 14128 5722 8406 3331 1666 12769
internal_count=295825 71208 16887 54321 35725 32670 25588 16735 15073 8853 18596 7082 16119 10797 5322 8135 1217 5807 2662 13369 6918 1304 5614 2392 14128 5722 8406 3331 1666 12769
is_linear=0
shrinkage=0.05


Tree=239
num_leaves=31
num_cat=0
split_feature=2 61 50 67 30 55 0 59 4 68 49 53 42 71 60 44 31 67 31 53 58 10 16 65 41 38 30 9 16 28
split_gain=16.7051 28.7058 33.3213 18.879 24.1424 20.5588 30.9265 17.6495 16.8762 16.5962 56.2829 50.1691 40.2252 38.7399 46.2067 34.5084 33.0827 34.8849 32.8908 32.1879 29.8916 29.8585 28.0778 25.9889 23.8474 33.9831 35.9913 35.1463 44.2548 33.4316
threshold=0.19910297542810443 0.062003076076507575 0.0044055287726223477 0.23060788959264758 1.8899818658828738 1.0000000180025095e-35 0.012270243372768165 -0.030952645465731617 0.38969950377941137 0.0064320489764213571 0.00059526998666115116 1.0000000180025095e-35 0.13910096883773806 0.056616233661770828 0.13494935631752017 -5.4999999999999991 0.038468284532427795 0.098569210618734374 0.036232031881809242 1.0000000180025095e-35 0.63860613107681286 -0.74914720654487599 0.17609241604804995 0.062896966934204115 0.014731619972735645 0.24872340261936191 1.2001276016235354 0.21877671033144 -0.15345580875873563 0.46390110254287725
decision_type=8 8 2 8 10 2 10 10 8 8 2 10 8 10 10 2 8 8 8 10 2 8 10 10 8 10 10 10 8 10
left_child=9 2 7 -3 5 6 8 -2 -5 21 13 12 18 15 19 -11 23 -18 -12 -15 -13 -1 -21 -17 -20 26 27 28 29 -26
right_child=1 3 -4 4 -6 -7 -8 -9 -10 10 11 20 -14 14 -16 16 17 -19 24 22 -22 -23 -24 -25 25 -27 -28 -29 -30 -31
leaf_value=0.0025238269935596424 -0.0028578151585269091 0.0015978737364285593 -0.0001960092216179911 -0.00065587874926038782 0.0025844365764104119 -0.0018177659969921601 -0.00071857176781091716 -0.0011125641918730683 0.0010891247418516525 0.0012567317804999924 -0.0013217309924819635 0.00040669490919460917 -0.0010268749637510071 -6.3622833851424007e-05 0.0012113255062423008 0.0002172175671870258 0.0030046168478593763 0.00039763897976532591 0.00022171699697981387 -0.00061265766904453631 0.0027128963996188066 -3.2973961422095267e-05 -0.0036305994704352003 -0.0013021040566078704 -0.00096954685790743081 0.0001523988650706046 0.00046388945685060508 -0.0011981531170716653 -6.6032366253094416e-05 0.00050343036000186851
leaf_weight=700 769 1640 6023 671 678 846 3064 3393 2356 1242 946 1743 6028 5444 2671 627 1063 22403 2788 1239 880 180842 865 586 2476 23543 2268 1977 14621 628
leaf_count=700 769 1640 6023 671 678 846 3064 3393 2356 1242 946 1743 6028 5444 2671 627 1063 22403 2788 1239 880 180842 865 586 2476 23543 2268 1977 14621 628
internal_value=-5.42318e-05 -0.00147044 -0.00330064 0.000545062 -0.000504918 -0.00138909 -0.000368792 -0.00673538 0.00321041 4.57201e-05 0.000584808 -0.00038164 -0.000702722 0.00213278 -0.000474142 0.00316031 0.00274819 0.00316493 -0.000230424 -0.0024742 0.00636156 -0.000233542 -0.0077105 -0.00527392 -4.86432e-05 -0.000324012 -0.00173794 -0.00242492 -0.00171694 -0.00712909
internal_weight=295020 19440 10185 9255 7615 6937 6091 4162 3027 275580 94038 57898 55275 36140 10219 25921 24679 23466 49247 7548 2623 181542 2104 1213 48301 45513 21970 19702 17725 3104
internal_count=295020 19440 10185 9255 7615 6937 6091 4162 3027 275580 94038 57898 55275 36140 10219 25921 24679 23466 49247 7548 2623 181542 2104 1213 48301 45513 21970 19702 17725 3104
is_linear=0
shrinkage=0.05


Tree=240
num_leaves=31
num_cat=0
split_feature=12 31 65 37 46 11 65 75 18 46 69 61 15 60 69 39 69 19 11 65 65 5 70 40 31 42 32 69 42 72
split_gain=19.3712 29.865 32.7293 28.1046 22.7412 21.4373 21.4021 24.0811 28.1525 35.8464 33.9001 32.4462 26.2807 49.1751 27.5867 25.003 21.5078 24.7993 19.4225 26.7888 18.3518 35.3963 18.0414 17.3464 17.2321 17.7428 17.1273 85.3763 43.1408 39.3532
threshold=0.069617908447980895 0.32209520041942602 -0.27235966920852656 0.40867958962917333 10.500000000000002 -0.51251670718193043 0.37272679805755621 0.78716343641281139 -0.10829224437475203 9.5000000000000018 0.035765979439020164 0.038946807384490974 -0.0073864003643393508 -0.049221385270357125 0.0095102037303149718 0.07071679458022119 0.018576347269117836 0.024154633283615116 0.16550966352224353 0.14725208282470706 0.39654964208602911 -0.0084822452627122385 0.14488865435123446 0.046355186030268676 0.64198726415634166 0.11961450427770616 -0.12472080066800116 0.015014098957180979 0.041691111400723464 0.54262456297874462
decision_type=8 8 8 10 10 8 10 10 8 8 10 10 8 8 10 10 10 10 8 10 10 8 10 10 8 10 10 10 10 10
left_child=20 5 3 -3 -5 -2 7 8 11 23 15 22 -9 16 -15 -11 17 -14 -16 24 26 -22 -4 -10 -20 -26 -1 -28 -29 -30
right_child=1 2 6 4 -6 -7 -8 12 9 10 -12 -13 13 14 18 -17 -18 -19 19 -21 21 -23 -24 -25 25 -27 27 28 29 -31
leaf_value=1.9747126556966464e-05 0.0009919645774858711 -0.00050830621259136263 -0.00041571855359126054 0.0031336381860837259 0.00042481650065813383 -0.00083272105439502952 -0.0017090304582790959 0.0018313159469940422 -0.00010027168207927574 -0.00015564752779541476 0.0019348275583764237 -8.5382212350586568e-05 -0.00029916450225354955 0.0077408860998897829 0.0030545547905463325 -0.0010269904914496555 0.00036962385479282368 -0.002738337417447001 -0.0017710610366633774 0.0020401011595709059 0.001261380388137656 -0.00019280930104752366 -0.0025291640022272709 0.0013425605434472165 0.00079791496190969148 -0.0012290141490848673 -0.00067212360548174206 0.00036186758601695071 -0.00082025579701227333 0.00024440159310676676
leaf_weight=236603 540 535 514 763 536 6463 764 785 1942 8801 687 1423 772 670 551 4746 738 835 910 2112 616 615 928 2470 1860 723 6707 4981 1412 3762
leaf_count=236603 540 535 514 763 536 6463 764 785 1942 8801 687 1423 772 670 551 4746 738 835 910 2112 616 615 928 2470 1860 723 6707 4981 1412 3762
internal_value=-6.3562e-05 -0.00107113 -0.000459281 0.00601952 0.00996944 -0.00404249 -0.000829689 -0.000627442 -0.00156824 -0.000857633 -0.00207807 -0.00617391 0.00140478 0.000648078 0.00279403 -0.00262964 -0.00558386 -0.00881262 0.00173532 0.000845948 9.89376e-05 0.00616438 -0.0114325 0.00307553 -0.00184128 0.000250675 6.92376e-05 -0.00146989 0.00142154 -0.00177469
internal_weight=295764 41068 34065 1834 1299 7003 32231 31467 21511 18646 14234 2865 9956 9171 6826 13547 2345 1607 6156 5605 254696 1231 1442 4412 3493 2583 253465 16862 10155 5174
internal_count=295764 41068 34065 1834 1299 7003 32231 31467 21511 18646 14234 2865 9956 9171 6826 13547 2345 1607 6156 5605 254696 1231 1442 4412 3493 2583 253465 16862 10155 5174
is_linear=0
shrinkage=0.05


Tree=241
num_leaves=31
num_cat=0
split_feature=54 74 54 64 66 8 66 67 40 33 58 68 43 42 68 55 66 31 42 58 54 55 8 29 42 40 65 7 64 58
split_gain=13.7293 49.0375 15.495 55.8952 62.7493 51.9796 31.4252 17.7257 16.6148 54.1262 30.6051 55.3508 51.4086 49.35 49.0814 46.5314 82.9709 76.3777 39.8073 43.1201 30.9158 57.7338 40.9731 29.9751 29.1397 50.283 40.8071 28.7361 33.7031 37.5982
threshold=10.938343048095705 0.96161574125289928 9.7689256668090838 0.041137874126434333 -0.33395980298519129 -0.047171862795948975 -0.015559579245746134 0.18604275584220889 0.016617250628769401 7.0582518577575692 0.37291786074638372 -0.0010542718227952717 0.44594897329807287 0.019711301662027839 -0.019793238490819928 1.0000000180025095e-35 -0.048209600150585168 0.1996034383773804 0.015803641639649871 0.34690681099891668 7.3427758216857919 1.0000000180025095e-35 -0.035086402669548981 -0.040161047130823128 0.019298170693218712 0.030329474247992042 -0.039955198764801018 -0.020662331022322174 -0.14993494749069211 0.31678090989589697
decision_type=2 8 2 8 10 10 8 10 8 8 2 10 10 10 10 2 10 10 10 2 2 2 10 10 8 8 8 10 10 2
left_child=2 -2 8 4 -4 7 -5 -6 9 10 14 12 -12 23 18 17 -17 -15 20 27 22 -22 -1 -13 25 26 -10 28 -20 -30
right_child=1 -3 3 6 5 -7 -8 -9 24 -11 11 13 -14 15 -16 16 -18 -19 19 -21 21 -23 -24 -25 -26 -27 -28 -29 29 -31
leaf_value=-0.00029745309929967887 -0.00032360186179949214 0.00090351746330984768 0.00039678260268591792 0.00067502814091493504 -0.0012389676417756991 -0.0022899961223744269 -0.00019443760120791133 -4.2559965352273117e-06 4.9680505271869089e-05 -0.0013359159854943261 -0.00010905113524175906 0.00035548468910237535 -0.00089321284147959661 -0.00237160669683857 0.00084939809154719638 -0.00035618729611630053 0.001074937557139079 -0.00031481626475606141 0.00028700867472171014 -0.00085711328981701951 -1.6061216153302577e-05 -0.00091736865384364069 0.00040423302308670794 -0.00047633360627224037 1.0587618358959967e-05 -0.0010981000445453501 0.0015346927002582882 0.00066104609759346064 -0.00022905543548794316 0.00084796830367004977
leaf_weight=3662 592 522 711 925 565 805 732 756 2370 1001 2083 4693 2798 814 1199 1071 694 2216 3817 693 939 791 1313 589 250580 794 2918 1179 3559 588
leaf_count=3662 592 522 711 925 565 805 732 756 2370 1001 2083 4693 2798 814 1199 1071 694 2216 3817 693 939 791 1313 589 250580 794 2918 1179 3559 588
internal_value=5.06793e-07 0.00551601 -2.05179e-05 -0.00293073 -0.007183 -0.01147 0.00434913 -0.00529677 2.46237e-05 -0.00101902 -0.000666504 -0.00233164 -0.00669597 -0.000213146 0.000738028 -0.00388137 0.00256338 -0.00763158 2.71887e-05 0.00205159 -0.00294118 -0.00867816 -0.000932798 0.00311791 0.000161685 0.00357846 0.00534164 0.00296624 0.00188111 -0.00123887
internal_weight=295969 1114 294855 4494 2837 2126 1657 1321 290361 33699 32698 14958 4881 10077 17740 4795 1765 3030 16541 9836 6705 1730 4975 5282 256662 6082 5288 9143 7964 4147
internal_count=295969 1114 294855 4494 2837 2126 1657 1321 290361 33699 32698 14958 4881 10077 17740 4795 1765 3030 16541 9836 6705 1730 4975 5282 256662 6082 5288 9143 7964 4147
is_linear=0
shrinkage=0.05


Tree=242
num_leaves=31
num_cat=0
split_feature=3 68 74 55 66 74 9 74 53 68 19 43 66 23 58 59 60 43 54 11 7 60 43 67 75 64 67 58 11 54
split_gain=17.1163 28.0107 39.4165 35.7036 108.119 42.1892 55.1664 42.6061 44.0586 48.0807 31.449 30.5968 30.067 29.7782 27.4347 49.6315 64.3797 45.6799 32.9432 65.5887 56.041 54.9819 50.8104 45.3035 41.8541 41.5483 32.5875 34.1862 58.1222 27.2597
threshold=0.096000876277685179 0.03219901770353318 0.025050234049558643 1.5000000000000002 -0.0281899981200695 0.56852394342422496 0.12944397330284121 0.061276428401470191 1.0000000180025095e-35 0.091158084571361556 -0.14594624191522595 1.0441832542419436 -0.022123349830508229 -0.75912743806838978 0.31127643585205084 -0.0017232487443834541 -0.049221385270357125 1.33505254983902 5.5412440299987802 -0.65318432450294484 -0.04639023914933204 0.29002735018730169 1.4298973083496096 0.28353916108608251 0.40242154896259313 0.071556568145751967 0.16374813765287402 0.81265348196029674 0.62314453721046459 3.143505454063416
decision_type=8 10 8 2 10 10 10 8 8 10 10 10 10 10 2 10 10 8 2 10 8 10 10 8 10 8 10 2 10 2
left_child=1 13 -3 5 10 7 -7 12 -9 29 -5 -8 -4 -1 -2 16 -16 -18 19 23 -20 25 24 -17 -21 -22 -26 28 -28 -10
right_child=14 2 3 4 -6 6 11 8 9 -11 -12 -13 -14 -15 15 18 17 -19 20 22 21 -23 -24 -25 26 -27 27 -29 -30 -31
leaf_value=0.0019625455060696883 0.00010492615720183851 -0.0019237457460410086 0.00041894561650956675 0.0019608548728218575 -0.00049389468453973559 0.00056950038351849075 -0.00044450710857346193 -0.00014387085506743547 0.0023453781143862413 0.0023187405360851399 0.00066270027261327658 0.00063304794581291255 0.0054068866381416529 -1.2874670847288529e-05 -0.0014453999882060977 -0.0023696716816757109 0.00040669315779706672 -0.0014633663064238884 -0.0021316222845121648 -0.00040626774657286026 -0.00074093287197710763 -0.0018298097229125364 -0.00034001799743198615 -0.00041881238683541062 0.0051864531674557061 0.00052516140089091607 0.0014277176870104422 0.0042305479571161982 -0.0012090980636967051 -0.00062724518265702971
leaf_weight=1178 20750 956 604 1034 1056 6446 2898 20868 802 1034 711 1950 509 200460 3456 639 3609 2856 677 967 2718 938 4420 3811 1688 3058 1874 1368 1466 983
leaf_count=1178 20750 956 604 1034 1056 6446 2898 20868 802 1034 711 1950 509 200460 3456 639 3609 2856 677 967 2718 938 4420 3811 1688 3058 1874 1368 1466 983
internal_value=-5.40917e-06 0.000174949 0.00138607 0.00163347 0.00706154 0.00121039 0.00374204 5.64289e-05 -0.000394565 0.00546129 0.0146724 -0.000288184 0.00957257 -6.44688e-05 -0.000807476 -0.00169125 -0.00465713 -0.00170656 -0.000444275 0.000815736 -0.00320903 -0.0018144 0.00276859 -0.00434978 0.00530991 1.72831e-05 0.0067749 0.0046206 0.0018806 0.000473538
internal_weight=295784 241489 39851 38895 2801 36094 11294 24800 23687 2819 1745 4848 1113 201638 54295 33545 9921 6465 23624 16233 7391 6714 11783 4450 7363 5776 6396 4708 3340 1785
internal_count=295784 241489 39851 38895 2801 36094 11294 24800 23687 2819 1745 4848 1113 201638 54295 33545 9921 6465 23624 16233 7391 6714 11783 4450 7363 5776 6396 4708 3340 1785
is_linear=0
shrinkage=0.05


Tree=243
num_leaves=31
num_cat=0
split_feature=19 66 39 69 33 75 54 60 42 23 42 30 75 71 28 69 54 58 65 19 53 66 48 54 60 60 40 37 64 62
split_gain=15.2766 41.1888 14.7898 37.7398 28.834 27.6629 38.8522 46.1281 40.0262 21.5036 22.1334 19.5235 45.2062 84.3831 49.8614 46.2524 102.239 44.6721 36.5508 44.2687 62.2914 51.5087 45.107 40.1476 75.2715 46.4291 36.8071 65.9837 77.3218 63.1353
threshold=0.88460674881935131 -0.14128293097019193 0.15814460068941119 0.014021235983818771 1.1950610280036928 0.93263792991638195 5.9788730144500741 0.085795681923627867 0.23666423559188846 -0.6868581473827361 0.31238408386707311 0.77205973863601696 0.42244695127010351 0.24050677567720416 0.86224120855331432 0.0083621535450220125 4.2047674655914316 0.41444073617458349 0.13711816072463992 -0.074020735919475542 1.0000000180025095e-35 -0.16983564198017118 0.004032266093418003 6.8026726245880136 0.24473668634891513 0.14416448026895526 0.041159102693200118 -0.51750877499580372 -0.11339804530143736 0.079602479934692397
decision_type=10 10 8 8 8 10 2 10 10 8 10 8 8 10 10 8 2 2 8 10 10 10 2 2 10 8 10 10 10 10
left_child=2 -2 9 -4 -5 -6 7 8 -7 -1 11 18 13 17 -15 16 -14 -13 26 23 22 -22 -21 24 -20 -25 29 -28 -29 -11
right_child=1 -3 3 4 5 6 -8 -9 -10 10 -12 12 15 14 -16 -17 -18 -19 19 20 21 -23 -24 25 -26 -27 27 28 -30 -31
leaf_value=0.002040739393212857 0.00078496825904763386 -0.0055873409917215067 -0.0032606681575222036 -0.0016207765284079981 -0.00027057749636711173 0.00063630908255915553 0.0080489100410002564 0.0036612152062298689 -0.0030898567151052287 -7.1480882466071557e-05 -0.0017851921961454008 -0.00039635966976158142 0.017699472545385477 0.0036586088701230203 0.00067922341258537424 -7.1651040565915912e-06 -0.0023825145725164861 0.00044396401295205678 -0.00033815013427656112 0.00086462681808720319 -0.00047971609483722942 0.0015219365640929082 -0.00017896112449419118 -0.0013541995614315913 -0.0026204526285976528 -4.4744448616259108e-05 0.00054717824700457841 -0.00033517138583316728 0.00027253771984127317 0.00051252259812232116
leaf_weight=816 516 532 1024 1686 10630 887 539 1090 569 94947 938 3254 622 931 689 61809 582 10284 8865 684 1087 1606 22066 1308 556 744 16484 16902 28812 4053
leaf_count=816 516 532 1024 1686 10630 887 539 1090 569 94947 938 3254 622 931 689 61809 582 10284 8865 684 1087 1606 22066 1308 556 744 16484 16902 28812 4053
internal_value=-5.17728e-05 -0.00604915 -3.02234e-05 -0.00148768 -0.000866264 -0.000105647 0.00405493 0.00144757 -0.00436562 5.59254e-05 3.19226e-05 5.80901e-05 0.000727159 0.00317774 0.0139264 0.000137251 0.00980231 0.0018822 -0.000205932 -0.00162487 -0.000461635 0.00671476 -0.00131371 -0.00420186 -0.00281518 -0.0105238 0.000119101 0.00107221 9.40425e-05 -0.00047975
internal_weight=295512 1048 294464 16425 15401 13715 3085 2546 1456 278039 277223 276285 78171 15158 1620 63013 1204 13538 198114 36916 25443 2693 22750 11473 9421 2052 161198 62198 45714 99000
internal_count=295512 1048 294464 16425 15401 13715 3085 2546 1456 278039 277223 276285 78171 15158 1620 63013 1204 13538 198114 36916 25443 2693 22750 11473 9421 2052 161198 62198 45714 99000
is_linear=0
shrinkage=0.05


Tree=244
num_leaves=31
num_cat=0
split_feature=52 5 53 18 65 54 9 54 29 42 60 28 40 18 31 40 65 64 74 34 45 42 48 23 54 60 28 11 54 60
split_gain=21.1438 18.2838 13.6099 81.2099 78.5667 49.6318 37.6587 33.0913 41.3967 27.8824 44.0547 27.4274 31.7529 20.4801 26.4334 16.3176 62.8911 59.284 49.6861 40.561 45.232 39.1512 33.5427 33.1318 40.4509 33.3952 30.6129 29.5398 28.2825 42.1029
threshold=2.5000000000000004 0.91084039211273204 0.27922078967094427 -0.1723612695932388 -0.26338657736778254 7.9154393672943124 0.30785366892814642 2.8867540359497075 -0.27586032450199122 0.0082749989815056341 -0.099205549806356416 0.34494096040725714 0.012925867922604086 -1.0000000180025095e-35 0.052430743351578719 0.015409638639539482 -0.14181646704673764 -0.14407834410667417 0.91332885622978222 0.15116693079471591 21.500000000000004 0.01845171116292477 0.0014728191308677199 -0.11018903180956839 6.7329792976379403 -0.13769674301147458 0.098189998418092742 -0.43522927165031428 9.9568505287170428 0.096102464944124236
decision_type=8 8 10 10 10 2 10 2 10 8 8 10 10 8 10 10 8 8 10 10 10 10 2 10 2 10 8 8 2 8
left_child=1 -1 9 -4 -5 6 7 8 -6 10 -2 12 -9 14 -12 16 19 -18 22 23 -21 -17 -19 -11 -25 -26 -24 -28 -23 -30
right_child=2 -3 3 4 5 -7 -8 11 -10 15 13 -13 -14 -15 -16 21 17 18 -20 20 -22 28 26 24 25 -27 27 -29 29 -31
leaf_value=0.0023078785127740829 -0.00022255901656014661 4.9099019603284293e-05 0.0028361659763034945 -0.0031502875724169614 -0.00038906781247587016 -0.0013716493499851016 -0.0034485325412984534 -0.0005188846523534453 0.0062252675441781327 0.00038304977639484322 0.0012749590403424306 -0.001070141732192959 0.0020859825660985601 0.0016539109966010404 3.073299097608347e-05 0.00056849283887398696 0.0013055967497744363 0.001027583670348905 -0.00061279206874111721 0.00059825231481688541 7.4106521571700934e-05 1.334716956548701e-05 -0.00065100520115601466 -0.00048435142456726459 0.00065897498657296958 -0.00040462816245388105 0.0004365179868584625 -0.00023365813696049604 -0.0007034747601457848 0.00044705900668191617
leaf_weight=1042 1028 980 659 761 516 549 504 528 576 1862 500 1064 584 572 857 4660 574 783 1991 1739 2587 246157 3169 2523 563 521 729 14935 1992 612
leaf_count=1042 1028 980 659 761 516 549 504 528 576 1862 500 1064 584 572 857 4660 574 783 1991 1739 2587 246157 3169 2523 563 521 729 14935 1992 612
internal_value=3.52889e-05 0.00511811 1.70007e-07 -0.00240828 -0.00455617 -0.00192796 0.000132205 0.00210494 0.00916515 4.8203e-05 0.00487024 -0.00146386 0.0040107 0.00930892 0.00588881 -1.92707e-06 -0.00106609 -0.00253932 -0.00296295 0.00226925 0.005881 0.000132383 -0.00219607 -0.000593174 -0.00338678 0.00466179 -0.00261901 -0.00170984 4.72322e-05 -0.00512624
internal_weight=296117 2022 294095 5741 5082 4321 3772 3268 1092 288354 2957 2176 1112 1929 1357 285397 31976 22181 21607 9795 4326 253421 19616 5469 3607 1084 18833 15664 248761 2604
internal_count=296117 2022 294095 5741 5082 4321 3772 3268 1092 288354 2957 2176 1112 1929 1357 285397 31976 22181 21607 9795 4326 253421 19616 5469 3607 1084 18833 15664 248761 2604
is_linear=0
shrinkage=0.05


Tree=245
num_leaves=31
num_cat=0
split_feature=52 53 72 54 65 15 33 74 54 69 75 61 75 69 54 53 60 65 33 33 54 60 28 64 69 60 33 64 64 54
split_gain=17.0648 13.2387 67.3282 56.7006 52.187 40.4913 26.0688 20.9065 19.3585 121.038 136.185 85.6767 70.6481 55.4531 76.8018 51.3099 60.4949 52.9666 65.0057 62.6711 63.5505 51.2097 53.2297 50.6671 68.6382 54.917 59.5135 55.6682 60.9273 53.9689
threshold=1.5000000000000002 0.27922078967094427 0.13231697678565982 7.9154393672943124 -0.24302074313163755 0.097894642502069487 0.11173028871417047 0.54430788755416881 3.0447604656219487 0.0074105316307395705 0.59045344591140758 -0.0016353428363800047 0.90166178345680248 0.0071865580976009378 4.5539820194244394 1.0000000180025095e-35 -0.030230729840695855 -0.2715532779693603 0.33333580195903784 0.33948732912540441 1.8863115310668948 -0.033383361063897603 0.24273686856031421 -0.095336556434631334 0.016427048482000831 -0.2953334748744964 0.92858117818832409 -0.19025689363479611 -0.15818139910697934 2.275727510452271
decision_type=8 10 10 2 10 10 8 10 2 8 10 8 10 8 2 8 8 8 10 10 2 10 10 10 10 10 10 10 10 2
left_child=-1 8 -3 4 6 7 -4 -6 9 10 -2 12 23 14 -10 17 -17 18 -13 20 -19 -21 -23 24 -11 -26 27 -27 -29 -25
right_child=1 2 3 -5 5 -7 -8 -9 13 11 -12 15 -14 -15 -16 16 -18 19 -20 21 -22 22 -24 29 25 26 -28 28 -30 -31
leaf_value=0.0027382146061728438 -0.0010142258415469022 0.0024549248298528755 -0.00039081514684300903 -0.0015937097047303028 -0.00031511467349595174 -0.0022780369277720716 -0.0028590590776623377 0.0010809351266704266 0.0026611622163377328 -0.00083004537424046084 0.019918487020640991 0.0019135698470617844 0.00036559878354290831 3.5260394126305618e-05 -0.0016632393050415391 -0.00083004313215564595 0.0023121450128871417 5.564550490276335e-05 -0.00045853676359917939 -0.00063998427292420853 -0.0012517234497026201 0.0038719050903502322 0.00040784786921088776 -0.0013884346877655997 -0.0010008632992726553 0.0019500778459477588 -0.0016980806934914 -0.00072888018855052068 0.0008859468138248353 -0.00029189549861571151
leaf_weight=512 796 825 515 642 887 886 667 1640 1104 5423 880 1134 6404 215626 2609 1133 4769 5487 998 2648 5559 1423 8560 9651 3466 1559 974 1490 2811 4829
leaf_count=512 796 825 515 642 887 886 667 1640 1104 5423 880 1134 6404 215626 2609 1133 4769 5487 998 2648 5559 1423 8560 9651 3466 1559 974 1490 2811 4829
internal_value=-2.85553e-05 -4.45152e-05 -0.00235507 -0.00445016 -0.00248643 0.000657318 -0.0114933 0.00388254 3.97452e-06 -0.000719959 0.0125148 -0.00104642 -0.0026941 0.000235014 -0.0058152 0.0008559 0.00505751 -0.000106511 0.00742297 -0.000787352 -0.00353654 0.00161775 0.00325728 -0.00370536 -0.00173838 0.000659554 0.00325833 0.00516184 0.00221526 -0.00583851
internal_weight=295907 295395 6062 5237 4595 3413 1182 2527 289333 69994 1676 68318 36607 219339 3713 31711 5902 25809 2132 23677 11046 12631 9983 30203 15723 10300 6834 5860 4301 14480
internal_count=295907 295395 6062 5237 4595 3413 1182 2527 289333 69994 1676 68318 36607 219339 3713 31711 5902 25809 2132 23677 11046 12631 9983 30203 15723 10300 6834 5860 4301 14480
is_linear=0
shrinkage=0.05


Tree=246
num_leaves=31
num_cat=0
split_feature=51 49 54 41 32 52 31 19 24 18 55 66 69 69 32 75 54 69 54 29 55 66 55 42 16 66 65 32 41 68
split_gain=11.8408 15.9712 12.402 11.6345 43.3188 34.0835 14.3117 25.0804 14.0841 50.253 54.1349 62.7474 67.4994 54.9705 52.6601 43.1767 62.3627 50.2413 46.6392 71.7442 83.9181 68.5163 140.4 81.7814 70.1718 67.934 59.4655 58.0947 54.5195 46.2419
threshold=1.0000000180025095e-35 0.00888233305886388 3.7957137823104863 0.0085924691520631331 -0.34716653823852534 10.500000000000002 0.27252843976020819 -0.0034524962538853283 0.037977972999215133 -0.14896993339061734 1.5000000000000002 -0.18560636043548581 0.014747577719390394 0.0091947759501636046 -0.50768417119979847 0.26545417308807379 8.2211270332336444 0.01719234045594931 7.0012910366058358 -0.21956087648868558 1.0000000180025095e-35 -0.15632759779691693 1.0000000180025095e-35 0.017591902986168865 -0.14573846012353894 -0.22894344478845594 -0.21514311432838437 -0.2148819491267204 0.019302560947835449 -0.077690560370683656
decision_type=8 2 2 8 8 10 8 8 10 8 2 10 10 8 8 10 2 10 2 8 2 10 2 8 8 10 10 8 10 8
left_child=1 2 -1 4 -2 6 -6 -8 9 -5 13 12 -12 -11 -15 16 18 -18 21 -20 27 24 23 -23 -16 -22 29 -21 -25 -26
right_child=3 -3 -4 8 5 -7 7 -9 -10 10 11 -13 -14 14 15 -17 17 -19 19 20 25 22 -24 28 26 -27 -28 -29 -30 -31
leaf_value=0.0037646448012678014 0.00096343061522842781 -0.00071915209650919791 0.00046286330987489581 0.0002192102603635563 0.00010197965529990632 0.00057484147008642799 -0.00062681487483774419 5.175880092313859e-05 3.0505410967950067e-05 0.0012127696790446678 2.4479745837752145e-05 -0.00038761268862525514 0.001110539630359267 -0.00068306149819039963 -0.00061986231751464467 5.8186660565298642e-05 -0.00017840600747107973 0.00058466923096438597 2.5464761221511564e-05 -0.0013442655659889596 -0.0013791390040996934 1.5185351825913046e-05 0.0004493881446465996 -0.0028506381441300768 -0.00062615108142700037 -0.00031009602661849337 0.00055219068398082373 0.0004386773151346219 -0.0016829457015211284 0.00012771535996060972
leaf_weight=531 511 514 630 16621 910 683 582 655 211271 2334 1558 1438 1606 8915 3201 20649 2105 2212 1891 628 1477 761 1009 888 1322 665 3063 1027 1303 5032
leaf_count=531 511 514 630 16621 910 683 582 655 211271 2334 1558 1438 1606 8915 3201 20649 2105 2212 1891 628 1477 761 1009 888 1322 665 3063 1027 1303 5032
internal_value=6.38509e-05 0.00424332 0.00747225 3.99216e-05 0.00296926 0.000528169 -0.00257302 -0.00605453 6.18586e-06 -0.00056012 -0.00120455 0.00401127 0.00793951 -0.00161561 -0.00192849 -0.00126262 -0.00259457 0.00290039 -0.00366073 -0.00756406 -0.0115183 -0.0023178 -0.00804583 -0.0135381 -0.000514729 -0.0180297 0.00166013 -0.00303303 -0.0184234 -0.00109994
internal_weight=295992 1675 1161 294317 3341 2830 2147 1237 290976 79705 63084 4602 3164 58482 56148 47233 26584 4317 22267 5688 3797 16579 3961 2952 12618 2142 9417 1655 2191 6354
internal_count=295992 1675 1161 294317 3341 2830 2147 1237 290976 79705 63084 4602 3164 58482 56148 47233 26584 4317 22267 5688 3797 16579 3961 2952 12618 2142 9417 1655 2191 6354
is_linear=0
shrinkage=0.05


Tree=247
num_leaves=31
num_cat=0
split_feature=8 53 65 33 34 9 19 69 41 9 60 25 68 10 42 67 10 3 26 69 42 60 17 75 69 33 26 61 60 67
split_gain=12.3844 68.1836 48.5296 41.3305 48.4958 36.4135 35.0107 58.1606 42.1208 37.0689 36.1906 38.57 32.0384 52.885 43.9804 33.1214 32.2517 31.2488 30.9772 38.8943 28.894 28.3215 28.2285 25.1444 24.9921 33.7151 26.4574 37.6302 43.45 85.4423
threshold=0.194879986345768 0.13392857462167743 0.13133955001831057 1.5661365389823916 0.11681665107607843 1.4957381486892702 0.34124785661697393 0.012884998228400947 0.060734422877430923 0.35739041864871984 -0.038430392742156975 0.10395221784710885 0.0093405554071068781 0.15155518800020221 0.14743910729885104 0.23231492191553119 1.0787068009376528 0.21386675536632541 -0.14741937071084973 0.013761625159531833 0.096793826669454588 0.047396568581461913 0.27391344308853155 0.97656756639480602 0.0069769911933690318 0.15621338784694674 -0.037533352151513093 0.024403929710388187 -0.019729609601199623 0.30595466494560247
decision_type=10 10 10 8 10 10 10 10 10 10 10 10 10 8 10 10 8 10 10 10 10 10 10 10 8 10 10 10 8 10
left_child=6 3 -3 4 -2 -5 9 -8 -9 24 -11 -12 16 15 17 -14 22 -15 -17 -20 -10 23 -6 -7 25 -1 -26 28 -28 -30
right_child=1 2 -4 5 12 21 7 8 20 10 11 -13 13 14 -16 18 -18 -19 19 -21 -22 -23 -24 -25 26 -27 27 -29 29 -31
leaf_value=-0.0024887500810267696 0.0032733637756761076 -0.0032810333849224663 0.0011465753260628969 0.00053193310823788367 6.8671679463677348e-06 -0.00058512336729988235 0.0024306374487195418 0.00062480381587783063 -0.002607261072025753 -0.00011145170752378548 0.0028470261205772399 0.0011710457296256083 -0.0026744203790260478 0.00012845029037273671 -0.0038162619571307983 -0.0019047639073554647 0.0024033972983150335 -0.0013805530545698956 0.001033511530051806 -0.0010138162736456598 -0.00093597458430246254 0.00029398568564049102 -0.0014722069990799579 -0.0040525137393204362 -2.5525887238217124e-06 0.00041859275691730896 0.00044060998297545121 0.00054346754782560222 -0.00056236798073794336 0.00066799506844897609
leaf_weight=531 509 1888 550 16979 10462 2480 1077 856 1331 2476 545 3308 957 6926 638 982 500 2316 671 1209 2170 4047 874 738 216301 604 2692 5041 4263 1750
leaf_count=531 509 1888 550 16979 10462 2480 1077 856 1331 2476 545 3308 957 6926 638 982 500 2316 671 1209 2170 4047 874 738 216301 604 2692 5041 4263 1750
internal_value=-6.20601e-05 -0.000756599 -0.00890523 -0.000359855 -0.00174253 0.00112559 8.86996e-05 -0.00387583 -0.00644607 0.000179563 0.00395173 0.00697644 -0.00204932 -0.00369465 -0.00175935 -0.00868373 -0.000143508 -0.000875486 -0.00595404 -0.00216931 -0.00887212 -0.00183505 -0.000696281 -0.00532838 7.61272e-05 -0.00729258 0.000112798 0.00223902 0.000246701 -0.00211689
internal_weight=295671 52726 2438 50288 26044 24244 242945 5434 4357 237511 6329 3853 25535 13699 9880 3819 11836 9242 2862 1880 3501 7265 11336 3218 231182 1135 230047 13746 8705 6013
internal_count=295671 52726 2438 50288 26044 24244 242945 5434 4357 237511 6329 3853 25535 13699 9880 3819 11836 9242 2862 1880 3501 7265 11336 3218 231182 1135 230047 13746 8705 6013
is_linear=0
shrinkage=0.05


Tree=248
num_leaves=31
num_cat=0
split_feature=75 60 41 67 66 0 57 49 3 62 61 55 69 55 69 64 18 74 32 64 70 61 67 60 9 41 62 9 10 42
split_gain=14.3976 24.4403 16.7144 20.2732 40.5535 14.3142 25.0561 26.0025 27.6888 20.9519 19.8977 19.7382 46.601 24.2577 54.9802 23.4487 39.2464 23.3432 20.1765 19.4405 19.3656 23.7637 19.3408 22.5956 33.6787 31.1047 19.2886 16.982 20.2319 37.4537
threshold=0.004814334213733674 -0.065166734158992753 0.0085924691520631331 0.23060788959264758 -0.33633908629417414 -0.037734584882855408 0.28891241550445562 4.0734192225500017e-05 0.11217719689011575 -0.039137631654739373 0.078810214996337905 1.5000000000000002 0.019921625033020977 1.0000000180025095e-35 0.018420509994030002 0.25709336996078497 0.14969423413276675 0.26459635794162756 -0.60038509964942921 -0.27200782299041742 -0.0015439065173268316 -0.036212801933288567 0.1616749316453934 -0.038430392742156975 -0.0032653256785124536 0.055207507684826858 -0.21655008196830747 -0.65111789107322682 -0.61841356754302967 0.050280621275305755
decision_type=8 10 8 8 10 8 2 2 8 8 10 2 10 2 10 10 10 8 10 8 10 10 8 10 10 10 8 8 8 10
left_child=1 -1 3 4 -2 6 7 20 9 19 11 13 -13 15 17 22 -17 -15 -16 -9 -4 -22 23 24 -8 -25 -7 -28 29 -29
right_child=2 -3 5 -5 -6 26 10 8 -10 -11 -12 12 -14 14 18 16 -18 -19 -20 -21 21 -23 -24 25 -26 -27 27 28 -30 -31
leaf_value=-0.00095634613750613371 0.00064028719874290702 0.00016008818875590803 0.00027936913357869131 0.00044715988855599303 -0.00032370331599983725 -0.001020648913072517 -0.00024382327613773721 0.0017671342451508762 -0.0013703704859487993 0.0016763842277390348 0.00085320152539672162 0.00023960287248647532 -0.0012056488865426623 -0.00096112024278933073 0.00066698596377360588 -0.0021299653010407918 -0.00058061169157909084 0.00023036325948676761 0.0018963208316529368 0.00045518569499993503 -0.0012661876202238382 0.00057598654563047647 0.00012814948225000968 -0.002479646356407423 -0.0015566889247820175 0.0014064906897352991 -0.00084869368182705594 0.0015997237550806815 -2.2166745700405271e-05 -9.4116543788574925e-05
leaf_weight=624 606 636 7055 711 1011 1062 2552 1089 749 924 1815 711 654 600 553 550 1622 722 629 8656 1773 1043 14640 578 1172 1430 1342 783 238358 1243
leaf_count=624 606 636 7055 711 1011 1062 2552 1089 749 924 1815 711 654 600 553 550 1622 722 629 8656 1773 1043 14640 578 1172 1430 1342 783 238358 1243
internal_value=-4.20746e-05 -0.00535433 -1.91757e-05 0.00419162 0.0010756 -5.28539e-05 0.000721828 0.00201653 0.00364018 0.00429347 -0.000254976 -0.000603641 -0.00643636 -0.000283343 0.0043755 -0.000802518 -0.00572869 -0.00262763 0.0121644 0.00360328 0.000136626 -0.00336164 -0.000274752 -0.00273424 -0.00503482 0.00153617 -0.000210875 -0.000181189 -0.000149754 0.00481336
internal_weight=295893 1260 294633 2328 1617 292305 49517 21289 11418 10669 28228 26413 1365 25048 2504 22544 2172 1322 1182 9745 9871 2816 20372 5732 3724 2008 242788 241726 240384 2026
internal_count=295893 1260 294633 2328 1617 292305 49517 21289 11418 10669 28228 26413 1365 25048 2504 22544 2172 1322 1182 9745 9871 2816 20372 5732 3724 2008 242788 241726 240384 2026
is_linear=0
shrinkage=0.05


Tree=249
num_leaves=31
num_cat=0
split_feature=30 65 19 17 65 10 67 63 30 41 23 24 39 36 54 74 74 54 54 75 70 54 75 42 48 75 40 17 17 23
split_gain=12.7169 16.3124 11.7139 27.8777 23.6681 18.1701 17.1502 20.1382 16.5051 14.9399 13.5069 36.974 14.2228 24.4738 20.0637 32.9876 27.5417 27.1553 24.3636 26.0389 23.5743 20.0268 26.1897 20.9281 17.3317 17.0938 16.4028 40.1825 22.0078 27.1927
threshold=8.1608824729919451 0.083135545253753676 0.61118376255035411 0.078213505446910872 0.13711816072463992 3.1515005826950078 0.12656008452177051 -0.046788871288299554 3.1675370931625371 0.15422213822603228 -0.75912743806838978 0.36713786423206335 0.15814460068941119 20.51070594787598 2.3837040662765507 0.71110826730728161 0.045211680233478553 1.4597764611244204 7.2079489231109628 0.61467406153678905 0.24724461138248446 4.9257669448852548 0.87474742531776439 0.20681849122047427 0.17527485638856891 0.8940795660018922 0.20038208365440371 0.1638685613870621 -0.10823295637965201 -0.42806723713874811
decision_type=10 8 10 10 8 10 10 10 10 10 8 10 10 2 2 8 10 2 2 10 10 2 10 10 2 10 10 10 8 10
left_child=2 -2 5 6 -5 10 -4 -8 -6 -10 11 -1 26 -14 16 18 -15 -18 19 -16 -17 23 -23 -21 -25 -19 -12 28 29 -28
right_child=1 -3 3 4 8 -7 7 -9 9 -11 12 -13 13 14 15 20 17 25 -20 21 -22 22 -24 24 -26 -27 27 -29 -30 -31
leaf_value=-0.0010360245475942527 -0.00015989577866147993 0.0017979716182639485 2.344387704181772e-05 -0.0017490823260701137 0.0025163351711102117 0.0018013849026732088 -0.00061569214750515711 -0.0037204741882444002 -0.00081207779570523502 0.0018827089709032821 4.1409532451274543e-06 0.0072923812297709658 -0.0019307648546796703 0.00052490990595452044 0.0015743641216286943 -0.0012470043240762477 -0.00015191373289849056 -0.0045249141098503672 0.0062752856459988128 0.0013898446746498769 0.00018710117146230611 0.00037215638039279632 -0.0034224327275057414 0.00072348291495252174 -0.0035844028162811932 -0.0019319934324297614 -0.00098903797672515725 0.0055715302726475546 -0.0015620655545375774 0.0016084482763094911
leaf_weight=543 542 538 509 1002 594 763 562 679 694 505 274009 581 947 908 1121 1571 613 509 526 1928 1331 516 504 506 585 519 551 543 504 862
leaf_count=543 542 538 509 1002 594 763 562 679 694 505 274009 581 947 908 1121 1571 613 509 526 1928 1331 516 504 506 585 519 551 543 504 862
internal_value=2.21228e-05 0.00541284 2.20343e-06 -0.00251372 0.000588235 4.16595e-05 -0.00744318 -0.0105915 0.00402108 0.000620347 2.12298e-05 0.00546737 -1.73272e-07 -0.00167852 -0.00101821 0.000139567 -0.00490426 -0.00875227 0.00235253 0.00129594 -0.00418956 -0.00058039 -0.00660194 0.00146913 -0.00404178 -0.0136802 7.32425e-05 0.00412955 0.000700571 0.00390021
internal_weight=296065 1080 294985 4545 2795 290440 1750 1241 1793 1199 289677 1124 288553 12084 11137 8588 2549 1641 5686 5160 2902 4039 1020 3019 1091 1028 276469 2460 1917 1413
internal_count=296065 1080 294985 4545 2795 290440 1750 1241 1793 1199 289677 1124 288553 12084 11137 8588 2549 1641 5686 5160 2902 4039 1020 3019 1091 1028 276469 2460 1917 1413
is_linear=0
shrinkage=0.05


Tree=250
num_leaves=31
num_cat=0
split_feature=27 55 66 54 11 18 41 27 66 29 55 46 27 54 43 13 60 55 8 54 11 41 66 55 38 54 54 66 54 48
split_gain=15.1844 65.8234 44.5977 39.609 79.7641 53.2833 80.9003 48.0504 44.9734 38.1413 35.3639 37.3675 34.3489 47.3661 47.3862 36.1537 33.4265 28.8478 37.0797 28.391 26.655 44.4295 69.2809 67.0119 139.139 111.683 95.8954 107.212 78.458 68.3078
threshold=0.65282198786735546 1.5000000000000002 -0.25831256806850428 6.892895221710206 -0.72499457001686085 -0.31108763813972468 0.21968963742256167 1.9523611068725588 -0.15632759779691693 -0.59999725222587574 1.0000000180025095e-35 3.5000000000000004 0.94153961539268505 8.5302562713623065 0.64656466245651256 -0.0092913042753934843 0.35858497023582464 1.0000000180025095e-35 0.62585285305976879 8.6082215309143084 0.73047733306884777 0.062604371458292021 -0.10603393614292143 1.0000000180025095e-35 0.14797982573509219 6.4988090991973886 4.668098211288453 -0.32732795178890223 8.1716699600219744 0.032259104773402221
decision_type=10 2 10 2 10 8 10 10 8 10 2 10 10 2 10 10 10 2 10 2 8 10 10 2 10 2 2 8 2 2
left_child=20 3 -3 7 5 -5 8 10 12 -9 11 -2 -7 15 -15 -14 -13 18 -6 -19 -1 22 23 26 25 -25 27 -22 -27 -29
right_child=1 2 -4 4 17 6 -8 9 -10 -11 -12 16 13 14 -16 -17 -18 19 -20 -21 21 -23 -24 24 -26 28 -28 29 -30 -31
leaf_value=1.4556095396453355e-05 -0.0016468191576736624 0.0003007172651857716 -0.0018492645695010372 -0.0011120589904619162 -0.0025800630878440177 -0.0011727491466035609 0.006858985500663781 -0.002089207414519166 0.0024648882606829836 2.5667509253305419e-05 0.0013915450988596558 0.00073530015945688935 0.0011669910068716487 0.0031034523426176647 -0.00069280077514664385 -0.0011346204414722564 -0.0013884468685818191 0.00046017444900267119 -0.0019567409617662567 -0.0014077238984043922 -0.0046302216319678707 -0.00048508446035545053 -0.00090616127768439073 0.00028207747436202518 0.00020916706243623661 -0.0023715492835478004 0.00072794872621676681 0.00075053160568412105 -0.00086562759374950128 -0.00053899811394060907
leaf_weight=174708 1205 523 1023 706 518 1190 924 1560 533 4898 864 27924 582 726 508 1271 877 516 769 536 519 29201 4911 1094 4599 1330 14680 7025 996 9458
leaf_count=174708 1205 523 1023 706 518 1190 924 1560 533 4898 864 27924 582 726 508 1271 877 516 769 536 519 29201 4911 1094 4599 1330 14680 7025 996 9458
internal_value=-2.12706e-05 0.000796215 -0.00931877 0.00113732 -0.00188304 0.000992248 0.00259401 0.00184798 -2.07469e-05 -0.00207174 0.00266839 0.00237873 -0.00173781 0.0010494 0.00860129 -0.00399893 0.00274027 -0.00977011 -0.0147648 -0.00357815 -0.000178046 -0.000974629 1.79284e-05 0.00071139 -0.00336904 -0.0109913 0.00174492 -0.000811192 -0.0171661 -0.000100042
internal_weight=296174 47653 1546 46107 8779 6440 5734 37328 4810 6458 30870 30006 4277 3087 1234 1853 28801 2339 1287 1052 248521 73813 44612 39701 8019 3420 31682 17002 2326 16483
internal_count=296174 47653 1546 46107 8779 6440 5734 37328 4810 6458 30870 30006 4277 3087 1234 1853 28801 2339 1287 1052 248521 73813 44612 39701 8019 3420 31682 17002 2326 16483
is_linear=0
shrinkage=0.05


Tree=251
num_leaves=31
num_cat=0
split_feature=19 66 29 32 54 30 54 32 58 75 54 38 34 19 46 66 49 5 54 34 68 32 23 16 8 26 16 33 32 32
split_gain=14.0123 78.9965 96.5545 135.702 108.96 118.065 73.1723 61.4805 53.3819 47.0909 43.2355 49.3145 54.6209 44.442 42.9059 39.3462 53.8203 36.6302 76.2664 39.6966 36.2997 36.2116 37.379 35.4489 34.0649 33.8502 53.1115 54.2856 94.2963 45.7659
threshold=-0.059896929189562791 -0.1031927317380905 -0.74312421679496754 -0.52606511116027821 5.1876652240753183 0.23031003773212436 8.6082215309143084 -0.2694037109613418 0.83572649955749523 0.077559243887662901 7.676793336868287 0.14797982573509219 0.39352396130561834 -0.13584024459123609 16.500000000000004 -0.37397295236587519 0.0024390838807448749 0.16166969388723376 8.7732682228088397 0.58441990613937389 0.018271112814545635 -0.37118162214756006 -0.055892895907163613 -0.14961083978414533 -0.22076526284217832 -0.11674438044428824 -0.093379262834787355 0.29702104628086096 -0.57169553637504567 -0.48201248049736017
decision_type=10 10 8 8 2 10 2 10 2 8 2 10 8 8 10 10 2 10 2 10 10 8 10 8 10 10 10 10 10 8
left_child=1 9 -3 24 8 7 -7 14 21 10 11 12 -1 -13 -6 16 -2 19 -19 25 -9 -5 -23 -12 -4 -11 27 29 -29 -27
right_child=15 2 3 4 5 6 -8 20 -10 17 23 13 -14 -15 -16 -17 -18 18 -20 -21 -22 22 -24 -25 -26 26 -28 28 -30 -31
leaf_value=-0.0004038573915107492 -0.0016879949410676068 -0.0059844952293566017 0.006879384729796191 -0.001300020392534114 5.3302682243359198e-05 -0.00052433328381743525 -0.0054420149048530313 -0.0016601003968038626 -0.00067337109530079967 3.7310836306705609e-05 0.00083523973967190293 0.00098663570941495064 -0.0015385163534192333 -0.00041156060047124157 0.0012383614333621651 6.2103169266007621e-05 9.6500605896215904e-05 -0.0003891392936874204 0.0018722933309818183 -0.0016074538400907069 -1.4549751556046376e-05 -0.0048981502319616708 -0.0024039498997272635 -0.00012065333287873889 0.00057293442006423479 -0.00046988449110788868 -0.00012961666170551012 0.0038532260899747312 0.00041560708515310453 0.00040723794896191379
leaf_weight=3934 2498 546 509 1144 3044 524 602 507 1275 100741 582 743 719 2203 1492 132147 3092 18301 936 744 535 1002 507 1509 1437 1885 4885 1005 1663 5109
leaf_count=3934 2498 546 509 1144 3044 524 602 507 1275 100741 582 743 719 2203 1492 132147 3092 18301 936 744 535 1002 507 1509 1437 1885 4885 1005 1663 5109
internal_value=-3.1437e-05 -0.000352641 -0.00406578 -0.00316174 -0.00538433 -0.00150432 -0.0161972 0.00148533 -0.0119858 -1.62104e-05 -0.00338144 -0.00513208 -0.00833155 -6.7659e-05 0.00400352 0.000337212 -0.00376786 0.00022509 -0.00179508 0.000560142 -0.00941065 -0.0160158 -0.0210994 0.00297477 0.00894683 0.000634877 0.00288864 0.00503515 0.0110904 0.00271274
internal_weight=295820 158083 13124 12578 10632 6704 1126 5578 3928 144959 9690 7599 4653 2946 4536 137737 5590 135269 19237 116032 1042 2653 1509 2091 1946 115288 14547 9662 2668 6994
internal_count=295820 158083 13124 12578 10632 6704 1126 5578 3928 144959 9690 7599 4653 2946 4536 137737 5590 135269 19237 116032 1042 2653 1509 2091 1946 115288 14547 9662 2668 6994
is_linear=0
shrinkage=0.05


Tree=252
num_leaves=31
num_cat=0
split_feature=28 54 33 29 65 66 67 33 72 32 74 18 69 73 66 54 32 69 65 55 72 7 58 54 69 42 27 18 66 19
split_gain=13.5886 82.0207 97.8354 98.2296 86.1651 80.6328 80.0164 84.0577 73.5494 51.9263 60.3309 64.9959 58.1037 46.4637 46.4542 44.2737 48.5846 57.548 58.2206 47.9769 42.2712 59.4332 41.3671 39.1672 104.71 66.4311 57.4273 63.2781 54.6561 61.0914
threshold=0.25475823879241949 6.7329792976379403 1.6243945360183718 -0.21956087648868558 0.043937563896179206 -0.17551096528768537 0.088199090212583556 0.075990609824657454 0.1159009411931038 -0.64991053938865651 0.086058009415864958 -0.16313955187797544 0.022479620762169365 0.26784351468086248 -0.35448491573333735 6.4616401195526132 -0.52606511116027821 0.017707170918583873 -0.080181986093521104 1.0000000180025095e-35 0.51090732216835033 -0.079103447496891008 0.11354737728834154 6.9614286422729501 0.008532381150871517 0.063472956418991103 2.6837921142578129 -0.28711976110935206 -0.0017708849627524612 -0.17287343740463254
decision_type=8 2 10 8 10 10 10 10 10 8 10 10 10 10 10 2 8 10 10 2 10 10 2 2 8 10 10 8 10 8
left_child=1 15 3 6 20 8 7 13 -4 -8 12 -12 -11 -3 22 -1 -17 18 -18 -19 21 -5 -9 -2 25 -25 27 -26 29 -29
right_child=23 2 5 4 -6 -7 9 14 -10 10 11 -13 -14 -15 -16 16 17 19 -20 -21 -22 -23 -24 24 26 -27 -28 28 -30 -31
leaf_value=-0.00012503752878664345 8.8188708440320977e-05 0.0019530294770666364 -0.0031202081437680402 -0.0023224736629312128 0.00020188816071534614 0.00029147475354167167 -0.00082597464851314752 0.0014723609698351354 -0.00059519545732696045 0.00014775698317736472 -0.00085624840285790339 0.00028855769783321108 0.0037410303085815277 0.00020165377583985502 0.00082020691798574252 -0.0014732644556979442 0.00092385641954711723 -0.00025428182669833503 -0.00072496690207375918 -0.0014998642282224013 -0.000213084876109277 -0.00034272715820466706 0.0019765963787253464 -0.00064045335413814028 -0.0018838795108090667 -0.0060347530206185567 0.0037915420293251805 -0.00043585039619541046 -0.00061195944474058586 6.1789199017497212e-05
leaf_weight=79425 147008 1159 513 606 3248 927 921 640 658 508 1174 7252 556 3678 1030 1051 1014 1076 568 914 2159 625 691 1560 597 506 736 3834 2434 28789
leaf_count=79425 147008 1159 513 606 3248 927 921 640 658 508 1174 7252 556 3678 1030 1051 1014 1076 568 914 2159 625 691 1560 597 506 736 3834 2434 28789
internal_value=-5.76272e-05 -0.000496816 0.00193701 0.00283423 -0.00234657 -0.00839658 0.00478745 0.0088374 -0.0170618 0.00198158 0.00308421 0.00165955 0.0142458 0.00504436 0.0165542 -0.00125984 -0.00601122 -0.0032105 0.00389447 -0.00885 -0.00791176 -0.0152699 0.0227069 0.000203802 -0.00121666 -0.0121387 -0.000593407 -0.00088044 -0.000603131 -6.28198e-05
internal_weight=295857 110393 26345 24247 6638 2098 17609 7198 1171 10411 9490 8426 1064 4837 2361 84048 4623 3572 1582 1990 3390 1231 1331 185464 38456 2066 36390 35654 35057 32623
internal_count=295857 110393 26345 24247 6638 2098 17609 7198 1171 10411 9490 8426 1064 4837 2361 84048 4623 3572 1582 1990 3390 1231 1331 185464 38456 2066 36390 35654 35057 32623
is_linear=0
shrinkage=0.05


Tree=253
num_leaves=31
num_cat=0
split_feature=30 65 19 60 46 43 21 7 33 40 19 19 65 26 27 60 64 60 33 68 75 57 28 65 67 75 18 68 13 58
split_gain=10.9339 19.3991 12.8112 29.5507 22.694 22.5745 20.4856 15.26 14.0325 13.6861 43.2134 53.1961 59.3292 48.7406 59.6094 58.7366 70.3072 67.3159 87.394 57.4844 74.8043 60.9358 51.5074 59.2863 56.3081 55.4678 53.5334 50.7344 70.813 67.5728
threshold=8.1608824729919451 0.074512481689453139 0.61118376255035411 0.047396568581461913 17.500000000000004 0.54509520530700695 0.068573731929063811 1.0685403943061831 5.0569713115692148 0.040854826569557197 0.4483651071786881 0.1907729580998421 0.16672223806381228 -0.27173098921775812 1.0123716592788699 -0.26004828512668604 -0.28397068381309504 -0.019729609601199623 0.49613538384437567 0.0096751842647790926 0.37440997362136846 0.40133124589920049 0.60507231950759899 0.063132941722869887 0.16596108675003055 0.21623827517032626 -0.12350495904684065 -0.054266294464468949 -0.046652195975184434 0.055599059909582145
decision_type=10 10 10 10 10 10 10 10 10 10 10 10 8 8 10 8 10 8 8 8 10 2 10 10 10 10 10 10 10 2
left_child=2 -2 9 4 -4 -5 -6 -7 -8 10 11 13 -13 -1 15 16 -15 18 22 20 21 -19 23 24 26 -24 -17 29 -29 -28
right_child=1 -3 3 5 6 7 8 -9 -10 -11 -12 12 -14 14 -16 17 -18 19 -20 -21 -22 -23 25 -25 -26 -27 27 28 -30 -31
leaf_value=-0.000279535542079494 -0.00030961596035056216 0.0022130207186920325 0.00051393608640699646 -0.0012947358578035955 -7.1786153414754581e-05 0.002709792164497338 -0.0041460739041570679 -5.0964657401169399e-05 -0.0015250126357206793 5.705025149900997e-05 0.0018436709030548344 -0.0017399862510523647 0.00078432841670992475 0.00014789817316611354 0.0023016978674078046 0.00048560493704062862 -0.00203212498518987 -0.00015461615554305218 -0.0011773120269385992 4.0135707721459386e-05 0.0003929121536359278 -0.00076222023272577992 0.00071076685420492093 0.00054013129453788368 -0.00053010434389490213 5.0872077509349359e-05 0.00051423462341880011 -0.00065101058181368061 0.00041498923282566526 -0.00016666603023123718
leaf_weight=23215 528 517 571 594 584 731 810 539 744 148569 524 3702 1239 821 796 8342 1004 9869 2515 39785 6060 8407 2354 5540 2162 1609 2072 1544 5998 13696
leaf_count=23215 528 517 571 594 584 731 810 539 744 148569 524 3702 1239 821 796 8342 1004 9869 2515 39785 6060 8407 2354 5540 2162 1609 2072 1544 5998 13696
internal_value=-9.98474e-06 0.00507109 -2.81924e-05 -0.0026511 -0.00597646 0.00218783 -0.00833333 0.0059375 -0.0113171 1.32835e-05 -0.000339081 -0.000392923 -0.00548374 -0.000207292 0.000222945 0.000125237 -0.00874659 0.000273274 0.0017364 -0.000772637 -0.00268627 -0.00428196 0.00226302 0.00171476 0.000928335 0.0076894 0.00146232 0.000231561 0.00360169 -0.00138167
internal_weight=295441 1045 294396 4573 2709 1864 2138 1270 1554 289823 141254 140730 4941 135789 112574 111778 1825 109953 45832 64121 24336 18276 43317 39354 33814 3963 31652 23310 7542 15768
internal_count=295441 1045 294396 4573 2709 1864 2138 1270 1554 289823 141254 140730 4941 135789 112574 111778 1825 109953 45832 64121 24336 18276 43317 39354 33814 3963 31652 23310 7542 15768
is_linear=0
shrinkage=0.05


Tree=254
num_leaves=31
num_cat=0
split_feature=38 0 55 55 54 68 66 54 66 10 67 66 67 66 64 8 65 33 15 67 11 63 33 54 54 54 39 54 65 49
split_gain=12.8368 12.0054 23.1459 39.4091 65.2498 70.1198 75.05 39.2941 32.551 30.4848 30.0672 29.5579 32.8613 23.1308 23.0506 21.6102 34.3191 27.1992 24.6558 34.3159 37.3668 31.6012 28.2712 26.5902 33.8044 25.4829 22.3151 21.9949 21.0034 32.0523
threshold=2.2250175476074223 -0.037734584882855408 1.5000000000000002 1.0000000180025095e-35 6.7329792976379403 -0.090434662997722612 -0.058512590825557702 8.1271834373474139 -0.11975871399044989 -0.25405256450176233 0.41678279638290411 -0.23142474889755246 0.27260431647300726 -0.21320357173681256 -0.044360548257827752 -0.39610430598258967 0.09009957313537599 1.4615549445152285 -0.30043084919452662 0.077532038092613234 0.73047733306884777 -0.027775466442108151 0.24779988080263141 2.4659786224365239 4.7494869232177743 0.47933015227317816 0.035345444455742843 4.1748487949371347 -0.4022561907768249 1.0000000180025095e-35
decision_type=10 8 2 2 2 8 10 2 10 10 10 8 10 8 8 8 10 10 8 10 8 10 8 2 2 2 10 2 8 2
left_child=1 2 3 7 -5 -6 11 10 9 14 28 -7 -13 -9 -4 16 17 -3 19 23 21 27 -22 -17 -25 -20 -24 -21 29 -1
right_child=-2 15 8 4 5 6 -8 13 -10 -11 -12 12 -14 -15 -16 18 -18 -19 25 20 22 -23 26 24 -26 -27 -28 -29 -30 -31
leaf_value=-0.00042645538374051913 -0.0010560605148936528 -0.00038221076089381878 -0.00085212464591871814 -0.0011759722450888138 0.0033634060499604167 0.00074977886946952447 0.0022120444844035774 -0.0016360004402955935 -0.0012954637083504976 0.00066281128197125106 -0.0015013326634701113 -0.0015940382562321964 0.00020189947017762723 -2.005558021600587e-05 0.00017481263800263683 0.0010487424839970125 0.0010899149992455619 -0.001577477010199039 0.0033596095629358212 0.0017318064566978113 -0.00090836219292408373 0.0036882035242544429 0.0017859705499452324 -0.0014311829331290432 0.00014360879966099005 -2.2327908611542367e-05 0.00020962863357709452 -0.00072169897060371307 0.00013957468865186205 0.0036668538043069438
leaf_weight=613 1142 7988 738 517 935 852 585 692 514 609 1172 694 835 572 593 612 657 936 812 921 710 1022 511 1014 996 227151 1574 523 38570 738
leaf_count=613 1142 7988 738 517 935 852 585 692 514 609 1172 694 835 572 593 612 657 936 812 921 710 1022 511 1014 996 227151 1574 523 38570 738
internal_value=-2.73826e-05 -6.78735e-06 0.000705741 0.000954366 0.00544264 0.00765789 0.00386425 0.000485047 -0.00401786 -0.00102564 0.000752986 -0.000104559 -0.00425601 -0.00816327 -0.00525727 -0.000149733 -0.00247628 -0.0032908 -5.51184e-05 0.00269226 0.00501802 0.00949111 0.00105169 -0.00197568 -0.00475248 -0.000150237 0.00398568 0.00467675 0.00098545 0.00709037
internal_weight=295798 294656 49229 46775 4418 3901 2966 42357 2454 1940 41093 2381 1529 1264 1331 245427 9581 8924 235846 7883 5261 2466 2795 2622 2010 227963 2085 1444 39921 1351
internal_count=295798 294656 49229 46775 4418 3901 2966 42357 2454 1940 41093 2381 1529 1264 1331 245427 9581 8924 235846 7883 5261 2466 2795 2622 2010 227963 2085 1444 39921 1351
is_linear=0
shrinkage=0.05


Tree=255
num_leaves=31
num_cat=0
split_feature=2 69 55 69 6 11 49 46 69 30 60 41 30 66 66 74 75 52 62 67 46 75 73 67 65 64 63 60 55 2
split_gain=16.7179 31.824 63.8772 86.5478 87.7356 60.2252 52.6672 59.6936 58.1044 51.0955 51.6978 50.5708 42.6164 42.5251 37.9772 35.6026 33.3606 33.2846 31.6843 50.0582 40.4483 32.931 48.0199 32.5836 30.9442 37.6603 47.5169 43.0206 34.1899 31.82
threshold=-0.014387479517608879 0.013729128520935776 1.0000000180025095e-35 0.0074105316307395705 0.037773543968796737 -0.070372015237808214 0.0024390838807448749 16.500000000000004 0.0094106099568307417 0.25132495164871221 0.039571855217218406 0.030841220170259479 0.3996542245149613 -0.19965470582246778 -0.24756715446710584 0.94324764609336864 0.32969756424427038 7.5000000000000009 -0.022195696830749508 0.13539277762174609 24.500000000000004 0.74813422560691845 0.85318934917449962 0.072544150054454817 -0.31698948144912714 -0.11339804530143736 0.00078678131103515636 -0.10775111615657805 1.0000000180025095e-35 0.0039793767500668773
decision_type=8 10 2 10 10 10 2 8 10 10 10 8 8 10 10 10 10 10 10 8 8 10 10 10 10 10 10 8 2 10
left_child=-1 2 6 -4 9 -6 8 12 -2 10 -5 24 13 -8 -11 18 -15 -9 23 21 -21 22 -20 -13 28 26 -26 -27 -3 -30
right_child=1 11 3 4 5 -7 7 17 -10 14 -12 15 -14 16 -16 -17 -18 -19 19 20 -22 -23 -24 -25 25 27 -28 -29 29 -31
leaf_value=4.3724992728643061e-05 0.0012158963924641831 0.00035220523539916779 -0.0020319060150619933 -0.0003028084311604486 0.00094409375735546612 -0.00088575946449001716 -0.00036434753804010271 -0.00048385915734511903 -7.0974671686703872e-05 -0.0003585353044151393 0.00047423684220055924 0.0009111262989362726 -0.00012569510816032374 -0.0024667676380353398 -0.0020626346272099834 0.00051668893789090021 -0.0013318302429309291 0.00064353724950478501 -0.00059302849257066796 -3.4331597877227185e-06 -0.00056303361594131564 -0.0015183630734364358 0.0011975457301537402 4.2482330255838243e-06 0.00027590710548133383 -0.00073342218285489817 0.0010022751319731127 0.00013133681535572222 7.826456035996723e-05 -0.0011363314656300065
leaf_weight=132916 6512 822 1800 4122 1730 646 3071 6911 15986 579 547 2946 3184 1486 836 6053 1384 4981 3515 34114 11598 2684 736 21741 4980 769 899 16611 539 798
leaf_count=132916 6512 822 1800 4122 1730 646 3071 6911 15986 579 547 2946 3184 1486 836 6053 1384 4981 3515 34114 11598 2684 736 21741 4980 769 899 16611 539 798
internal_value=-5.48212e-05 -0.000394858 -0.00138979 -0.00493671 -0.00280992 0.00532272 -0.000552556 -0.00235174 0.00112849 -0.0059895 -0.00345159 9.69535e-05 -0.00539135 -0.00788943 -0.0142807 -0.000498219 -0.0122569 -1.68039e-05 -0.000787391 -0.00148033 -0.000879227 -0.00543557 -0.00268716 0.000690367 0.00204892 0.00258069 0.00603668 0.00140886 -0.00366528 -0.00857461
internal_weight=295496 162580 53775 10260 8460 2376 43515 21017 22498 6084 4669 108805 9125 5941 1415 83387 2870 11892 77334 52647 45712 6935 4251 24687 25418 23259 5879 17380 2159 1337
internal_count=295496 162580 53775 10260 8460 2376 43515 21017 22498 6084 4669 108805 9125 5941 1415 83387 2870 11892 77334 52647 45712 6935 4251 24687 25418 23259 5879 17380 2159 1337
is_linear=0
shrinkage=0.05


Tree=256
num_leaves=31
num_cat=0
split_feature=12 43 75 65 38 64 54 72 11 54 69 66 19 21 7 69 19 55 69 54 60 60 39 18 61 54 11 61 25 43
split_gain=12.674 22.1473 23.9663 31.1755 39.1956 38.3179 42.6049 30.3752 28.992 35.44 32.7508 32.9949 26.1075 22.9852 21.2833 31.1791 20.2983 19.8169 40.9731 24.9298 30.4452 27.9396 23.283 20.8087 27.6465 28.9851 19.7248 19.497 17.0573 16.6414
threshold=0.074352610856294646 1.668751657009125 0.55064776539802562 -0.2676387727260589 0.4645890891551972 -0.11350023746490477 4.8519911766052255 0.9256582260131837 0.7553984820842744 6.5252423286437997 0.014897357672452928 -0.35448491573333735 -0.058515693992376321 0.48109608888626104 0.67744064331054699 0.0095102037303149718 -0.18612405657768247 1.0000000180025095e-35 0.032358314841985709 4.668098211288453 0.14662924408912661 0.052376782521605499 0.086672533303499236 -0.18668036907911298 0.038202285766601569 1.913239121437073 -0.092852663248777376 0.027074575424194339 0.7575453817844392 0.84370338916778576
decision_type=8 10 10 8 10 8 2 10 8 2 10 10 8 10 8 10 8 2 8 2 10 8 10 10 10 2 10 10 8 10
left_child=-1 2 7 4 -4 6 -5 12 9 10 29 -12 -2 -6 15 -10 -3 19 -19 23 21 -21 -23 24 -14 -26 -25 -13 -27 -7
right_child=1 16 3 5 13 8 -8 -9 14 -11 11 27 17 -15 -16 -17 -18 18 -20 20 -22 22 -24 26 25 28 -28 -29 -30 -31
leaf_value=1.6634104311724802e-05 -0.00079610687832695488 -0.001747493897245657 0.0030437455414773626 -0.0020917486555056134 -0.00055025272347394068 0.0082734953563619908 0.00019942832359996429 0.0017797357944947978 0.0024330726238813161 -0.00096144446673513588 0.002685566002177502 -0.0012078511526313854 0.00013874471085443627 0.0019911331527812902 0.0005015387111193516 -0.00078671443375852789 -0.00057210960694821793 0.00046686915776616641 -0.0031018012892423149 -0.00074105475423234953 -0.0015308988177089818 0.0019537140087208028 -0.00062156258404193719 0.0015429461745336847 0.00046321699252427215 -0.00086400772449143144 -0.00044748007931408009 0.00055404797226159817 -0.0026375948264360546 0.0022833186902998085
leaf_weight=257428 2775 655 671 1207 956 512 1097 517 595 706 518 723 1388 745 4658 5988 4162 543 682 859 536 2159 528 530 513 507 829 918 1170 1195
leaf_count=257428 2775 655 671 1207 956 512 1097 517 595 706 518 723 1388 745 4658 5988 4162 543 682 859 536 2159 528 530 513 507 829 918 1170 1195
internal_value=2.32888e-05 -0.000818491 -0.000368738 0.000709791 0.00608732 2.75832e-06 -0.00600691 -0.00200059 0.000881628 0.00423396 0.00611455 0.00200553 -0.00247525 0.00201636 -0.000484401 -0.00231306 -0.00398798 -0.00130681 -0.00724696 -0.000492856 0.00239492 0.00407762 0.00658139 -0.00288053 -0.00487737 -0.00836364 0.002374 -0.00148395 -0.0115293 0.0112697
internal_weight=296270 38842 34025 20489 2372 18117 2304 13536 15813 4572 3866 2159 13019 1701 11241 6583 4817 10244 1225 9019 4082 3546 2687 4937 3578 2190 1359 1641 1677 1707
internal_count=296270 38842 34025 20489 2372 18117 2304 13536 15813 4572 3866 2159 13019 1701 11241 6583 4817 10244 1225 9019 4082 3546 2687 4937 3578 2190 1359 1641 1677 1707
is_linear=0
shrinkage=0.05


Tree=257
num_leaves=31
num_cat=0
split_feature=74 19 27 75 54 28 2 42 54 5 26 10 64 54 29 53 54 75 58 54 54 54 18 33 42 72 30 33 19 54
split_gain=16.7006 43.3958 33.4112 41.6578 44.5994 36.7655 35.2107 39.2622 35.0912 36.3101 41.0068 33.2763 53.4478 54.4794 86.6565 84.8216 59.0276 59.5478 57.9603 49.8044 49.4121 48.5061 48.362 48.0733 53.4085 47.4094 43.9731 57.2931 63.5488 48.1647
threshold=0.55260959267616283 -0.25682492554187769 0.70620194077491771 0.50275599956512462 5.4576687812805185 0.35532358288764959 0.078839138150215163 0.019298170693218712 3.5203129053115849 0.011931317392736675 -0.2336626052856445 -0.31242395937442774 -0.22000545263290402 2.275727510452271 -0.24763524532318112 0.20714285969734195 8.0796771049499529 0.20444639772176745 0.72983556985855114 1.4146381020545962 2.500205516815186 1.800884008407593 0.18636593222618106 0.12230844795703889 0.027911742217838768 0.72202071547508251 2.5750383138656621 1.0349733829498293 -0.016305669210851189 9.1478266716003436
decision_type=10 8 10 8 2 10 8 10 2 8 10 10 10 2 10 10 2 10 2 2 2 2 10 10 10 10 10 10 10 2
left_child=2 -2 6 4 5 -4 7 8 -1 10 -10 -3 25 14 19 18 20 23 22 -14 -15 -21 -16 24 -18 -13 27 28 29 -19
right_child=1 11 3 -5 -6 -7 -8 -9 9 -11 -12 12 13 16 15 -17 17 26 -20 21 -22 -23 -24 -25 -26 -27 -28 -29 -30 -31
leaf_value=0.0015603053792667618 -0.0014508810410793064 -0.00029690198259324551 0.0017954144298798749 0.00015319637314446669 0.0031826174239938465 -0.00039628812813770022 -0.00047070828634256903 -8.3348011664093589e-05 -0.00048866541134690532 -0.00058423444723356213 0.00056773710914312402 0.0015698118313062217 -0.00083719147424853924 0.00225777537233436 -0.00088386419872365802 0.0038829046757639825 -0.00035548797202429491 -0.0013855473908994283 0.0024106883112782799 0.0028446990426016631 0.00012221632749594667 0.00017647576791664642 -0.0039086003856530606 0.0003148962388498558 0.00057999593716402187 0.00024151496720842115 0.00043584895809852534 -0.0018975963605881491 0.00047946713387344821 -7.617334738852042e-05
leaf_weight=3103 675 14822 825 20856 614 1004 20054 121715 1204 2320 3178 1699 591 1280 6580 840 2464 1445 640 715 77280 530 825 3052 529 3262 953 1047 800 957
leaf_count=3103 675 14822 825 20856 614 1004 20054 121715 1204 2320 3178 1699 591 1280 6580 840 2464 1445 640 715 77280 530 825 3052 529 3262 953 1047 800 957
internal_value=-9.21016e-05 0.000359516 -0.000404556 0.00135784 0.0075214 0.00356172 -0.000675533 -0.000377861 0.00266429 0.000625745 0.00330146 0.000430931 0.000742661 0.000492351 -0.00287485 -0.00491849 0.000894597 -0.00249178 -0.00649907 0.00698808 0.00137966 0.0126295 -0.00774781 0.000883567 -0.00361305 0.00580366 -0.00640829 -0.00858183 -0.00523039 -0.0092869
internal_weight=295859 120986 174873 23299 2443 1829 151574 131520 9805 6702 4382 120311 105489 100528 10721 8885 89807 11247 8045 1836 78560 1245 7405 6045 2993 4961 5202 4249 3202 2402
internal_count=295859 120986 174873 23299 2443 1829 151574 131520 9805 6702 4382 120311 105489 100528 10721 8885 89807 11247 8045 1836 78560 1245 7405 6045 2993 4961 5202 4249 3202 2402
is_linear=0
shrinkage=0.05


Tree=258
num_leaves=31
num_cat=0
split_feature=39 65 6 75 54 10 23 54 45 60 66 49 59 57 54 36 72 56 4 54 69 66 40 54 36 72 69 54 54 30
split_gain=11.4291 26.8147 48.3022 37.0899 28.1635 39.8324 25.0123 40.6559 24.9247 23.8259 22.7292 21.5002 20.0927 32.4171 32.3364 17.3653 16.5819 15.8796 15.5247 14.3484 17.0317 14.1666 14.151 13.4165 13.3606 70.5193 44.02 31.6051 23.8209 21.0672
threshold=0.15814460068941119 0.13133955001831057 -0.4355816096067428 0.93991610407829296 5.6543471813201913 1.1881871819496157 -0.39381827414035792 3.8243932723999028 13.500000000000002 -0.21450592577457425 -0.32732795178890223 0.13613282144069674 -0.23120154440402982 0.05623180232942105 3.0853444337844853 93.717449188232436 0.70168501138687145 2.5000000000000004 0.086828216910362258 2.275727510452271 0.014839392621070148 -0.19455058127641675 0.18346080183982852 4.00724220275879 3.1313318014144902 0.69777938723564159 0.018195678479969505 7.9967379570007333 3.8855763673782353 0.021944923326373104
decision_type=8 8 10 10 2 10 8 2 10 8 10 2 8 2 2 2 8 2 10 2 10 8 8 2 2 10 8 2 2 10
left_child=11 2 -2 6 5 -5 7 10 16 -8 -3 12 13 14 -1 24 -9 -10 -4 -20 -21 -13 -12 -22 25 26 28 -28 -14 -30
right_child=1 3 18 4 -6 -7 9 8 17 -11 22 21 15 -15 -16 -17 -18 -19 19 20 23 -23 -24 -25 -26 -27 27 -29 29 -31
leaf_value=0.0020429541646192761 -0.0054291468187805982 0.001047665155494379 0.00057029265372335748 -0.0015341377884677048 0.0091770575251893614 0.0036272499539535792 -0.0028177069387176207 -0.0017159604765170089 0.003019239293853069 -0.00047656889759815603 -0.0007224118857331375 0.0015660187332797457 0.0023020944703853663 -0.0033294341659782737 -0.00096439827408239674 0.001260782632189106 0.0016193241024365047 0.001531000960869275 -0.0029215962347386645 -0.0030782478679032307 -0.00084612348457550532 0.00013535625294145313 -0.0031466765954143426 0.0016491857785801826 -1.1595033518585485e-05 -0.0013302188512085177 -0.00018761807195941273 0.00099743843286355383 0.00079689802904580026 -0.00039706895470817687
leaf_weight=575 532 688 1006 772 502 838 564 610 611 5496 763 1342 1589 713 927 1002 502 724 512 535 767 1232 606 613 264113 803 4547 647 1077 569
leaf_count=575 532 688 1006 772 502 838 564 610 611 5496 763 1342 1589 713 927 1002 502 724 512 535 767 1232 606 613 264113 803 4547 647 1077 569
internal_value=-8.77321e-05 -0.00136028 -0.0049434 -0.000236481 0.00579642 0.00253086 -0.00144695 0.0013735 0.00571836 -0.00354201 -0.00379777 -1.18218e-05 -5.42354e-05 -0.00478652 -0.000595238 -1.58553e-05 0.000178253 0.0102974 -0.0027447 -0.00490357 -0.00288312 0.00452786 -0.00750544 7.19424e-05 -4.00578e-05 0.00182861 0.00318166 0.000326672 0.00775039 0.00350242
internal_weight=295777 16641 3965 12676 2112 1610 10564 4504 2447 6060 2057 279136 276562 2215 1502 274347 1112 1335 3433 2427 1915 2574 1369 1380 273345 9232 8429 5194 3235 1646
internal_count=295777 16641 3965 12676 2112 1610 10564 4504 2447 6060 2057 279136 276562 2215 1502 274347 1112 1335 3433 2427 1915 2574 1369 1380 273345 9232 8429 5194 3235 1646
is_linear=0
shrinkage=0.05


Tree=259
num_leaves=31
num_cat=0
split_feature=73 38 66 34 65 32 68 55 68 65 65 9 58 58 55 31 58 67 28 15 9 18 18 45 26 27 29 58 9 32
split_gain=12.49 11.5506 64.5661 97.4954 82.2731 89.4615 62.2313 61.6746 57.1518 57.0612 47.4311 44.4366 48.3834 42.6458 56.5068 39.6936 36.4708 30.71 27.134 26.0177 25.2145 24.2981 27.5072 23.3443 22.708 21.6677 19.6826 18.4368 18.3165 15.7589
threshold=0.99751436710357677 0.092922046780586257 -0.32772420346736902 0.29547242820262914 0.01733118295669556 -0.2579482346773147 -0.05754177272319793 1.0000000180025095e-35 -0.070613905787467943 -0.22794887423515317 -0.22794887423515317 0.11455293744802476 0.5378856658935548 0.81265348196029674 1.0000000180025095e-35 0.22790111601352694 0.26101811230182653 0.26789066195487982 0.53584408760070812 -0.027827686630189415 -0.066659525036811815 -0.040581056848168366 -0.089927282184362398 25.500000000000004 -0.11261020228266715 0.089633364230394377 -0.094068761914968477 0.62526491284370433 -0.043017813935875886 -0.082342851907014833
decision_type=10 8 8 8 8 10 10 2 10 10 10 10 2 2 2 10 2 10 10 10 10 10 10 10 10 10 10 2 10 8
left_child=1 2 3 9 5 25 -6 10 -9 19 -5 12 17 14 15 -14 -11 20 -16 21 24 22 -1 -22 -8 -4 -10 -17 -19 -15
right_child=-2 -3 4 7 6 -7 11 8 26 16 -12 -13 13 29 18 27 -18 28 -20 -21 23 -23 -24 -25 -26 -27 -28 -29 -30 -31
leaf_value=0.00047071148190512774 -0.0016583589287352861 1.1654602243572205e-05 -0.00060899091701919832 0.00057920608218689571 0.001208216037820297 -0.0013785837264620575 -0.00093497210822988952 -0.00040160219603636795 0.00059766294723213311 -9.2445346728954874e-05 0.0018735997323566845 -0.0010845448155824937 -0.00065241793569874459 -0.00091852815722623556 0.0010942008402399504 -7.6030843747881832e-06 0.00088305927461426986 -0.00024795937119255934 0.00022900714550088278 -0.00097670655641068005 -0.00066710493439060695 0.0002354968756213577 -0.00062530216683567516 -0.0018138405034794089 0.00025482640629070804 0.0011186377903288842 8.1227333641859325e-05 0.0010665497537562603 0.00023957726098040104 3.9137161339488497e-05
leaf_weight=529 852 272569 959 765 554 1550 942 515 530 908 641 1107 676 710 799 799 792 1083 587 562 714 589 1292 647 670 512 647 667 1081 736
leaf_count=529 852 272569 959 765 554 1550 942 515 530 908 641 1107 676 710 799 799 792 1083 587 562 714 589 1292 647 670 512 647 667 1081 736
internal_value=-2.26356e-05 -5.0823e-06 -0.00109201 0.0025964 -0.00302979 -0.0103761 -0.00113733 0.00945946 0.00299647 -0.00196497 0.017161 -0.00195048 -0.000904061 0.00260835 0.00556812 0.000464684 0.00532164 -0.00430348 0.0133954 -0.00613682 -0.00759303 -0.00384298 -0.00669033 -0.0125821 -0.00332922 -0.00151924 0.00905644 0.0050813 0.000229991 -0.00460165
internal_weight=295984 295132 22563 7770 14793 3021 11772 3098 1692 4672 1406 11218 10111 4974 3528 2142 1700 5137 1386 2972 2973 2410 1821 1361 1612 1471 1177 1466 2164 1446
internal_count=295984 295132 22563 7770 14793 3021 11772 3098 1692 4672 1406 11218 10111 4974 3528 2142 1700 5137 1386 2972 2973 2410 1821 1361 1612 1471 1177 1466 2164 1446
is_linear=0
shrinkage=0.05


Tree=260
num_leaves=31
num_cat=0
split_feature=8 54 65 65 54 18 41 42 67 17 42 34 15 69 10 66 32 69 3 36 43 69 35 9 75 41 41 27 41 55
split_gain=18.0998 35.362 59.5244 42.6002 80.558 83.4612 44.0431 69.2874 25.6127 25.2868 33.84 24.2516 38.602 29.6589 22.6452 32.7723 25.17 22.5989 22.5468 20.9626 20.8944 19.3774 18.2231 28.9653 16.4784 29.7647 27.0665 19.7139 26.3168 58.4999
threshold=-0.37946031987667078 2.9447020292282109 -0.354678064584732 0.09009957313537599 6.7588317394256601 -0.22969997674226758 0.11635898798704149 0.095919661223888411 0.058803495019674308 -0.22036152333021161 0.085207212716341033 0.10788943246006967 -0.3060708343982696 0.036296434700489051 -0.45999024808406824 -0.25190606713294977 -0.76543432474136341 0.033155420795083053 -0.096987482160329805 42.666831970214851 1.2685936093330386 0.017707170918583873 4.0008003711700448 -0.38413879275321955 0.99390658736228954 0.25793135166168218 0.25793135166168218 2.6837921142578129 0.10467499867081644 1.5000000000000002
decision_type=8 2 10 8 2 10 10 10 10 10 10 8 10 10 10 10 8 10 10 2 10 10 2 8 10 10 10 10 10 2
left_child=1 2 11 6 9 17 7 20 -9 -5 19 13 18 -1 16 21 -4 -6 -13 -11 22 -16 -3 -24 25 27 -26 28 -2 -30
right_child=24 3 14 4 5 -7 -8 8 -10 10 -12 12 -14 -15 15 -17 -18 -19 -20 -21 -22 -23 23 -25 26 -27 -28 -29 29 -31
leaf_value=-0.0020912322349035104 -5.1315262644662657e-06 -0.001731992762701913 -0.00017379167243433138 0.0020427089438164354 -0.00065872853141153091 0.0020507690099782505 -0.0027761671852117595 0.0025008477297252616 9.7502073810614226e-05 0.0022295803164434835 -0.00043385562347545114 -0.0049718627637544187 -0.00097967096702057622 0.00056939688125338484 -0.0015969287160904615 0.0015589375420237154 0.0021595716228034879 -0.0026168504377995557 -0.0017800845041171618 0.00038602638569301478 -0.0021410382716315316 -0.00021322266195931711 0.00058480766159884972 -0.0010373619751508304 -0.00017433460996015978 0.0053084729429149369 -0.005108663071252623 -0.00078460001257356815 0.00045237918485572083 -0.00099342435351327803
leaf_weight=519 244001 645 613 1584 505 789 886 972 971 649 1045 603 918 571 544 535 543 520 573 511 506 712 775 761 956 674 507 3400 28420 1128
leaf_count=519 244001 645 613 1584 505 789 886 972 971 649 1045 603 918 571 544 535 543 520 573 511 506 712 775 761 956 674 507 3400 28420 1128
internal_value=-1.61973e-05 -0.00158749 -0.0046328 9.43481e-05 0.0031623 -0.00548246 -0.00302208 -0.00105603 0.00611879 0.00730455 0.0038149 -0.0093613 -0.0125 -0.00327273 0.000490362 -0.0030261 0.00591767 -0.0148309 -0.0184654 0.00965812 -0.00624768 -0.00742496 -0.00408489 -0.00109961 8.09757e-05 0.000108957 -0.00519348 8.32253e-05 0.000130319 0.00153935
internal_weight=296336 17250 6131 11119 5603 1814 5516 4630 1943 3789 2205 3184 2094 1090 2947 1791 1156 1025 1176 1160 2687 1256 2181 1536 279086 277623 1463 276949 273549 29548
internal_count=296336 17250 6131 11119 5603 1814 5516 4630 1943 3789 2205 3184 2094 1090 2947 1791 1156 1025 1176 1160 2687 1256 2181 1536 279086 277623 1463 276949 273549 29548
is_linear=0
shrinkage=0.05


Tree=261
num_leaves=31
num_cat=0
split_feature=30 54 55 75 11 71 54 54 10 16 26 69 71 58 54 54 32 74 10 41 68 58 11 16 10 65 14 54 65 69
split_gain=13.1967 97.2077 86.156 56.6093 54.1276 83.7514 48.458 47.7009 94.3354 80.3206 88.2621 72.9227 72.5312 60.8062 78.7813 58.9306 47.1402 81.2617 58.434 45.6324 43.7399 75.6317 69.6144 46.5605 45.6437 41.178 42.7086 40.7756 39.4127 37.5035
threshold=0.77205973863601696 10.165822982788088 1.5000000000000002 0.61467406153678905 1.1490408182144167 0.29768463969230657 3.6321768760681157 6.8586175441741952 0.64829251170158397 -0.21962346136569974 -0.27777531743049616 0.0083621535450220125 -0.14097993075847623 0.68176046013832103 3.2867213487625127 5.5701937675476083 -0.33818805217742914 0.24058157950639728 0.74708425998687755 0.19965700805187228 0.040673082694411285 0.39310884475708013 2.9048008918762211 0.21011018007993701 0.58430409431457531 0.030829608440399173 -0.028109740465879437 1.4597764611244204 0.062896966934204115 0.012457133270800115
decision_type=10 2 2 10 8 8 2 2 10 8 10 10 8 2 2 2 10 10 10 10 10 2 8 10 10 8 10 2 10 10
left_child=-1 2 3 4 28 27 -7 11 9 -9 12 -5 -11 15 -15 20 17 -17 -18 -14 21 -13 23 -23 -25 -4 -27 -6 -2 -24
right_child=1 -3 25 7 5 6 -8 8 -10 10 -12 13 19 14 -16 16 18 -19 -20 -21 -22 22 29 24 -26 26 -28 -29 -30 -31
leaf_value=-2.3945456093183229e-05 -0.0014488471306121826 -0.0014257829213201066 9.4545091798822243e-05 0.0096775343007944187 -0.0016945595489827163 0.0053387089377981952 0.0015402344429163023 -0.0010034132496233295 -0.002108378061857956 -0.00097806475528427745 -0.000353719704168784 -0.00062428406581836217 0.0016378749070466521 0.0095788048770386689 0.00032298706097166414 -0.00016606730418247396 -0.0016826508547435799 0.0031417351302524851 0.0017084979122855587 0.01289209485091657 -0.0017882957707989274 0.0043788643596222058 -0.0024354098759249206 -0.0019206092681316755 0.0026556147190989728 -0.00068200685279553382 -0.0030387807801537008 0.00050589482168425417 0.00022749517869219912 0.00012507720399276278
leaf_weight=229513 1139 742 728 1055 802 806 2025 828 1746 575 2677 14907 575 1808 3162 965 1071 1355 1189 534 3048 1593 792 901 3127 856 616 11628 2544 2927
leaf_count=229513 1139 742 728 1055 802 806 2025 828 1746 575 2677 14907 575 1808 3162 965 1071 1355 1189 534 3048 1593 792 901 3127 856 616 11628 2544 2927
internal_value=-3.07179e-05 0.000588182 0.000791799 0.00112794 0.0034188 0.00473119 0.012478 0.000159438 -0.00365011 -0.000259665 0.00245939 0.000857294 0.0113932 0.00048433 0.00562249 -0.000318332 0.00492375 0.00991416 -0.000220264 0.0188114 -0.00119941 -0.000488519 0.00303743 0.00654413 0.00366518 -0.00891403 -0.0136977 0.0029582 -0.00201733 -0.00226602
internal_weight=296234 66721 65979 63779 18944 15261 2831 44835 6935 5189 4361 37900 1684 36845 4970 31875 4580 2320 2260 1109 27295 24247 9340 5621 4028 2200 1472 12430 3683 3719
internal_count=296234 66721 65979 63779 18944 15261 2831 44835 6935 5189 4361 37900 1684 36845 4970 31875 4580 2320 2260 1109 27295 24247 9340 5621 4028 2200 1472 12430 3683 3719
is_linear=0
shrinkage=0.05


Tree=262
num_leaves=31
num_cat=0
split_feature=8 65 0 36 57 43 73 70 22 30 75 42 69 9 33 60 30 68 50 4 38 5 42 40 75 65 19 66 46 7
split_gain=15.3921 48.5219 27.8611 24.9308 21.2162 20.2004 17.8631 22.0582 30.4508 25.8136 18.62 27.6595 19.8668 17.7829 25.8759 18.3984 16.9562 16.7648 26.8926 18.0998 20.1876 19.6501 16.3092 17.6449 16.0107 31.8414 45.6263 15.5503 15.4535 14.51
threshold=-0.39610430598258967 0.087533473968505873 -0.037734584882855408 20.51070594787598 0.36889073252677923 1.0441832542419436 0.016570930369198326 -0.19483152031898496 0.19286058843135837 0.12168941646814348 0.93991610407829296 0.13665848225355151 0.014649507589638235 -0.2309475168585777 1.4870015382766726 -0.066546980291604982 1.604417681694031 0.19315940141677859 1.0000000180025095e-35 -0.0066131881903856984 0.32123793661594396 0.32004532217979437 0.058026107028126724 0.062011417001485832 0.98708128929138195 0.13133955001831057 0.24487241357564929 -0.25319364666938776 21.500000000000004 -0.45577973127365107
decision_type=8 10 10 2 2 10 8 8 10 10 8 10 10 10 10 10 8 10 2 8 8 8 10 10 10 8 8 10 10 10
left_child=1 2 3 5 -5 -1 10 8 9 29 11 12 -2 14 15 28 -12 24 -19 -20 -21 -22 -15 -24 -9 26 -26 -10 -4 -8
right_child=6 -3 13 4 -6 -7 7 17 27 -11 16 -13 -14 22 -16 -17 -18 18 19 20 21 -23 23 -25 25 -27 -28 -29 -30 -31
leaf_value=7.1384932166672878e-05 0.0011092424517112197 0.0014211753412592086 -0.00059379977953059968 0.00093556551322226348 -0.00039586253750122785 -0.0025750618357126311 0.00016317635674502481 1.6145290662183954e-07 0.0018150191400403215 0.0011292939880200603 0.0016516805077028262 -0.0030632432047746406 -0.0012657664476702906 0.001647029691972762 -0.0021617863900233389 -0.0027013790728483687 -0.0011749146173679614 0.00035956508497092532 0.00024876430852412878 -0.0011545077770367673 0.00031225696723610893 -0.0016297705814896681 -0.00125059447282692 0.00043018529173206329 0.0001685885232757459 0.0012042649012113393 -0.0041182905285307913 0.00070103424045861104 0.00044287977450168346 -0.0012697635228345115
leaf_weight=642 505 894 5462 2413 1173 575 647 264031 1057 1506 766 645 878 577 589 689 785 1622 506 879 1003 1491 505 792 768 654 804 1197 687 804
leaf_count=642 505 894 5462 2413 1173 575 647 264031 1057 1506 766 645 878 577 589 689 785 1622 506 879 1003 1491 505 792 768 654 804 1197 687 804
internal_value=-0.000159022 -0.00171908 -0.0024373 0.000654477 0.00275306 -0.00550122 -7.55637e-05 -3.01467e-05 0.00318904 -0.000151668 -0.00358038 -0.00672228 -0.00269203 -0.00403286 -0.00512976 -0.00424942 0.000544523 -9.19902e-05 -0.00282163 -0.00507843 -0.00639965 -0.00407348 0.000318471 -0.00279265 -3.54907e-05 -0.00424866 -0.00809102 0.007553 -0.00336905 -0.00489391
internal_weight=295546 14998 14104 4803 3586 1217 280548 276969 5211 2957 3579 2028 1383 9301 7427 6838 1551 271758 5501 3879 3373 2494 1874 1297 266257 2226 1572 2254 6149 1451
internal_count=295546 14998 14104 4803 3586 1217 280548 276969 5211 2957 3579 2028 1383 9301 7427 6838 1551 271758 5501 3879 3373 2494 1874 1297 266257 2226 1572 2254 6149 1451
is_linear=0
shrinkage=0.05


Tree=263
num_leaves=31
num_cat=0
split_feature=13 19 66 32 11 43 41 57 10 10 54 60 75 72 15 75 71 29 38 42 54 55 66 68 42 17 34 43 11 68
split_gain=14.3397 29.8897 40.4678 62.6933 56.9562 62.9515 50.1562 50.1159 42.8997 31.6802 45.1634 92.7207 54.8004 53.2852 41.69 37.8034 41.1922 37.1253 42.5517 35.9034 34.1598 33.953 39.748 33.9119 35.7471 31.6119 31.2074 31.0411 29.8229 31.2562
threshold=-0.057188106700778001 -0.18378399312496183 -0.32732795178890223 -0.51283970475196827 -0.078016888350248323 0.51025000214576732 0.049624267965555198 0.25528582930564886 -0.29404608905315394 0.56399422883987438 4.5539820194244394 -0.045014105737209313 0.12190017476677896 0.58967089653015148 0.15880681574344638 0.41436292231082922 -0.053462149575352662 -0.50232830643653859 0.53735643625259411 0.20681849122047427 1.5051872730255129 1.5000000000000002 -0.10603393614292143 0.019005300477147106 0.026096355170011524 -0.14788016676902768 0.21085138618946078 1.9270681738853457 0.78124067187309276 -0.06882228702306746
decision_type=8 8 8 10 10 10 10 2 10 8 2 10 10 8 10 10 10 8 10 10 2 2 10 10 10 8 10 10 10 10
left_child=1 -1 3 6 -5 -6 8 -7 -3 15 14 12 -12 -13 20 16 23 -14 -19 21 -11 22 26 24 -4 -22 -17 28 29 -8
right_child=-2 2 9 4 5 7 27 -9 -10 10 11 13 17 -15 -16 19 -18 18 -20 -21 25 -23 -24 -25 -26 -27 -28 -29 -30 -31
leaf_value=0.00036639583702845099 -2.7358414510256571e-05 -0.00066738476350637589 0.00083611987104781457 0.00026057615089328213 -0.0026712030931174339 0.00046702172672454022 0.00024854186060220481 -0.0016018554725602257 -0.002345507708769708 0.00091617974886125039 -0.0010071869148974664 -0.0026640573658784864 0.0026237303929716421 -0.00019647413018370337 0.00096807178635423339 0.0012907133953975044 0.00060064039481511208 0.0017482443728135872 -0.000445344297121263 -0.0023299357253712453 -0.00025134456653674647 -0.00073714136801963925 0.0025199219063573811 0.00037177274766028587 -0.00058894969124271461 -0.00161881134523664 0.00023771815653212056 -0.0030535968637330759 -0.0024271210415022361 -0.0011192622141649082
leaf_weight=12391 217718 2023 604 10919 781 2220 4825 927 1168 1331 577 703 1883 1560 2224 3002 1747 1983 1441 515 2754 596 3536 1473 3707 4607 6201 578 710 974
leaf_count=12391 217718 2023 604 10919 781 2220 4825 927 1168 1331 577 703 1883 1560 2224 3002 1747 1983 1441 515 2754 596 3536 1473 3707 4607 6201 578 710 974
internal_value=-2.2659e-05 0.000559189 0.000133427 -0.00144221 0.000636064 -0.00452006 -0.00444207 -0.00134621 -0.00963761 0.00111237 -0.000369632 0.00244575 0.00575161 -0.00613726 -0.00247117 0.00243327 -0.000417716 0.00734437 0.00422248 0.00398268 -0.00403356 0.00448483 0.00503177 -0.00245081 -0.00468642 -0.00536562 0.00329426 -0.00209243 -0.00109679 9.46807e-05
internal_weight=295678 77960 65569 25125 14847 3928 10278 3147 3191 40444 19063 8147 5884 2263 10916 21381 7531 5307 3424 13850 8692 13335 12739 5784 4311 7361 9203 7087 6509 5799
internal_count=295678 77960 65569 25125 14847 3928 10278 3147 3191 40444 19063 8147 5884 2263 10916 21381 7531 5307 3424 13850 8692 13335 12739 5784 4311 7361 9203 7087 6509 5799
is_linear=0
shrinkage=0.05


Tree=264
num_leaves=31
num_cat=0
split_feature=30 54 55 66 66 16 65 41 66 54 65 14 46 55 66 60 68 61 69 60 54 42 69 54 26 9 66 75 54 65
split_gain=14.1785 125.731 77.78 67.6382 86.0164 61.4367 93.0109 62.5678 55.4592 53.8563 78.9926 52.6103 49.5664 46.5167 89.734 99.9824 73.7213 63.3591 51.375 54.3476 45.6973 59.629 46.1954 84.1754 44.5508 46.9492 53.2222 71.4377 44.2828 89.2262
threshold=0.52666422724723827 10.430809020996096 1.5000000000000002 -0.16004703938961026 -0.20624526590108869 0.022947379387915138 -0.12834659218788144 0.21968963742256167 -0.28271885216236109 10.430809020996096 -0.019628047943115231 -0.0096860299818217737 17.500000000000004 1.5000000000000002 -0.15424419194459912 -0.18481610715389249 0.020030928775668148 0.057914853096008308 0.024288285523653034 0.15880858153104785 6.7588317394256601 0.064380127936601653 0.0083621535450220125 4.0944278240203866 -0.19824425131082532 -0.063803311437368379 -0.35327199101448054 0.29373790323734289 6.7329792976379403 -0.078055262565612779
decision_type=10 2 2 10 10 10 8 10 10 2 10 10 10 2 10 8 10 10 10 10 2 10 10 2 8 8 10 10 2 8
left_child=9 2 5 4 8 -2 11 20 -4 13 -11 -7 -13 28 15 -15 -16 24 19 -18 22 -22 23 -8 -17 26 27 -26 -1 -30
right_child=1 -3 3 -5 -6 6 7 -9 -10 10 -12 12 -14 14 16 17 18 -19 -20 -21 21 -23 -24 -25 25 -27 -28 -29 29 -31
leaf_value=-0.00012439238187562517 0.00039651466512531864 -0.0016829333876705766 0.0008219209282923968 -0.0043681083381245855 0.001615957762417231 -0.0020863033160647519 0.015910804413136394 -0.003037683258474322 -0.001266720655254261 0.001063551686354923 -9.1694434373151834e-05 0.0005723851547232968 -0.00089738181196490909 -0.00037715859214034858 -0.00079472829514062339 0.00084834390857189924 0.00042866149067562166 0.0020365170782277913 0.0011136317462708514 -0.00096421755266647667 0.0004574124691205455 -0.0008981079134257248 0.00033189185957953338 -0.0012032841160865212 0.0001240596333645535 0.00049537140086478926 0.00030468278372947771 -0.0011791407117686212 0.00024282500043507418 -7.4051429002507942e-05
leaf_weight=137238 33352 563 571 535 553 1698 906 964 1737 831 819 2008 4404 1631 2306 2174 950 786 563 529 2240 3857 37935 697 563 2034 1344 535 19348 31960
leaf_count=137238 33352 563 571 535 553 1698 906 964 1737 831 819 2008 4404 1631 2306 2174 950 786 563 529 2240 3857 37935 697 563 2034 1344 535 19348 31960
internal_value=5.8686e-05 0.000573726 0.000719932 -0.00669407 -0.00360502 0.00100657 -2.46715e-05 0.000835676 -0.0078516 -0.000174098 0.00879518 -0.00496305 -0.00288072 -0.000247808 0.0025959 0.0054258 -0.00330427 0.00788343 0.00360624 -0.0013096 0.00110308 -0.00292288 0.00172449 0.0100124 0.00627628 0.00341061 -0.00126427 -0.00938628 -0.000450264 0.000802837
internal_weight=295631 92020 91457 3396 2861 88061 54709 46599 2308 203611 1650 8110 6412 201961 13415 9067 4348 7436 2042 1479 45635 6097 39538 1603 6650 4476 2442 1098 188546 51308
internal_count=295631 92020 91457 3396 2861 88061 54709 46599 2308 203611 1650 8110 6412 201961 13415 9067 4348 7436 2042 1479 45635 6097 39538 1603 6650 4476 2442 1098 188546 51308
is_linear=0
shrinkage=0.05


Tree=265
num_leaves=31
num_cat=0
split_feature=42 24 10 74 67 8 19 16 13 8 33 67 69 69 6 56 15 60 32 24 55 66 60 9 32 60 52 28 19 30
split_gain=12.3793 20.6167 12.9699 24.5296 24.5361 13.8175 22.2232 16.2745 42.5245 42.2185 36.3762 31.4843 30.2474 26.6126 34.1059 24.9227 21.0653 20.9568 20.3932 19.1709 46.7315 64.3887 48.6825 40.1562 41.0516 57.8256 64.7986 45.3503 42.5095 39.6055
threshold=0.54078707098960888 0.3816796094179154 -0.74914720654487599 0.0084073231555521506 0.24542335420846942 -0.56907659769058216 -0.12001048773527144 -0.36291144788265223 -0.050895294174551957 -0.08595132082700728 0.30175539851188665 0.15971110016107562 0.018430895172059539 0.015884120017290119 -0.38251113891601557 2.5000000000000004 -0.3060708343982696 -0.17157274484634397 -0.86330392956733693 0.038645792752504356 1.5000000000000002 -0.10959761962294577 -0.18481610715389249 0.44857740402221685 -0.55841776728630055 -0.017530323006212708 11.500000000000002 0.11184143647551538 -0.14249736815690991 0.095325529575347914
decision_type=10 10 8 8 10 8 10 8 10 10 10 10 10 10 10 2 10 10 8 10 2 10 8 10 8 8 10 10 10 8
left_child=2 -2 -1 4 -4 6 -5 8 13 10 11 12 -10 17 -15 -16 -17 -7 -9 20 23 22 -22 24 27 28 -27 -20 29 -26
right_child=1 -3 3 5 -6 7 -8 18 9 -11 -12 -13 -14 14 15 16 -18 -19 19 -21 21 -23 -24 -25 25 26 -28 -29 -30 -31
leaf_value=0.0013417362903466554 -0.00089910727995247582 0.0047675368775626607 -0.0017348425826570237 -0.00092611703559583212 0.00022219735681789678 -0.00098563840951268532 0.00076525090508986382 0.0022092193742475918 0.00053342127140228093 0.0014545055593605787 0.00057918355179385067 -0.0023889972871796584 -0.0011232996842797278 -0.001700777552042676 0.00035258246787459036 0.001875450400950298 0.00015947999565500207 0.00064098643792185337 -0.00084891672847135801 2.5944179545643426e-05 -0.00031325442701086537 -0.00086745958333809409 0.00054016060604331203 0.00086054786463089609 0.00061966914376727781 -0.00038469191432587233 0.00071913216145697359 3.8091381482397577e-05 -2.9929012429771518e-05 -0.00039372813201012981
leaf_weight=979 522 609 984 1756 683 907 832 908 617 748 908 707 673 501 2328 2539 538 1285 5640 199543 828 873 3611 1884 4996 23154 1682 3231 29903 1484
leaf_count=979 522 609 984 1756 683 907 832 908 617 748 908 707 673 501 2328 2539 538 1285 5640 199543 828 873 3611 1884 4996 23154 1682 3231 29903 1484
internal_value=1.67307e-05 0.00521472 -3.39291e-06 -2.26381e-05 -0.00605247 1.19828e-05 -0.00361817 4.45599e-05 0.00186634 -0.00260715 -0.00533448 -0.00909317 -0.00438462 0.00388505 0.0056288 0.0067867 0.00973437 -0.000817439 -3.25836e-05 -5.72535e-05 -0.000725781 0.00379557 0.00623736 -0.00105996 -0.00125392 -0.000792925 -0.00265234 -0.00443081 0.00047674 0.00414484
internal_weight=295853 1131 294722 293743 1667 292076 2588 289488 11751 3653 2905 1997 1290 8098 5906 5405 3077 2192 277737 276829 77286 5312 4439 71974 70090 61219 24836 8871 36383 6480
internal_count=295853 1131 294722 293743 1667 292076 2588 289488 11751 3653 2905 1997 1290 8098 5906 5405 3077 2192 277737 276829 77286 5312 4439 71974 70090 61219 24836 8871 36383 6480
is_linear=0
shrinkage=0.05


Tree=266
num_leaves=31
num_cat=0
split_feature=63 53 65 54 46 29 73 32 67 42 66 10 58 54 54 65 65 10 45 31 42 41 9 66 26 70 32 54 33 59
split_gain=13.2649 47.8988 62.6032 49.1833 65.0212 75.1248 57.7164 53.6822 49.1807 41.344 34.7642 76.3049 34.5432 31.5599 30.7233 29.9001 25.3221 52.3555 37.9213 36.1787 31.8745 45.5938 29.6796 29.2653 28.4786 24.4542 43.4109 42.4385 57.8512 45.0081
threshold=-0.094224959611892686 1.0000000180025095e-35 -0.27235966920852656 6.7329792976379403 14.500000000000002 -0.27169905602931971 0.31304329633712774 -0.16417270898818967 0.13539277762174609 0.070053290575742735 -0.35699263215064997 -0.35806517302989954 0.062939669936895384 4.9012293815612802 4.8746626377105722 -0.22975537180900571 -0.22975537180900571 -0.081476308405399309 26.500000000000004 0.36088590323925024 0.076992955058813109 0.083379611372947707 -0.38413879275321955 -0.10603393614292143 -0.19358822703361508 0.0092992959544062632 -0.68282675743103016 3.3143678903579716 0.48014102876186376 -0.099414408206939683
decision_type=8 10 8 2 10 8 10 10 10 10 10 10 2 2 2 10 10 10 10 10 10 10 10 10 10 8 8 2 8 8
left_child=1 3 13 7 6 -6 9 16 -4 -5 11 -8 -11 -3 -9 -16 17 19 23 25 24 -22 -20 -18 -19 27 -27 28 -1 -29
right_child=-2 2 8 4 5 -7 10 14 -10 12 -12 -13 -14 -15 15 -17 18 20 22 -21 21 -23 -24 -25 -26 26 -28 29 -30 -31
leaf_value=0.001112544720665611 -3.6320625528732691e-05 -0.0011745169910568525 -0.00042796701897726276 0.00050715628890984498 -0.0014798784035867331 0.00025585357922248292 -0.00026039290067029938 -3.0777437217736903e-05 0.0018547464963952196 0.003576618466967425 6.4550804699415294e-05 0.00091581358367830677 0.0078386923646525612 -0.0022837282443647225 0.0024014109758160079 0.00091542696181725757 -0.00016934338213315942 -0.0033460270933674597 0.0019117366747532652 0.00089280338134130408 0.0007882496484453265 -0.0025202900586011713 0.00031420200311958182 0.0049736251088340899 -0.00049764250439382951 -0.0017264527099880224 -0.00020418270355699876 0.00070301967118688703 -0.00050339221130189934 -0.00048521716951503219
leaf_weight=3452 235416 954 2893 923 990 1582 1094 662 609 670 4730 2087 509 835 540 725 6998 829 691 1803 1040 854 3535 702 558 651 8144 3388 2296 5617
leaf_count=3452 235416 954 2893 923 990 1582 1094 662 609 670 4730 2087 509 835 540 725 6998 829 691 1803 1040 854 3535 702 558 651 8144 3388 2296 5617
internal_value=-0.00013033 0.000530884 -0.00400868 0.000967683 0.00371179 -0.00336948 0.00553228 0.000154136 -0.000113895 0.0128788 0.00356647 0.0075995 0.0190496 -0.0115898 0.00828601 0.0128235 -0.000234175 -0.00104043 0.00170074 -0.0002701 -0.00697356 -0.00273109 0.00550047 -0.000389105 -0.0127058 -0.000793786 -0.00287905 0.00045045 0.0038034 -0.00169163
internal_weight=295777 60361 5291 55070 12585 2572 10013 42485 3502 2102 7911 3181 1179 1789 1927 1265 40558 28632 11926 25351 3281 1894 4226 7700 1387 23548 8795 14753 5748 9005
internal_count=295777 60361 5291 55070 12585 2572 10013 42485 3502 2102 7911 3181 1179 1789 1927 1265 40558 28632 11926 25351 3281 1894 4226 7700 1387 23548 8795 14753 5748 9005
is_linear=0
shrinkage=0.05


Tree=267
num_leaves=31
num_cat=0
split_feature=20 61 69 54 54 66 42 33 68 54 66 24 54 32 19 54 54 67 19 33 42 17 73 50 66 9 54 12 54 33
split_gain=11.7852 38.7077 41.4708 67.2906 50.8199 107.65 103.218 95.761 61.1734 81.3792 75.6114 49.5704 57.644 48.6529 65.3043 49.9558 47.7043 54.2053 46.6907 46.4064 52.7921 46.1061 44.7674 42.4037 40.4924 40.479 52.2413 40.2602 36.7119 51.7316
threshold=-0.082320712506771074 -0.024783402681350705 0.02125431410968304 8.2211270332336444 7.0733969211578378 -0.30057391524314875 0.072597566992044463 0.29702104628086096 -0.00093133290647529055 9.9568505287170428 -0.0017708849627524612 0.2903329879045487 9.6076478958129901 -0.64991053938865651 -0.076858125627040849 5.796194553375245 5.9509029388427743 0.22563259303569796 -0.29269321262836451 0.18485510349273684 0.045304724946618087 0.00086556610767729591 0.2882863730192185 0.00024516147095710045 -0.1031927317380905 0.025128128938376907 8.0796771049499529 0.12328453361988069 4.3921005725860605 0.036189977079629905
decision_type=10 10 10 2 2 10 10 10 10 2 10 10 2 8 10 2 2 10 8 10 10 10 8 2 10 10 2 10 2 10
left_child=-1 28 4 18 13 7 8 11 9 -7 25 12 22 15 16 19 24 -18 -4 -3 -21 -19 -6 27 -15 -10 -27 -20 -2 -30
right_child=1 2 3 -5 5 6 -8 -9 10 -11 -12 -13 -14 14 -16 -17 17 21 23 20 -22 -23 -24 -25 -26 26 -28 -29 29 -31
leaf_value=-4.5384872476872742e-05 -0.00049420608392134857 -0.00025950573872519028 -0.00094699532896924243 0.00077372789280969335 -0.0013978602278263434 -0.0005495254950149041 -0.002700923332520028 0.0009938695262006901 0.00035525304712197335 -0.0020953459795771457 -0.00069486754983070782 0.0035715750419438998 0.00087097200068596563 -0.00023696115054876941 0.00024363336140727221 -0.00074368267817452528 0.00053706938123196141 -0.0010490802146871576 4.7407174211715199e-05 0.0031801315195704258 0.0010082341899361462 0.00024453543351182929 -3.0378973850365284e-05 0.0003893257213373632 -0.0014345651639213666 0.00031312181888522447 -0.0010265923214678354 -0.0018070861653046442 -0.00032426429715851692 0.00012170437046329989
leaf_weight=137262 11248 1467 879 3159 905 3835 1196 994 3956 505 1689 513 787 22338 40641 713 4731 626 8199 2055 2428 671 4263 14677 1686 1278 1130 1078 5984 14593
leaf_count=137262 11248 1467 879 3159 905 3835 1196 994 3956 505 1689 513 787 22338 40641 713 4731 626 8199 2055 2428 671 4263 14677 1686 1278 1130 1078 5984 14593
internal_value=1.5567e-05 0.000309668 0.000702086 0.00239983 0.000218966 -0.0019586 -0.00460696 0.00286403 -0.00324518 -0.00802299 -0.000663525 0.000632911 -0.000662196 0.000811726 0.000426432 0.00489285 -0.00134056 0.00263332 0.00152357 0.00639262 0.00891387 -0.00638868 -0.00258787 0.00194041 -0.00233835 0.00183558 -0.00326716 -0.000705287 -0.00124863 7.28615e-06
internal_weight=295486 158224 126399 27992 98407 21051 13589 7462 12393 4340 8053 6468 5955 77356 70693 6663 30052 6028 24833 5950 4483 1297 5168 23954 24024 6364 2408 9277 31825 20577
internal_count=295486 158224 126399 27992 98407 21051 13589 7462 12393 4340 8053 6468 5955 77356 70693 6663 30052 6028 24833 5950 4483 1297 5168 23954 24024 6364 2408 9277 31825 20577
is_linear=0
shrinkage=0.05


Tree=268
num_leaves=31
num_cat=0
split_feature=10 75 11 19 54 72 54 21 18 54 58 11 54 62 31 11 48 59 29 54 65 29 19 36 54 54 26 20 61 75
split_gain=12.7316 36.8061 66.7529 31.4329 19.5121 16.1333 28.4489 20.5213 16.0726 31.8039 41.4494 65.8441 58.9164 49.0816 34.9249 33.1502 31.7972 31.6217 22.6125 36.0487 61.8558 49.322 47.6278 28.6672 20.3254 45.6298 33.1675 18.0736 15.8183 15.6291
threshold=-0.61841356754302967 0.95082014799118053 -0.46666438877582544 -0.3776200264692306 3.3426851034164433 0.0084037412889301794 4.3921005725860605 0.044049123302102096 -0.26436525583267206 2.0235321521759038 0.37291786074638372 -0.65318432450294484 4.5002539157867441 1.0000000180025095e-35 0.027452932670712474 -0.54589685797691334 0.054946275427937515 0.090838298201560988 -0.85695573687553395 0.84800961613655101 -0.0060959756374359122 -0.30458909273147577 -0.089306041598319993 32.200696945190437 6.7588317394256601 3.7161297798156743 -0.53146550059318531 -0.12658572942018506 -0.0090921521186828596 0.42244695127010351
decision_type=8 10 8 10 2 8 2 10 8 2 2 10 2 10 10 10 2 10 8 2 10 8 8 2 2 2 10 10 10 10
left_child=1 2 4 -4 -1 6 7 -2 9 14 15 13 17 -12 -7 24 -17 -13 -10 20 21 23 -22 -20 25 28 -27 -26 -11 -16
right_child=5 -3 3 -5 -6 8 -8 -9 18 10 11 12 -14 -15 29 16 -18 -19 19 -21 22 -23 -24 -25 27 26 -28 -29 -30 -31
leaf_value=0.0023185378085313671 0.00046346709606207226 -0.0013259303306583177 -0.0018996395198268075 0.00060228972549875861 0.0049377442565310924 0.00047323500833442583 -0.00056692191755055861 0.0031983292703667496 -0.0019025752652591891 9.146364330539035e-05 0.0007041345956012038 0.0055290778752079654 -0.00017722119888523812 -0.0018293448937721131 -0.00063484519423394727 -0.0015402630515074665 -0.00035611678559616632 0.0013366062923770091 0.00059871002488541525 -2.9209148212448918e-06 0.009431841572595254 0.0023191752016837562 0.0027348554216415607 -0.0018979369794081677 -0.0015256132729408707 0.0019777916661037113 4.8727099719242042e-05 5.9091426559000633e-06 -0.0015094944715893087 -0.0023633591808251233
leaf_weight=601 530 919 666 1201 502 517 738 514 1005 560 617 648 857 940 591 1379 2002 805 501 272606 502 661 717 788 561 766 852 779 594 1016
leaf_count=601 530 919 666 1201 502 517 738 514 1005 560 617 648 857 940 591 1379 2002 805 501 272606 502 661 717 788 561 766 852 779 594 1016
internal_value=-4.22376e-06 0.00283406 0.00553691 -0.000239744 0.0152291 -4.21152e-05 0.0046875 0.00996205 -7.13119e-05 -0.00175634 -0.000703606 0.00349497 0.00883621 -0.00443523 -0.00735708 -0.00287218 -0.006532 0.0149351 1.08385e-05 3.82544e-05 0.00533187 -0.000204082 0.0141172 -0.00588915 0.00014556 0.00258807 0.00798526 -0.00488889 -0.00498282 -0.0109771
internal_weight=295935 3889 2970 1867 1103 292046 1782 1044 290264 13484 11360 3867 2310 1557 2124 7493 3381 1453 276780 275775 3169 1950 1219 1289 4112 2772 1618 1340 1154 1607
internal_count=295935 3889 2970 1867 1103 292046 1782 1044 290264 13484 11360 3867 2310 1557 2124 7493 3381 1453 276780 275775 3169 1950 1219 1289 4112 2772 1618 1340 1154 1607
is_linear=0
shrinkage=0.05


Tree=269
num_leaves=31
num_cat=0
split_feature=58 53 54 65 5 67 60 32 55 19 54 33 42 58 5 65 12 42 64 68 18 34 59 59 30 17 33 8 46 26
split_gain=14.2042 54.8923 70.8686 43.7135 30.0209 87.406 65.4459 57.0208 52.8159 42.3295 45.3035 55.6994 42.9292 37.357 30.7521 29.6669 28.7249 26.7733 26.5949 26.0293 25.6041 21.6095 26.8631 21.5938 21.4797 21.2164 25.8839 21.0745 21.0018 31.8217
threshold=0.61393991112709057 1.0000000180025095e-35 4.9257669448852548 0.062896966934204115 0.028395535424351696 0.38254570960998541 0.30491936206817633 -0.13719405233860013 1.0000000180025095e-35 -0.0017719629104249177 4.5315775871276864 0.39466835558414465 0.16139603406190875 0.76377296447753917 -0.064144197851419435 0.37272679805755621 0.015182883944362404 0.044598821550607688 0.21609270572662356 0.053066104650497443 0.16915000230073932 0.21328508108854297 0.037297433242201812 0.090838298201560988 1.604417681694031 0.22272396832704547 0.24379447102546695 0.039121719077229507 24.500000000000004 -0.23736552894115445
decision_type=2 10 2 10 8 8 10 10 2 8 2 10 8 2 10 10 10 10 8 10 10 8 10 10 10 8 8 10 10 10
left_child=-1 4 3 -3 5 13 16 8 14 -8 12 -12 15 19 27 24 23 -10 -4 21 -13 -2 -23 -6 -11 26 -18 -7 29 -15
right_child=1 2 18 -5 6 7 9 -9 17 10 11 20 -14 28 -16 -17 25 -19 -20 -21 -22 22 -24 -25 -26 -27 -28 -29 -30 -31
leaf_value=-1.0404109349718139e-05 0.00012602612494727917 0.0010453495261081151 -0.00092865209003709136 0.0081467684905796953 0.0010283001384621545 -0.00058324993646899164 -0.0016386113006657379 0.00093635385165180107 -1.4987966426758399e-05 0.001054519966751931 0.00056074266773057204 -0.0021938241864396324 -0.0029231350025408832 -0.0032250408424311936 -0.0012861196340329785 -0.00077462404757106538 0.0005706100991691998 0.001514620333827076 0.00056967893195279185 0.00032767275546471828 -0.0012617188773997045 -0.0004356351680434602 -0.001279536859686746 6.816601887508472e-05 0.0058905136023139583 0.0013998124763478165 -0.00010635209450725048 0.00094032312599697735 -0.0015610945178391338 -0.00030673647738813201
leaf_weight=251053 996 1779 914 1364 5368 614 729 1134 541 1112 546 528 569 524 1041 595 959 858 720 1906 1762 1676 713 1802 572 2652 9402 601 1042 1576
leaf_count=251053 996 1779 914 1364 5368 614 729 1134 541 1112 546 528 569 524 1041 595 959 858 720 1906 1762 1676 713 1802 572 2652 9402 601 1042 1576
internal_value=6.22341e-05 0.00088443 0.00594318 0.0103235 0.000276188 -0.00167019 0.00124408 0.00371952 0.000668486 -0.00315273 -0.00168599 -0.00614898 0.00276417 -0.00473173 -0.00406002 0.00583224 0.002642 0.00826828 -0.00249392 -0.00215997 -0.00956522 -0.00478645 -0.00735723 0.00518106 0.00920897 0.00124011 0.000216951 0.00134694 -0.00904188 -0.00611374
internal_weight=295648 44595 4777 3143 39818 13222 26596 4789 3655 6413 5684 2836 2848 8433 2256 2279 20183 1399 1634 5291 2290 3385 2389 7170 1684 13013 10361 1215 3142 2100
internal_count=295648 44595 4777 3143 39818 13222 26596 4789 3655 6413 5684 2836 2848 8433 2256 2279 20183 1399 1634 5291 2290 3385 2389 7170 1684 13013 10361 1215 3142 2100
is_linear=0
shrinkage=0.05


Tree=270
num_leaves=31
num_cat=0
split_feature=13 9 65 18 66 55 41 66 60 66 29 17 54 16 29 58 69 32 27 65 54 11 32 16 11 67 17 52 54 69
split_gain=15.0554 44.1046 32.1021 31.0447 54.933 80.8307 60.8633 50.6401 50.5821 46.447 38.9087 38.276 80.8539 57.1824 37.171 36.2504 35.6082 35.4914 70.9457 34.7455 86.0009 85.7859 34.4685 33.2097 54.3957 51.5028 34.0274 32.6526 38.9597 57.6834
threshold=-0.034280154854059212 -0.53817367553710926 0.37272679805755621 -0.13224559277296064 -0.28271885216236109 1.0000000180025095e-35 0.028280509635806087 -0.35828125476837153 0.044761475175619132 -0.35111388564109797 -0.35690218210220331 -0.10823295637965201 7.2725720405578622 -0.1890178099274635 -0.25749590992927546 0.10299337282776834 0.0083621535450220125 -0.48444521427154535 0.19000475108623507 -0.34573695063590998 2.7853198051452641 0.078058131039142623 -0.32730250060558314 -0.032611595466732972 -0.12075667083263396 0.11419029906392099 -0.06610416620969771 11.500000000000002 4.6957874298095712 0.033155420795083053
decision_type=8 8 10 8 8 2 10 10 10 10 10 8 2 10 10 2 10 8 10 10 2 8 8 8 10 10 10 10 2 10
left_child=2 -2 3 16 5 9 14 10 11 17 -8 12 13 -6 -7 -16 -1 18 -5 20 21 -18 -21 24 25 -13 -26 28 -22 -30
right_child=1 -3 -4 4 8 6 7 -9 -10 -11 -12 23 -14 -15 15 -17 19 -19 -20 22 27 -23 -24 -25 26 -27 -28 -29 29 -31
leaf_value=-0.0024245107448813558 -0.0011391609496796333 -3.0096988948516426e-05 0.0011427977035236955 -0.001104664175118711 -0.0010899090390339968 0.00034499286992442163 -0.00079555216088060218 0.0014898783242928374 -0.00017932636838602269 -0.00086110421161481 0.00047087198677420313 -0.00097865089026791924 -0.0024019793165155879 0.00083061094293425852 3.5280775108967496e-05 -0.00068920063051292567 0.00091704371264033887 2.7883160976803492e-05 0.00087553345163302954 0.00029437973372672607 0.0012911997637414644 -0.0019160430130283478 0.0012452728197001842 0.00024631446863388335 0.00040691916169032421 0.00053285743729478662 0.0019416632323849053 -0.00094701867816260386 0.0010596826426346455 -0.00059629126019216457
leaf_weight=537 1547 183707 516 3575 1344 961 524 1526 13010 9384 891 1047 672 2803 881 857 817 11095 1479 22260 3063 2525 704 15977 1268 6028 2049 896 1370 2339
leaf_count=537 1547 183707 516 3575 1344 961 524 1526 13010 9384 891 1047 672 2803 881 857 817 11095 1479 22260 3063 2525 704 15977 1268 6028 2049 896 1370 2339
internal_value=-4.73514e-05 -0.000322783 0.000414825 0.000355804 -0.000212918 -0.0018199 0.00359292 0.00855642 0.000920648 -0.00301648 0.0017193 0.00201295 -0.00208118 0.000541256 -0.00182724 -0.00617849 0.00159758 -0.00138932 -0.00485782 0.00180085 -0.000508167 -0.00718974 0.00290763 0.00276167 0.00496058 0.00247706 0.0102344 0.00240948 0.00359776 0.000147889
internal_weight=295652 185254 110398 109882 75371 31173 5640 2941 44198 25533 1415 31188 4819 4147 2699 1738 34511 16149 5054 33974 11010 3342 22964 26369 10392 7075 3317 7668 6772 3709
internal_count=295652 185254 110398 109882 75371 31173 5640 2941 44198 25533 1415 31188 4819 4147 2699 1738 34511 16149 5054 33974 11010 3342 22964 26369 10392 7075 3317 7668 6772 3709
is_linear=0
shrinkage=0.05


Tree=271
num_leaves=31
num_cat=0
split_feature=30 55 65 8 65 67 7 65 46 19 34 41 59 19 63 67 28 11 29 46 18 29 14 43 42 27 8 21 30 7
split_gain=18.308 49.8153 38.1318 47.8796 29.6794 35.6139 45.8595 58.4663 31.9769 51.6387 41.0309 40.3423 33.0047 38.9596 40.7796 35.2376 32.5875 31.8677 38.3909 31.5132 31.4058 30.5413 27.189 28.8969 25.8312 27.2551 25.6174 25.1431 24.0388 34.3539
threshold=0.77205973863601696 1.5000000000000002 0.042727947235107429 -0.049184186384081834 -0.13690322637557981 0.12712811678647998 0.22309225052595141 -0.19239434599876401 24.500000000000004 -0.12479197233915328 0.30201765894889837 0.2337773218750954 -0.01424119947478175 0.12428502365946771 -0.063755840063095079 0.13419737666845324 0.35869897902011877 0.45501986145973211 -0.43529300391674036 16.500000000000004 0.088878907263278975 -0.24970658123493192 -0.19819845259189603 1.798663914203644 0.033219259232282645 0.55001634359359752 -0.33353120088577265 0.11256789788603784 1.4627193212509157 -0.26950114965438837
decision_type=10 2 8 8 8 10 10 10 10 8 10 10 10 10 10 10 10 10 10 10 10 10 10 10 10 10 10 10 10 10
left_child=-1 4 -3 -4 5 -2 17 -8 9 10 -6 24 13 16 -15 19 22 18 -7 -14 -16 -20 23 -11 -10 -26 -17 -27 -28 -30
right_child=1 2 3 -5 8 6 7 -9 11 12 -12 -13 15 14 20 26 -18 -19 21 -21 -22 -23 -24 -25 25 27 28 -29 29 -31
leaf_value=-3.409926857821195e-05 -0.0012546249210523234 0.00029997914271258071 -0.00040999205471635718 -0.0030416107354717908 0.0003257206559579635 -2.4978944882735575e-05 0.00017745495858403904 -0.001970013674509434 0.00061340736811334162 -0.00045846656829298812 -0.00087855437349200699 -0.0029605108211990753 0.014366482887863463 0.00056223033031732356 -0.0025134474886152254 -0.00025665540939084366 0.00025413118743240206 -0.0014720520317580178 0.0026830156039501759 0.0020250340671182239 -0.00072049750599422445 0.00036810605360674685 0.0030384220682923534 0.0040734503315156215 -0.0003988771828984689 0.00094382650721510719 0.00051184227413026144 -4.5766133895176754e-05 0.0044916202399069181 0.0012731214234932503
leaf_weight=229621 3029 757 885 541 1832 1288 1979 1178 1587 643 1772 743 713 1962 506 1582 3409 532 1099 692 2622 713 746 535 6503 4633 6264 11857 703 5303
leaf_count=229621 3029 757 885 541 1832 1288 1979 1178 1587 643 1772 743 713 1962 506 1582 3409 532 1099 692 2622 713 746 535 6503 4633 6264 11857 703 5303
internal_value=-9.02987e-05 0.000639467 -0.00677155 -0.0115599 0.000891596 -0.00163818 0.000375055 -0.00402589 0.00134665 0.0024715 -0.00312673 4.53953e-05 0.00325808 0.00108789 -0.00203922 0.00473898 0.00407075 0.00420099 0.00614148 0.0122615 -0.0055768 0.0108123 0.00925543 0.00446128 0.000394469 -3.26044e-05 0.00396768 0.00104848 0.00473941 0.00699801
internal_weight=296229 66608 2183 1426 64425 9818 6789 3157 54607 29284 3604 25323 25680 10423 5090 15257 5333 3632 3100 1405 3128 1812 1924 1178 24580 22993 13852 16490 12270 6006
internal_count=296229 66608 2183 1426 64425 9818 6789 3157 54607 29284 3604 25323 25680 10423 5090 15257 5333 3632 3100 1405 3128 1812 1924 1178 24580 22993 13852 16490 12270 6006
is_linear=0
shrinkage=0.05


Tree=272
num_leaves=31
num_cat=0
split_feature=40 19 11 54 60 65 39 43 63 65 11 27 60 16 32 54 11 54 65 54 32 54 66 65 42 54 65 54 53 33
split_gain=14.6431 40.1606 56.1601 60.0369 35.0133 29.2963 26.5127 36.7064 27.8665 29.5751 52.697 49.9641 40.7768 57.1036 69.2961 55.2616 54.3792 62.0883 76.6997 55.7028 70.7676 92.145 66.6459 52.1027 51.4371 53.2638 58.5562 50.8464 49.5657 48.7006
threshold=0.041488066315650947 0.49267859756946569 0.73047733306884777 4.7252173423767099 -0.028714482672512528 0.062534928321838393 0.045639187097549445 1.5940012931823733 0.30817914009094244 -0.30415073037147516 -0.13736314326524732 0.87774300575256359 -0.019729609601199623 -0.46618022024631495 -0.5401814579963683 1.3467727303504946 -0.081804372370243059 9.0239205360412615 0.01733118295669556 7.4502248764038095 -0.51794758439064015 4.5315775871276864 -0.11830167472362517 0.16672223806381228 0.034964630380272872 5.6543471813201913 0.23134422302246097 3.5766900777816777 1.0000000180025095e-35 0.3751207441091538
decision_type=10 10 10 2 10 10 8 10 10 10 10 10 10 10 10 2 8 2 10 2 10 2 10 10 8 2 10 2 10 10
left_child=1 2 6 5 -5 -4 7 8 9 10 -1 12 13 -11 -15 -16 19 24 -19 20 21 -14 -23 27 25 -18 -27 28 -22 -17
right_child=-2 -3 3 4 -6 -7 -8 -9 -10 11 -12 -13 16 14 15 29 17 18 -20 -21 23 22 -24 -25 -26 26 -28 -29 -30 -31
leaf_value=-0.00019577644205593625 4.458000762859512e-05 0.0017776427101694533 -0.0051838164935864312 0.0021361820109669582 -0.00058222127303562596 -0.00079773522756908591 -0.00036435098366915578 0.00036887760675207511 0.0011324872464273815 0.0014521443871046372 -0.0018267149800141481 0.0020764506839357172 0.0010931534606596772 -0.00047380642687927174 -0.0013237355701055335 0.00015799651941867301 0.0010308932222439244 -0.0016545034621807441 -3.3501707779875178e-05 6.04564465081274e-05 -0.0022032846485954098 -0.0015715534814212057 0.00053268470677115512 -0.0014765929892087267 -0.00016866395410169196 -0.00019449399004848878 0.00087070644014000979 -0.00025563226847629496 0.0012365118340804432 -0.00040346121534591518
leaf_weight=13434 152162 626 901 644 1579 849 10877 3678 705 1231 1103 527 3066 6895 1194 39087 9222 512 760 6469 2370 1088 500 1545 15604 5924 770 7572 508 4425
leaf_count=13434 152162 626 901 644 1579 849 10877 3678 705 1231 1103 527 3066 6895 1194 39087 9222 512 760 6469 2370 1088 500 1545 15604 5924 770 7572 508 4425
internal_value=-6.77738e-05 -0.000429789 -0.000485498 -0.00633944 -0.000873265 -0.0132386 -0.000317812 -0.000116616 -0.000262205 -0.000319022 -0.00243693 -3.70611e-05 -0.000112182 0.000883767 0.000628742 0.00134851 -0.00105329 0.000256082 -0.0105304 -0.00290989 -0.00443904 0.00079331 -0.00894869 -0.00646814 0.000694577 0.00269371 -0.000701074 -0.0051912 -0.010838 0.00164055
internal_weight=295827 143665 143039 3973 2223 1750 139066 128189 124511 123806 14537 109269 108742 52832 51601 44706 55910 32792 1272 23118 16649 4654 1588 11995 31520 15916 6694 10450 2878 43512
internal_count=295827 143665 143039 3973 2223 1750 139066 128189 124511 123806 14537 109269 108742 52832 51601 44706 55910 32792 1272 23118 16649 4654 1588 11995 31520 15916 6694 10450 2878 43512
is_linear=0
shrinkage=0.05


Tree=273
num_leaves=31
num_cat=0
split_feature=30 55 66 67 55 66 63 42 61 15 60 74 66 10 67 67 58 50 46 66 26 19 8 49 66 58 53 8 5 30
split_gain=13.9374 61.5619 42.5698 41.2351 34.8468 84.1035 101.747 83.6727 80.3821 63.1826 59.9836 42.5654 57.3871 42.4196 52.8679 50.4738 40.8231 37.0615 34.6999 47.2997 38.6995 43.8125 37.3818 35.664 33.2636 33.9116 31.8446 49.6754 31.319 30.8933
threshold=0.62326648831367504 1.5000000000000002 -0.27071803808212275 0.24922733008861545 1.5000000000000002 -0.10959761962294577 -0.043740063905715935 0.078796308487653746 -0.0070158839225769034 -0.048437925055623048 -0.22818148136138913 0.4424568116664887 -0.26625788211822504 -0.033474139869213097 0.091559667140245451 0.13678722828626635 0.11354737728834154 0.0020450315205380325 16.500000000000004 -0.29600141942501063 -0.20454248785972592 0.2090035751461983 -0.28662447631359095 0.0056641018018126496 -0.07422247156500815 0.74469971656799328 0.13392857462167743 0.20760181546211245 -0.07043594121932982 2.4667143821716313
decision_type=10 2 10 10 2 10 8 10 10 8 10 10 10 10 10 10 2 2 10 10 10 10 8 2 10 2 10 8 10 10
left_child=4 18 -3 -4 -1 6 10 11 -7 -10 -6 28 -13 14 16 -16 -12 -11 22 20 21 -20 29 26 -25 -26 -21 -28 -8 -2
right_child=1 2 3 -5 5 8 7 -9 9 17 13 12 -14 -15 15 -17 -18 -19 19 23 -22 -23 -24 24 25 -27 27 -29 -30 -31
leaf_value=-5.2848525777691654e-05 -0.00048244111843775386 0.00084179711310767018 -0.0019939780532709124 -0.00045472414006765761 -0.00097438022270553582 -0.0013884693497779451 0.00097480252380751004 -0.00043774343217328049 -0.0018839462121406872 -0.00041679553133392464 0.00021853843484671097 0.00061202328301910864 -0.0003314839898754805 -0.0003766332027233222 0.0013899583487096364 0.00033249659740781012 -0.00041827818395124075 0.00065094661317999312 0.00052358583520102609 0.00052978677628325846 -0.0012013114239282446 -0.0017270521501258906 0.00053470589663473197 6.5338724326617203e-05 -0.0016274075478137165 0.00015584950067282222 0.002086018246716516 -0.003626990632116002 0.002576767550377728 0.0028966473585563539
leaf_weight=200876 4897 525 794 1549 884 913 996 624 507 676 1292 1156 711 1190 527 915 787 1301 2180 20714 3394 879 20025 16810 4110 3020 500 857 1290 514
leaf_count=200876 4897 525 794 1549 884 913 996 624 507 676 1292 1156 711 1190 527 915 787 1301 2180 20714 3394 879 20025 16810 4110 3020 500 857 1290 514
internal_value=-8.44552e-05 0.000475377 -0.00670605 -0.00958351 -0.000295125 0.00213731 0.00437295 0.00972425 -0.00468154 0 -0.000205174 0.0122868 0.00663292 0.00204406 0.00480034 0.0121212 -0.000311154 0.00405133 0.000740598 5.71712e-06 -0.00399969 8.14598e-05 0.00225576 0.000568219 -0.000768267 -0.00362745 0.00201757 -0.00537674 0.0168554 -0.00142963
internal_weight=295413 80768 2868 2343 214645 13769 10372 4777 3397 2484 5595 4153 1867 4711 3521 1442 2079 1977 77900 52464 6453 3059 25436 46011 23940 7130 22071 1357 2286 5411
internal_count=295413 80768 2868 2343 214645 13769 10372 4777 3397 2484 5595 4153 1867 4711 3521 1442 2079 1977 77900 52464 6453 3059 25436 46011 23940 7130 22071 1357 2286 5411
is_linear=0
shrinkage=0.05


Tree=274
num_leaves=31
num_cat=0
split_feature=11 19 67 41 54 16 20 19 18 69 54 38 4 9 41 54 54 69 65 42 19 42 54 54 66 53 33 65 69 42
split_gain=20.4511 43.9667 35.5472 35.5709 177.117 60.0711 58.7997 44.9682 90.1601 67.3367 41.1543 39.8439 31.2861 34.5124 28.507 39.6236 33.7764 75.983 91.5016 111.813 90.6696 98.4747 87.5289 95.1658 76.6881 71.1785 67.0172 61.8623 63.7594 64.3473
threshold=0.60402616858482372 -0.44622424244880671 0.43542042374610906 0.093121223151683821 4.8278737068176278 -0.51344335079193104 -0.32371875643730158 -0.14594624191522595 -0.38109397888183588 0.016163060441613201 5.7384898662567148 0.53735643625259411 0.0081349816173315066 0.038358172401785857 0.019987657666206363 10.430809020996096 4.5839977264404306 0.016427048482000831 0.10501188039779664 0.078796308487653746 -0.18851997703313825 0.048497797921299941 3.5468837022781377 1.5528669953346255 -0.1898790895938873 1.0000000180025095e-35 3.1358722448349003 0.30367153882980352 0.017343870364129547 0.036007884889841087
decision_type=8 8 10 10 2 10 10 10 10 10 2 10 10 10 8 2 2 10 8 10 10 10 2 2 10 10 10 10 10 10
left_child=2 -2 3 5 6 -1 -5 8 -8 -9 -6 -7 13 -4 -3 16 17 20 19 -19 21 -16 23 24 -22 -24 -25 28 -18 -30
right_child=1 14 12 4 10 11 7 9 -10 -11 -12 -13 -14 -15 15 -17 27 18 -20 -21 22 -23 25 26 -26 -27 -28 -29 29 -31
leaf_value=0.002539850700254761 -0.0027518090841191232 -0.00048153478547321613 4.9077098329068999e-05 -0.0010501550845801095 -0.00094213224770977569 1.3268730066115508e-05 -0.00092083160777548943 0.0037397969207196668 0.0048054105667190228 -0.00022602819202442587 -0.0032425201590287403 -0.00046258422160523166 -0.00045741349234277359 0.001189548554949347 0.00029523003882527752 -0.0010432697405642385 -0.00014250976580347104 -0.0029165104424008579 -0.0002460922767616377 -0.00071545448775719176 -0.0015550844914161523 -0.0017119015335664929 0.00015085331980179296 0.002421973602248119 0.0078974609831125916 -0.0031921848698863845 -0.002195088348863576 -0.00145936287427378 -0.00050941680994888005 0.00054236599833621952
leaf_weight=1230 523 2422 579 1107 1206 152478 676 1739 2417 2332 787 10756 520 1041 4564 607 23003 2668 26922 6185 1762 3623 4306 8128 529 902 763 2176 2804 26799
leaf_count=1230 523 2422 579 1107 1206 152478 676 1739 2417 2332 787 10756 520 1041 4564 607 23003 2668 26922 6185 1762 3623 4306 8128 529 902 763 2176 2804 26799
internal_value=-7.9509e-05 -0.000587214 0.000261197 0.000182559 0.00303679 4.25599e-06 0.00626132 0.00791748 0.0124557 0.00444744 -0.0103095 -7.90228e-05 0.00665116 0.0100613 -0.000522539 -0.000409932 -0.00034218 -0.00115801 -0.0026282 -0.00703486 0.000982226 -0.00331219 0.00312805 0.00562009 -0.00345502 -0.00222307 0.00795978 0.000556651 0.000898966 0.00243305
internal_weight=295554 118686 176868 174728 10264 164464 8271 7164 3093 4071 1993 163234 2140 1620 118163 115741 115134 60352 35775 8853 24577 8187 16390 11182 2291 5208 8891 54782 52606 29603
internal_count=295554 118686 176868 174728 10264 164464 8271 7164 3093 4071 1993 163234 2140 1620 118163 115741 115134 60352 35775 8853 24577 8187 16390 11182 2291 5208 8891 54782 52606 29603
is_linear=0
shrinkage=0.05


Tree=275
num_leaves=31
num_cat=0
split_feature=54 71 54 69 33 10 9 10 45 43 71 57 69 54 54 55 19 33 10 54 67 40 22 18 55 55 64 54 38 61
split_gain=13.2017 61.2838 14.578 53.2695 61.8935 42.6515 41.0611 31.9404 25.4637 26.8389 15.3395 37.0966 41.3119 28.767 23.6038 53.7315 23.2851 21.5932 18.8674 18.8102 26.1808 18.0577 16.6154 13.611 35.7424 73.4083 233.966 127.757 105.673 58.1428
threshold=10.938343048095705 -0.067260012030601488 9.7689256668090838 0.015415531583130361 3.019402384757996 -0.18557534366846082 -0.043017813935875886 -0.084374073892831788 26.500000000000004 1.0615959763526919 -0.35042756795883173 0.7481985092163087 0.010989497881382706 7.9154393672943124 4.9731757640838632 1.0000000180025095e-35 -0.14249736815690991 0.10417830571532251 -0.74914720654487599 3.7161297798156743 0.24691556394100192 0.041810337454080589 0.28000654280185705 -0.26436525583267206 1.5000000000000002 1.0000000180025095e-35 inf 7.3427758216857919 0.44021484255790716 0.050781071186065681
decision_type=2 10 2 10 8 10 10 10 8 8 8 2 10 2 2 2 10 8 8 2 10 10 10 10 2 2 8 2 10 10
left_child=2 -2 10 4 5 -4 -7 8 9 -5 11 12 16 14 17 21 -1 -14 -12 20 -19 -16 -15 24 25 27 -27 -20 -28 -26
right_child=1 -3 3 7 -6 6 -8 -9 -10 -11 18 -13 13 22 15 -17 -18 19 23 -21 -22 -23 -24 -25 29 26 28 -29 -30 -31
leaf_value=-0.0032026685523032315 0.00096444304727144885 -0.00033998074359706606 -0.001990609952052321 0.0011525782673289138 0.00050089242214240715 0.00018588367739990377 -0.0016814430192445774 0.00062950911098003071 -0.00037124795211081093 -0.00035619643425771987 0.0023462431544579807 -0.001741986057784803 -0.0005735067674753207 0.0002780551042131381 -0.00061694618191339564 0.00039654204205606393 -0.00079297752702500452 -0.00061725762633103312 -0.00022968729364022667 0.0021033708182190921 0.0022266433921666385 -0.0032653446203740749 0.0014975617434163176 1.489516206174546e-05 -0.00012651211117128692 0.00025841642926602851 -0.0033556363043590557 0.0013005009990390592 0.0006426184635347894 0.0024372898390864393
leaf_weight=504 506 612 544 514 503 559 504 622 672 532 586 1099 1037 518 505 963 616 939 28533 516 565 550 520 242871 1081 3047 2013 2320 514 656
leaf_count=504 506 612 544 514 503 559 504 622 672 532 586 1099 1037 518 505 963 616 939 28533 516 565 550 520 242871 1081 3047 2013 2320 514 656
internal_value=-7.96871e-05 0.00531915 -0.000100369 -0.00293722 -0.00867925 -0.0134508 -0.00750233 0.00225532 -0.00127315 0.00359848 -5.67314e-05 -0.00216974 -0.000862902 0.000759432 -0.00079646 -0.00498028 -0.00964602 0.00197261 5.85873e-06 0.00497537 0.00211361 -0.012723 0.00830153 -1.29872e-05 -0.000890659 -0.0012254 -0.00650072 -0.00027055 -0.0177178 0.00609616
internal_weight=295521 1118 294403 4450 2110 1607 1063 2340 1718 1046 289953 8332 7233 6113 5075 2018 1120 3057 281621 2020 1504 1055 1038 281035 38164 36427 5574 30853 2527 1737
internal_count=295521 1118 294403 4450 2110 1607 1063 2340 1718 1046 289953 8332 7233 6113 5075 2018 1120 3057 281621 2020 1504 1055 1038 281035 38164 36427 5574 30853 2527 1737
is_linear=0
shrinkage=0.05


Tree=276
num_leaves=31
num_cat=0
split_feature=68 53 65 46 54 71 54 11 55 73 54 75 38 55 65 69 38 32 25 42 11 26 11 55 54 75 69 65 54 5
split_gain=11.4013 56.0534 55.8489 54.9435 63.332 58.7173 47.4553 52.8365 69.947 48.2032 46.0826 75.3864 50.7175 43.6847 136.051 64.4012 94.8697 82.678 66.4127 60.167 71.5339 51.0239 41.4154 41.2316 60.6387 40.9282 53.9877 36.8018 35.4465 35.3979
threshold=-0.08852479979395865 1.0000000180025095e-35 -0.27699834108352656 17.500000000000004 1.3825365304946902 0.17601609230041507 6.6562123298645028 -0.37911660969257349 1.0000000180025095e-35 0.12222423031926156 8.6082215309143084 0.18366450816392901 0.20887604355812076 1.0000000180025095e-35 -0.34573695063590998 0.016427048482000831 0.5109090805053712 -0.55210083723068226 0.33736602962017065 0.071521263569593443 -0.029448403976857659 -0.20454248785972592 1.2981760501861574 1.0000000180025095e-35 4.8746626377105722 0.22464320063591006 0.023410474881529812 -0.2347840070724487 2.4163600206375127 0.0065301996655762204
decision_type=10 10 8 8 2 8 2 8 2 8 2 10 8 2 8 10 8 8 10 10 10 10 8 2 2 10 10 10 2 10
left_child=1 3 -3 6 -5 -6 13 8 -8 -9 12 -12 25 15 -15 17 19 -1 -19 20 21 -17 -21 24 -7 26 27 -11 -22 -26
right_child=-2 2 -4 4 5 23 7 9 -10 10 11 -13 -14 14 -16 16 -18 18 -20 22 28 -23 -24 -25 29 -27 -28 -29 -30 -31
leaf_value=-0.0012903507359831351 -1.8723332401021991e-05 -0.0022706422828126034 -0.00016030421908818371 0.0040707447725747622 -0.00203448105057628 -0.0012052000579366355 0.00053595515308920566 0.0072598300137330599 0.0045522012210729296 0.00030155135366966951 0.00038111262635626006 -0.0016090007482629108 6.3676451300534017e-05 -0.0016189706811190223 2.6444125322965323e-05 0.00063331065890768503 -0.00010406484411594614 0.00038900281592454126 -0.0010872506759967994 0.0026667773142802949 0.0010872386483718789 0.0017569211552138685 0.00024019018125977728 -0.0024914911070796327 0.00055435204151999711 0.0015942731444545972 0.0010976872598319511 -0.00050299247420782303 -0.0011502450386586143 0.0057285680245022733
leaf_weight=2393 238615 1316 3385 652 1633 3291 968 632 566 926 901 806 4189 841 3681 3034 8739 5467 1494 3139 526 648 812 711 1935 803 573 519 1894 543
leaf_count=2393 238615 1316 3385 652 1633 3291 968 632 566 926 901 806 4189 841 3681 3034 8739 5467 1494 3139 526 648 812 711 1935 803 573 519 1894 543
internal_value=1.45446e-05 0.000649692 -0.0045744 0.0011199 -0.00249003 -0.00369937 0.00184684 0.00470486 0.0132772 0.00328561 0.00230893 -0.00503786 0.00410256 0.000893568 -0.00366284 0.00162665 0.00331348 -0.00176207 0.000996988 0.00662327 0.00350131 0.00788191 0.0114239 -0.00155624 -0.000147084 0.00927234 0.00542406 0.00024055 -0.00316872 0.00574759
internal_weight=295632 57017 4701 52316 8765 8113 43551 10883 1534 9349 8717 1707 7010 32668 4522 28146 18792 9354 6961 10053 6102 3682 3951 6480 5769 2821 2018 1445 2420 2478
internal_count=295632 57017 4701 52316 8765 8113 43551 10883 1534 9349 8717 1707 7010 32668 4522 28146 18792 9354 6961 10053 6102 3682 3951 6480 5769 2821 2018 1445 2420 2478
is_linear=0
shrinkage=0.05


Tree=277
num_leaves=31
num_cat=0
split_feature=26 8 54 33 19 65 29 60 64 41 11 62 68 58 54 46 11 54 30 19 69 19 65 38 29 54 69 54 75 26
split_gain=13.1224 30.9514 62.0775 29.0174 39.2925 48.7727 30.209 40.3591 29.146 28.5595 26.2539 22.7159 28.6629 19.1452 18.4585 17.4777 19.8338 17.0403 81.5471 56.1899 56.0456 49.6384 33.4112 22.2367 33.2988 41.7835 32.7706 24.6248 25.898 29.6592
threshold=-0.033996449783444398 0.071240797638893141 9.4411144256591815 0.12230844795703889 -0.049950463697314255 0.063132941722869887 -0.14476373046636579 -0.038430392742156975 0.0092990398406982439 0.011680040508508684 -0.15670020133256909 0.026547312736511234 -0.037241473793983453 0.52253755927085888 1.8863115310668948 22.500000000000004 0.21898022294044497 9.7689256668090838 0.028003746643662456 -0.14249736815690991 0.025725932791829113 -0.02225290052592754 0.01733118295669556 0.07327317446470262 -0.094068761914968477 7.0733969211578378 0.017343870364129547 4.1553614139556894 0.17562668025493625 -0.10406904295086859
decision_type=10 8 2 10 8 10 10 10 10 10 10 10 10 2 2 10 10 2 10 10 10 10 10 8 8 2 10 2 10 10
left_child=17 3 9 4 -2 -6 10 -8 -9 -3 13 12 -11 -5 -13 -14 -17 23 -19 -20 21 22 -21 24 27 26 -26 -1 29 -29
right_child=1 2 -4 6 5 -7 7 8 -10 11 -12 14 15 -15 -16 16 -18 18 19 20 -22 -23 -24 -25 25 -27 -28 28 -30 -31
leaf_value=-0.00087975008692491312 0.00052120556203824608 -0.00083045656453347653 0.0015813228650618011 -0.0011687362236734173 -0.0010953990195686075 0.00018439833209435292 0.00099322633677486976 -0.00018079373125496365 0.0006260578258634595 0.00080190550658028315 0.0012922287018846295 0.0020260020343469873 -0.0012999126947543143 0.00022166267158853955 7.4684835722191312e-05 0.00028865046690979403 -0.0018677413770212441 0.00044162331007227811 -0.0025648345910365151 -0.0011875447550146615 0.00097705718840017733 0.00015705876553938694 -0.00043836801333177293 -1.0684132645070576e-05 -0.00052599434693056534 -0.00081905089248993513 0.00027116863071634245 -0.00051474128726240883 0.00077086009861035247 8.8715629277762176e-05
leaf_weight=1523 732 598 609 509 527 536 888 994 1351 866 609 655 2150 624 7257 1548 841 1284 626 573 510 792 798 260888 884 967 827 983 766 3417
leaf_count=1523 732 598 609 509 527 536 888 994 1351 866 609 655 2150 624 7257 1548 841 1284 626 573 510 792 798 260888 884 967 827 983 766 3417
internal_value=-0.00012055 0.00107492 -0.000227054 0.00386431 -0.00157895 -0.00768872 0.00582748 0.00868023 0.0052017 -0.000915619 0.000513699 -0.000431455 -0.00292705 -0.00398075 0.00127493 -0.00451748 -0.00156315 -0.000213209 -0.00323318 -0.00738894 -0.00419307 -0.00770824 -0.0134323 -0.000161878 -0.00255412 -0.00725446 -0.0025276 -0.000664278 0.000985317 -0.000498866
internal_weight=296132 21294 14524 6770 1795 1063 4975 3233 2345 13915 1742 13317 5405 1133 7912 4539 2389 274838 4583 3299 2673 2163 1371 270255 9367 2678 1711 6689 5166 4400
internal_count=296132 21294 14524 6770 1795 1063 4975 3233 2345 13915 1742 13317 5405 1133 7912 4539 2389 274838 4583 3299 2673 2163 1371 270255 9367 2678 1711 6689 5166 4400
is_linear=0
shrinkage=0.05


Tree=278
num_leaves=31
num_cat=0
split_feature=39 69 53 69 64 64 31 67 54 75 11 26 28 75 54 74 63 69 11 67 66 63 32 45 49 2 28 69 19 19
split_gain=14.7129 29.6104 23.0221 47.3853 27.8006 25.5719 23.5972 21.9979 34.2005 24.7188 21.4906 19.3613 18.3547 17.6644 14.0971 73.102 69.043 57.5136 54.405 32.2449 16.7378 12.9351 15.5377 13.0319 12.3121 12.0854 23.5712 42.518 48.709 43.8071
threshold=0.006646043388172985 0.0094106099568307417 0.080128207802772536 0.020289576612412933 -0.1383664011955261 0.0092990398406982439 0.12695191800594333 0.25052721798419958 5.9215650558471689 0.19596580415964129 -0.15670020133256909 -0.16666389256715772 0.44864915311336523 0.0088262790814042109 9.7689256668090838 0.27701419591903692 0.048096358776092536 0.015415531583130361 -0.13407862186431882 0.2822906374931336 -0.22676219046115872 -0.047429561614990227 -0.32051064074039454 27.500000000000004 0.00025680536055006092 -0.0087053398601710779 0.32855030894279486 0.013729128520935776 0.32906712591648107 0.10934219881892206
decision_type=8 8 10 10 8 10 10 8 2 10 10 10 10 8 2 8 10 8 8 8 10 10 8 10 2 8 8 10 10 10
left_child=1 24 5 4 -4 7 -6 9 -9 12 -8 -11 21 -2 25 -16 17 20 -19 -18 -17 22 -3 -24 -1 -15 27 29 -29 -27
right_child=13 2 3 -5 6 -7 10 8 -10 11 -12 -13 -14 14 15 16 19 18 -20 -21 -22 -23 23 -25 -26 26 -28 28 -30 -31
leaf_value=0.0018720852203352519 -0.00050026088492816426 0.00054547415494557861 -0.00099961287304743186 -0.0013209456255896747 0.0014582476213298578 0.00044774130266270933 -0.0010547646665174154 0.0010233415127811096 -0.00086041258786325641 0.00021266577785520525 0.00096771783196156658 -0.0012012253605219751 0.00079719637231355197 3.8671067257409687e-05 -0.0014908042664194918 -0.00023615833983228648 1.6853266734651733e-05 0.00084366249671202244 -0.00040650024026829063 0.0014338621971850278 -0.0016874798035311986 0.00058263011763970971 0.00012473483282358748 -0.00034708778385593913 0.00034158416790942874 -0.00050781941391420723 1.2329462561213364e-05 1.7832917358481806e-05 -0.0018119330567590618 0.001099858634582443
leaf_weight=636 958 566 505 712 540 2040 574 500 760 810 583 564 597 139572 521 516 501 692 981 583 818 703 527 586 503 11196 97187 27662 999 1716
leaf_count=636 958 566 505 712 540 2040 574 500 760 810 583 564 597 139572 521 516 501 692 981 583 818 703 527 586 503 11196 97187 27662 999 1716
internal_value=-3.72102e-06 0.00173267 0.000902903 -0.00287278 0.000768535 0.00234242 0.00383714 0.000595767 -0.00519685 0.00228054 -0.000214225 -0.00325145 0.00483439 -7.53755e-05 -5.23053e-05 -0.002791 -0.000524262 -0.00442493 0.00175282 0.0102377 -0.012128 0.00284281 0.00044405 -0.00298308 0.00935596 -6.82613e-06 -0.000337249 -0.00133348 -0.000259844 -0.0037146
internal_weight=295608 11706 10567 2914 2202 7653 1697 5613 1260 4353 1157 1374 2979 283902 282944 4612 4091 3007 1673 1084 1334 2382 1679 1113 1139 278332 138760 41573 28661 12912
internal_count=295608 11706 10567 2914 2202 7653 1697 5613 1260 4353 1157 1374 2979 283902 282944 4612 4091 3007 1673 1084 1334 2382 1679 1113 1139 278332 138760 41573 28661 12912
is_linear=0
shrinkage=0.05


Tree=279
num_leaves=31
num_cat=0
split_feature=51 29 11 30 6 19 65 54 15 9 42 69 65 38 33 75 54 33 74 39 10 29 20 36 42 69 54 11 54 30
split_gain=15.8529 14.9028 13.4751 53.3801 46.9095 82.2088 56.7114 42.3946 55.7927 42.8074 40.896 36.5878 35.5569 53.3911 32.989 30.5966 29.531 78.259 53.4335 29.8577 33.0458 28.7075 40.027 28.434 26.7724 26.5004 90.8847 33.1981 32.5051 86.7648
threshold=1.0000000180025095e-35 -0.10124578326940535 0.60402616858482372 0.65080553293228161 -0.090695466846227632 -0.35876899957656855 -0.19000467658042905 2.7853198051452641 -0.21240273863077161 -0.29185971617698664 0.043854687362909324 0.030972667038440708 0.10168856382369997 0.31375199556350714 1.5954772830009463 0.021005708724260334 0.84800961613655101 0.40094663202762609 0.22009969502687457 0.21400478482246402 -0.74914720654487599 -0.63571295142173756 -0.063168086111545549 73.226608276367202 0.07644121348857881 0.0083621535450220125 4.0413832664489755 1.0266803503036501 0.95358467102050792 1.1742191314697268
decision_type=8 8 8 8 10 10 10 2 10 8 10 10 10 10 8 10 2 10 10 10 10 10 10 2 10 8 2 8 2 10
left_child=1 -1 16 4 6 -6 7 9 10 -4 -9 14 15 -14 -8 -7 17 18 -2 20 -18 22 -17 -23 -10 26 -5 -27 29 -29
right_child=2 -3 3 25 5 12 11 8 24 -11 -12 -13 13 -15 -16 21 19 -19 -20 -21 -22 23 -24 -25 -26 27 -28 28 -30 -31
leaf_value=0.0017704159102315117 0.0021332023086889813 0.00048543135340237375 -0.002609515531670673 0.015144285633581013 -0.0028987653340355364 -0.0016021432433257383 0.00069255018529642458 0.0014534771024424928 -0.002568576807991111 -0.00074139882648770541 0.00026911991430922242 0.0014889146889618158 -0.0025025363446079026 -0.00011959191131551799 -0.0012058980690328389 -0.00031329679770560775 0.0029551768442487802 0.0068452940079224284 -0.0010260652821535523 -0.0032152594134576317 1.6240514502305174e-05 -0.00026554554225098408 0.001843434397152971 -0.0020137694127151133 -0.00052049783639730588 -0.00069206778716144821 -0.0029751499315667481 0.0013291266305131345 8.7515686988615116e-05 -0.0071882673875536072
leaf_weight=505 587 1132 834 653 1179 515 3498 543 818 2208 3565 598 1000 825 551 936 666 674 848 522 173342 9920 730 782 1304 7340 599 862 77257 619
leaf_count=505 587 1132 834 653 1179 515 3498 543 818 2208 3565 598 1000 825 551 936 666 674 848 522 173342 9920 730 782 1304 7340 599 862 77257 619
internal_value=-4.06199e-06 0.00488767 -3.14856e-05 -0.000447305 -0.00227395 -0.00412971 -0.000154354 -0.00241327 -4.80769e-05 -0.00724115 0.00335114 0.00434829 -0.00310504 -0.00961853 0.0026238 -0.0021756 0.00024427 0.00611137 -0.000519031 0.000173026 0.000209174 -0.00167232 0.00441527 -0.00262323 -0.00661351 0.000176322 0.00736926 7.08577e-05 0.000370803 -0.00694165
internal_weight=295412 1637 293775 117136 29806 15887 13919 9272 6230 3042 4108 4647 14708 1825 4049 12883 176639 2109 1435 174530 174008 12368 1666 10702 2122 87330 1252 86078 78738 1481
internal_count=295412 1637 293775 117136 29806 15887 13919 9272 6230 3042 4108 4647 14708 1825 4049 12883 176639 2109 1435 174530 174008 12368 1666 10702 2122 87330 1252 86078 78738 1481
is_linear=0
shrinkage=0.05


Tree=280
num_leaves=31
num_cat=0
split_feature=16 71 29 18 18 68 27 34 13 29 46 10 33 15 9 19 9 39 75 28 8 17 11 60 33 75 11 16 64 71
split_gain=11.5862 25.7502 13.0217 26.4687 14.4113 26.3147 29.3726 31.5729 17.3511 11.2182 33.2824 21.9592 11.6765 11.2282 44.0936 31.3563 34.4886 40.2879 26.4717 31.6916 25.3035 31.8309 48.7431 33.973 32.7846 37.1984 37.202 35.0144 34.6474 33.9983
threshold=-0.61302903294563282 -0.40170750021934504 -0.85695573687553395 -0.20056179910898206 -0.36206445097923273 -0.0036230285186320539 1.3970596194267275 0.18755357712507251 -0.013060620054602621 -0.76999422907829274 18.500000000000004 1.1881871819496157 11.900501728057863 0.41484388709068304 0.47881743311882025 0.34124785661697393 0.55398762226104747 0.11680858954787256 0.91313308477401745 0.80404219031333934 0.15552547574043277 -0.0053166884463280431 -0.21338792890310285 0.071420203894376769 0.97264647483825695 0.45834805071353918 0.057992298156023032 0.11422083526849748 0.10709840059280397 0.37654159963130956
decision_type=8 10 8 10 8 10 10 8 8 8 10 8 10 10 10 10 10 10 10 10 10 10 8 10 8 10 8 10 10 10
left_child=1 -1 3 -2 5 6 7 8 -4 10 11 -6 13 15 -15 16 20 18 19 -18 -11 22 -22 -24 -23 29 -27 28 -28 -26
right_child=2 -3 4 -5 9 -7 -8 -9 -10 12 -12 -13 -14 14 -16 -17 17 -19 -20 -21 21 24 23 -25 25 26 27 -29 -30 -31
leaf_value=-0.00050860010060268038 0.00032451485533755223 0.0043382618925856395 0.00011193761247272269 -0.0029390233712151773 4.7833887836548977e-05 -0.0013934450565863609 -0.0017230883116493784 0.0012440758073484185 -0.00099386750350003686 1.9342026337635515e-05 -0.0012963953658890366 0.0019230390755458808 -0.00095760235113938146 0.0029745926246819189 0.00014671410433033324 -0.00061145761702847967 0.001452696187538613 -0.0014872500848130974 -0.00073764697713267805 -8.4822192369499747e-05 0.0011986535677864793 -0.00051309873845035265 0.00098152110901140836 -0.00058466252034780901 0.00035178330291279016 0.00091067285694370085 -0.001706543721877854 -0.00015076838771118286 0.00021658350196994449 0.0030828160244260119
leaf_weight=549 965 500 1457 859 804 987 503 655 520 220110 792 1155 951 1435 15846 8601 3705 569 808 1314 1216 16025 2186 1695 2271 1770 1640 4952 626 506
leaf_count=549 965 500 1457 859 804 987 503 655 520 220110 792 1155 951 1435 15846 8601 3705 569 808 1314 1216 16025 2186 1695 2271 1770 1640 4952 626 506
internal_value=2.02715e-05 0.00524079 1.52577e-06 -0.00419847 2.78054e-05 -0.00290416 -0.000651828 0.00147615 -0.00168596 6.97263e-05 0.00324158 0.0067293 3.91286e-05 5.76616e-05 0.00129258 -2.20146e-05 7.65219e-05 0.00369966 0.00494261 0.0062935 -1.5217e-05 -0.00130863 0.00232034 -0.000424056 -0.00197482 2.9724e-05 -0.00153367 -0.00312673 -0.00826011 0.00507714
internal_weight=295972 1049 294923 1824 293099 4122 3135 2632 1977 288977 2751 1959 286226 285275 17281 267994 259393 6396 5827 5019 252997 32887 5097 3881 27790 11765 8988 7218 2266 2777
internal_count=295972 1049 294923 1824 293099 4122 3135 2632 1977 288977 2751 1959 286226 285275 17281 267994 259393 6396 5827 5019 252997 32887 5097 3881 27790 11765 8988 7218 2266 2777
is_linear=0
shrinkage=0.05


Tree=281
num_leaves=31
num_cat=0
split_feature=12 20 59 70 18 75 30 62 64 24 41 21 68 19 27 11 11 11 19 28 66 58 36 23 75 11 55 42 43 49
split_gain=13.4667 22.21 29.4134 22.918 22.0707 42.0836 35.238 30.2439 37.2583 25.138 32.8312 37.1729 24.3143 23.4017 23.0426 22.0686 21.4634 21.1772 20.8921 20.8358 22.0155 20.3144 29.4737 19.752 29.1325 27.1165 24.6882 25.8518 23.8066 24.3776
threshold=-0.056778559461235993 -0.092780642211437211 -0.16045949608087537 0.18822725862264636 -0.18668036907911298 0.47070947289466863 0.1703905984759331 1.0000000180025095e-35 -0.12247180938720702 2.3443565368652348 0.10079840198159219 0.051657443866133697 -0.035146776586771004 -0.1155991107225418 0.50186634063720714 -0.3366489559412002 1.0000000180025095e-35 -0.30873107910156244 -0.18378399312496183 0.53140425682067882 -0.25703622400760645 0.24930188804864886 26.359819412231449 -0.17251487821340558 0.34596711397171026 -0.32951962947845453 1.0000000180025095e-35 0.060495644807815559 0.62307056784629833 9.1336714831413715e-05
decision_type=8 8 8 10 8 10 10 10 10 8 8 10 10 8 8 10 10 10 10 10 10 2 2 8 10 10 2 10 10 2
left_child=19 4 3 -3 5 6 18 8 21 10 -6 -12 15 -13 -15 -9 -14 -10 -2 23 -21 22 -7 24 25 26 27 -1 -29 -30
right_child=1 2 -4 -5 9 7 -8 12 17 -11 11 13 16 14 -16 -17 -18 -19 -20 20 -22 -23 -24 -25 -26 -27 -28 28 29 -31
leaf_value=0.00048624303340670164 6.1478891883141014e-05 -9.3422524688267444e-05 2.0327768749032334e-05 -0.0031005678490490258 -0.00012287850427981816 -0.0013219375050099191 -0.001604743349294257 -0.00051167392969269515 0.00064456275665817264 -0.0017330129803758366 0.0018191977648057793 0.0023948363352095121 -0.00049431040718241059 -0.0010451692327712897 0.00033600772656970299 -0.0021333418123473543 0.0016262331119150262 0.0034925554821458663 -0.00091628041730342229 -0.0012248522148322113 -8.1501586268644543e-05 -0.0014154563527084192 0.00043292296481019514 0.00046198908152068896 0.00021352131943611492 -0.00091984922122127571 0.00088955837611313232 -0.0020596690072200302 -0.0015073116393374193 0.00028863648316365193
leaf_weight=843 1368 527 173814 511 43891 628 1575 674 1146 1315 1877 731 2699 1660 9255 768 636 554 733 1096 3045 617 2303 5253 33267 1598 804 751 683 1294
leaf_count=843 1368 527 173814 511 43891 628 1575 674 1146 1315 1877 731 2699 1660 9255 768 636 554 733 1096 3045 617 2303 5253 33267 1598 804 751 683 1294
internal_value=-1.01377e-05 -0.00015973 0.000145257 -0.00820611 -0.000895914 -0.00270221 -0.00727075 -0.00102143 0.00159757 -0.000474131 -0.000316941 0.00183625 -0.00389597 0.000780714 0.000196796 -0.00929752 -0.00153961 0.00766082 -0.00300805 0.000750349 -0.00263792 -0.00132097 0.000425026 0.00106622 0.000680255 -0.00253217 -0.000490308 -0.0022759 -0.00463842 -0.00173629
internal_weight=295916 247282 174852 1038 72430 13701 3676 10025 5248 58729 57414 13523 4777 11646 10915 1442 3335 1700 2101 48634 4141 3548 2931 44493 39240 5973 4375 3571 2728 1977
internal_count=295916 247282 174852 1038 72430 13701 3676 10025 5248 58729 57414 13523 4777 11646 10915 1442 3335 1700 2101 48634 4141 3548 2931 44493 39240 5973 4375 3571 2728 1977
is_linear=0
shrinkage=0.05


Tree=282
num_leaves=31
num_cat=0
split_feature=2 75 7 20 59 59 37 54 60 60 58 75 32 62 52 5 33 30 27 13 23 66 54 58 32 19 54 75 55 55
split_gain=14.8251 22.0761 19.5431 17.2309 35.614 35.5834 28.5813 35.1444 32.497 40.134 31.4413 29.4588 29.1685 28.1294 25.5514 28.2309 25.1325 24.5314 24.4088 20.037 19.9564 19.0594 83.6839 71.6625 46.111 60.2001 125.362 101.45 96.8802 54.5503
threshold=-0.07938849180936812 0.32969756424427038 0.067485351115465178 -0.16274601966142652 -0.16045949608087537 -0.08991703018546103 -0.40149968862533564 5.8263835906982431 -0.11179351061582564 -0.0087388074025511724 0.32974396646022802 0.68198743462562572 -0.24385066330432889 -0.17892971634864804 10.500000000000002 -0.25324730575084681 1.4365733265876772 0.69147261977195751 2.4189176559448247 -0.10264093056321143 -0.22440645843744275 -0.33680507540702814 9.1478266716003436 0.21378230303525927 -0.38197088241577143 -0.12638276070356366 6.2143878936767587 0.29373790323734289 1.0000000180025095e-35 1.5000000000000002
decision_type=8 8 8 8 8 10 10 2 8 8 2 10 8 10 10 8 8 8 10 8 10 10 2 2 10 10 2 10 2 2
left_child=1 2 -1 5 13 14 -7 8 11 -10 -9 -8 -12 -5 15 -2 -11 -15 -18 -6 -17 22 24 -24 25 28 -27 -28 -21 -30
right_child=3 -3 -4 4 19 6 7 10 9 16 12 -13 -14 17 -16 20 18 -19 -20 21 -22 -23 23 -25 -26 26 27 -29 29 -31
leaf_value=-0.00039565151727274375 -2.5204358610414219e-05 0.00022187057386401565 0.0011545106074820303 -5.5492165055518952e-05 0.00040397052821865981 -0.00073318091889299592 0.00026353267847569579 0.00038103245137699763 0.001359406445794256 -0.00098198175763583584 -0.0022649046944806434 -0.0015371001468659211 -0.00036937009499634287 -0.0029513799976887043 -0.00079285932823450623 0.0025943389405846729 0.00087753450136082852 -0.00090164422750091573 -0.0011282170461143837 0.00016507852598692766 -0.00015403599711556472 -4.4926102771735739e-05 8.47015986608129e-05 0.0011057572660594594 0.00014194908255013949 -0.00085659604996206036 -0.00093589116439444456 0.0010786669290904134 -0.0010596244580748518 0.00017182467333430007
leaf_weight=4490 2070 36336 508 957 6535 6879 811 506 2794 2361 786 1491 591 508 909 1696 3352 528 816 31010 518 149003 1278 1279 24180 6356 566 1313 3870 1653
leaf_count=4490 2070 36336 508 957 6535 6879 811 506 2794 2361 786 1491 591 508 909 1696 3352 528 816 31010 518 149003 1278 1279 24180 6356 566 1313 3870 1653
internal_value=-2.19624e-05 0.000856231 -0.00225639 -0.000164555 -2.70688e-05 -0.00139508 -0.00233613 -0.000998668 3.00817e-05 0.00134469 -0.00731643 -0.00527682 -0.0112112 -0.006665 0.00229675 0.00391244 -0.000802875 -0.0123327 0.00153183 3.14904e-05 0.00782374 -4.94291e-05 0.000621548 0.00948578 0.000291482 -0.000658806 -0.00451789 0.00680254 0.000212079 -0.00588288
internal_weight=295950 41334 4998 254616 229036 25580 20387 13508 11625 9323 1883 2302 1377 1993 5193 4284 6529 1036 4168 227043 2214 220508 71505 2557 68948 44768 8235 1879 36533 5523
internal_count=295950 41334 4998 254616 229036 25580 20387 13508 11625 9323 1883 2302 1377 1993 5193 4284 6529 1036 4168 227043 2214 220508 71505 2557 68948 44768 8235 1879 36533 5523
is_linear=0
shrinkage=0.05


Tree=283
num_leaves=31
num_cat=0
split_feature=30 54 61 42 61 61 19 4 62 36 44 60 60 69 16 74 54 36 14 58 33 54 63 19 69 19 32 55 19 54
split_gain=14.3292 14.4518 12.6993 57.1094 60.5334 71.2608 45.2354 38.0849 36.7944 35.7824 32.2079 29.7071 27.4639 34.1414 27.2737 26.5582 51.2414 47.4617 44.4579 33.8262 30.3537 64.9897 87.8346 61.8375 78.355 98.811 68.07 86.4697 70.7621 63.1969
threshold=8.1608824729919451 4.2047674655914316 -0.018442392349243161 0.056801019236445434 -0.13377323746681211 -0.10107603669166564 0.07242766767740251 0.28193262219429022 -0.080768823623657213 26.667482376098636 -4.4999999999999991 -0.014524938073009251 -0.091524980962276445 0.023410474881529812 -0.46618022024631495 0.54430788755416881 9.7689256668090838 11.304982185363771 -0.05799769610166549 0.21378230303525927 0.32232058048248297 6.4616401195526132 -0.026814252138137814 -0.21537961065769193 0.01719234045594931 0.078876551240682616 -0.64444255828857411 1.5000000000000002 -0.19864219427108762 3.1137374639511113
decision_type=10 2 8 10 10 10 8 10 10 2 2 10 10 10 10 8 2 2 10 2 8 2 10 8 10 10 8 2 10 2
left_child=2 -2 3 4 -1 -6 14 9 -8 12 11 -4 13 -5 -7 16 17 19 -18 -12 -19 23 -23 -22 25 26 -25 28 -28 -27
right_child=1 -3 10 7 5 6 8 -9 -10 -11 15 -13 -14 -15 -16 -17 18 20 -20 -21 21 22 -24 24 -26 29 27 -29 -30 -31
leaf_value=0.0016388066290021046 0.002604729555375461 -3.6002459553130879e-05 5.540596422970307e-05 0.00056048637357660293 -0.0011002989843491976 0.0017177190930241341 -0.0019964071176475141 -0.0012240745489795432 -0.0004502573946733428 0.00022273674940601003 -0.00027368311660163469 0.00081713250899051102 -0.0010909755269011613 -0.00070616529094084252 -7.8970245865899605e-05 7.7449453381331538e-05 -8.8928822145040035e-05 -0.00023656907130473464 -0.0025114969853378697 0.0017057593695533877 0.0010662533577723895 0.00053739919946001397 -0.0005693970006642818 0.001893813429338143 -0.00048494230298816443 0.0081054937027874256 -0.0043323078062441059 0.0012469238096145991 -0.00050193642828366626 0.00087620486054872386
leaf_weight=612 542 522 6610 2730 1685 544 1670 2340 4723 47548 897 4800 2103 3865 41088 90991 502 29124 500 1842 5444 2298 7539 2084 15627 3099 514 1093 7830 4675
leaf_count=612 542 522 6610 2730 1685 544 1670 2340 4723 47548 897 4800 2103 3865 41088 90991 502 29124 500 1842 5444 2298 7539 2084 15627 3099 514 1093 7830 4675
internal_value=7.95394e-06 0.00577281 -1.3078e-05 -0.000441617 -0.00167687 -0.00187047 -0.00151452 0.000619496 -0.00542714 0.000879906 0.000238571 0.00281086 -0.00206706 -0.000476911 -0.00091254 6.97999e-05 -0.000576567 -0.000438618 -0.0117589 0.00602037 -0.000662364 8.26479e-05 -0.00355946 0.000970874 0.000197527 0.00232841 -0.000611395 -0.00241876 -0.0041537 0.00668037
internal_weight=295441 1064 294377 108908 50322 49710 48025 58586 6393 56246 185469 11410 8698 6595 41632 174059 83068 82066 1002 2739 79327 50203 9837 40366 34922 19295 11521 9437 8344 7774
internal_count=295441 1064 294377 108908 50322 49710 48025 58586 6393 56246 185469 11410 8698 6595 41632 174059 83068 82066 1002 2739 79327 50203 9837 40366 34922 19295 11521 9437 8344 7774
is_linear=0
shrinkage=0.05


Tree=284
num_leaves=31
num_cat=0
split_feature=27 65 9 42 61 41 32 10 21 64 75 18 54 39 70 41 15 15 29 54 54 39 71 69 54 75 55 42 39 9
split_gain=11.1146 25.1289 10.2727 20.0442 41.812 18.3563 27.496 26.7289 22.7424 27.9682 19.6234 18.2934 25.0424 14.2166 27.809 13.2585 28.219 69.2408 46.6599 19.2103 18.7808 17.3078 14.3311 34.2282 26.2349 67.7812 38.661 44.7791 19.34 16.4341
threshold=4.932138442993165 0.055826246738433845 1.4957381486892702 0.16139603406190875 -0.029247313737869259 0.13935646414756778 -0.27399550378322596 1.5872391462326052 0.10153123363852502 -0.062313735485076897 0.87879335880279552 0.48421967029571539 5.0716364383697519 0.095708098262548461 -0.038702707737684243 0.20907917618751529 -0.22089647501707074 -0.0019750137580558653 -0.70493048429489125 7.4846496582031259 5.9788730144500741 0.13860900700092318 -0.36491155624389643 0.0095102037303149718 4.5002539157867441 0.81806749105453502 1.0000000180025095e-35 0.059658171609044082 0.028136431239545349 1.0000000180025095e-35
decision_type=10 10 10 10 10 10 10 10 10 10 10 10 2 10 10 10 10 10 10 2 2 10 8 10 2 10 2 10 10 8
left_child=2 -2 11 5 -5 7 -7 -4 -9 -10 -11 15 13 -13 -15 22 18 -18 20 -20 21 -17 23 -1 29 26 28 -28 -26 -25
right_child=1 -3 3 4 -6 6 -8 8 9 10 -12 12 -14 14 -16 16 17 -19 19 -21 -22 -23 -24 24 25 -27 27 -29 -30 -31
leaf_value=-0.0043037384618917077 -0.0029861055256197606 0.00052707064407677285 -0.0016592339407184556 0.00083863426573073949 -0.0029289147190824016 -0.00049959847496260372 0.0026795491687098983 0.0015922613619379329 -0.0025262365761373525 -0.00066689075086586184 0.0024451007810111919 0.0037612842668852935 -0.00057525598018294923 -0.0016320531942707441 0.0031140953062513905 0.0015660046429112791 0.0057136547628844313 -0.0021105727931130208 -0.00014392557106786207 -0.0023828349271149008 0.00219728287875065 -0.00080970685884743728 3.7301107573980975e-06 2.80438155649064e-05 -5.468187894991841e-05 -0.0033553627788142516 -0.00021660283006628311 0.0022775124417769208 -0.0017091097489514012 0.0017219856844241017
leaf_weight=560 515 506 921 670 1196 743 764 565 736 1178 756 1008 745 512 561 616 796 505 595 617 670 726 273473 2111 552 656 638 923 555 635
leaf_count=560 515 506 921 670 1196 743 764 565 736 1178 756 1008 745 512 561 616 796 505 595 617 670 726 273473 2111 552 656 638 923 555 635
internal_value=-6.75644e-06 -0.00518914 1.13562e-05 -0.00181058 -0.00628998 -0.000326106 0.00438365 -0.00204033 0.000107858 -0.00182836 0.00133745 5.91378e-05 0.00405501 0.00686275 0.00281625 1.93228e-05 0.00270121 0.00888635 0.000185529 -0.00752864 0.00484669 0.00140533 -2.40974e-05 -0.00231928 -0.00121711 -0.00419916 -0.000634802 0.00442393 -0.00774396 0.00239478
internal_weight=296004 1021 294983 7529 1866 5663 1507 4156 3235 2670 1934 287454 2826 2081 1073 284628 4525 1301 3224 1212 2012 1342 280103 6630 6070 3324 2668 1561 1107 2746
internal_count=296004 1021 294983 7529 1866 5663 1507 4156 3235 2670 1934 287454 2826 2081 1073 284628 4525 1301 3224 1212 2012 1342 280103 6630 6070 3324 2668 1561 1107 2746
is_linear=0
shrinkage=0.05


Tree=285
num_leaves=31
num_cat=0
split_feature=10 69 9 54 54 60 33 24 73 54 10 11 70 54 69 11 17 19 69 11 0 60 67 5 36 64 73 11 64 19
split_gain=10.3118 39.7871 9.63609 23.4256 34.3834 25.6624 39.6482 25.3017 25.0465 18.9691 18.7185 17.0977 10.0783 26.3859 47.0141 33.5377 35.696 28.8875 47.0135 37.1271 28.5468 28.634 54.2791 51.6581 36.4798 33.3306 29.9016 29.6312 28.5228 28.4718
threshold=-0.74914720654487599 0.018368669785559181 1.7679771184921267 7.0012910366058358 5.6854317188262948 -0.04208071902394294 5.5451524257659921 1.4203628301620486 0.80663076043128978 3.6321768760681157 3.1515005826950078 4.1917753219604501 -0.078061200678348527 4.0709905624389657 0.011958587914705278 -0.15670020133256909 0.019945255480706695 -0.1793778911232948 0.019463088363409046 -0.32571274042129511 0.051658282056450851 -0.077456101775169359 0.19585347920656207 inf 16.375545501708988 -0.17314180731773374 0.057171931490302093 0.31151796877384191 -0.058885186910629266 0.012013810686767103
decision_type=8 10 10 2 2 10 10 10 10 2 10 8 8 2 10 10 10 8 10 10 10 10 10 8 2 8 10 10 10 8
left_child=1 -1 10 4 5 6 -4 8 9 -7 12 -9 13 14 15 29 -17 18 -16 -20 21 23 26 24 25 -15 -23 -24 -28 -2
right_child=2 -3 3 -5 -6 7 -8 11 -10 -11 -12 -13 -14 20 17 16 -18 -19 19 -21 -22 22 27 -25 -26 -27 28 -29 -30 -31
leaf_value=0.0038995887740807646 0.0011221000984253024 -0.00090242824144955245 -0.0034913485301973027 -0.0017289312892030395 0.0013942683485980052 0.001308677349321305 0.00024854825973429296 -0.002953633347123342 0.0030340054762968294 -0.0018455652193098311 0.0013309002426555904 0.00014958267298451172 -2.7059330409348691e-05 -0.0021083564697735855 -0.00029986810176631587 0.013246612956048807 0.001143560841713645 -2.8394089804533679e-05 0.00078574855235390118 0.0035109561301102685 -0.0010914079858712141 -0.002369856610506794 0.00014340972435588595 -0.0017211895724924251 0.00042101274755388594 0.00018836075973536459 -0.0013986994601946382 -0.00085475218921851203 -7.2482963187190706e-05 -0.0019832646612473401
leaf_weight=517 1894 502 719 594 517 504 612 625 1190 747 648 540 236645 589 1677 1070 576 16492 1266 812 1590 1061 7909 503 10598 755 588 2026 1526 502
leaf_count=517 1894 502 719 594 517 504 612 625 1190 747 648 540 236645 589 1677 1070 576 16492 1266 812 1590 1061 7909 503 10598 755 588 2026 1526 502
internal_value=-8.89102e-05 0.00490768 -0.000106349 -0.00207989 -0.00104319 -0.00233475 -0.00824012 -0.000138274 0.00275398 -0.00218081 -6.4938e-05 -0.00617021 -8.41754e-05 0.000550113 0.00174699 0.00666338 0.0121377 0.000762699 0.00471448 0.00972222 -0.000521083 -0.000115392 -0.00174543 0.00160177 0.0022674 -0.00546529 -0.00742543 7.54148e-05 -0.0039548 0.00286783
internal_weight=295794 1019 294775 6048 5454 4937 1331 3606 2441 1251 288727 1165 288079 51434 24289 4042 1646 20247 3755 2078 27145 25555 13110 12445 11942 1344 3175 9935 2114 2396
internal_count=295794 1019 294775 6048 5454 4937 1331 3606 2441 1251 288727 1165 288079 51434 24289 4042 1646 20247 3755 2078 27145 25555 13110 12445 11942 1344 3175 9935 2114 2396
is_linear=0
shrinkage=0.05


Tree=286
num_leaves=31
num_cat=0
split_feature=17 69 75 75 11 54 33 11 71 46 64 74 11 52 33 74 54 54 65 41 35 54 8 75 75 54 27 7 16 75
split_gain=10.3539 34.3342 31.1024 25.1211 52.4293 44.032 51.8471 40.9822 45.4741 35.3153 27.7734 26.7095 37.8771 29.8742 28.3283 46.717 26.4858 21.0965 40.3426 20.037 24.9585 21.3577 20.0132 19.9214 34.1195 23.4092 33.0257 23.2457 22.0497 19.7444
threshold=-0.13964457809925077 0.0083621535450220125 0.049317969009280212 0.51456737518310558 -0.43522927165031428 4.8746626377105722 0.2599142342805863 -0.248458057641983 -0.074598543345928178 3.5000000000000004 -0.00071954727172851552 0.33440318703651434 -0.17916074395179746 10.500000000000002 1.6545346379280093 0.069478757679462447 6.600074529647828 0.47933015227317816 0.044982254505157478 0.045673817396163947 26.464832305908207 4.276874542236329 -0.39610430598258967 0.8940795660018922 0.96928742527961742 2.6806789636611943 0.42271697521209722 -0.47904707491397852 0.053101098164916045 0.98356068134307872
decision_type=8 10 10 10 8 2 10 10 8 10 8 10 8 10 10 10 2 2 8 10 2 2 10 10 8 2 10 10 8 10
left_child=1 -1 -3 4 -4 6 9 8 -7 10 -6 14 16 -14 19 -16 -13 18 -2 21 -21 -5 -8 25 28 26 -22 -27 -25 -19
right_child=17 2 3 11 5 7 22 -9 -10 -11 -12 12 13 -15 15 -17 -18 29 -20 20 23 -23 -24 24 -26 27 -28 -29 -30 -31
leaf_value=-0.0039462744695113149 -0.00061996900278873143 0.0013801576419241943 0.00047760347470419859 -0.0012865031795379839 -0.00014309135866914926 0.00018437825246284714 -0.002386064000360782 -0.0018992256806835734 -0.0017004952190180504 0.00070305083154178572 -0.0015815053121974701 0.00071592485062479949 0.00047259637589409654 -0.0017027991713776767 0.00078513423789119963 -0.0019896278557730812 0.0045350867789294451 1.3994589000096685e-05 0.0084855880954693135 0.00043761990519666089 0.00018552383275736561 0.00015938244418237034 -0.00052077725267716689 -0.00063399951605164174 0.00053675806661060703 0.0016616508913147136 -0.0029207406968970468 0.00012987758720121712 -0.0037339627127882199 -0.0008031772239881275
leaf_weight=560 570 530 1717 711 2438 1208 652 847 1246 2163 502 763 3317 561 729 1232 516 256000 602 6274 922 507 517 1238 1191 555 505 3186 561 3133
leaf_count=560 570 530 1717 711 2438 1208 652 847 1246 2163 502 763 3317 561 729 1232 516 256000 602 6274 922 507 517 1238 1191 555 505 3186 561 3133
internal_value=-5.246e-06 -0.000810626 -0.000609862 -0.000798403 -0.00272566 -0.00416884 -0.00170328 -0.00883419 -0.00551948 0.000479171 -0.00308475 0.000158047 0.00331914 0.000848765 -0.000768969 -0.00641806 0.0107448 0.000103528 0.00676819 -5.74713e-05 0.000463925 -0.00618893 -0.0111535 -0.00135896 -0.0046 0.000521437 -0.00490605 0.00259931 -0.00892758 7.31256e-05
internal_weight=295453 35148 34588 34058 11290 9573 6272 3301 2454 5103 2940 22768 5157 3878 17611 1961 1279 260305 1172 15650 14432 1218 1169 8158 2990 5168 1427 3741 1799 259133
internal_count=295453 35148 34588 34058 11290 9573 6272 3301 2454 5103 2940 22768 5157 3878 17611 1961 1279 260305 1172 15650 14432 1218 1169 8158 2990 5168 1427 3741 1799 259133
is_linear=0
shrinkage=0.05


Tree=287
num_leaves=31
num_cat=0
split_feature=1 60 73 54 60 17 66 17 66 62 59 70 41 43 13 33 49 63 28 33 54 43 36 69 54 69 11 11 32 11
split_gain=15.6846 21.9897 21.5152 31.4249 38.1169 34.8297 32.9034 34.5782 31.9707 28.5395 26.4377 24.4912 23.0408 22.4588 21.9885 21.8287 20.9788 28.8418 19.765 50.9309 58.6167 75.0482 49.1377 71.8383 42.758 57.8843 54.921 48.7173 36.6204 39.4774
threshold=-0.037031507119536393 -0.06209146045148372 0.33305715024471289 4.6957874298095712 -0.16146858036518094 -0.18005853146314618 -0.32772420346736902 -0.12540679425001142 -0.36846095323562617 -0.050890117883682244 -0.099414408206939683 -0.068051062524318681 0.058554906398057945 0.52023532986640941 -0.11137910932302474 1.5385404825210574 0.0018181928899139168 -0.15560805797576902 0.2798991203308106 1.9566537141799929 6.7329792976379403 0.55042967200279247 3.1313318014144902 0.018430895172059539 6.4616401195526132 0.019885400310158733 -0.38702639937400812 -0.092852663248777376 -0.64991053938865651 -0.2809446901082992
decision_type=10 10 10 2 10 10 10 8 10 10 10 8 10 10 10 8 2 8 8 10 2 10 2 10 2 10 8 10 10 8
left_child=1 2 3 4 5 -1 7 12 -6 15 -7 -9 -5 -12 -13 -8 17 -4 19 20 22 28 23 -2 -24 26 -26 -28 -22 -30
right_child=18 -3 16 6 8 10 9 11 -10 -11 13 14 -14 -15 -16 -17 -18 -19 -20 -21 21 -23 24 -25 25 -27 27 -29 29 -31
leaf_value=0.00067812533429441205 0.0013471951238869918 -7.3955924347480359e-05 -0.0015548203729729626 0.002363275009871527 0.0021142086356322151 0.00016732713422806662 0.0013446835568542569 -0.00072444264525306208 0.00021310566483977525 0.00074141483485650958 -3.066138050338387e-05 -0.00027617022574991291 0.00046708130538005989 -0.0016498633045159044 0.001450777485773957 0.006222750029452071 0.00028232468796285311 -2.0399795096501597e-06 2.3461680141476963e-05 -0.0010010945305225522 -0.0010840167706639453 0.00024196962628327459 -0.00014735264382575061 -0.00074467096984038488 -0.0011441761690166653 -0.0013652832628732764 0.00071758266122244575 -0.00093548516854207462 0.00041747946885401931 -0.00026287979064968243
leaf_weight=2434 2472 20997 1459 516 1044 1299 506 1242 2024 1649 584 720 540 1421 532 593 7990 5336 150288 3726 1214 16546 61095 1375 562 1511 1238 651 1416 3381
leaf_count=2434 2472 20997 1459 516 1044 1299 506 1242 2024 1649 584 720 540 1421 532 593 7990 5336 150288 3726 1214 16546 61095 1375 562 1511 1238 651 1416 3381
internal_value=8.43537e-07 0.00079967 0.00167062 0.00299722 0.00106624 -0.0013396 0.00569119 0.0025 0.00555556 0.0097897 -0.00467713 -0.00071885 0.0100375 -0.00826303 0.00419968 0.0160054 0.000314295 -0.00172667 -0.000164776 -0.000728489 -0.000494692 0.00171711 -0.00121891 0.00426497 -0.00154379 -0.006571 -0.00180821 0.00229068 -0.00306428 -0.00109216
internal_weight=296361 50886 29889 15104 8806 5738 6298 3550 3068 2748 3304 2494 1056 2005 1252 1099 14785 6795 245475 95187 91461 22557 68904 3847 65057 3962 2451 1889 6011 4797
internal_count=296361 50886 29889 15104 8806 5738 6298 3550 3068 2748 3304 2494 1056 2005 1252 1099 14785 6795 245475 95187 91461 22557 68904 3847 65057 3962 2451 1889 6011 4797
is_linear=0
shrinkage=0.05


Tree=288
num_leaves=31
num_cat=0
split_feature=12 65 18 43 50 69 54 59 41 69 33 54 10 43 65 33 54 67 63 43 40 60 65 69 66 17 66 60 54 53
split_gain=12.5472 23.7159 27.294 28.3179 23.5593 19.3343 20.6285 17.334 41.6238 22.9569 22.3477 26.1374 21.7197 20.7843 21.8437 20.7164 24.4076 19.0767 22.5433 19.8734 15.9434 49.484 62.2006 116.342 56.1087 69.9291 52.4711 51.8976 51.3275 45.1589
threshold=0.082268144935369505 -0.27312594652175898 -0.10671709105372428 0.51025000214576732 0.016388424672186378 0.045536998659372337 8.6910204887390154 -0.0093712545931339247 0.094216793775558486 0.019463088363409046 1.8655802607536318 5.4808056354522714 1.1881871819496157 1.6847952008247378 0.28396511077880865 0.83466225862503063 5.2630786895751962 0.18604275584220889 0.14116358757019046 1.363086521625519 0.028179989196360115 -0.019729609601199623 0.079296886920928969 0.031319145113229759 -0.23755589872598645 -0.0078249904327094538 -0.37211818993091578 -0.0099287433549761755 5.9215650558471689 1.0000000180025095e-35
decision_type=8 8 8 10 2 10 2 8 8 10 10 2 10 10 10 10 2 10 10 10 8 10 10 10 10 10 8 10 2 10
left_child=20 4 3 -3 -2 6 7 8 15 -10 13 17 -13 14 -9 -4 -17 -12 -19 -20 21 22 24 -24 25 26 -1 29 -27 -23
right_child=1 2 5 -5 -6 -7 -8 10 9 -11 11 12 -14 -15 -16 16 -18 18 19 -21 -22 27 23 -25 -26 28 -28 -29 -30 -31
leaf_value=-0.0004602846043265944 -0.00018074370737154312 0.0011663433990417205 -0.00073143588731936805 -0.00080918833809944803 0.0014176876085854201 0.0015809658716199532 0.00080631962799942796 -1.8921766854878145e-05 -0.0030472886017827434 -0.00056389269285869736 0.0065053829086554162 0.00076553707526948872 -0.0027405087006030135 -0.001580659599063597 -0.0015198133114373354 -0.0001554232778095653 0.0026015872514088398 -0.0001879181538902028 0.0046354996213871487 0.00061515121264543314 5.2685106709670845e-05 -0.0011362277864827811 0.00014533135567376608 0.0018946367518395903 -0.00064591591500131034 -2.2749504714449781e-05 3.2112364391098093e-05 -9.5382490715062446e-05 0.00055760189872536595 0.00085604312834137867
leaf_weight=3604 1237 625 1036 6384 1522 986 860 11502 1200 946 522 588 533 1499 990 1135 566 1727 752 720 176631 3577 3341 1019 3409 2210 27996 33922 3624 767
leaf_count=3604 1237 625 1036 6384 1522 986 860 11502 1200 946 522 588 533 1499 990 1135 566 1727 752 720 176631 3577 3341 1019 3409 2210 27996 33922 3624 767
internal_value=-1.69239e-06 -0.000885682 -0.00126301 -0.00402479 0.00355724 -0.000504458 -0.000780932 -0.00105791 -0.00370938 -0.00890538 -0.000368837 0.00255565 -0.00411141 -0.00138204 -0.000711886 0.000382235 0.00376973 0.00456982 0.00310065 0.00762483 0.000118411 -0.000451012 0.000669055 0.00633867 6.24189e-05 0.000622263 -0.000306865 -0.00177396 0.00564682 -0.00691318
internal_weight=295430 35330 32571 7009 2759 25562 24576 23716 4883 2146 18833 4842 1121 13991 12492 2737 1701 3721 3199 1472 260100 83469 45203 4360 40843 37434 31600 38266 5834 4344
internal_count=295430 35330 32571 7009 2759 25562 24576 23716 4883 2146 18833 4842 1121 13991 12492 2737 1701 3721 3199 1472 260100 83469 45203 4360 40843 37434 31600 38266 5834 4344
is_linear=0
shrinkage=0.05


Tree=289
num_leaves=31
num_cat=0
split_feature=8 33 34 27 33 54 54 38 7 54 42 55 54 54 54 48 65 42 59 48 42 49 68 18 55 67 38 65 16 54
split_gain=14.4469 35.7323 47.4696 38.6842 47.3596 47.1914 50.9821 57.0877 44.463 78.7226 72.5405 105.813 84.428 83.9607 63.2192 58.1622 48.3453 43.9719 39.478 34.0246 30.9744 30.701 30.5443 68.8018 46.9613 40.3564 30.404 50.8994 29.2016 28.5123
threshold=0.18311084061861041 1.4615549445152285 0.11231024935841562 2.4189176559448247 7.0582518577575692 1.7825501561164858 1.955152750015259 0.81643876433372509 0.14492835849523547 4.6042199134826669 0.03993236459791661 1.0000000180025095e-35 8.5302562713623065 6.5252423286437997 6.0676496028900155 0.016878446564078334 0.17494040727615359 0.03111189138144255 -0.0030816830694675441 0.029722550883889202 0.088727146387100234 0.048810269683599479 0.17058761417865756 -0.007133667590096592 1.0000000180025095e-35 0.39962810277938848 0.3087256401777268 0.11770951747894288 2.0365294218063359 3.1740876436233525
decision_type=8 8 10 10 10 2 2 8 10 2 10 2 2 2 2 2 8 8 10 2 10 2 10 10 2 10 8 8 10 2
left_child=22 2 -2 5 18 26 7 -7 9 15 11 14 13 -13 -11 -8 -12 -16 -5 -15 -18 -22 25 -24 -25 -1 -3 -28 -6 -17
right_child=1 3 -4 4 28 6 8 -9 -10 10 16 12 -14 19 17 29 20 -19 -20 -21 21 -23 23 24 -26 -27 27 -29 -30 -31
leaf_value=2.2135969999112842e-05 0.0021789145187368574 0.0038481683835503463 -0.00038117649294898003 -0.0027904883067933354 0.002921609937110688 -0.0027490004333737103 0.0014176581079466428 0.00068998787369119673 0.00046321785737015505 -0.0011006198176767722 -0.00048116401525044979 -2.9452000172229542e-05 0.00038880122610608636 -0.0035101418492989736 0.0018689911183074938 -0.00051765926957985373 0.0012819567490197671 0.00064093229772533363 -0.00039447496332095362 -0.0019249801631563924 -0.00015688563509364472 0.0027693961182749765 -0.0016645194483690205 -0.00068084327847179541 0.00055814273049234323 0.00075379999203991439 -0.0019264313990292302 0.002206573291228617 -0.0010353990151519056 -0.0015564496409230921
leaf_weight=210778 564 508 27181 1553 562 792 1206 513 19738 1232 2014 583 861 830 510 3410 4599 1197 1298 522 2295 670 641 1159 638 1298 708 2940 551 5049
leaf_count=210778 564 508 27181 1553 562 792 1206 513 19738 1232 2014 583 861 830 510 3410 4599 1197 1298 522 2295 670 641 1159 638 1298 708 2940 551 5049
internal_value=-1.38322e-05 -0.000578783 -0.00203747 0.000168972 -0.00457977 0.000544962 8.36393e-05 -0.00961977 0.000368913 -0.0010325 0.00119755 -0.0032463 -0.0101924 -0.015964 0.00337403 -0.00456331 0.00385899 0.00958066 -0.00798672 -0.0227606 0.00569052 0.00169748 0.000201842 -0.00535131 -0.000304372 0.00026593 0.0056409 0.00401859 0.00414069 -0.00602787
internal_weight=296400 81886 27745 54141 3964 50177 46021 1305 44716 24978 15313 5735 2796 1935 2939 9665 9578 1707 2851 1352 7564 2965 214514 2438 1797 212076 4156 3648 1113 8459
internal_count=296400 81886 27745 54141 3964 50177 46021 1305 44716 24978 15313 5735 2796 1935 2939 9665 9578 1707 2851 1352 7564 2965 214514 2438 1797 212076 4156 3648 1113 8459
is_linear=0
shrinkage=0.05


Tree=290
num_leaves=31
num_cat=0
split_feature=25 43 67 61 74 26 14 40 40 32 29 53 63 32 42 63 26 2 11 34 26 60 57 72 8 60 66 41 40 35
split_gain=11.2124 37.045 29.9896 32.9778 36.0821 32.1523 26.422 44.1393 28.7199 26.1449 25.9168 25.2475 24.8376 31.7242 28.4817 22.8067 21.9514 22.6068 20.6573 19.6998 22.8524 17.6707 18.9819 17.2595 16.5541 15.6999 15.5933 20.3391 19.7841 15.5889
threshold=0.82192757725715648 0.32425172626972204 0.058803495019674308 0.025861263275146488 0.093979191035032286 -0.095564208924770341 0.090417839586734786 0.019549307413399223 0.042777288705110557 -0.46101857721805567 -0.069366671144962297 0.13392857462167743 -0.042432188987731927 -0.11407371982932089 0.07644121348857881 -0.069124400615692125 -0.074233423918485628 0.14874616265296939 0.21898022294044497 0.71143877506256115 -0.016659130342304703 -0.094850320369005189 0.44969122111797338 0.68198743462562572 -0.079988222569227205 0.15219037979841235 -0.1421290040016174 0.062604371458292021 0.089566480368375792 45.619358062744148
decision_type=10 8 8 10 8 10 10 10 10 8 10 10 8 8 10 10 10 10 10 8 10 10 2 10 8 10 10 10 10 2
left_child=-1 9 5 4 -4 -3 7 19 10 -2 23 21 13 14 -5 -7 25 -18 -12 20 -6 22 -10 -8 -9 -14 -23 -28 -29 -11
right_child=1 2 3 12 6 15 8 24 11 29 18 -13 16 -15 -16 -17 17 -19 -20 -21 -22 26 -24 -25 -26 -27 27 28 -30 -31
leaf_value=-1.6742560832220569e-05 -0.00019455331377967938 -0.00027409763639054622 0.0031664254591926679 -0.00064320733915356268 -0.00055351461495346929 0.00050712162356126059 -0.0011032819521035549 -0.00024103761013502881 -0.0022047377235054687 0.00048937362870609151 0.00030885087653000288 -0.0019586143984516788 -0.00012156760976321825 0.0040179206359001714 0.0014693538668133018 0.0012573817677448348 0.00056125522601378915 -7.6083932305807963e-05 -0.0019515947978147362 -0.0010277449148213406 0.00023265431266712017 0.0005226267103098153 -4.0087884160896174e-05 -0.0027893697862435996 0.00066598122340741925 -0.0015865073333449062 -0.001532318590698363 0.0018146160063329795 -0.0010812242528867224 0.0020733612087324733
leaf_weight=256452 753 718 579 547 1065 869 615 1413 736 507 737 665 4095 526 501 531 5422 3817 583 511 806 2494 863 644 4173 552 1293 866 940 1450
leaf_count=256452 753 718 579 547 1065 869 615 1413 736 507 737 665 4095 526 501 531 5422 3817 583 511 806 2494 863 644 4173 552 1293 866 940 1450
internal_value=-1.91051e-05 0.000767547 0.000348637 -7.25626e-06 -0.00140315 0.00610902 -0.00179211 0.000376034 -0.0034463 0.00639706 -0.00801468 -0.00193848 0.00170653 0.00763889 0.00255198 0.0104965 0.00102907 0.0024381 -0.00308271 -0.00530936 -0.0028974 -0.00106915 -0.00568676 -0.0131206 0.00280558 -0.00177153 0.00025879 -0.00210679 0.00132159 0.0094306
internal_weight=295723 39271 36561 34443 18983 2118 18404 7968 10436 2710 2579 7857 15460 1574 1048 1400 13886 9239 1320 2382 1871 7192 1599 1259 5586 4647 5593 3099 1806 1957
internal_count=295723 39271 36561 34443 18983 2118 18404 7968 10436 2710 2579 7857 15460 1574 1048 1400 13886 9239 1320 2382 1871 7192 1599 1259 5586 4647 5593 3099 1806 1957
is_linear=0
shrinkage=0.05


Tree=291
num_leaves=31
num_cat=0
split_feature=73 11 43 67 18 15 5 64 58 54 66 43 24 16 66 59 40 27 63 32 54 18 75 58 69 64 43 4 2 69
split_gain=12.2927 23.8422 42.8084 35.5555 59.8422 26.0951 24.278 24.0618 28.7708 51.1092 38.5892 32.319 28.5924 24.5429 21.2365 20.3686 20.5604 20.3096 19.6577 19.4001 18.529 20.5235 16.5441 15.921 26.7089 17.6838 14.9521 12.871 12.5405 22.0107
threshold=0.9216136932373048 4.8089613914489755 1.9270681738853457 0.22563259303569796 0.16915000230073932 0.671124428510666 0.91084039211273204 0.021802425384521488 0.31127643585205084 5.9215650558471689 -0.32551202178001398 0.82907396554946911 0.15089648216962817 0.2769999653100968 -0.12575253844261167 -0.0032929391600191589 0.067580718547105803 0.26986281573772436 0.048096358776092536 -0.2717351615428924 7.3068702220916757 -0.022071969695389267 0.91700100898742687 0.24554756283760074 0.018777627497911457 -0.11725482344627379 1.1657677292823794 0.19629931449890139 -0.010100756306201218 0.0132376397959888
decision_type=10 8 8 8 8 8 10 10 2 2 10 10 10 10 10 10 10 10 10 8 2 10 10 2 10 10 10 10 8 10
left_child=28 6 3 4 19 20 7 8 9 17 12 -10 -11 -9 -7 27 -17 -2 -8 -3 21 -5 26 24 25 -19 -15 -13 29 -1
right_child=1 2 -4 5 -6 14 18 13 11 10 -12 15 -14 22 -16 16 -18 23 -20 -21 -22 -23 -24 -25 -26 -27 -28 -29 -30 -31
leaf_value=0.00016702167914219631 -0.00024567461064228699 -0.0013668093858696395 0.0028329887313487592 -0.0021740982983430661 -0.0048323201689215774 0.0020516628699241042 -0.0031960968481658325 0.0032674510820901235 0.0016309550971482234 0.00054685406701091184 0.00020735377453736574 -0.00016348070566767176 0.0032034969887044934 0.0017827766424262357 -0.00027386758398412274 -0.0016136794646382326 0.0011296358395880904 -0.001986861742537871 0.00029886720420519434 0.0015759319601352515 0.00055770219137370733 0.00012177568411290991 0.0061487950033703 0.0016296781929863949 0.0019438890525271834 0.00066744018298810323 -0.00071343968885467866 -0.0015825714318758845 -5.0644316039224343e-05 -1.7574626230823163e-05
leaf_weight=33078 2146 602 863 999 671 1017 520 919 908 529 584 889 517 704 672 555 923 591 708 596 537 629 643 912 991 506 1200 1388 134454 105905
leaf_count=33078 2146 602 863 999 671 1017 520 919 908 529 584 889 517 704 672 555 923 591 708 596 537 629 643 912 991 506 1200 1388 134454 105905
internal_value=-2.3973e-05 0.00109332 -0.00144027 -0.0030089 -0.00864822 -0.000258799 0.00212786 0.00268522 0.00157656 0.00365458 0.0113415 -0.00144447 0.0170455 0.00632911 0.00438493 -0.0034927 0.00107527 0.00120248 -0.0046042 -0.00190397 -0.00388506 -0.00653236 0.00377395 0.00385382 0.00142993 -0.00392954 0.00141066 -0.0064495 -0.000116842 0.000216198
internal_weight=296156 22719 6586 5723 1869 3854 16133 14905 11439 6776 1630 4663 1046 3466 1689 3755 1478 5146 1228 1198 2165 1628 2547 3000 2088 1097 1904 2277 273437 138983
internal_count=296156 22719 6586 5723 1869 3854 16133 14905 11439 6776 1630 4663 1046 3466 1689 3755 1478 5146 1228 1198 2165 1628 2547 3000 2088 1097 1904 2277 273437 138983
is_linear=0
shrinkage=0.05


Tree=292
num_leaves=31
num_cat=0
split_feature=63 42 42 32 69 54 66 65 69 10 33 72 54 20 50 54 11 58 42 20 69 35 58 32 41 24 42 32 33 19
split_gain=10.8617 27.7085 25.876 25.7148 32.1563 24.2288 54.2809 78.7576 85.8106 47.9164 43.4578 41.8324 37.7624 30.6767 28.9306 26.24 45.8262 50.5067 85.654 62.4684 42.6639 33.4134 46.8263 36.9043 32.2435 30.8239 36.7847 45.7477 45.853 34.7043
threshold=-0.094224959611892686 0.0054668239317834386 0.25090752542018896 -0.18515750020742414 0.018919004127383236 2.0800662040710454 -0.35274183750152582 0.10245114564895631 0.017707170918583873 -0.11941685900092124 0.15321660041809085 0.53082612156867992 1.3825365304946902 -0.41082157194614405 0.0084752948023378866 6.8026726245880136 -0.18846200406551358 0.15387627482414248 0.078222118318080916 -0.070988327264785753 0.01308081950992346 60.849544525146491 0.12960062921047213 -0.22712050378322599 0.052117934450507171 1.1475754976272585 0.05480636656284333 -0.49464094638824457 0.29702104628086096 -0.18378399312496183
decision_type=10 8 8 10 10 2 8 8 10 10 8 8 2 8 2 2 8 2 10 10 10 2 2 8 8 10 8 8 10 10
left_child=1 -1 -2 5 -5 6 9 8 -8 10 -3 -12 14 -7 -9 25 17 18 20 -19 -17 22 24 -24 -18 26 27 29 -29 -15
right_child=2 3 -4 4 -6 13 7 12 -10 -11 11 -13 -14 15 -16 16 21 19 -20 -21 -22 -23 23 -25 -26 -27 -28 28 -30 -31
leaf_value=-0.0009426554124866975 -2.3142694638816726e-05 0.00057584034766182846 -0.00098442994419402916 -3.2659590416611421e-05 0.0011831447963324185 0.0013375327457976955 0.00028139301285230983 0.0039962979857196363 0.0033962406255713287 -0.0016597953360483961 -0.0019602831552881215 0.00062614051749304794 -0.00075252189692021326 -0.00032708180196347323 -0.00048053900372789195 0.0012876079632113129 -4.7947113627031402e-05 -0.0011983470400352275 0.0042566868229590576 0.00034795910599718359 6.014386978210008e-05 0.00070817065501706244 -0.00030843663919243941 0.0012062854438649108 -0.0016032897272121643 -0.0027728762677360552 5.8625854719192295e-05 8.8416791214347104e-06 -0.0017052651260752599 -0.0016993043472959169
leaf_weight=547 219337 1882 4633 1831 2317 3194 800 1048 1092 634 811 626 1912 2086 520 660 1888 613 1031 984 2638 1990 767 733 2195 612 25241 9802 1562 1825
leaf_count=547 219337 1882 4633 1831 2317 3194 800 1048 1092 634 811 626 1912 2086 520 660 1888 613 1031 984 2638 1990 767 733 2195 612 25241 9802 1562 1825
internal_value=-0.000108343 0.000426577 -0.000279936 0.000513295 0.004329 0.000276967 0.0026406 0.00590858 0.0140904 -0.00180419 0.000615801 -0.00590878 0.00143266 -0.000104615 0.00716096 -0.00038344 0.00152861 0.00481806 0.00761696 -0.00276914 0.0036578 -0.0010484 -0.00303057 0.00450331 -0.00580259 -0.00101123 -0.000841435 -0.00277723 -0.00116933 -0.00743433
internal_weight=295811 71841 223970 71294 4148 67146 9325 5372 1892 3953 3319 1437 3480 57821 1568 54627 13499 5926 4329 1597 3298 7573 5583 1500 4083 41128 40516 15275 11364 3911
internal_count=295811 71841 223970 71294 4148 67146 9325 5372 1892 3953 3319 1437 3480 57821 1568 54627 13499 5926 4329 1597 3298 7573 5583 1500 4083 41128 40516 15275 11364 3911
is_linear=0
shrinkage=0.05


Tree=293
num_leaves=31
num_cat=0
split_feature=28 54 33 29 11 65 66 72 11 55 38 38 54 66 43 75 32 32 11 33 65 42 60 54 32 74 19 66 54 72
split_gain=11.1313 51.0682 79.8917 102.413 80.5555 70.8076 61.6092 76.7486 61.3862 48.5831 74.3449 57.5728 41.1393 43.5369 41.0324 42.755 52.4073 36.6297 68.0534 65.9557 77.327 59.8176 40.8735 48.4108 36.5451 35.0816 34.1983 91.1814 67.8274 80.8936
threshold=0.25475823879241949 6.7329792976379403 1.6545346379280093 -0.21956087648868558 -0.27475032210350031 0.043937563896179206 -0.17551096528768537 0.13629100471735003 -0.20712334662675855 1.0000000180025095e-35 0.34463727474212652 0.4047620445489884 8.0361690521240252 -0.33303888142108912 0.50510084629058849 0.4989896714687348 -0.34498395025730128 -0.59683877229690541 -0.40822523832321161 2.6425034999847417 -0.23580798506736753 0.032493563368916518 -0.049221385270357125 4.3921005725860605 -0.72583937644958485 0.64775121212005626 -0.17503055930137632 -0.22318857163190839 6.3982536792755136 0.44645234942436224
decision_type=8 2 10 8 8 10 10 10 10 2 8 10 2 10 10 10 8 8 10 10 8 10 10 2 10 8 8 10 2 10
left_child=1 -1 3 4 9 8 7 -4 -5 10 12 -11 13 -3 -6 16 -16 18 19 20 24 -22 -20 -24 -2 -7 27 28 -19 -30
right_child=17 2 6 5 14 25 -8 -9 -10 11 -12 -13 -14 -15 15 -17 -18 26 22 -21 21 -23 23 -25 -26 -27 -28 -29 29 -31
leaf_value=-0.00014032454461416219 -0.0015415488160198108 0.001333042855598412 -0.002686315026393233 -0.0013151292739180501 -0.00052646575795897959 -0.00021759954604378616 0.00024664548200288192 -0.00023108235039186675 -0.00014157648815194858 0.00060456814908056483 -0.0010836508404947337 0.007773382493414813 -6.0781602631751826e-05 -2.8280969677626623e-05 -0.00038277281474950276 0.00092576324048626319 0.00033247912085087439 0.00022482221465138972 0.00030352988307368479 -0.005921965812394017 0.0019688804651035938 0.00023728249405694375 0.0052616419776516368 -0.00031745029653544924 -0.00018375615890322663 0.00040233695837462103 2.0986765132994471e-05 -0.0011339348109873065 -0.0016579934949451606 -0.00010156381159983283
leaf_weight=83795 858 1636 568 1228 1861 1263 906 583 2193 2416 852 564 877 530 2858 2824 3286 8691 1827 505 1288 6325 2341 508 1534 1947 155401 2809 1121 2261
leaf_count=83795 858 1636 568 1228 1861 1263 906 583 2193 2416 852 564 877 530 2858 2824 3286 8691 1827 505 1288 6325 2341 508 1534 1947 155401 2809 1121 2261
internal_value=-8.79371e-05 -0.000485948 0.00143171 0.00223249 0.004217 -0.0030643 -0.00800677 -0.0156331 -0.00805887 0.0084459 0.00475032 0.0132441 0.00840157 0.0120864 0.00152689 0.00292938 0.000584985 0.000148534 0.00250066 0.00026616 0.00116326 0.00362718 0.00751174 0.0112452 -0.00666112 0.00226708 -6.13648e-05 -0.00235026 -0.000459323 -0.00645637
internal_weight=295656 110187 26392 24335 17704 6631 2057 1151 3421 6875 3895 2980 3043 2166 10829 8968 6144 185469 15186 10510 10005 7613 4676 2849 2392 3210 170283 14882 12073 3382
internal_count=295656 110187 26392 24335 17704 6631 2057 1151 3421 6875 3895 2980 3043 2166 10829 8968 6144 185469 15186 10510 10005 7613 4676 2849 2392 3210 170283 14882 12073 3382
is_linear=0
shrinkage=0.05


Tree=294
num_leaves=31
num_cat=0
split_feature=33 54 54 53 64 60 18 60 55 16 42 69 53 60 65 65 32 42 55 32 54 54 29 41 69 32 18 58 68 55
split_gain=10.6944 47.9944 86.8503 89.7489 79.2881 65.6859 57.6828 53.6714 52.8524 54.6811 64.8972 72.9469 49.1366 48.606 112.483 52.4433 92.8362 61.5277 81.6731 143.09 86.7469 114.565 62.4421 60.5283 48.2302 108.463 79.1199 51.4674 46.9547 71.6416
threshold=0.14213742315769198 4.5315775871276864 2.0598762035369877 1.0000000180025095e-35 -0.17720529437065122 -0.21056786179542539 0.11264127120375635 -0.21450592577457425 1.5000000000000002 -0.23920270800590512 0.0481529999524355 0.019921625033020977 1.0000000180025095e-35 -0.13769674301147458 -0.23927477002143857 0.063132941722869887 -0.29182258248329157 0.047812677919864661 1.0000000180025095e-35 -0.2148819491267204 9.1478266716003436 6.892895221710206 -0.35690218210220331 0.035532124340534217 0.014747577719390394 -0.31828111410140986 -0.07264526933431624 0.53941476345062267 -0.036417415365576737 1.0000000180025095e-35
decision_type=10 2 2 8 10 8 10 8 2 10 10 10 10 10 8 10 8 10 2 8 2 2 10 10 10 8 10 2 10 2
left_child=1 2 4 5 -1 -4 7 12 9 10 -7 -12 -3 15 -15 17 -17 18 23 22 21 -21 -20 -9 25 -16 -27 -28 -26 -30
right_child=-2 6 3 -5 -6 8 -8 13 -10 -11 11 -13 -14 14 24 16 -18 -19 19 20 -22 -23 -24 -25 28 26 27 -29 29 -31
leaf_value=0.0010323967816382306 2.276634099436792e-05 -0.00026131471861253321 0.00034557158672289746 0.00046819110267569273 -0.00026517428938671248 0.00019400710503988499 0.0087588727495411488 0.0004307552330080296 0.00012306449368411996 -0.0015037691109938056 -0.0020663691977067544 -0.00062718951695875575 -0.0028122799792065531 -0.00062482157783532377 0.00031692497721406607 -0.00034234530637860584 0.0018745186381922279 0.00072902173542474806 -0.00041814165938606731 -0.00025371448249716401 0.0011995231048763362 -0.0020678280603088767 0.00038807430011341369 -0.0010320522631748746 -5.2526423260172792e-05 -0.0021963576950595419 -0.00051039385518396047 0.0004063166083962476 3.8215986562947261e-05 0.00052321195963468334
leaf_weight=6116 187205 5508 2991 5671 8729 2945 554 7355 1835 4572 3772 6329 582 4321 3644 549 711 12246 740 1682 513 1705 2292 870 8987 751 2353 816 5295 4487
leaf_count=6116 187205 5508 2991 5671 8729 2945 554 7355 1835 4572 3772 6329 582 4321 3644 549 711 12246 740 1682 513 1705 2292 870 8987 751 2353 816 5295 4487
internal_value=-6.2809e-05 -0.000456711 -0.00175704 -0.00339022 0.00133625 -0.00480983 0.000390323 0.000252992 -0.00587011 -0.00671091 -0.00505515 -0.00695777 -0.00421311 0.000712155 -0.000671798 0.00219196 0.012126 0.00173093 -0.000398892 -0.00439355 -0.0107161 -0.013615 0.00374753 0.00296903 0.000556125 -0.00281225 -0.00857506 -0.00508021 0.00191437 0.00430964
internal_weight=296126 108921 42960 28115 14845 22444 65961 65407 19453 17618 13046 10101 6090 59317 30654 28663 1260 27403 15157 6932 3900 3387 3032 8225 26333 7564 3920 3169 18769 9782
internal_count=296126 108921 42960 28115 14845 22444 65961 65407 19453 17618 13046 10101 6090 59317 30654 28663 1260 27403 15157 6932 3900 3387 3032 8225 26333 7564 3920 3169 18769 9782
is_linear=0
shrinkage=0.05


Tree=295
num_leaves=31
num_cat=0
split_feature=3 13 58 59 60 43 19 11 41 42 36 54 26 24 41 30 22 69 58 42 65 75 54 67 58 11 6 5 75 53
split_gain=10.6087 37.8038 27.5427 44.8811 38.0331 46.0536 29.0589 28.9031 41.7233 24.1441 33.6586 45.3037 25.3881 25.2818 25.1851 23.459 23.2474 22.568 26.5011 22.5462 37.2436 24.7459 32.7857 55.1309 40.6883 22.2817 41.5559 24.9283 21.2288 21.0991
threshold=0.099056817591190352 0.47446939349174505 0.31127643585205084 -0.057190809398889535 -0.030230729840695855 1.5670107603073122 -0.14422052353620526 -0.20403756946325299 0.071381535381078734 0.040607187896966941 45.454584121704109 5.8867287635803232 -0.23545436561107633 1.555273234844208 0.05773757956922055 1.8899818658828738 0.60465529561042797 0.019463088363409046 0.24930188804864886 0.10770696401596071 0.12399452924728395 0.66197156906127941 3.741234660148621 0.17542953044176104 0.63860613107681286 -0.35530339181423182 0.1085847318172455 0.53923290967941295 0.91313308477401745 1.0000000180025095e-35
decision_type=8 8 2 10 8 8 8 8 10 8 2 2 10 10 10 10 10 10 2 10 8 10 2 8 2 10 10 10 10 10
left_child=1 -1 9 -4 25 7 -7 8 -6 -2 -11 13 -13 17 -14 16 -8 18 -12 21 -21 29 23 -23 -25 26 -5 -27 -22 -9
right_child=2 -3 3 4 5 6 15 19 -10 10 11 12 14 -15 -16 -17 -18 -19 -20 20 28 22 -24 24 -26 27 -28 -29 -30 -31
leaf_value=1.2966232856283754e-05 -0.00072758179874943024 0.00196427204836105 -0.0025172493796906492 0.0001239890447714838 0.00015576974755610734 -0.0029209140820107534 -0.002262044470010396 -0.00023011612686491814 0.003927382862723078 -0.0001182345535206908 -0.00097907418474567571 0.0039448642522966855 0.0016395581142791328 -0.0021941430713807368 -0.00019984923084164221 0.00070018249348562968 -0.00047367818608599812 0.0011549083440842902 0.0011649316043681544 -0.00303828521951411 -0.00068615438069681534 0.016842141391173366 0.00017052244401567741 -0.0013808399736694747 0.0045922255838924605 -0.00065730134810435329 -0.0022004616716298068 0.00067262137184671421 0.0015116315378818253 0.0016832655356274304
leaf_weight=241691 1177 521 572 541 995 522 1486 6881 612 10461 1733 979 595 526 590 1194 3476 3491 697 907 1597 540 4437 889 807 4098 868 955 890 819
leaf_count=241691 1177 521 572 541 995 522 1486 6881 612 10461 1733 979 595 526 590 1194 3476 3491 697 907 1597 540 4437 889 807 4098 868 955 890 819
internal_value=-1.86089e-06 0.000138716 -0.000640172 -0.00152889 -0.00128213 -0.000429744 -0.00400718 0.000804787 0.0072047 0.000811985 0.00124201 0.00355527 0.00979761 0.00144804 0.00481172 -0.00303276 -0.00454545 0.00238577 -0.00131148 0.000222197 -0.00343713 0.00108809 0.00331438 0.00823687 0.00375147 -0.00471261 -0.0102537 -0.00315031 -0.000260312 -0.000843061
internal_weight=295547 242212 53335 33086 32514 26052 6678 19374 1607 20249 19072 8611 2164 6447 1185 6156 4962 5921 2430 17767 3394 14373 6673 2236 1696 6462 1409 5053 2487 7700
internal_count=295547 242212 53335 33086 32514 26052 6678 19374 1607 20249 19072 8611 2164 6447 1185 6156 4962 5921 2430 17767 3394 14373 6673 2236 1696 6462 1409 5053 2487 7700
is_linear=0
shrinkage=0.05


Tree=296
num_leaves=31
num_cat=0
split_feature=8 33 34 54 55 64 55 42 48 68 54 60 60 28 67 30 32 33 54 54 63 60 69 42 69 19 11 32 66 21
split_gain=12.148 36.3951 43.6342 35.3921 45.5484 79.0272 101.114 147.151 64.8065 62.4072 47.3242 114.023 82.1055 52.8358 50.5346 49.203 75.958 52.3038 48.4491 47.9267 46.1521 43.3332 42.9395 94.6488 42.3946 57.5703 47.6704 41.3068 40.7793 39.6745
threshold=0.194879986345768 1.2969924807548525 0.11451518163084985 9.1478266716003436 1.0000000180025095e-35 0.20065063238143924 1.5000000000000002 0.04204461723566056 0.036539286375045783 0.016766303218901161 4.635068655014039 0.089724093675613417 0.12424410134553911 0.21230792999267581 0.43542042374610906 0.92750906944274913 -0.21739059686660764 2.3601469993591313 3.3980256319046025 1.639966666698456 -0.026814252138137814 0.098228361457586302 0.020110072568058971 0.084492053836584105 0.01719234045594931 -0.025410633534193035 1.6219522356987002 -0.29182258248329157 -0.21852671355009076 0.0089578987099230307
decision_type=8 8 10 2 2 10 2 10 2 10 2 10 10 8 10 8 8 8 2 2 10 8 8 8 10 10 8 10 8 10
left_child=-1 2 -2 4 10 6 7 -6 -8 -10 12 13 15 -12 18 16 -3 24 -14 -19 -9 -5 23 28 25 -17 -27 -20 -15 -21
right_child=1 3 -4 21 5 -7 8 20 9 -11 11 -13 14 22 -16 17 -18 19 27 29 -22 -23 -24 -25 -26 26 -28 -29 -30 -31
leaf_value=3.3346390934844984e-05 0.0021987124778510797 0.0011838654123438527 -0.00039695973841304317 -0.00084458292477035824 -0.0024707429179179606 0.0012743784317565095 0.003198292903300007 0.0009958850788453176 -0.0019288947676508622 0.0011724897508957562 -0.0019783388702625435 -0.00086182823954980353 0.0061654721170283054 -0.00063049427368879341 -0.0011467011200447825 -0.0018225337097247927 -0.0035713624381360984 0.00131276888727353 -0.0019561938730412107 0.00068003327226021061 -0.00061704607198529999 0.0014539910782951104 0.0017160210626917 -0.0010135355710858428 -0.0005450037124053802 0.0023342719287536861 0.0060616156175656768 0.0018252402093810877 0.001614214276417661 -0.00093698046429486212
leaf_weight=216223 505 772 23039 511 1828 586 530 831 632 603 572 4275 2134 547 935 505 1254 2853 530 1666 1359 1346 7382 2725 1764 1077 718 1157 4052 12864
leaf_count=216223 505 772 23039 511 1828 586 530 831 632 603 572 4275 2134 547 935 505 1254 2853 530 1666 1359 1346 7382 2725 1764 1077 718 1157 4052 12864
internal_value=0.000109708 -0.000418542 -0.00206759 0.000274912 4.15428e-05 -0.00392695 -0.00570516 -0.0100794 0.00425352 -0.00204819 0.000571225 0.00246128 -0.000738341 0.00448064 0.00524549 -0.00195248 -0.00938114 -0.00124668 0.0077917 -0.00244064 -0.00131818 0.00704339 0.00506252 0.00234524 0.00385371 0.00831169 0.0124931 0.00144372 0.00671512 -0.00360385
internal_weight=295775 79552 23544 56008 54151 6369 5783 4018 1765 1235 47782 19553 28229 15278 4756 23473 2026 21447 3821 17383 2190 1857 14706 7324 4064 2300 1795 1687 4599 14530
internal_count=295775 79552 23544 56008 54151 6369 5783 4018 1765 1235 47782 19553 28229 15278 4756 23473 2026 21447 3821 17383 2190 1857 14706 7324 4064 2300 1795 1687 4599 14530
is_linear=0
shrinkage=0.05


Tree=297
num_leaves=31
num_cat=0
split_feature=50 64 49 47 52 66 68 55 66 9 55 26 17 38 33 43 43 52 26 74 65 66 46 67 42 69 9 65 53 74
split_gain=10.5249 21.7339 15.1893 11.6419 10.5468 68.727 69.1622 62.5749 54.2736 77.8776 88.9386 99.852 75.3048 53.8541 45.9509 40.7606 39.3636 38.7303 37.3985 34.9139 49.1273 33.9871 33.8103 45.1678 33.3919 42.6267 33.946 32.456 52.4948 31.6662
threshold=0.13741956651210788 -0.10651570558547972 4.0734192225500017e-05 0.061641786247491843 7.5000000000000009 -0.1031927317380905 0.012917809654027225 1.0000000180025095e-35 -0.10603393614292143 -0.65111789107322682 1.5000000000000002 -0.16341109573841092 -0.094269525259733186 0.12561213970184329 0.060666799545288093 0.93660801649093639 0.79397892951965343 8.5000000000000018 -0.033996449783444398 0.96161574125289928 0.081888437271118178 -0.041768297553062432 7.5000000000000009 0.21945815533399585 0.035334054380655296 0.012222021818161012 0.049340043216943748 0.2955154180526734 1.0000000180025095e-35 0.39494563639163976
decision_type=2 8 2 2 10 10 10 2 10 10 2 10 10 10 10 10 8 10 8 10 8 10 10 10 10 10 10 10 8 10
left_child=4 -2 -3 -4 5 -1 7 13 18 -10 12 -12 15 -7 -14 -11 -8 -16 19 -6 -21 22 23 29 -15 26 -26 -18 -29 -19
right_child=1 2 3 -5 8 6 16 -9 9 10 11 -13 14 24 17 -17 27 21 -20 20 -22 -23 -24 -25 25 -27 -28 28 -30 -31
leaf_value=6.0027519351546665e-05 -0.0016525790740917737 0.0011519906984395045 -0.001801807462191131 0.00047072092709293177 -1.4761816397297623e-05 -0.0017307888587389368 -0.00072380506837053699 -0.0016349553292883366 -0.0026230251595708996 0.0054464120526203407 -0.0035236058674788478 6.7690380303347093e-05 -0.00034296513699733636 0.0017257765452140792 9.0943956323431835e-05 0.00028252530112307309 0.00026021711201191995 0.0016405806047104128 0.00046959084066966364 -9.5167263800984358e-05 -0.0016750870139930361 0.00023530206566623748 0.002048830230881757 0.00071718349364553984 -0.0035025760162970079 0.0019657168602121885 -0.0015866274328798502 -0.00060689421923658371 0.0016113282306255779 -0.001945326288953046
leaf_weight=75801 1289 1272 959 757 147330 1603 4510 1460 862 1902 694 1262 2525 1150 9869 1066 10629 522 3342 1384 508 6549 6219 1014 821 1165 2515 5296 545 899
leaf_count=75801 1289 1272 959 757 147330 1603 4510 1460 862 1902 694 1262 2525 1150 9869 1066 10629 522 3342 1384 508 6549 6219 1014 821 1165 2515 5296 545 899
internal_value=4.51427e-05 -0.00241428 -6.67111e-05 -0.00312862 8.1317e-05 -0.000317994 -0.00235658 -0.00609812 0.000307867 0.00213368 0.00252836 -0.0077823 0.00319052 -0.00418502 0.0023744 0.0107455 -0.000800381 0.00302209 -9.17588e-05 -0.00020907 -0.00694006 0.00460461 0.00665974 0.00165644 -0.00188129 -0.00382399 -0.00669456 0.000333738 -0.00265767 -0.00408805
internal_weight=295719 4277 2988 1716 291442 105495 29694 8714 185947 33383 32521 1956 30565 7254 27597 2968 20980 25072 152564 149222 1892 15203 8654 2435 5651 4501 3336 16470 5841 1421
internal_count=295719 4277 2988 1716 291442 105495 29694 8714 185947 33383 32521 1956 30565 7254 27597 2968 20980 25072 152564 149222 1892 15203 8654 2435 5651 4501 3336 16470 5841 1421
is_linear=0
shrinkage=0.05


Tree=298
num_leaves=31
num_cat=0
split_feature=10 60 8 26 68 26 42 73 19 65 41 10 74 63 19 65 9 4 60 41 55 30 74 71 71 15 54 73 54 51
split_gain=14.3062 22.0704 30.5758 25.292 25.85 34.498 23.8125 18.297 14.3887 64.9656 43.5184 42.0741 17.7753 33.5131 38.0934 37.7205 14.1055 17.1529 13.5673 13.5429 41.8457 31.8873 33.8132 37.2841 31.1931 42.315 49.8824 46.9878 38.5229 28.6506
threshold=-0.5584796369075774 0.11374010145664216 -0.073993604630231843 -0.31894443929195399 -0.045564323663711541 -0.53146550059318531 0.0495514813810587 0.45494873821735388 -0.31901207566261286 -0.14181646704673764 0.08653122186660768 -0.38678285479545588 0.020451268181204799 0.044030070304870612 0.11330832168459894 -0.019628047943115231 -0.3668386042118072 0.043957090005278594 -0.053235227242112153 0.13935646414756778 1.5000000000000002 0.75993186235427868 0.7886091172695161 1.3010457158088686 0.37654159963130956 -0.24322078377008435 6.2143878936767587 0.40242154896259313 7.4846496582031259 5.5000000000000009
decision_type=8 10 10 10 10 10 10 10 8 10 10 8 8 10 10 10 10 10 10 10 2 10 10 8 8 10 2 10 2 10
left_child=1 2 3 4 7 -6 -5 -1 9 10 16 -11 13 14 15 -10 -2 -18 -7 -14 21 29 24 -24 25 28 27 -27 -23 -21
right_child=8 -3 -4 6 5 18 -8 -9 12 11 -12 -13 19 -15 -16 -17 17 -19 -20 20 -22 22 23 -25 -26 26 -28 -29 -30 -31
leaf_value=0.00052466238482399012 -0.00078038913749947029 -0.00082567663781658385 0.0018014081086483139 0.00026187064768973787 -0.00029793604872666512 0.0041026412969147252 -0.0016577571409570682 -0.00081792543264141916 -0.00031978694835340228 -0.00064965498438846392 0.00017301392042807091 0.00204845617083257 -1.7102847040749437e-05 -0.0026247239198505506 -0.0019145261517301373 0.0019690946122759294 -0.002716454117339985 -0.0011787360253698476 0.001983326684082114 -0.00061667321650651745 -0.0016374687394072004 0.000752121182611475 -0.001649465734819798 0.0015499725978137962 0.00022387014632624798 0.0030657294708655801 0.0060513709534029117 0.00018966977588834034 -0.0013242273117868195 0.0011288874867264613
leaf_weight=1791 644 673 778 740 562 553 683 585 955 822 965 893 261621 930 1006 647 603 673 516 4566 560 2111 1480 618 4333 865 997 1613 748 1172
leaf_count=1791 644 673 778 740 562 553 683 585 955 822 965 893 261621 930 1006 647 603 673 516 4566 560 2111 1480 618 4333 865 997 1613 748 1172
internal_value=-8.20052e-05 0.0021695 0.00310389 0.00176471 0.00379637 0.00862279 -0.00394278 0.000461023 -0.000135719 -0.00290672 -0.00747841 0.00478261 -9.07709e-05 -0.00360767 -0.000687548 0.00409429 -0.0118135 -0.0148523 0.0138554 -4.63138e-05 0.00123997 0.00165019 0.0030411 -0.00275142 0.00418189 0.00641551 0.0101148 0.0062701 0.00189962 -0.00144398
internal_weight=295703 6881 6208 5430 4007 1631 1423 2376 288822 4600 2885 1715 284222 3538 2608 1602 1920 1276 1069 280684 19063 18503 12765 2098 10667 6334 3475 2478 2859 5738
internal_count=295703 6881 6208 5430 4007 1631 1423 2376 288822 4600 2885 1715 284222 3538 2608 1602 1920 1276 1069 280684 19063 18503 12765 2098 10667 6334 3475 2478 2859 5738
is_linear=0
shrinkage=0.05


Tree=299
num_leaves=31
num_cat=0
split_feature=72 69 11 59 65 8 28 23 54 74 67 16 15 54 50 21 16 34 74 41 11 54 70 5 24 66 54 41 65 54
split_gain=15.6486 26.5405 60.4545 41.418 20.16 29.4523 24.3653 30.581 22.5441 20.1862 43.6396 36.0418 28.1361 30.4021 18.5293 17.7571 16.3308 32.1653 25.6783 29.1847 49.4441 45.1528 18.3238 27.6313 26.4373 20.2279 81.9643 67.2271 43.1671 58.469
threshold=0.069872599095106139 0.010989497881382706 0.1064453460276127 -0.0050731981173157683 -0.12804839015007016 -0.21481746435165402 0.076631717383861556 -0.17251487821340558 1.955152750015259 0.090102534741163268 0.28127288818359381 -0.1955602094531059 -0.26869660615921015 2.2380464076995854 0.002751105348579586 0.087464489042758956 -0.51344335079193104 0.019874595105648044 0.025050234049558643 0.20907917618751529 -0.16979281604290006 2.6394144296646123 -0.05305123142898082 -0.4483372271060943 0.36713786423206335 -0.37211818993091578 4.8519911766052255 0.058992227539420135 -0.25309166312217707 7.3427758216857919
decision_type=8 10 10 10 8 10 10 10 2 10 10 10 10 2 2 10 8 10 8 10 10 2 8 10 10 8 2 10 8 2
left_child=1 2 3 -1 6 9 7 8 -3 12 11 14 13 -6 -11 -15 17 -2 19 20 -18 -22 23 24 -20 26 -25 -28 29 -27
right_child=16 4 -4 -5 5 -7 -8 -9 -10 10 -12 -13 -14 15 -16 -17 18 -19 22 -21 21 -23 -24 25 -26 28 27 -29 -30 -31
leaf_value=-0.00050471715705292829 -0.00050938653371529485 0.0011073900525394487 0.0019080641659800016 -0.003923606275214063 -0.00035348781828116915 -0.00050247647374796844 -0.00089048103166558437 0.00093583347439166588 -0.00047335981825972573 -0.00032347670239510216 0.00089473310746234771 0.00077788655915568138 -0.0003004446479774714 0.0019291122786091312 -0.0014544176425388439 0.00084445317423441401 -0.0013211176429265984 0.0035528513406569125 -0.0011153482296843255 -0.0037623726156239437 0.0056673961534573205 -0.00076860149723037433 -1.8516659083884539e-05 0.001321718431428187 0.0013954860802880111 -0.00071388213047652357 0.00062429225850363303 -0.0014000450098230568 0.00015257463781562786 0.00096509165612117221
leaf_weight=935 510 520 918 722 634 1974 2764 513 2980 881 1061 847 975 1355 867 624 1487 557 2206 567 524 575 210710 3801 811 3820 1325 1603 48073 605
leaf_count=935 510 520 918 722 634 1974 2764 513 2980 881 1061 847 975 1355 867 624 1487 557 2206 567 524 575 210710 3801 811 3820 1325 1603 48073 605
internal_value=-6.45807e-05 -0.00146932 -0.00617021 -0.0118476 -0.000709153 0.000812744 -0.00277737 -0.000285856 -0.00196581 0.00228839 -0.000327332 -0.00381958 0.00494719 0.00764392 -0.00790671 0.0106838 2.95832e-05 0.00617456 5.61356e-06 -0.0044736 -0.00219569 0.00581605 5.75167e-05 0.000811193 -0.0038487 0.00104918 0.00362813 -0.00265487 0.000717986 -0.00400225
internal_weight=295744 18570 2575 1657 15995 9218 6777 4013 3500 7244 3656 2595 3588 2613 1748 1979 277174 1067 276107 3153 2586 1099 272954 62244 3017 59227 6729 2928 52498 4425
internal_count=295744 18570 2575 1657 15995 9218 6777 4013 3500 7244 3656 2595 3588 2613 1748 1979 277174 1067 276107 3153 2586 1099 272954 62244 3017 59227 6729 2928 52498 4425
is_linear=0
shrinkage=0.05


end of trees

feature_importances:
logp=990
mkt_vol_14=458
cat_code=407
mkt_r_60=404
mkt_dd_90=403
r_90=389
vol_30=289
mkt_med_r30=286
vol_30_rank=270
mkt_up_90=266
up_90=245
atr14=238
ma30_90=232
above_ma30=218
r_60=182
up_60=170
dd_90=162
ma14_60=155
mkt_ma30_dev=150
dd_60_rank=145
mkt_r_30=137
mkt_med_r7=125
bb_width=123
ma90_dev=111
vol_14=107
mkt_r_14=107
up_30=98
r_30_rank=97
r_30=96
dd_60=94
r_45=88
ma7_30=88
rs_7=81
vol_7=78
breadth7=78
ma60_dev=68
dd_30=64
rs_30=63
mkt_r_3=62
pos_90=61
flat_14=59
vol_ratio=57
dsl_30=54
pos_30=50
pos_60=50
range=48
lower_shadow=48
r_21=45
mkt_r_7=44
rsi_14=42
bb_pctb=42
r_7_rank=42
down_days_14=41
ma7_dev=37
dsh_30=37
up_14=36
ma30_dev=34
dd_7=32
dd_14=32
ma14_dev=31
upper_shadow=31
r_10=30
r_3=28
up_7=28
r_14=26
rsi_7=18
r_5=15
pos_7=15
r_7=14
lr1=12
pos_14=11
down_days_7=8
streak=7
r_1=4
dow=4
body=3

parameters:
[boosting: gbdt]
[objective: regression_l1]
[metric: l1]
[tree_learner: serial]
[device_type: cpu]
[data_sample_strategy: bagging]
[data: ]
[valid: ]
[num_iterations: 300]
[learning_rate: 0.05]
[num_leaves: 31]
[num_threads: 4]
[seed: 0]
[deterministic: 0]
[force_col_wise: 0]
[force_row_wise: 0]
[histogram_pool_size: -1]
[max_depth: -1]
[min_data_in_leaf: 500]
[min_sum_hessian_in_leaf: 0.001]
[bagging_fraction: 0.7]
[pos_bagging_fraction: 1]
[neg_bagging_fraction: 1]
[bagging_freq: 1]
[bagging_seed: 3]
[bagging_by_query: 0]
[feature_fraction: 0.7]
[feature_fraction_bynode: 1]
[feature_fraction_seed: 2]
[extra_trees: 0]
[extra_seed: 6]
[early_stopping_round: 0]
[early_stopping_min_delta: 0]
[first_metric_only: 0]
[max_delta_step: 0]
[lambda_l1: 0]
[lambda_l2: 10]
[linear_lambda: 0]
[min_gain_to_split: 0]
[drop_rate: 0.1]
[max_drop: 50]
[skip_drop: 0.5]
[xgboost_dart_mode: 0]
[uniform_drop: 0]
[drop_seed: 4]
[top_rate: 0.2]
[other_rate: 0.1]
[min_data_per_group: 100]
[max_cat_threshold: 32]
[cat_l2: 10]
[cat_smooth: 10]
[max_cat_to_onehot: 4]
[top_k: 20]
[monotone_constraints: ]
[monotone_constraints_method: basic]
[monotone_penalty: 0]
[feature_contri: ]
[forcedsplits_filename: ]
[refit_decay_rate: 0.9]
[cegb_tradeoff: 1]
[cegb_penalty_split: 0]
[cegb_penalty_feature_lazy: ]
[cegb_penalty_feature_coupled: ]
[path_smooth: 0]
[interaction_constraints: ]
[verbosity: -1]
[saved_feature_importance_type: 0]
[use_quantized_grad: 0]
[num_grad_quant_bins: 4]
[quant_train_renew_leaf: 0]
[stochastic_rounding: 1]
[linear_tree: 0]
[max_bin: 255]
[max_bin_by_feature: ]
[min_data_in_bin: 3]
[bin_construct_sample_cnt: 200000]
[data_random_seed: 1]
[is_enable_sparse: 1]
[enable_bundle: 1]
[use_missing: 1]
[zero_as_missing: 0]
[feature_pre_filter: 1]
[pre_partition: 0]
[two_round: 0]
[header: 0]
[label_column: ]
[weight_column: ]
[group_column: ]
[ignore_column: ]
[categorical_feature: ]
[forcedbins_filename: ]
[precise_float_parser: 0]
[parser_config_file: ]
[objective_seed: 5]
[num_class: 1]
[is_unbalance: 0]
[scale_pos_weight: 1]
[sigmoid: 1]
[boost_from_average: 1]
[reg_sqrt: 0]
[alpha: 0.9]
[fair_c: 1]
[poisson_max_delta_step: 0.7]
[tweedie_variance_power: 1.5]
[lambdarank_truncation_level: 30]
[lambdarank_norm: 1]
[label_gain: ]
[lambdarank_position_bias_regularization: 0]
[eval_at: ]
[multi_error_top_k: 1]
[auc_mu_weights: ]
[num_machines: 1]
[local_listen_port: 12400]
[time_out: 120]
[machine_list_filename: ]
[machines: ]
[gpu_platform_id: -1]
[gpu_device_id: -1]
[gpu_device_id_list: ]
[gpu_use_dp: 0]
[num_gpu: 1]

end of parameters

pandas_categorical:[]
