tree
version=v4
num_class=1
num_tree_per_iteration=1
label_index=0
max_feature_idx=38
objective=lambdarank
feature_names=r_1 r_3 r_7 r_14 r_30 ma7_dev ma30_dev ma90_dev dd_60 dsl_30 up_7 up_14 pos_60 vol_ratio vol_7 rsi_14 peer_breadth1 peer_med_1 peer_med_7 peer_rank_1 peer_rank_3 peer_rank_7 peer_rs7 cat_code regime mkt_r_7 mkt_r_30 breadth7 above_ma30 mkt_vol_14 family_code family_r7_rank family_r30_rank family_ma90_rank family_vol_rank family_median7 family_breadth7 price_band band_r7_rank
feature_infos=[-0.47419354319572449:1.5837639570236206] [-0.55553102493286133:1.384615421295166] [-0.65712469816207886:1.687282919883728] [-0.82727271318435669:2.2282443046569824] [-0.87590360641479492:3.8378829956054688] [-0.47074148058891296:0.91530299186706543] [-0.74829602241516113:1.4866945743560791] [-0.82657670974731445:2.3249752521514893] [-0.91416668891906738:0] [0:29] [0:6.15625] [0:9.9375] [0:1] [0:2.1981148719787598] [0:0.47418627142906189] [0:100] [0:1] [-0.22594289481639862:0.33495146036148071] [-0.40462219715118408:0.71902459859848022] [0.0053191489361702126:1] [0.0053191489361702126:1] [0.0053191489361702126:1] [-0.55632197856903076:1.6942890882492065] [0:2] none [-0.26047474145889282:0.024204611778259277] [-0.36031150817871094:-0.016985118389129639] [0.021612634882330894:0.44996121525764465] [0.013289036229252815:0.51100242137908936] [0.0076354243792593479:0.048532072454690933] [1:7] [0.0040000000000000001:1] [0.0040000000000000001:1] [0.0040000000000000001:1] [0.0040000000000000001:1] [-0.32068654894828796:0.074094958603382111] [0:0.90625] [0:4] [0.012500000000000001:1]
tree_sizes=1450 1771 1763 1671 1760 1762 1655 1765 1759 1755 1758 1760 1757 1760 1769 1773 1755 1768 1764 1762 1766 1770 1759 1763 1753 1762 1767 1758 1754 1770 1764 1765 1779 1680 1676 1764 1674 1761 1551 1681 1554 1686 1788 1761 1783 1680 1796 1756 1758 1545 1761 1438 1443 1445 1549 1553 1444 1793 1557 1542 1791 1549 1552 1561 1793 1552 1784 1554 1762 1783 1563 1554 1789 1560 1780 1554 1255 1580 1788 1678 1254 1249 1791 1250 1785 1586 1254 1554 1787 1450 1781 1455 1674 1562 1349 1673 1782 1449 1675 1264

Tree=0
num_leaves=12
num_cat=0
split_feature=30 30 0 33 27 35 36 7 1 25 5
split_gain=134.525 238.758 12.5871 7.02644 6.58104 8.2902 5.98247 1.02143 1.62224 0.444597 0.0395521
threshold=6.5000000000000009 1.5000000000000002 -0.091196600347757326 0.09178992697996631 0.086330298334360137 -0.11729083955287932 0.01732377538829152 -0.024076612666249272 -0.0015459958231076596 -0.10359910130500792 -0.082766115665435777
decision_type=2 2 2 2 2 2 2 2 2 2 2
left_child=1 2 -1 -2 5 -3 -4 10 -9 -6 -5
right_child=3 4 6 7 9 -7 -8 8 -10 -11 -12
leaf_value=0.031004065513582063 0.037609148898780205 0.074633785890804855 -0.0094291682519852919 -0.074094650588665822 0.058826546711308478 -0.0048189709560730633 -0.078480656450333627 0.025333077907171205 -0.080000000000000002 0.080000000000000002 -0.079912236015137209
leaf_weight=1.9898979583522329 0.86654965500929648 5.0112268152588513 2.1767367151333046 2.0202116903383347 1.6432075397315191 3.6183802727609855 25.819569099723594 0.39036370220128447 0.58381543806171876 46.166216425597668 25.120709357928718
leaf_count=77 405 3288 219 262 1399 3885 3593 174 219 50643 4094
internal_value=1.4085e-10 0.0250085 -0.0662027 -0.074577 0.0734692 0.0413194 -0.0731118 -0.0780348 -0.0377919 0.0792723 -0.0794792
internal_weight=115.407 86.4252 29.9862 28.9816 56.439 8.62961 27.9963 28.1151 0.974179 47.8094 27.1409
internal_count=68258 63104 3889 5154 59215 7173 3812 4749 393 52042 4356
is_linear=0
shrinkage=0.04


Tree=1
num_leaves=15
num_cat=0
split_feature=30 7 7 32 30 12 25 31 6 37 21 0 22 25
split_gain=491.527 137.271 108.156 49.7944 29.0139 28.4399 27.0971 18.7769 17.6964 12.0747 9.39191 9.22097 12.9042 7.20299
threshold=3.5000000000000004 0.20925559103488925 -0.41429358720779413 0.224720122863032 5.5000000000000009 0.076725702732801451 -0.039468228816986077 0.52132205855610125 0.037868313491344459 2.5000000000000004 0.093386627906976757 -0.021125760860741135 0.0012389365583658221 -0.002869784832000732
decision_type=2 2 2 2 2 2 2 2 2 2 2 2 2 2
left_child=1 2 3 -1 5 7 10 -2 -4 -7 -6 -3 -13 -8
right_child=4 11 8 -5 6 9 13 -9 -10 -11 -12 12 -14 -15
leaf_value=-0.042052405807233434 0.034339509708547378 0.066214186090045535 -0.071305974732964877 0.059093315140667069 0.035611592771286969 0.068916378541732271 0.080598789727953313 -0.070404499398078454 -0.026275161820230548 -0.053690435753307238 -0.07239535015367321 0.055312716717767003 -0.04060974380891065 -0.079849142083718502
leaf_weight=13.839076512842441 11.387098240433259 15.795259796861503 132.94840627085068 17.809581062960206 1.6352030138223197 118.55321697908221 5.06484997831285 3.605321080540306 15.601878474779367 1.2992724599316705 6.0696144474713947 5.4706716153887083 3.8044147585169412 0.49108326513669265
leaf_count=778 6323 178 18013 364 838 16297 5591 3011 1890 2108 11861 100 282 624
internal_value=-6.86444e-10 -0.0400719 -0.0522728 0.0148651 0.0555382 0.0610902 -0.000917857 0.00915106 -0.0665765 0.0675872 -0.0494729 0.0476249 0.0159677 0.066417
internal_weight=353.375 205.269 180.199 31.6487 148.106 134.845 13.2608 14.9924 148.55 119.852 7.70482 25.0703 9.27509 5.55593
internal_count=68258 21605 21045 1142 46653 27739 18914 9334 19903 18405 12699 560 382 6215
is_linear=0
shrinkage=0.04


Tree=2
num_leaves=15
num_cat=0
split_feature=11 37 14 11 34 13 33 13 3 12 37 13 2 33
split_gain=140.954 71.5204 58.3635 47.2138 41.6031 41.1275 32.2231 18.6164 11.9158 10.4966 20.0472 3.41784 3.18499 1.43318
threshold=0.23077552020549777 1.0000000180025095e-35 0.033651208505034454 0.012335345614701511 0.069256549009961879 1.2794599533081057 0.02056203844636113 1.7649764418601992 0.36515647172927862 0.672345131635666 1.5000000000000002 0.842003494501114 -0.083020150661468492 0.19668701557034093
decision_type=2 2 2 2 2 2 2 2 2 2 2 2 2 2
left_child=1 4 6 -4 12 -6 -3 9 13 10 -2 -11 -1 -9
right_child=7 2 3 -5 5 -7 -8 8 -10 11 -12 -13 -14 -15
leaf_value=-0.019829387304267251 0.044579005409614132 0.073344531485696557 0.038065261012526871 -0.028483331882062982 0.026352443583602128 -0.067114895626785839 -0.065753345849477965 -0.021365239758646279 0.07822884608321827 0.0263382862439159 -0.073315766392383408 0.070244023751978385 -0.080092467302196407 -0.080320367923722685
leaf_weight=1.7120807255560064 33.481886212175596 2.7806953564722781 23.648747704850393 61.198474875083775 89.613160041626543 8.2236146510404051 63.873788780852919 0.87102952937129829 1.2301428565988315 3.0896598347899262 2.4785637331806347 34.662519555262406 7.7783267027989478 2.7198825546074659
leaf_count=126 2071 259 2422 14019 12085 2038 31112 123 32 580 983 1245 656 507
internal_value=2.56613e-10 -0.014242 -0.0319396 -0.00993481 0.0107397 0.0184961 -0.0599505 0.0469384 -0.0292133 0.051919 0.0364531 0.0666508 -0.0692209 -0.0660199
internal_weight=337.363 258.829 151.502 84.8472 107.327 97.8368 66.6545 78.5337 4.82105 73.7126 35.9604 37.7522 9.49041 3.59091
internal_count=68258 62717 47812 16441 14905 14123 31371 5541 662 4879 3054 1825 782 630
is_linear=0
shrinkage=0.04


Tree=3
num_leaves=14
num_cat=0
split_feature=33 30 12 7 2 14 25 0 29 4 15 26 12
split_gain=138.484 65.6928 60.3502 41.1571 24.1828 21.0946 18.9737 8.39947 8.09453 7.83012 7.54552 0.731129 0.0621274
threshold=0.95824616457461664 4.5000000000000009 0.076725702732801451 -0.37116026878356928 -0.070841252803802476 0.047767089679837234 -0.017324566841125485 0.10327341780066492 0.019942346028983596 -0.59343871474266041 69.369121551513686 -0.024285823106765744 0.39160437881946569
decision_type=2 2 2 2 2 2 2 2 2 2 2 2 2
left_child=1 2 9 -4 6 8 -3 10 12 -1 -7 -6 -2
right_child=5 4 3 -5 11 7 -8 -9 -10 -11 -12 -13 -14
leaf_value=0.037372357652824643 -0.062266250781894107 -0.039166460861611296 0.057524725609637395 -0.0020151871045291166 -0.072927616831651165 0.056457538272839454 0.041968223711964646 0.016621176456837437 0.03204897331105596 -0.061900951142166524 0.02505081633941009 -0.041820339610285188 -0.077095138379660227
leaf_weight=1.3340647060540529 0.53815967577975188 22.758728990738749 21.580472679226659 133.41798443318112 35.293352025590139 62.070950399036519 5.7836478817625894 14.027474806760436 1.7155304991756564 26.989186302642338 15.245763898652511 1.2517755847657088 2.8251723112189211
leaf_count=187 291 6776 948 24159 18816 937 495 237 257 13293 335 460 1067
internal_value=3.95481e-11 -0.0157929 -0.00353614 0.00627457 -0.0503147 0.0406864 -0.0227258 0.0450981 -0.0386573 -0.057225 0.0502646 -0.0718621 -0.0747224
internal_weight=344.832 248.409 183.322 154.998 65.0875 96.4231 28.5424 91.3442 5.07886 28.3233 77.3167 36.5451 3.36333
internal_count=68258 65134 38587 25107 26547 3124 7271 1509 1615 13480 1272 19276 1358
is_linear=0
shrinkage=0.04


Tree=4
num_leaves=15
num_cat=0
split_feature=11 7 37 9 35 33 11 29 8 28 25 32 18 19
split_gain=158.063 58.6363 47.0759 42.013 28.3799 21.8894 32.3786 15.8896 13.5037 11.371 18.6185 8.87942 4.75041 1.89602
threshold=0.24496664851903918 -0.46454590559005732 1.0000000180025095e-35 24.500000000000004 -0.086852632462978349 0.94152390163028477 0.34848363697528845 0.020804931409657005 -0.46650840342044825 0.1635730862617493 -0.049786329269409173 0.61175823682556796 -0.056296024471521371 0.88953114964675672
decision_type=2 2 2 2 2 2 2 2 2 2 2 2 2 2
left_child=1 7 4 -4 -3 6 8 -1 -2 12 -11 -9 -7 -8
right_child=5 2 3 -5 -6 9 13 11 -10 10 -12 -13 -14 -15
leaf_value=0.056985323707104546 0.053045305755438255 0.024970521998585682 -0.056080923261527603 0.002240452288771622 -0.022349336618236518 0.036044302674609091 -0.070344132112424365 -0.070209660442257696 -0.0048551925547960706 0.049775839132157274 -0.011080471843227692 0.073076543565671892 0.062124121407585137 -0.032111136943909824
leaf_weight=18.325474189769015 16.543998408014886 32.438632247620262 91.796451687609078 25.184818160108989 54.097929770796327 14.842979840002952 5.861194085038731 2.7498521552188318 10.557451212196613 21.296604655683041 12.925648969132451 0.92467103805392969 45.218644817941822 3.2129583802889101
leaf_count=644 464 2755 41797 5529 11604 254 1276 845 1488 317 441 5 318 521
internal_value=-2.33594e-09 -0.0202727 -0.0269787 -0.043525 -0.00461127 0.0350443 0.00859283 0.0417631 0.03049 0.0451934 0.0267906 -0.0341526 0.055679 -0.0568067
internal_weight=355.977 225.518 203.518 116.981 86.5366 130.459 36.1756 22 27.1014 94.2839 34.2223 3.67452 60.0616 9.07415
internal_count=68258 63179 61685 47326 14359 5079 3749 1494 1952 1330 758 850 572 1797
is_linear=0
shrinkage=0.04


Tree=5
num_leaves=15
num_cat=0
split_feature=11 7 37 29 33 12 4 33 11 32 14 28 18 34
split_gain=161.844 69.7819 40.3562 49.522 41.459 27.4551 24.4162 13.6361 30.3511 11.274 6.00373 5.41254 8.75374 2.63618
threshold=0.24496664851903918 -0.37116026878356928 1.0000000180025095e-35 0.010410954244434835 0.6507392911502502 0.07225369289517404 -0.59343871474266041 0.96110200479132535 0.34848363697528845 0.43763412017167386 0.056714113801717765 0.1635730862617493 -0.064900323748588548 0.9452918153562796
decision_type=2 2 2 2 2 2 2 2 2 2 2 2 2 2
left_child=1 5 4 -4 -3 6 -1 8 9 -2 -7 13 -13 -9
right_child=7 2 3 -5 -6 10 -8 11 -10 -11 -12 12 -14 -15
leaf_value=0.048610259914233123 0.051480164624149179 -0.040299154698124832 0.020344204370882319 -0.058365431226576336 0.018660692262890983 0.054361380131177313 -0.055013299940698757 0.040986207192654618 -0.055617941569218038 0.0077592661756594773 0.0096331400280341914 0.048088073027330182 0.00095108448095450532 0.058763642715936662
leaf_weight=5.5797565563116249 21.701408971042838 36.209371082863072 14.874822012847288 91.241713826253545 40.342153521458386 24.658807455620266 10.455252018786267 21.200610906118527 7.477318391960579 16.697448270511813 5.9625125755846957 16.820720796473328 10.081817069847601 36.023694030591287
leaf_count=188 592 9392 3507 42087 3716 467 3275 302 1992 1469 547 174 382 168
internal_value=-6.75409e-10 -0.0202122 -0.0313637 -0.0473324 -0.0092277 0.0234476 -0.0189551 0.0356542 0.0181113 0.0324685 0.045652 0.0452208 0.0304233 0.0521774
internal_weight=359.327 229.324 182.668 106.117 76.5515 46.6563 16.035 130.003 45.8762 38.3989 30.6213 84.1268 26.9025 57.2243
internal_count=68258 63179 58702 45594 13108 4477 3463 5079 4053 2061 1014 1026 556 470
is_linear=0
shrinkage=0.04


Tree=6
num_leaves=14
num_cat=0
split_feature=11 7 37 9 35 13 33 7 38 12 29 20 27
split_gain=160.11 63.6999 56.8438 39.162 30.0438 13.4053 21.1178 12.9535 23.968 7.86095 13.2716 3.57715 0.885554
threshold=0.24496664851903918 -0.46454590559005732 1.0000000180025095e-35 24.500000000000004 -0.086852632462978349 0.78321376442909252 0.39587585034013612 0.18321578949689868 0.37581168831168837 0.079615257680416121 0.013086313381791117 0.97646733111849404 0.37517923116683966
decision_type=2 2 2 2 2 2 2 2 2 2 2 2 2
left_child=1 9 4 -4 -3 6 -2 8 -7 10 -1 -9 -8
right_child=5 2 3 -5 -6 7 12 11 -10 -11 -12 -13 -14
leaf_value=0.04708563054512227 0.04294527755988705 0.024257348029867287 -0.059905825686796588 -0.0026132114234071156 -0.023866607316625418 0.051403270016326878 -0.076662789709591492 0.050732412481463561 -0.016118924548650042 0.053161962851895596 -0.052280259187245319 0.028942043013595934 -0.035018195321377794
leaf_weight=5.342469443567099 6.0845979657024127 35.42751245002728 86.784244964626851 24.472092860698467 50.122196148906369 16.926946465566289 3.9603397573810071 72.184666017827112 16.719254766358063 17.553723101969808 3.5997273249668069 14.47023312083911 1.0293381230439989
leaf_count=220 171 2755 41797 5529 11604 504 758 745 2481 171 1103 268 152
internal_value=5.85929e-10 -0.020614 -0.0284529 -0.0473037 -0.0039377 0.0350382 -0.00707509 0.0389149 0.0178506 0.0376114 0.00708538 0.0470937 -0.0680718
internal_weight=354.677 223.302 196.806 111.256 85.5497 131.375 11.0743 120.301 33.6462 26.4959 8.9422 86.6549 4.98968
internal_count=68258 63179 61685 47326 14359 5079 1081 3998 2985 1494 1323 1013 910
is_linear=0
shrinkage=0.04


Tree=7
num_leaves=15
num_cat=0
split_feature=11 7 32 8 35 13 32 33 11 35 12 15 20 29
split_gain=150.636 54.8627 45.5963 36.3887 20.7362 20.5888 18.3964 10.8125 25.9912 10.1139 5.1793 4.78355 16.7097 1.61903
threshold=0.24496664851903918 -0.37116026878356928 0.72233560090702953 -0.17063443362712857 -0.11506102979183196 0.70535290241241466 0.61175823682556796 0.96110200479132535 0.34848363697528845 -0.021786951459944245 0.083017069846391692 63.656217575073249 0.92492774566474001 0.013794817496091129
decision_type=2 2 2 2 2 2 2 2 2 2 2 2 2 2
left_child=1 5 4 -4 -3 10 -7 8 9 -2 -1 13 -13 -9
right_child=7 2 3 -5 -6 6 -8 11 -10 -11 -12 12 -14 -15
leaf_value=0.011895124204192068 0.036567117331740881 -0.0004211064315203291 0.0089876149357473994 -0.062658574442630052 -0.053206169191139414 -0.04981478191674614 0.048596336944979057 0.057565323328925742 -0.054875338493147956 -0.036362822330407121 0.049374262515747259 -0.019164945637472001 0.046269886854519528 0.043034811692779298
leaf_weight=8.1411240080487932 37.138227447518148 13.650324240094049 57.299945027392823 14.141536676790563 93.274691424914636 9.857949250348609 4.3938904656097284 25.441846147179604 6.6254263113369225 3.3139561806165139 21.425138083053753 8.102876724675296 27.220145558472723 23.696626778226346
leaf_count=1203 1474 2304 9286 6542 40570 2776 128 65 1992 587 370 363 338 260
internal_value=-9.41438e-11 -0.0200846 -0.0299363 -0.00519444 -0.0464675 0.0200179 -0.0194743 0.0339252 0.0185643 0.0305925 0.0390543 0.0424872 0.0312596 0.0505581
internal_weight=353.724 222.185 178.366 71.4415 106.925 43.8181 14.2518 131.539 47.0776 40.4522 29.5663 84.4615 35.323 49.1385
internal_count=68258 63179 58702 15828 42874 4477 2904 5079 4053 2061 1573 1026 701 325
is_linear=0
shrinkage=0.04


Tree=8
num_leaves=15
num_cat=0
split_feature=11 7 32 29 35 12 4 33 11 13 14 20 27 13
split_gain=150.089 60.0231 44.7047 31.4107 21.4018 20.0395 23.1458 13.2112 20.235 11.5157 5.4156 4.09603 3.94183 2.89678
threshold=0.24496664851903918 -0.37116026878356928 0.72233560090702953 0.012940996792167427 -0.12055587023496626 0.079615257680416121 -0.59343871474266041 0.96110200479132535 0.34848363697528845 1.591228246688843 0.053475728258490569 0.97646733111849404 0.13165150582790378 1.0875195264816286
decision_type=2 2 2 2 2 2 2 2 2 2 2 2 2 2
left_child=1 5 4 -4 -3 6 -1 8 9 -2 -7 13 -13 -9
right_child=7 2 3 -5 -6 10 -8 11 -10 -11 -12 12 -14 -15
leaf_value=0.045963606730107118 0.033271367431912433 0.0014462278780915919 0.017860595292408549 -0.034611855303640165 -0.054564547761976438 0.046970760598528845 -0.054482359428053795 0.035409328291618573 -0.050924704692052729 -0.041399131383195342 0.0028683892592112083 0.04455435515260054 0.0018637038762419301 0.052231660411311623
leaf_weight=5.9032470622332758 37.143234399263747 12.413430337677708 38.662382285401691 34.577459755440941 90.429669211909641 25.245331541751515 9.7046640489133988 24.823652396677062 6.2018839025404295 3.6272561601363114 5.409554702229797 6.7845669207163137 7.0634787605376914 48.139388828189112
leaf_count=193 1539 1958 5712 10116 40916 388 3378 439 1992 522 518 60 244 283
internal_value=-1.17922e-09 -0.0201427 -0.0307955 -0.00691232 -0.0478039 0.0204032 -0.0164915 0.0334768 0.0163886 0.0266281 0.0391882 0.0427231 0.0227791 0.0465083
internal_weight=356.129 222.346 176.083 73.2398 102.843 46.2628 15.6079 133.783 46.9724 40.7705 30.6549 86.8111 13.848 72.963
internal_count=68258 63179 58702 15828 42874 4477 3571 5079 4053 2061 906 1026 304 722
is_linear=0
shrinkage=0.04


Tree=9
num_leaves=15
num_cat=0
split_feature=11 7 32 29 35 12 32 33 8 20 33 38 13 2
split_gain=141.893 60.0492 36.6783 35.1979 20.1182 17.272 18.1723 11.2387 19.9621 16.4681 6.42328 5.19107 4.2997 4.74776
threshold=0.24496664851903918 -0.37116026878356928 0.72233560090702953 0.012940996792167427 -0.12055587023496626 0.07225369289517404 0.013230446071709895 0.94152390163028477 -0.46650840342044825 0.88405699690818673 0.21283459162663007 0.22756041426927506 1.0875195264816286 -0.22258731722831723
decision_type=2 2 2 2 2 2 2 2 2 2 2 2 2 2
left_child=1 5 4 -4 -3 6 -1 8 10 -10 -2 -7 13 -9
right_child=7 2 3 -5 -6 11 -8 12 9 -11 -12 -13 -14 -15
leaf_value=0.041584919975092144 0.0015595246007510195 0.00020313399491462967 0.015743502211701985 -0.041110226468753022 -0.053495577842153696 0.0033787873347946905 -0.05196418695410656 0.059993789866008854 -0.060712776215315838 0.016880565627470326 0.049442534428872642 0.044474689960482809 0.04563895246244646 0.019820576176848324
leaf_weight=5.355254160007461 5.8767127658939016 12.801128886756485 40.01413773978129 30.859658356028376 87.232291585300118 6.069508665706965 8.7522634484921564 5.8019079742953208 7.8600603431696099 9.8742408789694291 18.89289550826652 25.919744424405508 63.24209476087708 24.939598943630699
leaf_count=219 401 1958 5712 10116 40916 395 3244 17 1955 990 403 619 589 724
internal_value=5.25543e-10 -0.0200985 -0.0310263 -0.00901158 -0.0466238 0.0204173 -0.0164527 0.031955 0.014887 -0.0175098 0.0380821 0.0366773 0.0396739 0.0274025
internal_weight=353.491 217.004 170.907 70.8738 100.033 46.0968 14.1075 136.488 42.5039 17.7343 24.7696 31.9893 93.9836 30.7415
internal_count=68258 63179 58702 15828 42874 4477 3463 5079 3749 2945 804 1014 1330 741
is_linear=0
shrinkage=0.04


Tree=10
num_leaves=15
num_cat=0
split_feature=11 7 35 32 37 12 9 30 9 13 13 18 6 21
split_gain=133.408 58.8665 34.7689 31.0963 15.0335 11.0853 9.88057 15.6081 13.7935 9.92258 3.35652 7.1855 3.07956 0.382397
threshold=0.24496664851903918 -0.37116026878356928 -0.043355213478207581 0.72233560090702953 1.5000000000000002 0.07225369289517404 26.500000000000004 4.5000000000000009 23.500000000000004 1.6631980538368227 1.1449786424636843 -0.011784827336668966 -0.22079345583915708 0.79449472096530926
decision_type=2 2 2 2 2 2 2 2 2 2 2 2 2 2
left_child=1 4 3 -3 5 -1 7 9 -9 -2 11 -8 -4 -6
right_child=6 2 12 -5 13 -7 10 8 -10 -11 -12 -13 -14 -15
leaf_value=-0.0070386333743511029 0.032471164888732432 -0.037993338848117175 0.00023952594028933791 0.005335119729547433 -0.056628087981009205 0.039482375952672837 -0.00098675438552042033 -0.064758576902897436 0.025394959364153716 -0.036529946549254809 0.052266116472853764 0.052631829471047775 -0.05653193482194982 -0.0165740593680462
leaf_weight=11.124906136014031 71.154184098879341 54.8463825196377 1.5695301454397839 51.282334231771529 3.7276190934935576 31.121729935752228 6.8680908068781745 5.7281148763722722 5.1626937402179465 3.4984607956139362 33.815504289930686 9.5726293856278044 58.900832323852228 0.42482934711733822
leaf_count=2371 2732 21263 391 8408 1380 644 290 1108 77 659 137 76 28640 82
internal_value=5.64811e-10 -0.0197526 -0.0308501 -0.0170566 0.0200936 0.0272319 0.0309815 0.0227115 -0.0220221 0.0292376 0.0450582 0.0302327 -0.0550584 -0.0525302
internal_weight=348.798 212.998 166.599 106.129 46.3991 42.2466 135.8 85.5435 10.8908 74.6526 50.2562 16.4407 60.4704 4.15245
internal_count=68258 63179 58702 29671 4477 3015 5079 4576 1185 3391 503 366 29031 1462
is_linear=0
shrinkage=0.04


Tree=11
num_leaves=15
num_cat=0
split_feature=11 7 35 32 12 4 7 5 1 14 12 9 15 6
split_gain=128.508 54.2123 31.6753 28.6796 14.3855 17.4595 9.57837 16.456 17.2874 6.57532 4.9536 4.42306 11.2016 2.83068
threshold=0.24496664851903918 -0.37116026878356928 -0.043355213478207581 0.72233560090702953 0.079615257680416121 -0.59343871474266041 0.18321578949689868 0.061975389719009406 0.016216975636780265 0.033369613811373718 0.095041260123252883 26.500000000000004 67.496189117431655 -0.22079345583915708
decision_type=2 2 2 2 2 2 2 2 2 2 2 2 2 2
left_child=1 4 3 -3 5 -1 7 8 -2 -9 -6 12 -8 -4
right_child=6 2 13 -5 10 -7 11 9 -10 -11 -12 -13 -14 -15
leaf_value=0.040545747811914022 -0.01494254028128288 -0.037651530774484056 -0.0015325319779735539 0.0038845526237110736 0.048648402100349486 -0.049242739508936755 0.039605897173052788 0.056110369221693594 0.04606969637458664 -0.052612121487281234 0.017415035492771205 0.045670510042208658 -0.0075793891396262938 -0.054968636286096613
leaf_weight=5.6530338401207691 10.953410561720373 53.661039165541297 1.6308277989737678 52.737331172276754 16.533253858448006 8.9525646856054646 33.539833938411903 1.0261678139213462 23.102329810790252 6.7080407795729116 15.974826348072382 49.824202903546393 10.592053866770582 57.882246821798617
leaf_count=193 1447 21263 391 8408 211 3378 408 18 667 1571 695 372 596 28640
internal_value=1.15404e-10 -0.0193822 -0.0301352 -0.0170638 0.0184846 -0.0144905 0.0304163 0.0144843 0.0264462 -0.0381869 0.0333 0.0375025 0.028281 -0.0535043
internal_weight=348.771 213.025 165.911 106.398 47.1137 14.6056 135.746 41.7899 34.0557 7.73421 32.5081 93.9561 44.1319 59.5131
internal_count=68258 63179 58702 29671 4477 3571 5079 3703 2114 1589 906 1376 1004 29031
is_linear=0
shrinkage=0.04


Tree=12
num_leaves=15
num_cat=0
split_feature=11 7 32 29 35 13 37 9 37 13 30 7 10 33
split_gain=118.266 51.8557 26.3735 31.0187 13.484 12.3521 8.66654 8.09304 13.5287 10.7059 3.58039 2.39556 0.172126 0.052376
threshold=0.24496664851903918 -0.37116026878356928 0.72233560090702953 0.012940996792167427 -0.12055587023496626 1.2707444429397585 1.5000000000000002 26.500000000000004 2.5000000000000004 1.6631980538368227 4.5000000000000009 0.27948945760726934 0.072162587195634856 0.96110200479132535
decision_type=2 2 2 2 2 2 2 2 2 2 2 2 2 2
left_child=1 5 4 -4 -3 6 -1 8 9 -2 11 -9 -7 -10
right_child=7 2 3 -5 -6 12 -8 10 13 -11 -12 -13 -14 -15
leaf_value=0.028084268766756564 0.027873059319344903 -0.0013203047618382357 0.011875110995992928 -0.042012022945212418 -0.048752673198702232 -0.045688115059397565 -0.04665684174927278 0.044671322954070919 -0.060621261044656788 -0.041541277758652434 0.050507850498369998 0.017540777521234747 -0.063377774746634419 -0.073166658796443518
leaf_weight=41.815478994278237 76.131869369826745 10.846597824594935 40.601729369373061 29.515839456376852 82.730288702819962 1.849732130300253 2.6389092594035892 9.0913967831293139 2.1681466276058923 3.729171472194138 30.514805188635364 12.188456387142649 1.6789010527427306 0.70578178332652886
leaf_count=2312 2934 1958 5712 10116 40916 716 969 133 793 735 128 242 480 114
internal_value=-1.17192e-09 -0.0186378 -0.0293566 -0.0108086 -0.0432547 0.0179296 0.0236475 0.0293258 0.0215633 0.0246317 0.0417255 0.0291318 -0.0541047 -0.0637022
internal_weight=346.207 211.677 163.694 70.1176 93.5769 47.983 44.4544 134.53 82.735 79.861 51.7947 21.2799 3.52863 2.87393
internal_count=68258 63179 58702 15828 42874 4477 3281 5079 4576 3669 503 375 1196 907
is_linear=0
shrinkage=0.04


Tree=13
num_leaves=15
num_cat=0
split_feature=11 7 35 12 12 4 32 37 1 38 26 12 6 29
split_gain=112.76 43.7125 27.0369 25.2866 12.0887 14.182 8.50089 19.6382 11.9278 4.56395 6.64777 4.38042 2.45693 1.55449
threshold=0.24496664851903918 -0.37116026878356928 -0.040884053334593766 0.076725702732801451 0.079615257680416121 -0.59343871474266041 0.97231800766283538 1.5000000000000002 0.016216975636780265 0.9826073805202663 -0.085196971893310533 0.095041260123252883 -0.22079345583915708 0.013801028020679952
decision_type=2 2 2 2 2 2 2 2 2 2 2 2 2 2
left_child=1 4 3 -3 5 -1 7 8 -2 13 -11 -6 -4 -8
right_child=6 2 12 -5 11 -7 9 -9 -10 10 -12 -13 -14 -15
leaf_value=0.035265961426127528 -0.010800250841514925 -0.051258342802051819 0.00051703744176120783 -0.0059575899084584197 0.043368073846316406 -0.046750258749525618 0.049721882031298431 -0.057102965260381576 0.034102633029329234 -0.0081726831161403959 0.041430650554374705 0.013949951276232275 -0.05269690400439548 0.036490020686097364
leaf_weight=5.5062235369696273 12.097631936892865 25.825544275867287 1.4259198004147027 83.324879625812173 16.881240063172299 8.7085372261935827 28.239831671817228 5.1794484569109036 43.499439411622006 7.6826609825366203 9.8849957237252948 15.566144973097833 52.524136638094205 28.585485537536442
leaf_count=193 978 11588 352 19648 211 3378 175 1444 1686 318 72 695 27114 406
internal_value=3.98045e-11 -0.0183589 -0.0281257 -0.016676 0.0157796 -0.0149805 0.0284902 0.017392 0.024332 0.037557 0.0197382 0.0292552 -0.0512904 0.0430657
internal_weight=344.932 209.763 163.1 109.15 46.6621 14.2148 135.169 60.7765 55.5971 74.393 17.5677 32.4474 53.9501 56.8253
internal_count=68258 63179 58702 31236 4477 3571 5079 4108 2664 971 390 906 27466 581
is_linear=0
shrinkage=0.04


Tree=14
num_leaves=15
num_cat=0
split_feature=11 7 35 12 12 4 0 20 13 32 14 6 27 16
split_gain=108.016 42.9136 25.4789 23.5128 11.4016 13.6915 7.82645 8.92758 8.43523 9.71738 4.82091 3.95161 3.75254 1.22696
threshold=0.24496664851903918 -0.37116026878356928 -0.040884053334593766 0.076725702732801451 0.079615257680416121 -0.59343871474266041 0.12587550282478335 0.97084325059503584 1.0875195264816286 0.97231800766283538 0.053475728258490569 -0.22079345583915708 0.37517923116683966 0.29478609625668456
decision_type=2 2 2 2 2 2 2 2 2 2 2 2 2 2
left_child=1 4 3 -3 5 -1 8 -8 9 -2 -6 -4 -10 -9
right_child=6 2 11 -5 10 -7 7 13 12 -11 -12 -13 -14 -15
leaf_value=0.032984245999531189 -0.007733918247192645 -0.050280496687522609 0.0091274003394075653 -0.0063365195026075186 0.03607135463478494 -0.046007619442402684 -0.067312094328797645 0.033964628801364402 0.040340799403735757 0.031807271688617786 -0.0047239375871247925 -0.051790518802810388 0.009207352982956489 0.0013252351672536165
leaf_weight=5.9523539122892535 16.723220597719774 25.269482397648972 1.7605786792701099 85.056355280685239 26.887160591664724 8.5591106780339015 2.7597170496010204 3.5483633499825373 77.537182511179708 24.531411758041941 5.6001158464932805 52.773614124307642 6.7320842293556771 3.8336791181354783
leaf_count=193 1833 11588 352 19648 388 3378 522 69 1406 469 518 27114 542 238
internal_value=-1.51529e-09 -0.0178453 -0.0274574 -0.0164016 0.0158717 -0.0136065 0.0278676 -0.0059322 0.0305985 0.0157786 0.0290391 -0.0498238 0.0378536 0.0170142
internal_weight=347.524 211.859 164.86 110.326 46.9987 14.5115 135.666 10.1418 125.524 41.2546 32.4873 54.5342 84.2693 7.38204
internal_count=68258 63179 58702 31236 4477 3571 5079 829 4250 2302 906 27466 1948 307
is_linear=0
shrinkage=0.04


Tree=15
num_leaves=15
num_cat=0
split_feature=11 7 35 12 29 18 33 11 1 12 6 34 29 29
split_gain=100.455 41.5913 21.9602 20.2862 11.3591 9.42386 8.03341 18.6757 9.68448 5.30134 3.61882 3.18401 4.03002 2.16487
threshold=0.24496664851903918 -0.37116026878356928 -0.040884053334593766 0.076725702732801451 0.02286629565060139 -0.28984545171260828 0.96110200479132535 0.34848363697528845 0.016216975636780265 0.079615257680416121 -0.22079345583915708 0.92110722865254424 0.02286629565060139 0.013801028020679952
decision_type=2 2 2 2 2 2 2 2 2 2 2 2 2 2
left_child=1 4 3 -3 9 -6 7 8 -2 -1 -4 12 -8 -13
right_child=6 2 10 -5 5 -7 11 -9 -10 -11 -12 13 -14 -15
leaf_value=-0.00046194140662978291 -0.014436642308732778 -0.049152586652322694 0.0073348464055139305 -0.007591467403776018 0.029782163410096381 -0.054819064863017582 -0.0021230561774617401 -0.046747061549872647 0.033786274393740885 0.033718684391166688 -0.050511324485569137 0.045272631744700233 0.032012914509955935 0.029494782969773196
leaf_weight=9.7433782615698856 8.3733463662210834 24.236702070804313 1.7918292153626669 83.628093234845437 3.2794744108105078 5.8907673839130421 7.5180896690581021 7.0019108562846659 32.627273763122503 28.486518156947568 50.445419401628897 36.657186159165576 20.96267580462154 22.426799335866235
leaf_count=1949 881 11588 352 19648 319 1782 310 1992 1180 427 27114 168 267 281
internal_value=-5.64788e-11 -0.0174953 -0.0272394 -0.0169301 0.0154171 -0.0245639 0.0267786 0.0136275 0.023938 0.0250073 -0.0485271 0.0339881 0.023002 0.0392838
internal_weight=343.069 207.502 160.102 107.865 47.4001 9.17024 135.567 48.0025 41.0006 38.2299 52.2372 87.5648 28.4808 59.084
internal_count=68258 63179 58702 31236 4477 2101 5079 4053 2061 2376 27466 1026 577 449
is_linear=0
shrinkage=0.04


Tree=16
num_leaves=15
num_cat=0
split_feature=11 7 35 30 12 20 9 30 9 9 14 6 30 11
split_gain=95.2087 40.1963 21.8458 20.6845 10.749 12.1066 7.26745 10.519 10.4947 10.2639 4.35395 3.46873 3.0572 2.57916
threshold=0.24496664851903918 -0.37116026878356928 -0.040884053334593766 3.5000000000000004 0.07225369289517404 0.04210992907801419 26.500000000000004 4.5000000000000009 25.500000000000004 22.500000000000004 0.04646794684231282 -0.22079345583915708 4.5000000000000009 0.31946487724781042
decision_type=2 2 2 2 2 2 2 2 2 2 2 2 2 2
left_child=1 4 3 -3 5 -1 7 9 -9 -2 -6 -4 13 -8
right_child=6 2 11 -5 10 -7 12 8 -10 -11 -12 -13 -14 -15
leaf_value=0.039697861984629476 0.027623059567870322 -0.047589337514956837 0.0061113487246191372 -0.0066024114571411443 0.036011331364100833 -0.041964298053572338 0.038709432814767866 -0.053450957209458139 0.034873906500792966 -0.036240059799580386 0.0029919404257202319 -0.049782059578764998 0.045998615774224608 0.010387777179287421
leaf_weight=4.3337650976027353 69.52178687468404 25.797844368324149 1.8418036876828399 83.350769820506684 25.125823550391942 8.8086261702701432 11.609882664633917 5.901944281649774 3.3879932535346597 4.2740979120135298 8.5684117816854251 50.117634171270765 30.768268439220265 9.2386280128266645
leaf_count=245 3122 11541 352 19695 345 3218 135 1155 30 269 669 27114 128 240
internal_value=-5.57575e-10 -0.0169703 -0.0264526 -0.0162899 0.0156468 -0.0150358 0.0261975 0.0188744 -0.0212393 0.0239242 0.0276145 -0.0478008 0.0379853 0.0261592
internal_weight=342.647 207.945 161.108 109.149 46.8366 13.1424 134.703 83.0858 9.28994 73.7959 33.6942 51.9594 51.6168 20.8485
internal_count=68258 63179 58702 31236 4477 3463 5079 4576 1185 3391 1014 27466 503 375
is_linear=0
shrinkage=0.04


Tree=17
num_leaves=15
num_cat=0
split_feature=11 7 29 32 6 5 34 18 14 1 4 33 11 12
split_gain=89.5129 38.802 21.3099 21.1791 9.59209 12.0321 7.87859 6.40971 9.80306 5.66145 5.583 3.68779 1.9336 0.0716753
threshold=0.24496664851903918 -0.37116026878356928 0.013364522717893125 0.72233560090702953 -0.15078225731849668 -0.1061887927353382 0.49369736772416722 -0.0015035310061648486 0.15849417448043826 0.24974877387285235 -0.31764316558837885 0.12966837130017048 0.29634582996368414 0.73369619250297557
decision_type=2 2 2 2 2 2 2 2 2 2 2 2 2 2
left_child=1 4 3 -3 5 -1 12 9 -9 -8 -4 -6 -2 -14
right_child=6 2 10 -5 11 -7 7 8 -10 -11 -12 -13 13 -15
leaf_value=0.015696345889000506 -0.0071931197786162205 -0.03380660656581734 -0.0079943962454157459 0.0073910213563983407 0.02117171260489227 -0.052739845530473208 0.031513886661156176 -0.04858786601502476 0.045728221172599927 -0.0014918212000268897 -0.044144106357968615 0.053704074973068193 -0.056008919642789687 -0.072924193034376097
leaf_weight=12.261562401487028 2.3437991307582702 36.815831357729621 7.5566607608343466 43.622667201794684 21.299908085784413 6.1832810625201082 115.01739787764382 4.2571708652540101 3.0098556551383808 8.963119733380152 71.639249028055929 7.5517696101451284 0.82973963476251789 0.77531987905967981
leaf_count=1638 206 17632 2018 6792 930 1840 3214 698 46 599 32260 69 209 107
internal_value=-9.30942e-10 -0.0165378 -0.025966 -0.0114647 0.0152838 -0.00724558 0.0253127 0.0269876 -0.00952405 0.0291278 -0.0406948 0.0296869 -0.030356 -0.0641798
internal_weight=342.127 206.931 159.634 80.4385 47.2965 18.4448 135.196 131.248 7.26703 123.981 79.1959 28.8517 3.94886 1.60506
internal_count=68258 63179 58702 24424 4477 3478 5079 4557 744 3813 34278 999 522 316
is_linear=0
shrinkage=0.04


Tree=18
num_leaves=15
num_cat=0
split_feature=11 7 11 12 37 12 20 7 8 29 14 34 9 15
split_gain=82.7949 38.219 21.1303 30.5573 16.3731 9.84769 10.6439 7.70335 15.3796 14.1725 4.89443 4.6997 3.79393 9.87258
threshold=0.24496664851903918 -0.37116026878356928 0.009731044992804529 0.076725702732801451 1.0000000180025095e-35 0.07225369289517404 0.04210992907801419 0.18321578949689868 -0.46650840342044825 0.011925298720598223 0.053475728258490569 0.72921215429403208 26.500000000000004 67.496189117431655
decision_type=2 2 2 2 2 2 2 2 2 2 2 2 2 2
left_child=1 5 3 -3 -4 6 -1 8 11 -10 -7 -2 13 -9
right_child=7 2 4 -5 -6 10 -8 12 9 -11 -12 -13 -14 -15
leaf_value=0.036669737258944533 0.045694829571965787 -0.044033106721112769 -0.014495981520932524 0.020799066213587208 -0.047412655310448804 0.03281424998925879 -0.040612418447288155 0.03243525400932859 0.030796021406675859 -0.038692808664714473 -0.0085706783511462145 0.0094564159257415556 0.038246557782552086 -0.014828862772288193
leaf_weight=4.2869638719130299 15.329929351806642 18.893841281591449 37.279827073216438 30.263997006055433 68.795368553517619 29.177082689944655 8.515325991145799 31.382700953632593 7.1801750618033138 13.573862399498465 5.4220190619816995 9.1399328690022212 50.120894148829393 9.1277697164914553
leaf_count=245 223 9414 9611 4915 34762 433 3218 408 255 2640 581 585 372 596
internal_value=-8.43196e-10 -0.0161983 -0.0257978 -0.00411921 -0.0358442 0.0152385 -0.0147338 0.0241606 0.0106766 -0.0146521 0.0263288 0.0321591 0.0308889 0.0217858
internal_weight=338.49 202.634 155.233 49.1578 106.075 47.4014 12.8023 135.855 45.2239 20.754 34.5991 24.4699 90.6314 40.5105
internal_count=68258 63179 58702 14329 44373 4477 3463 5079 3703 2895 1014 808 1376 1004
is_linear=0
shrinkage=0.04


Tree=19
num_leaves=15
num_cat=0
split_feature=11 7 11 12 35 13 33 11 1 8 14 18 10 0
split_gain=77.3246 33.2717 24.6845 31.867 15.3005 9.05641 7.0261 16.227 9.54157 6.36517 2.72757 11.0702 1.835 1.11309
threshold=0.24496664851903918 -0.37116026878356928 0.009731044992804529 0.076725702732801451 -0.08917242661118506 1.2707444429397585 0.96110200479132535 0.34848363697528845 0.016216975636780265 -0.52111035585403431 0.0716880038380623 -0.017235443927347657 0.27040955424308782 -0.091196600347757326
decision_type=2 2 2 2 2 2 2 2 2 2 2 2 2 2
left_child=1 5 3 -3 -4 9 7 8 -2 -1 11 -8 -12 -9
right_child=6 2 4 -5 -6 -7 10 13 -10 -11 12 -13 -14 -15
leaf_value=0.022907023855865717 -0.017380117247866929 -0.043942359031545523 -0.0076433851037570688 0.021217862939077729 -0.044124708030503015 -0.049457597827260696 -0.028436620547854272 0.010931550675763827 0.030523813520993009 -0.033854834657658914 0.039515886328265699 0.041036377724103935 0.025986150606880892 -0.049007487253676756
leaf_weight=40.983330427028704 8.2741287721437384 18.666151029756293 23.902358997263946 33.669959002523683 79.823200880142394 3.3730437412741585 5.7519485272932789 0.53658614651067171 33.948419556603767 3.4251151612843378 41.623203510185704 10.13783005136065 26.09409215580672 6.5079492190852752
leaf_count=2611 881 9414 5606 4915 38767 1196 325 75 1180 670 226 121 354 1917
internal_value=8.60337e-10 -0.015476 -0.0244179 -0.00202212 -0.035718 0.0137297 0.0237418 0.0117595 0.0211363 0.0185291 0.0308026 0.0158878 0.0343024 -0.0444419
internal_weight=336.717 203.843 156.062 52.3361 103.726 47.7815 132.874 49.2671 42.2225 44.4084 83.6071 15.8898 67.7173 7.04454
internal_count=68258 63179 58702 14329 44373 4477 5079 4053 2061 3281 1026 446 580 1992
is_linear=0
shrinkage=0.04


Tree=20
num_leaves=15
num_cat=0
split_feature=11 7 11 12 37 29 18 7 32 29 5 34 13 13
split_gain=71.7614 30.5217 23.2168 29.452 15.2059 8.46023 7.35983 6.00373 14.7184 13.0702 5.55953 5.16716 3.65711 4.14569
threshold=0.24496664851903918 -0.37116026878356928 0.009731044992804529 0.076725702732801451 1.0000000180025095e-35 0.02286629565060139 -0.28984545171260828 0.18321578949689868 0.43763412017167386 0.011925298720598223 0.042375160381197936 0.093928222579323831 1.0875195264816286 0.82135653495788585
decision_type=2 2 2 2 2 2 2 2 2 2 2 2 2 2
left_child=1 5 3 -3 -4 11 -7 8 10 -10 -2 -1 13 -9
right_child=7 2 4 -5 -6 6 -8 12 9 -11 -12 -13 -14 -15
leaf_value=0.056089827651047024 0.041871137620850291 -0.043288047821241932 -0.013874983589310051 0.019365526779011238 -0.046251328063640726 0.025949607969049562 -0.051071864960659664 -0.011116715808371185 0.028574267980112499 -0.038551670221065225 -0.0065603550603490169 0.01499649855902677 0.034798722452574544 0.025294716340290714
leaf_weight=5.7501221977872765 18.965390418889005 18.295900767290732 35.913717293995433 34.909795184561517 65.616132861585356 3.1323432982899249 5.4193368924316001 6.3402678477577892 7.2614468357060131 12.861348489532245 4.7401257838937445 32.954572491231374 58.151419107220136 23.723027460335288
leaf_count=48 402 9414 9611 4915 34762 319 1782 418 274 2470 557 2328 542 416
internal_value=7.06522e-10 -0.0149899 -0.0235827 -0.00217923 -0.034799 0.013146 -0.0228601 0.0229308 0.0108302 -0.0143288 0.0321868 0.0211015 0.0289428 0.0176156
internal_weight=334.035 201.992 154.736 53.2057 101.53 47.2564 8.55168 132.043 43.8283 20.1228 23.7055 38.7047 88.2147 30.0633
internal_count=68258 63179 58702 14329 44373 4477 2101 5079 3703 2744 959 2376 1376 834
is_linear=0
shrinkage=0.04


Tree=21
num_leaves=15
num_cat=0
split_feature=11 7 11 12 37 12 4 13 7 27 6 1 33 27
split_gain=67.8434 29.4802 22.226 27.5348 14.0328 9.8323 10.8375 6.24415 10.4772 7.63597 11.8303 5.63821 4.38288 3.19833
threshold=0.24496664851903918 -0.37116026878356928 0.009731044992804529 0.076725702732801451 1.0000000180025095e-35 0.079615257680416121 -0.59343871474266041 0.78321376442909252 -0.22178152948617932 0.37517923116683966 0.24558271467685702 0.24974877387285235 0.02056203844636113 0.37517923116683966
decision_type=2 2 2 2 2 2 2 2 2 2 2 2 2 2
left_child=1 5 3 -3 -4 6 -1 8 -2 11 -11 -9 -7 -10
right_child=7 2 4 -5 -6 12 -8 9 13 10 -12 -13 -14 -15
leaf_value=0.03008635489595524 0.03378325131246071 -0.042709886513213648 -0.014282459198281762 0.017978822873656004 -0.045493142752326535 0.042714986167239503 -0.042705721214863504 0.030594200831779324 -0.067845859242463127 -0.064703660982382005 0.022790213086244272 -0.0042538228618058871 0.012965059854851227 0.00031986819796733605
leaf_weight=5.2832847292302167 4.9866168209118769 17.983500843547517 36.033975472935708 35.720779859519098 63.963934833736857 13.433963423012754 8.5983995647693501 102.06276690436061 3.6483883195905928 3.7385176222305727 7.3023385062115267 8.0116942798485962 19.315700784150977 1.5775018552085383
leaf_count=193 174 9414 9611 4915 34762 95 3378 2378 756 824 258 538 811 151
internal_value=2.84737e-11 -0.0146476 -0.0230994 -0.00234349 -0.0342465 0.0132103 -0.0150015 0.0223442 -0.00769246 0.0248769 -0.00683588 0.0280578 0.0251685 -0.0472692
internal_weight=331.661 200.334 153.702 53.7043 99.9979 46.6313 13.8817 131.328 10.2125 121.115 11.0409 110.074 32.7497 5.22589
internal_count=68258 63179 58702 14329 44373 4477 3571 5079 1081 3998 1082 2916 906 907
is_linear=0
shrinkage=0.04


Tree=22
num_leaves=15
num_cat=0
split_feature=11 7 11 12 35 6 5 9 13 14 6 13 18 9
split_gain=65.428 28.2239 20.039 24.8999 13.5178 8.82168 8.82604 6.38142 10.4622 12.1662 4.34632 3.74731 6.72193 2.78502
threshold=0.24496664851903918 -0.37116026878356928 0.009731044992804529 0.076725702732801451 -0.08917242661118506 -0.15078225731849668 -0.1061887927353382 26.500000000000004 1.6631980538368227 0.1064860336482525 -0.088313292711973176 1.1449786424636843 -0.0085594798438251001 15.500000000000002
decision_type=2 2 2 2 2 2 2 2 2 2 2 2 2 2
left_child=1 5 3 -3 -4 6 -1 8 9 -2 -7 12 -9 -10
right_child=7 2 4 -5 -6 10 -8 11 13 -11 -12 -13 -14 -15
leaf_value=0.010755831903607444 0.004225126123440991 -0.042284444671213749 -0.0068167166005392308 0.015802034133267643 -0.041873161126356237 0.037704555713095625 -0.049182481857628621 -0.0091589246390250054 -0.058147959454207476 0.036101540334327137 0.0051419547790540997 0.040986302365085707 0.040986913784147101 0.01082438140876763
leaf_weight=11.546256821195131 42.605474169831723 17.564891162503045 22.988238567020744 36.025099024991505 75.070555523998337 18.792142453079581 5.9596355071407734 7.9150790940038886 3.7741592777892938 34.809181257616729 10.074488609097896 32.756195568712428 9.3053621193394047 1.2459172935923559
leaf_count=1638 2969 9414 5606 4915 38767 593 1840 305 845 699 406 137 61 63
internal_value=-2.22525e-09 -0.0145548 -0.0229055 -0.00323665 -0.0336548 0.0127539 -0.00964933 0.0217667 0.0149294 0.0185582 0.0263402 0.0330446 0.0179382 -0.0410299
internal_weight=330.433 198.021 151.649 53.59 98.0588 46.3725 17.5059 132.411 82.4347 77.4147 28.8666 49.9766 17.2204 5.02008
internal_count=68258 63179 58702 14329 44373 4477 3478 5079 4576 3668 999 503 366 908
is_linear=0
shrinkage=0.04


Tree=23
num_leaves=15
num_cat=0
split_feature=11 7 37 29 33 12 4 9 15 16 37 12 13 18
split_gain=62.568 26.8519 19.9895 24.7461 16.6238 9.1959 9.61685 6.41366 9.69727 21.1831 13.2651 4.60261 3.08426 5.04842
threshold=0.24496664851903918 -0.37116026878356928 1.0000000180025095e-35 0.010410954244434835 0.65418613707165119 0.079615257680416121 -0.59343871474266041 26.500000000000004 64.815937042236342 0.51250781738586626 1.5000000000000002 0.095041260123252883 1.1052449345588686 -0.0085594798438251001
decision_type=2 2 2 2 2 2 2 2 2 2 2 2 2 2
left_child=1 5 4 -4 -3 6 -1 8 10 -10 -2 -7 13 -9
right_child=7 2 3 -5 -6 11 -8 12 9 -11 -12 -13 -14 -15
leaf_value=0.027165132717471667 0.027211415665742363 -0.02698035701354987 0.0071336778220966015 -0.044088137154604128 0.016750437905900448 0.038865288531430661 -0.041930856813667747 -0.006425623629570304 -0.056718413240548861 0.025944132239531407 -0.049173219819729178 0.0089304067221390674 0.039175318204824512 0.039452998809860133
leaf_weight=5.2343424117425448 57.220077502075583 26.008096851815935 18.884327065316029 75.12649408946163 29.895697100204416 16.229184049298055 8.3869199862238002 7.3057764172554007 8.7000894460943545 11.538391035050152 3.8845684771658844 16.648363482323475 34.832094232318923 8.083781971014103
leaf_count=193 1786 9435 3507 42087 3673 211 3378 286 1275 590 925 695 157 60
internal_value=-7.71825e-10 -0.0142987 -0.0225356 -0.033799 -0.00359442 0.0122573 -0.0153788 0.0213466 0.0144071 -0.00959073 0.0223555 0.023707 0.0325864 0.0176734
internal_weight=327.978 196.413 149.915 94.0108 55.9038 46.4988 13.6213 131.565 81.3431 20.2385 61.1046 32.8775 50.2217 15.3896
internal_count=68258 63179 58702 45594 13108 4477 3571 5079 4576 1865 2711 906 503 346
is_linear=0
shrinkage=0.04


Tree=24
num_leaves=15
num_cat=0
split_feature=11 7 35 30 37 12 9 33 8 30 7 6 5 21
split_gain=59.1758 25.7446 19.3788 18.0328 8.51024 6.69216 5.73136 9.56177 12.387 3.48203 2.96432 2.16253 1.63442 0.818205
threshold=0.24496664851903918 -0.37116026878356928 -0.040884053334593766 3.5000000000000004 1.5000000000000002 0.07225369289517404 26.500000000000004 0.20430157261794638 -0.46650840342044825 4.5000000000000009 0.27948945760726934 -0.22503907233476636 0.10497306659817697 0.83752357008170975
decision_type=2 2 2 2 2 2 2 2 2 2 2 2 2 2
left_child=1 4 3 -3 5 -1 7 12 -9 10 -8 -4 -2 -6
right_child=6 2 11 -5 13 -7 9 8 -10 -11 -12 -13 -14 -15
leaf_value=-0.0098036280135806089 -0.066703348108739152 -0.043259340582870856 0.003152515108365807 -0.0032821631373940491 -0.049840632212195576 0.026703065052764898 0.035540509369882775 0.041354716356286562 0.0066305676271077134 0.040677092629598031 0.0052066009402575667 -0.045094360570787029 -0.0078650676575437832 0.0042364199006735071
leaf_weight=10.77258465538034 2.542434413102455 23.33557710039895 1.5375254554674018 79.755987383949105 3.5690354310499961 31.605540347984061 9.5453018010593969 23.747850001906045 53.39252903230954 28.643404329195619 11.20566392294131 44.728852698608534 1.0746693046530706 0.51187303953338403
leaf_count=2371 389 11541 308 19695 1407 644 133 420 3643 128 242 27158 124 55
internal_value=-1.21694e-11 -0.0138945 -0.0219836 -0.0123313 0.0121105 0.017423 0.0209047 0.0143401 0.0173205 0.0316376 0.01916 -0.043491 -0.049222 -0.0430577
internal_weight=325.969 195.817 149.358 103.092 46.459 42.3781 130.152 80.7575 77.1404 49.3944 20.751 46.2664 3.6171 4.08091
internal_count=68258 63179 58702 31236 4477 3015 5079 4576 4063 503 375 27466 513 1462
is_linear=0
shrinkage=0.04


Tree=25
num_leaves=15
num_cat=0
split_feature=11 7 11 12 37 13 32 33 11 35 13 20 27 34
split_gain=56.8874 23.5005 19.2552 23.1206 12.1661 7.96355 8.26922 5.8681 14.4201 9.01313 4.12824 2.82989 2.61781 2.59424
threshold=0.24496664851903918 -0.37116026878356928 0.009731044992804529 0.076725702732801451 1.0000000180025095e-35 0.70535290241241466 0.42116461366181418 0.96110200479132535 0.34848363697528845 -0.021786951459944245 0.1256554573774338 0.97646733111849404 0.14810518175363543 0.92110722865254424
decision_type=2 2 2 2 2 2 2 2 2 2 2 2 2 2
left_child=1 5 3 -3 -4 10 -7 8 9 -2 -1 13 -13 -9
right_child=7 2 4 -5 -6 6 -8 11 -10 -11 -12 12 -14 -15
leaf_value=0.052685998468769375 0.024422204803042774 -0.041040150687190406 -0.01379275353114035 0.015588999425869181 -0.043497944348597384 -0.040968278692862715 0.019353972814065073 0.019350301423694125 -0.041775203127951979 -0.039462323283267153 0.015538393063441451 0.02833581874921556 -0.0069075511999453047 0.036460116703116149
leaf_weight=5.876734517747539 39.741496013186406 16.865644679608522 35.255032114044297 36.501556361734401 58.940703747677617 7.9111135755083506 6.7285961354500614 20.975699706934392 7.3632626078324384 3.878321716329082 25.8025026289979 6.7679134495556337 6.7207171071786433 43.756710370769724
leaf_count=33 1474 9414 9611 4915 34762 2500 404 458 1992 587 1540 76 228 264
internal_value=-2.2758e-09 -0.0137018 -0.0215041 -0.00230752 -0.0323801 0.0111546 -0.0132434 0.0205608 0.0100019 0.0187421 0.0224296 0.0274429 0.0107758 0.0309159
internal_weight=323.086 193.882 147.563 53.3672 94.1957 46.3189 14.6397 129.204 50.9831 43.6198 31.6792 78.221 13.4886 64.7324
internal_count=68258 63179 58702 14329 44373 4477 2904 5079 4053 2061 1573 1026 304 722
is_linear=0
shrinkage=0.04


Tree=26
num_leaves=15
num_cat=0
split_feature=11 7 11 12 37 6 2 0 28 13 32 33 9 35
split_gain=52.9944 23.538 18.2329 21.3919 11.5861 7.96364 8.95027 5.69128 7.16149 5.73154 6.62798 4.11984 3.78651 2.19669
threshold=0.24496664851903918 -0.37116026878356928 0.009731044992804529 0.076725702732801451 1.0000000180025095e-35 -0.15078225731849668 -0.24717724323272702 0.12587550282478335 0.26769362390041357 1.0875195264816286 0.97231800766283538 0.12966837130017048 26.500000000000004 -0.016554443165659901
decision_type=2 2 2 2 2 2 2 2 2 2 2 2 2 2
left_child=1 5 3 -3 -4 6 -1 9 13 10 -2 -7 -11 -9
right_child=7 2 4 -5 -6 11 -8 8 -10 12 -12 -13 -14 -15
leaf_value=0.016161950347909668 -0.0096055465645795233 -0.040531617730024026 -0.013841052525355578 0.01420903059096228 -0.042994595410472541 0.014378598693027171 -0.041729113846331239 -0.065891752001308229 0.020758139829727008 0.021242506488082964 0.023829908734301727 0.047074843762987539 0.03903143987826644 -0.0052882118977590755
leaf_weight=9.5052968267409614 16.285243413498392 16.481088193919277 35.217357038753107 37.211901967297308 57.295277685159817 19.972365843597803 7.7625886104069641 3.0495840579969808 5.741074295132421 46.197303846478462 22.720885543618351 8.9198052041465399 32.694416897371411 1.3945745123783106
leaf_count=1171 1833 9414 9611 4915 34762 930 2307 460 204 1812 469 69 136 165
internal_value=5.23644e-11 -0.0132733 -0.0211353 -0.00259364 -0.0318965 0.0116285 -0.00986234 0.0199349 -0.0087522 0.0224132 0.00987045 0.0244728 0.0286146 -0.0468744
internal_weight=320.449 192.366 146.206 53.693 92.5126 46.1601 17.2679 128.083 10.1852 117.898 39.0061 28.8922 78.8917 4.44416
internal_count=68258 63179 58702 14329 44373 4477 3478 5079 829 4250 2302 999 1948 625
is_linear=0
shrinkage=0.04


Tree=27
num_leaves=15
num_cat=0
split_feature=11 7 35 12 12 4 9 38 22 14 13 30 20 6
split_gain=48.6661 22.6816 17.654 16.8802 7.66852 9.16134 5.05151 8.93594 13.4794 5.8894 3.92169 3.63775 3.23615 2.28345
threshold=0.24496664851903918 -0.37116026878356928 -0.040884053334593766 0.076725702732801451 0.079615257680416121 -0.59343871474266041 26.500000000000004 0.37581168831168837 0.077217839658260359 0.10240867733955385 0.1256554573774338 4.5000000000000009 0.96841755319148948 -0.22079345583915708
decision_type=2 2 2 2 2 2 2 2 2 2 2 2 2 2
left_child=1 4 3 -3 5 -1 7 9 -9 -2 -6 12 -8 -4
right_child=6 2 13 -5 10 -7 11 8 -10 -11 -12 -13 -14 -15
leaf_value=0.027034205240878073 -0.0063579498678595263 -0.043739710557881478 0.0034081949712935146 -0.003155207249583934 0.051538286654255368 -0.040159887825316619 0.00096634764520474867 -0.043463320718752502 0.01228670516322059 0.042324989256934654 0.015697628396706523 0.039244936730770175 0.032744794454323774 -0.043851945166983618
leaf_weight=5.3859460622770703 4.9503441975684863 20.602286481880583 1.7028649552958075 80.343519750400446 6.0100678321905425 8.1729563838453014 10.250517379841769 8.1675741960061696 46.133240662573371 20.198808353627101 26.087938758428209 26.796032355632633 10.258451582863925 41.515003542241175
leaf_count=193 512 11588 352 19648 9 3378 264 1314 2436 314 897 128 111 27114
internal_value=-1.13059e-09 -0.0128158 -0.0205971 -0.0114382 0.0117539 -0.0134687 0.0191922 0.0130305 0.00390115 0.0327423 0.0224085 0.0295407 0.0168617 -0.0419898
internal_weight=316.576 189.821 144.164 100.946 45.6569 13.5589 126.755 79.45 54.3008 25.1492 32.098 47.305 20.509 43.2179
internal_count=68258 63179 58702 31236 4477 3571 5079 4576 3750 826 906 503 375 27466
is_linear=0
shrinkage=0.04


Tree=28
num_leaves=15
num_cat=0
split_feature=11 7 35 30 12 20 7 5 1 14 34 30 5 11
split_gain=48.0931 21.7642 16.699 16.3229 7.78488 7.87803 5.69758 12.6575 13.4161 4.7094 3.63396 3.18233 9.83757 3.26901
threshold=0.24496664851903918 -0.37116026878356928 -0.040884053334593766 3.5000000000000004 0.079615257680416121 0.04210992907801419 0.18321578949689868 0.061975389719009406 0.016216975636780265 0.033369613811373718 0.093928222579323831 3.5000000000000004 -0.11519249156117438 0.5293821692466737
decision_type=2 2 2 2 2 2 2 2 2 2 2 2 2 2
left_child=1 4 3 -3 5 -1 7 8 -2 -9 -6 12 -8 -13
right_child=6 2 -4 -5 10 -7 11 9 -10 -11 -12 13 -14 -15
leaf_value=0.02995240722089209 -0.02180065873205023 -0.042146252490394089 -0.041589953663583944 -0.0031382631418262726 0.050048196193602505 -0.035603703656945734 0.041741911239453804 0.045179503349715856 0.03330222771612977 -0.046725140070010773 0.015414557966135048 0.033650946924268517 -0.028224073467312667 0.013677847197562326
leaf_weight=4.3274228390073395 9.7737198780232557 21.938414721138543 42.232899702939903 78.86078914089012 5.9241151676978907 9.102172405284362 6.4731238315580413 1.0103236911818365 25.552919114008546 7.6233658383134753 26.669005861971527 52.267293062934186 6.38899977004621 17.501598966540769
leaf_count=248 1447 11541 27466 19695 16 3323 26 18 667 1571 890 498 366 486
internal_value=-1.80721e-09 -0.0127764 -0.0204749 -0.0116281 0.0111494 -0.0144795 0.0190806 0.00744623 0.0180571 -0.0359704 0.0217096 0.0252702 0.00698772 0.0286407
internal_weight=315.646 189.055 143.032 100.799 46.0227 13.4296 126.591 43.9603 35.3266 8.63369 32.5931 82.631 12.8621 69.7689
internal_count=68258 63179 58702 31236 4477 3571 5079 3703 2114 1589 906 1376 392 984
is_linear=0
shrinkage=0.04


Tree=29
num_leaves=15
num_cat=0
split_feature=11 8 37 29 35 12 4 33 11 35 14 14 36 28
split_gain=45.8935 20.5989 16.0401 20.5633 15.5351 10.2734 8.419 5.40968 12.9429 7.66753 5.28116 2.82982 7.0411 1.76031
threshold=0.24496664851903918 -0.52499502897262562 1.0000000180025095e-35 0.010410954244434835 -0.086852632462978349 0.079615257680416121 -0.59343871474266041 0.96110200479132535 0.34848363697528845 -0.021786951459944245 0.053475728258490569 0.068493857979774489 0.32804465069609939 0.1635730862617493
decision_type=2 2 2 2 2 2 2 2 2 2 2 2 2 2
left_child=1 5 4 -4 -3 6 -1 8 9 -2 -7 12 -9 -13
right_child=7 2 3 -5 -6 10 -8 11 -10 -11 -12 13 -14 -15
leaf_value=0.023652711178291694 0.022197544974222844 0.024480924741528028 0.0070443420750384289 -0.040603623299385147 -0.02007801646939264 0.03055838659022133 -0.039394925320308229 -0.033097542242691125 -0.040530943325787411 -0.037262702861123723 -0.012810517662604697 0.033319473357804698 0.031586090859699101 0.019144756246489411
leaf_weight=5.2452372899278989 39.104497409309261 20.481955125549575 18.308295773924328 69.519944091938669 32.199652517447248 26.534101338882468 9.5746203517483064 4.3277581917354819 7.3482450000883537 3.8078299118205896 5.4082281873270395 43.32474540383555 7.1264767732936889 20.722655602614395
leaf_count=205 1474 1885 3509 41990 10055 576 4222 294 1992 587 737 295 110 327
internal_value=-4.62237e-10 -0.012551 -0.0202041 -0.0306711 -0.00275405 0.010445 -0.0170803 0.0186896 0.00852164 0.0169213 0.0232155 0.0254584 0.00714665 0.0287332
internal_weight=313.034 187.272 140.51 87.8282 52.6816 46.7622 14.8199 125.762 50.2606 42.9123 31.9423 75.5016 11.4542 64.0474
internal_count=68258 63179 57439 45499 11940 5740 4427 5079 4053 2061 1313 1026 404 622
is_linear=0
shrinkage=0.04


Tree=30
num_leaves=15
num_cat=0
split_feature=11 8 12 34 11 4 4 7 32 14 32 9 17 13
split_gain=43.1595 19.5744 21.9688 23.7596 14.0759 11.0579 7.15429 4.98837 12.5109 11.0009 5.3885 3.57125 5.11137 3.24738
threshold=0.24496664851903918 -0.2468699365854263 0.076725702732801451 0.76367472190257013 0.14466338604688647 -0.59343871474266041 -0.01353732170537114 0.18321578949689868 0.43763412017167386 0.057970074936747558 0.27099788965933075 17.500000000000004 -1.0000000180025095e-35 1.0996546745300295
decision_type=2 2 2 2 2 2 2 2 2 2 2 2 2 2
left_child=1 2 5 -4 -3 -1 -6 8 10 -10 -2 12 -9 -13
right_child=7 4 3 -5 6 -7 -8 11 9 -11 -12 13 -14 -15
leaf_value=0.02230220387382827 -0.0016610465499310066 -0.047361227466553961 0.012560186370685273 -0.037768884793842106 0.052041474967089343 -0.040214275588037439 -0.029493749824172348 -0.035494281826827893 0.015561528861476727 -0.042557205106074067 0.040308204856534469 0.015684248991694249 0.025578546824205878 0.033410794815842956
leaf_weight=5.2579596836585543 7.0254819054389399 33.878639760398073 88.054072441154858 18.09149110110593 3.8036906700581312 32.560849608649733 3.1459636706858864 3.7334231830900535 9.8769675840449072 11.03042157483287 16.13840192637872 25.807726697647013 5.3127327127149311 46.020095407962799
leaf_count=202 597 20165 15722 6878 372 18486 1354 240 744 2000 362 650 155 331
internal_value=-1.88679e-09 -0.0122777 -0.00534484 0.00398208 -0.0367238 -0.0315226 0.0151322 0.0181586 0.0073317 -0.015101 0.0275792 0.0240587 0.000373286 0.0270416
internal_weight=309.738 184.793 143.964 106.146 40.8283 37.8188 6.94965 124.945 44.0713 20.9074 23.1639 80.874 9.04616 71.8278
internal_count=68258 63179 41288 22600 21891 18688 1726 5079 3703 2744 959 1376 395 981
is_linear=0
shrinkage=0.04


Tree=31
num_leaves=15
num_cat=0
split_feature=11 7 37 9 35 13 28 33 11 1 12 20 27 20
split_gain=40.7949 18.4029 21.4165 20.9995 13.3401 5.46634 6.4679 4.71774 12.9894 7.22328 3.56324 2.60001 3.75575 2.99481
threshold=0.24496664851903918 -0.46454590559005732 1.0000000180025095e-35 24.500000000000004 -0.086852632462978349 0.48151510953903204 0.053183229640126235 0.96110200479132535 0.34848363697528845 0.016216975636780265 0.076725702732801451 0.97646733111849404 0.13444313406944278 0.92492774566474001
decision_type=2 2 2 2 2 2 2 2 2 2 2 2 2 2
left_child=1 5 4 -4 -3 6 -1 8 9 -2 -7 13 -13 -9
right_child=7 2 3 -5 -6 10 -8 11 -10 -11 -12 12 -14 -15
leaf_value=0.044785780211368448 -0.015979089752593538 0.021034162373256768 -0.040946217714648674 0.0027748296179594917 -0.01450680555464769 0.00030882239103548296 -0.072692092457230906 0.019815941298063827 -0.043692939473483107 0.024588741802011729 0.039989937020945485 0.02956230296257472 -0.013514847980305512 0.037664908648894782
leaf_weight=1.230041327769871 8.8377528015989792 28.442632196529303 67.158809614425991 23.808362910524011 41.628118020889815 4.8375651678652529 1.9207559638016389 34.622649428551085 6.6808011394750784 34.189506327384152 14.394481522147542 6.4232183713465911 6.5310455941362306 26.592728371033445
leaf_count=17 881 2755 41797 5529 11604 979 382 552 1992 1180 116 62 242 170
internal_value=-7.8024e-10 -0.0119772 -0.0167008 -0.0295033 -8.02627e-05 0.0220076 -0.0268298 0.0177342 0.00819895 0.0162562 0.0300087 0.0241246 0.00784445 0.0275698
internal_weight=307.298 183.421 161.038 90.9672 70.0708 22.3828 3.1508 123.878 49.7081 43.0273 19.232 74.1696 12.9543 61.2154
internal_count=68258 63179 61685 47326 14359 1494 399 5079 4053 2061 1095 1026 304 722
is_linear=0
shrinkage=0.04


Tree=32
num_leaves=15
num_cat=0
split_feature=11 8 12 34 11 4 29 14 18 14 1 35 29 8
split_gain=37.9238 17.6543 21.0196 20.5887 13.1987 9.18651 6.59071 4.65312 5.40686 8.64916 5.37037 3.10513 0.630657 0.10495
threshold=0.24496664851903918 -0.2468699365854263 0.076725702732801451 0.76367472190257013 0.14466338604688647 -0.59343871474266041 0.011628537904471161 0.045668462291359908 -0.0015035310061648486 0.15849417448043826 0.24974877387285235 -0.027425867505371567 0.013364522717893125 -0.18448075652122495
decision_type=2 2 2 2 2 2 2 2 2 2 2 2 2 2
left_child=1 2 5 -4 12 -1 -6 11 10 -10 -9 13 -3 -2
right_child=7 4 3 -5 6 -7 -8 8 9 -11 -12 -13 -14 -15
leaf_value=0.019185812164332853 -0.049279145022322821 -0.051981316447494159 0.011909669627320962 -0.035876995252242236 0.051197665441686524 -0.039239967327514273 -0.027858322886294747 0.023016897397753464 -0.056113911496494452 0.036849156897997129 -0.011365795951504103 0.011197100276184991 -0.040779821488032837 -0.067420536818039931
leaf_weight=4.9879678963916367 0.9166297581396069 15.593616544327231 87.307465612393571 17.280907688138541 3.6975004969863212 31.48783570699743 3.1034380904748105 104.47706833618577 3.7806584070785894 2.7778730754507706 7.8119740530382833 1.9274304467253376 16.606017765006982 1.1507864537998105
leaf_count=202 190 9302 15722 6878 278 18486 1448 3156 711 46 628 149 10863 199
internal_value=-2.46073e-10 -0.0116902 -0.00510454 0.00401398 -0.0355103 -0.0312504 0.0151224 0.0171357 0.018563 -0.0167393 0.0206249 -0.0253266 -0.0462045 -0.0593772
internal_weight=302.907 180.065 141.064 104.588 39.0006 36.4758 6.80094 122.842 118.848 6.55853 112.289 3.99485 32.1996 2.06742
internal_count=68258 63179 41288 22600 21891 18688 1726 5079 4541 757 3784 538 20165 389
is_linear=0
shrinkage=0.04


Tree=33
num_leaves=14
num_cat=0
split_feature=37 12 30 3 4 25 6 36 33 4 11 32 29
split_gain=36.5384 31.8631 21.9162 9.16167 8.1732 1.48196 0.637366 1.62948 0.727471 0.312496 0.184886 0.116717 0.0823615
threshold=2.5000000000000004 0.076725702732801451 5.5000000000000009 0.22763150930404666 -0.59343871474266041 -0.017324566841125485 -0.11308657377958296 0.43632322175732224 0.087792703516112472 0.27640278637409216 0.24496664851903918 0.95280994412503051 0.010410954244434835
decision_type=2 2 2 2 2 2 2 2 2 2 2 2 2
left_child=1 4 3 -3 -1 -6 7 8 -2 -4 12 -12 -8
right_child=6 2 9 -5 5 -7 10 -9 -10 -11 11 -13 -14
leaf_value=0.014681128332583818 -0.011556743013966404 0.0065302130154955606 -0.046134023455104513 0.023605413908177247 -0.043411799768075195 -0.0098460690995523653 -0.052812994241878713 0.039955691837198402 -0.045932762764936241 -0.087120609839599975 -0.050576782530490812 -0.068347544510891284 -0.045074429047817263
leaf_weight=5.0270165111869565 1.2489386428496825 154.8866266264813 10.075386321434049 74.439338835538365 25.896975135663524 2.2907409120234687 2.5535777423065218 0.4541810646187513 4.6603608984150924 0.30669238802511323 1.4454898650001262 1.0007472583674824 15.915263224174849
leaf_count=223 653 23788 7347 2105 15091 1628 1259 227 2885 49 597 160 12246
internal_value=-7.16416e-10 0.00441183 0.00949938 0.0120728 -0.0323045 -0.040684 -0.0441405 -0.0330558 -0.0386673 -0.0473448 -0.0475131 -0.0578467 -0.0461444
internal_weight=300.201 272.923 239.708 229.326 33.2147 28.1877 27.2786 6.36348 5.9093 10.3821 20.9151 2.44624 18.4688
internal_count=68258 50231 33289 25893 16942 16719 18027 3765 3538 7396 14262 757 13505
is_linear=0
shrinkage=0.04


Tree=34
num_leaves=14
num_cat=0
split_feature=37 12 30 3 4 25 6 36 33 7 11 32 29
split_gain=33.6242 29.3882 20.1633 8.62525 7.74844 1.44677 0.639918 1.57679 0.731743 0.290448 0.1351 0.087043 0.0703107
threshold=2.5000000000000004 0.076725702732801451 5.5000000000000009 0.22763150930404666 -0.59343871474266041 -0.017324566841125485 -0.11308657377958296 0.43632322175732224 0.087792703516112472 0.2379453778266907 0.24496664851903918 0.95280994412503051 0.010410954244434835
decision_type=2 2 2 2 2 2 2 2 2 2 2 2 2
left_child=1 4 3 -3 -1 -6 7 8 -2 -4 12 -12 -8
right_child=6 2 9 -5 5 -7 10 -9 -10 -11 11 -13 -14
leaf_value=0.014108459904688102 -0.010824822163055041 0.0060380411171255715 -0.045905814919676637 0.022611336947772329 -0.042878496064633474 -0.0094610126631202683 -0.051964833480628699 0.038025941760916331 -0.045519694479527292 -0.093702779283513005 -0.049680997916173579 -0.065754873843309081 -0.044680870157380009
leaf_weight=4.9919405517866826 1.2437760363391159 155.2172616039752 9.6891873868298681 74.289924204873387 24.961435085744597 2.260602903726979 2.4642415420967216 0.47323660709662352 4.4615696566761471 0.20777977263787839 1.3468876642000389 0.89868755446514104 15.193429262610151
leaf_count=223 653 23788 7353 2105 15091 1628 1259 227 2885 43 597 160 12246
internal_value=1.03791e-09 0.00416568 0.00899209 0.0114027 -0.0317026 -0.0401034 -0.0433817 -0.0321364 -0.0379561 -0.0469093 -0.0468726 -0.0561138 -0.0456974
internal_weight=297.7 271.618 239.404 229.507 32.214 27.222 26.0818 6.17858 5.70535 9.89697 19.9032 2.24558 17.6577
internal_count=68258 50231 33289 25893 16942 16719 18027 3765 3538 7396 14262 757 13505
is_linear=0
shrinkage=0.04


Tree=35
num_leaves=15
num_cat=0
split_feature=11 7 37 9 35 13 28 9 38 22 14 13 18 4
split_gain=31.348 16.5207 17.6809 18.4391 11.8102 5.14417 5.80393 4.57947 8.9938 10.6181 5.5705 3.95375 7.37757 3.46049
threshold=0.24496664851903918 -0.46454590559005732 1.0000000180025095e-35 24.500000000000004 -0.086852632462978349 0.48151510953903204 0.053183229640126235 26.500000000000004 0.37581168831168837 0.077217839658260359 0.10240867733955385 1.1449786424636843 -0.0085594798438251001 -0.37239235639572138
decision_type=2 2 2 2 2 2 2 2 2 2 2 2 2 2
left_child=1 5 4 -4 -3 6 -1 8 10 -10 -2 12 -9 -7
right_child=7 2 3 -5 -6 13 -8 11 9 -11 -12 -13 -14 -15
leaf_value=0.044057441339080523 -0.0089649748495528349 0.019653745586031238 -0.039234174128140384 0.0025339019686146241 -0.01417938770434147 -0.0040049226101093807 -0.074377113374517356 -0.019137816558448977 -0.043119640605694669 0.0078721310171605378 0.039265032474851538 0.034877250873851906 0.036222719809708794 0.038972410254008452
leaf_weight=1.0837764841271593 4.7590238438861006 27.967036600923166 61.16618521847704 23.373307060363004 40.289088369085221 3.7805807109398346 1.7013194955652577 7.3937136770691714 7.633555141335818 45.352796064107679 19.661485544755124 28.244864775333554 8.0394014485646021 14.474461684585545
leaf_count=17 512 2755 41797 5529 11604 742 382 305 1314 2436 314 137 61 353
internal_value=8.78896e-10 -0.010884 -0.0154598 -0.0276862 -0.000316713 0.0223465 -0.0282902 0.0156256 0.00978223 0.000525928 0.0298661 0.0259813 0.00970053 0.0300719
internal_weight=294.921 173.836 152.796 84.5395 68.2561 21.0401 2.7851 121.085 77.4069 52.9864 24.4205 43.678 15.4331 18.255
internal_count=68258 63179 61685 47326 14359 1494 399 5079 4576 3750 826 503 366 1095
is_linear=0
shrinkage=0.04


Tree=36
num_leaves=14
num_cat=0
split_feature=37 12 30 8 4 25 6 36 33 4 6 29 32
split_gain=29.565 25.9378 17.8517 8.25717 7.37427 1.42592 0.663771 1.60193 0.732383 0.262094 0.0898453 0.0577547 0.04859
threshold=2.5000000000000004 0.076725702732801451 5.5000000000000009 -0.40833541750907892 -0.59343871474266041 -0.017324566841125485 -0.11308657377958296 0.43632322175732224 0.087792703516112472 0.43740160763263708 0.16332697123289111 0.010410954244434835 0.97912308228730838
decision_type=2 2 2 2 2 2 2 2 2 2 2 2 2
left_child=1 4 3 -3 -1 -6 7 8 -2 -4 11 -8 -12
right_child=6 2 9 -5 5 -7 10 -9 -10 -11 12 -13 -14
leaf_value=0.013907034899041798 -0.0093714727049953022 0.020525529217535615 -0.045307209469136897 0.004721249326924519 -0.042080100117027522 -0.0083195519810421777 -0.05113137761035387 0.039580300635138933 -0.044827123332444263 -0.092493335767594123 -0.049794944218144385 -0.044339416161125043 -0.065425971160952875
leaf_weight=4.9834820595569935 1.2039502890256724 83.770719177322462 9.0060351347492507 143.5010808314255 23.699195372842958 2.186353719560425 2.3175249587511706 0.47847056764294382 4.129057998303324 0.19236528698820698 0.79159303358755895 14.767862399690783 0.53206722921459004
leaf_count=223 653 6399 7362 19494 15091 1628 1255 227 2885 34 374 12538 95
internal_value=-6.78209e-10 0.00383394 0.00833556 0.0105466 -0.0306504 -0.0392286 -0.042318 -0.0305324 -0.0368229 -0.046294 -0.0460385 -0.0452607 -0.0560781
internal_weight=291.56 267.339 236.47 227.272 30.869 25.8855 24.2205 5.81148 5.33301 9.1984 18.409 17.0854 1.32366
internal_count=68258 50231 33289 25893 16942 16719 18027 3765 3538 7396 14262 13793 469
is_linear=0
shrinkage=0.04


Tree=37
num_leaves=15
num_cat=0
split_feature=11 7 37 9 35 33 8 32 13 28 4 33 5 26
split_gain=28.5139 14.7182 16.161 17.1954 11.2008 8.42018 7.53583 19.9526 4.28871 5.5997 2.94853 1.67819 1.4081 0.0571099
threshold=0.24496664851903918 -0.46454590559005732 1.0000000180025095e-35 24.500000000000004 -0.086852632462978349 0.20430157261794638 -0.46650840342044825 0.86292277851860844 0.48151510953903204 0.053183229640126235 -0.38561235368251795 0.224720122863032 0.10497306659817697 -0.25322386622428888
decision_type=2 2 2 2 2 2 2 2 2 2 2 2 2 2
left_child=1 8 4 -4 -3 12 11 -8 9 -1 -10 -7 13 -2
right_child=5 2 3 -5 -6 6 7 -9 10 -11 -12 -13 -14 -15
leaf_value=0.043898343479799533 -0.05397603185292061 0.018808224207696282 -0.038742343531647287 0.0019478375847581711 -0.014205675405781923 0.048666471397697135 -0.048073950053754859 0.017346990805753863 -0.0041377910294759417 -0.07338595354444459 0.036193007350521195 0.027602079513500744 -0.0063307063260277935 -0.066221109667502512
leaf_weight=1.0936109261820122 1.0080114130396398 28.048181489575654 57.659023339685518 23.344926931051305 39.738967658951879 10.273386716609822 8.1953355577134044 83.027929373347433 3.632263551873625 1.61055631187628 14.393694537749976 14.725459536304696 1.0495975045487282 1.5411072579445311
leaf_count=17 161 2755 41797 5529 11604 32 1790 2335 711 382 384 398 125 238
internal_value=-1.84105e-09 -0.0105569 -0.0149562 -0.0270156 -0.000545566 0.0149358 0.0168017 0.0114697 0.0210195 -0.0259542 0.0280663 0.0362586 -0.0453237 -0.061379
internal_weight=289.342 169.521 148.791 81.004 67.7871 119.821 116.222 91.2233 20.7301 2.70417 18.026 24.9988 3.59872 2.54912
internal_count=68258 63179 61685 47326 14359 5079 4555 4125 1494 399 1095 430 524 399
is_linear=0
shrinkage=0.04


Tree=38
num_leaves=13
num_cat=0
split_feature=11 7 37 9 35 11 10 17 0 22 29 16
split_gain=26.7314 14.8251 15.1053 17.0396 10.8711 5.21379 8.44341 5.97367 5.96163 2.97165 4.41942 1.41119
threshold=0.24496664851903918 -0.46454590559005732 1.0000000180025095e-35 24.500000000000004 -0.086852632462978349 0.25284695625305181 0.094495572149753584 -0.034324200823903077 0.12587550282478335 -0.04084701091051101 0.013086313381791117 0.2887783115991765
decision_type=2 2 2 2 2 2 2 2 2 2 2 2
left_child=1 9 4 -4 -3 -2 7 -7 -8 10 -1 -11
right_child=5 2 3 -5 -6 6 8 -9 -10 11 -12 -13
leaf_value=0.032656710598409147 0.036704613136627054 0.017964332582868496 -0.038715215379717262 0.001880520194015815 -0.014466961407107053 0.01260254312411788 0.01737979080724554 -0.064398867894592135 -0.017285772500840353 0.012010533386062273 -0.034417622394579989 0.039317866098761145
leaf_weight=3.0714375607203719 14.793726802396121 28.388662569195731 55.588202070750413 23.552386909228517 39.613160918175709 2.7619486261392012 89.148015852377284 3.8716845706512677 8.7134072165354137 4.2995855220360673 3.2188621936365962 10.237841017136814
leaf_count=171 231 2755 41797 5529 11604 144 3206 694 804 306 830 187
internal_value=1.91803e-10 -0.010283 -0.0147539 -0.0266338 -0.000927897 0.0144794 0.0113329 -0.0323389 0.0142932 0.0213027 -0.00166646 0.0312415
internal_weight=287.259 167.97 147.142 79.1406 68.0018 119.289 104.495 6.63363 97.8614 20.8277 6.2903 14.5374
internal_count=68258 63179 61685 47326 14359 5079 4848 838 4010 1494 1001 493
is_linear=0
shrinkage=0.04


Tree=39
num_leaves=14
num_cat=0
split_feature=37 12 30 14 4 36 6 36 33 6 4 29 32
split_gain=25.6115 21.9888 15.2479 7.77568 7.11755 1.4428 0.75102 1.58978 0.807602 0.0860003 0.0554774 0.0495597 0.043065
threshold=2.5000000000000004 0.076725702732801451 5.5000000000000009 0.0080111641436815279 -0.59343871474266041 0.01574900793650794 -0.11308657377958296 0.43632322175732224 0.087792703516112472 0.16332697123289111 0.19603969156742099 0.010410954244434835 0.96253342245989315
decision_type=2 2 2 2 2 2 2 2 2 2 2 2 2
left_child=1 4 3 -3 -1 -6 7 8 -2 11 -4 -8 -11
right_child=6 2 10 -5 5 -7 9 -9 -10 12 -12 -13 -14
leaf_value=0.014123133908071269 -0.0052890378036731826 -0.0532521844214211 -0.044495435096491738 0.010473490743392303 -0.0048047828129328916 -0.040957702293628204 -0.050180140494895012 0.042596239453416861 -0.043915315776129664 -0.047812207699076022 -0.062734057212236113 -0.043666008773733937 -0.062406144135820199
leaf_weight=5.0402742592850727 1.1289949220954465 3.1065854878688688 8.1914482895226648 221.30924500664696 1.9174388577230299 22.391556758797378 2.1713276288355727 0.46382945563527744 3.7188314600934973 0.63038325362140202 0.2758259067777552 13.406938116575473 0.66459516622126102
leaf_count=223 653 1292 7325 24601 1057 15662 1255 227 2885 334 71 12538 135
internal_value=-1.39471e-09 0.00349128 0.00760322 0.00959134 -0.0291365 -0.038106 -0.041268 -0.0281508 -0.0349198 -0.0453973 -0.0450896 -0.044574 -0.055302
internal_weight=284.417 262.232 232.883 224.416 29.3493 24.309 22.1849 5.31166 4.84783 16.8732 8.46727 15.5783 1.29498
internal_count=68258 50231 33289 25893 16942 16719 18027 3765 3538 14262 7396 13793 469
is_linear=0
shrinkage=0.04


Tree=40
num_leaves=13
num_cat=0
split_feature=11 7 37 29 35 11 10 17 38 13 20 13
split_gain=24.3927 13.7354 14.3966 15.7587 9.54358 4.6241 6.82796 5.24785 5.01711 2.97071 5.18917 3.1827
threshold=0.24496664851903918 -0.46454590559005732 1.0000000180025095e-35 0.010410954244434835 -0.086852632462978349 0.25284695625305181 0.094495572149753584 -0.034324200823903077 0.37581168831168837 0.48151510953903204 0.057417582417582429 0.69338229298591625
decision_type=2 2 2 2 2 2 2 2 2 2 2 2
left_child=1 9 4 -4 -3 -2 7 -7 -8 10 -1 -11
right_child=5 2 3 -5 -6 6 8 -9 -10 11 -12 -13
leaf_value=0.041918847330894467 0.034761540077821569 0.016654222901838614 0.0073162859900408926 -0.036231028849729605 -0.013743103254636265 0.011701509311258424 0.031552284562789523 -0.061925475639093182 0.0089031807901704899 0.040659815995060161 -0.071213932886060025 0.0064790306424850766
leaf_weight=1.1999627418699703 14.813342574983833 28.504840520850848 17.203180291573517 58.539162802830106 39.323732254764764 2.765581123996526 19.613759946922073 3.5208101245516437 77.402377528400393 10.461633133672878 1.4120398849481715 7.4715225613617795
leaf_count=28 231 2755 3567 43759 11604 144 509 694 3501 206 371 889
internal_value=4.18472e-10 -0.0099762 -0.0143537 -0.0263402 -0.000968679 0.0138614 0.0108644 -0.0295347 0.0134822 0.0206141 -0.0192404 0.026419
internal_weight=282.232 164.116 143.571 75.7423 67.8286 118.116 103.303 6.28639 97.0161 20.5452 2.612 17.9332
internal_count=68258 63179 61685 47326 14359 5079 4848 838 4010 1494 399 1095
is_linear=0
shrinkage=0.04


Tree=41
num_leaves=14
num_cat=0
split_feature=37 12 30 8 4 25 6 36 33 6 34 4 32
split_gain=22.6545 19.3732 13.6339 7.51324 7.05158 1.42722 0.791765 1.51862 0.844969 0.0582289 0.0471497 0.0387591 0.0277473
threshold=2.5000000000000004 0.076725702732801451 5.5000000000000009 -0.40833541750907892 -0.59343871474266041 -0.017324566841125485 -0.11308657377958296 0.43632322175732224 0.087792703516112472 0.16332697123289111 0.92430608607079201 0.19603969156742099 0.97912308228730838
decision_type=2 2 2 2 2 2 2 2 2 2 2 2 2
left_child=1 4 3 -3 -1 -6 7 8 -2 10 -8 -4 -11
right_child=6 2 11 -5 5 -7 9 -9 -10 12 -12 -13 -14
leaf_value=0.015852485071677854 -0.0030558910880116976 0.018474013189645019 -0.044043264889504996 0.0032443920382203601 -0.040369233510470996 -0.0046344119874509246 -0.044630501983903059 0.042039592931292578 -0.043325793543262589 -0.048543580614920138 -0.034614116389670525 -0.059915249589955061 -0.061329480230844322
leaf_weight=4.8126790658570853 1.1001909628685123 82.245204324572114 7.6588827620289512 140.14206591586117 21.21687258177554 1.9528443337330781 13.679021220377759 0.46889786506653752 3.4415361571736867 0.71039541659410932 0.79566605265426993 0.25434267608216021 0.43962622169055976
leaf_count=223 653 6399 7325 19494 15091 1628 13100 227 2885 374 693 71 95
internal_value=7.89173e-10 0.00322223 0.00704086 0.00887674 -0.0282058 -0.0373573 -0.0403312 -0.0264951 -0.0335708 -0.0447682 -0.0440799 -0.0445534 -0.0534313
internal_weight=278.918 258.283 230.3 222.387 27.9824 23.1697 20.6353 5.01062 4.54173 15.6247 14.4747 7.91323 1.15002
internal_count=68258 50231 33289 25893 16942 16719 18027 3765 3538 14262 13793 7396 469
is_linear=0
shrinkage=0.04


Tree=42
num_leaves=15
num_cat=0
split_feature=37 12 30 21 8 18 36 6 36 33 29 11 4 9
split_gain=21.1157 17.415 12.7978 7.64077 7.50558 2.49707 1.90721 0.785398 1.44357 0.798312 0.0400798 0.0446084 0.029403 0.00956483
threshold=2.5000000000000004 0.07225369289517404 5.5000000000000009 0.04210992907801419 -0.40833541750907892 -0.1273822337388992 0.01574900793650794 -0.11308657377958296 0.43632322175732224 0.087792703516112472 0.010410954244434835 0.24496664851903918 0.19603969156742099 24.500000000000004
decision_type=2 2 2 2 2 2 2 2 2 2 2 2 2 2
left_child=1 3 4 5 -3 -1 -5 8 9 -2 13 -12 -4 -9
right_child=7 2 12 6 -6 -7 -8 10 -10 -11 11 -13 -14 -15
leaf_value=0.047592596971842448 -0.0036201416775579671 0.017840830007933701 -0.043736245548726384 -0.00035208754939839348 0.0026731390800999832 -0.016239273533777236 -0.040737763198457122 -0.047230103992717355 0.039221554862136541 -0.043039841057781497 -0.042647654438105496 -0.049754086840802771 -0.058044206460646917 -0.052707013435093243
leaf_weight=2.4846316266339272 1.096611336426579 83.163919029917452 7.4481190871301797 2.0620436848257695 140.19595512846718 1.6198334333894333 20.189221012740745 1.2275322841014706 0.49009382963413362 3.2823296690185089 11.189925993385257 1.6176029438502144 0.2371190765115897 0.87302861269563425
leaf_count=54 653 6650 7445 1035 19690 465 14821 879 227 2885 12246 753 71 384
internal_value=-1.27214e-09 0.00306027 0.0065743 -0.0277452 0.00832055 0.0224013 -0.0369952 -0.0398297 -0.0258816 -0.033168 -0.0443851 -0.0435452 -0.0441777 -0.0495064
internal_weight=277.178 257.401 231.045 26.3557 223.36 4.10447 22.2513 19.7771 4.86903 4.37894 14.9081 12.8075 7.68524 2.10056
internal_count=68258 50231 33856 16375 26340 519 15856 18027 3765 3538 14262 12999 7516 1263
is_linear=0
shrinkage=0.04


Tree=43
num_leaves=15
num_cat=0
split_feature=11 7 18 30 33 8 32 13 32 6 19 2 5 26
split_gain=19.9474 14.1326 12.8542 14.1008 7.3243 7.44005 17.1727 2.38413 3.00005 2.33757 1.93851 1.88831 1.31115 0.0604627
threshold=0.24496664851903918 -0.46454590559005732 -0.036059185862541192 3.5000000000000004 0.20430157261794638 -0.46650840342044825 0.86292277851860844 0.69338229298591625 0.61175823682556796 -0.22503907233476636 0.2561121049493143 -0.048074211925268166 0.10497306659817697 -0.25322386622428888
decision_type=2 2 2 2 2 2 2 2 2 2 2 2 2 2
left_child=1 7 3 -3 12 10 -7 11 -9 -4 -6 -1 13 -2
right_child=4 2 9 -5 5 6 -8 8 -10 -11 -12 -13 -14 -15
leaf_value=0.013550176832710002 -0.052356733542944761 -0.035574161494661076 0.013640006981561486 -0.000162370757282084 0.044600336485927698 -0.047120290638834973 0.01450869791931775 -0.029322744748312892 0.022691227213324033 -0.039887209687517404 0.022226543321591862 0.043975690235864569 -0.0067007939848975871 -0.065118348265166437
leaf_weight=5.549678302340908 0.98852857341989908 22.7088099084649 1.3695376972900728 86.611332949978532 12.758310773875566 7.9547828972281414 79.855721938773058 2.8170707638491868 4.7927396338200197 27.863108778517926 12.046055503189562 7.9235745249898191 1.0507287599612025 1.4884101927164004
leaf_count=510 161 13688 350 23575 68 1790 2335 857 32 24072 362 95 125 238
internal_value=-5.94005e-10 -0.009176 -0.0138186 -0.00751838 0.0126122 0.0143901 0.00892571 0.0213343 0.00343621 -0.0373795 0.0337347 0.0314433 -0.0441424 -0.0600253
internal_weight=275.778 159.636 138.553 109.32 116.143 112.615 87.8105 21.0831 7.60981 29.2326 24.8044 13.4733 3.52767 2.47694
internal_count=68258 63179 61685 37263 5079 4555 4125 1494 889 24422 430 605 524 399
is_linear=0
shrinkage=0.04


Tree=44
num_leaves=15
num_cat=0
split_feature=37 12 30 21 3 18 36 6 36 33 6 34 4 32
split_gain=19.0336 14.3453 11.3635 9.12454 7.10017 2.3364 1.82155 0.836526 1.38057 0.872015 0.039496 0.053356 0.0244168 0.0191129
threshold=2.5000000000000004 0.076725702732801451 5.5000000000000009 0.04210992907801419 0.22763150930404666 -0.1273822337388992 0.026836581709145432 -0.11308657377958296 0.43632322175732224 0.087792703516112472 0.16332697123289111 0.92430608607079201 0.19603969156742099 0.97912308228730838
decision_type=2 2 2 2 2 2 2 2 2 2 2 2 2 2
left_child=1 3 4 5 -3 -1 -5 8 9 -2 11 -9 -4 -12
right_child=7 2 12 6 -6 -7 -8 10 -10 -11 13 -13 -14 -15
leaf_value=0.047815235020359233 -0.0011098197338616507 0.0028161270749574602 -0.043314682156674181 -0.010041590106883583 0.018218488240048181 -0.012548253575096622 -0.040334198888195776 -0.044019089534324485 0.038247962831120086 -0.04286957321948686 -0.047279828855460483 -0.032810330370046714 -0.056689708675813258 -0.058558305547208526
leaf_weight=2.9749616936314851 1.0822814588318603 150.39274193401798 6.8605333131999933 3.8286728698876713 70.257297117175767 1.5659648019354815 18.632820995189832 12.186189765270679 0.50204284078790795 3.0682787142577581 0.63192659578635246 0.71962363959755826 0.22556321910815302 0.38802203777595423
leaf_count=54 653 23788 7325 1904 2105 474 14510 13100 227 2885 374 693 71 95
internal_value=7.16617e-10 0.00285065 0.00611918 -0.0247158 0.0077204 0.0269985 -0.0351707 -0.0390869 -0.0244024 -0.0319805 -0.043993 -0.0433941 -0.0437404 -0.0515705
internal_weight=273.317 254.739 227.736 27.0024 220.65 4.54093 22.4615 18.5784 4.6526 4.15056 13.9258 12.9058 7.0861 1.01995
internal_count=68258 50231 33289 16942 25893 528 16414 18027 3765 3538 14262 13793 7396 469
is_linear=0
shrinkage=0.04


Tree=45
num_leaves=14
num_cat=0
split_feature=37 11 13 7 11 13 28 6 36 33 8 34 6
split_gain=17.9036 13.4189 11.5633 10.6014 4.45942 6.0183 0.888974 0.809418 1.29451 0.785639 0.0356466 0.170808 0.025027
threshold=2.5000000000000004 0.24496664851903918 1.2794599533081057 -0.46454590559005732 0.25284695625305181 0.70132368803024303 0.013710187282413246 -0.11308657377958296 0.43632322175732224 0.087792703516112472 -0.4122434258460998 0.92430608607079201 0.16332697123289111
decision_type=2 2 2 2 2 2 2 2 2 2 2 2 2
left_child=1 2 3 -1 -3 -6 -4 8 9 -2 11 -9 -12
right_child=7 4 6 -5 5 -7 -8 10 -10 -11 12 -13 -14
leaf_value=0.025055346455401511 -0.0026689480430316234 0.033902605550724454 0.0067328693496606631 -0.0068490285417602131 -0.034892552700482353 0.012138208186896616 -0.044823087059772664 -0.044198632142481806 0.035193287339657771 -0.042565455844241228 -0.043758705776772024 -0.0010905393889345508 -0.050523414592621219
leaf_weight=19.676794113649521 1.0806311386695622 14.24896410416113 0.56055964186089013 108.84262681406108 4.5641209039604282 94.297717824927531 11.791436679355682 0.81276563229039389 0.52099872674443748 2.9335256412305171 11.375752903302777 0.17955512551998254 0.94796317914733741
leaf_count=1021 653 193 276 37964 575 3386 6816 840 227 2885 12791 162 469
internal_value=-4.40936e-10 0.00272152 -0.00551717 -0.00196435 0.0129822 0.00996696 -0.0424834 -0.038721 -0.024126 -0.0318251 -0.0436918 -0.0363985 -0.0442791
internal_weight=271.833 253.982 140.871 128.519 113.111 98.8618 12.352 17.8512 4.53516 4.01416 13.316 0.992321 12.3237
internal_count=68258 50231 46077 38985 4154 3961 7092 18027 3765 3538 14262 1002 13260
is_linear=0
shrinkage=0.04


Tree=46
num_leaves=15
num_cat=0
split_feature=37 12 30 21 8 36 1 6 36 33 8 34 29 32
split_gain=16.7371 13.0068 10.5881 8.91079 7.21685 1.74154 1.04834 0.840314 1.26671 0.778019 0.0380736 0.173552 0.022419 0.0209828
threshold=2.5000000000000004 0.07225369289517404 5.5000000000000009 0.036375661375661381 -0.40833541750907892 0.01574900793650794 -0.27988147735595698 -0.11308657377958296 0.43632322175732224 0.087792703516112472 -0.4122434258460998 0.92430608607079201 0.010410954244434835 0.063878363936655982
decision_type=2 2 2 2 2 2 2 2 2 2 2 2 2 2
left_child=1 3 4 6 -3 -5 -1 8 9 -2 11 -9 -12 -4
right_child=7 2 13 5 -6 -7 -8 10 -10 -11 12 -13 -14 -15
leaf_value=0.047688383288895811 -0.0024183944443091558 0.016574446538428666 -0.031719953631231639 -0.00019735172084500165 0.0015900317127241657 -0.03933010430568222 0.008901401601089251 -0.043995245208190363 0.034148510406931565 -0.042304796531241216 -0.048088557133579748 -0.00044107342912671972 -0.043303452341930546 -0.043798293107069758
leaf_weight=2.0421351207187399 1.084863800293536 81.813685092682135 0.23843929791473684 2.0137586978962672 138.46042585726536 18.870682141918223 2.4556302709097535 0.77324910917377643 0.54076626943424333 2.8070145717065316 1.8603055760613614 0.18056505527056288 9.9219643956312193 6.6018487934343284
leaf_count=22 653 6650 257 1037 19690 14927 389 840 227 2885 1238 162 12022 7259
internal_value=1.06575e-09 0.00259854 0.00563355 -0.0245581 0.00715551 -0.0355568 0.026512 -0.0382161 -0.0232158 -0.0311864 -0.0434367 -0.0357501 -0.044059 -0.0433773
internal_weight=269.665 252.497 227.114 25.3822 220.274 20.8844 4.49777 17.1687 4.43264 3.89188 12.7361 0.953814 11.7823 6.84029
internal_count=68258 50231 33856 16375 26340 15964 411 18027 3765 3538 14262 1002 13260 7516
is_linear=0
shrinkage=0.04


Tree=47
num_leaves=15
num_cat=0
split_feature=11 7 30 30 0 26 1 33 5 32 32 33 33 13
split_gain=16.1354 12.9658 11.563 12.7468 4.57538 5.85033 4.64868 8.96334 5.7733 4.54397 2.711 2.25254 5.91692 2.20169
threshold=0.24496664851903918 -0.46454590559005732 3.5000000000000004 4.5000000000000009 0.12587550282478335 -0.017666816711425778 0.016216975636780265 0.9863325031133251 0.10497306659817697 0.94895788102475043 0.99800000000000011 0.027842377260981915 0.2015174897119342 0.69338229298591625
decision_type=2 2 2 2 2 2 2 2 2 2 2 2 2 2
left_child=1 11 10 -4 6 9 7 -2 -8 -6 -3 13 -13 -1
right_child=4 2 3 -5 5 -7 8 -9 -10 -11 -12 12 -14 -15
leaf_value=0.035241918086559396 -0.019889719417906217 -0.037859340710136469 0.0032573978742982809 -0.025824644921977332 -0.0075204125106586896 0.047792317520808911 0.02583386980882425 0.021834197449535957 -0.0010312214471636483 -0.072314516208437651 0.043959417011369399 -0.063513285302651837 0.043226984546317897 0.0027836709721753275
leaf_weight=12.862454016125417 16.144239048255258 27.196524472332388 68.718007271629176 37.150739577264176 4.7217529854970053 1.8729470495600233 54.785106739785988 16.821500361897051 16.700202263717074 2.7347388580674306 0.66376854426925902 1.6309082501393271 1.6939690777217036 4.5182418018230228
leaf_count=424 1786 19246 16166 26162 617 5 1361 200 903 207 111 597 92 381
internal_value=8.36315e-10 -0.00842111 -0.0129817 -0.00694787 0.01143 -0.0154091 0.0138272 0.00140084 0.0195577 -0.0312843 -0.03591 0.0210337 -0.00913091 0.0268042
internal_weight=268.215 154.435 133.729 105.869 113.78 9.32944 104.451 32.9657 71.4853 7.45649 27.8603 20.7056 3.32488 17.3807
internal_count=68258 63179 61685 42328 5079 829 4250 1986 2264 824 19357 1494 689 805
is_linear=0
shrinkage=0.04


Tree=48
num_leaves=15
num_cat=0
split_feature=3 13 7 30 33 30 15 20 6 34 8 10 27 9
split_gain=15.6672 18.3667 16.7404 16.2713 9.36098 8.45259 5.56417 18.7776 3.10233 3.09022 0.911754 0.659273 0.891929 0.36469
threshold=0.22763150930404666 1.4630411267280581 -0.37116026878356928 3.5000000000000004 0.12966837130017048 2.5000000000000004 63.656217575073249 0.92492774566474001 0.50239190459251415 0.78958662751298858 -0.41415171325206751 0.16336055845022204 0.37517923116683966 21.500000000000004
decision_type=2 2 2 2 2 2 2 2 2 2 2 2 2 2
left_child=1 2 4 -4 -1 8 10 -8 9 -2 -7 12 -3 -13
right_child=5 11 3 -5 -6 6 7 -9 -10 -11 -12 13 -14 -15
leaf_value=0.0038374346629018682 -0.0070169671607694774 -0.042407068501525418 -0.038325197675193892 -0.0027115872525402592 0.040591264185911004 0.043097176605085573 -0.039452662032749282 0.026450032104621421 0.016664323254179676 -0.078815045991030341 0.028135394802857372 -0.052625682876611235 0.020279836387632463 -0.078936048286109783
leaf_weight=27.722446033440065 1.6066250119183672 6.5326269381912416 25.227806088914804 110.14181892604392 18.477711785031715 10.694471909635469 9.1755536405980802 28.110247765434906 1.5594314101617781 2.3799728150188457 16.682106170977931 7.3231234195700363 0.38453562546055753 0.95257327507715661
leaf_count=3052 258 4311 17303 37740 842 77 1063 556 49 304 353 1890 430 30
internal_value=2.48533e-09 -0.00578825 -0.00225315 -0.00934862 0.0185371 0.0162219 0.0202865 0.0102322 -0.031169 -0.04988 0.0339801 -0.0480362 -0.0389222 -0.0556541
internal_weight=266.971 196.763 181.57 135.37 46.2002 70.2084 64.6624 37.2858 5.54603 3.9866 27.3766 15.1929 6.91716 8.2757
internal_count=68258 65598 58937 55043 3894 2660 2049 1619 611 562 430 6661 4741 1920
is_linear=0
shrinkage=0.04


Tree=49
num_leaves=13
num_cat=0
split_feature=7 30 7 30 13 30 12 13 10 33 2 25
split_gain=15.8284 23.1582 12.2225 27.9194 7.12173 6.75852 5.13783 16.8194 4.34495 4.13483 2.38421 1.80721
threshold=0.10937878116965295 4.5000000000000009 -0.41429358720779413 3.5000000000000004 0.1256554573774338 2.5000000000000004 0.427524283528328 0.82135653495788585 0.17909280955791476 0.20430157261794638 0.073078330606222167 -0.019999593496322628
decision_type=2 2 2 2 2 2 2 2 2 2 2 2
left_child=1 2 9 -4 -3 8 -7 -8 10 -1 -2 -6
right_child=5 4 3 -5 11 6 7 -9 -10 -11 -12 -13
leaf_value=0.013144892366522243 -0.022101922024219088 0.027816969787454921 -0.03971411381926996 0.0059344489995526778 -0.043228088537472391 0.046598650462008846 -0.058898037037866537 0.019710352793301477 -0.061812685258034884 0.044522263592074146 0.044777939623690768 -0.01711101773845633
leaf_weight=23.302025849872734 2.1375716064940202 2.7110702220088561 28.63084849590814 85.322818158747396 29.712847370785312 8.8616736911935714 4.6848297996330066 61.868445728730876 2.8333701504161581 9.4425722724408825 1.4190142102306706 4.9446263183635883
leaf_count=1939 424 294 19474 16136 21826 151 1058 1460 293 261 33 4909
internal_value=2.05194e-09 -0.00650645 0.000654421 -0.00553475 -0.034618 0.01464 0.0179867 0.0141769 -0.0248581 0.0221932 0.00458195 -0.0395019
internal_weight=265.872 184.067 146.698 113.954 37.3685 81.8049 75.4149 66.5533 6.38996 32.7446 3.55659 34.6575
internal_count=68258 64839 37810 35610 27029 3419 2669 2518 750 2200 457 26735
is_linear=0
shrinkage=0.04


Tree=50
num_leaves=15
num_cat=0
split_feature=3 7 32 29 13 33 30 36 14 11 16 6 11 11
split_gain=15.4224 16.1209 14.588 14.5882 7.89621 8.31322 7.68688 7.53287 4.67508 4.60962 2.66678 2.43891 2.205 0.029392
threshold=0.12928931415081027 -0.37116026878356928 0.72233560090702953 0.012940996792167427 1.4394989609718325 0.12966837130017048 2.5000000000000004 0.054600732146181059 0.045668462291359908 0.25284695625305181 0.51250781738586626 0.50239190459251415 0.29634582996368414 0.044191187247633941
decision_type=2 2 2 2 2 2 2 2 2 2 2 2 2 2
left_child=1 4 7 -4 5 -1 11 -3 10 -10 -8 12 -2 -6
right_child=6 2 3 -5 13 -7 8 -9 9 -11 -12 -13 -14 -15
leaf_value=0.0027574306729638565 -0.0092596059600905684 0.0008375544002356284 0.015491510568245952 -0.024490373687393135 -0.03972454396614216 0.037902819017483373 -0.054053894853551152 -0.034125215093923252 0.040724537625798175 0.014739979286353322 0.01505549019370995 0.01909570123047907 -0.0582749047359074 -0.050533565214075003
leaf_weight=26.262997014273424 2.6069257496565106 12.114478148534543 36.757517175457906 24.224262982184882 0.47548221214674358 18.252278692933032 2.2585134512919463 52.97749760755687 13.111833823641062 65.443265483510913 1.4780099054623859 1.5744895678944884 3.362610314914491 2.6227369031403214
leaf_count=2950 593 4885 5536 9982 312 814 611 38340 653 2146 162 49 574 651
internal_value=1.66824e-09 -0.00695933 -0.0144483 -0.000390802 0.0128704 0.0171678 0.0134551 -0.0276182 0.0169978 0.0190771 -0.0267172 -0.0251893 -0.0368697 -0.0488747
internal_weight=263.523 173.687 126.074 60.9818 47.6135 44.5153 89.8356 65.092 82.2916 78.5551 3.73652 7.54403 5.96954 3.09822
internal_count=68258 63470 58743 15518 4727 3764 4788 43225 3572 2799 773 1216 1167 963
is_linear=0
shrinkage=0.04


Tree=51
num_leaves=12
num_cat=0
split_feature=7 30 7 30 13 12 13 6 33 30 25
split_gain=15.07 21.2429 10.2778 25.43 6.3139 6.21264 11.8192 4.95833 4.11725 1.86982 1.81181
threshold=0.10937878116965295 4.5000000000000009 -0.41429358720779413 3.5000000000000004 0.1256554573774338 0.427524283528328 0.82135653495788585 0.38672988116741186 0.20430157261794638 2.5000000000000004 -0.019999593496322628
decision_type=2 2 2 2 2 2 2 2 2 2 2
left_child=1 2 8 -4 -3 -2 9 -8 -1 -7 -6
right_child=5 4 3 -5 10 6 7 -9 -10 -11 -12
leaf_value=0.011305002605985579 0.044492644210298762 0.025262247042933703 -0.038851881944538418 0.0054884774182483173 -0.042573558440253526 -0.0074377179923198165 0.020413525573224924 -0.0086885622332074051 0.04298931360945514 -0.056890888654801963 -0.016069007621094613
leaf_weight=22.905812431970844 9.6594395197171234 2.6657817855157182 27.329871490299411 85.247335053776624 28.384610920140403 1.6981793373706739 53.335191413469147 11.362756538030224 9.1967114319559169 4.3744727436569519 4.8285913783474816
leaf_count=1939 193 294 19474 16136 21826 320 1466 382 261 1058 4909
internal_value=-5.74726e-10 -0.00641514 0.000417278 -0.00527584 -0.0339664 0.0144014 0.0102943 0.0153024 0.0203819 -0.0430616 -0.0387203
internal_weight=260.989 180.559 144.68 112.577 35.879 80.43 70.7706 64.6979 32.1025 6.07265 33.2132
internal_count=68258 64839 37810 35610 27029 3419 3226 1848 2200 1378 26735
is_linear=0
shrinkage=0.04


Tree=52
num_leaves=12
num_cat=0
split_feature=7 30 7 30 12 13 13 6 33 25 27
split_gain=14.5907 19.7306 9.95322 24.4228 6.89309 10.4719 5.89272 5.13045 4.00388 1.78012 1.6679
threshold=0.10937878116965295 4.5000000000000009 -0.41429358720779413 3.5000000000000004 0.427524283528328 0.82135653495788585 0.1256554573774338 0.38672988116741186 0.20430157261794638 -0.019999593496322628 0.37517923116683966
decision_type=2 2 2 2 2 2 2 2 2 2 2
left_child=1 2 8 -4 -2 10 -3 -7 -1 -8 -6
right_child=4 6 3 -5 5 7 9 -9 -10 -11 -12
leaf_value=0.010937606336889019 0.044802145892898063 0.023741995358154338 -0.03929092222556009 0.004827459710372164 -0.053548216857580967 0.019451726275551515 -0.042153419133034137 -0.010765811142800881 0.042351233182568476 -0.015667831837199112 -0.0032169257654154231
leaf_weight=22.736166448608859 10.256086673267417 2.6612382850726126 26.158003910459229 86.344309867476113 4.450672128761652 53.299874902149895 27.234960774920182 10.813896790030411 9.0861449469812197 4.7715847649087655 1.3801135803369105
leaf_count=1939 193 294 19474 16136 1188 1466 21826 382 261 4909 190
internal_value=-4.51691e-10 -0.00635269 0.000156178 -0.00543054 0.014178 0.00968751 -0.0334496 0.014355 0.0199071 -0.0382049 -0.0416351
internal_weight=259.193 178.992 144.325 112.502 80.2006 69.9446 34.6678 64.1138 31.8223 32.0065 5.83079
internal_count=68258 64839 37810 35610 3419 3226 27029 1848 2200 26735 1378
is_linear=0
shrinkage=0.04


Tree=53
num_leaves=12
num_cat=0
split_feature=7 30 7 35 12 12 13 13 8 25 30
split_gain=13.8905 18.2604 9.42802 13.912 13.1565 6.80811 9.46157 5.55055 4.892 1.75082 1.49399
threshold=0.10937878116965295 4.5000000000000009 -0.18851947784423825 -0.061330083757638924 0.079615257680416121 0.427524283528328 0.82135653495788585 0.1256554573774338 -0.19394066929817197 -0.019999593496322628 2.5000000000000004
decision_type=2 2 2 2 2 2 2 2 2 2 2
left_child=1 2 4 -4 -1 -2 10 -3 -8 -9 -7
right_child=5 7 3 -5 -6 6 8 9 -10 -11 -12
leaf_value=-0.022064906597220952 0.043886125316293961 0.022685329482912894 0.0013985832630595929 -0.04103728203264289 0.015911132348508283 -0.0082673393101562326 -0.010563043234367899 -0.041557327953318346 0.018762406922146018 -0.015067421017291305 -0.053965238669610505
leaf_weight=18.41437938548188 10.499623876967233 2.6596772406628579 36.362423426326131 18.726427212313865 70.396483046875801 1.6119382557226334 11.004570060293188 26.257660890405532 52.632700936519541 4.7078431389381903 3.9486237946985057
leaf_count=11074 193 294 7185 11406 8145 320 564 21826 1284 4909 1058
internal_value=4.6856e-10 -0.00622812 -2.6752e-05 -0.0130267 0.00803704 0.0138731 0.00931907 -0.032767 0.0136913 -0.0375299 -0.040718
internal_weight=257.222 177.525 143.9 55.0889 88.8109 79.6975 69.1978 33.6252 63.6373 30.9655 5.56056
internal_count=68258 64839 37810 18591 19219 3419 3226 27029 1848 26735 1378
is_linear=0
shrinkage=0.04


Tree=54
num_leaves=13
num_cat=0
split_feature=7 30 7 30 31 38 12 8 11 18 33 33
split_gain=14.1981 12.591 9.47 22.3289 7.68685 8.60553 5.12356 8.25383 8.18084 7.02285 4.04981 3.78994
threshold=0.18321578949689868 4.5000000000000009 -0.41429358720779413 3.5000000000000004 0.26021828711437806 0.30825791855203627 0.46209387481212622 -0.19394066929817197 0.5293821692466737 -0.074347190558910356 0.20430157261794638 0.99033793876026899
decision_type=2 2 2 2 2 2 2 2 2 2 2 2
left_child=1 2 10 -4 5 -3 -2 9 -9 -8 -1 -6
right_child=6 4 3 -5 11 -7 7 8 -10 -11 -12 -13
leaf_value=0.0097729665947918105 0.041524419294032444 -0.027952184550044872 -0.038031569888385221 0.0036017528591115178 -0.043786790725341515 0.039090185147034481 0.0087876230195704438 0.025526908907278996 -0.012008820260233524 -0.060796132257826783 0.041607670468382894 0.036619396296754564
leaf_weight=22.706443723815031 10.076627660397206 7.9430639533966296 26.746188143704785 89.859006411512382 22.655508532930984 4.9864801538060419 4.9349838194029871 40.503986280848039 12.055358182988128 4.3807628596550767 8.899709979305042 0.97844425006769498
leaf_count=1939 120 6183 19823 16577 20145 813 231 904 529 583 261 150
internal_value=3.0589e-09 -0.00587001 -0.000683781 -0.00594784 -0.0268925 -0.00209625 0.0150744 0.0107669 0.0169175 -0.0239344 0.018737 -0.040458
internal_weight=256.727 184.775 148.211 116.605 36.5635 12.9295 71.9517 61.8751 52.5593 9.31575 31.6062 23.634
internal_count=68258 65891 38600 36400 27291 6996 2367 2247 1433 814 2200 20295
is_linear=0
shrinkage=0.04


Tree=55
num_leaves=13
num_cat=0
split_feature=7 30 7 31 12 31 7 12 13 14 27 18
split_gain=14.2538 11.719 8.30079 12.1819 11.103 7.51229 6.662 4.62792 7.67551 5.26836 1.73373 0.47798
threshold=0.18321578949689868 4.5000000000000009 -0.18851947784423825 0.72921215429403208 0.079615257680416121 0.36705494209534079 0.041542630642652519 0.46209387481212622 0.82135653495788585 0.096480324864387526 0.37517923116683966 -0.28984545171260828
decision_type=2 2 2 2 2 2 2 2 2 2 2 2
left_child=1 2 4 -4 -1 6 -3 -2 10 -10 -9 -7
right_child=7 5 3 -5 -6 11 -8 8 9 -11 -12 -13
leaf_value=-0.02105176282991859 0.040581144599417203 -0.01904672495124583 -0.033075894124699246 0.0036215839161968339 0.01388847004276849 0.0059113395707274963 0.04590807711437999 -0.055156127193707175 0.022023980102320685 -0.0056495115008662646 0.00068263008872806162 -0.044389053617820293
leaf_weight=18.309329365540179 9.8289678436703962 13.270707524134197 26.01145377461944 32.627559446031228 70.901737862346636 0.30719766148831951 3.1204509524832238 3.2051064981205846 42.988293345581042 14.795197076804468 1.2315117345860924 18.822399868571665
leaf_count=11074 120 9748 12286 7095 8145 62 226 832 859 417 139 17255
internal_value=1.08573e-10 -0.00592307 -0.000966625 -0.0126569 0.00671747 -0.0265536 -0.00668102 0.0150747 0.0110454 0.0149383 -0.0396565 -0.0435813
internal_weight=255.42 183.371 147.85 58.639 89.2111 35.5208 16.3912 72.0491 62.2201 57.7835 4.43662 19.1296
internal_count=68258 65891 38600 19381 19219 27291 9974 2367 2247 1276 971 17317
is_linear=0
shrinkage=0.04


Tree=56
num_leaves=12
num_cat=0
split_feature=7 30 13 7 12 13 13 27 25 27 34
split_gain=12.6234 14.7126 8.77842 8.2096 6.61412 7.40842 5.01151 4.49897 1.8239 1.38105 0.10808
threshold=0.10937878116965295 4.5000000000000009 1.591228246688843 -0.18851947784423825 0.427524283528328 0.82135653495788585 0.1256554573774338 0.10614545270800592 -0.019999593496322628 0.37517923116683966 0.38832369345176621
decision_type=2 2 2 2 2 2 2 2 2 2 2
left_child=1 2 3 -1 -2 9 -3 -7 -8 -6 -4
right_child=4 6 10 -5 5 7 8 -9 -10 -11 -12
leaf_value=0.0091760040904717427 0.041509349602426297 0.021996337746661192 -0.030207550471512069 -0.011151049230121784 -0.049991001748321974 -0.0220598949899358 -0.040369383765711933 0.015531101978853646 -0.012237582879529304 -0.0023004991781503839 -0.04785678037827424
leaf_weight=84.562895137169107 11.301627769251352 2.6016578654380309 0.61336610540456504 50.940556022964302 3.8100851783819953 5.5864816798130041 23.862042071108597 57.79339882923523 4.3614156652038174 1.3040847258962456 5.8497351401747437
leaf_count=17638 193 294 464 17630 1188 196 21826 1652 4909 190 2078
internal_value=1.62432e-10 -0.00607675 -0.00063796 0.00153434 0.0131587 0.00848085 -0.0311253 0.0122177 -0.0360221 -0.0378302 -0.0461818
internal_weight=252.587 172.792 141.967 135.503 79.7957 68.4941 30.8251 63.3799 28.2235 5.11417 6.4631
internal_count=68258 64839 37810 35268 3419 3226 27029 1848 26735 1378 2542
is_linear=0
shrinkage=0.04


Tree=57
num_leaves=15
num_cat=0
split_feature=37 12 21 30 14 36 6 36 33 1 8 34 32 4
split_gain=12.1642 10.0422 7.39018 7.2296 6.18334 1.7511 1.03543 1.36626 0.991793 0.978713 0.0491661 0.260022 0.0320579 0.0209854
threshold=2.5000000000000004 0.076725702732801451 0.036375661375661381 5.5000000000000009 0.0080111641436815279 0.01574900793650794 -0.11308657377958296 0.43632322175732224 0.087792703516112472 -0.27988147735595698 -0.4122434258460998 0.92430608607079201 0.063878363936655982 0.35961046814918524
decision_type=2 2 2 2 2 2 2 2 2 2 2 2 2 2
left_child=1 2 9 4 -3 -4 7 8 -2 -1 11 -8 -5 -12
right_child=6 3 5 12 -6 -7 10 -9 -10 -11 13 -13 -14 -15
leaf_value=0.048266651576422265 0.0075541794095281157 -0.051525203456850896 0.0050702631028793355 -0.025574878586473511 0.0068879239306079308 -0.036344361488826797 -0.043532518221495946 0.043008021550237759 -0.041277681442374509 0.0090101798733853052 -0.042622613485200155 0.016095391357008222 -0.042676590227442253 -0.049450969714328899
leaf_weight=1.8142474779160691 0.92850108118727792 2.941021729289786 1.7966928712849064 0.1818421167699843 205.34162812310387 17.986268800414109 0.65145339020818838 0.50876860378775735 2.3492225997615606 2.3098652959597556 8.8808871357687131 0.1426307957735844 4.9338932006357936 0.78366572750383134
leaf_count=22 653 1292 1060 250 24601 15467 840 227 2885 393 12860 162 7146 400
internal_value=8.23918e-11 0.00215511 -0.0224289 0.00490926 0.00606311 -0.0325831 -0.0359013 -0.0179785 -0.0274448 0.0262796 -0.0423902 -0.0328223 -0.0420687 -0.0431763
internal_weight=251.551 237.305 23.9071 213.398 208.283 19.783 14.2451 3.78649 3.27772 4.12411 10.4586 0.794084 5.11574 9.66455
internal_count=68258 50231 16942 33289 25893 16527 18027 3765 3538 415 14262 1002 7396 13260
is_linear=0
shrinkage=0.04


Tree=58
num_leaves=13
num_cat=0
split_feature=7 7 37 34 10 19 0 35 12 12 5 11
split_gain=12.0477 9.78545 14.9553 8.66677 12.1333 10.2786 6.14803 5.89567 4.00295 6.60561 7.65977 6.91803
threshold=0.18321578949689868 -0.22178152948617932 1.0000000180025095e-35 0.75051020408163283 0.0011870948947034778 0.036375661375661381 0.10327341780066492 -0.056456940248608582 0.46209387481212622 0.66228479146957409 -0.14634241908788678 0.5293821692466737
decision_type=2 2 2 2 2 2 2 2 2 2 2 2
left_child=1 3 7 4 -1 -5 -4 -3 -2 10 -10 -11
right_child=8 2 6 5 -6 -7 -8 -9 9 11 -12 -13
leaf_value=-0.032490949049927928 0.037882483006619568 0.013055465442081667 -0.034677996944735889 0.030109030037115927 0.016818646300857779 -0.038206217792772799 0.018491006118402938 -0.017442443681023895 0.041407760379490059 0.023306631995880466 -0.051137251181399383 -0.0098245317473819732
leaf_weight=9.1870901132933778 9.6850767104770039 28.107540594239254 43.237764473844436 4.7560314337024492 60.986103044568154 13.601612475751606 3.7842219076992469 15.866794854460748 1.9706628074636681 40.302428990180488 5.2250800343754227 13.448909615166484
leaf_count=4579 120 3144 34940 386 11711 5194 456 5481 22 1002 653 570
internal_value=-6.93975e-12 -0.00550604 -0.0147173 0.00396178 0.010363 -0.0205074 -0.0303991 0.00205123 0.0139948 0.0101988 -0.0257924 0.015017
internal_weight=250.159 179.527 90.9963 88.5308 70.1732 18.3576 47.022 43.9743 70.6322 60.9471 7.19574 53.7513
internal_count=68258 65891 44021 21870 16290 5580 35396 8625 2367 2247 675 1572
is_linear=0
shrinkage=0.04


Tree=59
num_leaves=13
num_cat=0
split_feature=7 7 37 8 8 15 35 12 13 6 29 30
split_gain=11.5188 9.665 13.821 8.38898 11.2436 6.02825 5.4979 4.0757 6.30773 4.18741 1.63594 1.51298
threshold=0.18321578949689868 -0.22178152948617932 1.0000000180025095e-35 -0.31540223956108088 -0.47632740437984461 73.253601074218764 -0.056456940248608582 0.427524283528328 0.82135653495788585 0.38672988116741186 0.010110457893460991 2.5000000000000004
decision_type=2 2 2 2 2 2 2 2 2 2 2 2
left_child=1 3 6 4 -1 -4 -3 -2 11 -10 -5 -9
right_child=7 2 5 10 -6 -7 -8 8 9 -11 -12 -13
leaf_value=0.0080792085329048548 0.041074881747091403 0.011918203154114888 -0.034417127079693195 0.051705095773366815 -0.027530210643587051 0.016356460807920564 -0.017425327122507606 -0.0027570755331131165 0.018746828928681288 -0.0093269728938191396 0.016810269895907892 -0.054353137039176047
leaf_weight=60.688518252216454 7.7714764975826247 28.419899362197611 42.033012432286341 6.1832575708976929 18.515604735766829 4.1069799726537886 15.949859135405857 1.352922180230961 47.728052918013418 10.343076296034267 3.295242794600199 2.7733826319454238
leaf_count=9002 82 3144 34839 66 11948 557 5481 207 953 345 854 780
internal_value=-1.35056e-09 -0.00537423 -0.0145697 0.00401067 -0.000245231 -0.0298977 0.00136991 0.0137635 0.010351 0.0137466 0.0395738 -0.037436
internal_weight=249.161 179.192 90.5098 88.6826 79.2041 46.14 44.3698 69.9689 62.1974 58.0711 9.4785 4.1263
internal_count=68258 65891 44021 21870 20950 35396 8625 2367 2285 1298 920 987
is_linear=0
shrinkage=0.04


Tree=60
num_leaves=15
num_cat=0
split_feature=37 12 20 30 14 17 36 6 36 29 8 34 32 4
split_gain=10.6577 9.30547 6.80119 6.517 5.5538 2.10383 1.82018 1.08585 1.31441 1.06651 0.0549559 0.288496 0.0359907 0.0185146
threshold=2.5000000000000004 0.076725702732801451 0.04210992907801419 5.5000000000000009 0.0080111641436815279 -0.024181452579796311 0.01574900793650794 -0.11308657377958296 0.43632322175732224 0.013669099658727648 -0.4122434258460998 0.92430608607079201 0.063878363936655982 0.35961046814918524
decision_type=2 2 2 2 2 2 2 2 2 2 2 2 2 2
left_child=1 2 5 4 -3 -1 -4 8 9 -2 11 -9 -5 -12
right_child=7 3 6 12 -6 -7 -8 10 -10 -11 13 -13 -14 -15
leaf_value=0.043770274687228515 0.00779443045573101 -0.050825621844111504 0.0062978028059883021 -0.023817160121937794 0.0064785691911269094 -0.016274552803562586 -0.036169436289910935 -0.04336831183665818 0.043669738393645685 -0.042256031394553681 -0.042267929141605549 0.020345480714577879 -0.042364311977532834 -0.048849162679039458
leaf_weight=2.8252551882178523 1.0104758225497787 2.7427156666526562 1.7814268642687263 0.17375812781392497 202.47532294405391 1.3944522347665067 17.267414629517589 0.61411391186993469 0.5045574408432002 2.0903488791736891 8.1228463834922842 0.13954688492958667 4.5749519999080803 0.74682575641782101
leaf_count=94 1226 1292 1054 250 24601 472 15322 840 227 2312 12860 162 7146 400
internal_value=2.25274e-10 0.00198097 -0.0220197 0.00464072 0.00571271 0.0239278 -0.0321979 -0.0349264 -0.0162035 -0.0259459 -0.0419409 -0.0315711 -0.0416857 -0.0428221
internal_weight=246.464 233.235 23.2685 209.967 205.218 4.21971 19.0488 13.2287 3.60538 3.10082 9.62333 0.753661 4.74871 8.86967
internal_count=68258 50231 16942 33289 25893 566 16376 18027 3765 3538 14262 1002 7396 13260
is_linear=0
shrinkage=0.04


Tree=61
num_leaves=13
num_cat=0
split_feature=7 7 37 34 10 19 0 0 12 30 8 10
split_gain=10.3579 8.5828 12.9668 8.31171 10.4992 9.39258 5.65162 5.06418 4.09563 5.55805 3.8642 2.01518
threshold=0.18321578949689868 -0.22178152948617932 1.0000000180025095e-35 0.75051020408163283 0.0011870948947034778 0.036375661375661381 0.10327341780066492 -0.0072419615462422362 0.427524283528328 2.5000000000000004 -0.19394066929817197 0.17909280955791476
decision_type=2 2 2 2 2 2 2 2 2 2 2 2
left_child=1 3 7 4 -1 -5 -4 -3 -2 11 -11 -10
right_child=8 2 6 5 -6 -7 -8 -9 9 10 -12 -13
leaf_value=-0.031849261740590468 0.04068552172426481 0.011730872586369186 -0.033513258730417265 0.02811279878810315 0.015757641915308884 -0.037834426848011492 0.018120926303003573 -0.016415742883281851 -0.0049659906135253789 -0.011228362965096595 0.017557657260416658 -0.058155697320843559
leaf_weight=8.4348726669631997 7.6668443383241529 27.93522022277466 40.668538304431422 4.6794457833020742 61.120860013998026 13.211342049398807 3.7003091244405359 16.135075215177494 2.1801949059154131 8.8326288724929309 48.059218926209724 2.3879371319198981
leaf_count=4579 82 4201 34940 386 11711 5194 456 4424 256 680 1130 219
internal_value=-4.74043e-10 -0.00515597 -0.0139423 0.00373011 0.00998446 -0.0205855 -0.029207 0.0014258 0.0131188 0.00968 0.0130885 -0.0327703
internal_weight=245.012 175.886 88.4391 87.4465 69.5557 17.8908 44.3688 44.0703 69.1268 61.46 56.8918 4.56813
internal_count=68258 65891 44021 21870 16290 5580 35396 8625 2367 2285 1810 475
is_linear=0
shrinkage=0.04


Tree=62
num_leaves=13
num_cat=0
split_feature=7 30 31 5 7 30 12 13 33 6 33 27
split_gain=9.73253 8.19759 7.04428 7.21171 6.68776 18.6709 4.37215 5.33351 4.34165 3.99374 2.97722 1.5894
threshold=0.18321578949689868 4.5000000000000009 0.26021828711437806 -0.03274282626807689 -0.41429358720779413 3.5000000000000004 0.427524283528328 0.82135653495788585 0.20430157261794638 0.38672988116741186 0.99033793876026899 0.37517923116683966
decision_type=2 2 2 2 2 2 2 2 2 2 2 2
left_child=1 4 3 -3 8 -6 -2 11 -1 -9 -4 -8
right_child=6 2 10 -5 5 -7 7 9 -10 -11 -12 -13
leaf_value=0.006293429526411049 0.041101967498921026 -0.032037927499677946 -0.041635272113522748 0.030988950712245212 -0.036050522548770884 0.0031877547983997184 -0.051751198695871609 0.017110079038326353 0.040256152719777109 -0.010798634820008519 0.03603351446402546 0.0039190208325352617
leaf_weight=21.194690775926578 7.7154835735564111 5.5454689226680784 18.657668028892662 6.0998627117223823 24.842296986251313 88.614915927755646 2.8282382899487852 47.263957436807686 8.4129127826599852 9.9269883146043849 0.82455354908597556 1.1559213130094574
leaf_count=1939 82 4337 20145 2659 19823 16577 841 953 261 345 150 146
internal_value=6.56648e-10 -0.00503339 -0.0236364 0.000975757 -0.000985821 -0.00540376 0.0127271 0.00914845 0.0159438 0.0122658 -0.0383481 -0.0355996
internal_weight=243.083 174.192 31.1276 11.6453 143.065 113.457 68.8906 61.1751 29.6076 57.1909 19.4822 3.98416
internal_count=68258 65891 27291 6996 38600 36400 2367 2285 2200 1298 20295 987
is_linear=0
shrinkage=0.04


Tree=63
num_leaves=13
num_cat=0
split_feature=7 30 13 1 12 6 25 35 30 34 17 34
split_gain=9.07409 10.9451 7.54782 7.275 6.81801 6.57593 4.82614 9.2481 4.40427 1.35869 1.06905 0.124451
threshold=0.10937878116965295 4.5000000000000009 1.591228246688843 0.011282875668257477 0.427524283528328 0.074478901922702803 -0.037161976099014275 -0.040884053334593766 2.5000000000000004 0.42116461366181418 -0.090334784239530549 0.38832369345176621
decision_type=2 2 2 2 2 2 2 2 2 2 2 2
left_child=1 2 3 -1 -2 9 10 -8 -7 -6 -3 -4
right_child=4 6 11 -5 5 8 7 -9 -10 -11 -12 -13
leaf_value=-0.0051979690687934885 0.040412624463999354 0.010907678398051733 -0.026787712786879775 0.01486633160445781 0.0090708418997293132 -0.028001475984948603 0.27958617152948284 -0.0095951501934171731 0.012517828874113448 -0.059234913921591109 -0.041603222839720219 -0.046504338280636652
leaf_weight=89.300493324597483 11.095940728759158 0.64237813456566328 0.56571747344423684 42.758003275659576 0.55846816605480798 4.642116537623223 0.18079359829425712 8.3066240813495806 56.924627515196335 2.8121042814600514 18.070509806755584 5.416112725455605
leaf_count=28634 193 209 464 6634 177 477 248 8369 1695 877 18203 2078
internal_value=-1.37513e-09 -0.00526199 -0.000692215 0.00129847 0.0114357 0.00648437 -0.0284534 -0.00343519 0.00946268 -0.0479174 -0.0398006 -0.0446397
internal_weight=241.274 165.241 138.04 132.058 76.0333 64.9373 27.2003 8.48742 61.5667 3.37057 18.7129 5.98183
internal_count=68258 64839 37810 35268 3419 3226 27029 8617 2172 1054 18412 2542
is_linear=0
shrinkage=0.04


Tree=64
num_leaves=15
num_cat=0
split_feature=37 12 6 30 14 29 25 6 36 33 8 34 32 4
split_gain=8.88105 8.08649 5.97949 5.56676 4.26639 2.42097 1.58633 1.28202 1.31785 1.27778 0.0610118 0.316943 0.0404459 0.0151718
threshold=2.5000000000000004 0.076725702732801451 -0.3909297883510589 5.5000000000000009 0.0080111641436815279 0.013364522717893125 -0.017324566841125485 -0.11308657377958296 0.43632322175732224 0.087792703516112472 -0.4122434258460998 0.92430608607079201 0.063878363936655982 0.35961046814918524
decision_type=2 2 2 2 2 2 2 2 2 2 2 2 2 2
left_child=1 2 5 4 -3 -1 -4 8 9 -2 11 -9 -5 -12
right_child=7 3 6 12 -6 -7 -8 10 -10 -11 13 -13 -14 -15
leaf_value=0.038573022339941344 0.017108023224626841 -0.04806192617036812 -0.036225722492853579 -0.0214247694316109 0.0058285550339078271 -0.019093303929681699 0.0075754624651434054 -0.043162028290060342 0.046507135638766343 -0.040590069647426355 -0.041939041615413432 0.025622635573393102 -0.041975266121236969 -0.048116157900116717
leaf_weight=3.1483591328142237 0.88288059453770973 2.3785322638723292 15.614648548536938 0.15923356570419755 199.27609873174515 1.8488893674802964 1.4454074674940756 0.56671697870478865 0.51330255217908405 2.0173809751286171 7.3210866097542731 0.13217976196028758 4.0656064617796801 0.69673474571027316
leaf_count=45 653 1292 14869 250 24601 396 1632 840 227 2885 12860 162 7146 400
internal_value=-1.68451e-10 0.00177482 -0.0212429 0.00424087 0.00519291 0.0172375 -0.0325147 -0.0333501 -0.0125702 -0.023026 -0.0414878 -0.030153 -0.0412007 -0.0424758
internal_weight=240.067 227.937 22.0573 205.879 201.655 4.99725 17.0601 12.1303 3.41356 2.90026 8.71672 0.698897 4.22484 8.01782
internal_count=68258 50231 16942 33289 25893 441 16501 18027 3765 3538 14262 1002 7396 13260
is_linear=0
shrinkage=0.04


Tree=65
num_leaves=13
num_cat=0
split_feature=7 7 37 34 12 19 15 1 12 30 6 10
split_gain=8.50787 8.22395 11.8598 7.9984 9.70825 8.53635 5.11907 4.6288 4.02001 4.11633 4.41881 1.91924
threshold=0.18321578949689868 -0.22178152948617932 1.0000000180025095e-35 0.75051020408163283 0.079615257680416121 0.036375661375661381 73.253601074218764 0.0090711624361574667 0.427524283528328 2.5000000000000004 0.38672988116741186 0.17909280955791476
decision_type=2 2 2 2 2 2 2 2 2 2 2 2
left_child=1 3 7 4 -1 -5 -4 -3 -2 11 -11 -10
right_child=8 2 6 5 -6 -7 -8 -9 9 10 -12 -13
leaf_value=-0.020545953648598077 0.039305434504276912 -0.0097197870956828563 -0.033305843730551864 0.026595624856503051 0.017659019702560626 -0.036933619345455165 0.013985639180263647 0.016845660989655453 -0.0022747567232717365 0.0163728683276133 -0.014102389619262924 -0.055802059733393153
leaf_weight=13.213313411230045 7.6466381247737436 25.778320840428933 37.835169889134704 4.5980330351740148 54.685022142162779 12.818185901982359 4.0546981672305256 17.699944235260773 2.1261436252534613 46.775640964435297 9.092284062295219 2.161185701173963
leaf_count=10343 82 6336 34839 386 5947 5194 557 2289 256 1458 352 219
internal_value=-3.35563e-10 -0.00476175 -0.0135392 0.00402123 0.0102242 -0.0201613 -0.0287283 0.00109497 0.0119871 0.00851452 0.0114131 -0.0292572
internal_weight=238.485 170.683 85.3681 85.3146 67.8983 17.4162 41.8899 43.4783 67.8019 60.1553 55.8679 4.28733
internal_count=68258 65891 44021 21870 16290 5580 35396 8625 2367 2285 1810 475
is_linear=0
shrinkage=0.04


Tree=66
num_leaves=15
num_cat=0
split_feature=37 12 21 30 1 18 36 6 18 22 29 8 34 32
split_gain=8.07478 7.26406 5.75239 5.26704 4.06571 2.0366 1.90617 1.29558 1.28634 1.91119 1.39419 0.0649401 0.323795 0.0397982
threshold=2.5000000000000004 0.07225369289517404 0.04210992907801419 5.5000000000000009 0.011282875668257477 -0.1273822337388992 0.01574900793650794 -0.11308657377958296 -0.012495676055550574 -0.09397514164447783 0.013669099658727648 -0.4122434258460998 0.92430608607079201 0.063878363936655982
decision_type=2 2 2 2 2 2 2 2 2 2 2 2 2 2
left_child=1 2 5 4 -3 -1 -4 8 10 -10 -2 12 -9 -5
right_child=7 3 6 13 -6 -7 -8 11 9 -11 -12 -13 -14 -15
leaf_value=0.043852447219551227 0.017925140344836898 -0.00047742784220230989 0.0081975383450107742 -0.021438546233755806 0.010915693237639442 -0.016606835845848492 -0.036163241442691389 -0.043123552355591573 0.12484587815116509 -0.02663032776486824 -0.042055885968714977 -0.042285367749050631 0.026698449891208606 -0.041849011897490372
leaf_weight=2.5265667710918938 0.92023467901162881 107.42274337441631 1.7322979123273423 0.15905056512565252 93.94137137936923 1.3774781246029331 14.71312638013478 0.53574149560154083 0.2534248321026098 0.28108976795192475 1.9006315934020674 7.5141932641017766 0.13256411298061721 3.9235538922184787
leaf_count=54 1183 18059 1035 257 8281 465 14821 840 94 224 2264 13260 162 7259
internal_value=2.59022e-09 0.00166783 -0.0211285 0.0039258 0.00483775 0.0225204 -0.0314904 -0.0326393 -0.0117077 0.0451878 -0.0224886 -0.0412226 -0.0292738 -0.0410539
internal_weight=237.334 225.796 20.3495 205.447 201.364 3.90404 16.4454 11.5379 3.35538 0.534515 2.82087 8.1825 0.668306 4.0826
internal_count=68258 50231 16375 33856 26340 519 15856 18027 3765 318 3447 14262 1002 7516
is_linear=0
shrinkage=0.04


Tree=67
num_leaves=13
num_cat=0
split_feature=7 7 37 8 8 0 35 12 8 5 11 38
split_gain=7.63556 7.49569 11.7821 7.37994 9.04818 4.87132 4.53605 4.07605 6.00269 5.90605 5.66465 1.59272
threshold=0.18321578949689868 -0.22178152948617932 1.0000000180025095e-35 -0.31540223956108088 -0.47632740437984461 0.10327341780066492 -0.056456940248608582 0.46209387481212622 -0.19394066929817197 -0.14634241908788678 0.5293821692466737 0.15831244778613202
decision_type=2 2 2 2 2 2 2 2 2 2 2 2
left_child=1 3 6 4 -1 -4 -3 -2 9 -9 -10 -5
right_child=7 2 5 11 -6 -7 -8 8 10 -11 -12 -13
leaf_value=0.0073423748736968861 0.035749758118793183 0.010922792210694173 -0.032824051301547141 0.049452565032558765 -0.025786905342110266 0.015444941137455081 -0.015992951043166944 0.039944334777787541 0.020500107145397569 -0.040421587102283989 -0.011422547179251149 0.015293105194166283
leaf_weight=57.117454352246568 9.4601243586657784 28.396838177373866 36.991500061547413 6.0713759293284948 17.151166467476287 3.6778598129458251 15.478871263672771 1.8618794747162608 37.187981164315715 6.8310765760397754 11.689699142763855 3.4108152354019694
leaf_count=9002 120 3144 34940 188 11948 456 5481 23 904 791 529 732
internal_value=-4.84364e-10 -0.00454721 -0.0129491 0.0039344 -0.00030831 -0.0284589 0.00142721 0.0114168 0.00741837 -0.0232086 0.0128654 0.0371652
internal_weight=235.327 168.296 84.5451 83.7508 74.2686 40.6694 43.8757 67.0308 57.5706 8.69296 48.8777 9.48219
internal_count=68258 65891 44021 21870 20950 35396 8625 2367 2247 814 1433 920
is_linear=0
shrinkage=0.04


Tree=68
num_leaves=15
num_cat=0
split_feature=3 13 7 32 33 13 15 18 34 15 10 32 37 22
split_gain=7.5274 11.5703 6.89085 10.9148 7.95564 4.55061 6.48971 7.25341 2.89034 2.45948 1.90355 1.18293 0.522887 1.81794
threshold=0.22763150930404666 1.4630411267280581 -0.37577386200428003 0.72233560090702953 0.13365526461368249 1.1449786424636843 63.656217575073249 -0.019757219590246674 0.97148664343786306 64.815937042236342 0.24681908637285235 0.99043040293040308 2.5000000000000004 -0.10431063175201415
decision_type=2 2 2 2 2 2 2 2 2 2 2 2 2 2
left_child=1 2 4 -4 -1 6 11 -8 10 -10 -7 -2 -3 -14
right_child=5 12 3 -5 -6 8 7 -9 9 -11 -12 -13 13 -15
leaf_value=-0.00068676700050979329 0.0071476366783266654 -0.046244341488732729 -0.019394156956657086 0.0046254142116427741 0.036870745663596098 0.035057508338787097 -0.056397707921525993 0.0065719322924227639 0.022441032122749772 -0.015190737234592655 0.013229673639977787 0.034770197028634375 0.081446738685257397 -0.041088998754977429
leaf_weight=24.388189777091611 4.851680669293275 10.09904488763277 54.906007087942271 67.460035895357578 14.324291933793573 17.795841035753259 5.459787301660981 6.3088577287708159 5.4030816296581161 5.721145267423708 9.9757218708691635 5.0756886994931847 0.23472267956822168 1.1089436250877032
leaf_count=2925 354 4890 40160 15101 751 247 872 520 104 235 290 38 98 1673
internal_value=-4.69796e-10 -0.00425976 -0.00149881 -0.00615224 0.0132102 0.0121287 -0.00254873 -0.0226414 0.0203157 0.00308716 0.0272168 0.0212706 -0.0431254 -0.0196834
internal_weight=233.113 172.521 161.079 122.366 38.7125 60.5918 21.696 11.7686 38.8958 11.1242 27.7716 9.92737 11.4427 1.34367
internal_count=68258 65598 58937 55261 3676 2660 1784 1392 876 339 537 392 6661 1771
is_linear=0
shrinkage=0.04


Tree=69
num_leaves=15
num_cat=0
split_feature=1 5 15 0 11 29 36 37 19 15 7 26 11 17
split_gain=7.25749 7.43948 7.80885 7.5697 7.3172 7.25801 6.05782 5.42462 7.18997 5.58778 2.25588 0.373475 0.291688 0.00999298
threshold=0.011282875668257477 -0.025116072036325928 18.015249252319339 0.0070655313320457944 0.009731044992804529 0.010410954244434835 0.18808962264150947 1.5000000000000002 0.96609195402298864 80.28421783447267 0.38366140425205236 -0.085196971893310533 0.21313674002885821 -0.0040977019816637031
decision_type=2 2 2 2 2 2 2 2 2 2 2 2 2 2
left_child=1 2 11 10 -4 12 -5 9 -9 -7 -3 -1 13 -2
right_child=5 3 4 6 -6 7 -8 8 -10 -11 -12 -13 -14 -15
leaf_value=-0.047562664613340751 -0.052140204398303282 -0.03157832433019532 0.016799858691686678 -0.026431950775017855 -0.0064217659632203172 0.016336385549253936 0.024505266416885548 -0.037519026086467226 0.023890438201870548 -0.035025036426079036 -0.079632459927370045 -0.019306330869274687 -0.084922572647286254 -0.045642443870360067
leaf_weight=5.3009402939096617 1.6648936483834409 21.816686043919621 36.351703732627357 6.8606232021556925 53.906724949425552 77.202070571391232 8.2013024388179456 7.921003950716111 4.961195287789451 3.5447144170175298 1.6836796616844356 0.87146928708534588 0.48756215791217972 0.49019121198216375
leaf_count=3884 441 19082 8082 3109 16710 7079 1821 5999 693 218 127 643 31 339
internal_value=1.13094e-09 -0.005984 -4.58837e-05 -0.0208332 0.00293077 0.00839083 0.00130365 0.010236 -0.013869 0.0140817 -0.0350212 -0.0435732 -0.0569832 -0.0506622
internal_weight=231.265 134.993 96.4308 38.5623 90.2584 96.2716 15.0619 93.629 12.8822 80.7468 23.5004 6.17241 2.64265 2.15508
internal_count=68258 53458 29319 24139 24792 14800 4930 13989 6692 7297 19209 4527 811 780
is_linear=0
shrinkage=0.04


Tree=70
num_leaves=13
num_cat=0
split_feature=7 30 12 13 1 6 25 36 38 34 17 34
split_gain=7.18217 8.69337 6.35349 6.25618 6.23238 5.74992 4.77347 7.65434 3.61477 1.25413 0.903111 0.16611
threshold=0.10937878116965295 4.5000000000000009 0.427524283528328 1.591228246688843 0.011282875668257477 0.087091833353042616 -0.037161976099014275 0.046463815789473693 0.96026315789473693 0.42116461366181418 -0.090334784239530549 0.38832369345176621
decision_type=2 2 2 2 2 2 2 2 2 2 2 2
left_child=1 3 -2 4 -1 9 10 -8 -7 -4 -3 -5
right_child=2 6 5 11 -6 8 7 -9 -10 -11 -12 -13
leaf_value=-0.0051781613332698359 0.038297502532048999 0.0083557665825792857 0.0096761322015855456 -0.02113885554140341 0.013568156524928873 0.015910287562593751 0.23208229536700906 -0.0076601468340705796 -0.0050320499833010944 -0.051719538469944128 -0.040423226758918782 -0.045118516456670435
leaf_weight=85.452718238841044 11.07142476068111 0.63092531653819861 0.63643946632509996 0.5103128500195443 42.481960553617682 37.554752887081122 0.21905034780502131 7.8146005508460803 20.32368574407883 3.2544718558638124 16.210289677786935 4.9023227886063978
leaf_count=28634 193 209 197 464 6634 1369 186 8431 720 940 18203 2078
internal_value=3.72206e-09 -0.00478493 0.0103937 -0.000735366 0.00104674 0.00539225 -0.0264936 -0.00112319 0.0085565 -0.041677 -0.0385958 -0.0428577
internal_weight=231.063 158.222 72.8408 133.347 127.935 61.7693 24.8749 8.03365 57.8784 3.89091 16.8412 5.41264
internal_count=68258 64839 3419 37810 35268 3226 27029 8617 2089 1137 18412 2542
is_linear=0
shrinkage=0.04


Tree=71
num_leaves=13
num_cat=0
split_feature=7 30 12 13 12 6 31 31 38 7 34 34
split_gain=6.92508 7.99101 6.27484 5.80492 6.00532 5.0542 4.54985 7.18112 3.07944 2.22131 1.35061 0.161452
threshold=0.10937878116965295 4.5000000000000009 0.427524283528328 1.591228246688843 0.07225369289517404 0.074478901922702803 0.17864741641337389 0.16566915748840177 0.96026315789473693 0.034273285418748863 0.34674373795761088 0.38832369345176621
decision_type=2 2 2 2 2 2 2 2 2 2 2 2
left_child=1 3 -2 4 -1 10 7 -3 -7 -8 -4 -5
right_child=2 6 5 11 -6 8 9 -9 -10 -11 -12 -13
leaf_value=-0.022067797836835969 0.0375637956837147 -0.027863109793400287 0.017278790158567054 -0.020766518493516822 0.0040946405329283491 0.014545589453463514 -0.040578283886581544 0.058774185743138294 -0.0047415477871002743 0.014865276502603393 -0.055198111793770911 -0.044619235269767091
leaf_weight=16.052427105147217 11.321430209558455 4.4442124737397561 0.48601992166368235 0.50264484348008309 111.85326034065656 38.042265870069969 16.229118122500953 2.3349978633341379 20.319855922309216 1.2448700131208159 2.679075095555163 4.6947359609184787
leaf_count=12493 193 4365 123 464 22775 1439 21791 353 733 520 931 2078
internal_value=2.22562e-09 -0.00472045 0.0101964 -0.000872681 0.000811201 0.0051606 -0.0258373 0.00197781 0.00783041 -0.0366284 -0.0440688 -0.0423124
internal_weight=230.205 157.356 72.8486 133.103 127.906 61.5272 24.2532 6.77921 58.3621 17.474 3.1651 5.19738
internal_count=68258 64839 3419 37810 35268 3226 27029 4718 2172 22311 1054 2542
is_linear=0
shrinkage=0.04


Tree=72
num_leaves=15
num_cat=0
split_feature=37 12 6 30 32 29 19 26 21 18 34 32 4 29
split_gain=6.75647 5.86716 5.14995 4.31824 4.0394 1.94332 1.72569 1.31965 1.992 1.87107 0.956697 0.0510926 0.0093128 0.00509288
threshold=2.5000000000000004 0.076725702732801451 -0.3909297883510589 5.5000000000000009 0.081931882419446031 0.013364522717893125 0.96286446020488581 -0.18165302276611325 0.17752100840336138 -0.043408021330833428 0.77087922173274614 0.063878363936655982 0.35961046814918524 0.031184921041131023
decision_type=2 2 2 2 2 2 2 2 2 2 2 2 2 2
left_child=1 2 5 4 -3 -1 -4 8 9 -2 -10 -5 13 -9
right_child=7 3 6 11 -6 -7 -8 12 10 -11 -12 -13 -14 -15
leaf_value=0.03723628132384818 -0.041051924675994222 -0.035784999364143033 -0.034476866982434955 -0.016536513996879183 0.0051975605316249484 -0.016002572836317255 0.013666966635649978 -0.041903535854882053 -0.040518286853741099 0.08055854207817463 0.015683991033753005 -0.041456728907025973 -0.046865652301315806 -0.036423429997079391
leaf_weight=2.9565064691705656 0.30640219850465655 3.9270525833708225 14.009273323114027 0.13700525910098749 191.22630480091902 1.744168391334824 1.3019575703438029 5.7764363771857443 2.3038515577572984 0.59652596765954546 0.6136902124271727 3.3588660320529016 0.60118580724520132 0.28470862982794631
leaf_count=45 301 989 15216 250 24904 396 1285 12139 3393 477 731 7146 397 589
internal_value=-2.91468e-09 0.0015039 -0.0191398 0.00358354 0.00437287 0.0174822 -0.0303831 -0.0313699 -0.0126283 0.0392909 -0.0286964 -0.0404801 -0.0421171 -0.0416461
internal_weight=229.144 218.661 20.0119 198.649 195.153 4.70067 15.3112 10.4828 3.82047 0.902928 2.91754 3.49587 6.66233 6.06115
internal_count=68258 50231 16942 33289 25893 441 16501 18027 4902 778 4124 7396 13125 12728
is_linear=0
shrinkage=0.04


Tree=73
num_leaves=13
num_cat=0
split_feature=7 7 35 31 8 31 12 13 27 1 30 10
split_gain=6.21767 8.00747 11.2798 12.7111 8.50989 7.25533 6.04783 4.82216 3.28456 1.37732 1.1922 1.11763
threshold=0.10937878116965295 -0.18851947784423825 -0.061330083757638924 0.72921215429403208 -0.27255982160568232 0.39587585034013612 0.427524283528328 0.82135653495788585 0.10614545270800592 -0.044837247580289834 2.5000000000000004 0.0067790958564728507
decision_type=2 2 2 2 2 2 2 2 2 2 2 2
left_child=1 4 3 -3 5 -1 -2 10 -9 -4 -8 -6
right_child=6 2 9 -5 11 -7 7 8 -10 -11 -12 -13
leaf_value=0.0077963324365096587 0.036697231303197755 -0.030663440717199886 -0.018016278332359664 0.017797649184199345 0.04691164543685597 -0.016590448589754083 -0.0040909854290707148 -0.0239110907395822 0.010846003821954742 -0.040679635505242111 -0.048268454026564232 0.012821762127892433
leaf_weight=53.608213587482169 11.205819442577193 14.282247252282103 5.4391117867780876 21.999019205635705 7.1622928510041657 30.696470871305792 1.4110541308036761 4.7483844085363662 51.878881643293425 20.316837924343417 3.1802422843466047 1.9597887249765333
leaf_count=14519 193 5073 4151 3690 381 12845 320 196 1652 23591 1058 589
internal_value=2.50183e-10 -0.00450962 -0.0156501 -0.00127923 0.00288785 -0.00108322 0.00968022 0.00473486 0.00793151 -0.0358936 -0.0346913 0.0395878
internal_weight=227.888 155.464 62.0372 36.2813 93.4268 84.3047 72.4244 61.2186 56.6273 25.7559 4.5913 9.12208
internal_count=68258 64839 36505 8763 28334 27364 3419 3226 1848 27742 1378 970
is_linear=0
shrinkage=0.04


Tree=74
num_leaves=15
num_cat=0
split_feature=37 12 20 30 15 36 17 26 31 15 19 32 4 29
split_gain=5.98341 5.88611 4.12026 4.02469 3.70569 1.99441 1.46911 1.45239 1.9518 1.65505 0.761184 0.0496731 0.00838261 0.00486586
threshold=2.5000000000000004 0.07225369289517404 0.04210992907801419 5.5000000000000009 30.227787017822269 0.01574900793650794 -0.024181452579796311 -0.18165302276611325 0.23845215993793126 26.08753871917725 0.938137755102041 0.063878363936655982 0.35961046814918524 0.031184921041131023
decision_type=2 2 2 2 2 2 2 2 2 2 2 2 2 2
left_child=1 2 6 4 -3 -4 -1 8 9 -2 -10 -5 13 -9
right_child=7 3 5 11 -6 -7 -8 12 10 -11 -12 -13 -14 -15
leaf_value=0.03803829569319795 -0.02553559917944867 0.015558679883567499 0.011386304892945421 -0.016743720821338456 0.00148824561235091 -0.034518911989766379 -0.015946213084198121 -0.041782777334761718 -0.037795271833493613 0.071282698572871728 0.031534728341205652 -0.04125743636407888 -0.046601665948853857 -0.036262721690198528
leaf_weight=2.2641683488618587 0.47349804131226869 36.972966345696477 1.7088467276189465 0.1379899755265791 157.63024062107434 13.300953298006787 1.2528564321983164 5.4361042639720818 2.2735284351001614 0.70033254916779697 0.28515671181958158 3.1841919307262287 0.57223585248721054 0.26810192651464593
leaf_count=94 459 4624 1031 257 21716 14788 462 12139 3617 568 258 7259 397 589
internal_value=1.19944e-09 0.00139814 -0.0201616 0.00341624 0.00416151 -0.0292927 0.0188076 -0.030236 -0.010477 0.0322283 -0.0300687 -0.0402392 -0.0419863 -0.0415233
internal_weight=226.461 216.452 18.5268 197.925 194.603 15.0098 3.51702 10.009 3.73252 1.17383 2.55869 3.32218 6.27644 5.70421
internal_count=68258 50231 16375 33856 26340 15819 556 18027 4902 1027 3875 7516 13125 12728
is_linear=0
shrinkage=0.04


Tree=75
num_leaves=13
num_cat=0
split_feature=7 7 38 21 8 8 12 6 4 30 34 10
split_gain=5.58263 7.40556 10.9542 12.0872 8.09671 6.94573 5.96649 4.45934 3.22239 3.04625 1.36927 1.11986
threshold=0.10937878116965295 -0.18851947784423825 0.76975051975051989 0.79107076234299234 -0.27255982160568232 -0.46650840342044825 0.427524283528328 0.074478901922702803 0.23007093369960788 2.5000000000000004 0.42116461366181418 0.0067790958564728507
decision_type=2 2 2 2 2 2 2 2 2 2 2 2
left_child=1 4 8 -4 5 -1 -2 10 -3 -9 -8 -6
right_child=6 2 3 -5 11 -7 7 9 -10 -11 -12 -13
leaf_value=0.0061889139846640004 0.035657072213939336 -0.036538198278146493 0.032939992035422437 -0.018817197693193299 0.045725700529092576 -0.019337417189978185 0.011624151045251887 -0.024984526189589781 0.0045329771484386308 0.009335463335147046 -0.055966364200181938 0.011471714255692253
leaf_weight=59.574603451124858 11.446401175344361 27.32028641750367 12.085591999719329 17.930159404138976 7.2282966179918713 23.896638083351718 0.59511970818857607 4.4861215682903994 3.4415160437711156 53.326558396387554 2.4695150151092093 1.9361073468026004
leaf_count=10349 193 24590 2651 8518 381 17015 177 477 746 1695 877 589
internal_value=4.49303e-10 -0.00431904 -0.0151689 0.0020224 0.00279949 -0.00111891 0.00916155 0.00417976 -0.0319433 0.00667232 -0.042841 0.0384891
internal_weight=225.737 153.413 60.7776 30.0158 92.6356 83.4712 72.3237 60.8773 30.7618 57.8127 3.06463 9.1644
internal_count=68258 64839 36505 11169 28334 27364 3419 3226 25336 2172 1054 970
is_linear=0
shrinkage=0.04


Tree=76
num_leaves=10
num_cat=0
split_feature=14 13 34 37 27 7 35 37 23
split_gain=5.54671 4.72242 7.79701 4.169 0.214649 0.0257411 0.00899723 0.00487484 0.000148131
threshold=0.0080111641436815279 0.1256554573774338 0.16700680272108845 2.5000000000000004 0.3783357441425324 -0.40609957277774805 -0.042476950213313096 1.0000000180025095e-35 1.0000000180025095e-35
decision_type=2 2 2 2 2 2 2 2 2
left_child=5 -2 4 -4 -3 -1 7 -7 -8
right_child=1 2 3 -5 -6 6 8 -9 -10
leaf_value=-0.06320197917715209 0.044108001517501973 -0.046655135842761979 0.0025141968803228647 -0.026963952294771869 -0.018485402245826354 -0.047510959748463151 -0.041723025884224767 -0.043922993681859195 -0.040955191059295314
leaf_weight=0.11136976326815773 3.9730398253450394 5.6288821777889089 202.03061171687295 7.9794868381759434 0.46884485741611559 0.92156114340468809 0.95289778729784191 1.768693999489187 0.69535946255200543
leaf_count=27 65 4942 42093 14391 577 535 1614 1979 2035
internal_value=1.29863e-09 0.000893972 9.95021e-05 0.00139415 -0.0444892 -0.0442137 -0.0437263 -0.0451521 -0.0413991
internal_weight=224.531 220.081 216.108 210.01 6.09773 4.44988 4.33851 2.69026 1.64826
internal_count=68258 62068 62003 56484 5519 6190 6163 2514 3649
is_linear=0
shrinkage=0.04


Tree=77
num_leaves=13
num_cat=0
split_feature=14 12 37 15 21 28 19 36 7 35 12 30
split_gain=5.1526 4.45413 5.63106 4.06951 3.53597 3.03089 1.98045 0.581026 0.0171241 0.00663762 0.00340561 0.000128379
threshold=0.0080111641436815279 0.076725702732801451 2.5000000000000004 30.227787017822269 0.04210992907801419 0.071317832916975035 0.96286446020488581 0.43632322175732224 -0.37116026878356928 -0.042476950213313096 0.07225369289517404 5.5000000000000009
decision_type=2 2 2 2 2 2 2 2 2 2 2 2
left_child=8 4 3 -3 5 -2 -6 -4 -1 10 -10 -11
right_child=1 2 7 -5 6 -7 -8 -9 9 11 -12 -13
leaf_value=-0.05989338544136847 0.038666403498880862 0.015989219772510693 -0.040463125647068596 0.0010610689385057643 -0.028877700333175903 -0.046474213528267409 0.021283997470867445 0.0011817146231603592 -0.041983295541975267 -0.041647485247041434 -0.045448802648229661 -0.040914990001070899
leaf_weight=0.10304933896986757 2.8191633760579893 35.878197502948751 5.201347966452885 157.39543555649288 15.362411528290977 0.87712630805617653 1.3717819519442862 0.59762416647572525 0.59068571352690957 0.90448133368044981 1.956601798723568 0.66378136634011753
leaf_count=32 214 4729 10267 26454 17575 550 1306 973 1066 1615 1446 2031
internal_value=7.21012e-10 0.000841557 0.00266694 0.00383224 -0.0169448 0.0184626 -0.0247657 -0.0361713 -0.043788 -0.0433848 -0.0446452 -0.0413375
internal_weight=223.722 219.503 199.073 193.274 20.4305 3.69629 16.7342 5.79897 4.2186 4.11555 2.54729 1.56826
internal_count=68258 62068 42423 31183 19645 764 18881 11240 6190 6158 2512 3646
is_linear=0
shrinkage=0.04


Tree=78
num_leaves=15
num_cat=0
split_feature=1 29 5 13 14 8 11 11 17 32 13 11 7 35
split_gain=5.45982 6.7812 5.74264 6.7613 6.43927 6.31173 4.6107 4.38637 4.37938 4.10644 0.539324 0.246749 0.149861 0.00728618
threshold=0.011282875668257477 0.010410954244434835 -0.024005414918065068 0.88174140453338634 0.025396754965186123 -0.2468699365854263 0.029811572283506397 0.17131481319665912 -0.014783200342208145 0.1064701778862923 0.44050438702106481 0.22495743632316592 -0.37116026878356928 -0.061757627874612801
decision_type=2 2 2 2 2 2 2 2 2 2 2 2 2 2
left_child=2 11 3 5 12 -1 10 -5 -6 -8 -3 13 -4 -2
right_child=1 6 4 7 8 -7 9 -9 -10 -11 -12 -13 -14 -15
leaf_value=0.0096571483395050412 -0.052429942785227446 0.062743225237410799 -0.068050583315172219 -0.030686849701055785 -0.045051941440433903 -0.043908206426664369 -0.052271274083854485 0.0013881206001664823 0.00066408855502719344 0.008525079009021462 0.032216558453241659 -0.080056913904326094 -0.043016523492948211 -0.047538240220143822
leaf_weight=63.149486955480825 0.72429571475368049 2.48724786103412 0.39639514396549103 15.759955943172828 4.0526859297315267 3.7274085395329157 1.8152137164142903 12.028040431992848 19.411241406211047 85.746319715730351 1.4752257770669528 0.50781383930006985 10.993562533018119 1.488253753152093
leaf_count=14770 145 54 114 11267 1483 3060 984 985 5695 12376 575 29 16084 637
internal_value=1.2243e-09 0.00732476 -0.00532986 -0.000219161 -0.0192108 0.00667166 0.00917459 -0.0168032 -0.00723198 0.00726473 0.0513782 -0.054911 -0.0438878 -0.0491396
internal_weight=223.763 94.2444 129.519 94.6649 34.8539 66.8769 91.524 27.788 23.4639 87.5615 3.96247 2.72036 11.39 2.21255
internal_count=68258 14800 53458 30082 23376 17830 13989 12252 7178 13360 629 811 16198 782
is_linear=0
shrinkage=0.04


Tree=79
num_leaves=14
num_cat=0
split_feature=1 29 1 15 29 13 5 20 37 7 29 11 17
split_gain=4.75569 7.65154 5.38994 6.60508 6.18084 5.1254 4.31165 7.28733 4.918 2.99992 0.444187 0.369074 0.006258
threshold=0.011282875668257477 0.010410954244434835 -0.01308927685022354 18.015249252319339 0.007637148257344962 0.90414974093437206 0.10497306659817697 0.9360338243316968 1.5000000000000002 -0.54221302270889271 0.0079330035950988548 0.24496664851903918 -0.0040977019816637031
decision_type=2 2 2 2 2 2 2 2 2 2 2 2 2
left_child=2 11 3 10 -4 -5 8 -8 -3 -6 -1 12 -2
right_child=1 6 4 5 9 -7 7 -9 -10 -11 -12 -13 -14
leaf_value=-0.0066213008250783538 -0.049993430139579485 0.017604315993922297 0.035484234175414436 0.0071944756605613084 0.03376913066581546 -0.011814026307391524 -0.058005130874016812 0.0037934620176864765 -0.015103354662528292 -0.036674695512823416 -0.045248946069170258 -0.081843467964130764 -0.044581037984259372
leaf_weight=0.52079507110465684 1.7383296519110449 61.400122664897935 2.4379557381034855 68.585565090012096 1.0279263559496055 33.921254933993623 3.6853209481050753 17.794738923097611 8.3565253258784633 16.389280376744864 5.5761776062099671 0.72863975656218816 0.42546173106529672
leaf_count=330 448 6155 200 19963 42 13028 668 905 6261 14763 5132 21 342
internal_value=5.84181e-10 0.00683024 -0.0050049 -0.00150155 -0.0241676 0.000904238 0.00886082 -0.00680929 0.0136861 -0.0325173 -0.0419494 -0.0572207 -0.0489292
internal_weight=222.588 94.1291 128.459 108.604 19.8552 102.507 91.2367 21.4801 69.7566 17.4172 6.09697 2.89243 2.16379
internal_count=68258 14800 53458 38453 15005 32991 13989 1573 12416 14805 5462 811 790
is_linear=0
shrinkage=0.04


Tree=80
num_leaves=10
num_cat=0
split_feature=14 13 34 32 4 8 35 12 37
split_gain=4.62766 4.23128 6.99428 4.23317 0.237673 0.0161468 0.00442288 0.00228115 0.000105758
threshold=0.0080111641436815279 0.1256554573774338 0.16700680272108845 0.71158318425760292 -0.43005445599555964 -0.53740984201431263 -0.042476950213313096 0.07225369289517404 1.5000000000000002
decision_type=2 2 2 2 2 2 2 2 2
left_child=5 -2 4 -4 -3 -1 7 -7 -8
right_child=1 2 3 -5 -6 6 8 -9 -10
leaf_value=-0.058880980205078676 0.042537848904109332 0.0053071146827349362 -0.0055169921800025295 0.0060360712589515812 -0.045205307697647211 -0.041803064985958233 -0.041725409659163326 -0.04476162918039877 -0.040993583551235398
leaf_weight=0.10535416589118574 3.8124530381755894 0.15318396133079648 87.084320176247275 121.60495813045418 5.5095304796413975 0.54350256194447988 0.47582484942540604 1.7911506409000137 0.94032595335374936
leaf_count=37 65 79 40442 16042 5440 1065 827 1445 2816
internal_value=-1.76887e-09 0.000767766 2.48452e-05 0.00121507 -0.0438389 -0.0434369 -0.0430031 -0.0440729 -0.0412395
internal_weight=222.021 218.164 214.352 208.689 5.66271 3.85616 3.7508 2.33465 1.41615
internal_count=68258 62068 62003 56484 5519 6190 6153 2510 3643
is_linear=0
shrinkage=0.04


Tree=81
num_leaves=10
num_cat=0
split_feature=14 13 34 32 4 8 35 12 37
split_gain=4.36983 3.85677 6.41807 3.83813 0.233995 0.013378 0.00382251 0.00196821 9.3172e-05
threshold=0.0080111641436815279 0.1256554573774338 0.16700680272108845 0.71158318425760292 -0.43005445599555964 -0.53740984201431263 -0.042476950213313096 0.07225369289517404 1.5000000000000002
decision_type=2 2 2 2 2 2 2 2 2
left_child=5 -2 4 -4 -3 -1 7 -7 -8
right_child=1 2 3 -5 -6 6 8 -9 -10
leaf_value=-0.057832866806240953 0.041075362428273046 0.005413017342643529 -0.005292103352101821 0.005721928141164641 -0.044531202704607406 -0.04172815474682541 -0.041654667933615518 -0.044541685937362498 -0.040951578806499613
leaf_weight=0.098160011868458574 3.7262039400811764 0.15452748343523115 86.666318411516841 121.72283436094222 5.2281063432674264 0.51899645506637293 0.45400496170623073 1.7038805793745266 0.89815868662117282
leaf_count=37 65 79 40442 16042 5440 1065 827 1445 2816
internal_value=7.95889e-10 0.000730673 2.74348e-05 0.00114134 -0.0430974 -0.0432647 -0.0428647 -0.0438848 -0.0411876
internal_weight=221.171 217.498 213.772 208.389 5.38263 3.6732 3.57504 2.22288 1.35216
internal_count=68258 62068 62003 56484 5519 6190 6153 2510 3643
is_linear=0
shrinkage=0.04


Tree=82
num_leaves=15
num_cat=0
split_feature=37 12 15 29 34 21 25 28 26 33 29 22 4 29
split_gain=4.17052 4.76039 3.99913 8.482 7.99977 3.43832 1.81933 1.77992 1.67272 2.09698 2.85862 1.78771 0.0038664 0.00487619
threshold=2.5000000000000004 0.07225369289517404 30.227787017822269 0.0098213627934455889 0.76367472190257013 0.04210992907801419 -0.017324566841125485 0.063200246542692198 -0.18165302276611325 0.10020920502092052 0.013310795184224846 -0.10431063175201415 0.35961046814918524 0.031184921041131023
decision_type=2 2 2 2 2 2 2 2 2 2 2 2 2 2
left_child=1 5 4 -4 -3 7 -7 -1 9 10 -2 -11 13 -10
right_child=8 2 3 -5 -6 6 -8 -9 12 11 -12 -13 -14 -15
leaf_value=0.036256110844028182 0.15886508272248165 0.020127018152922501 -0.060606111966064094 0.0015103570747472485 -0.047747930610106182 -0.032286762745641941 0.020858966204779197 -0.028096292933779285 -0.041412134853523547 0.068086566647644745 -0.0055351424185040733 -0.034020844093591962 -0.04484239640204047 -0.03539781475119206
leaf_weight=2.3469706204487042 0.26719569576380342 34.375702871591784 3.5996171698643584 153.73183815515586 3.0225872648879877 12.639590208240406 1.1221064461496979 0.97269643866457034 4.5080962020329007 0.31117080163676369 0.46154724889493082 2.3184536224071048 0.49422593515919278 0.22652711396221992
leaf_count=120 134 4675 795 27400 986 14356 1500 399 12139 190 305 4273 397 589
internal_value=3.66733e-10 0.00110791 0.00288394 8.91822e-05 0.0146413 -0.0191391 -0.0279533 0.0174002 -0.0273274 -0.00529896 0.0547427 -0.0219382 -0.0414758 -0.0411244
internal_weight=220.398 211.811 194.73 157.331 37.3983 17.0814 13.7617 3.31967 8.58722 3.35837 0.728743 2.62962 5.22885 4.73462
internal_count=68258 50231 33856 28195 5661 16375 15856 519 18027 4902 439 4463 13125 12728
is_linear=0
shrinkage=0.04


Tree=83
num_leaves=10
num_cat=0
split_feature=14 13 34 11 4 8 35 12 37
split_gain=4.07546 3.5802 5.86895 3.78621 0.264938 0.0108678 0.00326771 0.001724 8.75616e-05
threshold=0.0080111641436815279 0.1256554573774338 0.16700680272108845 0.009731044992804529 -0.44130893051624293 -0.53740984201431263 -0.042476950213313096 0.07225369289517404 1.5000000000000002
decision_type=2 2 2 2 2 2 2 2 2
left_child=5 -2 4 -4 -3 -1 7 -7 -8
right_child=1 2 3 -5 -6 6 8 -9 -10
leaf_value=-0.056738024628129477 0.040383179024956445 0.012662659427059068 0.012453366086684575 -0.0014979282537008313 -0.043963250700566968 -0.041586443744555161 -0.041592888992354152 -0.044325815159002344 -0.040892941761271499
leaf_weight=0.091027451213449573 3.5753152281395151 0.13583134918007989 38.109601361033128 169.79606692727975 4.9458696518013303 0.47575461571614264 0.43424376298207634 1.6166962706411139 0.83741117327008396
leaf_count=37 65 67 11066 45418 5452 1065 827 1445 2816
internal_value=-6.11782e-10 0.000687637 2.12875e-05 0.00105938 -0.0424497 -0.0431001 -0.0427311 -0.043703 -0.041132
internal_weight=220.018 216.563 212.987 207.906 5.0817 3.45513 3.36411 2.09245 1.27165
internal_count=68258 62068 62003 56484 5519 6190 6153 2510 3643
is_linear=0
shrinkage=0.04


Tree=84
num_leaves=15
num_cat=0
split_feature=1 29 11 28 29 13 7 7 11 32 3 19 11 37
split_gain=4.1962 6.05434 5.46724 8.87365 8.51628 7.70803 5.12077 4.60389 4.05221 3.62159 0.502323 0.409386 0.201824 0.0043136
threshold=0.011282875668257477 0.010410954244434835 0.009731044992804529 0.26769362390041357 0.013669099658727648 0.88174140453338634 -0.54221302270889271 0.20925559103488925 0.029811572283506397 0.1064701778862923 -0.36829115450382227 0.81929669030732877 0.24496664851903918 1.0000000180025095e-35
decision_type=2 2 2 2 2 2 2 2 2 2 2 2 2 2
left_child=2 12 3 5 6 -1 -4 -6 11 -10 -5 -3 13 -2
right_child=1 8 4 10 7 -7 -8 -9 9 -11 -12 -13 -14 -15
leaf_value=0.020159610806188548 -0.050462641034813863 0.030993279691753892 0.034945330924683604 0.0053416138186696653 -0.0093869247040702514 -0.033099415730005112 -0.032753593427161387 0.015193535937395856 -0.051602409714857508 0.0075503492223203033 -0.052389998071266819 0.05804433165432344 -0.075866563485839478 -0.046648755294864779
leaf_weight=32.879017810511868 0.72085396826150816 1.4051662621277494 1.9149669382022718 0.25725185312330712 37.905353253208887 5.0104479610090484 26.896541707312281 17.972216453534202 1.6889859767616133 84.886430797520006 3.8510751302092094 2.4660867909478839 0.51575432857498515 1.3883157609234329
leaf_count=8010 167 457 35 47 19398 4607 17445 750 984 12376 3166 172 21 623
internal_value=3.73442e-09 0.00644871 -0.00473759 0.00706231 -0.0105892 0.0131167 -0.028254 -0.00148097 0.0081867 0.00639635 -0.048775 0.0482255 -0.0534369 -0.0479522
internal_weight=219.758 93.0716 126.687 41.9978 84.6891 37.8895 28.8115 55.8776 90.4467 86.5754 4.10833 3.87125 2.62492 2.10917
internal_count=68258 14800 53458 15830 37628 12617 17480 20148 13989 13360 3213 629 811 790
is_linear=0
shrinkage=0.04


Tree=85
num_leaves=13
num_cat=0
split_feature=14 12 37 15 33 15 6 26 8 35 12 37
split_gain=3.90195 3.41272 4.41036 4.43862 3.7086 5.26447 1.11985 0.667553 0.00781758 0.00277659 0.0014988 7.73921e-05
threshold=0.0080111641436815279 0.070937421172857298 2.5000000000000004 30.227787017822269 0.083507670850767088 25.404290199279789 -0.44857189059257502 -0.19627261161804196 -0.53740984201431263 -0.042476950213313096 0.07225369289517404 1.5000000000000002
decision_type=2 2 2 2 2 2 2 2 2 2 2 2
left_child=8 4 3 -3 5 -2 -6 -4 -1 10 -10 -11
right_child=1 2 7 -5 6 -7 -8 -9 9 11 -12 -13
leaf_value=-0.054994542831491459 -0.045568404226303968 0.015572182830722058 -0.0081596010293088529 0.00019727804217270999 0.039461295037113493 0.027312387333865224 -0.03399051610042849 -0.041627823632061328 -0.041506600684319966 -0.041518507379981737 -0.044081232825019794 -0.040846303782401706
leaf_weight=0.08326561041758429 2.2711970724049051 37.224435353840818 1.2455890127166638 155.72509964810524 0.34346931005711745 5.2548599818401271 10.037206241511736 4.0669014707564193 0.47039246362328535 0.41509161042631448 1.5666662868934507 0.80646031703508925
leaf_count=37 1645 4986 1835 26888 63 1916 15107 9628 1065 827 1445 2816
internal_value=-3.51592e-10 0.000663088 0.00217352 0.00316345 -0.0160603 0.00531858 -0.0315602 -0.0337807 -0.0428918 -0.0425825 -0.0434867 -0.0410747
internal_weight=219.511 216.169 198.262 192.95 17.9067 7.52606 10.3807 5.31249 3.34188 3.25861 2.03706 1.22155
internal_count=68258 62068 43337 31874 18731 3561 15170 11463 6190 6153 2510 3643
is_linear=0
shrinkage=0.04


Tree=86
num_leaves=10
num_cat=0
split_feature=14 13 34 20 38 8 35 12 37
split_gain=3.67855 3.27201 5.40431 3.4244 0.251875 0.00641777 0.00238131 0.00127535 6.78585e-05
threshold=0.0080111641436815279 0.1256554573774338 0.16700680272108845 0.62533422459893051 0.069204980842911892 -0.52873289585113514 -0.042476950213313096 0.07225369289517404 1.5000000000000002
decision_type=2 2 2 2 2 2 2 2 2
left_child=5 -2 4 -4 -3 -1 7 -7 -8
right_child=1 2 3 -5 -6 6 8 -9 -10
leaf_value=-0.053873361759952283 0.039359459339454908 0.01372718518798184 -0.0046942654698558855 0.0056334862711952443 -0.043481717011765432 -0.041436749056511901 -0.041451464232315535 -0.04387923239216425 -0.040806607900830717
leaf_weight=0.080820651259273624 3.4344796307268544 0.12646846624193031 93.610474474928196 113.83276983580072 4.6701583031681366 0.44433710792145631 0.39563671821815527 1.4858048529567893 0.76778206873132149
leaf_count=43 65 92 32585 23899 5427 1060 827 1444 2816
internal_value=-2.28983e-09 0.000629151 2.41464e-06 0.000973003 -0.0419733 -0.042746 -0.0424553 -0.0433169 -0.0410259
internal_weight=218.849 215.674 212.24 207.443 4.79663 3.17438 3.09356 1.93014 1.16342
internal_count=68258 62068 62003 56484 5519 6190 6147 2504 3643
is_linear=0
shrinkage=0.04


Tree=87
num_leaves=13
num_cat=0
split_feature=3 13 22 14 13 38 32 37 4 37 22 22
split_gain=3.57294 10.7273 6.66969 5.83843 4.65687 7.93093 5.33658 3.70239 2.37446 0.676853 1.53348 0.223517
threshold=0.22763150930404666 1.4630411267280581 0.25784724950790411 0.0716880038380623 1.4522036314010622 0.9826073805202663 0.97231800766283538 1.0000000180025095e-35 0.23007093369960788 2.5000000000000004 -0.10431063175201415 0.15445652604103091
decision_type=2 2 2 2 2 2 2 2 2 2 2 2
left_child=1 2 3 -1 5 6 -2 -7 -6 11 -11 -3
right_child=4 9 -4 -5 8 7 -8 -9 -10 10 -12 -13
leaf_value=-0.0034092359762075532 -0.014000121208943367 -0.043279085682882176 -0.06796975574816938 0.016053902313519757 0.038688175779212422 -0.010809893041936233 0.019966244050557774 -0.074863712981268871 0.010222652465657867 0.073644972150386401 -0.039737093405306949 -0.059832692446260306
leaf_weight=117.21265601597406 11.302996926955528 7.6359655273554363 2.2990698013600186 31.230238342730445 9.6890453170926794 2.9092014956986523 21.437873272690922 2.8663890761381481 9.0849704373395053 0.25285699937376194 0.77837895499032927 1.5741505434270946
leaf_count=55869 1504 4525 202 2866 127 128 400 302 199 98 1673 365
internal_value=7.85771e-11 -0.00305297 -0.000361582 0.000685527 0.0085787 0.000616718 0.00824017 -0.0425994 0.0249134 -0.0426674 -0.011936 -0.0461084
internal_weight=218.274 160.983 150.742 148.443 57.2905 38.5165 32.7409 5.77559 18.774 10.2414 1.03124 9.21012
internal_count=68258 65598 58937 58735 2660 2334 1904 430 326 6661 1771 4890
is_linear=0
shrinkage=0.04


Tree=88
num_leaves=15
num_cat=0
split_feature=1 11 28 29 8 29 7 10 5 20 37 3 11 17
split_gain=3.80124 5.54261 8.16821 7.91943 7.23669 5.32307 4.34277 4.3381 3.84235 6.68996 4.06179 0.54254 0.0720466 0.00348436
threshold=0.011282875668257477 0.009731044992804529 0.26769362390041357 0.013669099658727648 -0.2468699365854263 0.010410954244434835 -0.54221302270889271 0.015359519049525263 0.10497306659817697 0.9360338243316968 1.5000000000000002 -0.36829115450382227 0.19831148535013202 -0.0040977019816637031
decision_type=2 2 2 2 2 2 2 2 2 2 2 2 2 2
left_child=1 2 4 6 -1 12 -3 -5 10 -10 -7 -4 13 -2
right_child=5 3 11 7 -6 8 -8 -9 9 -11 -12 -13 -14 -15
leaf_value=0.017939016194068229 -0.047998718823667755 0.032271322685295263 0.0066383019090357756 -0.036626274146624775 -0.04692617242699311 0.015951089764292662 -0.031931697278538958 0.0019162244386184541 -0.057241329917080183 0.0030177553192959573 -0.014280635758224063 -0.052039678774745406 -0.064217371797085268 -0.044030484732330545
leaf_weight=35.299809339347121 1.6522797837969851 1.8011979829752842 0.27099396873381953 5.1564756664920415 2.9846011504123444 60.435094990833022 26.284592085801705 49.770915022952977 3.5475137311441385 17.437414122687187 8.0588713789329613 3.6192625194380517 0.48735573736485083 0.45058388401230254
leaf_count=9056 434 35 47 4140 3561 6155 17445 16008 668 905 6261 3166 40 337
internal_value=2.75994e-09 -0.00453745 0.00727075 -0.0105366 0.0128822 0.00616965 -0.0278142 -0.00170207 0.00780606 -0.00716908 0.0123941 -0.0479522 -0.05036 -0.0471484
internal_weight=217.257 125.188 42.1747 83.0132 38.2844 92.0691 28.0858 54.9274 89.4789 20.9849 68.494 3.89026 2.59022 2.10286
internal_count=68258 53458 15830 37628 12617 14800 17480 20148 13989 1573 12416 3213 811 771
is_linear=0
shrinkage=0.04


Tree=89
num_leaves=12
num_cat=0
split_feature=7 30 12 13 25 31 1 27 13 32 34
split_gain=3.56351 5.85106 5.77527 5.04643 4.74115 5.53857 4.5401 4.38922 4.15815 0.870825 0.293362
threshold=0.10937878116965295 4.5000000000000009 0.427524283528328 1.591228246688843 -0.037161976099014275 0.25541287843284283 0.0090711624361574667 0.086330298334360137 0.82135653495788585 0.031939181968327991 0.38832369345176621
decision_type=2 2 2 2 2 2 2 2 2 2 2
left_child=1 3 -2 6 9 -6 -1 -4 -9 -3 -5
right_child=2 4 7 10 5 -7 -8 8 -10 -11 -12
leaf_value=-0.0044521801672859082 0.033422229868996893 0.005456095952404468 -0.043205217727213661 -0.010067909137952771 0.039266841207340128 -0.032877633127263835 0.011799174645911122 -0.032459834931121957 0.0081604708256931904 -0.039072001358402109 -0.044691004630423276
leaf_weight=78.272637698832114 11.427028558740856 0.7424498506734406 3.2003581274766466 0.43217322615237108 3.4882463218236799 3.3260037126237876 42.405963447072281 4.37619703686505 51.283794299379224 13.1322844069291 4.1659833836965845
leaf_count=28260 193 547 165 464 2174 6443 7008 1345 1716 17865 2078
internal_value=-7.98351e-10 -0.00356312 0.00739953 -0.000308609 -0.02327 0.00405346 0.00125848 0.00234754 0.00496675 -0.0366893 -0.0414368
internal_weight=216.253 145.966 70.2874 125.277 20.689 6.81425 120.679 58.8603 55.66 13.8747 4.59816
internal_count=68258 64839 3419 37810 27029 8617 35268 3226 3061 18412 2542
is_linear=0
shrinkage=0.04


Tree=90
num_leaves=15
num_cat=0
split_feature=12 37 15 29 34 33 15 7 6 27 26 34 4 7
split_gain=3.5327 4.36357 3.71499 7.93167 7.79438 3.66935 4.94009 3.80784 1.0034 0.70105 0.698042 1.86436 0.186206 0.00485742
threshold=0.070937421172857298 2.5000000000000004 30.227787017822269 0.0098213627934455889 0.76367472190257013 0.083507670850767088 25.404290199279789 -0.32069566845893854 -0.44857189059257502 0.37517923116683966 -0.19627261161804196 0.92430608607079201 -0.59343871474266041 0.18321578949689868
decision_type=2 2 2 2 2 2 2 2 2 2 2 2 2 2
left_child=5 2 4 -4 -2 6 12 -8 -7 -10 11 -3 -1 -12
right_child=1 10 3 -5 -6 8 7 -9 9 -11 13 -13 -14 -15
leaf_value=-0.063422208052832885 0.019072527031669437 -0.028108004454233795 -0.057200423232241192 0.0012368018967798156 -0.047909798602403381 0.03565373122097984 0.013147895771237917 0.11812977686721512 -0.036289569813387629 0.021037818365948174 -0.040962635719114245 0.10542641331960999 -0.038000994299197705 -0.045801729409725767
leaf_weight=0.65389743860578198 34.999953821839881 1.1039260183606527 3.8104340362333451 150.35343308332085 3.0193822604487641 0.33879239347879853 4.6114203862089198 0.6280964348479755 9.898617890597956 0.35349526570644307 3.8636860927836087 0.1971650628838687 1.562969012811666 0.36308173977886316
leaf_count=106 4732 1872 798 27508 995 63 1536 411 16568 720 10992 128 1604 225
internal_value=8.77458e-11 0.00154639 0.00255422 -0.000207578 0.013753 -0.016941 0.00455467 0.0257328 -0.0320747 -0.0343129 -0.033492 -0.00787243 -0.0454994 -0.0413783
internal_weight=215.758 197.711 192.183 154.164 38.0193 18.0473 7.45638 5.23952 10.5909 10.2521 5.52786 1.30109 2.21687 4.22677
internal_count=68258 47250 34033 28306 5727 21008 3657 1947 17351 17288 13217 2000 1710 11217
is_linear=0
shrinkage=0.04


Tree=91
num_leaves=12
num_cat=0
split_feature=7 12 30 13 25 31 7 27 32 32 34
split_gain=3.48342 6.25003 5.47088 4.69625 4.5795 5.09221 4.15059 3.86869 3.64956 0.867717 0.289581
threshold=0.10937878116965295 0.427524283528328 4.5000000000000009 1.591228246688843 -0.037161976099014275 0.25541287843284283 -0.41429358720779413 0.086330298334360137 0.88760026737967923 0.031939181968327991 0.38832369345176621
decision_type=2 2 2 2 2 2 2 2 2 2 2
left_child=2 -2 3 6 9 -6 -1 -3 -9 -4 -5
right_child=1 7 4 10 5 -7 -8 8 -10 -11 -12
leaf_value=0.0155839615664488 0.033552147841174468 -0.04087200312888354 0.0053007352930091543 -0.0096658869020556544 0.036606709559092697 -0.032598398131177778 -0.0027147613738755993 -0.037351725690876782 0.0069258250555215761 -0.038835001701053543 -0.044298030234551596
leaf_weight=25.003210106922779 12.039813238487111 3.1990713279228649 0.75513257087004859 0.42777141244732675 3.5969918621995012 3.2277002906339476 95.912803585604706 3.1602948793297392 51.769241821406467 12.688735532407007 3.9852161156668444
leaf_count=1935 193 165 547 464 2174 6443 33333 777 2284 17865 2078
internal_value=-3.19362e-10 0.00732112 -0.0035283 -0.000410147 -0.0228091 0.00387654 0.00106908 0.00188805 0.00437838 -0.0363559 -0.040941
internal_weight=215.766 70.1684 145.598 125.329 20.2686 6.82469 120.916 58.1286 54.9295 13.4439 4.41299
internal_count=68258 3419 64839 37810 27029 8617 35268 3226 3061 18412 2542
is_linear=0
shrinkage=0.04


Tree=92
num_leaves=14
num_cat=0
split_feature=12 33 15 30 7 37 34 22 6 27 7 4 33
split_gain=3.64867 3.68716 4.50666 3.64762 3.40752 3.21929 3.31777 1.4398 0.831215 0.599286 0.220452 0.14326 0.101039
threshold=0.070937421172857298 0.083507670850767088 25.404290199279789 1.5000000000000002 -0.32069566845893854 2.5000000000000004 0.72921215429403208 -0.10431063175201415 -0.44857189059257502 0.39568313956260687 0.20925559103488925 -0.59343871474266041 0.99800000000000011
decision_type=2 2 2 2 2 2 2 2 2 2 2 2 2
left_child=1 2 11 10 -4 6 -5 -7 -3 -10 12 -1 -2
right_child=3 8 4 5 -6 7 -8 -9 9 -11 -12 -13 -14
leaf_value=-0.061125069575106467 -0.044353685567877693 0.026715382882195295 0.011266600418699337 0.0080788275970065573 0.10499340253530851 0.028045372243176145 -0.0025190324499876305 -0.037051922025688425 -0.036032566631716903 0.038199674688386212 -0.076768520435964521 -0.038188034182247525 -0.007772725054445229
leaf_weight=0.60463622334646094 1.977511370405409 0.36495518591255027 4.6408504114078823 99.19948350557388 0.71643636876979133 0.61858754431159457 90.276613839923812 4.4855956822175349 9.9287051092978746 0.17711197545577384 0.34141272964188818 1.5592013037021413 0.12867009610636149
leaf_count=106 2624 63 1536 22076 411 453 10472 11528 16949 339 33 1604 64
internal_value=-7.39093e-10 -0.017243 0.00412258 0.00157457 0.0238008 0.00218498 0.00302944 -0.0291626 -0.0325899 -0.0347316 -0.0469521 -0.0445973 -0.0421189
internal_weight=215.02 17.9919 7.52112 197.028 5.35729 194.58 189.476 5.10418 10.4708 10.1058 2.44759 2.16384 2.10618
internal_count=68258 21008 3657 47250 1947 44529 32548 11981 17351 17288 2721 1710 2688
is_linear=0
shrinkage=0.04


Tree=93
num_leaves=13
num_cat=0
split_feature=7 12 13 7 31 8 8 11 18 37 22 12
split_gain=3.62927 6.33987 4.8353 4.84029 9.61536 7.21097 3.62988 5.495 5.38659 0.316657 0.734617 0.06571
threshold=0.10937878116965295 0.46209387481212622 1.591228246688843 -0.18851947784423825 0.72921215429403208 -0.27255982160568232 -0.19394066929817197 0.5293821692466737 -0.074347190558910356 2.5000000000000004 -0.11043637245893477 0.069727979600429549
decision_type=2 2 2 2 2 2 2 2 2 2 2 2
left_child=2 -2 3 5 -5 -1 8 -8 -3 11 -11 -4
right_child=1 6 9 4 -6 -7 7 -9 -10 10 -12 -13
leaf_value=-0.00026100239218214156 0.031242493847741505 0.0090375570942100199 -0.02838533639880161 -0.028835359384131027 0.0045649046094879886 0.036954910770878147 0.013675077383846277 -0.018294646480053495 -0.052097376738034135 0.061845187196917631 -0.038148340342932789 -0.044778841153764709
leaf_weight=73.975966711273941 14.28231089292967 4.6094244729174534 0.42788981684861838 26.318005163433554 28.972098379352246 9.3872898666450038 35.411517524153169 11.362356998361063 4.6144929129513894 0.15653176554769743 0.47208663252604299 4.5634263347092201
leaf_count=24935 277 322 763 23160 11512 862 1415 609 796 55 1136 2416
internal_value=-6.1462e-10 0.00745382 -0.00363099 -0.00215671 -0.0113336 0.00392977 0.00138648 0.00590896 -0.0215467 -0.0400039 -0.013249 -0.0433735
internal_weight=214.553 70.2801 144.273 138.653 55.2901 83.3633 55.9978 46.7739 9.22392 5.61993 0.628618 4.99132
internal_count=68258 3419 64839 60469 34672 25797 3142 2024 1118 4370 1191 3179
is_linear=0
shrinkage=0.04


Tree=94
num_leaves=11
num_cat=0
split_feature=7 12 13 7 37 8 27 13 18 25
split_gain=3.36007 6.11995 4.51084 4.3953 9.45373 6.80925 3.88433 3.7742 0.316864 0.110251
threshold=0.10937878116965295 0.427524283528328 1.591228246688843 -0.18851947784423825 1.0000000180025095e-35 -0.27255982160568232 0.086330298334360137 0.82135653495788585 0.019447056576609615 -0.016542702913284298
decision_type=2 2 2 2 2 2 2 2 2 2
left_child=2 -2 3 5 -5 -1 -3 -8 9 -4
right_child=1 6 8 4 -6 -7 7 -9 -10 -11
leaf_value=-0.00038589645622890073 0.032201925587426447 -0.040550224794204878 -0.042795212249352642 0.0042455539087629677 -0.029146559247713043 0.035874213355175558 -0.032139591201059393 0.0072301175660892478 0.0067372950459759781 -0.016793269673536493
leaf_weight=73.858772239538666 12.778852884017395 3.297574244788847 4.8969428182608681 29.881593899408472 24.844083135081746 9.3334301431532349 4.2251580234224084 50.011882066552062 0.2283568316779564 0.27559399932942952
leaf_count=24935 193 165 3892 6410 28262 862 1345 1716 180 298
internal_value=-4.37942e-10 0.00716197 -0.00351373 -0.00210943 -0.0109136 0.00368217 0.00160042 0.00416315 -0.0393741 -0.0414098
internal_weight=213.632 70.3135 143.319 137.918 54.7257 83.1922 57.5346 54.237 5.40089 5.17254
internal_count=68258 3419 64839 60469 34672 25797 3226 3061 4370 4190
is_linear=0
shrinkage=0.04


Tree=95
num_leaves=14
num_cat=0
split_feature=1 31 32 18 8 12 29 11 32 30 8 11 37
split_gain=3.52137 5.3338 6.24364 7.96286 5.53302 5.41089 4.99607 3.82717 3.4179 2.24741 0.415293 0.0411764 0.00240751
threshold=0.011282875668257477 0.92165387894288153 0.85644261043793546 -0.077648885548114763 -0.41024649143218989 0.80667906999588024 0.010410954244434835 0.029811572283506397 0.1064701778862923 2.5000000000000004 -0.40833541750907892 0.17506324499845508 1.0000000180025095e-35
decision_type=2 2 2 2 2 2 2 2 2 2 2 2 2
left_child=1 2 4 -4 -1 9 11 10 -9 -3 -8 12 -2
right_child=6 5 3 -5 -6 -7 7 8 -10 -11 -12 -13 -14
leaf_value=0.0004616508337408463 -0.047920874477465486 -0.013694596875542694 0.027761939138202716 -0.011978183919605461 -0.021486646368473909 0.0060455178970548933 0.065340438406175275 -0.052052431887225838 0.0069629013745137807 -0.065689924523110441 0.03740711672484167 -0.058979886050357491 -0.045104141882627291
leaf_weight=47.147002114761563 0.75023612572113041 1.7899788614304251 20.953233769840153 13.117980034479841 30.116047895613519 3.9987419419339858 1.2962278486011203 1.6006832273487805 82.394767805151787 5.1766122418739542 2.482576480953866 0.48817863571457554 1.3759288540604755
leaf_count=14391 158 584 1584 3943 30897 203 77 984 12376 1856 552 54 599
internal_value=4.42509e-10 -0.00442474 -0.00180317 0.0124613 -0.00809349 -0.0310424 0.00598687 0.00760985 0.00583826 -0.0523304 0.046989 -0.0485035 -0.0460981
internal_weight=212.688 122.3 111.334 34.0712 77.2631 10.9653 90.3886 87.7743 83.9955 6.96659 3.7788 2.61434 2.12616
internal_count=68258 53458 50815 5527 45288 2643 14800 13989 13360 2440 629 811 757
is_linear=0
shrinkage=0.04


Tree=96
num_leaves=15
num_cat=0
split_feature=12 37 32 7 34 33 15 7 6 22 18 34 34 4
split_gain=3.26936 3.30211 3.6668 3.76601 3.65346 3.06224 4.08341 2.95329 1.76614 1.49963 1.32576 0.513966 0.246658 0.132611
threshold=0.076725702732801451 2.5000000000000004 0.081931882419446031 -0.51385137438774098 0.34674373795761088 0.083507670850767088 25.404290199279789 -0.32069566845893854 -0.44857189059257502 -0.10431063175201415 -0.012495676055550574 0.88760026737967923 0.9863325031133251 -0.59343871474266041
decision_type=2 2 2 2 2 2 2 2 2 2 2 2 2 2
left_child=5 2 4 -4 -2 6 13 -8 -7 10 -3 -10 -11 -1
right_child=1 9 3 -5 -6 8 7 -9 11 12 -12 -13 -14 -15
leaf_value=-0.060316930059915085 0.040550065768833125 -0.042607816451715394 0.034089309641444375 0.0021495073737973188 -0.056347315541724965 0.032809757071089712 0.0092427222815473394 0.092374932808291024 -0.036261390187530072 -0.03996043023263262 0.073994759407571387 -0.0020621185934059194 0.026616230156896643 -0.037936446818293008
leaf_weight=0.5830223711091097 0.78370427020490696 0.26281858744187048 6.1087718189228317 178.46105458106103 3.02838650088961 0.6804935978434522 4.9037146438204218 0.79451512225205068 9.5078218853759555 4.3389825393514903 0.38392021654726693 0.75925206401007095 0.090902598440152249 1.5492118627807965
leaf_count=107 150 406 54 31927 1158 65 1603 429 17148 12345 64 1018 154 1630
internal_value=1.75916e-09 0.00154672 0.00240461 0.00320663 -0.0364268 -0.0159349 0.00316447 0.020834 -0.0295961 -0.0302875 0.0266104 -0.0337323 -0.0385943 -0.044056
internal_weight=212.237 193.459 188.382 184.57 3.81209 18.778 7.83046 5.69823 10.9476 5.07662 0.646739 10.2671 4.42989 2.13223
internal_count=68258 46258 33289 31981 1308 22000 3769 2032 18231 12969 470 18166 12499 1737
is_linear=0
shrinkage=0.04


Tree=97
num_leaves=12
num_cat=0
split_feature=7 12 32 17 8 32 27 13 31 16 16
split_gain=3.25697 5.59945 4.22892 7.92387 5.20015 5.87424 3.37585 3.50893 2.82196 1.31106 0.317497
threshold=0.10937878116965295 0.427524283528328 0.91496314837991943 0.002126070787198842 -0.18248678743839261 0.71158318425760292 0.086330298334360137 0.82135653495788585 0.25541287843284283 0.52178030303030309 1.0000000180025095e-35
decision_type=2 2 2 2 2 2 2 2 2 2 2
left_child=2 -2 4 10 5 -1 -3 -8 -6 -5 -4
right_child=1 6 3 9 8 -7 7 -9 -10 -11 -12
leaf_value=-0.0054057091045129962 0.03117487417219441 -0.038274717209711373 -0.018675477387147546 0.044558882366721668 0.056311188683927045 0.013273488603719913 -0.03129968576690307 0.0070877826608706593 -0.042564807236436172 -0.0054838148507425641 -0.05312063340131512
leaf_weight=87.287026004809377 12.656384677917229 3.1824069580761707 0.45656072190467778 1.9283609527628871 0.49796425776730657 38.961017257581261 4.1280684137673225 49.434402668019175 6.3659002098484052 1.4809447088264276 6.8821653448176221
leaf_count=42160 193 165 280 11 725 7711 1345 1716 10435 503 3014
internal_value=-2.65766e-09 0.007117 -0.0034334 -0.0275685 -0.00148463 0.00035882 0.00175112 0.00412925 -0.0353915 0.0228212 -0.0509777
internal_weight=213.261 69.4013 143.86 10.748 133.112 126.248 56.7449 53.5625 6.86386 3.40931 7.33873
internal_count=68258 3419 64839 3808 61031 49871 3226 3061 11160 514 3294
is_linear=0
shrinkage=0.04


Tree=98
num_leaves=14
num_cat=0
split_feature=12 30 30 32 33 15 14 4 6 34 7 33 4
split_gain=3.25191 3.18354 3.01371 3.14155 2.78213 3.49723 2.95427 1.58448 1.51431 0.4728 0.180414 0.112887 0.109067
threshold=0.076725702732801451 1.5000000000000002 5.5000000000000009 0.081931882419446031 0.083507670850767088 25.404290199279789 0.019100954756140712 -0.5283968150615691 -0.28112202882766718 0.88760026737967923 0.20925559103488925 0.99800000000000011 -0.59343871474266041
decision_type=2 2 2 2 2 2 2 2 2 2 2 2 2
left_child=4 10 3 -3 5 12 -7 -6 -4 -9 11 -2 -1
right_child=1 2 8 -5 7 6 -8 9 -10 -11 -12 -13 -14
leaf_value=-0.058656046800196038 -0.044078545984354414 -0.034411696024767284 0.057550831514467514 0.0036002020811735629 0.029198431099738565 0.093498381643611281 0.0070866613415895962 -0.035964666942024714 -0.036537951368899063 -0.0035138608763604531 -0.074461431303285128 -0.0052923663463774265 -0.037612721269186286
leaf_weight=0.53541709377896074 1.7875815274273912 3.5464427434053496 0.29289170060656022 182.29609595439251 0.69145064402255307 0.72299648794432858 5.0872754610900301 9.1679457960926758 4.1749113730656964 0.77944136140286069 0.30788438580930222 0.12870812117034791 1.492844003332723
leaf_count=107 2574 1108 19 28985 97 296 1736 17119 13475 1015 33 64 1630
internal_value=8.63619e-10 0.0015383 0.00209435 0.00287482 -0.0160291 0.00205337 0.0178392 -0.029352 -0.0303699 -0.0334219 -0.0460399 -0.0414735 -0.0431677
internal_weight=211.012 192.535 190.31 185.843 18.4774 7.83853 5.81027 10.6388 4.4678 9.94739 2.22417 1.91629 2.02826
internal_count=68258 46258 43587 30093 22000 3769 2032 18231 13494 18134 2671 2638 1737
is_linear=0
shrinkage=0.04


Tree=99
num_leaves=10
num_cat=0
split_feature=14 13 34 11 15 8 35 12 37
split_gain=3.10964 2.95449 5.00483 3.56776 0.185653 0.00444443 0.00146703 0.000866054 0.000326525
threshold=0.0080111641436815279 0.1256554573774338 0.16700680272108845 0.009731044992804529 1.0000000180025095e-35 -0.53740984201431263 -0.061757627874612801 0.07225369289517404 1.0000000180025095e-35
decision_type=2 2 2 2 2 2 2 2 2
left_child=5 -2 4 -4 -3 -1 7 -7 -8
right_child=1 2 3 -5 -6 6 8 -9 -10
leaf_value=-0.052256737671901067 0.0386084981253111 0.00060807169456218301 0.011698754498659474 -0.0017316726895259301 -0.043579384538612924 -0.041210758844335248 -0.042393792020019125 -0.043967186859147883 -0.041096308925548303
leaf_weight=0.072468087906600309 3.2138753723120308 0.15772685016781807 39.301435444431263 162.49600444564203 4.2899795606972475 0.23354272632059336 0.42381380518054235 0.83246420762588969 1.1590401457069672
leaf_count=37 65 300 11066 45418 5219 648 601 717 4187
internal_value=1.03136e-09 0.000551956 -4.10716e-05 0.000883995 -0.0420124 -0.0424836 -0.0422162 -0.0433633 -0.0414437
internal_weight=212.18 209.459 206.245 201.797 4.44771 2.72133 2.64886 1.06601 1.58285
internal_count=68258 62068 62003 56484 5519 6190 6153 1365 4788
is_linear=0
shrinkage=0.04


end of trees

feature_importances:
ma90_dev=108
pos_60=98
up_14=87
vol_ratio=76
price_band=68
family_code=67
family_ma90_rank=58
family_r30_rank=55
ma30_dev=51
mkt_vol_14=50
dd_60=48
family_vol_rank=48
family_median7=44
r_30=43
vol_7=36
r_3=26
family_breadth7=26
rsi_14=25
dsl_30=24
peer_med_7=24
breadth7=22
mkt_r_7=21
peer_rank_3=19
ma7_dev=18
family_r7_rank=15
up_7=14
r_1=13
peer_rs7=13
band_r7_rank=13
peer_med_1=12
peer_rank_7=12
above_ma30=12
mkt_r_30=11
r_14=10
peer_rank_1=10
r_7=6
peer_breadth1=6
cat_code=1

parameters:
[boosting: gbdt]
[objective: lambdarank]
[metric: ndcg]
[tree_learner: serial]
[device_type: cpu]
[data_sample_strategy: bagging]
[data: ]
[valid: ]
[num_iterations: 100]
[learning_rate: 0.04]
[num_leaves: 15]
[num_threads: 2]
[seed: 389]
[deterministic: 0]
[force_col_wise: 0]
[force_row_wise: 0]
[histogram_pool_size: -1]
[max_depth: 4]
[min_data_in_leaf: 150]
[min_sum_hessian_in_leaf: 0.001]
[bagging_fraction: 1]
[pos_bagging_fraction: 1]
[neg_bagging_fraction: 1]
[bagging_freq: 0]
[bagging_seed: 27313]
[bagging_by_query: 0]
[feature_fraction: 1]
[feature_fraction_bynode: 1]
[feature_fraction_seed: 24186]
[extra_trees: 0]
[extra_seed: 31967]
[early_stopping_round: 0]
[early_stopping_min_delta: 0]
[first_metric_only: 0]
[max_delta_step: 0]
[lambda_l1: 0]
[lambda_l2: 0]
[linear_lambda: 0]
[min_gain_to_split: 0]
[drop_rate: 0.1]
[max_drop: 50]
[skip_drop: 0.5]
[xgboost_dart_mode: 0]
[uniform_drop: 0]
[drop_seed: 23585]
[top_rate: 0.2]
[other_rate: 0.1]
[min_data_per_group: 100]
[max_cat_threshold: 32]
[cat_l2: 10]
[cat_smooth: 10]
[max_cat_to_onehot: 4]
[top_k: 20]
[monotone_constraints: ]
[monotone_constraints_method: basic]
[monotone_penalty: 0]
[feature_contri: ]
[forcedsplits_filename: ]
[refit_decay_rate: 0.9]
[cegb_tradeoff: 1]
[cegb_penalty_split: 0]
[cegb_penalty_feature_lazy: ]
[cegb_penalty_feature_coupled: ]
[path_smooth: 0]
[interaction_constraints: ]
[verbosity: -1]
[saved_feature_importance_type: 0]
[use_quantized_grad: 0]
[num_grad_quant_bins: 4]
[quant_train_renew_leaf: 0]
[stochastic_rounding: 1]
[linear_tree: 0]
[max_bin: 255]
[max_bin_by_feature: ]
[min_data_in_bin: 3]
[bin_construct_sample_cnt: 200000]
[data_random_seed: 1308]
[is_enable_sparse: 1]
[enable_bundle: 1]
[use_missing: 1]
[zero_as_missing: 0]
[feature_pre_filter: 1]
[pre_partition: 0]
[two_round: 0]
[header: 0]
[label_column: ]
[weight_column: ]
[group_column: ]
[ignore_column: ]
[categorical_feature: ]
[forcedbins_filename: ]
[precise_float_parser: 0]
[parser_config_file: ]
[objective_seed: 23528]
[num_class: 1]
[is_unbalance: 0]
[scale_pos_weight: 1]
[sigmoid: 1]
[boost_from_average: 1]
[reg_sqrt: 0]
[alpha: 0.9]
[fair_c: 1]
[poisson_max_delta_step: 0.7]
[tweedie_variance_power: 1.5]
[lambdarank_truncation_level: 30]
[lambdarank_norm: 1]
[label_gain: ]
[lambdarank_position_bias_regularization: 0]
[eval_at: 1,2,3,4,5]
[multi_error_top_k: 1]
[auc_mu_weights: ]
[num_machines: 1]
[local_listen_port: 12400]
[time_out: 120]
[machine_list_filename: ]
[machines: ]
[gpu_platform_id: -1]
[gpu_device_id: -1]
[gpu_device_id_list: ]
[gpu_use_dp: 0]
[num_gpu: 1]

end of parameters

pandas_categorical:[]
