tree
version=v4
num_class=1
num_tree_per_iteration=1
label_index=0
max_feature_idx=38
objective=lambdarank
feature_names=r_1 r_3 r_7 r_14 r_30 ma7_dev ma30_dev ma90_dev dd_60 dsl_30 up_7 up_14 pos_60 vol_ratio vol_7 rsi_14 peer_breadth1 peer_med_1 peer_med_7 peer_rank_1 peer_rank_3 peer_rank_7 peer_rs7 cat_code regime mkt_r_7 mkt_r_30 breadth7 above_ma30 mkt_vol_14 family_code family_r7_rank family_r30_rank family_ma90_rank family_vol_rank family_median7 family_breadth7 price_band band_r7_rank
feature_infos=[-0.40363636612892151:0.85991019010543823] [-0.54091817140579224:1.2624434232711792] [-0.76115942001342773:1.9946523904800415] [-0.81813633441925049:3.2190475463867188] [-0.87457680702209473:4.5180950164794922] [-0.4373776912689209:0.80563360452651978] [-0.77876204252243042:1.6026183366775513] [-0.7991061806678772:2.3098816871643066] [-0.90861111879348755:0] [0:29] [0:5.8010754585266113] [0:6.0967741012573242] [0:1] [0:2.1968104839324951] [0:0.89350664615631104] [0:100] [0:1] [-0.13793103396892548:0.26234906911849976] [-0.18558432161808014:0.91419142484664917] [0.0053191489361702126:1] [0.0053191489361702126:1] [0.0053191489361702126:1] [-1.0040487051010132:1.8156945705413818] [0:2] none [-0.041826903820037842:0.2022545337677002] [-0.31036615371704102:0.13039731979370117] [0.25121951103210449:0.89125102758407593] [0.085854455828666687:0.68816328048706055] [0.012772467918694019:0.054287750273942947] [1:7] [0.004048582995951417:1] [0.004048582995951417:1] [0.004048582995951417:1] [0.004048582995951417:1] [-0.050043463706970215:0.34176260232925415] [0.15625:0.984375] [0:4] [0.012658227848101266:1]
tree_sizes=1220 1764 1766 1537 1420 1548 1653 1761 1761 1769 1765 1654 1648 1657 1538 1763 1662 1657 1771 1757 1658 1762 1542 1766 1653 1773 1655 1772 1658 1664 1661 1543 1536 1673 1654 1549 1771 1559 1779 1663 1645 1442 1542 1441 1786 1668 1534 1552 1669 1662 1661 1765 1669 1786 1772 1336 1563 1228 1563 1654 1447 1550 1554 1678 1684 1677 1774 1680 1565 1574 1571 1353 1326 1552 1336 1575 1245 1445 1568 1663 1670 1663 1549 1555 1547 1552 1775 1545 1543 1549 1340 1561 1556 1339 1663 1556 1554 1337 1447 1663

Tree=0
num_leaves=10
num_cat=0
split_feature=23 30 2 1 0 0 0 1 7
split_gain=43.3882 86.7009 0.730758 0.148971 1.42109e-14 7.10543e-15 3.55271e-15 3.55271e-15 3.55271e-15
threshold=1.5000000000000002 1.5000000000000002 0.27150796353816992 -0.050021428614854806 -0.037024905905127518 0.040947288274765022 0.065437551587820067 0.044813223183155067 -0.091338038444519029
decision_type=2 2 2 2 2 2 2 2 2
left_child=1 2 5 -2 7 -1 8 -3 -5
right_child=3 4 -4 6 -6 -7 -8 -9 -10
leaf_value=-0.07999999999999996 -0.060117244363111152 0.079999999999999918 -0.03917604057330254 -0.080000000000000002 0.080000000000000002 -0.079999999999999946 -0.079999999999999918 0.07999999999999996 -0.080000000000000002
leaf_weight=6.745751393958928 0.65351056307554234 3.3811053074896362 0.77022008411586274 5.7703634593635789 11.670767253264783 1.1240147082135079 0.83762720972299565 1.4764941874891517 1.1823420822620381
leaf_count=1333 143 2985 121 1244 21713 225 153 978 621
internal_value=1.21915e-10 0.0263233 -0.0763607 -0.0784612 0.08 -0.08 -0.08 0.08 -0.08
internal_weight=33.6122 25.1684 8.63999 8.44384 16.5284 7.86977 7.79033 4.8576 6.95271
internal_count=29516 27355 1679 2161 25676 1558 2018 3963 1865
is_linear=0
shrinkage=0.04


Tree=1
num_leaves=15
num_cat=0
split_feature=30 4 18 3 5 18 28 11 26 25 32 8 2 16
split_gain=224.601 26.3949 16.6381 14.927 7.84936 11.1157 7.69798 6.82368 5.25135 9.82493 2.69379 1.13297 1.09022 1.87519e-05
threshold=3.5000000000000004 0.10881048440933229 0.030691820196807388 0.13607416301965716 -0.043163459748029702 -1.0000000180025095e-35 0.6284112036228181 0.44375686347484594 -0.036058664321899407 0.023663699626922611 0.89722826782742293 -0.50667884945869435 -0.025281441397964951 0.037464985994397765
decision_type=2 2 2 2 2 2 2 2 2 2 2 2 2 2
left_child=1 4 3 -3 5 -1 8 11 13 -10 -6 -8 -9 -2
right_child=6 2 -4 -5 10 -7 7 12 9 -11 -12 -13 -14 -15
leaf_value=0.03174764709216963 0.080265532189008143 -0.035823168027390641 -0.080011668586869589 0.057728490240315837 -0.076837786271023709 -0.078102347216213688 0.005743056558925797 0.072420857959156856 0.068342774628925046 -0.029020712263786198 -0.0037471342211078001 -0.074053605931596794 0.025136055808719186 0.080000000000000002
leaf_weight=2.8264900851427228 0.43146399036050098 4.7522229136447987 3.6966844296548507 6.4095288862663438 36.046922942849051 3.0798367993847924 0.3851651926524936 1.7211074822043886 7.1671369588220823 2.1574526192707708 0.82526124377181886 1.0913043684704451 1.4270620360621249 30.948957152664661
leaf_count=396 978 562 717 229 6878 422 78 58 2223 557 248 671 323 15176
internal_value=-7.3695e-10 -0.0523912 -0.00646132 0.017898 -0.0683443 -0.0255333 0.0666158 0.017712 0.0721719 0.0458156 -0.0752019 -0.0532371 0.0509867 0.0800037
internal_weight=102.967 57.6369 14.8584 11.1618 42.7785 5.90633 45.3296 4.62464 40.705 9.32459 36.8722 1.47647 3.14817 31.3804
internal_count=29516 9452 1508 791 7944 818 20064 1130 18934 2780 7126 749 381 16154
is_linear=0
shrinkage=0.04


Tree=2
num_leaves=15
num_cat=0
split_feature=10 7 35 30 2 28 6 34 33 27 15 19 25 16
split_gain=60.6992 28.8709 23.3848 17.4434 26.7668 19.1545 12.4306 11.3117 3.92526 3.56263 2.33004 2.29801 2.88162e-05 5.43041e-08
threshold=0.087789397686719908 -0.30576945841312403 0.24168675392866137 4.5000000000000009 0.050757911056280143 0.55396565794944774 -0.14316926151514051 0.75051867219917023 0.85480524695489235 0.5290452539920808 39.834594726562507 0.22894503546099293 0.19180351495742801 0.76669965363681358
decision_type=2 2 2 2 2 2 2 2 2 2 2 2 2 2
left_child=1 6 3 4 -2 -5 11 8 -3 -9 -8 -1 13 -4
right_child=2 7 12 5 -6 -7 10 9 -10 -11 -12 -13 -14 -15
leaf_value=0.0093849136681610733 0.04603920041561118 -0.076246468331387263 -0.080227369357522338 0.075683804263323287 -0.015160580253498049 -0.053178689527239191 0.064617248771369346 0.060774118029071039 -0.010517310949838671 -0.077070805135271703 0.0056524037040748031 -0.078891401459859178 -0.079999999999999946 -0.080242109747170984
leaf_weight=0.63905795186292413 22.094919262017356 22.266404078021885 1.0845994539558876 15.969338909169894 23.699279970402131 2.0867761225090353 4.6736698452150431 1.4283155631710531 1.5552251481567498 0.37975194287719194 1.3914969111792741 1.803041005390696 1.685093205422163 0.63342341408133518
leaf_count=256 1997 11171 449 3256 6968 998 386 854 1321 570 318 349 451 172
internal_value=6.34133e-10 -0.0434408 0.02205 0.0274953 0.0143673 0.0607909 0.0204082 -0.0646342 -0.0719553 0.0318223 0.0510893 -0.0557909 -0.0801175 -0.0802328
internal_weight=101.39 34.137 67.2534 63.8503 45.7942 18.0561 8.50727 25.6297 23.8216 1.80807 6.06517 2.4421 3.40312 1.71802
internal_count=29516 15225 14291 13219 8965 4254 1309 13916 12492 1424 704 605 1072 621
is_linear=0
shrinkage=0.04


Tree=3
num_leaves=13
num_cat=0
split_feature=4 37 36 33 33 12 7 12 14 22 13 29
split_gain=51.7366 39.7254 26.6526 25.3729 18.0637 13.7251 13.1427 12.7633 6.06381 4.21901 2.1759 3.98891
threshold=0.43946813046932226 1.0000000180025095e-35 0.94305555555555565 0.33402203856749318 0.84489441325848713 0.15025599300861361 -0.40590959787368769 0.64406910538673412 0.075912117958068862 0.22816902399063113 1.1305314898490908 0.022684424184262756
decision_type=2 2 2 2 2 2 2 2 2 2 2 2
left_child=1 3 6 5 -4 -1 -3 -5 10 -10 11 -2
right_child=8 2 4 7 -6 -7 -8 -9 9 -11 -12 -13
leaf_value=-0.018342220094639435 0.0072686901920391254 0.037175195346013025 -0.078509713009054322 -0.047487825412224252 0.065814868139181679 0.055879208249023274 -0.065371150266332056 0.027623799119736066 -0.066347821293557013 0.03580969855051002 0.076903569786812023 0.067434035783302926
leaf_weight=5.0791316194226992 2.5321015801164375 2.1410743080778039 1.8959628900047381 11.69824498955859 5.1742637691204436 18.528534963610582 30.284568113682326 5.241503474127966 0.96355984831461627 1.967792273557279 9.8896745181409624 5.8055908746318892
leaf_count=1769 435 458 655 3474 125 1294 20257 334 274 278 21 142
internal_value=-1.62224e-09 -0.0147044 -0.0432564 0.0131072 0.0271126 0.0399106 -0.0586 -0.0242468 0.0556266 0.00222967 0.0642139 0.0491622
internal_weight=101.202 80.0433 39.4959 40.5474 7.07023 23.6077 32.4256 16.9397 21.1587 2.93135 18.2274 8.33769
internal_count=29516 28366 21495 6871 780 3063 20715 3808 1150 552 598 577
is_linear=0
shrinkage=0.04


Tree=4
num_leaves=12
num_cat=0
split_feature=7 37 36 7 32 15 35 8 10 16 3
split_gain=54.8633 39.8057 22.276 22.2362 18.0847 18.886 18.4168 16.3031 9.22122 8.87007 0.555064
threshold=0.3271839320659638 1.0000000180025095e-35 0.94305555555555565 -0.40590959787368769 0.18526500638569607 48.353458404541023 0.020026422105729583 -0.26332800090312952 0.20756595581769946 0.16843971631205676 1.222487807273865
decision_type=2 2 2 2 2 2 2 2 2 2 2
left_child=1 4 3 -3 5 -1 -6 -4 -2 -10 -11
right_child=8 2 7 -5 6 -7 -8 -9 9 10 -12
leaf_value=-0.055996676012760142 0.064574869956644798 0.02301507421551155 0.050830604871386235 -0.066847488910280306 0.0097568682142982425 0.059012818436739257 -0.073381249817809399 -0.076082164922866832 0.053975140619230616 -0.074021877834070451 -0.028082270825686324
leaf_weight=2.6654279828653697 19.993581854621883 5.1186972553259649 6.2257308440748602 31.6336801659636 17.700594319467204 15.985374290088656 5.6157316574826828 2.188881680951452 2.3058353811502448 1.4407270574592987 0.59443711722269643
leaf_count=1320 281 459 330 20361 2405 573 2704 452 71 468 92
internal_value=2.99e-10 -0.01483 -0.0408905 -0.0543319 0.0132175 0.0425766 -0.0102669 0.017817 0.0531015 0.000257849 -0.0606037
internal_weight=111.469 87.1341 45.167 36.7524 41.9671 18.6508 23.3163 8.41461 24.3346 4.341 2.03516
internal_count=29516 28604 21602 20820 7002 1893 5109 782 912 631 560
is_linear=0
shrinkage=0.04


Tree=5
num_leaves=13
num_cat=0
split_feature=14 2 7 3 14 11 22 2 15 28 12 36
split_gain=48.8577 24.8579 28.1293 23.9357 15.4248 21.0912 12.8179 8.5132 7.40324 0.257924 0.405644 0.0288587
threshold=0.068255111575126662 -0.15298304706811902 -0.3304848968982696 -0.021963872946798798 0.10056599229574205 0.14892262965440753 0.039393119513988502 0.046690052375197418 22.323644638061527 0.1600700914859772 0.40580625832080847 0.48104066985645938
decision_type=2 2 2 2 2 2 2 2 2 2 2 2
left_child=1 -1 8 9 7 -6 -4 -5 -3 10 -2 -11
right_child=3 2 6 4 5 -7 -8 -9 -10 11 -12 -13
leaf_value=0.050602618251853554 -0.056515324248520037 0.057538353081433131 -0.065240328182342114 0.058869317129065499 0.065160789243895109 -0.065034293296811485 -0.018170970295572228 0.023938375999384677 -0.01565225890630231 -0.060646887120550455 0.040454125311247154 -0.069775097903920544
leaf_weight=6.0049130097031584 0.29652846360113372 5.4627821433823538 27.620262058917433 23.961119222687557 3.1860255581559596 5.3068645992316306 13.922983473341445 20.900827970937826 3.7149425969691947 0.66928487713448737 0.0899643967859447 3.2212192594306543
leaf_count=292 1165 210 16818 369 26 1537 4462 2339 774 203 65 1256
internal_value=-5.60303e-10 -0.0263533 -0.0354642 0.025939 0.0332375 -0.0161929 -0.0494653 0.0425953 0.0279124 -0.0651087 -0.0339436 -0.0682048
internal_weight=114.358 56.7259 50.721 57.6318 53.3548 8.49289 41.5432 44.8619 9.17772 4.277 0.386493 3.8905
internal_count=29516 22556 22264 6960 4271 1563 21280 2708 984 2689 1230 1459
is_linear=0
shrinkage=0.04


Tree=6
num_leaves=14
num_cat=0
split_feature=37 26 7 7 33 12 31 21 2 27 10 8 17
split_gain=44.3479 32.2947 22.0556 51.9838 18.2176 17.2024 7.97577 2.53404 1.71677 4.44966 0.65754 0.455939 0.155587
threshold=1.5000000000000002 -0.16638523340225217 0.3271839320659638 -0.21363141387701032 0.84489441325848713 0.079505693167448058 0.99086738949124287 0.048695799457994592 0.046690052375197418 0.45960219204425817 0.29349838197231298 -0.70099362730979908 0.050944641232490546
decision_type=2 2 2 2 2 2 2 2 2 2 2 2 2
left_child=2 4 3 5 7 -1 -5 -2 -4 -10 -6 -3 -13
right_child=1 11 8 6 10 -7 -8 -9 9 -11 -12 12 -14
leaf_value=-0.068273564031250344 0.026149849181583539 -0.01687978983611127 0.060472222684786338 -0.054478063740692292 0.060887804355485874 0.036900212459272476 0.040712106266053656 -0.066056989345332856 0.060894173991372397 -0.0032806626190544814 0.035406027084340382 -0.065754317483723332 -0.042259499601984329
leaf_weight=2.6600520365172988 0.55557368090376114 0.31554987817071278 13.258153485599907 19.2460869824281 5.291561983525753 38.52590256370604 1.5195350528229017 3.3666699613677338 4.5173966955626375 2.8002840015105903 2.3353141350671649 22.709759584628053 0.4601090494543304
leaf_count=1514 121 27 106 8635 420 3671 135 3133 45 436 133 10785 355
internal_value=-1.90393e-09 -0.0377063 0.0160071 0.00408991 0.0170586 0.0301074 -0.0475125 -0.0529962 0.0518884 0.0363362 0.0530854 -0.0646373 -0.0652878
internal_weight=117.562 35.0345 82.5274 61.9516 11.5491 41.186 20.7656 3.92224 20.5758 7.31768 7.62688 23.4854 23.1699
internal_count=29516 14974 14542 13955 3807 5185 8770 3254 587 481 553 11167 11140
is_linear=0
shrinkage=0.04


Tree=7
num_leaves=15
num_cat=0
split_feature=14 7 2 3 30 2 16 12 9 0 15 28 19 30
split_gain=37.5428 29.7511 27.0244 19.8064 14.6615 11.1849 10.2782 7.36655 5.37742 2.57537 2.41905 0.240567 0.352306 0.0228129
threshold=0.068255111575126662 -0.3304848968982696 -0.15298304706811902 -0.021963872946798798 3.5000000000000004 0.30492420494556433 0.097167584579071611 0.079505693167448058 28.500000000000004 -0.071142554283142076 19.888993263244632 0.1600700914859772 0.1114066193853428 2.5000000000000004
decision_type=2 2 2 2 2 2 2 2 2 2 2 2 2 2
left_child=1 7 -3 11 8 -6 -4 9 -5 -1 -9 12 -2 -13
right_child=3 2 6 4 5 -7 -8 10 -10 -11 -12 13 -14 -15
leaf_value=0.038432648128186288 0.014231585239203362 0.045567013088334433 -0.0004094019035145171 -0.060592883807682567 0.041639820611450967 -0.023644237738460333 -0.05653372666407587 0.063992355871631462 0.047896193878629124 -0.057398758593948815 0.024789832116111341 -0.057923663430749901 -0.065368003783051909 -0.065481710778237404
leaf_weight=0.60906438413076047 0.16128348675556381 5.5825781957246354 6.1310807458357877 3.6882738169515497 45.04742986173369 4.6305602826178065 35.163729846477509 5.7669868557713908 0.9117066382896154 1.7039906677091492 4.4709477192955092 0.8098555512260649 0.19840712728910148 3.0282298224046826
leaf_count=31 177 229 2158 1432 1903 898 19122 16 38 578 422 384 1053 1075
internal_value=8.99652e-10 -0.0223898 -0.0370342 0.0227545 0.0292285 0.0355546 -0.0482009 0.0323065 -0.0390906 -0.0321648 0.0468725 -0.0609555 -0.0296759 -0.0638869
internal_weight=117.904 59.4284 46.8774 58.4757 54.278 49.678 41.2948 12.551 4.59998 2.31306 10.2379 4.19778 0.359691 3.83809
internal_count=29516 22556 21509 6960 4271 2801 21280 1047 1470 609 438 2689 1230 1459
is_linear=0
shrinkage=0.04


Tree=8
num_leaves=15
num_cat=0
split_feature=37 26 32 7 15 2 14 15 0 6 13 11 17 14
split_gain=34.375 28.5947 19.2731 54.7655 15.7763 15.3033 3.12616 5.72066 2.38921 1.16031 1.04238 0.579642 0.101244 0.162636
threshold=1.5000000000000002 -0.16638523340225217 0.94152390163028477 -0.21363141387701032 55.663927078247077 0.13101734220981601 0.075912117958068862 76.951423645019545 -0.073048863559961305 -0.20381192117929456 1.1305314898490908 0.39811828732490545 0.050944641232490546 0.046095136553049094
decision_type=2 2 2 2 2 2 2 2 2 2 2 2 2 2
left_child=2 4 3 5 8 -1 10 -8 -2 -5 -4 -6 -3 -14
right_child=1 12 6 9 11 -7 7 -9 -10 -11 -12 -13 13 -15
leaf_value=0.032813870899983492 0.023010077103563117 -0.060933765810418324 0.040499514106181439 0.015945822222129029 0.061152202934215798 -0.060777707696458114 -0.053092929540506602 0.049192971633362101 -0.061225521648806396 -0.058195253918305802 0.060155514986395417 0.038879074023308667 -0.01317820220935511 -0.061938207350958667
leaf_weight=40.655889045097865 0.64327421272173557 21.798004273208793 6.9810376847162905 0.34437389485538261 4.1269666110165417 3.0017054978525257 1.3566008468624198 2.4635729112196714 3.3154535152716544 17.516556159011088 11.310690566548145 3.4175948509946465 0.18648465280420978 0.26494470634497702
leaf_count=4149 159 10812 432 70 118 1031 376 81 3307 8320 83 223 194 161
internal_value=3.13601e-10 -0.0340727 0.0137515 0.00223918 0.0171305 0.0263789 0.0457805 0.0128697 -0.0475376 -0.0567658 0.0526538 0.0510627 -0.0605455 -0.0417955
internal_weight=117.383 33.7527 83.6304 61.5185 11.5033 43.6576 22.1119 3.82017 3.95873 17.8609 18.2917 7.54456 22.2494 0.451429
internal_count=29516 14974 14542 13570 3807 5180 972 457 3466 8390 515 341 11167 355
is_linear=0
shrinkage=0.04


Tree=9
num_leaves=15
num_cat=0
split_feature=14 7 2 17 3 26 32 12 11 21 16 30 35 3
split_gain=32.8716 27.438 22.7862 15.7399 10.9563 9.40045 8.40301 6.95587 2.40379 2.22768 0.767684 0.0384598 0.0335408 0.0287947
threshold=0.068255111575126662 -0.3304848968982696 -0.15298304706811902 0.033429672941565521 -0.021963872946798798 -0.16383150219917295 0.20842198581560287 0.079505693167448058 0.020330668427050117 0.048695799457994592 0.047065337763012187 2.5000000000000004 0.091278970241546645 0.028465379029512409
decision_type=2 2 2 2 2 2 2 2 2 2 2 2 2 2
left_child=1 7 -3 4 10 -4 -6 9 -9 -1 -2 13 -13 -5
right_child=3 2 5 11 6 -7 -8 8 -10 -11 -12 12 -14 -15
leaf_value=0.030700485685115728 0.022291257891207755 0.039714701414588223 -0.012322536245893053 -0.045416583418131963 0.048437078931394317 -0.057508790088811969 0.016228596064579232 0.059784959960474227 0.02235455864278928 -0.062832055981730278 -0.058092207716224829 -0.070779071499289761 -0.059656346835726667 -0.059038545092566466
leaf_weight=0.55827068910002653 0.20569780864752774 5.5947264241985968 9.7447766717523283 0.46156341175083015 23.215939331566915 30.1820496582659 29.338416752871126 5.9136297837831062 5.1235696631483734 1.507841403246857 2.505988457123749 0.5469104936346415 2.0970716837327927 0.53732994850724936
leaf_count=65 160 229 5032 236 447 16248 3220 26 412 544 1957 159 600 181
internal_value=1.94698e-09 -0.021205 -0.0358868 0.0211028 0.0264112 -0.0464804 0.0304567 0.0298001 0.0424094 -0.0375592 -0.0519946 -0.0594309 -0.0619571 -0.0527442
internal_weight=117.534 58.6249 45.5216 58.9089 55.266 39.9268 52.5544 13.1033 11.0372 2.06611 2.71169 3.64288 2.64398 0.998893
internal_count=29516 22556 21509 6960 5784 21280 3667 1047 438 609 2117 1176 759 417
is_linear=0
shrinkage=0.04


Tree=10
num_leaves=15
num_cat=0
split_feature=37 26 32 7 3 12 6 6 16 21 15 17 7 30
split_gain=30.0823 24.4591 18.3391 43.1455 13.6722 12.6162 5.15954 2.16981 3.52093 2.07479 1.08681 0.104499 0.167015 0.0330366
threshold=1.5000000000000002 -0.16638523340225217 0.94152390163028477 -0.21363141387701032 0.085427746176719679 0.079505693167448058 -0.25452704727649683 0.35713928937911993 0.12097560975609757 0.048695799457994592 66.548503875732436 0.050944641232490546 -0.13501500338315961 3.5000000000000004
decision_type=2 2 2 2 2 2 2 2 2 2 2 2 2 2
left_child=2 4 3 5 9 -1 -5 10 -9 -2 -4 13 -13 -3
right_child=1 11 7 6 -6 -7 -8 8 -10 -11 -12 12 -14 -15
leaf_value=-0.061495743460067108 0.024042427031931397 -0.055206930678503525 0.034313366395830526 0.055960491284833554 0.046762493935392002 0.028023522425605431 -0.055680990228967268 0.054207986670129736 -0.022536439671342764 -0.058471606444630723 0.055127130913821612 -0.0089052213356534456 -0.05882830890327867 -0.058646909757439247
leaf_weight=2.6826023575849822 0.57332516543101375 6.380274366354576 5.7604886540211799 0.68911059875972824 7.4862889724317938 41.285443535307422 17.048275438719429 1.9111858676187687 1.9148017875850198 3.2598182111978531 13.238930051913483 0.18439451931044459 0.2561772910412391 14.894815159030257
leaf_count=1514 121 3687 433 25 301 3666 8365 28 309 3385 202 149 206 7125
internal_value=-1.57738e-09 -0.0323664 0.012649 0.00131744 0.015306 0.0225617 -0.0513436 0.0432822 0.0157995 -0.0461299 0.0488165 -0.057216 -0.0379338 -0.0576153
internal_weight=117.566 33.0351 84.5308 61.7054 11.3194 43.968 17.7374 22.8254 3.82599 3.83314 18.9994 21.7157 0.440572 21.2751
internal_count=29516 14974 14542 13570 3807 5180 8390 972 337 3506 635 11167 355 10812
is_linear=0
shrinkage=0.04


Tree=11
num_leaves=14
num_cat=0
split_feature=14 7 2 3 30 32 26 31 15 33 28 12 16
split_gain=28.6179 22.8241 20.4226 13.7198 10.4569 7.79073 5.88957 5.85968 2.33822 3.50401 0.520851 0.58072 0.0088284
threshold=0.068255111575126662 -0.36971484124660486 -0.15298304706811902 -0.021963872946798798 3.5000000000000004 0.20842198581560287 -0.16383150219917295 0.99797570850202433 22.323644638061527 0.016043239533287578 0.1600700914859772 0.40580625832080847 0.80566483084185692
decision_type=2 2 2 2 2 2 2 2 2 2 2 2 2
left_child=1 8 -3 10 7 -6 -4 -5 -1 -10 11 -2 -12
right_child=3 2 6 4 5 -7 -8 -9 9 -11 12 -13 -14
leaf_value=0.048785001200917506 -0.049415219793732174 0.036393838792752209 -0.01467740136533068 -0.057374290470296366 0.046701124600012814 0.015235102491300643 -0.050113683618545631 0.044152845079883971 0.04449363836844622 -0.033520224630847077 -0.057992107367982548 0.048066084382770387 -0.052865183248144432
leaf_weight=6.4848942502867413 0.2363641668343911 6.1488313532900056 9.834227224346245 3.5927978958934537 23.784720924682915 26.747727465815842 31.673395475372676 1.2178755050990728 2.0238373007159685 1.6907281437888739 2.9201100496575241 0.16676631849259138 0.65858877170830954
leaf_count=137 1165 251 5200 1398 316 2485 16518 72 92 358 1195 65 264
internal_value=9.97342e-10 -0.0200168 -0.0316396 0.0195212 0.0246809 0.0300456 -0.0417179 -0.0316716 0.03429 0.00898471 -0.0521931 -0.00908932 -0.0570486
internal_weight=117.181 57.8559 47.6565 59.325 55.3431 50.5324 41.5076 4.81067 10.1995 3.71457 3.98183 0.40313 3.5787
internal_count=29516 22556 21969 6960 4271 2801 21718 1470 587 450 2689 1230 1459
is_linear=0
shrinkage=0.04


Tree=12
num_leaves=14
num_cat=0
split_feature=14 7 20 14 13 11 13 5 26 10 15 19 33
split_gain=26.8186 21.1613 20.5981 12.5358 15.8127 13.3426 9.0739 6.77966 6.1713 5.16552 1.82603 3.6027 0.233556
threshold=0.068255111575126662 -0.36971484124660486 0.063164893617021281 0.10056599229574205 1.9488247036933901 0.29671554267406469 0.76691690087318432 0.10008289292454721 -0.16383150219917295 0.087789397686719908 26.227739334106449 0.92526595744680862 0.98687083429096767
decision_type=2 2 2 2 2 2 2 2 2 2 2 2 2
left_child=1 10 9 5 12 6 -2 -7 -4 -3 -1 -12 -5
right_child=3 2 8 4 -6 7 -8 -9 -10 -11 11 -13 -14
leaf_value=0.04405310873801925 0.038191669701336479 -0.028374807640644043 -0.013606788853548959 -0.059510930101776334 0.049738410588527238 0.041638861383083946 -0.057595772876591997 -0.0040950578841625167 -0.050124011719768539 0.055614944875253161 -0.036999589731927615 0.049673247301918542 -0.028305095859872998
leaf_weight=7.0644423614721727 2.421970688737928 1.5388949251500879 9.734562398283737 6.2669392792740819 3.2722971658222377 36.926944106584415 4.5642699145246297 6.0336167311761519 30.936308902222667 4.9088810959365219 1.5079287018161269 1.5623518961947409 0.4087720374809577
leaf_count=185 96 611 5077 2474 100 1188 1966 1042 16209 72 370 32 94
internal_value=-2.16318e-09 -0.0195751 -0.0308533 0.0187118 -0.0222922 0.0268787 -0.0243884 0.0352157 -0.0413836 0.0355691 0.0328598 0.007105 -0.0576001
internal_weight=117.148 57.2534 47.1186 59.8948 9.94801 49.9468 6.98624 42.9606 40.6709 6.44778 10.1347 3.07028 6.67571
internal_count=29516 22556 21969 6960 2668 4292 2062 2230 21286 683 587 402 2568
is_linear=0
shrinkage=0.04


Tree=13
num_leaves=14
num_cat=0
split_feature=11 7 14 18 12 30 2 31 6 33 26 13 7
split_gain=25.3478 32.0841 20.5357 18.6736 10.9494 10.8531 7.49351 5.86429 4.04636 1.43512 0.0922868 0.031269 0.0151363
threshold=0.29671554267406469 -0.22983238101005551 0.10056599229574205 0.015276804100722076 0.079505693167448058 3.5000000000000004 0.050757911056280143 0.99797570850202433 -0.25452704727649683 0.99317398192153583 0.01057255268096924 0.95932206511497509 -0.21363141387701032
decision_type=2 2 2 2 2 2 2 2 2 2 2 2 2
left_child=1 3 5 4 -1 7 -7 -2 -3 -10 -5 -4 -13
right_child=2 8 11 10 -6 6 -8 -9 9 -11 -12 12 -14
leaf_value=-0.045214465646598763 -0.054034974082616066 0.04687564230988666 -0.048730282353206825 -0.059819054566763466 0.035666429416373338 0.046271288583372427 0.015035341104252909 0.047182678448508264 -0.052990871984643625 0.015927942994952961 -0.038701124423068375 -0.06091590841316917 -0.056053364201146989
leaf_weight=3.071131580276421 3.87203732097987 0.68193194386549549 0.72615563648287107 4.8332534596556789 20.92329460720066 25.740182294277474 23.514105915324762 1.199582945089787 27.056499502854425 0.4922237922437479 0.35544806998223055 1.5285308718448503 3.1047511601354927
leaf_count=1249 1678 36 190 2850 1342 383 2632 45 17066 108 72 640 1225
internal_value=8.23841e-10 -0.0189749 0.0182527 0.0104349 0.0253142 0.0256222 0.0313592 -0.0300941 -0.0493769 -0.0517595 -0.0583724 -0.056448 -0.0576575
internal_weight=117.099 57.4138 59.6853 29.1831 23.9944 54.3259 49.2543 5.07162 28.2307 27.5487 5.1887 5.35944 4.63328
internal_count=29516 22723 6793 5513 2591 4738 3015 1723 17210 17174 2922 2055 1865
is_linear=0
shrinkage=0.04


Tree=14
num_leaves=13
num_cat=0
split_feature=14 7 2 3 32 33 16 14 11 16 7 0
split_gain=23.837 19.7869 18.7737 10.9565 9.804 32.5999 6.29107 6.22577 2.1314 3.3602 1.28244 0.53558
threshold=0.068255111575126662 -0.36971484124660486 -0.15298304706811902 0.0095927813090384024 0.20842198581560287 0.95517604286261015 0.098780487804878067 0.068849969655275359 0.040925385430455215 0.8765243902439025 -0.23827819526195523 -0.10963322967290877
decision_type=2 2 2 2 2 2 2 2 2 2 2 2
left_child=1 8 -3 7 10 -6 -4 -2 -1 -10 -5 -9
right_child=3 2 6 4 5 -7 -8 11 9 -11 -12 -13
leaf_value=0.042518102294408659 0.050492271297530235 0.03419360037684329 -0.0033178657543803387 0.031672781931179575 -0.041890502953448532 0.042135305659844219 -0.046594727557784904 -0.0074768037612526171 -0.031737827816469312 0.051096208721217805 0.051038381866678882 -0.0550770948898694
leaf_weight=7.4388044310035166 1.1837436526548106 6.3618958781007668 6.3856335737509644 9.0799032791983354 12.252156348782593 18.607674526749179 33.939340438926592 0.4111166582442819 1.8418306269450115 1.3636909574270246 13.767187531455418 4.7241117799421772
leaf_count=225 53 251 2285 270 2943 532 19433 147 354 8 138 2877
internal_value=2.20441e-09 -0.0184461 -0.0296667 0.017618 0.0234799 0.00877487 -0.0397416 -0.0322037 0.0307683 0.00350138 0.0433421 -0.0512663
internal_weight=117.357 57.3312 46.6869 60.0259 53.7069 30.8598 40.325 6.31897 10.6443 3.20552 22.8471 5.13523
internal_count=29516 22556 21969 6960 3883 3475 21718 3077 587 362 408 3024
is_linear=0
shrinkage=0.04


Tree=15
num_leaves=15
num_cat=0
split_feature=14 7 20 17 30 13 14 22 10 11 16 30 3 7
split_gain=25.6104 18.2273 19.158 11.0909 8.85064 6.19977 5.69459 4.58779 4.3702 1.82336 2.65069 0.0260695 0.0211304 0.0161446
threshold=0.068255111575126662 -0.36971484124660486 0.063164893617021281 0.033429672941565521 3.5000000000000004 1.2580187320709231 0.10056599229574205 0.51158550381660473 0.087789397686719908 0.040925385430455215 0.85182926829268302 2.5000000000000004 0.028465379029512409 0.13094453513622287
decision_type=2 2 2 2 2 2 2 2 2 2 2 2 2 2
left_child=1 9 8 4 7 -4 -6 -2 -3 -1 -11 12 -5 -13
right_child=3 2 5 11 6 -7 -8 -9 -10 10 -12 13 -14 -15
leaf_value=0.039691593359830371 -0.053684279787710246 -0.022591705593535742 -0.047506647947533856 -0.040148797513437209 0.032027145737622366 -0.0046963851046615971 -0.0071416047011557109 0.035291089911387172 0.052203071913566136 -0.027719485769892038 0.04684944489966527 -0.052740427596629537 -0.05213901071157151 -0.060778721675713319
leaf_weight=7.2188047913368774 3.4912286957260212 1.6774293245980505 33.262760883779265 0.4389244550839061 45.732304403209127 6.4644192419946185 6.8251818922581142 1.2625339198857544 4.9042058277409524 1.8400947961490604 1.3026743133086709 1.9444005733821543 0.50657690525986254 0.503249006345868
leaf_count=225 1834 611 17417 236 2435 3869 1451 64 72 348 14 650 181 109
internal_value=3.13721e-09 -0.019338 -0.0300686 0.018053 0.0222132 -0.0405405 0.0269406 -0.0300536 0.0331405 0.0286201 0.00318925 -0.052214 -0.0465729 -0.0543931
internal_weight=117.375 56.6704 46.3088 60.7044 57.3112 39.7272 52.5575 4.75376 6.58164 10.3616 3.14277 3.39315 0.945501 2.44765
internal_count=29516 22556 21969 6960 5784 21286 3886 1898 683 587 362 1176 417 759
is_linear=0
shrinkage=0.04


Tree=16
num_leaves=14
num_cat=0
split_feature=14 7 2 3 32 33 16 6 13 32 28 12 14
split_gain=22.1222 17.8796 17.7538 9.94788 8.16961 29.9717 5.81491 2.4361 2.25593 1.92386 0.575851 0.499974 0.0112105
threshold=0.068255111575126662 -0.36971484124660486 -0.15298304706811902 -0.021963872946798798 0.20842198581560287 0.95517604286261015 0.098780487804878067 -0.12367211282253264 0.82357832789421093 0.24662100456621008 0.1600700914859772 0.40580625832080847 0.071347948163747801
decision_type=2 2 2 2 2 2 2 2 2 2 2 2 2
left_child=1 7 -3 10 8 -6 -4 9 -5 -1 11 -2 -12
right_child=3 2 6 4 5 -7 -8 -9 -10 -11 12 -13 -14
leaf_value=-0.038287424128353752 -0.041784656025680558 0.032342686678206313 -0.0041600797697413259 0.05013402869288746 -0.038904348835425366 0.039528875299974932 -0.046432988619268187 0.038758534190432507 0.02571373199817456 0.030795755245429879 -0.044609530215135786 0.049562544631435168 -0.052066554752331781
leaf_weight=1.3698267185827711 0.20814862975384985 6.4025118339341125 6.2099842631723723 12.705294931074606 13.091538831475189 19.268660101341084 32.216564441099763 8.1851348234340531 11.559329366078599 1.2189062135294078 0.36086625116877291 0.17772491392679513 3.0389518878655508
leaf_count=280 1165 251 2285 76 3242 541 19433 273 412 34 134 65 1325
internal_value=-8.5178e-10 -0.0182065 -0.0293263 0.0167576 0.0209546 0.00779818 -0.0396014 0.0280618 0.0385005 -0.00575957 -0.0460193 0.000287867 -0.051275
internal_weight=116.013 55.6029 44.8291 60.4105 56.6248 32.3602 38.4265 10.7739 24.2646 2.58873 3.78569 0.385874 3.39982
internal_count=29516 22556 21969 6960 4271 3783 21718 587 488 314 2689 1230 1459
is_linear=0
shrinkage=0.04


Tree=17
num_leaves=14
num_cat=0
split_feature=14 7 20 30 17 22 14 10 18 14 16 19 7
split_gain=22.5836 15.416 17.5237 9.95173 7.98181 5.48639 5.20092 4.15161 4.14171 3.18307 2.83468 0.303578 0.0161655
threshold=0.068255111575126662 -0.36971484124660486 0.063164893617021281 3.5000000000000004 0.033429672941565521 0.094696491956710829 0.10056599229574205 0.087789397686719908 -0.064150590449571596 0.032125016674399383 0.22361111111111112 0.028174603174603175 0.10824365913867952
decision_type=2 2 2 2 2 2 2 2 2 2 2 2 2
left_child=1 9 7 8 6 -4 -5 -3 -2 -1 -11 -10 -6
right_child=3 2 5 4 12 -7 -8 -9 11 10 -12 -13 -14
leaf_value=0.038828707850073314 0.043952568235347621 -0.022435746101984594 -0.045661690671945969 0.030169719076018241 -0.05070065266866524 -0.0038420503237673641 -0.0072129461331657194 0.050475948545969027 -0.014847245197449541 0.022497479683403848 -0.061209418107839871 -0.050729311897012463 -0.059031390909676164
leaf_weight=7.5951130099128914 0.94118086202070106 1.6818611189955834 32.137653712299652 45.600357398274355 1.7233904278837138 5.9483618708327404 6.8490780765423542 4.8607401850167662 0.41207519685849447 1.574273942736909 1.099290656391531 4.464705853140913 0.47551608458161343
leaf_count=202 31 611 19427 2435 593 1859 1451 72 50 136 249 2296 104
internal_value=4.98625e-10 -0.0185739 -0.0287416 0.0168632 0.022158 -0.0391302 0.0252881 0.031733 -0.032871 0.0256156 -0.0119203 -0.0476974 -0.0525022
internal_weight=115.364 54.8973 44.6286 60.4663 54.6483 38.086 52.4494 6.5426 5.81796 10.2687 2.67356 4.87678 2.19891
internal_count=29516 22556 21969 6960 4583 21286 3886 683 2377 587 385 2346 697
is_linear=0
shrinkage=0.04


Tree=18
num_leaves=15
num_cat=0
split_feature=14 37 2 7 3 32 33 6 13 1 28 0 19 14
split_gain=20.9875 14.7265 9.81829 10.3148 9.01808 8.29656 26.896 3.84555 1.89568 1.89091 0.70474 0.611944 0.493955 0.0117954
threshold=0.068255111575126662 1.5000000000000002 -0.069684475660324083 -0.22983238101005551 -0.021963872946798798 0.20842198581560287 0.95517604286261015 -0.13565009832382199 0.82357832789421093 0.20471086353063586 0.1600700914859772 -0.073048863559961305 0.1114066193853428 0.071347948163747801
decision_type=2 2 2 2 2 2 2 2 2 2 2 2 2 2
left_child=1 2 7 -4 10 8 -7 -1 -6 11 12 -3 -2 -12
right_child=4 9 3 -5 5 6 -8 -9 -10 -11 13 -13 -14 -15
leaf_value=-0.024858628163699749 0.036740845348181464 -0.0085331555823897169 0.0093489422699415178 -0.04688382104972897 0.048121938843085299 -0.037396610632920803 0.036856966752541069 0.0349312745242659 0.025780336437015335 0.013809666987804526 -0.042943206525196551 -0.049201636675919848 -0.052224001674186504 -0.050539174501594425
leaf_weight=2.0467179941479108 0.27586119342595283 0.61145713645965472 10.35247287864331 10.525585009367207 13.060500833671542 13.096373707056044 19.317786691011861 10.820779230212791 11.36353756347671 0.82856670673936506 0.36712748161517117 18.595826651202515 0.15650703595019877 2.9991263758856803
leaf_count=467 177 134 2155 6552 76 3242 541 659 412 178 134 12411 1053 1325
internal_value=-6.54956e-10 -0.0181905 -0.0020622 -0.0190006 0.0161339 0.0201218 0.00685611 0.025421 0.0377273 -0.0453547 -0.0435361 -0.047907 0.00453768 -0.0497107
internal_weight=114.418 53.7814 33.7456 20.8781 60.6368 56.8382 32.4142 12.8675 24.424 20.0359 3.79862 19.2073 0.432368 3.36625
internal_count=29516 22556 9833 8707 6960 4271 3783 1126 488 12723 2689 12545 1230 1459
is_linear=0
shrinkage=0.04


Tree=19
num_leaves=15
num_cat=0
split_feature=37 26 33 32 7 12 5 5 9 21 21 32 17 19
split_gain=20.1746 17.2394 11.5142 10.2749 27.0597 9.509 5.46028 2.4084 4.83472 0.858479 0.774181 0.348799 0.196134 0.290503
threshold=1.5000000000000002 -0.16638523340225217 0.84489441325848713 0.94152390163028477 -0.21363141387701032 0.079505693167448058 -0.15122063457965848 0.073812659829854979 11.500000000000002 0.58236434108527146 0.048695799457994592 0.30846092662557173 0.050944641232490546 0.64051282051282066
decision_type=2 2 2 2 2 2 2 2 2 2 2 2 2 2
left_child=3 2 10 4 5 -1 -6 9 -9 -5 -2 -4 -3 -14
right_child=1 12 11 7 6 -7 -8 8 -10 -11 -12 -13 13 -15
leaf_value=-0.054042125342616369 0.006234897028738369 -0.049708565802952728 0.050936914188905724 0.046079763346934477 0.048141753841575555 0.02353696274691814 -0.046444347610262907 0.03834046262210912 -0.060401026186498327 0.027816398162385451 -0.05186253096954057 0.033493798915475964 -0.050518324275797888 0.017861539870139245
leaf_weight=2.695308062946423 0.41426463006064507 19.916552020236853 3.5175973111763597 11.98367658280768 1.0397465981077427 40.708217022591271 16.057933428208344 2.246208592317998 1.2266864047851411 6.2739804079756132 3.2155380785698071 3.8327284844126552 0.23570007807575066 0.17190890340134501
leaf_count=1514 121 10812 13 163 41 3666 8349 132 320 357 3133 540 241 114
internal_value=-3.27172e-10 -0.0273284 0.0130568 0.0104035 0.00192959 0.0187194 -0.0406924 0.033996 0.00346327 0.0398038 -0.0452319 0.0418414 -0.0491464 -0.0216791
internal_weight=113.536 31.3043 10.9801 82.2318 60.5012 43.4035 17.0977 21.7306 3.47289 18.2577 3.6298 7.35033 20.3242 0.407609
internal_count=29516 14974 3807 14542 13570 5180 8390 972 452 520 3254 553 11167 355
is_linear=0
shrinkage=0.04


Tree=20
num_leaves=14
num_cat=0
split_feature=14 7 20 17 33 32 22 10 13 33 15 12 32
split_gain=19.0915 13.3795 15.1929 8.37204 6.96344 7.56532 4.88307 3.65621 1.60121 5.22283 0.0759912 0.0274727 0.0702954
threshold=0.068255111575126662 -0.36971484124660486 0.063164893617021281 0.033429672941565521 0.071279139270771077 0.20842198581560287 0.094696491956710829 0.087789397686719908 0.20881794393062594 0.016043239533287578 48.704748153686531 0.64406910538673412 0.76680790960451983
decision_type=2 2 2 2 2 2 2 2 2 2 2 2 2
left_child=1 8 7 4 10 -6 -4 -3 -1 -10 -2 12 -5
right_child=3 2 6 11 5 -7 -8 -9 9 -11 -12 -13 -14
leaf_value=0.049766774493566153 -0.047080010286641868 -0.0212170953137348 -0.043534834446939674 -0.04870612024360927 0.038286576587547166 0.0083554708424023114 -0.0037615616295773664 0.048420108088953431 0.040610445384252569 -0.029663316817408809 -0.064103425621643367 -0.05446604995273021 -0.029913891016614728
leaf_weight=2.8025425344239903 0.65627300308551539 1.6308747018920247 30.6521022755187 2.0232223899802193 24.20506484922953 30.583248404669575 5.8875451587373382 4.6341605596244335 4.4914210399147123 2.7150578845757991 1.1631760665914042 0.76181488169822831 0.37798681540880341
leaf_count=29 388 611 19427 827 890 4296 1859 72 109 449 210 201 148
internal_value=2.13733e-09 -0.0175231 -0.0272586 0.0154835 0.0190222 0.0215788 -0.0371263 0.0302926 0.0241117 0.0141346 -0.0579631 -0.0478477 -0.0457479
internal_weight=112.584 52.8137 42.8047 59.7708 56.6078 54.7883 36.5396 6.26504 10.009 7.20648 1.81945 3.16302 2.40121
internal_count=29516 22556 21969 6960 5784 5186 21286 683 587 558 598 1176 975
is_linear=0
shrinkage=0.04


Tree=21
num_leaves=15
num_cat=0
split_feature=37 26 33 32 32 37 11 19 31 15 0 32 17 13
split_gain=18.005 16.0356 10.3353 10.2782 24.0031 8.19017 2.19225 1.89922 1.13348 1.07902 0.708521 0.391292 0.211043 0.29986
threshold=1.5000000000000002 -0.16638523340225217 0.84489441325848713 0.94152390163028477 0.44216281553943898 1.0000000180025095e-35 0.66964551806449901 0.97530487804878063 0.020718271569609387 66.548503875732436 -0.073048863559961305 0.30846092662557173 0.050944641232490546 1.0167275071144106
decision_type=2 2 2 2 2 2 2 2 2 2 2 2 2 2
left_child=3 2 10 4 5 -1 9 -8 -6 -5 -2 -4 -3 -14
right_child=1 12 11 6 8 -7 7 -9 -10 -11 -12 -13 13 -15
leaf_value=0.024777362067116067 0.0061600670016408289 -0.048488989757052521 0.049679883058106472 0.023519025878521945 0.010875976289695489 -0.015653151618871441 -0.02357233634882349 0.034976997513625804 -0.045985461919244679 0.044906596134746658 -0.05021552365222582 0.031109419415737225 -0.048672079626680236 0.021815300449460947
leaf_weight=34.910864894976839 0.40331896301358972 19.169998791418042 3.5026895373594016 5.3038843786343994 0.5845394633943205 10.406308821169658 1.8543949979357415 1.6982383164577184 13.881041811197063 13.086576771456746 3.0851708209374937 3.7686905115842819 0.22933563415426661 0.16679445130284876
leaf_count=3820 156 10812 13 398 62 3275 262 80 6413 232 3098 540 138 217
internal_value=1.17612e-09 -0.026322 0.0129013 0.00976731 0.00117323 0.0154932 0.0331814 0.00441556 -0.0436877 0.0387383 -0.0436977 0.040055 -0.0478918 -0.0189927
internal_weight=112.052 30.326 10.7599 81.7258 59.7828 45.3172 21.9431 3.55263 14.4656 18.3905 3.48849 7.27138 19.5661 0.39613
internal_count=29516 14974 3807 14542 13570 7095 972 342 6475 630 3254 553 11167 355
is_linear=0
shrinkage=0.04


Tree=22
num_leaves=13
num_cat=0
split_feature=14 7 2 14 13 11 9 16 30 14 33 33
split_gain=16.5598 13.9534 13.6707 7.952 11.292 8.86763 5.3614 4.40933 4.18843 2.40808 2.02773 0.196153
threshold=0.068255111575126662 -0.36971484124660486 -0.15298304706811902 0.10056599229574205 1.9488247036933901 0.29671554267406469 3.5000000000000004 0.097167584579071611 3.5000000000000004 0.032125016674399383 0.016043239533287578 0.99099025974025989
decision_type=2 2 2 2 2 2 2 2 2 2 2 2
left_child=1 9 -3 5 11 6 -2 -4 -7 -1 -11 -5
right_child=3 2 7 4 -6 8 -8 -9 -10 10 -12 -13
leaf_value=0.036565648163293787 0.029085779394326924 0.028880857177867182 -0.0037783771937882067 -0.051099786852762945 0.043654643649924607 -0.017521437349016917 -0.046548988650412119 -0.04232683386223221 0.031084660986276779 0.025739125454239984 -0.044031591015214672 -0.022658742818042494
leaf_weight=7.6538931664545071 2.2376735364086917 6.0350082681979975 5.6409487201599395 6.0100764876697195 3.1033891953993589 3.0541858822107306 4.5457977219484746 29.980038218316622 39.805052815005183 1.3971406130585822 1.2743954047327859 0.41476834984496225
leaf_count=202 264 251 2192 2499 100 827 1798 19526 1403 81 304 69
internal_value=1.78527e-09 -0.0164724 -0.0267903 0.014471 -0.0189998 0.0208952 -0.0215992 -0.0362223 0.0276209 0.0251532 -0.00754341 -0.0492637
internal_weight=111.152 51.9814 41.656 59.1709 9.52823 49.6427 6.78347 35.621 42.8592 10.3254 2.67154 6.42484
internal_count=29516 22556 21969 6960 2668 4292 2062 21718 2230 587 385 2568
is_linear=0
shrinkage=0.04


Tree=23
num_leaves=15
num_cat=0
split_feature=37 26 33 32 7 2 6 21 19 0 32 17 38 14
split_gain=16.2798 14.8176 9.22963 9.15604 21.6905 8.60896 5.29599 1.99152 4.28119 0.644281 0.453411 0.250398 0.356071 0.0520925
threshold=1.5000000000000002 -0.16638523340225217 0.84489441325848713 0.94152390163028477 -0.21363141387701032 0.13101734220981601 -0.2368887588381767 0.58236434108527146 0.76031914893617036 -0.073048863559961305 0.30846092662557173 0.050944641232490546 0.84248120300751894 0.068255111575126662
decision_type=2 2 2 2 2 2 2 2 2 2 2 2 2 2
left_child=3 2 9 4 5 -1 -6 -5 -9 -2 -4 13 -13 -3
right_child=1 11 10 7 6 -7 -8 8 -10 -11 -12 12 -14 -15
leaf_value=0.021172196200766335 0.0054010763166218966 -0.046399635566519555 0.048605114798982135 0.04299862590649383 0.045194239666971385 -0.048941744734810104 -0.043837996632230161 -0.033422689276279886 0.031653923678815005 -0.048846045063345882 0.028439205031878308 -0.047413622573542105 0.029477110481353954 -0.051634393669591709
leaf_weight=39.674299575388432 0.39771251124329898 14.547342017409397 3.4590390401426703 11.451472565764563 1.1484886661637599 3.0148839976172885 15.442783643142318 2.0218883631750932 8.0863486733287555 2.9385326447663846 3.6837251441320404 0.23117577249649812 0.16524139663670212 3.8456580585334441
leaf_count=4149 156 9673 13 178 35 1031 8355 387 407 3098 540 275 80 1139
internal_value=-1.44213e-11 -0.0255616 0.012549 0.00925466 0.00113634 0.0162205 -0.037675 0.0315767 0.018637 -0.0423793 0.038205 -0.0468162 -0.0153627 -0.0474941
internal_weight=110.109 29.2684 10.479 80.8402 59.2805 42.6892 16.5913 21.5597 10.1082 3.33625 7.14276 18.7894 0.396417 18.393
internal_count=29516 14974 3807 14542 13570 5180 8390 972 794 3254 553 11167 355 10812
is_linear=0
shrinkage=0.04


Tree=24
num_leaves=14
num_cat=0
split_feature=14 7 20 17 7 32 13 10 32 33 15 32 4
split_gain=15.1064 12.2402 12.7972 7.05829 5.87568 6.68351 4.19392 3.29315 1.82845 5.08019 0.0584051 0.0344372 0.0833507
threshold=0.068255111575126662 -0.36971484124660486 0.063164893617021281 0.033429672941565521 -0.3508621454238891 0.20842198581560287 1.2580187320709231 0.087789397686719908 0.22923301486199579 0.013057686842853085 48.704748153686531 0.94152390163028477 0.12088172510266305
decision_type=2 2 2 2 2 2 2 2 2 2 2 2 2
left_child=1 8 7 4 10 -6 -4 -3 9 -1 -2 12 -5
right_child=3 2 6 11 5 -7 -8 -9 -10 -11 -12 -13 -14
leaf_value=0.040028364563517049 -0.046607965827765024 -0.020428036180649457 -0.041247592702404037 -0.046602244434690798 0.035575688395625166 0.0070452772470920291 -0.0037411298785689114 0.04636986321912108 0.037014914361112539 -0.05034905216724514 -0.061309182838780625 -0.055355888977969822 -0.025534817503801006
leaf_weight=2.3969830921851081 0.77291534771211334 1.6193206849275146 28.970094686374068 2.190899349632673 23.412665673531592 29.934038838022389 5.7103526535211122 4.3614291788544506 6.1334926025010645 1.7015427474398164 0.98136733286082745 0.48393026879057277 0.34823250479530532
leaf_count=48 592 611 17417 960 805 4226 3869 72 149 390 161 110 106
internal_value=-3.3304e-09 -0.0159126 -0.0257531 0.013933 0.017198 0.0195666 -0.0350719 0.028284 0.0231926 0.0025073 -0.054832 -0.0455767 -0.0437129
internal_weight=109.017 50.8932 40.6612 58.124 55.101 53.3467 34.6804 5.98075 10.232 4.09853 1.75428 3.02306 2.53913
internal_count=29516 22556 21969 6960 5784 5031 21286 683 587 438 753 1176 1066
is_linear=0
shrinkage=0.04


Tree=25
num_leaves=15
num_cat=0
split_feature=37 26 32 32 20 37 21 13 4 33 38 17 28 14
split_gain=14.6405 13.7865 8.6562 19.6981 8.38591 7.04973 1.84867 3.47894 1.0166 0.681048 0.512988 0.303194 0.419271 0.0467825
threshold=1.5000000000000002 -0.16638523340225217 0.94152390163028477 0.44216281553943898 0.82399874843554455 1.0000000180025095e-35 0.58236434108527146 1.1305314898490908 0.25366942584514623 0.037113559840832575 0.44246532156368229 0.050944641232490546 0.43397000432014471 0.068255111575126662
decision_type=2 2 2 2 2 2 2 2 2 2 2 2 2 2
left_child=2 4 3 5 9 -1 -4 -8 -5 -2 -6 13 -13 -3
right_child=1 11 6 8 10 -7 7 -9 -10 -11 -12 12 -14 -15
leaf_value=0.02231520434023096 0.0083895698764882252 -0.045592146479862851 0.041721392591696591 -0.046626171560986612 0.047730953243504078 -0.015383445031196189 -0.020821099931916272 0.032330065420625699 -0.019423167053496546 -0.048253281662126633 0.026164775583109916 0.037596464769681377 -0.046383497700783038 -0.050623536118974209
leaf_weight=34.496108157676645 0.38608968898188534 13.808806907036347 11.252490744693207 10.95046541711781 3.3994134787935764 10.308439184213055 2.6891082783695293 7.3715924976859242 2.7500558748142785 2.8224815931171179 3.6698906280798838 0.16430618555750598 0.22588420461397618 3.7624831795692435
leaf_count=3820 103 9673 178 5877 130 3275 469 325 598 3104 470 258 97 1139
internal_value=-2.77559e-09 -0.0247534 0.00875763 0.00080703 0.0121936 0.0136417 0.0305822 0.0181234 -0.0411658 -0.0414374 0.0365353 -0.0458951 -0.0110202 -0.0466695
internal_weight=108.058 28.2394 79.8183 58.5051 10.2779 44.8045 21.3132 10.0607 13.7005 3.20857 7.0693 17.9615 0.39019 17.5713
internal_count=29516 14974 14542 13570 3807 7095 972 794 6475 3207 600 11167 355 10812
is_linear=0
shrinkage=0.04


Tree=26
num_leaves=14
num_cat=0
split_feature=14 7 20 30 14 32 22 31 10 32 19 16 3
split_gain=13.5283 11.6212 11.2605 6.82603 5.66243 4.5734 4.03623 3.51612 3.11114 1.60226 4.76574 0.0598253 0.0217285
threshold=0.068255111575126662 -0.36971484124660486 0.063164893617021281 3.5000000000000004 0.13115020096302035 0.20842198581560287 0.094696491956710829 0.99797570850202433 0.087789397686719908 0.22923301486199579 0.14854215918045707 0.80566483084185692 -0.020026840269565579
decision_type=2 2 2 2 2 2 2 2 2 2 2 2 2
left_child=1 9 8 7 5 -5 -4 11 -3 10 -1 -2 -6
right_child=3 2 6 4 12 -7 -8 -9 -10 -11 -12 -13 -14
leaf_value=0.034781623580980317 -0.047949318196171944 -0.021025061288538472 -0.040232334188874487 0.033008163801109526 -0.043542159545597363 0.0088269053174433315 -0.0027776043203500489 0.029449062788948457 0.045126405062599906 0.0357234125715356 -0.056648619185449584 -0.032875279551923584 -0.053939173472010576
leaf_weight=2.6442293757572752 3.8152840536786234 1.5728443081025023 28.00656629819423 23.577877452014945 0.41686100780498248 26.668854277348146 5.508946831803768 1.2716806770768014 4.1099381812382489 6.1039210711605847 1.3925298462854696 0.47354068490676571 1.4075452159158872
leaf_count=84 2048 611 19427 841 306 3058 1859 75 72 149 354 254 378
internal_value=-2.26591e-09 -0.015374 -0.0252479 0.0131618 0.0176603 0.0201738 -0.0340759 -0.0289647 0.0268174 0.0227932 0.00324163 -0.046285 -0.0515635
internal_weight=106.971 49.339 39.1983 57.6316 52.0711 50.2467 33.5155 5.56051 5.68278 10.1407 4.03676 4.28882 1.82441
internal_count=29516 22556 21969 6960 4583 3899 21286 2377 683 587 438 2302 684
is_linear=0
shrinkage=0.04


Tree=27
num_leaves=15
num_cat=0
split_feature=37 26 4 7 12 33 5 14 15 21 32 17 3 14
split_gain=12.9552 12.9689 8.06636 16.3751 8.25842 8.00042 4.41501 2.73593 3.08383 0.567086 0.486637 0.345178 0.509811 0.0418114
threshold=1.5000000000000002 -0.16638523340225217 0.47773087024688726 -0.21363141387701032 0.079505693167448058 0.84489441325848713 -0.15122063457965848 0.075912117958068862 76.951423645019545 0.048695799457994592 0.30846092662557173 0.050944641232490546 0.040810566395521171 0.068255111575126662
decision_type=2 2 2 2 2 2 2 2 2 2 2 2 2 2
left_child=2 5 3 4 -1 9 -5 -4 -9 -2 -7 13 -13 -3
right_child=1 11 7 6 -6 10 -8 8 -10 -11 -12 12 -14 -15
leaf_value=-0.05148037891905486 0.0044520553747383219 -0.044799174086294524 0.039992071823325398 0.043363196086950946 0.019215029562362249 0.047335642391870943 -0.036716274944792557 -0.032742150070578492 0.033390569707085663 -0.047175697515954317 0.026095864166040567 0.047570839390373036 -0.045951318320302227 -0.049645270423389579
leaf_weight=2.8322151630418366 0.38861085032113107 13.09426515968517 14.028903674450705 1.1807296596234689 39.749082458554767 3.3149613526184112 16.428961563622579 2.0092052748659617 2.5728373662568629 2.744513964978978 3.6005880532320589 0.15819031815044482 0.22721631533931941 3.6405895848292849
leaf_count=1514 121 9673 251 40 3661 13 8691 313 72 3133 540 238 117 1139
internal_value=2.94502e-10 -0.0238189 0.00821216 0.00109595 0.0145129 0.0122536 -0.0313469 0.0312272 0.00439167 -0.0407722 0.0362771 -0.0449915 -0.00756511 -0.0458534
internal_weight=105.971 27.1689 78.8019 60.191 42.5813 10.0487 17.6097 18.6109 4.58204 3.13312 6.91555 17.1203 0.385407 16.7349
internal_count=29516 14974 14542 13906 5175 3807 8731 636 385 3254 553 11167 355 10812
is_linear=0
shrinkage=0.04


Tree=28
num_leaves=14
num_cat=0
split_feature=14 7 20 30 17 13 32 31 10 14 16 16 12
split_gain=12.3424 10.5079 10.1823 6.10706 5.16094 3.98458 3.82366 3.1117 2.86297 2.23153 1.92355 0.0585757 0.0241578
threshold=0.068255111575126662 -0.36971484124660486 0.063164893617021281 3.5000000000000004 0.033429672941565521 1.2132996916770937 0.20842198581560287 0.99797570850202433 0.087789397686719908 0.032125016674399383 0.22361111111111112 0.80566483084185692 0.71940559148788463
decision_type=2 2 2 2 2 2 2 2 2 2 2 2 2
left_child=1 9 8 7 6 -4 -5 11 -3 -1 -11 -2 -6
right_child=3 2 5 4 12 -7 -8 -9 -10 10 -12 -13 -14
leaf_value=0.033265296516894319 -0.046856940131753934 -0.020342728431459182 -0.039860426747259418 0.030961303445426733 -0.044270557214399819 -0.004056045001408725 0.0087503997395364415 0.026944029759008607 0.043871257762067642 0.017983408877648814 -0.053087815874477473 -0.031639555934771531 -0.054832709457008529
leaf_weight=7.2402144519146514 3.6210594904841846 1.5458964017452661 26.286576041253284 23.568325488711707 1.5260803836863477 6.1335281031206241 26.173263655044138 1.2518238616175947 3.9480229143518955 1.5317298232112082 1.0117813003016634 0.45564983598887909 0.44824339670594771
leaf_count=202 2048 611 16869 911 601 4417 2975 75 72 136 249 254 96
internal_value=-5.60213e-10 -0.0150161 -0.0245533 0.0125557 0.0167568 -0.0330866 0.0192743 -0.0282177 0.0258025 0.0219426 -0.010288 -0.0451561 -0.0466686
internal_weight=104.742 47.6977 37.914 57.0444 51.7159 32.4201 49.7416 5.32853 5.49392 9.78373 2.54351 4.07671 1.97432
internal_count=29516 22556 21969 6960 4583 21286 3886 2377 683 587 385 2302 697
is_linear=0
shrinkage=0.04


Tree=29
num_leaves=14
num_cat=0
split_feature=11 7 14 18 12 2 34 5 20 33 17 37 10
split_gain=12.0621 14.5459 11.8227 9.99074 7.57588 6.53487 12.3677 4.54065 1.66159 1.00247 0.325382 0.1045 0.0240648
threshold=0.28071086108684545 -0.22983238101005551 0.10056599229574205 0.022800021804869178 0.079505693167448058 0.054028574377298362 0.80525226985403997 -0.15122063457965848 0.11733416770963706 0.99099025974025989 0.048874124884605415 1.0000000180025095e-35 0.20010070502758029
decision_type=2 2 2 2 2 2 2 2 2 2 2 2 2
left_child=1 3 5 4 -1 8 -7 -3 -2 12 -9 -5 -4
right_child=2 7 9 11 -6 6 -8 10 -10 -11 -12 -13 -14
leaf_value=-0.042526707516464111 0.046555755062255601 0.036897076107562071 -0.053753911402220259 -0.057421022768370404 0.025926621104688619 -0.030485404468462905 0.025849351018659653 -0.044063286780909011 0.024896265263207425 0.0043750029525975046 -0.017662518142218239 -0.044826830046670686 -0.04686194900727398
leaf_weight=3.0005894596688512 10.256484368001113 1.2017868874827424 1.018066947814076 1.9352065288694564 18.7585771267768 9.7447232233826089 17.313450807705522 19.958604849700354 12.664147659204898 0.65465438249520946 0.77597030182368953 2.3153204110567458 3.9781431872397661
leaf_count=1373 64 46 203 835 1489 3346 1085 16217 621 65 644 1679 1849
internal_value=-9.16435e-10 -0.0147035 0.0126726 0.00552991 0.0164869 0.0188732 0.00556097 -0.038694 0.0345884 -0.0421678 -0.0430753 -0.0505608 -0.0482663
internal_weight=103.576 47.9461 55.6297 26.0097 21.7592 49.9788 27.0582 21.9364 22.9206 5.65086 20.7346 4.25053 4.99621
internal_count=29516 22283 7233 5376 2862 5116 4431 16907 685 2117 16861 2514 2052
is_linear=0
shrinkage=0.04


Tree=30
num_leaves=14
num_cat=0
split_feature=11 7 14 18 6 2 13 3 20 8 17 16 25
split_gain=11.1445 13.9889 10.6907 9.36327 6.95908 6.39054 11.8966 3.95625 1.60573 1.11841 0.341227 0.207623 0.107552
threshold=0.28071086108684545 -0.22983238101005551 0.10056599229574205 0.022800021804869178 -0.13565009832382199 0.054028574377298362 1.0785378217697146 -0.29406504333019251 0.11733416770963706 -0.01980629842728376 0.048874124884605415 0.10565476190476192 -1.0000000180025095e-35
decision_type=2 2 2 2 2 2 2 2 2 2 2 2 2
left_child=1 3 5 4 -1 8 -7 -3 -2 11 -9 -4 -5
right_child=2 7 9 12 -6 6 -8 10 -10 -11 -12 -13 -14
leaf_value=-0.044417623392440507 0.045560655538972934 0.030806824365356974 -0.017027522780941932 -0.028284378954082041 0.024468647134791386 -0.032766720660856313 0.023615443858713902 -0.0435981746045239 0.024144823240642672 0.024497802930709193 -0.01643789702612268 -0.047989473129342798 -0.051771149013799457
leaf_weight=2.6759483059868279 10.13950167479925 1.2492881396319742 0.3739124429412185 0.34007090190425504 19.054475511540659 8.9571153448196146 18.061760090175085 19.303858943225354 12.516847461462019 0.3906849961495017 0.76961397449485858 4.7315928004682064 3.773146405699662
leaf_count=960 64 64 159 273 1902 2830 1601 16205 621 35 638 1923 2241
internal_value=-1.93385e-10 -0.0142762 0.0122048 0.0055108 0.0159858 0.0180617 0.00492401 -0.0382585 0.0337292 -0.0407305 -0.0425569 -0.0457219 -0.0498293
internal_weight=102.338 47.1664 55.1714 25.8436 21.7304 49.6752 27.0189 21.3228 22.6563 5.49619 20.0735 5.10551 4.11322
internal_count=29516 22283 7233 5376 2862 5116 4431 16907 685 2117 16843 2082 2514
is_linear=0
shrinkage=0.04


Tree=31
num_leaves=13
num_cat=0
split_feature=37 36 4 7 12 5 14 15 14 33 33 33
split_gain=11.0436 11.4464 6.91464 13.1479 6.51772 4.10832 2.53016 2.94228 2.17882 1.64494 1.58441 0.27018
threshold=1.5000000000000002 0.94305555555555565 0.47773087024688726 -0.21363141387701032 0.079505693167448058 -0.15122063457965848 0.075912117958068862 76.951423645019545 0.078759737312793746 0.99797570850202433 0.91590852700355641 0.037113559840832575
decision_type=2 2 2 2 2 2 2 2 2 2 2 2
left_child=2 9 3 4 -1 -5 -4 -8 10 11 -3 -2
right_child=1 8 6 5 -6 -7 7 -9 -10 -11 -12 -13
leaf_value=-0.048771383684763629 -0.02175532297128898 -0.047838184714620598 0.038294548436742896 0.036925496226456932 0.017045638843955286 -0.034772454937240994 -0.033383624398010507 0.031387114774917915 0.033962858305376258 0.01735173724117996 0.028388512055271521 -0.043591634434916197
leaf_weight=2.5653605470433822 0.95984650391620618 1.0808356774505217 13.198747102636846 1.3937595419120068 39.083980924449861 15.490205949929075 1.9537591056432564 2.636279514990747 5.1207570456899703 0.77051302464678784 0.73160988243762393 16.341610062459949
leaf_count=1514 365 450 251 40 3661 8691 313 72 92 113 37 13917
internal_value=-1.53857e-09 -0.0230708 0.00755862 0.000921322 0.0129917 -0.0288538 0.0293984 0.00381732 0.0206225 -0.0398335 -0.0170686 -0.0423802
internal_weight=101.327 25.0052 76.3221 58.5333 41.6493 16.884 17.7888 4.59004 6.9332 18.072 1.81245 17.3015
internal_count=29516 14974 14542 13906 5175 8731 636 385 579 14395 487 14282
is_linear=0
shrinkage=0.04


Tree=32
num_leaves=13
num_cat=0
split_feature=37 36 4 32 2 15 14 15 14 1 33 33
split_gain=10.3921 11.0493 6.683 12.1075 6.52809 4.1003 2.28061 2.65681 2.0206 1.46762 1.40397 0.274172
threshold=1.5000000000000002 0.94305555555555565 0.47773087024688726 0.44216281553943898 0.13101734220981601 72.935127258300795 0.075912117958068862 76.951423645019545 0.078759737312793746 0.20471086353063586 0.99797570850202433 0.037113559840832575
decision_type=2 2 2 2 2 2 2 2 2 2 2 2
left_child=2 10 3 4 -1 -5 -4 -8 9 -3 11 -2
right_child=1 8 6 5 -6 -7 7 -9 -10 -11 -12 -13
leaf_value=0.015591819946395672 -0.021167403403015071 -0.04660018846633155 0.037407598458503284 -0.040939681017370742 -0.045703102880886491 0.011663227872677737 -0.031989063478914968 0.03016919573277416 0.033096232782535089 0.027996484970649441 0.013791889670934407 -0.043195045538717926
leaf_weight=40.644859498366714 0.95883479318582487 1.051138088107108 13.044644349021839 11.87082273402484 2.9841951491544014 2.9626276309136292 1.8749714567093168 2.6626811297610402 5.0988169014453888 0.70501590031199146 0.75585203478112717 15.831965705961919
leaf_count=5948 365 455 251 6262 1147 549 313 72 92 32 113 13917
internal_value=1.13211e-09 -0.0227127 0.00728817 0.000785229 0.0113993 -0.0304335 0.028911 0.00448522 0.0203511 -0.016653 -0.0395365 -0.0419372
internal_weight=100.446 24.4016 76.0448 58.4625 43.6291 14.8335 17.5823 4.53765 6.85497 1.75615 17.5467 16.7908
internal_count=29516 14974 14542 13906 7095 6811 636 385 579 487 14395 14282
is_linear=0
shrinkage=0.04


Tree=33
num_leaves=14
num_cat=0
split_feature=37 36 36 11 18 14 33 38 34 33 27 17 33
split_gain=9.67827 10.4973 6.36558 6.48705 9.09248 7.9662 1.30817 1.27745 5.32459 0.289699 0.0127102 0.00772712 0.00120958
threshold=1.5000000000000002 0.94305555555555565 0.90537759982204435 0.32761204242706304 0.015276804100722076 0.10056599229574205 0.99797570850202433 0.40129870129870138 0.99086738949124287 0.037113559840832575 0.8614063858985902 -0.019598259590566155 0.14652426971227764
decision_type=2 2 2 2 2 2 2 2 2 2 2 2 2
left_child=2 6 3 4 -1 -5 9 -3 -9 -2 12 -12 -4
right_child=1 7 10 5 -6 -7 -8 8 -10 -11 11 -13 -14
leaf_value=0.0083255725445092639 -0.020133809695085859 0.036621270605466105 -0.047495703110227473 0.027326902388130739 -0.039831969893748792 -0.035110570578950666 0.012200080068877722 -0.055487397530007108 0.047078907440462996 -0.042796681670652897 -0.055382068105939979 -0.048755115458854394 -0.044451721547753939
leaf_weight=27.208811189630069 0.9591685282066561 3.4991448008222497 0.25376989890355561 33.291903888108209 8.1525436895899457 3.6255455882055676 0.76107783301267673 1.4476077713770794 1.8381509451428426 15.269681985897476 0.34866833523847174 1.4618050795979793 1.1804394042701458
leaf_count=5328 365 222 128 1536 4652 1236 113 350 7 13917 172 650 840
internal_value=-2.50251e-09 -0.0222572 0.00700657 0.00946704 -0.00277713 0.0211951 -0.0390536 0.0198024 0.00189124 -0.0414572 -0.0478031 -0.0500314 -0.0449903
internal_weight=99.2983 23.7748 75.5235 72.2788 35.3614 36.9174 16.9899 6.7849 3.28576 16.2289 3.24468 1.81047 1.43421
internal_count=29516 14974 14542 12752 9980 2772 14395 579 357 14282 1790 822 968
is_linear=0
shrinkage=0.04


Tree=34
num_leaves=14
num_cat=0
split_feature=37 36 32 32 16 14 21 19 33 28 4 4 17
split_gain=8.82569 10.0555 6.1814 13.2513 6.57324 1.80392 1.69243 5.09625 1.50031 1.32842 1.29491 1.24087 0.212044
threshold=1.5000000000000002 0.94305555555555565 0.94152390163028477 0.44216281553943898 0.58236434108527146 0.078759737312793746 0.41897974493623413 0.76031914893617036 0.91590852700355641 0.1600700914859772 0.25366942584514623 0.84453654289245617 0.050944641232490546
decision_type=2 2 2 2 2 2 2 2 2 2 2 2 2
left_child=2 9 3 4 -1 8 -4 -8 -3 11 -5 -2 -11
right_child=1 5 6 10 -6 -7 7 -9 -10 12 -12 -13 -14
leaf_value=0.015676910978380535 -0.027295019278923367 -0.046834632929787831 0.040562657813037015 -0.043254438114257242 -0.035052460527438913 0.032114953579692858 -0.040161610851609721 0.029224354052133351 0.028450668768218439 -0.043587308143875181 -0.012288358028186275 0.049407035843747053 -0.025087431306110766
leaf_weight=39.018626787117682 1.0979978740215361 1.0100671513937403 7.852285953937101 9.7134901316603628 4.564898044220171 4.9277224502293393 2.0797474901191881 9.1234497787663695 0.72934268950484682 13.719277813448569 2.7787682615453368 0.48721014615148295 1.0685117824468751
leaf_count=5568 2507 450 124 5877 1527 92 422 426 37 11190 598 4 694
internal_value=-5.12519e-10 -0.0216576 0.00664162 -4.66766e-05 0.0103636 0.0197533 0.0263237 0.0163436 -0.0152672 -0.0385202 -0.0363664 -0.00372081 -0.0422506
internal_weight=98.1714 23.0401 75.1313 56.0758 43.5835 6.66713 19.0555 11.2032 1.73941 16.373 12.4923 1.58521 14.7878
internal_count=29516 14974 14542 13570 7095 579 972 848 487 14395 6475 2511 11884
is_linear=0
shrinkage=0.04


Tree=35
num_leaves=13
num_cat=0
split_feature=10 7 3 2 34 12 3 34 19 7 4 10
split_gain=9.32205 13.9708 10.165 9.16944 8.35239 4.1501 3.74008 3.20697 0.50014 0.149175 0.143216 0.156134
threshold=0.089766163378953948 -0.3304848968982696 -0.038087354972958558 0.080824702978134169 0.93583862620559877 0.079505693167448058 -0.29406504333019251 0.80040650406504077 0.1114066193853428 -0.29945525527000422 0.38301227986812597 0.10290099307894708
decision_type=2 2 2 2 2 2 2 2 2 2 2 2
left_child=1 5 10 7 -5 8 -3 -4 -1 -8 11 -2
right_child=2 6 3 4 -6 -7 9 -9 -10 -11 -12 -13
leaf_value=-0.0020489045122485693 -0.02893418861372787 0.026594825496752711 0.035230598627388206 -0.016131069488852786 0.024180110223845547 0.029007727342175701 -0.031000233087804595 -0.010218096728453821 -0.048283250087585543 -0.044274147895839812 -0.023459423287422679 -0.04812828255022409
leaf_weight=0.51156318176072346 0.80496885755564918 1.3165539182955424 24.15201798937051 21.284412619366776 13.402390657982322 9.105275546666233 1.4731623943662331 2.7689099492272353 1.3957192779053 16.834642562898804 0.54099523718468834 4.3017617625882849
leaf_count=115 472 76 1539 6572 1107 242 540 571 549 13919 219 3595
internal_value=7.84574e-10 -0.0182887 0.00833106 0.0130394 -0.000555515 0.0177693 -0.0385233 0.030556 -0.0358825 -0.043206 -0.0430295 -0.0451027
internal_weight=97.8924 30.6369 67.2555 61.6077 34.6868 11.0126 19.6244 26.9209 1.90728 18.3078 5.64773 5.10673
internal_count=29516 15441 14075 9789 7679 906 14535 2110 664 14459 4286 4067
is_linear=0
shrinkage=0.04


Tree=36
num_leaves=15
num_cat=0
split_feature=10 7 3 2 34 5 6 34 3 19 17 15 4 31
split_gain=8.46001 12.9577 9.39907 8.80621 7.71612 4.43407 3.82172 2.81646 1.53457 0.482696 0.154865 0.277618 0.172579 0.132704
threshold=0.089766163378953948 -0.3304848968982696 -0.038087354972958558 0.080824702978134169 0.93583862620559877 -0.15122063457965848 -0.14316926151514051 0.80040650406504077 -0.14438604563474652 0.1178513071895425 -0.033596675843000405 42.927780151367195 0.38301227986812597 0.66505550416281234
decision_type=2 2 2 2 2 2 2 2 2 2 2 2 2 2
left_child=1 6 10 7 -5 -3 9 -4 -8 -1 11 -2 -12 -7
right_child=2 5 3 4 -6 13 8 -9 -10 -11 12 -13 -14 -15
leaf_value=-0.0075452563499516659 -0.053970200992613231 0.030817600357276886 0.03407334647118479 -0.016112186846842912 0.022796052849572132 -0.044458523501539428 0.039901721022668854 -0.0087379647012431859 0.0061504233328697738 -0.052379175373796882 -0.045995835881036964 0.034388264079152138 -0.022095419110345418 -0.0350683510756351
leaf_weight=0.57580857572611321 0.11394062708131958 1.4081384529126832 23.984687701624356 20.920750201446936 13.36516816425137 14.820876857440455 5.782104920479469 2.7395348384743547 3.436344265937807 1.1547566967201417 4.7272081793053067 0.11363822186831385 0.53844866168219585 2.8751302164164363
leaf_count=105 245 51 1539 6572 1107 12377 77 571 360 364 3758 64 219 2107
internal_value=9.72469e-10 -0.0176129 0.00795935 0.0124716 -0.000945168 -0.0374968 0.0170811 0.0296847 0.0273203 -0.0374616 -0.0421556 -0.00984967 -0.0435519 -0.0429329
internal_weight=96.5565 30.0532 66.5034 61.0101 34.2859 19.1041 10.949 26.7242 9.21845 1.73057 5.49324 0.227579 5.26566 17.696
internal_count=29516 15441 14075 9789 7679 14535 906 2110 437 469 4286 309 3977 14484
is_linear=0
shrinkage=0.04


Tree=37
num_leaves=13
num_cat=0
split_feature=10 7 3 2 28 12 3 20 10 19 17 31
split_gain=7.79044 13.0582 7.84747 8.09959 8.66801 3.62128 3.45748 1.81538 0.860794 0.538947 0.180753 0.128958
threshold=0.087789397686719908 -0.3304848968982696 -0.038087354972958558 0.046690052375197418 0.53196990489959728 0.079505693167448058 -0.29406504333019251 0.11733416770963706 0.088804651051759734 0.1114066193853428 -0.033596675843000405 0.66505550416281234
decision_type=2 2 2 2 2 2 2 2 2 2 2 2
left_child=1 5 8 7 -5 9 -3 -4 -2 -1 -10 -8
right_child=2 6 3 4 -6 -7 11 -9 10 -11 -12 -13
leaf_value=-2.8237273392611902e-05 0.02521722518209428 0.028993905985038357 0.044996719167807966 0.012399514024911443 -0.029818758343011852 0.027742996191800741 -0.044411796788026633 0.021481569116091562 -0.0070186291506349353 -0.047127760323164999 -0.042786211766022202 -0.034893278636633378
leaf_weight=0.54973308334592985 0.33137740555684914 1.1438020663335944 9.1372158182784933 28.682368395733647 10.67775856668595 9.0094332080334407 14.111064225551674 12.356179435446391 0.23647662613075215 1.3271345625980755 5.1329265892854892 2.7156139691360286
leaf_count=114 42 75 55 5581 3238 230 12224 1053 313 545 4009 2037
internal_value=1.49778e-09 -0.0173582 0.00752623 0.0117302 0.000946387 0.0172132 -0.0383012 0.0314783 -0.0373496 -0.0333323 -0.041211 -0.0428756
internal_weight=95.4111 28.8568 66.5543 60.8535 39.3601 10.8863 17.9705 21.4934 5.70078 1.87687 5.3694 16.8267
internal_count=29516 15225 14291 9927 8819 889 14336 1108 4364 659 4322 14261
is_linear=0
shrinkage=0.04


Tree=38
num_leaves=15
num_cat=0
split_feature=37 26 36 33 30 11 31 32 0 17 12 33 27 17
split_gain=7.37429 9.01994 5.62196 5.32522 5.05778 4.25022 2.07179 0.691119 0.610202 0.55088 0.834827 0.0475975 0.0105618 0.00702217
threshold=1.5000000000000002 -0.16638523340225217 0.90537759982204435 0.84489441325848713 2.5000000000000004 0.32761204242706304 0.99797570850202433 0.30846092662557173 -0.073048863559961305 0.050944641232490546 0.32865889370441442 0.020718271569609387 0.8614063858985902 -0.019598259590566155
decision_type=2 2 2 2 2 2 2 2 2 2 2 2 2 2
left_child=2 3 4 8 6 -6 -1 -5 -2 11 -11 -3 -4 -14
right_child=1 9 12 7 5 -7 -8 -9 -10 10 -12 -13 13 -15
leaf_value=-0.036935844209882149 0.011277978140877823 -0.026619495185321699 -0.044177901374317263 0.045622201585575617 0.0010692359668366702 0.021780457878375452 0.027886129022504008 0.018310161825633064 -0.043519906646826235 0.083276499531645232 -0.043753727050477371 -0.04314068429652821 -0.054150634661820386 -0.047671311940448206
leaf_weight=5.0271140111144623 0.37922496465034816 0.28541570575907549 1.3385999364545562 3.0650506112724543 30.691651615779847 32.790989523055032 0.93574246671050776 2.8708905284292996 2.279604817216752 0.14102696010377336 0.20040011673700064 12.434199648094362 0.33079693187028159 1.4014989051502196
leaf_count=2687 156 109 968 13 7973 2059 33 540 3098 207 148 10703 172 650
internal_value=2.47358e-09 -0.0204828 0.00611685 0.0113406 0.00845891 0.0117673 -0.0267634 0.0324129 -0.0357042 -0.0414241 0.0087163 -0.04277 -0.0468465 -0.0489086
internal_weight=94.1722 21.6558 72.5164 8.59477 69.4455 63.4826 5.96286 5.93594 2.65883 13.061 0.341427 12.7196 3.0709 1.7323
internal_count=29516 14974 14542 3807 12752 10032 2720 553 3254 11167 355 10812 1790 822
is_linear=0
shrinkage=0.04


Tree=39
num_leaves=14
num_cat=0
split_feature=10 7 3 2 34 5 12 34 19 17 15 4 7
split_gain=6.92817 11.604 7.8566 7.78524 6.39887 3.96631 3.17819 2.74611 0.461037 0.184393 0.33161 0.187781 0.124051
threshold=0.089766163378953948 -0.3304848968982696 -0.038087354972958558 0.080824702978134169 0.93583862620559877 -0.15122063457965848 0.079505693167448058 0.80040650406504077 0.1114066193853428 -0.033596675843000405 43.935363769531257 0.38301227986812597 -0.30576945841312403
decision_type=2 2 2 2 2 2 2 2 2 2 2 2 2
left_child=1 6 9 7 -5 -3 8 -4 -1 10 -2 -11 -7
right_child=2 5 3 4 -6 12 -8 -9 -10 11 -12 -13 -14
leaf_value=-0.0014569837319603929 -0.052872326224683158 0.029416559890810406 0.032197670967863544 -0.015252044481779232 0.020435504193883684 -0.028636394247067491 0.026066052882080318 -0.009969342092513515 -0.045636854379425523 -0.044775230098114467 0.04208528316458137 -0.019284719303278203 -0.04291037482337498
leaf_weight=0.54140155401546763 0.11876130220480252 1.3477640720084334 23.24605583091034 20.692758270772174 13.145600871474015 1.040919228864374 8.9183981717796978 2.7650418022531076 1.251627485908102 4.3593705486273384 0.11662647977937013 0.51726263004820783 15.189611427485938
leaf_count=115 261 51 1539 6572 1107 420 242 571 549 3758 48 219 14064
internal_value=8.86867e-10 -0.0165217 0.00719496 0.0112605 -0.00138807 -0.0365197 0.0162965 0.0277152 -0.0322968 -0.0404024 -0.00582413 -0.0420715 -0.0419949
internal_weight=93.2512 28.2897 64.9615 59.8495 33.8384 17.5783 10.7114 26.0111 1.79303 5.11202 0.235388 4.87663 16.2305
internal_count=29516 15441 14075 9789 7679 14535 906 2110 664 4286 309 3977 14484
is_linear=0
shrinkage=0.04


Tree=40
num_leaves=14
num_cat=0
split_feature=7 32 37 33 16 38 5 27 22 13 2 4 29
split_gain=6.60963 10.5444 7.92242 6.96049 5.90696 5.79456 3.5325 3.34409 2.63918 1.05416 1.80563 0.786631 0.10923
threshold=0.3271839320659638 0.44216281553943898 1.0000000180025095e-35 0.84489441325848713 0.58236434108527146 0.94771018455228984 0.073812659829854979 0.88838919997215282 0.21215301007032397 1.0833371281623843 -0.19191695004701612 0.25366942584514623 0.020263341255486015
decision_type=2 2 2 2 2 2 2 2 2 2 2 2 2
left_child=1 2 4 -4 -1 11 9 12 -7 10 -2 -3 -8
right_child=6 5 3 -5 -6 8 7 -9 -10 -11 -12 -13 -14
leaf_value=0.021880320707707145 0.044106264186719597 -0.041434149886016861 -0.026223164924138176 0.037796742252648736 -0.052126665162883515 -0.046490865454948294 -0.066865038021066789 0.038877207208353928 0.019769822241125969 0.039564474624162169 -0.0065605476321804607 -0.021018056750023988 -0.045273347233278839
leaf_weight=30.119521204615015 2.0234899085480711 14.99148097907892 15.571124936803246 3.2916636915761037 1.8304639699636016 1.1877624908229325 0.55038301658350897 1.0314255494158715 5.0552321145078167 8.9354153278982249 2.5355824573198369 3.7811762337223618 1.17560817906633
leaf_count=3042 7 13143 8908 203 776 862 106 26 500 117 293 1170 363
internal_value=1.14759e-09 -0.00496137 0.0055045 -0.0150513 0.0176403 -0.02622 0.0231488 -0.0181061 0.00716338 0.0315787 0.0159273 -0.037322 -0.0521585
internal_weight=92.0803 75.8284 50.8128 18.8628 31.95 25.0157 16.2519 2.75742 6.24299 13.4945 4.55907 18.7727 1.72599
internal_count=29516 28604 12929 9111 3818 15675 912 495 1362 417 300 14313 469
is_linear=0
shrinkage=0.04


Tree=41
num_leaves=12
num_cat=0
split_feature=30 10 7 3 2 34 5 31 3 10 1
split_gain=6.32495 5.75625 11.6165 5.92025 6.2225 2.15368 1.72627 1.68412 1.32504 0.834361 0.0737205
threshold=2.5000000000000004 0.087789397686719908 -0.3304848968982696 -0.038087354972958558 0.13101734220981601 0.37101846216271056 -0.15122063457965848 0.99797570850202433 -0.29406504333019251 0.088804651051759734 0.098177537322044386
decision_type=2 2 2 2 2 2 2 2 2 2 2
left_child=7 2 5 9 -5 -2 -4 8 -1 -3 -10
right_child=1 3 6 4 -6 -7 -8 -9 10 -11 -12
leaf_value=0.02063099241904939 0.031133702741069361 0.031040800588268587 0.022542063011462121 0.024669993457531163 -0.0031308112217177998 -0.010382465548536373 -0.041384062967501543 0.019565832561033527 -0.043064244711818786 -0.039484935733018138 -0.033271285243629635
leaf_weight=0.59769699414027755 7.0994744526687992 0.28751793981064011 0.71461466187611122 33.080152411770541 21.096853772120085 2.7829349829698913 12.470564230752645 0.94377347768750119 6.3099897285574089 4.0359676072839648 1.5277084535337051
leaf_count=121 289 28 38 3334 3870 357 11439 70 5546 3174 1250
internal_value=2.71546e-09 0.00357698 -0.0133449 0.0102495 0.0138442 0.0194425 -0.0379194 -0.031108 -0.0367775 -0.0347949 -0.0411554
internal_weight=90.9472 81.5681 23.0676 58.5005 54.177 9.88241 13.1852 9.37917 8.4354 4.32349 7.8377
internal_count=29516 22529 12123 10406 7204 646 11477 6987 6917 3202 6796
is_linear=0
shrinkage=0.04


Tree=42
num_leaves=13
num_cat=0
split_feature=7 32 21 21 14 12 27 6 10 19 0 13
split_gain=6.04508 9.6389 6.31105 6.81572 5.42759 6.54828 4.90073 4.2776 3.23882 2.51094 1.0395 0.469008
threshold=0.3271839320659638 0.25536520217371289 0.93039405684754539 0.93683510638297884 0.078759737312793746 0.18498554825782779 0.48700244724750524 -0.081341613084077821 0.25669518113136297 0.97530487804878063 -0.051140708848834031 1.1416065096855166
decision_type=2 2 2 2 2 2 2 2 2 2 2 2
left_child=1 4 7 -4 6 -6 -1 -3 11 10 -10 -2
right_child=8 2 3 -5 5 -7 -8 -9 9 -11 -12 -13
leaf_value=0.0085431200979554384 0.025628836444516728 0.0011553241378575 0.043757340396826674 -0.019283722359161658 -0.040800213935376944 0.032220203813918581 -0.037448253986560202 -0.038246779717232428 0.0030810723677138557 0.027198911483527322 -0.054344383480145524 0.041659267361990472
leaf_weight=10.977742762130221 6.2345026471884903 5.6093219014583147 4.5550500310491753 6.9015746329096146 2.2126145425718304 17.55715247412445 5.5971298730000845 20.591107551357712 0.74519550765398812 1.8059927214635534 1.5605262483004481 5.4930940729100257
leaf_count=2220 298 2348 146 3099 745 717 3742 15587 83 93 381 57
internal_value=-3.36103e-09 -0.00480033 -0.0189827 0.00578083 0.00989421 0.0240478 -0.0069876 -0.0298111 0.0224273 -0.00812041 -0.0357848 0.0331373
internal_weight=89.841 74.0017 37.6571 11.4566 36.3446 19.7698 16.5749 26.2004 15.8393 4.11171 2.30572 11.7276
internal_count=29516 28604 21180 3245 7424 1462 5962 17935 912 557 464 355
is_linear=0
shrinkage=0.04


Tree=43
num_leaves=12
num_cat=0
split_feature=30 10 7 3 2 34 3 22 3 10 16
split_gain=5.77228 5.32184 10.3787 5.33942 5.75743 2.27597 1.65222 1.5089 1.29672 0.77101 0.0813846
threshold=2.5000000000000004 0.087789397686719908 -0.3304848968982696 -0.038087354972958558 0.080824702978134169 0.37101846216271056 -0.29406504333019251 0.51158550381660473 -0.29406504333019251 0.088804651051759734 0.80566483084185692
decision_type=2 2 2 2 2 2 2 2 2 2 2
left_child=7 2 5 9 -5 -2 -4 8 -1 -3 -10
right_child=1 3 6 4 -6 -7 -8 -9 10 -11 -12
leaf_value=0.019904548015696105 0.02983889723329199 0.030228583219720613 0.021142927527047228 0.027692839929872783 0.0013019849944690242 -0.014368109752419351 -0.040666123527431014 0.017722524273740489 -0.0417487125718458 -0.038589479824573933 -0.026516776632162002
leaf_weight=0.61546719365287472 7.0536784827127104 0.27935430908109893 0.73479672218672831 24.155438432935625 29.233081733982544 2.5323839952470735 11.870713358861396 0.93690902949310917 6.855153052543753 3.8554023609613068 0.61129208264173929
leaf_count=119 289 28 62 1630 5574 357 11415 79 6242 3174 547
internal_value=2.14776e-09 0.00343159 -0.0132082 0.00985097 0.0132424 0.0181606 -0.0370632 -0.0303308 -0.0359015 -0.03394 -0.0405016
internal_weight=88.7337 79.7148 22.1916 57.5233 53.3885 9.58606 12.6055 9.01882 8.08191 4.13476 7.46645
internal_count=29516 22529 12123 10406 7204 646 11477 6987 6908 3202 6789
is_linear=0
shrinkage=0.04


Tree=44
num_leaves=15
num_cat=0
split_feature=37 26 36 33 21 1 11 17 9 32 21 33 17 7
split_gain=5.55637 7.70548 4.86743 4.47732 3.92573 4.43059 1.22873 0.758286 0.916225 0.742581 0.524663 0.0684974 0.00866319 0.00424866
threshold=1.5000000000000002 -0.16638523340225217 0.90537759982204435 0.84489441325848713 0.070598006644518277 -0.040236961096525185 0.44375686347484594 0.050944641232490546 10.500000000000002 0.30846092662557173 0.048695799457994592 0.020718271569609387 -0.019598259590566155 -0.20614827424287793
decision_type=2 2 2 2 2 2 2 2 2 2 2 2 2 2
left_child=2 3 4 10 6 -6 -1 11 -9 -5 -2 -3 -4 -14
right_child=1 7 12 9 5 -7 -8 8 -10 -11 -12 -13 13 -15
leaf_value=0.013473732337891609 0.011102838112643816 -0.021492733000221437 -0.051264709487770607 0.044641657542256352 -0.018903858482690512 0.0091928496203897668 0.042744979683507892 0.089504090745652437 -0.042972697728141898 0.015486377975119812 -0.041920598953360803 -0.042271057177282273 -0.04717721639537855 -0.043708164438850394
leaf_weight=3.7864765089470875 0.34881656127982053 0.25994834484299367 0.41085088229738209 2.9435644161421806 11.245515445712952 44.571718183695339 5.8234095820225775 0.15755592263303775 0.17778434109641239 2.6616153065115213 2.0733224566210993 10.816344591788946 0.89358606195310186 1.5355683111120002
leaf_count=505 121 109 294 13 2596 9609 42 230 125 540 3133 10703 383 1113
internal_value=6.22308e-10 -0.0188673 0.00537244 0.0111597 0.00759772 0.0035322 0.0312116 -0.0399893 0.0192701 0.0307973 -0.0342846 -0.0417834 -0.0458928 -0.0449843
internal_weight=87.7061 19.439 68.2671 8.02732 65.4271 55.8172 9.60989 11.4116 0.33534 5.60518 2.42214 11.0763 2.84001 2.42915
internal_count=29516 14974 14542 3807 12752 12205 547 11167 355 553 3254 10812 1790 1496
is_linear=0
shrinkage=0.04


Tree=45
num_leaves=14
num_cat=0
split_feature=30 10 7 3 2 34 5 16 34 17 19 31 12
split_gain=5.34093 4.79745 9.60087 4.76583 5.40725 2.11324 1.54762 1.40092 0.820464 0.745172 0.40673 0.12416 0.0469517
threshold=2.5000000000000004 0.087789397686719908 -0.3304848968982696 -0.038087354972958558 0.13101734220981601 0.37101846216271056 -0.15122063457965848 0.12097560975609757 0.75635638870932997 -0.032389871776103966 0.028174603174603175 0.99317398192153583 0.057183731347322471
decision_type=2 2 2 2 2 2 2 2 2 2 2 2 2
left_child=7 2 5 9 -5 -2 -4 8 12 -3 -9 -12 -1
right_child=1 3 6 4 -6 -7 -8 10 -10 -11 11 -13 -14
leaf_value=-0.013933200705524187 0.028704485754991231 0.018733054054760015 0.020891360961552936 0.022846581391447355 -0.0033556553090674833 -0.014126109392423829 -0.040152581128570911 0.0068964598132111874 0.022333042555379091 -0.03867455807891898 -0.038850171630266481 -0.066420267273837555 -0.042891473710600682
leaf_weight=0.11228469444904288 6.9417298838379775 0.40253357007168267 0.70602295699063589 32.076658751524519 20.755134559702128 2.509446595562622 11.300972445518711 0.30994476919295255 1.1306531002628615 3.5728209432563736 6.3337683727149852 0.27259967755526293 0.44308688887394965
leaf_count=108 289 206 38 3334 3870 357 11439 66 234 2996 5903 86 590
internal_value=1.67234e-09 0.00328824 -0.0128251 0.00937485 0.012553 0.0173322 -0.0365631 -0.0299168 0.00277682 -0.0328616 -0.0378867 -0.0399878 -0.0370367
internal_weight=86.8677 78.2653 21.4582 56.8071 52.8318 9.45118 12.007 8.60234 1.68602 3.97535 6.91631 6.60637 0.555372
internal_count=29516 22529 12123 10406 7204 646 11477 6987 932 3202 6055 5989 698
is_linear=0
shrinkage=0.04


Tree=46
num_leaves=13
num_cat=0
split_feature=7 32 37 33 16 38 6 9 13 13 18 8
split_gain=4.97616 8.2631 6.30819 6.01881 4.89285 4.76301 2.874 3.45391 2.39034 1.28575 2.19518 0.892924
threshold=0.3271839320659638 0.44216281553943898 1.0000000180025095e-35 0.84489441325848713 0.58236434108527146 0.94771018455228984 0.44752454757690435 12.500000000000002 1.2023105025291445 1.0833371281623843 0.14401534944772723 -0.048726875334978097
decision_type=2 2 2 2 2 2 2 2 2 2 2 2
left_child=1 2 4 -4 -1 11 9 -8 -7 10 -2 -3
right_child=6 5 3 -5 -6 8 7 -9 -10 -11 -12 -13
leaf_value=0.019984426564344838 -0.017176908024578403 -0.036949918280328557 -0.02515181594387482 0.036292799646885802 -0.050655989376258266 -0.036286864288109365 0.032957494763436068 -0.060335748907173629 0.021275176448075729 0.038231874429014316 0.03890424351712328 0.0045324713336938613
leaf_weight=28.596974554064222 2.1842367525678119 16.238065917394128 14.240730793739205 3.1072798836976281 1.6598880813107815 1.553663660713936 1.1671625132439651 1.3924031317001206 4.4901443854905665 8.0833395760273543 2.2850493642035872 0.87498438934562983
leaf_count=3042 338 13819 8908 203 776 721 71 267 641 167 69 494
internal_value=1.74037e-09 -0.0044498 0.00508357 -0.0141462 0.0161091 -0.0240481 0.0208359 -0.017794 0.00647787 0.0287128 0.0114962 -0.0348289
internal_weight=85.8739 70.7617 47.6049 17.348 30.2569 23.1569 15.1122 2.55957 6.04381 12.5526 4.46929 17.1131
internal_count=29516 28604 12929 9111 3818 15675 912 338 1362 574 407 14313
is_linear=0
shrinkage=0.04


Tree=47
num_leaves=13
num_cat=0
split_feature=30 10 8 5 7 15 16 0 12 14 19 3
split_gain=4.80288 4.17334 8.83377 4.63474 6.05077 3.2723 1.28 0.743125 1.10891 0.410576 0.35942 0.133775
threshold=2.5000000000000004 0.087789397686719908 -0.4718168824911117 -0.061066845431923859 -0.23827819526195523 39.311017990112312 0.12097560975609757 0.050046924501657493 0.013900396414101126 0.063678104430437102 0.028174603174603175 -0.29406504333019251
decision_type=2 2 2 2 2 2 2 2 2 2 2 2
left_child=6 2 5 -3 -5 -2 7 8 -1 -4 -8 -12
right_child=1 3 9 4 -6 -7 10 -9 -10 -11 11 -13
leaf_value=0.041047591667368162 0.025429863122656542 0.035372710296175384 -0.04150232063136633 -0.028250638767201634 0.010264190494281381 -0.028420345141557068 0.0052746555422406574 0.044894316887283264 -0.041773725950462297 -0.017257010072214848 -0.010969036516453848 -0.04021814205746306
leaf_weight=0.38536908460082286 8.2201100994716381 8.8557214977918175 9.0209327986813168 7.8384197521372689 38.991315396444406 2.3136981465504496 0.30774313461733971 0.47214587382040907 0.78669733967399225 1.2755415405845258 0.26105201110476528 6.0125785039272168
leaf_count=60 592 163 10641 2251 7992 438 66 7 865 452 87 5902
internal_value=1.94632e-09 0.00312228 -0.0121516 0.00883579 0.00381753 0.0136019 -0.0290439 0.00252514 -0.0145425 -0.0384988 -0.0369307 -0.0390011
internal_weight=84.7413 76.5157 20.8303 55.6855 46.8297 10.5338 8.22559 1.64421 1.17207 10.2965 6.58137 6.27363
internal_count=29516 22529 12123 10406 10243 1030 6987 932 925 11093 6055 5989
is_linear=0
shrinkage=0.04


Tree=48
num_leaves=14
num_cat=0
split_feature=37 26 36 33 4 7 17 17 32 0 33 17 27
split_gain=4.50672 6.87048 4.32317 3.85638 3.66099 5.06645 0.954578 1.31054 0.7746 0.509286 0.0870995 0.00733871 0.00273195
threshold=1.5000000000000002 -0.16638523340225217 0.90537759982204435 0.84489441325848713 1.0135126113891604 0.3271839320659638 0.050944641232490546 0.052537113428115852 0.30846092662557173 -0.073048863559961305 0.020718271569609387 -0.019598259590566155 0.8614063858985902
decision_type=2 2 2 2 2 2 2 2 2 2 2 2 2
left_child=2 3 4 9 5 -1 10 -8 -5 -2 -3 -4 -13
right_child=1 6 11 8 -6 -7 7 -9 -10 -11 -12 12 -14
leaf_value=0.0025934677502447209 0.010627500251226128 -0.017657349281382819 -0.050195868772176938 0.043923415677001303 -0.066366454423133034 0.031416449423696376 0.11446774958205704 -0.042774084080434475 0.013639087498440228 -0.041239836251910529 -0.041773824166642923 -0.042743578449143518 -0.045530445498436108
leaf_weight=50.008146516804118 0.36053712037391994 0.24562752945348343 0.38991627504583481 2.8007341702468693 1.0711536009330291 12.123142709722741 0.15173430554568845 0.19227424275595695 2.6112253910396248 1.8945848170551496 9.7833832545729802 1.0376501833670766 1.2298762529389931
leaf_count=12234 156 109 294 13 139 379 10 345 540 3098 10703 846 650
internal_value=-3.37399e-09 -0.0177133 0.00485197 0.0109992 0.0069534 0.00821745 -0.0389358 0.0265817 0.0293115 -0.0329476 -0.0411832 -0.0451268 -0.0442551
internal_weight=83.9 18.0401 65.8599 7.66708 63.2024 62.1313 10.373 0.344009 5.41196 2.25512 10.029 2.65744 2.26753
internal_count=29516 14974 14542 3807 12752 12613 11167 355 553 3254 10812 1790 1496
is_linear=0
shrinkage=0.04


Tree=49
num_leaves=14
num_cat=0
split_feature=30 21 10 36 32 11 0 16 0 12 9 37 16
split_gain=4.42127 3.92661 4.0749 6.49036 5.83345 1.65638 3.12407 1.16761 0.680536 1.01232 0.337394 0.330168 0.0880021
threshold=2.5000000000000004 0.070598006644518277 0.1953934580087662 0.66927083333333337 0.21748226305257415 0.44375686347484594 -0.045888731256127351 0.12097560975609757 0.050046924501657493 0.013900396414101126 27.500000000000004 1.0000000180025095e-35 0.88165266106442586
decision_type=2 2 2 2 2 2 2 2 2 2 2 2 2
left_child=7 5 3 -3 -4 6 -2 8 9 -1 12 -12 -9
right_child=1 2 4 -5 -6 -7 -8 10 -10 -11 11 -13 -14
leaf_value=0.040010609935092034 0.029336560196298333 0.00019835434826688233 0.031390012030138324 -0.039537764050378982 -0.0038229611524739577 0.04160979784084777 -0.049797173506787432 -0.041849387715522782 0.044521489967740767 -0.040974653745181444 0.0056828530488130732 -0.037031339635855205 -0.017006184862778485
leaf_weight=0.36897058016620465 2.9174406033707783 25.682079073914792 12.329754296224566 8.8408792027621512 19.325598973024171 5.397710521647241 1.0988567010499517 4.8827690748148598 0.44052143685985345 0.746835026278859 0.5498389864224007 0.61161151842679828 0.23931999492924649
leaf_count=60 214 9432 722 7178 4137 49 797 5234 7 865 80 459 282
internal_value=2.17617e-09 0.00296539 -0.00047303 -0.00997755 0.00989249 0.0271367 0.00768561 -0.0285924 0.00242501 -0.0141947 -0.0362749 -0.0168101 -0.0406886
internal_weight=83.4322 75.5923 66.1783 34.523 31.6554 9.41401 4.0163 7.83987 1.55633 1.11581 6.28354 1.16145 5.12209
internal_count=29516 22529 21469 16610 4859 1060 1011 6987 932 925 6055 539 5516
is_linear=0
shrinkage=0.04


Tree=50
num_leaves=14
num_cat=0
split_feature=21 10 36 27 32 33 38 31 3 1 7 1 28
split_gain=4.29846 4.52098 6.26062 5.95229 5.67909 5.93823 3.2596 2.59349 1.92293 1.1944 1.75574 0.479261 0.0106469
threshold=0.070598006644518277 0.1953934580087662 0.66554809843400464 0.66550385951995861 0.21748226305257415 0.95517604286261015 0.56787469287469305 0.020718271569609387 0.5019168257713319 -0.075045119971036897 -0.53718146681785572 -0.17349301278591153 0.41981890797615057
decision_type=2 2 2 2 2 2 2 2 2 2 2 2 2
left_child=7 2 3 -2 6 -6 -3 11 -4 -9 -11 -1 -13
right_child=1 4 8 -5 5 -7 -8 9 -10 10 -12 12 -14
leaf_value=-0.00018146860767070621 -0.012218746461941382 0.038022276910172827 -0.045966412946594926 0.034099436116146409 -0.025075643541740748 0.016733839149671061 -0.016104285685294876 0.038679098099241735 0.013670992023161832 0.042738241568162805 -0.040898722010969543 -0.058261400146348646 -0.048282292293549668
leaf_weight=0.44472094986122102 23.033725665562091 10.329068577557335 8.9483673289359977 5.4989426095271474 11.402502160373844 10.386289181653408 2.1508761511649928 7.2913897355902 0.95763828151393759 0.79666983708739147 0.80979734030552231 0.35835192096419521 0.32731169956969097
leaf_count=61 11513 390 9478 380 4932 770 604 217 108 5 741 168 149
internal_value=-3.33536e-09 -0.00338605 -0.0128039 -0.0032921 0.00717779 -0.00514588 0.0286937 0.0245498 -0.0402011 0.0318001 0.000578033 -0.0325218 -0.0534977
internal_weight=82.7357 72.7074 38.4387 28.5327 34.2687 21.7888 12.4799 10.0282 9.90601 8.89786 1.60647 1.13038 0.685664
internal_count=29516 28175 21479 11893 6696 5702 994 1341 9586 963 746 378 317
is_linear=0
shrinkage=0.04


Tree=51
num_leaves=15
num_cat=0
split_feature=21 10 36 13 32 15 38 31 3 20 7 25 15 18
split_gain=4.07781 4.18073 5.83388 5.87468 5.44989 5.46253 2.83518 2.28343 1.99615 1.11408 1.69333 0.442097 0.146946 0.010011
threshold=0.070598006644518277 0.1953934580087662 0.66554809843400464 1.2132996916770937 0.21748226305257415 63.687540054321296 0.56787469287469305 0.020718271569609387 0.5019168257713319 0.11733416770963706 -0.53718146681785572 -0.0020873546600341793 64.417732238769545 0.01260764477774501
decision_type=2 2 2 2 2 2 2 2 2 2 2 2 2 2
left_child=7 2 3 -2 6 -6 -3 11 -4 12 -11 -1 -9 -13
right_child=1 4 8 -5 5 -7 -8 9 -10 10 -12 13 -14 -15
leaf_value=0.00050707641166227845 -0.015873289256840041 0.036940050450592538 -0.045509544035894321 0.023150441927098898 -0.040380438093513431 0.0063009504847112915 -0.013929271866964157 0.03243675375978395 0.01568536676332534 0.042344285791310846 -0.041445022390667462 -0.05682402570588644 0.043951215826101515 -0.046841378535009727
leaf_weight=0.43999606219585985 19.167838239227425 10.169325170165392 8.6148434383503592 9.1038579432934039 5.320876550627875 16.289198320184369 2.1181685383780851 3.8305280664353614 0.94658143731067035 0.76886357530020044 0.77479522416251823 0.30000854626996332 3.3019951716414653 0.34623397860559635
leaf_count=49 9575 390 9478 2318 3213 2489 604 354 108 5 596 142 8 187
internal_value=3.97688e-10 -0.00330095 -0.0124417 -0.00330713 0.00690105 -0.00519304 0.028171 0.0242542 -0.0394512 0.0310992 0.000288648 -0.0304193 0.0377674 -0.0514757
internal_weight=81.4931 71.7307 37.8331 28.2717 33.8976 21.6101 12.2875 9.76242 9.56142 8.67618 1.54366 1.08624 7.13252 0.646243
internal_count=29516 28175 21479 11893 6696 5702 994 1341 9586 963 601 378 362 329
is_linear=0
shrinkage=0.04


Tree=52
num_leaves=14
num_cat=0
split_feature=37 26 36 33 4 7 17 17 32 21 7 17 20
split_gain=3.93134 6.16879 3.79117 3.39642 3.34335 4.24117 0.988346 1.20063 0.806503 0.403211 0.12888 0.00467145 0.00274553
threshold=1.5000000000000002 -0.16638523340225217 0.90537759982204435 0.84489441325848713 1.0135126113891604 0.3271839320659638 0.050944641232490546 0.052537113428115852 0.30846092662557173 0.048695799457994592 -0.53718146681785572 -0.019598259590566155 0.18225524475524477
decision_type=2 2 2 2 2 2 2 2 2 2 2 2 2
left_child=2 3 4 9 5 -1 10 -8 -5 -2 -3 -4 -13
right_child=1 6 11 8 -6 -7 7 -9 -10 -11 -12 12 -14
leaf_value=0.002573993490393809 0.0084996813739225494 -0.0010058660094004401 -0.048492004907969614 0.043454884336044546 -0.065511401031210503 0.029628072045488101 0.10690798885609626 -0.0424776190020561 0.011915997505635732 -0.040081702026176738 -0.041171261474391443 -0.039309731340942747 -0.04402360232352083
leaf_weight=48.741142319631763 0.32372794765979351 0.12963038653833869 0.3543946145800877 2.6426096195355058 1.0142950559966255 11.449064204120075 0.16361326188780445 0.18165663752006367 2.5482189275790006 1.7563611963996661 9.1581892633403132 0.2210093362955371 1.8738862240861633
leaf_count=12234 121 36 294 13 139 379 10 345 540 3133 10776 158 1338
internal_value=-2.63329e-10 -0.0171472 0.00455365 0.0106661 0.00650647 0.00772008 -0.0381403 0.0283118 0.0279722 -0.0325209 -0.0406107 -0.0442448 -0.0435263
internal_weight=80.5578 16.904 63.6538 7.27092 61.2045 60.1902 9.63309 0.34527 5.19083 2.08009 9.28782 2.44929 2.0949
internal_count=29516 14974 14542 3807 12752 12613 11167 355 553 3254 10812 1790 1496
is_linear=0
shrinkage=0.04


Tree=53
num_leaves=15
num_cat=0
split_feature=30 30 37 26 12 16 17 9 1 31 16 15 32 34
split_gain=3.77861 3.38062 3.37906 5.80218 2.85247 1.09424 0.616507 0.330991 0.320621 0.292838 0.106864 0.0538067 0.0179973 0.00877173
threshold=2.5000000000000004 6.5000000000000009 1.5000000000000002 -0.16638523340225217 0.079505693167448058 0.12097560975609757 -0.035825867205858224 27.500000000000004 0.012972377240657808 0.99797570850202433 0.88165266106442586 30.026445388793949 0.98264633916807842 0.74472536277040868
decision_type=2 2 2 2 2 2 2 2 2 2 2 2 2 2
left_child=5 2 4 -4 -2 6 13 10 -9 -8 -7 -3 -13 -1
right_child=1 11 3 -5 -6 7 9 8 -10 -11 -12 12 -14 -15
leaf_value=-0.037421772689776249 -0.033218814544937608 -0.021052772336231752 0.013811664056715293 -0.037980781053642339 0.010660004991704577 -0.041041917089710694 0.0024525179909367103 -0.049112012515843129 -0.0016581721384979176 0.044842885004099657 -0.012840234330839747 -0.043531845001398554 -0.055809841648134205 -0.050253809022715923
leaf_weight=0.17177155797253352 2.4794464351725756 0.16575195195036885 6.6103790708584675 7.2636296651035099 53.923437597346492 4.5273897374863736 0.73307419905904569 0.32079942166455999 0.78588523773942143 0.4046818905044347 0.22569925349671383 2.1114908818562985 0.21001648600213219 0.16918498242739588
leaf_count=258 1522 109 2704 7980 8092 5234 562 219 320 7 282 2055 67 105
internal_value=2.95171e-11 0.00275897 0.00438098 -0.0133039 0.00873111 -0.0273564 0.00339133 -0.0351155 -0.0154138 0.0175301 -0.0397028 -0.0430705 -0.0446426 -0.0437891
internal_weight=80.1026 72.7642 70.2769 13.874 56.4029 7.33849 1.47871 5.85977 1.10668 1.13776 4.75309 2.48726 2.32151 0.340957
internal_count=29516 22529 20298 10684 9614 6987 932 6055 539 569 5516 2231 2122 363
is_linear=0
shrinkage=0.04


Tree=54
num_leaves=15
num_cat=0
split_feature=21 10 1 32 33 37 38 31 20 7 36 1 16 28
split_gain=3.64807 3.63975 5.62913 5.13543 5.05734 4.59705 2.58439 2.14895 1.00868 1.59294 0.724348 0.417798 0.171125 0.0058407
threshold=0.070598006644518277 0.1953934580087662 -0.038457840681076043 0.21748226305257415 0.95517604286261015 1.5000000000000002 0.56787469287469305 0.020718271569609387 0.11733416770963706 -0.53718146681785572 0.4425327353335396 -0.17349301278591153 0.067424242424242428 0.41981890797615057
decision_type=2 2 2 2 2 2 2 2 2 2 2 2 2 2
left_child=7 2 10 6 -5 -4 -3 11 12 -10 -2 -1 -9 -13
right_child=1 3 5 4 -6 -7 -8 8 9 -11 -12 13 -14 -15
leaf_value=-0.00072478651190901729 -0.020647466537248686 0.036112827388215946 0.0042043323976270267 -0.024009031777060836 0.015195103514092607 -0.036283882605514586 -0.012912728777535945 0.04409608592417396 0.042027306807476093 -0.041090079955519714 -0.048333448809760267 -0.05559277299039482 0.031291135017545865 -0.047762831721443688
leaf_weight=0.44317184307146817 2.0201788519334496 9.8273660563863796 23.487001390720256 11.043236492958387 10.061477187322451 5.5464178762049405 2.0855118422769001 2.9774603378609736 0.73702483065426216 0.73866847265162616 6.0104545906651765 0.3111760212923389 3.8022852117137518 0.29879176735994406
leaf_count=61 904 390 7584 4932 770 9698 604 19 5 596 3293 168 343 149
internal_value=1.65524e-10 -0.00312498 -0.0117288 0.00653325 -0.00531882 -0.00353036 0.0275302 0.0235271 0.0303915 0.000422325 -0.0413688 -0.0302823 0.0369147 -0.0517573
internal_weight=79.3902 70.0816 37.0641 33.0176 21.1047 29.0334 11.9129 9.30858 8.25544 1.47569 8.03063 1.05314 6.77975 0.609968
internal_count=29516 28175 21479 6696 5702 17282 994 1341 963 601 4197 378 362 317
is_linear=0
shrinkage=0.04


Tree=55
num_leaves=11
num_cat=0
split_feature=30 21 15 32 3 33 15 3 17 8
split_gain=3.46434 3.18907 3.31604 9.02383 2.55629 2.13784 0.989568 1.03174 0.447959 0.178925
threshold=2.5000000000000004 0.97894503546099298 63.687540054321296 0.44216281553943898 0.20102632790803912 0.016043239533287578 76.951423645019545 -0.29406504333019251 -0.011648046318441628 -0.70099362730979908
decision_type=2 2 2 2 2 2 2 2 2 2
left_child=6 2 3 -2 -4 -3 7 -1 -7 -9
right_child=1 5 4 -5 -6 8 -8 9 -10 -11
leaf_value=0.019177255983359603 0.0079940281262586895 0.037294181801819155 -0.037941941104128858 -0.035977900921319458 0.020740744287014997 -0.020458848135200502 0.012760404644797892 0.0085357449397914769 -0.048609813456673444 -0.03892969909488047
leaf_weight=0.55944503669161338 34.78871156743844 0.67344578180927683 1.2584349567187043 9.5081049572036118 21.133408994792262 1.3337629756424574 0.88060782285174344 0.1301192715181968 2.8096298910095356 5.4180819064786183
leaf_count=122 8337 18 1366 8086 2106 729 273 43 1887 6549
internal_value=1.49479e-09 0.00262705 0.00489732 -0.00144434 0.0174427 -0.0288046 -0.0268805 -0.032596 -0.039548 -0.0378165
internal_weight=78.4938 71.5055 66.6887 44.2968 22.3918 4.81684 6.98825 6.10765 4.14339 5.5482
internal_count=29516 22529 19895 16423 3472 2634 6987 6714 2616 6592
is_linear=0
shrinkage=0.04


Tree=56
num_leaves=13
num_cat=0
split_feature=21 6 32 13 13 30 31 15 38 28 8 37
split_gain=3.44302 3.88525 4.76462 8.51819 3.22685 1.99902 0.917354 1.59906 0.652611 0.56116 0.170663 0.0313051
threshold=0.070598006644518277 -0.12367211282253264 0.29175608011444926 1.1305314898490908 0.81941077113151561 4.5000000000000009 0.058544022077806471 66.797592163085952 0.045804195804195813 0.1600700914859772 -0.70099362730979908 1.0000000180025095e-35
decision_type=2 2 2 2 2 2 2 2 2 2 2 2
left_child=5 8 4 -4 -3 6 7 -1 -2 -7 -10 -11
right_child=1 2 3 -5 -6 9 -8 -9 10 11 -12 -13
leaf_value=-0.019388801001471806 -0.0026409402778319077 0.025413162325857969 -0.029275874137408366 0.0084109567295631744 -0.0030789034256844495 0.010827524287557851 0.039894411369361074 0.041478704447529269 -0.015425222326573576 -0.059713868486446726 -0.047437766220573656 -0.042397646584160918
leaf_weight=1.3657694007561061 0.68229034059913729 14.362837725406282 18.217445113958092 20.27648768547806 11.414140704291638 0.36419166263658531 5.2170729209610727 1.3968944923253728 0.28780588298104737 0.32766542176250368 3.5911519540823065 0.34076364641077816
leaf_count=538 107 2226 12698 7033 3402 92 238 10 109 72 2600 391
internal_value=-1.55753e-09 -0.00304396 -0.000512283 -0.00942452 0.0127968 0.0232483 0.0300252 0.0113878 -0.0387169 -0.0291205 -0.0450625 -0.0508861
internal_weight=77.8445 68.8322 64.2709 38.4939 25.777 9.01236 7.97974 2.76266 4.56125 1.03262 3.87896 0.668429
internal_count=29516 28175 25359 19731 5628 1341 786 548 2816 555 2709 463
is_linear=0
shrinkage=0.04


Tree=57
num_leaves=10
num_cat=0
split_feature=1 6 36 33 37 4 34 11 19
split_gain=3.24152 4.48916 4.16405 7.51025 4.03355 0.656464 0.634553 0.483187 0.221971
threshold=-0.15623670071363446 -0.12367211282253264 0.70904868078781136 0.84489441325848713 1.5000000000000002 0.25366942584514623 0.67196988866396767 0.49540439248085028 0.047065337763012187
decision_type=2 2 2 2 2 2 2 2 2
left_child=6 5 4 -4 -3 8 -1 -8 -2
right_child=1 2 3 -5 -6 -7 7 -9 -10
leaf_value=0.040595504592359229 -0.013927151188083572 0.01169656289349681 -0.034590315744692832 0.012355010146236793 -0.02772399270076728 0.022958310870541964 0.0016040179170404821 0.030614071684080774 -0.045069761291370136
leaf_weight=2.9444547640159717 0.39993960241554205 38.753918845555745 12.344130375451643 9.7661625295877439 4.6514635899511623 0.25899017648771394 1.8934972532442773 1.7842449740273876 4.3393172289070208
leaf_count=44 143 6588 10435 2159 6780 14 237 67 3049
internal_value=-3.06658e-10 -0.00251286 0.000274807 -0.0138545 0.00747213 -0.0390529 0.0267573 0.0156782 -0.0424417
internal_weight=77.1361 70.5139 65.5157 22.1103 43.4054 4.99825 6.6222 3.67774 4.73926
internal_count=29516 29168 25962 12594 13368 3206 348 304 3192
is_linear=0
shrinkage=0.04


Tree=58
num_leaves=13
num_cat=0
split_feature=35 11 7 18 14 5 6 12 32 27 32 17
split_gain=3.19038 3.33709 6.28084 5.41458 5.23828 2.84941 2.79848 1.87357 0.00315749 0.000989603 0.000300139 0.000123781
threshold=0.20898344367742541 0.28071086108684545 -0.22983238101005551 0.02589761279523373 0.10056599229574205 0.15897449105978015 -0.2368887588381767 0.9878177046775819 0.94833147942157969 0.8614063858985902 0.22538097437081508 0.02246887888759375
decision_type=2 2 2 2 2 2 2 2 2 2 2 2
left_child=1 2 3 -1 5 -3 -4 -6 9 11 -11 -2
right_child=8 4 6 -5 7 -7 -8 -9 -10 10 -12 -13
leaf_value=0.01401021830761663 -0.042282046771397797 0.017746203635935799 0.030512680882056938 -0.047469546922749344 -0.04190096414047189 -0.02507824251038011 -0.034356133159784842 0.044823774457467457 -0.046209049176599251 -0.044171022810699595 -0.042737700181073368 -0.041312911839079716
leaf_weight=18.141373263089921 0.27155984225100815 32.680494443309726 1.1641984792076954 2.6234905044257166 3.7631656909943549 2.6906138054910107 12.371810883836588 0.44578338845167298 0.38910614629276086 0.34347411891212665 0.73173257827875204 0.9434734552341979
leaf_count=3007 111 3875 52 2171 1643 621 16611 15 85 167 542 616
internal_value=7.64938e-10 0.00155499 -0.00757695 0.00624269 0.00946892 0.0144886 -0.0287769 -0.0327157 -0.0428777 -0.0423117 -0.0431956 -0.0415295
internal_weight=76.5603 73.8809 34.3009 20.7649 39.5801 35.3711 13.536 4.20895 2.67935 2.29024 1.07521 1.21503
internal_count=29516 27995 21841 5178 6154 4496 16663 1658 1521 1436 709 727
is_linear=0
shrinkage=0.04


Tree=59
num_leaves=14
num_cat=0
split_feature=9 4 20 13 19 21 13 6 36 15 33 12 18
split_gain=3.10746 5.35832 5.30776 8.62681 3.17863 2.85137 3.74583 2.65735 2.39933 1.14741 2.94788 0.88372 0.303127
threshold=25.500000000000004 -0.15165776014328 0.82399874843554455 0.8593634068965913 0.41876178504085487 0.42956349206349215 1.1305314898490908 -0.038209522143006318 0.54712075088787426 64.643569946289077 0.317776809757643 0.83991867303848278 0.024480686523020271
decision_type=2 2 2 2 2 2 2 2 2 2 2 2 2
left_child=1 2 3 -1 11 9 12 -4 -6 10 -2 -3 -7
right_child=5 4 7 -5 8 6 -8 -9 -10 -11 -12 -13 -14
leaf_value=0.014339721896710251 0.030931581062883962 -0.046292804860275809 -0.031891905179788294 -0.038229151405442821 0.0059866159330522152 -0.040811148087303607 0.024827841358732155 0.035261867686855471 -0.021956513408383907 0.044068277068879863 -0.045614589555565126 0.0061053389125132387 -0.012132290009126951
leaf_weight=13.537968157819707 4.2802747883542924 5.9979898006131434 1.0399951807921741 7.9148869484488378 8.7562589405861235 2.62833602153114 3.4513602061197162 10.090134220052276 11.211910091689786 4.4799777269654442 0.99143039330374438 0.56336646841373283 0.76025554482475843
leaf_count=2770 244 5534 935 5133 3430 1474 214 574 7924 48 848 142 246
internal_value=2.14083e-09 -0.00429346 0.0065734 -0.00505521 -0.0176399 0.0152967 -0.00450284 0.028987 -0.00970315 0.0291844 0.0165358 -0.0417938 -0.0343768
internal_weight=75.7041 59.1125 32.583 21.4529 26.5295 16.5916 6.83995 11.1301 19.9682 9.75168 5.27171 6.56136 3.38859
internal_count=29516 26442 9412 7903 17030 3074 1934 1509 11354 1140 1092 5676 1720
is_linear=0
shrinkage=0.04


Tree=60
num_leaves=12
num_cat=0
split_feature=21 6 32 13 10 31 11 0 31 28 8
split_gain=2.96251 3.19347 3.91264 5.18578 3.35255 1.88604 0.844118 2.04857 0.674468 0.339533 0.176386
threshold=0.070598006644518277 -0.12590281665325162 0.25536520217371289 1.1305314898490908 0.20010070502758029 0.020718271569609387 0.44375686347484594 -0.045888731256127351 0.020718271569609387 0.27636882662773138 -0.70099362730979908
decision_type=2 2 2 2 2 2 2 2 2 2 2
left_child=5 8 4 -4 -3 9 7 -7 -2 -1 -10
right_child=1 2 3 -5 -6 6 -8 -9 10 -11 -12
leaf_value=-0.0018314820861335618 0.0093580185133895471 -0.0024458417876132132 -0.022473801600274436 0.0062902345193471499 0.028656564142261646 0.031234693356131472 0.040791733054171532 -0.045231893844164033 -0.013106465393732437 -0.049605370986229032 -0.04643827598165981
leaf_weight=0.40678674145601501 0.42925684968940858 11.285571505955888 20.065052567806561 20.048787167004775 10.90137118345592 2.418504148197826 4.2844795074197464 0.7296958964725494 0.2759436278138313 0.57373319752514362 3.197126227314584
leaf_count=111 41 4075 13307 7367 715 184 39 740 112 267 2558
internal_value=-2.91703e-09 -0.00284129 -0.000642581 -0.00809762 0.0128361 0.0223579 0.0292367 0.0135111 -0.0379437 -0.0297855 -0.04379
internal_weight=74.6163 66.2031 62.3008 40.1138 22.1869 8.4132 7.43268 3.1482 3.90233 0.98052 3.47307
internal_count=29516 28175 25464 20674 4790 1341 963 924 2711 378 2670
is_linear=0
shrinkage=0.04


Tree=61
num_leaves=13
num_cat=0
split_feature=15 32 3 22 4 4 4 10 17 36 8 36
split_gain=3.14444 7.714 4.19568 3.59952 3.31009 3.05642 4.25358 0.96763 0.886245 1.37427 0.480677 0.0705621
threshold=63.687540054321296 0.44216281553943898 0.15850481390953067 0.094696491956710829 1.0135126113891604 0.47773087024688726 -0.11466272920370101 0.20756595581769946 0.0306563088670373 0.56142241379310354 -0.51093384623527516 0.70904868078781136
decision_type=2 2 2 2 2 2 2 2 2 2 2 2
left_child=1 2 3 -1 5 6 -2 -7 10 -10 -3 -4
right_child=4 8 11 -5 -6 7 -8 -9 9 -11 -12 -13
leaf_value=-0.0017152396495818019 0.027813246412026985 -0.0076799989362662116 -0.068989104353913908 0.027572587270824265 -0.062931875311348598 0.038367586297348558 -0.017355976832185392 0.014226486651408129 0.037122700077415319 -0.036744119290107839 -0.041869635213979468 -0.051975501411224811
leaf_weight=25.726093610370299 5.676872697396905 0.70961076417006452 0.59124913116102007 9.0852561031933856 0.92946120223496009 7.0873285993002337 8.0885021525027714 4.249289519560989 0.65892666348372486 1.0375244937022214 9.0352275586628803 1.1460453268955459
leaf_count=10616 436 154 121 926 173 82 4603 354 247 1056 10418 330
internal_value=1.52331e-09 -0.00607193 0.00290083 0.00592846 0.0111938 0.0139385 0.00127192 0.0293188 -0.034735 -0.00805316 -0.03938 -0.0577657
internal_weight=74.0214 47.9899 36.5486 34.8113 26.0315 25.102 13.7654 11.3366 11.4413 1.69645 9.74484 1.73729
internal_count=29516 23868 11993 11542 5648 5475 5039 436 11875 1303 10572 451
is_linear=0
shrinkage=0.04


Tree=62
num_leaves=13
num_cat=0
split_feature=15 32 3 22 4 9 19 17 36 21 31 18
split_gain=2.98253 7.08064 3.94555 3.40001 2.99605 2.76368 2.8313 0.814835 1.25562 0.545831 0.415151 0.071049
threshold=63.687540054321296 0.44216281553943898 0.15850481390953067 0.094696491956710829 1.0135126113891604 25.500000000000004 0.51408730158730165 0.0306563088670373 0.56142241379310354 0.4413329161451815 0.020718271569609387 0.036572974175214774
decision_type=2 2 2 2 2 2 2 2 2 2 2 2
left_child=1 2 3 -1 5 6 -2 10 -9 -7 -3 -4
right_child=4 7 11 -5 -6 9 -8 8 -10 -11 -12 -13
leaf_value=-0.0019564000992121152 -0.031320476659638725 -0.0033036306514342469 -0.0692676690071133 0.026523897390030041 -0.062275411836391771 0.043606202715947874 0.011991404375153586 0.032991905054368748 -0.036516959200536783 0.021999060014601501 -0.040632605516574286 -0.051734600894016117
leaf_weight=25.847079074912472 2.9021568676980776 0.50386756344232608 0.55376970444922236 9.0567677760845964 0.86311528849182551 4.0974860708520273 14.381995265139265 0.69227718363981594 1.0412160661362575 3.4419548750447575 8.8369962868164276 1.1131051606789695
leaf_count=10616 1783 121 124 926 173 44 3334 247 1056 314 10451 327
internal_value=-1.37257e-10 -0.00592313 0.00256241 0.0054336 0.0109865 0.0135339 0.00471897 -0.0339448 -0.00875833 0.033742 -0.038619 -0.0575594
internal_weight=73.3318 47.6451 36.5707 34.9038 25.6867 24.8236 17.2842 11.0744 1.73349 7.53944 9.34086 1.66687
internal_count=29516 23868 11993 11542 5648 5475 5117 11875 1303 358 10572 451
is_linear=0
shrinkage=0.04


Tree=63
num_leaves=14
num_cat=0
split_feature=35 11 7 18 14 38 6 12 27 32 32 32 17
split_gain=2.92083 2.88793 5.02488 4.72269 3.79293 2.70688 2.27412 2.13205 0.00178501 0.00144672 0.000374547 0.000242415 9.2592e-05
threshold=0.20898344367742541 0.28071086108684545 -0.22983238101005551 0.02589761279523373 0.10056599229574205 0.58387445887445899 -0.2368887588381767 0.9878177046775819 0.8614063858985902 0.89722826782742293 0.22538097437081508 0.92177491501163011 0.02246887888759375
decision_type=2 2 2 2 2 2 2 2 2 2 2 2 2
left_child=1 2 3 -1 5 -3 -4 -6 11 10 -10 12 -2
right_child=8 4 6 -5 7 -7 -8 -9 9 -11 -12 -13 -14
leaf_value=0.012471120533970878 -0.041882883946757425 0.02327331571393634 0.025633369266184518 -0.046863198486453372 -0.039690242466697126 0.00034405636437064761 -0.032671518457923411 0.044577312441065678 -0.043962043141720607 -0.046365134691775528 -0.042322847696671058 -0.042583541686064361 -0.040990872838831002
leaf_weight=17.537005320889879 0.24336863102507711 19.191098599840188 1.1824185907025793 2.4456568492169017 3.4219688084267541 14.433218813443089 11.292593502468662 0.55884765583323304 0.34953784727258586 0.24368457723176107 0.61623128497740254 0.25210801541106764 0.79245197068667039
leaf_count=3007 109 1639 52 2171 1643 2857 16611 15 167 80 504 64 597
internal_value=4.56146e-10 0.00151518 -0.00722609 0.00520926 0.00905992 0.0134309 -0.0271452 -0.0278603 -0.0425075 -0.043611 -0.0429161 -0.0414712 -0.0412005
internal_weight=72.5602 70.0628 32.4577 19.9827 37.6051 33.6243 12.475 3.98082 2.49738 1.20945 0.965769 1.28793 1.03582
internal_count=29516 27995 21841 5178 6154 4496 16663 1658 1521 751 671 770 706
is_linear=0
shrinkage=0.04


Tree=64
num_leaves=14
num_cat=0
split_feature=35 10 7 12 2 6 12 34 27 32 32 32 17
split_gain=2.76005 2.74684 6.23869 3.50749 3.50849 2.38062 2.35758 0.227721 0.00153052 0.00127132 0.000311585 0.00020462 7.80102e-05
threshold=0.20898344367742541 0.089766163378953948 -0.3304848968982696 0.15025599300861361 0.13101734220981601 -0.2368887588381767 0.079505693167448058 0.39590324384787473 0.8614063858985902 0.89722826782742293 0.22538097437081508 0.92177491501163011 0.02246887888759375
decision_type=2 2 2 2 2 2 2 2 2 2 2 2 2
left_child=1 2 6 7 -5 -4 -1 -3 11 10 -10 12 -2
right_child=8 3 5 4 -6 -7 -8 -9 9 -11 -12 -13 -14
leaf_value=-0.031249254649355854 -0.041763648824069612 -0.0074541631941695457 0.021643950098341184 0.018123298910778234 -0.0041983030540316798 -0.036948175684097549 0.022621383049221257 -0.049130459466524869 -0.043720436590492809 -0.04607386244545613 -0.042180068996069971 -0.042419004887278795 -0.040929070489127195
leaf_weight=1.5621395748457869 0.23398398430435852 0.23695566470269058 1.2453891043551255 27.333339732082095 19.166910338099115 10.169092947777244 7.7405114209395833 1.8284198611218014 0.32933490723371484 0.22870618518209085 0.58039009338244796 0.24283636035397649 0.76536072845919989
leaf_count=645 109 209 108 6073 5282 14287 233 1158 167 80 504 64 597
internal_value=1.60331e-09 0.00145513 -0.0107394 0.00665706 0.00892257 -0.0305554 0.0135752 -0.044349 -0.0423485 -0.0434079 -0.0427377 -0.0413775 -0.0411245
internal_weight=71.6634 69.2828 20.7171 48.5656 46.5003 11.4145 9.30265 2.06538 2.38061 1.13843 0.909725 1.24218 0.999345
internal_count=29516 27995 15273 12722 11355 14395 878 1367 1521 751 671 770 706
is_linear=0
shrinkage=0.04


Tree=65
num_leaves=14
num_cat=0
split_feature=35 11 7 4 14 32 6 33 27 32 32 32 17
split_gain=2.68676 2.59021 4.56644 4.39257 3.40929 2.78971 2.2072 1.81385 0.00133324 0.000841725 0.000291505 0.000183386 6.84937e-05
threshold=0.20898344367742541 0.28071086108684545 -0.22983238101005551 -0.18016573786735532 0.10056599229574205 0.21748226305257415 -0.2368887588381767 0.99099025974025989 0.8614063858985902 0.89722826782742293 0.22538097437081508 0.92177491501163011 0.02246887888759375
decision_type=2 2 2 2 2 2 2 2 2 2 2 2 2
left_child=1 2 3 -1 5 -3 -4 -6 11 10 -10 12 -2
right_child=8 4 6 -5 7 -7 -8 -9 9 -11 -12 -13 -14
leaf_value=-0.025195960847103883 -0.041688874158156135 0.027499469546497013 0.026743572746948188 0.016848662740800786 -0.041967567123764246 0.0036675447937723417 -0.032052166762143827 0.025265828527416587 -0.043645206618435087 -0.045420628350357421 -0.042143856040078871 -0.042322707521401812 -0.040894778740952493
leaf_weight=5.5550864977121845 0.22659808551543326 12.599577581859192 1.1281192990718416 13.983918643818468 2.9660467386711384 20.886987169913482 10.816736251843395 0.81938833824824531 0.3244035674142649 0.22573504253523424 0.5713609810336493 0.23606589838163927 0.74573011236498132
leaf_count=3286 109 504 52 1892 1598 3992 16611 60 167 80 504 64 597
internal_value=5.07802e-10 0.00143152 -0.00701583 0.00489506 0.00856703 0.0126345 -0.0264993 -0.0274143 -0.0422445 -0.0432377 -0.0426876 -0.0413226 -0.0410798
internal_weight=71.0858 68.7559 31.4839 19.539 37.272 33.4866 11.9449 3.78544 2.32989 1.1215 0.895765 1.20839 0.972328
internal_count=29516 27995 21841 5178 6154 4496 16663 1658 1521 751 671 770 706
is_linear=0
shrinkage=0.04


Tree=66
num_leaves=15
num_cat=0
split_feature=15 32 0 22 21 35 27 12 4 37 17 38 6 8
split_gain=2.61541 6.06104 3.74567 4.08093 2.7903 2.9708 3.49387 1.82772 2.44937 1.09778 0.833776 1.22216 0.748488 0.340472
threshold=63.687540054321296 0.44216281553943898 0.059840908274054534 0.094696491956710829 0.6859422492401217 0.008126700762659313 0.8614063858985902 0.41617420315742498 -0.33877517282962794 1.0000000180025095e-35 0.0306563088670373 0.89567786069651756 0.25683976709842687 -0.51093384623527516
decision_type=2 2 2 2 2 2 2 2 2 2 2 2 2 2
left_child=1 2 3 -1 7 9 -7 8 -2 -6 13 -12 -9 -3
right_child=4 10 -4 -5 5 6 -8 12 -10 -11 11 -13 -14 -15
leaf_value=-0.0024560380553211763 0.038939584607493444 -0.011260352983324411 -0.046977113480909792 0.030222294447634166 0.025758545544053421 -0.042000003337033437 0.015128098805034556 0.038809781795717958 -0.049619620537882922 -0.013162284217377031 -0.029782540295500561 0.044883432465779693 0.0085028957342161687 -0.040119362499589813
leaf_weight=24.592441769083962 0.92627933714538846 0.71305484778713335 2.3152742372476487 8.1377955111674947 5.3991615425911714 4.3311159061850049 2.8334656802762765 7.2945391898974759 1.0850368334213296 1.4766103493748231 1.1300706773326954 0.50862167245941226 1.5876033280219415 7.9100658695097072
leaf_count=10192 5 154 1087 714 298 2519 250 911 971 546 1115 188 148 10418
internal_value=-2.75458e-09 -0.00572591 0.00219081 0.00566885 0.0104046 -0.00138194 -0.0194068 0.025596 -0.0088351 0.0174001 -0.0327626 -0.00660752 0.0333927 -0.037733
internal_weight=70.2411 45.3073 35.0455 32.7302 24.9338 14.0404 7.16458 10.8935 2.01132 6.87577 10.2618 1.63869 8.88214 8.62312
internal_count=29516 23868 11993 10906 5648 3613 2769 2035 976 844 11875 1303 1059 10572
is_linear=0
shrinkage=0.04


Tree=67
num_leaves=14
num_cat=0
split_feature=35 10 7 12 2 13 5 34 27 32 32 32 17
split_gain=2.56956 2.40644 5.64968 3.16706 3.16457 2.10024 2.09988 0.207323 0.00115084 0.000831461 0.00025174 0.000127384 5.06276e-05
threshold=0.20898344367742541 0.089766163378953948 -0.3304848968982696 0.15025599300861361 0.13101734220981601 0.20881794393062594 -0.15122063457965848 0.39590324384787473 0.8614063858985902 0.90167437298584852 0.22538097437081508 0.92177491501163011 0.02246887888759375
decision_type=2 2 2 2 2 2 2 2 2 2 2 2 2
left_child=1 2 5 7 -5 -1 -4 -3 11 10 -10 12 -2
right_child=8 3 6 4 -6 -7 -8 -9 9 -11 -12 -13 -14
leaf_value=0.041883147051104984 -0.04149914530882539 -0.0080708314826861745 0.022186640148544191 0.017308759479697948 -0.0041724783244593477 0.0001843608036270056 -0.035999241633945064 -0.048160956571432677 -0.043321867132065213 -0.045154896267219018 -0.041921564293713756 -0.042030708946318524 -0.04079426764761479
leaf_weight=2.7701556882821023 0.21228795585920968 0.23431700532091682 1.106684120313729 26.678758079273393 18.638741749949986 6.3919774149544537 9.6082085896196077 1.7317996734636834 0.32159504888113566 0.22379224956966937 0.56858950544847175 0.21954079438000917 0.70269848764291964
leaf_count=43 109 209 49 6073 5282 835 14346 1158 167 76 508 64 597
internal_value=-3.2727e-10 0.00140822 -0.0102698 0.00631741 0.00847369 0.0127919 -0.0299895 -0.0433831 -0.0420621 -0.0429754 -0.0424274 -0.0411654 -0.0409578
internal_weight=69.4091 67.1606 19.877 47.2836 45.3175 9.16213 10.7149 1.96612 2.2485 1.11398 0.890185 1.13453 0.914986
internal_count=29516 27995 15273 12722 11355 878 14395 1367 1521 751 675 770 706
is_linear=0
shrinkage=0.04


Tree=68
num_leaves=13
num_cat=0
split_feature=21 6 32 33 16 31 11 0 31 16 8 18
split_gain=2.51265 2.8013 2.70951 3.70447 3.00576 1.7069 0.696094 1.65922 0.608264 0.296993 0.228376 0.00837645
threshold=0.070598006644518277 -0.12590281665325162 0.25536520217371289 0.97231800766283538 0.31909090909090915 0.020718271569609387 0.44375686347484594 -0.045888731256127351 0.020718271569609387 0.11834733893557424 -0.70099362730979908 0.0026565508451312785
decision_type=2 2 2 2 2 2 2 2 2 2 2 2
left_child=5 8 4 -4 -3 9 7 -7 -2 -1 -10 -11
right_child=1 2 3 -5 -6 6 -8 -9 10 11 -12 -13
leaf_value=-0.0010692848207554024 0.0096866715650156792 -0.017672168224974475 -0.014140200511927332 0.015698709086266107 0.019040483400987115 0.030071526543851299 0.040025324840609187 -0.043673259523341397 -0.006765170124938347 -0.054281190772922878 -0.046123185380176783 -0.044298422666753504
leaf_weight=0.33763588208239426 0.39533478865632732 4.5718588212184867 28.10316374595277 8.7234104035596811 16.252841921988875 2.2168277287855744 3.7845111132482998 0.62601067623472806 0.25668406413751688 0.2478173516865354 2.9113709146186011 0.29407683848694433
leaf_count=31 41 1948 19795 879 2842 184 39 740 112 124 2558 223
internal_value=3.64935e-09 -0.00267844 -0.000551085 -0.00707202 0.0109806 0.0218413 0.0287898 0.0138325 -0.0370963 -0.0305163 -0.0429343 -0.0488637
internal_weight=68.7215 61.2147 57.6513 36.8266 20.8247 7.50688 6.62735 2.84284 3.56339 0.87953 3.16805 0.541894
internal_count=29516 28175 25464 20674 4790 1341 963 924 2711 378 2670 347
is_linear=0
shrinkage=0.04


Tree=69
num_leaves=13
num_cat=0
split_feature=35 30 30 12 22 15 32 27 32 32 32 17
split_gain=2.44562 2.29186 2.3446 2.42881 0.865505 0.0940945 0.0168863 0.000980523 0.000738078 0.000227133 0.000118494 4.266e-05
threshold=0.20898344367742541 6.5000000000000009 2.5000000000000004 0.074665967375040068 0.35679630935192114 30.608331680297855 0.98264633916807842 0.8614063858985902 0.90167437298584852 0.22538097437081508 0.92430608607079201 0.02246887888759375
decision_type=2 2 2 2 2 2 2 2 2 2 2 2
left_child=1 2 4 -4 -1 -3 -7 10 9 -9 11 -2
right_child=7 5 3 -5 -6 6 -8 8 -10 -11 -12 -13
leaf_value=-0.028803929322348789 -0.04140290873350308 -0.010460980515328564 -0.03071775128840951 0.006844038731043731 0.018887396204253212 -0.042949682359187995 -0.055916351572837801 -0.043137633217519504 -0.044890874987076064 -0.041782221532454991 -0.041954309965405917 -0.040739384248950385
leaf_weight=4.6821776854776536 0.20143057251698271 0.14240107621299003 2.8977512214769368 55.660468305155518 0.69985697971424077 1.5941200167580971 0.17870716127799813 0.31088339598500148 0.21627619658829644 0.54389257956063375 0.20805643679341301 0.67307598132174462
leaf_count=6349 109 119 2710 16650 119 1983 65 167 76 508 61 600
internal_value=1.2651e-09 0.0013717 0.00266316 0.0049853 -0.0226024 -0.041744 -0.0442568 -0.0419453 -0.0428034 -0.0422752 -0.0410963 -0.0408922
internal_weight=68.0091 65.8555 63.9403 58.5582 5.38203 1.91523 1.77283 2.15362 1.07105 0.854776 1.08256 0.874507
internal_count=29516 27995 25828 19360 6468 2167 2048 1521 751 675 770 709
is_linear=0
shrinkage=0.04


Tree=70
num_leaves=13
num_cat=0
split_feature=21 6 32 19 10 31 11 0 31 16 8 18
split_gain=2.43335 2.56425 2.45532 3.66104 2.72623 1.59829 0.649043 1.50108 0.496579 0.272496 0.226526 0.00542603
threshold=0.070598006644518277 -0.12590281665325162 0.25536520217371289 0.64051282051282066 0.20010070502758029 0.020718271569609387 0.44375686347484594 -0.045888731256127351 0.020718271569609387 0.093386627906976757 -0.70099362730979908 0.0026565508451312785
decision_type=2 2 2 2 2 2 2 2 2 2 2 2
left_child=5 8 4 -4 -3 9 7 -7 -2 -1 -10 -11
right_child=1 2 3 -5 -6 6 -8 -9 10 11 -12 -13
leaf_value=-0.0010435961889236377 0.0051910235807491982 -0.0039074577480927384 -0.023655833433144591 0.0027127841863849849 0.025227488828834192 0.029320676158839914 0.039706761866930389 -0.042861389792843818 -0.0056534886026934896 -0.052281991099238069 -0.045487865619271893 -0.044084285245411185
leaf_weight=0.32172206498216738 0.40254208666738067 10.444865329671304 13.228414669414631 23.199144142650766 10.115235601959283 2.1742002090322785 3.6617962542804889 0.58498873170174226 0.24931830586865578 0.24114375284989364 2.7242003610590473 0.27825458513689227
leaf_count=20 41 4075 11170 9504 715 184 39 740 112 132 2558 226
internal_value=4.72645e-10 -0.00263178 -0.000625149 -0.0068628 0.0104265 0.0218757 0.0286675 0.014017 -0.0365035 -0.0299718 -0.0421479 -0.0478903
internal_weight=67.6258 60.3637 56.9877 36.4276 20.5601 7.26211 6.42099 2.75919 3.37606 0.84112 2.97352 0.519398
internal_count=29516 28175 25464 20674 4790 1341 963 924 2711 378 2670 358
is_linear=0
shrinkage=0.04


Tree=71
num_leaves=11
num_cat=0
split_feature=35 4 4 8 33 27 32 32 32 17
split_gain=2.30167 2.24065 3.26738 4.2821 1.8017 0.000838517 0.000624156 0.00020834 9.66504e-05 3.60182e-05
threshold=0.20898344367742541 1.0135126113891604 0.47773087024688726 -0.26332800090312952 0.95841977869986184 0.8614063858985902 0.90167437298584852 0.22538097437081508 0.92430608607079201 0.02246887888759375
decision_type=2 2 2 2 2 2 2 2 2 2
left_child=1 2 3 -1 -4 8 7 -7 9 -2
right_child=5 -3 4 -5 -6 6 -8 -9 -10 -11
leaf_value=0.0035960721048426264 -0.041306819876202855 -0.059261202689605337 -0.0064458992625048249 -0.025476537718203868 0.031500164509152995 -0.042980074637907199 -0.044611426802892824 -0.041653502835320932 -0.041809833797444636 -0.04067920725200426
leaf_weight=43.227214715079754 0.19022343959659271 0.96258347621187468 2.6489737475640132 9.9769269399403111 8.1973541864717827 0.2992465896240899 0.20458141784183681 0.51613650802755728 0.19725565565750003 0.63368550012819469
leaf_count=14866 109 224 457 12151 297 167 76 508 61 600
internal_value=-2.98616e-10 0.00131312 0.00222346 -0.00185567 0.0222327 -0.0418248 -0.042636 -0.0421404 -0.0410145 -0.0408241
internal_weight=67.0542 65.0131 64.0505 53.2041 10.8463 2.04113 1.01996 0.815383 1.02116 0.823909
internal_count=29516 27995 27771 27017 754 1521 751 675 770 709
is_linear=0
shrinkage=0.04


Tree=72
num_leaves=11
num_cat=0
split_feature=1 9 20 7 4 21 32 15 34 11
split_gain=2.3088 3.09576 5.19607 3.34058 3.18782 2.4862 2.8798 0.783209 0.566665 0.37603
threshold=-0.15623670071363446 25.500000000000004 0.63315602836879437 -0.53718146681785572 -0.11466272920370101 0.43826219512195125 0.97231800766283538 64.643569946289077 0.67196988866396767 0.44375686347484594
decision_type=2 2 2 2 2 2 2 2 2 2
left_child=8 2 3 -2 -4 7 -7 -3 -1 -10
right_child=1 5 4 -5 -6 6 -8 -9 9 -11
leaf_value=0.038711497180949503 0.031775042286745228 0.018193132075907042 0.015450483754205506 -0.02812827893265837 -0.011866735499374392 -0.034551539009209618 0.021935779590454962 0.043605679918066791 -0.00047927497878423473 0.027415844665278973
leaf_weight=2.5070358508091877 1.6266082039801393 4.5612503274169267 16.160458555561494 17.670741149544487 11.844766899492241 2.8058842324826401 2.9752503684721887 3.3771501973969862 1.5853072693862489 1.5093161188124211
leaf_count=44 110 1089 4155 14865 6993 1651 258 47 229 75
internal_value=-2.06543e-09 -0.00225608 -0.00710815 -0.0230789 0.00389671 0.014473 -0.00548044 0.0290041 0.0245767 0.0131258
internal_weight=66.6238 61.0221 47.3026 19.2973 28.0052 13.7195 5.78113 7.9384 5.60166 3.09462
internal_count=29516 29168 26123 14975 11148 3045 1909 1136 348 304
is_linear=0
shrinkage=0.04


Tree=73
num_leaves=13
num_cat=0
split_feature=15 12 28 4 19 11 2 28 12 6 1 3
split_gain=2.27651 5.23969 3.00549 2.61837 2.49102 2.20406 2.35871 0.892811 0.532764 0.487057 0.297083 0.16613
threshold=63.687540054321296 0.33335724472999578 0.6044205129146577 1.0135126113891604 0.92770034843205595 0.27678978443145758 0.2062916234135628 0.1600700914859772 0.73942360281944286 -0.10840952768921851 0.050681730732321746 0.27288883924484258
decision_type=2 2 2 2 2 2 2 2 2 2 2 2
left_child=1 2 4 5 -1 8 -7 9 -2 -3 -9 -4
right_child=3 7 11 -5 -6 6 -8 10 -10 -11 -12 -13
leaf_value=0.0062800751648749899 -0.048509507490580299 0.05878543743549438 -0.046457578633479768 -0.06358566607871427 -0.044900120888749291 0.026754023395176501 -0.00047282029286601913 -0.044836932477047758 0.017421569956443048 -0.016791869633526604 -0.028827759100453272 -0.076315684598854072
leaf_weight=31.392711601860356 1.1167874725360949 0.23120685108006001 1.0232298820774293 0.74721370718907465 1.5990788766648609 12.54055739665637 8.5700915332999994 4.3283675759303151 0.23786604104679998 0.33283173231757057 3.245126460242318 0.42076133712544095
leaf_count=14152 2076 31 569 173 1736 1478 1707 4447 214 528 2347 58
internal_value=-1.17389e-09 -0.00549441 0.00132717 0.0100771 0.00379942 0.0125272 0.015701 -0.0343615 -0.0369326 0.0141883 -0.0379772 -0.0551579
internal_weight=65.7858 42.5733 34.4358 23.2125 32.9918 22.4653 21.1106 8.13753 1.35465 0.564039 7.57349 1.44399
internal_count=29516 23868 16515 5648 15888 5475 3185 7353 2290 559 6794 627
is_linear=0
shrinkage=0.04


Tree=74
num_leaves=11
num_cat=0
split_feature=30 12 21 36 21 15 1 3 8 0
split_gain=2.27859 2.57328 2.50484 3.57393 2.75065 0.809928 0.676087 0.59761 0.27656 0.136013
threshold=2.5000000000000004 0.074665967375040068 0.93683510638297884 0.55093029237760449 0.89039039039039047 76.951423645019545 -0.14460374414920804 -0.29406504333019251 -0.70099362730979908 -0.081530101597309099
decision_type=2 2 2 2 2 2 2 2 2 2
left_child=5 6 4 -4 -3 7 -2 -1 -9 -8
right_child=1 2 3 -5 -6 -7 9 8 -10 -11
leaf_value=0.013776808413950389 0.012747790377998027 0.0029958381070316065 0.0085087297647657486 -0.048129835106613818 0.0278343104581927 0.015584606282156575 -0.0057580934219126703 0.022697713454670261 -0.036818041467541918 -0.045006049902214851
leaf_weight=0.44175454659853119 0.41205908419215154 41.534718279130175 3.8039882030570871 3.3544348992436426 8.612801357143324 0.69761090053361829 0.1504665776737969 0.1287379229615907 4.2168091499916036 2.3128727279545265
leaf_count=122 75 15269 936 2506 935 273 48 43 6549 2760
internal_value=-1.12888e-09 0.00224944 0.00410222 -0.0180321 0.00726183 -0.0246813 -0.0346758 -0.0305489 -0.0350549 -0.0426087
internal_weight=65.6663 60.1813 57.3059 7.15842 50.1475 5.48491 2.8754 4.7873 4.34555 2.46334
internal_count=29516 22529 19646 3442 16204 6987 2883 6714 6592 2808
is_linear=0
shrinkage=0.04


Tree=75
num_leaves=13
num_cat=0
split_feature=35 10 7 5 7 13 6 27 32 32 32 17
split_gain=2.1612 2.28851 5.11334 2.38449 5.05887 1.75997 1.18567 0.000665076 0.000530874 0.000170779 6.68823e-05 2.5861e-05
threshold=0.20898344367742541 0.089766163378953948 -0.3304848968982696 -0.061066845431923859 -0.23827819526195523 0.20881794393062594 -0.2368887588381767 0.8614063858985902 0.90167437298584852 0.22538097437081508 0.92177491501163011 0.02246887888759375
decision_type=2 2 2 2 2 2 2 2 2 2 2 2
left_child=1 2 5 -3 -5 -1 -4 10 9 -9 11 -2
right_child=7 3 6 4 -6 -7 -8 8 -10 -11 -12 -13
leaf_value=0.040488032483010632 -0.041172755989223715 0.030502115117889205 0.013651660874813351 -0.028064250290615975 0.0092439274855430267 0.00017007667557062707 -0.035254944336673727 -0.042701359650021121 -0.044271082560867529 -0.041476567050677184 -0.041592201118585422 -0.040622214767501497
leaf_weight=2.4592548662330955 0.17711462381703202 5.5940488002961493 0.87277296785032277 7.0726189941924522 32.70914149802411 5.8605169590009609 8.6922185377479764 0.28968060147599317 0.19363698561210185 0.49070289277005941 0.18659648555330932 0.59557391892303713
leaf_count=43 109 200 108 2772 9750 835 14287 167 76 508 64 597
internal_value=2.70137e-10 0.00127317 -0.0108451 0.00604956 0.00261108 0.0120877 -0.0307924 -0.0416601 -0.0423964 -0.0419312 -0.0409125 -0.0407484
internal_weight=65.1939 63.2606 17.8848 45.3758 39.7818 8.31977 9.56499 1.93331 0.97402 0.780383 0.959285 0.772689
internal_count=29516 27995 15273 12722 12522 878 14395 1521 751 675 770 706
is_linear=0
shrinkage=0.04


Tree=76
num_leaves=10
num_cat=0
split_feature=32 4 36 33 13 33 32 26 14
split_gain=2.164 3.20652 2.75285 6.23806 2.97463 0.835301 0.0677328 0.110435 0.03413
threshold=0.062630753138075326 -0.37906940281391138 0.70904868078781136 0.84489441325848713 1.1305314898490908 0.41683535762483137 0.025263269864907994 -0.061304152011871331 0.073270399123430266
decision_type=2 2 2 2 2 2 2 2 2
left_child=5 -2 4 -4 -3 6 7 -1 -8
right_child=1 2 3 -5 -6 -7 8 -9 -10
leaf_value=-0.049522734658600083 0.037185128676065153 -0.0044093712724322708 -0.033947851144785518 0.012103993735863872 0.017813670347833304 0.0073512538868352982 -0.045516695862031005 -0.017989796805547832 -0.057836250002359528
leaf_weight=0.41297514899633825 3.7929297921655225 22.083572245916002 10.475269813920024 8.5455190052598464 17.098957674053963 0.59931817746837612 0.82215868543426018 0.31192950044351153 0.63980394502868876
leaf_count=392 299 10230 10671 2204 4348 183 723 163 303
internal_value=-2.43795e-09 0.00154982 -0.000772421 -0.013258 0.00528859 -0.0344856 -0.0459511 -0.035954 -0.0509081
internal_weight=64.7824 61.9962 58.2033 19.0208 39.1825 2.78619 2.18687 0.724905 1.46196
internal_count=29516 27752 27453 12875 14578 1764 1581 555 1026
is_linear=0
shrinkage=0.04


Tree=77
num_leaves=12
num_cat=0
split_feature=1 15 32 3 11 15 17 6 28 18 31
split_gain=2.06759 2.21833 5.00016 3.34949 1.94797 1.89088 1.17154 0.547243 0.0644992 0.0394785 0.026262
threshold=0.29184271395206457 63.687540054321296 0.44216281553943898 0.15850481390953067 0.27678978443145758 65.330558776855483 0.0306563088670373 0.15153966099023822 0.50368380546569835 0.092009715735912337 0.93583862620559877
decision_type=2 2 2 2 2 2 2 2 2 2 2
left_child=1 2 3 -1 7 -6 -4 -3 9 -2 -10
right_child=8 4 6 -5 5 -7 -8 -9 10 -11 -12
leaf_value=0.0055954890522963863 -0.063656293438968822 -0.047688461487283437 -0.037425669354348615 -0.057810673790315487 0.033970351264311194 0.0068487208054183778 0.0033577425665643761 0.022743089294193133 -0.030230358802142629 -0.045179975756085781 -0.04673413672009321
leaf_weight=30.877140914046322 0.45355048263445386 1.0834955326863589 7.4216317005921137 1.3931641137896793 5.694546240760249 14.808671297083491 1.3287277587369315 0.21085877378936846 0.29895029688486829 0.31253826437750831 0.31876588007435203
leaf_count=11420 148 2213 10440 442 325 2728 1193 77 164 219 147
internal_value=6.06719e-10 0.0010654 -0.004414 0.00285814 0.011377 0.0143815 -0.0312328 -0.0362147 -0.0483641 -0.0561186 -0.038747
internal_weight=64.202 62.8182 41.0207 32.2703 21.7976 20.5032 8.75036 1.29435 1.3838 0.766089 0.617716
internal_count=29516 28838 23495 11862 5343 3053 11633 2290 678 367 311
is_linear=0
shrinkage=0.04


Tree=78
num_leaves=13
num_cat=0
split_feature=37 0 8 7 36 8 2 32 33 28 17 20
split_gain=2.1159 4.21998 3.18633 2.6994 2.57336 2.27235 2.27704 0.494973 0.297968 0.0610784 0.0049768 0.00502062
threshold=1.5000000000000002 0.058331878855824477 -0.25403054058551783 -0.13939278572797772 0.90537759982204435 -0.048726875334978097 0.13583508133888247 0.99317398192153583 0.037113559840832575 0.57253172993659984 -0.019598259590566155 0.19399641577060936
decision_type=2 2 2 2 2 2 2 2 2 2 2 2
left_child=4 7 3 -3 5 6 -1 8 -2 -4 -6 -12
right_child=1 2 9 -5 10 -7 -8 -9 -10 -11 11 -13
leaf_value=0.0072098679142751677 -0.010078720699256973 -0.037653581917977332 -0.048728269791621155 0.042472409830446187 -0.047537708189619235 0.035019198225770799 -0.015160817947686976 0.0098733057030647702 -0.041041859998050677 -0.026702190211344682 -0.035138110746451394 -0.042834232519108131
leaf_weight=37.118805943828193 0.54274763283319583 0.83154713572002892 1.0378475050092673 3.5222999231482395 0.3227692343061791 3.7955706614302462 9.0561811958905292 0.35791504915687244 5.9357621095841751 0.24994583563238837 0.15069230389781174 1.3562395342596572
leaf_count=10004 348 600 592 211 294 218 2530 113 12917 193 163 1333
internal_value=4.53466e-09 -0.0147866 0.0108201 0.027169 0.00356192 0.00526791 0.00282236 -0.0359181 -0.0384479 -0.0444533 -0.0430301 -0.0420646
internal_weight=64.2783 12.4781 5.64164 4.35385 51.8003 49.9706 46.175 6.83642 6.47851 1.28779 1.8297 1.50693
internal_count=29516 14974 1596 811 14542 12752 12534 13378 13265 785 1790 1496
is_linear=0
shrinkage=0.04


Tree=79
num_leaves=14
num_cat=0
split_feature=10 7 2 8 30 19 12 8 3 17 13 10 35
split_gain=2.40496 4.79206 3.7648 4.01059 3.80599 2.62418 1.99479 1.95897 1.08517 0.516599 0.255883 0.243591 0.16806
threshold=0.089766163378953948 -0.3304848968982696 0.13101734220981601 -0.32529291510581965 3.5000000000000004 0.97700845665961955 0.079505693167448058 -0.32000850141048426 -0.29406504333019251 -0.030060465447604653 0.85533955693244945 0.056158121675252921 -0.042781626805663102
decision_type=2 2 2 2 2 2 2 2 2 2 2 2 2
left_child=1 6 4 9 12 -6 10 -5 -3 -4 -1 -10 -2
right_child=2 8 3 7 5 -7 -8 -9 11 -11 -12 -13 -14
leaf_value=-0.047870286599245145 -0.0017033034229515835 0.01199251102142076 -0.01124040597083373 0.037892635792818673 0.020399279629098401 -0.051395640861114263 0.019410869226653686 -0.0047592766342431517 -0.040080056974437304 -0.048234054507073978 -0.013197823841737929 -0.025114067767291789 -0.043661426143976528
leaf_weight=0.80630962709256226 0.1671642876463012 0.82724998507183123 0.720480590709485 2.0023384120722776 25.169353211967977 0.84180882145301339 6.5924545054440387 12.347678553924194 6.3022326724167179 3.73503781789623 0.58957800330244936 2.4037860534590436 1.7700766414054692
leaf_count=372 108 76 226 66 4154 707 242 3950 10696 2415 292 3763 2449
internal_value=-1.784e-09 -0.012639 0.00473663 -0.00910087 0.0140474 0.0180758 0.0102131 0.00119218 -0.0317878 -0.042252 -0.0332258 -0.0359479 -0.0400409
internal_weight=64.2755 17.5216 46.7539 18.8055 27.9484 26.0112 7.98834 14.35 9.53327 4.45552 1.39589 8.70602 1.93724
internal_count=29516 15441 14075 6657 7418 4861 906 4016 14535 2641 664 14459 2557
is_linear=0
shrinkage=0.04


Tree=80
num_leaves=14
num_cat=0
split_feature=10 7 2 8 30 12 19 12 3 17 1 13 35
split_gain=2.313 4.53238 3.4744 3.62687 3.47204 2.58368 1.92109 1.88697 1.00069 0.494795 0.244917 0.224096 0.16185
threshold=0.089766163378953948 -0.3304848968982696 0.13101734220981601 -0.32529291510581965 3.5000000000000004 0.15025599300861361 0.94519519519519524 0.079505693167448058 -0.29406504333019251 -0.030060465447604653 0.067963238805532469 0.85533955693244945 -0.042781626805663102
decision_type=2 2 2 2 2 2 2 2 2 2 2 2 2
left_child=1 7 4 9 12 -6 -5 11 -3 -4 -10 -1 -2
right_child=2 8 3 6 5 -7 -8 -9 10 -11 -12 -13 -14
leaf_value=-0.047392451741016021 -0.001839990282434088 0.010752726303158391 -0.010973255614297225 -0.011080505927637494 -0.036494626727208143 0.020302505540579076 0.018893969322068115 0.018541854202862799 -0.036401433714263631 -0.047332281050561122 0.028637880561511481 -0.014766494433584739 -0.043025907895658196
leaf_weight=0.76869303824787738 0.16785424170666385 0.81449833995429877 0.72090063564246509 8.5660186595196119 1.3517736301873835 24.637445443717297 5.6959244534664313 6.5648381073842756 8.3300356593754206 3.537283136436602 0.093679269339191573 0.59958060240023769 1.6869156989705538
leaf_count=372 108 76 226 3255 762 4099 761 242 14306 2415 153 292 2449
internal_value=-1.63677e-09 -0.0125409 0.00464463 -0.00878155 0.0135749 0.0173483 0.000890678 0.0096356 -0.0315845 -0.0411768 -0.0356781 -0.0330957 -0.0392986
internal_weight=63.5354 17.1713 46.3641 18.5201 27.844 25.9892 14.2619 7.93311 9.23821 4.25818 8.42371 1.36827 1.85477
internal_count=29516 15441 14075 6657 7418 4861 4016 906 14535 2641 14459 664 2557
is_linear=0
shrinkage=0.04


Tree=81
num_leaves=14
num_cat=0
split_feature=10 7 2 8 30 19 8 13 7 5 13 1 35
split_gain=2.2098 4.2062 3.2093 3.32865 3.22271 2.43714 1.84915 1.84107 2.87155 0.977509 0.478321 0.276295 0.165488
threshold=0.089766163378953948 -0.3304848968982696 0.13101734220981601 -0.32529291510581965 3.5000000000000004 0.97700845665961955 -0.32000850141048426 0.20881794393062594 -0.53718146681785572 -0.15122063457965848 0.83624058961868297 0.069425873458385481 -0.042781626805663102
decision_type=2 2 2 2 2 2 2 2 2 2 2 2 2
left_child=1 7 4 10 12 -6 -5 -1 -9 -3 -4 -11 -2
right_child=2 9 3 6 5 -7 -8 8 -10 11 -12 -13 -14
leaf_value=0.039117686371588016 -0.0011757332059615145 0.012897090861517298 -0.012835913884316871 0.037239207520224124 0.018924736129829558 -0.051345228979553188 -0.0050125894641599479 0.035019351688545093 -0.02522176214776049 -0.035853966905978536 -0.047100177674739722 0.034994285625000392 -0.04279176843030446
leaf_weight=2.2985475235618678 0.16885730580543179 0.74045357311843041 0.81395355163840832 1.9157089679210919 25.07091303734342 0.81538122313213435 12.286650985057346 1.9790634171804411 3.5140626576467184 8.13331744717288 3.2734009540290572 0.089035528071691128 1.6162930262362374
leaf_count=43 108 51 321 66 4154 707 3950 76 787 14353 2320 131 2449
internal_value=1.84927e-09 -0.0124359 0.00453335 -0.00846782 0.0131266 0.0167113 0.000686615 0.00905948 -0.00351809 -0.0311226 -0.0402768 -0.0350868 -0.0388553
internal_weight=62.7156 16.7545 45.9612 18.2897 27.6714 25.8863 14.2024 7.79167 5.49313 8.96281 4.08735 8.22235 1.78515
internal_count=29516 15441 14075 6657 7418 4861 4016 906 863 14535 2641 14484 2557
is_linear=0
shrinkage=0.04


Tree=82
num_leaves=13
num_cat=0
split_feature=8 1 8 11 22 14 35 11 3 2 21 27
split_gain=2.1381 3.06338 2.25156 2.95318 4.54327 3.8481 2.02418 1.80401 1.70487 1.0189 0.866394 0.0410379
threshold=-0.048726875334978097 0.069425873458385481 -0.19490660727024076 0.50395357608795177 0.094696491956710829 0.099043328315019621 0.00017546509116073142 1.6798779964447024 0.35448515415191656 -0.052073981612920754 0.6859422492401217 0.54417744278907787
decision_type=2 2 2 2 2 2 2 2 2 2 2 2
left_child=2 10 3 4 -1 -5 8 11 -4 -8 -2 -3
right_child=1 7 6 5 -6 -7 9 -9 -10 -11 -12 -13
leaf_value=-0.014124913109128669 0.063471960807492719 -0.06233440720842838 -0.031238924556320762 0.025736355413070653 0.017004845794758649 -0.043675415470316746 0.022095219371489519 0.036074014650824063 0.02948625002228239 -0.041629231487277256 0.024017505966451417 -0.046131008635683077
leaf_weight=25.030509673459164 1.919187361156218 0.42068669531727187 1.2565257974638355 11.112643816595662 10.711355659383115 1.4439599681936659 0.43758210539817799 0.56610099808312941 1.7985677664401007 4.8629560103072436 1.6614424909639636 0.61670412792591378
leaf_count=17158 172 115 1841 953 2045 999 117 26 88 5458 257 287
internal_value=-2.94125e-09 0.024588 -0.00224993 0.0010668 -0.00479574 0.0177543 -0.0214217 -0.0213602 0.00451067 -0.0363685 0.0451648 -0.0527019
internal_weight=61.8382 5.18412 56.6541 48.2985 35.7419 12.5566 8.35563 1.60349 3.05509 5.30054 3.58063 1.03739
internal_count=29516 857 28659 21155 19203 1952 7504 428 1929 5575 429 402
is_linear=0
shrinkage=0.04


Tree=83
num_leaves=13
num_cat=0
split_feature=8 1 8 8 13 22 4 6 11 21 7 27
split_gain=2.21546 2.90712 2.13251 3.65556 8.04686 4.45196 3.13455 1.79882 1.64317 0.866962 0.49233 0.0412854
threshold=-0.048726875334978097 0.069425873458385481 -0.26200821995735163 -0.34169256687164301 0.85122227668762218 0.039393119513988502 0.21845466643571856 0.44752454757690435 1.6798779964447024 0.6859422492401217 -0.19601862132549283 0.54417744278907787
decision_type=2 2 2 2 2 2 2 2 2 2 2 2
left_child=2 9 3 4 -1 -5 10 -8 11 -2 -4 -3
right_child=1 8 6 5 -6 -7 7 -9 -10 -11 -12 -13
leaf_value=0.0097698790465861624 0.062129739530493 -0.062019667559053165 0.062408983637665241 -0.019826430701721198 -0.034705996343556429 0.033040267701449272 0.0059051381729721157 -0.053941387298954563 0.033942047323063849 0.022975440422903986 -0.040252093195036219 -0.045356207206562429
leaf_weight=18.516000777235604 2.0008650848903922 0.40369285788619869 0.075759885585283793 3.4276685579388895 10.036928685731253 9.9379348294169159 7.6092319768649741 0.8984655804815701 0.55398796289227903 1.6517701089906038 5.5625923444094951 0.57924009778071195
leaf_count=3984 172 115 108 4156 6466 1535 1325 252 26 257 10833 287
internal_value=1.5894e-09 0.0250036 -0.00231443 0.00221742 -0.00586429 0.0194824 -0.0157435 -0.000415026 -0.0211498 0.0444236 -0.0388727 -0.0521999
internal_weight=61.2541 5.18956 56.0646 41.9185 28.5529 13.3656 14.146 8.5077 1.53692 3.65264 5.63835 0.982933
internal_count=29516 857 28659 16141 10450 5691 12518 1577 428 429 10941 402
is_linear=0
shrinkage=0.04


Tree=84
num_leaves=13
num_cat=0
split_feature=8 1 8 8 32 15 9 26 11 21 12 28
split_gain=2.40137 2.66447 1.98816 3.52613 3.42711 3.03434 2.61896 1.81373 1.44349 0.881375 0.331744 0.0381695
threshold=-0.048726875334978097 0.069425873458385481 -0.26200821995735163 -0.29922251403331751 0.34680272108843541 64.417732238769545 25.500000000000004 -0.056638956069946282 1.6798779964447024 0.6859422492401217 0.8536394238471986 0.43397000432014471
decision_type=2 2 2 2 2 2 2 2 2 2 2 2
left_child=2 9 3 4 -1 10 -7 -5 11 -2 -4 -3
right_child=1 8 5 7 -6 6 -8 -9 -10 -11 -12 -13
leaf_value=0.0030878280934068408 0.060212112838991 -0.061148402739559099 -0.042803202286855822 0.034440539853202556 -0.027845664999596349 -0.018848321281338006 0.02569564692392921 -0.024901834477755163 0.031797711567711946 0.021470195991851241 0.0046711851575031785 -0.044321883584104993
leaf_weight=26.871775747902575 2.1566184536495707 0.34476473301765487 4.7600769839482373 6.4845751604880206 7.2837375133822198 5.4288828185090079 3.4565008593199309 0.94403849590162181 0.5389930154196918 1.6648526961798777 0.2477656976552679 0.57618263352196664
leaf_count=7691 172 114 9126 2032 5664 3061 250 754 26 257 81 288
internal_value=1.76409e-09 0.0257732 -0.00245359 0.0019233 -0.00350881 -0.0155542 -0.00152028 0.0268992 -0.020193 0.0433339 -0.0404544 -0.050621
internal_weight=60.7588 5.28141 55.4774 41.5841 34.1555 13.8932 8.88538 7.42861 1.45994 3.82147 5.00784 0.920947
internal_count=29516 857 28659 16141 13355 12518 3311 2786 428 429 9207 402
is_linear=0
shrinkage=0.04


Tree=85
num_leaves=13
num_cat=0
split_feature=8 1 8 8 4 32 22 33 11 0 21 18
split_gain=2.73322 2.72389 2.10653 4.28152 2.93012 2.85724 1.98284 1.78232 1.1896 1.06607 0.648394 0.0347384
threshold=-0.048726875334978097 0.069425873458385481 -0.26200821995735163 -0.29922251403331751 0.47773087024688726 0.34680272108843541 0.039393119513988502 0.96263621204482896 1.6798779964447024 0.25045809149742132 0.6859422492401217 0.042646335437893874
decision_type=2 2 2 2 2 2 2 2 2 2 2 2
left_child=2 10 3 5 9 -1 -5 -6 11 -4 -2 -3
right_child=1 8 4 6 7 -7 -8 -9 -10 -11 -12 -13
leaf_value=0.0015150069996768124 0.057758037045761754 -0.059949587581894635 -0.036209793008770842 -0.0066884585934093264 -0.033275214296407118 -0.026915466446172757 0.039019819960214731 0.017771023897539841 0.028452158492542644 0.027570224336928427 0.025728807512474441 -0.043499274169720117
leaf_weight=26.770712946366984 2.2508161576988632 0.32639027404366039 7.2741021857000288 2.0152496025839337 1.4588505173451265 7.1708504430280291 6.1605480895959772 4.3808619484188966 0.48432741762371734 0.44495854843989935 1.8362941872619556 0.55403333943104371
leaf_count=7691 172 117 11776 2057 361 5664 729 325 26 56 257 285
internal_value=-2.6041e-09 0.0270296 -0.00264677 0.00176781 -0.0163597 -0.00449151 0.0277532 0.00501888 -0.0218991 -0.0325332 0.0433677 -0.0495977
internal_weight=61.128 5.45186 55.6761 42.1174 13.5588 33.9416 8.1758 5.83971 1.36475 7.71906 4.08711 0.880424
internal_count=29516 857 28659 16141 12518 13355 2786 686 428 11832 429 402
is_linear=0
shrinkage=0.04


Tree=86
num_leaves=15
num_cat=0
split_feature=10 7 2 8 30 12 6 20 3 0 14 17 19 35
split_gain=2.50913 3.66105 2.8192 3.1829 2.87361 2.45688 1.81036 1.7528 1.32133 0.686368 0.304279 0.294811 0.257065 0.174103
threshold=0.089766163378953948 -0.3304848968982696 0.13101734220981601 -0.32529291510581965 3.5000000000000004 0.15025599300861361 -0.14316926151514051 0.43816489361702132 -0.14438604563474652 -0.10963322967290877 0.063678104430437102 -0.030060465447604653 0.1114066193853428 -0.042781626805663102
decision_type=2 2 2 2 2 2 2 2 2 2 2 2 2 2
left_child=1 6 4 11 13 -6 12 -5 -8 -3 -11 -4 -1 -2
right_child=2 9 3 7 5 -7 8 -9 -10 10 -12 -13 -14 -15
leaf_value=-0.010471081002017301 0.0010827975408025808 0.013729429435515621 -0.016078171770839263 -0.050061407441155607 -0.036687728966691438 0.019026319823133655 0.032127025581831448 0.0052558704822790129 -0.0055928379968437514 -0.037429017125975829 -0.015361540485532245 -0.045560760432812576 -0.049614198722156319 -0.042021811737882046
leaf_weight=0.39506769512081497 0.16633886218187388 0.50748606430715604 0.65806366110337 0.9884605461411401 1.3356933680770477 24.415252305363538 3.4960311414324678 12.588652178586925 2.5842917778063557 6.8968524574956973 1.1692261927819343 3.0945966403378433 0.83754030268755741 1.5195368941931544
leaf_count=97 108 78 226 664 762 4099 77 3352 360 13809 648 2415 372 2449
internal_value=1.20123e-09 -0.0136571 0.00484654 -0.00778383 0.0128242 0.0161364 0.00713433 0.00122858 0.0160951 -0.0313914 -0.0342302 -0.0403907 -0.0370683 -0.0377688
internal_weight=60.6531 15.8865 44.7666 17.3298 27.4368 25.7509 7.31293 13.5771 6.08032 8.57356 8.06608 3.75266 1.23261 1.68588
internal_count=29516 15441 14075 6657 7418 4861 906 4016 437 14535 14457 2641 469 2557
is_linear=0
shrinkage=0.04


Tree=87
num_leaves=13
num_cat=0
split_feature=8 1 8 8 13 4 26 33 11 0 21 28
split_gain=3.1324 2.57823 2.13882 4.01345 2.76303 2.68547 2.02115 1.52516 1.1646 0.89239 0.782457 0.0258331
threshold=-0.048726875334978097 0.069425873458385481 -0.26200821995735163 -0.29922251403331751 0.85122227668762218 0.47773087024688726 -0.056638956069946282 0.96263621204482896 1.6798779964447024 0.25045809149742132 0.6859422492401217 0.43397000432014471
decision_type=2 2 2 2 2 2 2 2 2 2 2 2
left_child=2 10 3 4 -1 9 -5 -7 11 -4 -2 -3
right_child=1 8 5 6 -6 7 -8 -9 -10 -11 -12 -13
leaf_value=0.0054107935735769478 0.055939369929413695 -0.057674820252716474 -0.036001525035136921 0.033829404911489308 -0.017898613143142533 -0.031560292857100325 -0.027562910408167593 0.015611473377667497 0.027923767974073543 0.024050449463093742 0.021611038510359507 -0.043351583461954883
leaf_weight=18.78413726574945 2.7255929162784005 0.32515715420595348 7.1111880757380259 7.2380055496978457 14.354429483253623 1.4714585112815255 0.97339550162723565 4.3054418524261564 0.50270700920373201 0.41927560738986347 1.7409449195838531 0.52965072728693485
leaf_count=5221 172 114 11776 2032 8134 361 754 325 26 56 257 288
internal_value=-3.78731e-09 0.0278868 -0.00297151 0.00151731 -0.004686 -0.0169196 0.0265518 0.00359616 -0.0203881 -0.032658 0.042559 -0.0487999
internal_weight=60.4814 5.82405 54.6573 41.35 33.1386 13.3074 8.2114 5.7769 1.35751 7.53046 4.46654 0.854808
internal_count=29516 857 28659 16141 13355 12518 2786 686 428 11832 429 402
is_linear=0
shrinkage=0.04


Tree=88
num_leaves=13
num_cat=0
split_feature=8 1 8 8 37 15 9 0 8 21 12 28
split_gain=3.10028 2.38766 2.05581 3.863 3.54914 2.55754 2.32 1.11355 1.04746 0.786381 0.171357 0.0215049
threshold=-0.048726875334978097 0.069425873458385481 -0.26200821995735163 -0.27873179316520685 1.0000000180025095e-35 64.417732238769545 25.500000000000004 0.25045809149742132 -0.27731493115425104 0.6859422492401217 0.8536394238471986 0.46909499168396002
decision_type=2 2 2 2 2 2 2 2 2 2 2 2
left_child=2 9 3 4 -1 10 -7 11 -5 -2 -4 -3
right_child=1 7 5 8 -6 6 -8 -9 -10 -11 -12 -13
leaf_value=0.0060934460038917738 0.054833923654207035 -0.056055131758927255 -0.042120145037306794 0.04943008429875443 -0.02010192651644804 -0.0204038462514229 0.022941950970340821 0.028061465402822252 0.012300519485601716 0.020398763918192876 -0.0090878947459022263 -0.042821906755538867
leaf_weight=23.431783565116348 2.7732721772335927 0.3229008197376968 4.4723627877538084 2.973600829631323 12.793999860172333 5.0440103717046423 3.2477810993004823 0.49142573116114363 2.056371159706031 1.7186564223084131 0.26623117708368216 0.5018675884057302
leaf_count=5024 172 125 9126 116 9839 3061 250 26 1162 257 81 277
internal_value=3.50403e-10 0.0277761 -0.00297179 0.00140286 -0.00315807 -0.0168224 -0.00342589 -0.0196028 0.0342506 0.0416587 -0.0402643 -0.0480028
internal_weight=60.0943 5.80812 54.2861 41.2558 36.2258 13.0304 8.29179 1.31619 5.02997 4.49193 4.73859 0.824768
internal_count=29516 857 28659 16141 14863 12518 3311 428 1278 429 9207 402
is_linear=0
shrinkage=0.04


Tree=89
num_leaves=13
num_cat=0
split_feature=8 1 8 8 1 4 22 6 11 21 7 28
split_gain=3.16457 2.25491 1.96956 3.75254 2.6693 2.40716 2.0727 1.45673 1.06742 0.796535 0.6393 0.0200363
threshold=-0.048726875334978097 0.069425873458385481 -0.26200821995735163 -0.29922251403331751 -0.15623670071363446 0.21845466643571856 0.039393119513988502 0.44752454757690435 1.6798779964447024 0.6859422492401217 -0.20035132020711896 0.43397000432014471
decision_type=2 2 2 2 2 2 2 2 2 2 2 2
left_child=2 9 3 4 -1 10 -5 -7 11 -2 -4 -3
right_child=1 8 5 6 -6 7 -8 -9 -10 -11 -12 -13
leaf_value=0.024324171681203901 0.053864204382914248 -0.055939722820907693 0.08394307344098742 -0.0099622493082511653 -0.0092318033464010123 0.0032278946452835005 0.036969419319016289 -0.051911869636443744 0.026753911012444159 0.019326187498326965 -0.040151761170279 -0.042830347763790612
leaf_weight=4.3725018791010326 2.880467563023557 0.30350707384059183 0.067332997932680771 1.9919487918668872 28.616338667634412 6.9292202537617413 6.1674027195113013 0.8619653166970237 0.50202427868498489 1.6983073143928775 4.9140616566510271 0.48403695723391138
leaf_count=287 172 114 79 2057 13068 1325 729 252 26 257 10862 288
internal_value=-1.36039e-10 0.027895 -0.00303589 0.00122334 -0.00478413 -0.0167574 0.025512 -0.0028724 -0.0188268 0.0410538 -0.0384744 -0.0478825
internal_weight=59.7891 5.86834 53.9208 41.1482 32.9888 12.7726 8.15935 7.79119 1.28957 4.57877 4.98139 0.787544
internal_count=29516 857 28659 16141 13355 12518 2786 1577 428 429 10941 402
is_linear=0
shrinkage=0.04


Tree=90
num_leaves=11
num_cat=0
split_feature=8 21 4 18 11 1 32 9 20 18
split_gain=3.17352 1.92921 2.42925 1.79938 2.26076 4.00465 2.59862 1.33145 0.154995 0.0273117
threshold=-0.048726875334978097 0.6859422492401217 0.74447372555732738 0.16198208928108218 0.50395357608795177 -0.010807216633111237 0.18526500638569607 27.500000000000004 0.089256535947712434 0.0072797937318682679
decision_type=2 2 2 2 2 2 2 2 2 2
left_child=3 -2 9 4 5 -1 -6 8 -5 -3
right_child=1 2 -4 7 6 -7 -8 -9 -10 -11
leaf_value=-0.023168392726784805 0.05047276233874165 -0.061087037631633305 0.028549026937136009 -0.015819458002937489 0.035236809891603868 0.0039545525601329314 -0.0016389897878854374 0.034093299364444815 -0.043221796882155036 -0.046038658096059164
leaf_weight=13.808434339844093 2.980369969882303 0.28665577829815481 2.0567974778532516 0.37583709279715538 5.1900376125704479 23.588751665367457 7.4417094274394913 0.44496752522536542 2.7237433718255488 0.59044007732882164
leaf_count=9582 214 184 101 194 141 14393 1552 9 2788 358
internal_value=8.6171e-10 0.0278062 0.00478052 -0.00306967 -0.00111841 -0.00606025 0.0135123 -0.0306105 -0.0398991 -0.0509568
internal_weight=59.4877 5.91426 2.93389 53.5735 50.0289 37.3972 12.6317 3.54455 3.09958 0.877096
internal_count=29516 857 643 28659 25668 23975 1693 2991 2982 542
is_linear=0
shrinkage=0.04


Tree=91
num_leaves=13
num_cat=0
split_feature=8 5 19 8 8 37 15 9 8 17 1 28
split_gain=3.29669 1.98597 2.05485 1.85709 3.55523 3.1379 2.36398 1.93793 1.03437 0.280939 0.161321 0.0346559
threshold=-0.048726875334978097 0.037935758009552963 0.97100840336134464 -0.26200821995735163 -0.27873179316520685 1.0000000180025095e-35 64.417732238769545 26.500000000000004 -0.27731493115425104 -0.02811692655086517 0.050681730732321746 0.43397000432014471
decision_type=2 2 2 2 2 2 2 2 2 2 2 2
left_child=3 9 11 4 5 -1 10 -8 -6 -2 -5 -3
right_child=1 2 -4 6 8 -7 7 -9 -10 -11 -12 -13
leaf_value=0.0053380426052606379 0.05812976181826434 -0.059687963605374462 0.027706072438118196 -0.045017746960853415 0.048179784576131861 -0.019493777427832645 -0.017663893107808363 0.023757087917052364 0.011171764558366149 0.035791793174057028 -0.028791955186821174 -0.043253956708162095
leaf_weight=23.079666855250252 1.7886793857614978 0.34237460495205629 1.5165196482266763 3.0599652848177348 2.8891488465451403 12.580424000305355 5.3392240414686949 2.7319824446021812 2.0771429753367547 1.8148521893308487 1.4425898448607766 0.51284600334474817
leaf_count=5024 17 120 122 7420 116 9839 3107 204 1162 304 1787 294
internal_value=-3.67543e-09 0.0281712 -0.000253594 -0.00316411 0.000993546 -0.00342231 -0.0165977 -0.00364351 0.0327012 0.0468797 -0.0398191 -0.0498331
internal_weight=59.1754 5.97527 2.37174 53.2001 40.6264 35.6601 12.5738 8.07121 4.96629 3.60353 4.50256 0.855221
internal_count=29516 857 536 28659 16141 14863 12518 3311 1278 321 9207 414
is_linear=0
shrinkage=0.04


Tree=92
num_leaves=13
num_cat=0
split_feature=8 5 8 8 13 22 4 19 6 7 19 28
split_gain=3.89884 2.08234 1.85542 3.54936 5.93048 4.40058 2.0915 1.78014 1.34049 0.741465 0.147493 0.0297625
threshold=-0.048726875334978097 0.037935758009552963 -0.26332800090312952 -0.34169256687164301 0.85122227668762218 0.039393119513988502 0.21845466643571856 0.97100840336134464 0.44752454757690435 -0.2078772038221359 0.45889639639639646 0.43397000432014471
decision_type=2 2 2 2 2 2 2 2 2 2 2 2
left_child=2 10 3 4 -1 -5 9 11 -8 -4 -2 -3
right_child=1 7 6 5 -6 -7 8 -9 -10 -11 -12 -13
leaf_value=0.0061199677218947788 0.054598802328046959 -0.058501292308482333 0.09605695579826197 -0.022148562155086579 -0.033199069113699888 0.030443640189343878 0.0018338203487607975 0.025130342421748022 -0.051408990195955705 -0.039663791091219307 0.039463858042558128 -0.042851701625613449
leaf_weight=17.260694148862967 1.8124196993012436 0.32322504644980687 0.065294555330183246 3.3971928798782782 9.5244463592680386 10.154698314014238 6.7866821336792782 1.4260924058326052 0.851520659867674 4.7260942261855217 2.387112184020225 0.48800090118311346
leaf_count=3984 73 120 50 4066 6466 1509 1333 122 252 10999 248 294
internal_value=2.40948e-09 0.0293898 -0.00358518 0.000578505 -0.00786137 0.0172598 -0.0170974 -0.00178006 -0.00410178 -0.0378143 0.0459957 -0.0490871
internal_weight=59.2035 6.43685 52.7666 40.337 26.7851 13.5519 12.4296 2.23732 7.6382 4.79139 4.19953 0.811226
internal_count=29516 857 28659 16025 10450 5575 12634 536 1585 11049 321 414
is_linear=0
shrinkage=0.04


Tree=93
num_leaves=11
num_cat=0
split_feature=8 21 4 11 22 4 9 31 8 18
split_gain=3.51815 1.99414 2.15927 1.88168 3.8084 4.86506 3.24549 3.04951 1.95522 0.0213816
threshold=-0.048726875334978097 0.6859422492401217 0.74447372555732738 0.50395357608795177 0.064608529210090651 -0.084009885787963853 25.500000000000004 0.33402203856749318 -0.2838111519813537 0.0072797937318682679
decision_type=2 2 2 2 2 2 2 2 2 2
left_child=3 -2 9 4 6 -6 -1 -5 -9 -3
right_child=1 2 -4 7 5 -7 -8 8 -10 -11
leaf_value=-0.026114080062266638 0.048093166969036143 -0.059438416606445728 0.026198387034112935 0.030323420354477718 0.024275662517188667 -0.025168220912556834 0.0082693037113897444 -0.041653795279671051 0.0040893476955606396 -0.046031961053703989
leaf_weight=18.132280810488741 3.5442409414099521 0.29081660541123744 1.915727779822191 6.1332465636805855 9.7871065846120455 4.7194759342455646 5.7965825786741325 1.9763039380486578 6.1400445909093824 0.55092112245620228
leaf_count=19216 214 184 101 279 1828 2327 2361 1168 1480 358
internal_value=-2.12185e-09 0.0282459 0.0027356 -0.00337852 -0.00798134 0.00818992 -0.017785 0.00903669 -0.00704896 -0.0506638
internal_weight=58.9867 6.30171 2.75747 52.685 38.4354 14.5066 23.9289 14.2496 8.11635 0.841738
internal_count=29516 857 643 28659 25732 4155 21577 2927 2648 542
is_linear=0
shrinkage=0.04


Tree=94
num_leaves=14
num_cat=0
split_feature=8 8 8 1 20 3 1 11 18 9 17 17 28
split_gain=3.43902 1.92855 3.74827 2.42678 2.17176 1.9885 1.91524 1.55421 0.997907 0.9336 0.621074 0.447548 0.0242514
threshold=-0.048726875334978097 -0.26332800090312952 -0.29922251403331751 -0.15623670071363446 0.89619252873563238 0.35448515415191656 0.069425873458385481 0.77472439408302318 0.24750784784555438 27.500000000000004 -0.02811692655086517 0.01310637639835477 0.43397000432014471
decision_type=2 2 2 2 2 2 2 2 2 2 2 2 2
left_child=1 2 3 -1 -4 9 10 -7 12 -3 -2 -12 -8
right_child=6 5 4 -5 -6 7 8 -9 -10 -11 11 -13 -14
leaf_value=0.023253683479911538 0.052860306734196505 -0.041072138308791813 0.030954573362211534 -0.0095965391468200139 -0.045591707382842357 0.011104721859981926 -0.057683797131913329 -0.038983882322430129 0.023664653505426667 -0.0054022023290204932 0.00348153440730659 0.038709385659917168 -0.042399091186166651
leaf_weight=4.1351761706464449 2.5729634412273299 4.9017966649262217 7.5787001411663386 27.703273026418174 0.64338414247322351 4.4285122803339618 0.28509159391978733 1.2769871524214975 0.54860728545463644 1.5437668913364175 0.96356477396329809 1.4383452375186605 0.39789754239609465
leaf_count=287 21 10224 2169 13068 501 687 107 515 67 1208 350 58 254
internal_value=2.95883e-09 -0.00334613 0.000887781 -0.00532995 0.0249648 -0.0173048 0.0281491 -0.000105954 -0.0165095 -0.0325289 0.039205 0.0245772 -0.0487792
internal_weight=58.4181 52.2116 40.0605 31.8384 8.22208 12.1511 6.20647 5.7055 1.2316 6.44556 4.97487 2.40191 0.682989
internal_count=29516 28659 16025 13355 2670 12634 857 1202 428 11432 429 408 361
is_linear=0
shrinkage=0.04


Tree=95
num_leaves=13
num_cat=0
split_feature=8 5 11 22 4 13 14 1 18 12 22 19
split_gain=3.25958 1.86947 1.82866 3.79108 4.47243 3.22246 2.94977 1.95818 1.54798 0.374756 0.207539 0.136684
threshold=-0.048726875334978097 0.037935758009552963 0.50395357608795177 0.064608529210090651 -0.084009885787963853 0.20881794393062594 0.099043328315019621 -0.0080526461824774725 0.22748300433158877 0.8165702521800996 0.14943975210189822 0.45889639639639646
decision_type=2 2 2 2 2 2 2 2 2 2 2 2
left_child=2 11 3 5 -5 -1 7 -4 10 -8 -3 -2
right_child=1 8 6 4 -6 -7 9 -9 -10 -11 -12 -13
leaf_value=0.027137196701243961 0.051868346729397094 -0.013384115522851474 0.031477874372299104 0.023552193345778977 -0.024040670527031547 -0.022692291407075068 -0.044330864438656789 -0.00080202713860651252 0.029739420486232161 -0.00068859211762590893 -0.052064963343611118 0.03702546101250765
leaf_weight=2.3032492859056246 1.7559362745378155 0.33324663585517589 6.4810454064136129 9.8274078204267408 4.6559830612895885 21.093934399792488 1.6180979570199263 5.609155498299514 1.0946903717413077 0.3908591674407943 0.66444086299452465 2.283651599456789
leaf_count=563 73 151 261 1828 2327 21014 1174 1369 84 123 301 248
internal_value=2.19775e-10 0.027582 -0.0032538 -0.00783098 0.00825249 -0.017787 0.0090438 0.0165019 -0.00310596 -0.0358399 -0.0391448 0.0434774
internal_weight=58.1117 6.13197 51.9797 37.8806 14.4834 23.3972 14.0992 12.0902 2.09238 2.00896 0.997687 4.03959
internal_count=29516 857 28659 25732 4155 21577 2927 1630 536 1297 452 321
is_linear=0
shrinkage=0.04


Tree=96
num_leaves=13
num_cat=0
split_feature=8 11 22 20 13 14 32 5 19 12 19 28
split_gain=3.0008 1.75127 3.66949 4.22153 2.92734 2.66515 1.90334 1.68038 1.47471 0.387011 0.141922 0.0187883
threshold=-0.048726875334978097 0.50395357608795177 0.064608529210090651 0.67470930232558157 0.20881794393062594 0.099043328315019621 0.18526500638569607 0.037935758009552963 0.97100840336134464 0.8165702521800996 0.45889639639639646 0.43397000432014471
decision_type=2 2 2 2 2 2 2 2 2 2 2 2
left_child=1 2 4 -4 -1 6 -3 10 11 -7 -2 -9
right_child=7 5 3 -5 -6 9 -8 8 -10 -11 -12 -13
leaf_value=0.025662895811375753 0.050987047074911189 0.035572620414770842 -0.036106504783641025 0.018793805849164007 -0.022220725206421117 -0.043689598651731901 0.0030252551519991946 -0.055699830632035811 0.022962899521384056 0.00083895111993836262 0.035597345653266381 -0.042631049424543453
leaf_weight=2.2654593058687196 1.7020521899394219 4.7876897256646753 2.7756261557224198 11.634445698480702 20.781528292856819 1.5363651153893432 7.1951046885660617 0.2927174373326128 1.3112783637479877 0.39197100597084489 2.195454118627822 0.4414531286311103
leaf_count=563 73 86 1642 2513 21014 1174 1544 120 122 123 248 294
internal_value=2.14449e-09 -0.00311324 -0.00761419 0.00821907 -0.0175139 0.00900598 0.0160295 0.0269095 -0.00245089 -0.0346383 0.0423181 -0.0478416
internal_weight=57.3111 51.3682 37.4571 14.4101 23.047 13.9111 11.9828 5.94296 2.04545 1.92834 3.89751 0.734171
internal_count=29516 28659 25732 4155 21577 2927 1630 857 536 1297 321 414
is_linear=0
shrinkage=0.04


Tree=97
num_leaves=11
num_cat=0
split_feature=8 21 4 11 22 4 9 21 36 25
split_gain=2.96536 1.7367 1.85318 1.61765 3.46159 4.23927 2.63031 2.48466 1.83817 0.0153018
threshold=-0.048726875334978097 0.6859422492401217 0.74447372555732738 0.50395357608795177 0.064608529210090651 -0.084009885787963853 25.500000000000004 0.32598514211886315 0.55163454453794558 0.023663699626922611
decision_type=2 2 2 2 2 2 2 2 2 2
left_child=3 -2 9 4 6 -6 -1 -5 -9 -3
right_child=1 2 -4 7 5 -7 -8 8 -10 -11
leaf_value=-0.024842549944827704 0.045339537153693661 -0.056975258910864995 0.024366727721504132 0.029067276895963178 0.02275702194598607 -0.023652969314884295 0.0070085211666013059 0.016387449588090974 -0.022147870239056917 -0.045451481991913407
leaf_weight=17.260132509207327 3.4152989913709453 0.30309085085173171 1.7512737983197437 5.6148007551091714 9.8078676227160013 4.6384150966841835 5.4608778569308916 3.4752086444786965 4.6049720058654202 0.47064167278585956
leaf_count=19216 214 196 101 274 1828 2327 2361 276 2377 346
internal_value=-2.79365e-09 0.0267429 0.00158921 -0.00312336 -0.00745353 0.00785569 -0.0171873 0.00862845 -0.0055742 -0.0499656
internal_weight=56.8026 5.94031 2.52501 50.8623 37.1673 14.4463 22.721 13.695 8.08018 0.773733
internal_count=29516 857 643 28659 25732 4155 21577 2927 2653 542
is_linear=0
shrinkage=0.04


Tree=98
num_leaves=12
num_cat=0
split_feature=8 8 8 13 22 15 9 33 4 17 33
split_gain=2.73136 1.60819 3.88592 5.37397 4.21491 1.93658 1.59967 1.59922 1.66072 0.204305 0.0188902
threshold=-0.048726875334978097 -0.26200821995735163 -0.34169256687164301 0.85122227668762218 0.064608529210090651 64.417732238769545 25.500000000000004 0.84858452950558227 0.74447372555732738 -0.028691753745079037 0.97920988934993092
decision_type=2 2 2 2 2 2 2 2 2 2 2
left_child=1 2 3 -1 -4 9 -7 -2 10 -3 -9
right_child=7 5 4 -5 -6 6 -8 8 -10 -11 -12
leaf_value=0.0051868461503806682 0.044208677404526019 -0.015639999282911349 -0.015079326251671342 -0.033608170096372895 0.033021850678050323 -0.018490121018389417 0.019186370600255936 -0.044421139320084568 0.023128251157604494 -0.0417448084636447 -0.058554688636555198
leaf_weight=16.322313642907829 3.3118351373850592 0.55513017595512781 4.2215141542037626 8.7893520935904217 9.4158458990859781 4.7116854455780413 2.9207649002637481 0.5277699235157346 1.7305340020684523 3.5297032949893019 0.21211638167733327
leaf_count=3984 171 537 4589 6466 1102 3061 250 482 105 8670 99
internal_value=1.8491e-09 -0.0029836 0.000942949 -0.00839183 0.0181319 -0.0159687 -0.00407219 0.0260403 0.00168379 -0.0381972 -0.0484731
internal_weight=56.2486 50.4663 38.749 25.1117 13.6374 11.7173 7.63245 5.78226 2.47042 4.08483 0.739886
internal_count=29516 28659 16141 10450 5691 12518 3311 857 686 9207 581
is_linear=0
shrinkage=0.04


Tree=99
num_leaves=14
num_cat=0
split_feature=8 1 8 8 1 22 15 9 27 17 17 17 20
split_gain=2.78119 1.60317 1.56747 3.6901 2.16742 1.82145 1.76624 1.50239 0.828381 0.666023 0.438711 0.196197 0.0217303
threshold=-0.048726875334978097 0.069425873458385481 -0.26200821995735163 -0.29922251403331751 -0.15623670071363446 0.039393119513988502 64.417732238769545 25.500000000000004 0.88838919997215282 -0.02811692655086517 0.01310637639835477 -0.028691753745079037 0.96609195402298864
decision_type=2 2 2 2 2 2 2 2 2 2 2 2 2
left_child=2 9 3 4 -1 -5 11 -8 12 -2 -11 -4 -3
right_child=1 8 6 5 -6 -7 7 -9 -10 10 -12 -13 -14
leaf_value=0.022551485826736332 0.050496273779746026 -0.040300752855549023 -0.015604563619039868 -0.009729905725670087 -0.009735696781979216 0.034700827514328986 -0.0185214100375783 0.018142069623474623 0.022002605543582222 -0.001192088097558782 0.035695935447962998 -0.041338146170750399 -0.055253536515520105
leaf_weight=3.8074519812653298 2.5325743053399492 0.33318213064921998 0.55135612262529354 1.9194771112015603 26.341312192707846 6.3939086570608197 4.7498813859056099 2.8680700596305542 0.49480920674977824 0.89448433645884451 1.2186709162197074 3.3802547575214685 0.29160084418253973
leaf_count=287 21 265 537 2057 13068 729 3061 250 39 350 58 8670 124
internal_value=-2.99312e-09 0.026307 -0.00303266 0.000847853 -0.00565819 0.0244422 -0.0159555 -0.00471804 -0.01666 0.0366618 0.0200815 -0.0377294 -0.0472796
internal_weight=55.777 5.76532 50.0117 38.4621 30.1488 8.31339 11.5496 7.61795 1.11959 4.64573 2.11316 3.93161 0.624783
internal_count=29516 857 28659 16141 13355 2786 12518 3311 428 429 408 9207 389
is_linear=0
shrinkage=0.04


end of trees

feature_importances:
family_r30_rank=85
ma90_dev=74
dd_60=66
peer_med_1=57
family_ma90_rank=54
vol_7=53
pos_60=44
r_14=43
r_30=40
rsi_14=40
peer_rank_7=40
up_7=39
up_14=39
vol_ratio=38
r_7=37
r_3=33
price_band=33
peer_rank_1=32
family_code=32
peer_breadth1=31
ma30_dev=30
above_ma30=26
r_1=25
family_r7_rank=25
family_breadth7=25
peer_rs7=24
peer_med_7=22
peer_rank_3=22
ma7_dev=21
mkt_r_30=21
breadth7=20
dsl_30=19
family_vol_rank=18
family_median7=17
band_r7_rank=11
mkt_r_7=5
mkt_vol_14=2
cat_code=1

parameters:
[boosting: gbdt]
[objective: lambdarank]
[metric: ndcg]
[tree_learner: serial]
[device_type: cpu]
[data_sample_strategy: bagging]
[data: ]
[valid: ]
[num_iterations: 100]
[learning_rate: 0.04]
[num_leaves: 15]
[num_threads: 2]
[seed: 389]
[deterministic: 0]
[force_col_wise: 0]
[force_row_wise: 0]
[histogram_pool_size: -1]
[max_depth: 4]
[min_data_in_leaf: 150]
[min_sum_hessian_in_leaf: 0.001]
[bagging_fraction: 1]
[pos_bagging_fraction: 1]
[neg_bagging_fraction: 1]
[bagging_freq: 0]
[bagging_seed: 27313]
[bagging_by_query: 0]
[feature_fraction: 1]
[feature_fraction_bynode: 1]
[feature_fraction_seed: 24186]
[extra_trees: 0]
[extra_seed: 31967]
[early_stopping_round: 0]
[early_stopping_min_delta: 0]
[first_metric_only: 0]
[max_delta_step: 0]
[lambda_l1: 0]
[lambda_l2: 0]
[linear_lambda: 0]
[min_gain_to_split: 0]
[drop_rate: 0.1]
[max_drop: 50]
[skip_drop: 0.5]
[xgboost_dart_mode: 0]
[uniform_drop: 0]
[drop_seed: 23585]
[top_rate: 0.2]
[other_rate: 0.1]
[min_data_per_group: 100]
[max_cat_threshold: 32]
[cat_l2: 10]
[cat_smooth: 10]
[max_cat_to_onehot: 4]
[top_k: 20]
[monotone_constraints: ]
[monotone_constraints_method: basic]
[monotone_penalty: 0]
[feature_contri: ]
[forcedsplits_filename: ]
[refit_decay_rate: 0.9]
[cegb_tradeoff: 1]
[cegb_penalty_split: 0]
[cegb_penalty_feature_lazy: ]
[cegb_penalty_feature_coupled: ]
[path_smooth: 0]
[interaction_constraints: ]
[verbosity: -1]
[saved_feature_importance_type: 0]
[use_quantized_grad: 0]
[num_grad_quant_bins: 4]
[quant_train_renew_leaf: 0]
[stochastic_rounding: 1]
[linear_tree: 0]
[max_bin: 255]
[max_bin_by_feature: ]
[min_data_in_bin: 3]
[bin_construct_sample_cnt: 200000]
[data_random_seed: 1308]
[is_enable_sparse: 1]
[enable_bundle: 1]
[use_missing: 1]
[zero_as_missing: 0]
[feature_pre_filter: 1]
[pre_partition: 0]
[two_round: 0]
[header: 0]
[label_column: ]
[weight_column: ]
[group_column: ]
[ignore_column: ]
[categorical_feature: ]
[forcedbins_filename: ]
[precise_float_parser: 0]
[parser_config_file: ]
[objective_seed: 23528]
[num_class: 1]
[is_unbalance: 0]
[scale_pos_weight: 1]
[sigmoid: 1]
[boost_from_average: 1]
[reg_sqrt: 0]
[alpha: 0.9]
[fair_c: 1]
[poisson_max_delta_step: 0.7]
[tweedie_variance_power: 1.5]
[lambdarank_truncation_level: 30]
[lambdarank_norm: 1]
[label_gain: ]
[lambdarank_position_bias_regularization: 0]
[eval_at: 1,2,3,4,5]
[multi_error_top_k: 1]
[auc_mu_weights: ]
[num_machines: 1]
[local_listen_port: 12400]
[time_out: 120]
[machine_list_filename: ]
[machines: ]
[gpu_platform_id: -1]
[gpu_device_id: -1]
[gpu_device_id_list: ]
[gpu_use_dp: 0]
[num_gpu: 1]

end of parameters

pandas_categorical:[]
