tree
version=v4
num_class=1
num_tree_per_iteration=1
label_index=0
max_feature_idx=38
objective=lambdarank
feature_names=r_1 r_3 r_7 r_14 r_30 ma7_dev ma30_dev ma90_dev dd_60 dsl_30 up_7 up_14 pos_60 vol_ratio vol_7 rsi_14 peer_breadth1 peer_med_1 peer_med_7 peer_rank_1 peer_rank_3 peer_rank_7 peer_rs7 cat_code regime mkt_r_7 mkt_r_30 breadth7 above_ma30 mkt_vol_14 family_code family_r7_rank family_r30_rank family_ma90_rank family_vol_rank family_median7 family_breadth7 price_band band_r7_rank
feature_infos=[-0.24857142567634583:0.74793696403503418] [-0.26102504134178162:0.95454543828964233] [-0.28866755962371826:1.3888888359069824] [-0.4117647111415863:1.0448718070983887] [-0.83677273988723755:3.8620688915252686] [-0.22037795186042786:0.66234052181243896] [-0.49216195940971375:1.1438542604446411] [-0.78692573308944702:1.7342020273208618] [-0.90025001764297485:0] [0:29] [0:1.5592000484466553] [0:1.6875] [0:1] [0.0066062789410352707:1.9896417856216431] [7.2682327299844474e-05:0.21708051860332489] [0:95.713127136230469] [0:1] [-0.070876210927963257:0.11032679677009583] [-0.086956523358821869:0.44252440333366394] [0.0069444444444444441:1] [0.0069444444444444441:1] [0.0069444444444444441:1] [-0.28368362784385681:1.4042006731033325] [0:2] none [0.023307681083679199:0.057076215744018555] [0.028603315353393555:0.16148006916046143] [0.59951257705688477:0.74369406700134277] [0.36666667461395264:0.45653939247131348] [0.018874598667025566:0.019285913556814194] [1:7] [0.0042194092827004216:1] [0.0042194092827004216:1] [0.0042194092827004216:1] [0.0042194092827004216:1] [0.012091701850295067:0.085063040256500244] [0.61111111111111116:0.953125] [0:4] [0.013513513513513514:1]
tree_sizes=678 1002 1117 898 1003 1003 1114 793 896 893 897 899 1104 792 1011 908 903 1109 1112 1001 898 1337 1119 1230 895 898 1119 1329 1223 1103 1124 1223 1119 1224 1112 1012 1013 1339 1342 1017 1006 1334 1128 1126 1110 1127 1130 1018 1021 1229 1018 1117 1451 1230 1022 1337 1130 1443 1022 1244 1025 797 1247 1006 1027 1447 1358 903 1030 903 1332 1443 1010 1333 799 1233 1119 1562 1346 1119 1120 1014 1122 1120 1019 1012 1018 1015 1124 1023 1013 1243 1018 1014 1021 1241 1130 1239 1023 1121

Tree=0
num_leaves=5
num_cat=0
split_feature=35 36 23 4
split_gain=14.7071 7.09256 6.27469 1.77636e-15
threshold=0.038671575486660011 0.67818708609271539 1.5000000000000002 0.095757275819778456
decision_type=2 2 2 2
left_child=1 -1 3 -2
right_child=2 -3 -4 -5
leaf_value=0.079999999999999793 0.079999999999999905 -0.079999999999999974 -0.079999999999999835 0.07999999999999996
leaf_weight=0.5184385031461719 1.4683288671076304 3.0579481795430183 0.45135002210736264 1.5225308556109665
leaf_count=882 720 743 63 888
internal_value=2.76003e-10 -0.0568062 0.0590205 0.08
internal_weight=7.0186 3.57639 3.44221 2.99086
internal_count=3296 1625 1671 1608
is_linear=0
shrinkage=0.04


Tree=1
num_leaves=8
num_cat=0
split_feature=7 31 34 14 12 35 1
split_gain=38.3706 10.4047 4.66279 1.77574 2.11441 0.542506 0.0214931
threshold=-0.2745052427053451 0.84232922732362836 0.81990990990990997 0.060556972399353988 0.18273337930440905 0.063697345554828658 0.065181862562894835
decision_type=2 2 2 2 2 2 2
left_child=3 5 -3 4 -1 6 -2
right_child=1 2 -4 -5 -6 -7 -8
leaf_value=-0.0054337786650888011 -0.079915797854624868 0.045069223980179658 -0.04016152513171934 0.072079662760113364 0.064000030655160453 -0.049841059928898472 -0.071667773123581788
leaf_weight=1.2263245083740932 6.0673030186007946 2.1238643625256373 1.9886133995460111 6.5105864169163397 1.6403784261929102 1.1850224088411776 0.55144176141766355
leaf_count=287 1864 273 230 165 72 291 114
internal_value=4.92045e-11 -0.0476326 0.00385538 0.0605294 0.0342975 -0.074766 -0.0792286
internal_weight=21.2935 11.9162 4.11248 9.37729 2.8667 7.80377 6.61874
internal_count=3296 2772 503 524 359 2269 1978
is_linear=0
shrinkage=0.04


Tree=2
num_leaves=9
num_cat=0
split_feature=8 4 3 2 13 35 18 7
split_gain=21.4806 5.83958 4.30886 3.22298 0.767016 0.381742 0.0521188 0.0220986
threshold=-0.45055690407752985 0.071728833019733443 -0.095204174518585191 0.14490143954753879 0.6662912666797639 0.056090168654918678 0.072543933987617507 -0.2745052427053451
decision_type=2 2 2 2 2 2 2 2
left_child=1 2 -1 6 -5 -6 7 -2
right_child=3 -3 -4 4 5 -7 -8 -9
leaf_value=-0.044053015543430565 -0.079957299993326819 0.052510503615202771 0.026805575088594612 0.014171122248436946 -0.060940286523910848 -0.012503066587012269 -0.062610371763987913 -0.073940103251330727
leaf_weight=2.2512285649427213 1.4530393299064601 7.6162751368829049 3.5200628187740239 0.87554499087855209 0.51858096889918648 0.52277376584243029 0.52729131840169419 2.9779798358213143
leaf_count=217 103 105 150 104 177 131 254 2055
internal_value=-4.55026e-09 0.0295138 -0.000834492 -0.05747 -0.0134234 -0.0366242 -0.0744986 -0.0759133
internal_weight=20.2628 13.3876 5.77129 6.87521 1.9169 1.04135 4.95831 4.43102
internal_count=3296 472 367 2824 412 308 2412 2158
is_linear=0
shrinkage=0.04


Tree=3
num_leaves=7
num_cat=0
split_feature=7 4 38 32 3 14
split_gain=24.399 5.08995 3.68326 2.08218 0.301868 0.0162312
threshold=-0.27974134683609003 0.071728833019733443 0.33105022831050229 0.92779375119800667 0.18709603697061541 0.07509844005107881
decision_type=2 2 2 2 2 2
left_child=1 2 -1 4 5 -2
right_child=3 -3 -4 -5 -6 -7
leaf_value=0.026555049324424422 -0.070028134513038201 0.04880300693515336 -0.052512407176228897 -0.010140878752131688 -0.038674430603255518 -0.061404942747620352
leaf_weight=2.3191633800743179 5.3683244105195618 9.3219380793161672 1.5882228236878289 1.2457883089082313 0.55896684527397145 0.37355145055335004
leaf_count=193 2292 105 200 253 118 135
internal_value=-2.8371e-09 0.0327396 -0.00558325 -0.0573929 -0.0667354 -0.0694671
internal_weight=20.776 13.2293 3.90739 7.54663 6.30084 5.74188
internal_count=3296 498 393 2798 2545 2427
is_linear=0
shrinkage=0.04


Tree=4
num_leaves=8
num_cat=0
split_feature=8 22 13 4 38 19 7
split_gain=17.2234 5.05024 2.20883 2.06033 2.26231 0.0258204 0.0128327
threshold=-0.45055690407752985 0.10616078972816469 0.6575850546360017 0.071728833019733443 0.18257575757575759 0.086974789915966397 -0.27771462500095362
decision_type=2 2 2 2 2 2 2
left_child=3 5 -3 4 -1 -2 -7
right_child=1 2 -4 -5 -6 6 -8
leaf_value=0.034860450094914751 -0.055816084276653508 0.033991203671913953 -0.039997143665720533 0.040886916227509715 -0.025960150496256031 -0.074025294791719529 -0.066668257137865269
leaf_weight=2.0485058603808315 0.3364916880382206 1.4419903764501216 1.1689175856299696 8.4528339195530844 1.8733971980400381 0.41174267453607161 4.8207204883219674
leaf_count=111 140 87 296 105 256 97 2204
internal_value=2.19208e-09 -0.045036 0.000866221 0.0297694 0.00580794 -0.0665565 -0.0672472
internal_weight=20.5546 8.17986 2.61091 12.3747 3.9219 5.56895 5.23246
internal_count=3296 2824 383 472 367 2441 2301
is_linear=0
shrinkage=0.04


Tree=5
num_leaves=8
num_cat=0
split_feature=7 3 14 12 32 32 33
split_gain=14.7851 4.99949 2.47616 2.31542 1.61682 0.0064249 0.00393079
threshold=-0.27974134683609003 0.092048190534114852 0.060556972399353988 0.18610808253288272 0.92779375119800667 0.9236699623352167 0.35968750000000005
decision_type=2 2 2 2 2 2 2
left_child=2 5 3 -1 -3 6 -2
right_child=1 4 -4 -5 -6 -7 -8
leaf_value=-0.032699055491024059 -0.06249349139998131 -0.034378978820817467 0.038806407579139085 0.029907572303283392 0.030972307199075292 -0.069685083055853872 -0.064973073311272153
leaf_weight=1.8060070248320728 1.4340042020194221 1.0350735068786892 8.7037168582901341 1.9829182757530359 1.4602558693150056 0.37583533127326507 3.5683419607812539
leaf_count=278 661 260 160 60 132 125 1620
internal_value=3.2152e-09 -0.04293 0.0270567 6.58624e-05 0.00386431 -0.0646412 -0.0642623
internal_weight=20.3662 7.87351 12.4926 3.78893 2.49533 5.37818 5.00235
internal_count=3296 2798 498 338 392 2406 2281
is_linear=0
shrinkage=0.04


Tree=6
num_leaves=9
num_cat=0
split_feature=37 14 14 33 18 17 8 22
split_gain=12.4108 7.34 9.30188 2.07988 1.31354 0.418574 0.0444145 0.00526398
threshold=1.5000000000000002 0.071098305284976973 0.053909985348582275 0.067653579346349149 0.057370547205209739 0.01166822947561741 -0.45055690407752985 0.061923872679471977
decision_type=2 2 2 2 2 2 2 2
left_child=1 2 3 -1 -3 6 -2 -8
right_child=5 4 -4 -5 -6 -7 7 -9
leaf_value=0.032890708104184437 -0.07451048351078772 -0.069358640499165181 0.048577845228224031 -0.041819531620005339 -0.011391865686563855 -0.028852586709587135 -0.062608240222039438 -0.067836063093583421
leaf_weight=0.7513943463563949 0.68133353139273944 1.5187836795812466 9.7317382742185128 2.8867807333590463 1.0633921495173124 0.5840072170831262 2.6841328394366415 0.34814237849786867
leaf_count=55 118 241 291 878 135 216 1245 117
internal_value=5.24446e-09 0.0162538 0.028178 -0.0263896 -0.0454868 -0.0603316 -0.065282 -0.0632085
internal_weight=20.2497 15.9521 13.3699 3.63818 2.58218 4.29762 3.71361 3.03228
internal_count=3296 1600 1224 933 376 1696 1480 1362
is_linear=0
shrinkage=0.04


Tree=7
num_leaves=6
num_cat=0
split_feature=8 32 38 5 7
split_gain=14.8776 5.71195 1.8698 0.884904 0.0170103
threshold=-0.45055690407752985 0.92779375119800667 0.33105022831050229 0.11113278195261957 -0.27771462500095362
decision_type=2 2 2 2 2
left_child=2 3 -1 4 -2
right_child=1 -3 -4 -5 -6
leaf_value=0.042340237078899896 -0.068383060498708362 0.016497460016479101 0.0095452749730264314 -0.012800912772680211 -0.060170551500930501
leaf_weight=7.2864114302210528 0.43349855323322106 2.3160694835241884 4.4992702065501362 0.68324921955354501 5.8379738333169353
leaf_count=200 103 251 272 116 2354
internal_value=6.92221e-09 -0.0379099 0.0298205 -0.0560287 -0.0607382
internal_weight=21.0565 9.27079 11.7857 6.95472 6.27147
internal_count=3296 2824 472 2573 2457
is_linear=0
shrinkage=0.04


Tree=8
num_leaves=7
num_cat=0
split_feature=7 32 11 12 2 8
split_gain=14.4475 4.62426 2.58822 3.40964 0.111937 0.00697833
threshold=-0.27974134683609003 0.92779375119800667 0.12914310395717624 0.18610808253288272 0.2808364480733872 -0.43321478366851801
decision_type=2 2 2 2 2 2
left_child=2 4 3 -1 5 -2
right_child=1 -3 -4 -5 -6 -7
leaf_value=-0.03413124361755409 -0.064237573336724585 0.0097919298964439724 0.040765022214103226 0.037236571945343751 -0.037787127733750064 -0.058403726171409563
leaf_weight=2.0940822572447386 0.34859999071340997 2.2167170930188149 8.1527415481396002 2.1925180561374873 0.43782161828130473 5.5695697772316617
leaf_count=279 103 253 173 46 98 2344
internal_value=-6.51663e-10 -0.0399541 0.0275348 0.0023721 -0.0573035 -0.0587474
internal_weight=21.0121 8.57271 12.4393 4.2866 6.35599 5.91817
internal_count=3296 2798 498 325 2545 2447
is_linear=0
shrinkage=0.04


Tree=9
num_leaves=7
num_cat=0
split_feature=8 32 38 8 1 22
split_gain=13.8525 3.77174 2.62099 1.46372 0.421026 0.016684
threshold=-0.45055690407752985 0.92779375119800667 0.25186567164179113 -0.47671690583229059 0.16306054592132571 0.16779804229736331
decision_type=2 2 2 2 2 2
left_child=2 4 -1 -4 5 -2
right_child=1 -3 3 -5 -6 -7
leaf_value=0.042410948318096518 -0.05742120482661181 0.0061338831177221859 -0.015970837907694588 0.026772136194091131 -0.01471962831466489 -0.048765983036201652
leaf_weight=7.3209997941739875 5.6758797125658003 2.2261974518187344 2.5977484025061131 2.530662079108879 0.40432767407037307 0.38021021056920279
leaf_count=167 2394 251 228 77 77 102
internal_value=2.87428e-09 -0.0387669 0.0270498 0.00512108 -0.0542393 -0.0568778
internal_weight=21.136 8.68662 12.4494 5.12841 6.46042 6.05609
internal_count=3296 2824 472 305 2573 2496
is_linear=0
shrinkage=0.04


Tree=10
num_leaves=7
num_cat=0
split_feature=7 32 11 12 2 8
split_gain=12.8125 3.4175 2.73192 2.49689 0.0999643 0.00805985
threshold=-0.27974134683609003 0.92779375119800667 0.12914310395717624 0.18610808253288272 0.2808364480733872 -0.43559907376766199
decision_type=2 2 2 2 2 2
left_child=2 4 3 -1 5 -2
right_child=1 -3 -4 -5 -6 -7
leaf_value=-0.033140252029399728 -0.06165498205623287 0.0036134882305536679 0.037612619645093222 0.030517157286194505 -0.035322766780461562 -0.055265012231055691
leaf_weight=2.0443136077374251 0.33578529558144499 2.2347233274485916 8.789846887579186 1.9041638036724178 0.41578803537413467 5.3135844179196265
leaf_count=279 99 253 173 46 98 2348
internal_value=-7.48796e-10 -0.0386716 0.0251972 -0.0024413 -0.0542517 -0.0556448
internal_weight=21.0382 8.29988 12.7383 3.94848 6.06516 5.64937
internal_count=3296 2798 498 325 2545 2447
is_linear=0
shrinkage=0.04


Tree=11
num_leaves=7
num_cat=0
split_feature=8 22 31 13 18 7
split_gain=12.227 3.11528 2.71204 2.58104 0.015204 0.00914059
threshold=-0.45055690407752985 0.10616078972816469 0.3017395182872436 0.6662912666797639 0.076125741004943862 -0.27771462500095362
decision_type=2 2 2 2 2 2
left_child=2 4 -1 -3 5 -2
right_child=1 3 -4 -5 -6 -7
leaf_value=0.039672760803605635 -0.06136174339532173 0.029787492025535288 0.0015098794394641046 -0.049297662289740425 -0.048394804403180967 -0.054763059533614322
leaf_weight=7.7136166004929709 0.36184000526554871 1.6185323274694385 4.8545120190829039 1.1152294273488221 0.57940109644550819 4.6809094996424374
leaf_count=177 97 89 295 294 234 2110
internal_value=-2.51224e-09 -0.0375004 0.0249321 -0.00247505 -0.0545315 -0.0552365
internal_weight=20.924 8.35591 12.5681 2.73376 5.62215 5.04275
internal_count=3296 2824 472 383 2441 2207
is_linear=0
shrinkage=0.04


Tree=12
num_leaves=9
num_cat=0
split_feature=7 22 11 7 14 35 33 8
split_gain=12.436 4.13893 2.14231 1.93827 1.4365 0.758923 0.664007 0.108649
threshold=-0.3292213082313537 0.10252523422241212 0.19826285541057589 -0.34204414486885065 0.062265528365969665 0.063697345554828658 0.22725738396624476 -0.45311748981475825
decision_type=2 2 2 2 2 2 2 2
left_child=3 5 -3 -1 -4 7 -7 -2
right_child=1 2 4 -5 -6 6 -8 -9
leaf_value=0.014855058639646241 -0.06886182068007006 0.044097979121312005 0.0089865333205088639 0.049328249439747368 -0.052381739636274779 0.0060198473422300412 -0.050182886133377784 -0.052319122284303667
leaf_weight=5.5304430453106761 0.727828853065147 1.3515632008202376 1.3598172117490324 4.9410624743904936 1.1072178673930464 0.69823663122951962 0.64892554306425154 4.993029069970361
leaf_count=264 99 46 120 52 251 46 264 2154
internal_value=3.33666e-09 -0.0299348 0.00361998 0.0311215 -0.0185559 -0.0480633 -0.0210529 -0.0544237
internal_weight=21.3581 10.8866 3.8186 10.4715 2.46704 7.06802 1.34716 5.72086
internal_count=3296 2980 417 316 371 2563 310 2253
is_linear=0
shrinkage=0.04


Tree=13
num_leaves=6
num_cat=0
split_feature=8 32 31 1 7
split_gain=10.9661 3.14756 2.8479 0.181224 0.0111001
threshold=-0.45055690407752985 0.92779375119800667 0.3017395182872436 0.16306054592132571 -0.27771462500095362
decision_type=2 2 2 2 2
left_child=2 3 -1 4 -2
right_child=1 -3 -4 -5 -6
leaf_value=0.036657004267739532 -0.05873186816101103 0.0043081776907859162 -0.0032146032247230821 -0.023526009279906761 -0.051679807335907227
leaf_weight=8.5388382161036152 0.38253530347719777 2.3198416077066213 4.3145672255195668 0.37711877748370159 5.3752866396680457
leaf_count=177 103 251 295 77 2393
internal_value=2.95215e-10 -0.035381 0.0232731 -0.0503889 -0.0521483
internal_weight=21.3082 8.45478 12.8534 6.13494 5.75782
internal_count=3296 2824 472 2573 2496
is_linear=0
shrinkage=0.04


Tree=14
num_leaves=8
num_cat=0
split_feature=7 4 3 13 17 32 8
split_gain=10.1942 3.62579 2.95191 2.33786 1.61806 0.0166195 0.00735238
threshold=-0.27974134683609003 1.0000000180025095e-35 0.092048190534114852 0.6575850546360017 -0.010235078632831572 0.92779375119800667 -0.43321478366851801
decision_type=2 2 2 2 2 2 2
left_child=1 4 5 -4 -1 6 -2
right_child=2 -3 3 -5 -6 -7 -8
leaf_value=0.017524743163878406 -0.057163019578553145 0.036044876688655865 0.029373633728505481 -0.046679401253904455 -0.033442713711079868 -0.059135088478512933 -0.050954888004524419
leaf_weight=1.8658571140840639 0.3267470427090301 9.0076923148008046 1.6249479063553738 1.0742325866594908 2.1392945693805849 0.48317022994160641 4.6349240785930288
leaf_count=95 98 178 96 296 225 121 2187
internal_value=-4.67656e-09 0.0219657 -0.0350977 -0.000894312 -0.0096988 -0.0520533 -0.0513637
internal_weight=21.1569 13.0128 8.14402 2.69918 4.00515 5.44484 4.96167
internal_count=3296 498 2798 392 320 2406 2285
is_linear=0
shrinkage=0.04


Tree=15
num_leaves=7
num_cat=0
split_feature=8 3 11 37 1 32
split_gain=9.42641 2.81313 2.75863 1.58875 0.0467657 0.00857119
threshold=-0.45055690407752985 0.092048190534114852 0.12914310395717624 1.0000000180025095e-35 0.097173877060413374 0.92779375119800667
decision_type=2 2 2 2 2 2
left_child=2 4 -1 -3 5 -2
right_child=1 3 -4 -5 -6 -7
leaf_value=-0.0058783405470881145 -0.050576777467933542 0.025422025777899315 0.034074023988469621 -0.037830603776744118 -0.035834893562502412 -0.056736440576703594
leaf_weight=4.0474948841147151 4.7336980801774171 1.5895033653359862 8.7283677766099554 1.0584398386999962 0.34511581773404021 0.39132981747388829
leaf_count=289 2243 135 183 249 87 110
internal_value=-3.28063e-10 -0.0337047 0.0214168 0.00013859 -0.0500874 -0.0510471
internal_weight=20.8939 8.11809 12.7759 2.64794 5.47014 5.12503
internal_count=3296 2824 472 384 2440 2353
is_linear=0
shrinkage=0.04


Tree=16
num_leaves=7
num_cat=0
split_feature=7 4 32 17 3 8
split_gain=8.97673 3.31298 2.48948 1.83773 0.0729967 0.00915288
threshold=-0.27974134683609003 1.0000000180025095e-35 0.92779375119800667 -0.010512312874197958 0.18709603697061541 -0.44130900502204889
decision_type=2 2 2 2 2 2
left_child=1 3 4 -1 5 -2
right_child=2 -3 -4 -5 -6 -7
leaf_value=0.018299655624060711 -0.056350136239266824 0.03342073125999355 0.0022494717807464114 -0.036955947729164121 -0.032980790184582894 -0.049343708285863333
leaf_weight=1.8304655477404588 0.31820796348620284 9.128670387901364 2.1550399246625602 2.0322688375599718 0.45037392596714187 4.7735019029350934
leaf_count=82 88 178 253 238 118 2339
internal_value=-1.25371e-09 0.020281 -0.0342309 -0.0107715 -0.0484163 -0.0497816
internal_weight=20.6885 12.9914 7.69712 3.86273 5.54208 5.09171
internal_count=3296 498 2798 320 2545 2427
is_linear=0
shrinkage=0.04


Tree=17
num_leaves=9
num_cat=0
split_feature=8 38 37 32 4 35 32 3
split_gain=8.3898 2.9795 2.39765 2.09907 1.00714 0.229837 0.0340765 0.0716222
threshold=-0.45055690407752985 0.25186567164179113 1.0000000180025095e-35 0.92779375119800667 0.071728833019733443 0.056660171598196037 0.9490443562928238 0.14594174921512607
decision_type=2 2 2 2 2 2 2 2
left_child=1 -1 3 5 -3 -2 7 -4
right_child=2 4 6 -5 -6 -7 -8 -9
leaf_value=0.03442478281336251 -0.050056697280852901 -0.02464227165070661 -0.049384130015564527 0.0329347006264189 0.012680901961042067 -0.013467086267285371 -0.058058529849994552 -0.02955139943257707
leaf_weight=8.1421885534655321 0.88218008517287605 2.2877604665700337 4.1204820838756859 1.3408897134941069 2.3399660505820066 0.3988714866572991 0.6109427383635192 0.31350848893634964
leaf_count=167 379 232 2052 63 73 102 143 85
internal_value=2.99173e-10 0.0198584 -0.0330761 -0.00204766 -0.00577016 -0.0386641 -0.0492021 -0.0479818
internal_weight=20.4368 12.7699 7.66687 2.62194 4.62773 1.28105 5.04493 4.43399
internal_count=3296 472 2824 544 305 481 2280 2137
is_linear=0
shrinkage=0.04


Tree=18
num_leaves=9
num_cat=0
split_feature=37 33 32 38 17 3 8 32
split_gain=7.7048 4.80132 2.72966 1.52964 0.360902 0.114394 0.104867 0.00758569
threshold=1.5000000000000002 0.1995762711864407 0.92779375119800667 0.18257575757575759 0.01166822947561741 0.18709603697061541 -0.45055690407752985 0.92779375119800667
decision_type=2 2 2 2 2 2 2 2
left_child=1 3 5 -1 6 -3 -2 -8
right_child=4 2 -4 -5 -6 -7 7 -9
leaf_value=0.039663751939738603 -0.065392546255834474 -0.050516701332567929 0.016378436849867856 0.010300865372678974 -0.018936818427988753 -0.02766689453469013 -0.048419424282867163 -0.054741701985812706
leaf_weight=6.3011665352387407 0.83145565190352799 2.345473121036775 1.7855925674084572 5.1658627331489697 0.57997097948100407 0.41215819306671608 2.4403258649399473 0.34679799224250007
leaf_count=110 118 965 140 277 216 108 1266 96
internal_value=-8.63633e-10 0.012648 -0.0221524 0.0264359 -0.0482303 -0.0471015 -0.0529253 -0.0492061
internal_weight=20.2088 16.0103 4.54322 11.467 4.19855 2.75763 3.61858 2.78712
internal_count=3296 1600 1213 387 1696 1073 1480 1362
is_linear=0
shrinkage=0.04


Tree=19
num_leaves=8
num_cat=0
split_feature=7 12 0 3 13 32 8
split_gain=7.34849 2.67908 4.32552 2.28388 1.67317 0.0124272 0.00597472
threshold=-0.27974134683609003 0.12711639702320102 -0.037600064650177949 0.092048190534114852 0.6575850546360017 0.92779375119800667 -0.43805727362632746
decision_type=2 2 2 2 2 2 2
left_child=1 2 -1 5 -5 6 -2
right_child=3 -3 -4 4 -6 -7 -8
leaf_value=0.033005852851930771 -0.05320735801002522 0.0307758635727595 -0.049549661930762066 0.025572150676446061 -0.040464567914872809 -0.054585025909623823 -0.047171974486364503
leaf_weight=2.0176224492024621 0.28057045396417457 8.7335598955396545 2.0444284593686497 1.508173471898772 1.0352949820226056 0.44439325295388687 4.0609751379815844
leaf_count=46 88 194 258 96 296 121 2197
internal_value=4.38543e-09 0.0182934 -0.0085443 -0.0319365 -0.00130748 -0.0482141 -0.047562
internal_weight=20.125 12.7956 4.06205 7.32941 2.54347 4.78594 4.34155
internal_count=3296 498 304 2798 392 2406 2285
is_linear=0
shrinkage=0.04


Tree=20
num_leaves=7
num_cat=0
split_feature=8 38 22 13 18 7
split_gain=6.7954 2.54912 2.48768 1.47408 0.0133298 0.00789013
threshold=-0.45055690407752985 0.29361054766734285 0.10616078972816469 0.6575850546360017 0.076125741004943862 -0.27974134683609003
decision_type=2 2 2 2 2 2
left_child=1 -1 4 -4 5 -2
right_child=2 -3 3 -5 -6 -7
leaf_value=0.030981049732000467 -0.054082389360582843 -0.007274522980504048 0.024480828165301626 -0.035760471823015672 -0.04143086236805954 -0.047671570653481148
leaf_weight=8.2710110184270906 0.33323581703007299 4.2031412350479505 1.6335309578571471 1.0793203257489947 0.52725221856962878 3.9267686886014399
leaf_count=180 89 292 87 296 234 2118
internal_value=4.25114e-10 0.0180909 -0.0300887 0.000513551 -0.0474305 -0.0481731
internal_weight=19.9743 12.4742 7.50011 2.71285 4.78726 4.26
internal_count=3296 472 2824 383 2441 2207
is_linear=0
shrinkage=0.04


Tree=21
num_leaves=11
num_cat=0
split_feature=37 13 14 11 38 17 6 35 8 32
split_gain=6.40744 3.94666 4.09121 2.36146 1.08889 0.693191 0.174842 0.103878 0.0861845 0.00607318
threshold=1.5000000000000002 0.90752732753753673 0.053909985348582275 0.022587182931602005 0.18469785575048733 0.012595004402101042 -0.052728971466422074 0.045224050059914596 -0.45055690407752985 0.9236699623352167
decision_type=2 2 2 2 2 2 2 2 2 2
left_child=1 2 3 -1 -4 8 -3 -8 -2 -10
right_child=5 6 4 -5 -6 -7 7 -9 9 -11
leaf_value=0.018492299769437916 -0.062634465490471386 -0.064559895587207469 0.047529291212364475 -0.041529999330486136 0.020758065051224107 0.0055105959933045654 -0.05121567387968981 -0.024508616655401074 -0.046889509236350373 -0.052491560602178654
leaf_weight=1.8931950167752827 0.77856222726404833 0.64558863686397672 4.2321114320075122 2.3512678873958066 5.7115974728949368 0.38666733051650215 0.45314062188845017 0.47969488531816751 2.4567966856993722 0.35427889460697759
leaf_count=117 118 116 31 733 292 79 167 144 1391 108
internal_value=-2.79875e-09 0.0114437 0.0181188 -0.0147577 0.0321521 -0.045376 -0.0485571 -0.037482 -0.0508574 -0.0475955
internal_weight=19.7429 15.7666 14.1882 4.24446 9.94371 3.97631 1.57842 0.932836 3.58964 2.81108
internal_count=3296 1600 1173 850 323 1696 427 311 1617 1499
is_linear=0
shrinkage=0.04


Tree=22
num_leaves=9
num_cat=0
split_feature=37 33 4 14 17 8 8 32
split_gain=5.98371 3.625 2.22934 1.62008 0.594198 0.0592349 0.0493065 0.00505798
threshold=1.5000000000000002 0.13417721518987344 0.09323532879352571 0.063545152544975295 0.012595004402101042 -0.45055690407752985 -0.45055690407752985 0.9236699623352167
decision_type=2 2 2 2 2 2 2 2
left_child=1 -1 6 -4 5 -2 -3 -7
right_child=4 2 3 -5 -6 7 -8 -9
leaf_value=0.028065470941730265 -0.060028095113326692 -0.062717380700769723 0.012863710952982657 -0.037866956603592065 0.0026987202525425077 -0.046461159732721628 -0.047813063296245802 -0.051634167086520563
leaf_weight=8.7738583511672932 0.71333236969076264 0.71065042749978602 4.2570360627723858 1.3193563733948392 0.38365232886280853 2.430230452911927 0.70991182990837731 0.34540234599262465
leaf_count=252 118 99 565 312 79 1391 372 108
internal_value=2.24493e-09 0.0109399 -0.0105349 0.000860999 -0.0445514 -0.0497471 -0.0552691 -0.0471049
internal_weight=19.6434 15.7708 6.99695 5.57639 3.87262 3.48897 1.42056 2.77563
internal_count=3296 1600 1348 877 1696 1617 471 1499
is_linear=0
shrinkage=0.04


Tree=23
num_leaves=10
num_cat=0
split_feature=37 18 14 14 18 17 7 8 32
split_gain=5.54728 3.703 3.58565 2.88558 0.633996 0.572377 0.0469594 0.0463059 0.00417935
threshold=1.5000000000000002 0.0069186263717710981 0.071098305284976973 0.053909985348582275 0.057370547205209739 0.012595004402101042 -0.32422265410423273 -0.45055690407752985 0.9236699623352167
decision_type=2 2 2 2 2 2 2 2 2
left_child=1 6 3 -3 -4 7 -1 -2 -9
right_child=5 2 4 -5 -6 -7 -8 8 -10
leaf_value=-0.065882867482801047 -0.058380396079932277 -0.0062133760638490481 -0.058167726742318529 0.035715006142431734 -0.011833562373455085 0.002528357744850131 -0.049987566793172789 -0.046051549601839041 -0.050838798885376422
leaf_weight=0.53036534273996949 0.6713371898513304 3.700829201261512 0.96525812405161449 9.0448174758348596 0.92558450414799154 0.38456802919972677 0.67692993080709374 2.3673790427856134 0.33279823150951404
leaf_count=51 118 715 196 246 135 79 257 1391 108
internal_value=1.24399e-09 0.0103612 0.0159151 0.0235407 -0.0354867 -0.0437054 -0.0569704 -0.048979 -0.0466416
internal_weight=19.5999 15.8438 14.6365 12.7456 1.89084 3.75608 1.2073 3.37151 2.70018
internal_count=3296 1600 1292 961 331 1696 308 1617 1499
is_linear=0
shrinkage=0.04


Tree=24
num_leaves=7
num_cat=0
split_feature=7 32 12 0 14 3
split_gain=5.33192 2.72328 2.44748 3.56823 0.103627 0.0114076
threshold=-0.27974134683609003 0.92779375119800667 0.12711639702320102 -0.037600064650177949 0.086233921349048628 0.18709603697061541
decision_type=2 2 2 2 2 2
left_child=2 4 3 -1 5 -2
right_child=1 -3 -4 -5 -6 -7
leaf_value=0.028701127028691351 -0.045930347556219768 0.008186813302519939 0.028282866086062591 -0.049264006859214886 -0.021083097317671343 -0.037869943420947683
leaf_weight=1.8646121295168989 4.3340455153957 2.3763870709808543 8.3792773745954019 1.8925155109027434 0.29825073108077038 0.30040437960997213
leaf_count=46 2363 253 194 258 105 77
internal_value=1.37576e-09 -0.0269902 0.0162547 -0.010571 -0.0439371 -0.0454079
internal_weight=19.4455 7.30909 12.1364 3.75713 4.9327 4.63445
internal_count=3296 2798 498 304 2545 2440
is_linear=0
shrinkage=0.04


Tree=25
num_leaves=7
num_cat=0
split_feature=8 3 31 6 5 7
split_gain=5.16341 2.65952 2.00578 1.02646 0.0856091 0.00828235
threshold=-0.45055690407752985 0.092048190534114852 0.3017395182872436 0.13556933403015139 0.087518386542797103 -0.27974134683609003
decision_type=2 2 2 2 2 2
left_child=2 4 -1 -3 5 -2
right_child=1 3 -4 -5 -6 -7
leaf_value=0.02851200195115039 -0.052033464775635557 0.028987277877636212 -0.005733116272937995 -0.019828663141849008 -0.023880264628724803 -0.045613464856541164
leaf_weight=7.6681681438349205 0.34962039324455041 1.3954932681517678 4.2550832112319767 1.3616695717209948 0.29549855447839934 3.999756650766356
leaf_count=177 93 152 295 232 70 2277
internal_value=5.10473e-09 -0.0262414 0.0162909 0.00487873 -0.0447141 -0.0461295
internal_weight=19.3253 7.40204 11.9233 2.75716 4.64488 4.34938
internal_count=3296 2824 472 384 2440 2370
is_linear=0
shrinkage=0.04


Tree=26
num_leaves=9
num_cat=0
split_feature=37 33 11 14 17 8 8 32
split_gain=5.04156 3.03827 1.9579 1.96186 0.479724 0.0494443 0.0400826 0.0037655
threshold=1.5000000000000002 0.13417721518987344 0.10257145017385484 0.063545152544975295 0.012595004402101042 -0.45055690407752985 -0.45055690407752985 0.9236699623352167
decision_type=2 2 2 2 2 2 2 2
left_child=1 -1 5 -4 6 -3 -2 -8
right_child=4 2 3 -5 -6 -7 7 -9
leaf_value=0.025568497578794296 -0.056782137297072516 -0.061692646351071016 0.015724665269265078 -0.03766272018823958 -0.00017325905598518214 -0.046196848044997907 -0.045084973000457246 -0.049669077222702418
leaf_weight=8.6784784734481963 0.65512150456197726 0.52031596819870174 3.951836496242322 1.5268054638290776 0.3756889784708618 0.89821530494373181 2.2025790142361061 0.32960853725671757
leaf_count=252 118 66 402 375 79 505 1391 108
internal_value=3.76132e-09 0.0098191 -0.00999782 0.000846498 -0.0429242 -0.0518807 -0.0479633 -0.0456817
internal_weight=19.1386 15.5757 6.89717 5.47864 3.563 1.41853 3.18731 2.53219
internal_count=3296 1600 1348 777 1696 571 1617 1499
is_linear=0
shrinkage=0.04


Tree=27
num_leaves=11
num_cat=0
split_feature=37 21 2 11 12 1 17 7 8 32
split_gain=4.64602 2.74045 3.12839 2.44255 2.41231 0.991125 0.628301 0.0681452 0.0310489 0.0040988
threshold=1.5000000000000002 0.52232142857142871 0.13273318111896518 0.12914310395717624 0.18273337930440905 0.050983056426048286 0.014266826678067447 -0.30447891354560846 -0.45055690407752985 0.92779375119800667
decision_type=2 2 2 2 2 2 2 2 2 2
left_child=1 3 7 4 -1 -4 8 -3 -2 -10
right_child=6 2 5 -5 -6 -7 -8 -9 9 -11
leaf_value=-0.04009220971389011 -0.055373611070826181 -0.061556042411623324 0.023661891504766414 0.040216083742534964 0.024687034583295683 -0.015584513386018727 0.012040685535995499 -0.046499358445025216 -0.044784968110426079 -0.049559783835181045
leaf_weight=1.5422044706065228 0.62615067861043083 0.88698588754050334 2.5579928563674912 5.4738046781858429 2.2789280733559281 1.7230576492147518 0.312871470930986 1.0506193102337418 2.1760353201534586 0.33146537747234095
leaf_count=231 120 99 181 98 231 229 52 531 1414 110
internal_value=-7.36801e-10 0.00933285 -0.0112208 0.023084 -0.00145779 0.00786581 -0.0420093 -0.0533919 -0.0474058 -0.0454161
internal_weight=18.9601 15.5136 6.21866 9.29494 3.82113 4.28105 3.44652 1.93761 3.13365 2.5075
internal_count=3296 1600 1040 560 462 410 1696 630 1644 1524
is_linear=0
shrinkage=0.04


Tree=28
num_leaves=10
num_cat=0
split_feature=37 33 22 31 7 17 19 8 32
split_gain=4.53982 2.68333 2.71841 0.788431 0.773835 0.353556 0.189637 0.0251519 0.0026665
threshold=1.5000000000000002 0.15986111111111115 0.10252523422241212 0.8938283781879669 -0.34686070680618281 0.012595004402101042 0.13921188630490958 -0.45055690407752985 0.9236699623352167
decision_type=2 2 2 2 2 2 2 2 2
left_child=1 4 6 -4 -1 7 -3 -2 -9
right_child=5 2 3 -5 -6 -7 -8 8 -10
leaf_value=0.010551753273225408 -0.054188720653205749 -0.018879213939779468 0.027237526631921118 -0.01074418269504256 0.03334625007828021 -0.0041934680279702907 -0.049514292816746491 -0.044443845256596851 -0.048429195790619321
leaf_weight=4.6364463334903121 0.58759190654382276 0.38442339678294901 1.9694851632229986 1.5727476344909517 4.9026409286307189 0.34842868277337391 2.0333112711086869 2.0923250523628654 0.30817800958175201
leaf_count=183 118 100 142 205 121 79 849 1391 108
internal_value=7.61451e-11 0.00911138 -0.0119446 0.0103737 0.022267 -0.0423248 -0.0446433 -0.0467711 -0.0449555
internal_weight=18.8356 15.4991 5.95997 3.54223 9.53909 3.33652 2.41773 2.98809 2.4005
internal_count=3296 1600 1296 347 304 1696 949 1617 1499
is_linear=0
shrinkage=0.04


Tree=29
num_leaves=9
num_cat=0
split_feature=14 14 3 31 31 17 18 35
split_gain=4.1498 3.92416 2.23478 1.1114 1.0836 0.856819 0.814947 0.372178
threshold=0.053909985348582275 0.071098305284976973 -0.16012529283761975 0.49894514767932496 0.87579787234042572 0.014266826678067447 0.057370547205209739 0.056090168654918678
decision_type=2 2 2 2 2 2 2 2
left_child=2 3 -1 -2 -5 7 -3 -4
right_child=1 6 5 4 -6 -7 -8 -9
leaf_value=0.016462217973788777 0.037107421033728015 -0.054279178166689895 -0.048654007638225027 -0.014658742834492065 0.029883628718655492 0.017222918450438895 -0.007290382852894484 -0.024476801082411286
leaf_weight=1.6435260346625007 5.7839804820250702 1.2121653393842273 3.4867641919991019 1.6767809860175478 1.8249160646228118 0.4310122204478829 1.1516086629126219 1.4392252753023056
leaf_count=137 172 280 1726 238 84 71 168 420
internal_value=-5.6234e-09 0.0146267 -0.0243401 0.0263399 0.0085546 -0.0368582 -0.0313867 -0.0415902
internal_weight=18.65 11.6495 7.00053 9.28568 3.5017 5.357 2.36377 4.92599
internal_count=3296 942 2354 494 322 2217 448 2146
is_linear=0
shrinkage=0.04


Tree=30
num_leaves=9
num_cat=0
split_feature=37 18 38 14 22 17 8 32
split_gain=4.23599 2.49082 2.47797 2.07481 0.425352 0.307032 0.0207202 0.00222642
threshold=1.5000000000000002 0.0082565248012542742 0.25186567164179113 0.063545152544975295 0.038703564554452903 0.012595004402101042 -0.45055690407752985 0.92779375119800667
decision_type=2 2 2 2 2 2 2 2
left_child=1 4 -3 -4 -1 6 -2 -8
right_child=5 2 3 -5 -6 -7 7 -9
leaf_value=-0.056997857804882771 -0.05307556064313234 0.032522955377756693 0.012044852886211913 -0.034491673254561199 -0.014695568952503995 -0.0061967397014036701 -0.044019400210694448 -0.047739811426695589
leaf_weight=0.90235861693509167 0.56102246162481773 6.343545174575409 5.2567191850394011 2.1638894118368626 0.657371666864492 0.34427475847769518 1.9964725708123281 0.29544799507129926
leaf_count=227 118 219 649 382 123 79 1392 107
internal_value=6.08441e-11 0.00873787 0.0141666 -0.00152545 -0.0391689 -0.0418796 -0.0461855 -0.044499
internal_weight=18.5211 15.3239 13.7642 7.42061 1.55973 3.19722 2.85294 2.29192
internal_count=3296 1600 1250 1031 350 1696 1617 1499
is_linear=0
shrinkage=0.04


Tree=31
num_leaves=10
num_cat=0
split_feature=37 13 14 3 38 17 2 8 32
split_gain=4.00175 2.38333 2.6288 2.16537 0.930989 0.400417 0.269359 0.0173418 0.00249169
threshold=1.5000000000000002 0.91068038344383251 0.053909985348582275 -0.16012529283761975 0.26352339181286555 0.014266826678067447 0.1973603889346123 -0.45055690407752985 0.92779375119800667
decision_type=2 2 2 2 2 2 2 2 2
left_child=1 2 3 -1 -4 7 -3 -2 -9
right_child=5 6 4 -5 -6 -7 -8 8 -10
leaf_value=0.024005250587288151 -0.05223736431462659 -0.051353820453308351 0.039605813042611911 -0.033884133584881106 0.014281331484943824 0.0041179129989329785 -0.016690314004345053 -0.043804970071203826 -0.047709337528957951
leaf_weight=1.6679090090328803 0.54902442172169852 0.98123268055496626 4.2075164848938567 2.7195145126897891 5.1847539542941377 0.28209803928621102 0.56533105834387243 1.9829052190179921 0.3012569686397909
leaf_count=66 120 292 47 785 282 52 128 1414 110
internal_value=4.03127e-09 0.00840074 0.0136852 -0.0118771 0.0256261 -0.0413291 -0.0386829 -0.0458542 -0.0443199
internal_weight=18.4415 15.3263 13.7797 4.38742 9.39227 3.11528 1.54656 2.83319 2.28416
internal_count=3296 1600 1180 851 329 1696 420 1644 1524
is_linear=0
shrinkage=0.04


Tree=32
num_leaves=9
num_cat=0
split_feature=37 18 38 14 17 12 7 32
split_gain=3.52937 2.31761 2.09945 1.84506 0.579401 0.41733 0.0143533 0.00211557
threshold=1.5000000000000002 0.0082565248012542742 0.25186567164179113 0.063545152544975295 0.014266826678067447 0.21374859660863879 -0.28577433526515955 0.92779375119800667
decision_type=2 2 2 2 2 2 2 2
left_child=1 5 -3 -4 6 -1 -2 -8
right_child=4 2 3 -5 -6 -7 7 -9
leaf_value=-0.058422332096827463 -0.051344761533950893 0.030218830378252213 0.01127318203651308 -0.033254139673648389 0.010345603630289711 -0.016645796139483238 -0.043534554681061349 -0.047221891341346071
leaf_weight=0.80954762035981065 0.53334574308246541 6.2456037427764368 5.2571199323283508 2.0772694078041241 0.33440729393623758 0.72542633797274902 1.8854235038161262 0.28682861558627326
leaf_count=152 125 219 649 382 52 198 1409 110
internal_value=9.46714e-10 0.00790941 0.0131754 -0.00133799 -0.0393258 -0.0386788 -0.0454651 -0.0440214
internal_weight=18.155 15.115 13.58 7.33439 3.04001 1.53497 2.7056 2.17225
internal_count=3296 1600 1250 1031 1696 350 1644 1519
is_linear=0
shrinkage=0.04


Tree=33
num_leaves=10
num_cat=0
split_feature=37 13 14 7 38 17 34 8 32
split_gain=3.51852 2.10706 2.49761 1.98252 0.932933 0.414707 0.302757 0.0115484 0.00179486
threshold=1.5000000000000002 0.91068038344383251 0.053909985348582275 -0.38850602507591242 0.33105022831050229 0.014266826678067447 0.91704892966360874 -0.45055690407752985 0.9236699623352167
decision_type=2 2 2 2 2 2 2 2 2
left_child=1 2 3 -1 -4 7 -3 -2 -9
right_child=5 6 4 -5 -6 -7 -8 8 -10
leaf_value=0.025164008258725393 -0.050575652272357365 -0.051749011342604949 0.037025589672648178 -0.031776255052783933 0.011660287596717962 0.0047219441243421161 -0.015090920460186126 -0.0433700783934515 -0.046801237448134775
leaf_weight=1.4874725374393141 0.49919716443400997 0.90509974875021615 4.6818918990902585 2.8584563375334304 4.5988968014717102 0.29745901958085585 0.59906272997613996 1.8610625796718507 0.28072793048340816
leaf_count=43 120 273 63 808 266 52 147 1413 111
internal_value=5.21563e-09 0.0077785 0.0127378 -0.0122874 0.0244564 -0.0400536 -0.0371492 -0.0450968 -0.0438198
internal_weight=18.0693 15.1309 13.6267 4.34593 9.28079 2.93845 1.50416 2.64099 2.14179
internal_count=3296 1600 1180 851 329 1696 420 1644 1524
is_linear=0
shrinkage=0.04


Tree=34
num_leaves=9
num_cat=0
split_feature=14 14 22 12 22 17 18 35
split_gain=3.30061 3.13122 2.24684 0.916861 1.15844 0.739311 0.65627 0.345349
threshold=0.053909985348582275 0.071098305284976973 -0.10345710813999175 0.13962478190660479 0.10252523422241212 0.014266826678067447 0.057370547205209739 0.056090168654918678
decision_type=2 2 2 2 2 2 2 2
left_child=2 3 -1 -2 -5 7 -3 -4
right_child=1 6 5 4 -6 -7 -8 -9
leaf_value=0.02055118483946616 0.037401380043047688 -0.051268810130567076 -0.046777987794996728 -0.011458097668590564 0.027802068003689437 0.014979525460092845 -0.0073504369955523707 -0.023416463312894875
leaf_weight=1.5123104439117021 4.1297468643169832 1.1193939184886397 3.2488017535652052 2.0190324581926689 2.9734751379583031 0.43534915719646949 1.059795723762363 1.4708197696600107
leaf_count=113 57 280 1765 323 114 70 168 406
internal_value=2.90392e-09 0.0131676 -0.0223198 0.0234583 0.0119248 -0.0348969 -0.0299102 -0.0394976
internal_weight=17.9687 11.3014 6.66728 9.12225 4.99251 5.15497 2.17919 4.71962
internal_count=3296 942 2354 494 437 2241 448 2171
is_linear=0
shrinkage=0.04


Tree=35
num_leaves=8
num_cat=0
split_feature=37 32 33 22 17 8 32
split_gain=3.13409 2.49456 2.9052 1.63441 0.490059 0.00917609 0.00145711
threshold=1.5000000000000002 0.11262941889749092 0.12541390728476823 0.10252523422241212 0.014266826678067447 -0.45055690407752985 0.92779375119800667
decision_type=2 2 2 2 2 2 2
left_child=1 -1 -3 -4 5 -2 -7
right_child=4 2 3 -5 -6 6 -8
leaf_value=-0.044057201068582172 -0.049590488485963195 0.0321053178494283 -0.025703847395302987 0.012611606052671422 0.0065111742837567453 -0.043003532570087648 -0.046177027925208405
leaf_weight=1.3729791596415477 0.47610962938051837 6.4032502038171497 3.2901717314962298 3.884134570020251 0.34110936964862038 1.7628508104826308 0.26648574660066504
leaf_count=200 120 123 934 343 52 1414 110
internal_value=2.72967e-09 0.00732441 0.0125202 -0.00496005 -0.0384689 -0.0445928 -0.0434203
internal_weight=17.7971 14.9505 13.5776 7.17431 2.84656 2.50545 2.02934
internal_count=3296 1600 1400 1277 1696 1644 1524
is_linear=0
shrinkage=0.04


Tree=36
num_leaves=8
num_cat=0
split_feature=37 32 33 2 17 8 32
split_gain=3.00963 2.22537 2.65157 1.41632 0.447599 0.00785938 0.00126571
threshold=1.5000000000000002 0.11262941889749092 0.12541390728476823 0.059731433168053634 0.014266826678067447 -0.45055690407752985 0.92779375119800667
decision_type=2 2 2 2 2 2 2
left_child=1 -1 -3 -4 5 -2 -7
right_child=4 2 3 -5 -6 6 -8
leaf_value=-0.042369429424361983 -0.049030479309547521 0.03078617077278922 -0.032050760324745832 0.0068456398129612874 0.0043340664588122574 -0.042820936821088083 -0.045827111104747735
leaf_weight=1.3234772696159804 0.45821457821875955 6.3592895374167693 2.1283435510704294 5.0560017592506483 0.3457203700672834 1.7121441311901415 0.2578395197633655
leaf_count=200 120 123 643 634 52 1414 110
internal_value=-1.50275e-09 0.00713654 0.0119742 -0.00467732 -0.0382491 -0.0443119 -0.0432144
internal_weight=17.641 14.8671 13.5436 7.18435 2.77392 2.4282 1.96998
internal_count=3296 1600 1400 1277 1696 1644 1524
is_linear=0
shrinkage=0.04


Tree=37
num_leaves=11
num_cat=0
split_feature=37 20 14 3 5 5 17 8 7 32
split_gain=2.82307 2.03473 1.60239 2.2498 0.849238 0.455351 0.438388 0.0182053 0.00611383 0.00112472
threshold=1.5000000000000002 0.79449472096530926 0.053909985348582275 -0.16012529283761975 0.024392216466367248 0.06732311844825746 0.014266826678067447 -0.35535393655300135 -0.28577433526515955 0.92779375119800667
decision_type=2 2 2 2 2 2 2 2 2 2
left_child=1 2 3 -1 -4 7 8 -3 -2 -10
right_child=6 5 4 -5 -6 -7 -8 -9 9 -11
leaf_value=0.023212707602549433 -0.048205099867722388 -0.055854799924479476 0.0070001181613610387 -0.04221979275934782 0.032534976590418117 -0.013756381200187908 0.0040301484366987387 -0.043980226466224591 -0.042632418242962808 -0.045523983597321245
leaf_weight=1.6693250962998702 0.44940601137932534 0.38963767507812019 3.3862123591825348 1.6939269310096321 5.4186383628984913 1.8063001860864458 0.34939774149097491 0.43968940747436069 1.6359548873733709 0.24783278605900716
leaf_count=65 125 79 262 537 164 229 52 264 1409 110
internal_value=-2.47579e-09 0.00684169 0.0137434 -0.00974286 0.0227147 -0.0250221 -0.0377555 -0.0495592 -0.0440129 -0.0430128
internal_weight=17.4863 14.8037 12.1681 3.36325 8.80485 2.63563 2.68259 0.829327 2.33319 1.88379
internal_count=3296 1600 1028 602 426 572 1696 343 1644 1519
is_linear=0
shrinkage=0.04


Tree=38
num_leaves=11
num_cat=0
split_feature=37 20 14 7 34 15 17 17 8 32
split_gain=2.88143 1.83658 1.48639 2.18568 0.968711 0.444836 0.258688 0.160869 0.00518172 0.000957661
threshold=1.5000000000000002 0.79449472096530926 0.053909985348582275 -0.38850602507591242 0.74162363901672479 48.017244338989265 0.014266826678067447 -0.0060485212597995988 -0.45055690407752985 0.9236699623352167
decision_type=2 2 2 2 2 2 2 2 2 2
left_child=1 2 3 -1 -4 -3 8 -7 -2 -10
right_child=6 5 4 -5 -6 7 -8 -9 9 -11
leaf_value=0.026728502146754297 -0.047763486152991572 -0.050667474410536796 0.032427302260809102 -0.038517408204827956 0.0053730686003136564 -0.0018643820129782547 -0.0044770755976655382 -0.025307187822869642 -0.042494403482180511 -0.045194022236131975
leaf_weight=1.4782919744029626 0.42192369664553697 0.71474327950272654 5.3990609010215831 1.8489407032611822 3.4841317468089983 0.93741573143051948 0.30417781183496106 0.93600238492945176 1.5999859804869609 0.2420524541521446
leaf_count=36 120 241 102 566 324 147 52 184 1413 111
internal_value=-5.09482e-09 0.00678741 0.013275 -0.0095286 0.0218162 -0.0238198 -0.0391116 -0.0135769 -0.043765 -0.0428491
internal_weight=17.3667 14.7986 12.2104 3.32723 8.88319 2.58816 2.56814 1.87342 2.26396 1.84204
internal_count=3296 1600 1028 602 426 572 1696 331 1644 1524
is_linear=0
shrinkage=0.04


Tree=39
num_leaves=8
num_cat=0
split_feature=37 12 33 22 17 7 32
split_gain=2.67908 1.7952 2.47035 2.16433 0.290711 0.00442186 0.000850652
threshold=1.5000000000000002 0.081429909914731993 0.15986111111111115 0.099929247051477446 0.014266826678067447 -0.28577433526515955 0.9236699623352167
decision_type=2 2 2 2 2 2 2
left_child=1 -1 -3 -4 5 -2 -7
right_child=4 2 3 -5 -6 6 -8
leaf_value=-0.036836734556096061 -0.047236526242815796 0.026541084873668748 -0.041557649354511436 0.0092804714444296738 -0.0015239455350601902 -0.042310013896687572 -0.0449048959842318
leaf_weight=1.3850779664935569 0.41608988563530291 7.3404205157421512 2.0385224162018858 3.9094973165774718 0.29990410362370301 1.5315112075768391 0.2328671623254196
leaf_count=175 125 185 886 354 52 1408 111
internal_value=-3.58749e-09 0.00649924 0.0110162 -0.00814292 -0.0384486 -0.0435272 -0.0426525
internal_weight=17.1539 14.6735 13.2884 5.94802 2.48037 2.18047 1.76438
internal_count=3296 1600 1425 1240 1696 1644 1519
is_linear=0
shrinkage=0.04


Tree=40
num_leaves=8
num_cat=0
split_feature=8 22 8 1 18 8 8
split_gain=2.5372 2.74965 1.85299 0.704188 0.306201 0.401193 0.0553619
threshold=-0.47033274173736567 0.099929247051477446 -0.50391599535942067 0.050983056426048286 0.059079049155116088 -0.43805727362632746 -0.44916816055774683
decision_type=2 2 2 2 2 2 2
left_child=2 4 -1 -3 6 -6 -2
right_child=1 3 -4 -5 5 -7 -8
leaf_value=-0.0052095461417348936 -0.058951557249262598 0.020271294105725726 0.031501151473685388 -0.014315401358488959 0.015451103420752206 -0.03753959299540955 -0.043537920247833997
leaf_weight=4.0397235663840547 0.4354189122095703 2.5132483735796995 4.830486348015258 1.5064161288319153 0.33473620831500739 0.72095293778693281 2.5940999426529729
leaf_count=275 71 190 105 226 23 439 1967
internal_value=1.52207e-09 -0.016178 0.0147821 0.00730953 -0.0392887 -0.0207374 -0.0457533
internal_weight=16.9751 8.10487 8.87021 4.01966 4.08521 1.05569 3.02952
internal_count=3296 2916 380 416 2500 462 2038
is_linear=0
shrinkage=0.04


Tree=41
num_leaves=11
num_cat=0
split_feature=37 21 31 11 7 20 17 34 8 32
split_gain=2.45451 1.76498 2.29774 1.11827 1.67132 0.800997 0.297143 0.145236 0.00394376 0.000739134
threshold=1.5000000000000002 0.52232142857142871 0.79930555555555571 0.12914310395717624 -0.3825335949659347 0.79449472096530926 0.014266826678067447 0.44407652685798388 -0.45055690407752985 0.9236699623352167
decision_type=2 2 2 2 2 2 2 2 2 2
left_child=1 3 7 4 -1 -4 8 -3 -2 -10
right_child=6 2 5 -5 -6 -7 -8 -9 9 -11
leaf_value=0.028911880932827233 -0.046886853371459931 -0.028074753284161084 0.018228499902682552 0.033093996879690668 -0.023487635024064098 -0.016584061418824816 -0.00049000729097456539 -0.053628415261077117 -0.042100052591329637 -0.04458367531332405
leaf_weight=1.9893418680876496 0.39254313067067559 0.4801581492065442 2.9455692390911281 4.1507800496183336 1.9080427341978081 1.6497943432768805 0.29715725290589023 1.3747969068353993 1.4437855443684364 0.22107921983115386
leaf_count=37 120 209 191 98 425 249 52 391 1413 111
internal_value=-4.16394e-09 0.00615172 -0.00943759 0.018646 0.00325865 0.00573034 -0.0378799 -0.0470138 -0.0432802 -0.0424299
internal_weight=16.853 14.4985 6.45032 8.04816 3.89738 4.59536 2.35457 1.85496 2.05741 1.66486
internal_count=3296 1600 1040 560 462 440 1696 600 1644 1524
is_linear=0
shrinkage=0.04


Tree=42
num_leaves=9
num_cat=0
split_feature=37 18 38 14 6 17 8 32
split_gain=2.43465 1.64489 1.71851 1.66127 0.251519 0.211039 0.00342746 0.000654491
threshold=1.5000000000000002 0.0082565248012542742 0.25186567164179113 0.063545152544975295 -0.021413414739072319 0.014266826678067447 -0.45055690407752985 0.9236699623352167
decision_type=2 2 2 2 2 2 2 2
left_child=1 4 -3 -4 -1 6 -2 -8
right_child=5 2 3 -5 -6 -7 7 -9
leaf_value=-0.051369578335970369 -0.046491921848658475 0.027511903595264862 0.010187628079509473 -0.030964519142622562 -0.016354729371445158 -0.0060277428206706157 -0.04194535136285054 -0.044323641138952138
leaf_weight=0.75638713565422222 0.37803888495545934 5.4651683979318459 5.3277247063815594 2.2250542042893358 0.57987291755853465 0.28091294830664981 1.3987388548557627 0.2133806492201985
leaf_count=216 120 219 649 382 134 52 1413 111
internal_value=-2.87501e-09 0.00608862 0.0104269 -0.00193582 -0.0361748 -0.0384829 -0.043064 -0.0422601
internal_weight=16.6253 14.3542 13.0179 7.55278 1.33626 2.27107 1.99016 1.61212
internal_count=3296 1600 1250 1031 350 1696 1644 1524
is_linear=0
shrinkage=0.04


Tree=43
num_leaves=9
num_cat=0
split_feature=37 18 38 14 17 38 8 35
split_gain=2.27774 1.63736 1.63237 1.5842 0.218397 0.205536 0.00296848 0.000622839
threshold=1.5000000000000002 0.0082565248012542742 0.25186567164179113 0.063545152544975295 0.014266826678067447 0.55243519245875905 -0.45055690407752985 0.063697345554828658
decision_type=2 2 2 2 2 2 2 2
left_child=1 5 -3 -4 6 -1 -2 -8
right_child=4 2 3 -5 -6 -7 7 -9
leaf_value=-0.0496673180528939 -0.046147498775297092 0.026681844689764075 0.0096479273750227808 -0.031164572142130319 -0.0049697050897748512 -0.017793205513462928 -0.042392618318876044 -0.039778752275822157
leaf_weight=0.77794920705491921 0.36055782297626238 5.5035588685423118 5.309406224056147 2.1331471494049765 0.27870940486900497 0.55434615578269586 1.3818047569366152 0.16307057754602294
leaf_count=261 120 219 649 382 52 89 1375 149
internal_value=-3.87237e-10 0.00581921 0.0101645 -0.00204955 -0.0380419 -0.036405 -0.0428794 -0.0421167
internal_weight=16.4626 14.2784 12.9461 7.44255 2.18414 1.3323 1.90543 1.54488
internal_count=3296 1600 1250 1031 1696 350 1644 1524
is_linear=0
shrinkage=0.04


Tree=44
num_leaves=9
num_cat=0
split_feature=33 22 8 13 18 8 38 7
split_gain=2.21578 1.83739 1.5063 0.970321 0.792556 0.798917 0.457526 0.0368128
threshold=0.12903499830105339 0.10252523422241212 -0.52685877680778492 0.6662912666797639 0.045308982953429229 -0.45055690407752985 0.83697199810156631 -0.31485567986965174
decision_type=2 2 2 2 2 2 2 2
left_child=2 4 -1 -3 7 -6 -5 -2
right_child=1 3 -4 6 5 -7 -8 -9
leaf_value=-0.0069967215592999926 -0.056655614209778229 0.022879604753647042 0.029456261703030832 0.0042950742247366055 0.012654841167781981 -0.037567900243680279 -0.036306904412504282 -0.043694829303513483
leaf_weight=2.9229438948677853 0.41817417438142124 2.2999640383059159 4.779211133252832 0.86815921927336581 1.0161859206855299 1.0109538568067362 0.90901805571047589 2.1710210980963867
leaf_count=191 61 98 224 100 62 688 219 1653
internal_value=3.71251e-09 -0.013841 0.0156225 0.00572643 -0.031123 -0.0123917 -0.0164727 -0.0457881
internal_weight=16.3956 8.69348 7.70216 4.07714 4.61634 2.02714 1.77718 2.5892
internal_count=3296 2881 415 417 2464 750 319 1714
is_linear=0
shrinkage=0.04


Tree=45
num_leaves=9
num_cat=0
split_feature=37 18 38 14 17 6 8 35
split_gain=2.1172 1.62989 1.54085 1.32388 0.212132 0.0930466 0.00259246 0.000683465
threshold=1.5000000000000002 0.0082565248012542742 0.25186567164179113 0.063545152544975295 0.014266826678067447 -0.02993272244930267 -0.45055690407752985 0.063697345554828658
decision_type=2 2 2 2 2 2 2 2
left_child=1 5 -3 -4 6 -1 -2 -8
right_child=4 2 3 -5 -6 -7 7 -9
leaf_value=-0.049585403696169261 -0.045717574723220203 0.025608509885959072 0.008328055044840665 -0.029141768507526096 -0.0047048926280349596 -0.026869525888439497 -0.042183842811732451 -0.039347862982125233
leaf_weight=0.65854411118198186 0.35105583816766839 5.5325723880669084 5.3360239833127707 2.1034349603578448 0.27136253169737745 0.51345829071942961 1.3055521202040816 0.1517719813855366
leaf_count=202 120 219 649 382 52 148 1375 149
internal_value=2.08666e-10 0.00554094 0.00962238 -0.00226617 -0.0376832 -0.0396335 -0.0426318 -0.0418885
internal_weight=16.2238 14.144 12.972 7.43946 2.07974 1.172 1.80838 1.45732
internal_count=3296 1600 1250 1031 1696 350 1644 1524
is_linear=0
shrinkage=0.04


Tree=46
num_leaves=9
num_cat=0
split_feature=37 18 38 14 17 6 8 35
split_gain=1.96998 1.57658 1.30827 1.39577 0.224448 0.0750017 0.00221891 0.000720942
threshold=1.5000000000000002 0.0082565248012542742 0.18469785575048733 0.05351777374744416 0.014266826678067447 -0.02473510708659887 -0.45055690407752985 0.063697345554828658
decision_type=2 2 2 2 2 2 2 2
left_child=1 5 -3 -4 6 -1 -2 -8
right_child=4 2 3 -5 -6 -7 7 -9
leaf_value=-0.049210779370047433 -0.045387436157120514 0.026366495038932132 -0.03265223410673445 0.0080611746043489033 -0.0034465208705664429 -0.028263771854831192 -0.042067643212924236 -0.039090619100380343
leaf_weight=0.64085090818116441 0.33396174130030076 4.5969942680094382 1.6917163031175713 6.6173148290836252 0.27328164211940009 0.47710679506417608 1.2482390828663463 0.14530420512892317
leaf_count=208 120 150 571 529 52 142 1375 149
internal_value=-1.0005e-09 0.00529736 0.00924465 -0.000228063 -0.0371304 -0.0402713 -0.042459 -0.0417572
internal_weight=16.0248 14.024 12.906 8.30903 2.00079 1.11796 1.72751 1.39354
internal_count=3296 1600 1250 1100 1696 350 1644 1524
is_linear=0
shrinkage=0.04


Tree=47
num_leaves=8
num_cat=0
split_feature=37 32 33 32 17 7 7
split_gain=1.92376 1.51667 1.96405 1.29054 0.17784 0.00194515 0.000897919
threshold=1.5000000000000002 0.11262941889749092 0.12541390728476823 0.92779375119800667 0.014266826678067447 -0.27974134683609003 -0.21248654276132581
decision_type=2 2 2 2 2 2 2
left_child=1 -1 -3 -4 5 -2 -7
right_child=4 2 3 -5 -6 6 -8
leaf_value=-0.03523949408239356 -0.044977291952502753 0.026569341407590884 -0.01764004922772756 0.019199569697730526 -0.0067164427996189461 -0.038651888245774403 -0.041977898345357964
leaf_weight=1.3423996372148383 0.34648509335238364 5.8038734402507526 4.4795470866956748 2.3040162657853216 0.25965147023089219 0.14607548911590007 1.1706721018999844
leaf_count=200 135 123 1137 140 52 167 1342
internal_value=-2.70096e-09 0.00517711 0.00948738 -0.00512759 -0.0375043 -0.0423106 -0.0416089
internal_weight=15.8527 13.9298 12.5874 6.78356 1.92288 1.66323 1.31675
internal_count=3296 1600 1400 1277 1696 1644 1509
is_linear=0
shrinkage=0.04


Tree=48
num_leaves=8
num_cat=0
split_feature=37 12 33 2 17 7 7
split_gain=1.83458 1.48211 1.87389 1.46501 0.175718 0.00173931 0.000919338
threshold=1.5000000000000002 0.081429909914731993 0.12903499830105339 0.059731433168053634 0.014266826678067447 -0.27974134683609003 -0.21248654276132581
decision_type=2 2 2 2 2 2 2
left_child=1 -1 -3 -4 5 -2 -7
right_child=4 2 3 -5 -6 6 -8
leaf_value=-0.034389744344191689 -0.044757816784531994 0.025690938584819731 -0.038493345058731719 0.0054126358848922383 -0.0067102779880417211 -0.038473813815207598 -0.041893610014369767
leaf_weight=1.3759551699040447 0.33366160048171756 5.9128078507492301 1.6105020564864387 4.9632337857037783 0.25948880380019534 0.14152897597523284 1.1299344652215979
leaf_count=175 135 139 639 647 52 167 1342
internal_value=1.69214e-10 0.00501045 0.00935216 -0.00534391 -0.0372503 -0.0421875 -0.0415129
internal_weight=15.7271 13.8625 12.4865 6.57374 1.86461 1.60513 1.27146
internal_count=3296 1600 1425 1286 1696 1644 1509
is_linear=0
shrinkage=0.04


Tree=49
num_leaves=10
num_cat=0
split_feature=37 13 14 22 31 36 17 7 7
split_gain=1.7317 1.3167 1.22469 1.87235 0.93155 0.311799 0.17494 0.00152798 0.000931041
threshold=1.5000000000000002 0.91068038344383251 0.05351777374744416 -0.10345710813999175 0.49894514767932496 0.79250000000000009 0.014266826678067447 -0.27974134683609003 -0.21248654276132581
decision_type=2 2 2 2 2 2 2 2 2
left_child=1 2 3 -1 -4 -3 7 -2 -9
right_child=6 5 4 -5 -6 -7 -8 8 -10
leaf_value=0.024534974037519367 -0.044521547399772356 -0.045923480686350812 0.030969536722187583 -0.030899821028921234 0.0040889372447152099 -0.007679539442431234 -0.0065481938626488932 -0.038293713960235516 -0.041803575516328018
leaf_weight=1.6163435265189017 0.31890421325806406 0.89269945339765289 4.2440095497295243 2.4563342721085073 4.0134595182607882 0.55200431123375893 0.25945687328930933 0.13612766662845266 1.0826237362925923
leaf_count=62 135 276 85 784 249 144 52 167 1342
internal_value=-9.12889e-10 0.00481802 0.00905119 -0.00889914 0.0179045 -0.0313109 -0.0369301 -0.0420565 -0.0414115
internal_weight=15.572 13.7749 12.3301 4.07268 8.25747 1.4447 1.79711 1.53766 1.21875
internal_count=3296 1600 1180 846 334 420 1696 1644 1509
is_linear=0
shrinkage=0.04


Tree=50
num_leaves=8
num_cat=0
split_feature=37 12 33 10 17 7 8
split_gain=1.62416 1.33608 1.61834 1.65453 0.185295 0.00135292 0.000988099
threshold=1.5000000000000002 0.081429909914731993 0.15986111111111115 0.1419666260480881 0.014266826678067447 -0.27974134683609003 -0.35759222507476801
decision_type=2 2 2 2 2 2 2
left_child=1 -1 -3 -4 5 -2 -7
right_child=4 2 3 -5 -6 6 -8
leaf_value=-0.033147878521549108 -0.044299565413776033 0.022151044838448916 -0.04492648369277269 0.0054187279719050364 -0.0054743063759857104 -0.037850630991121889 -0.041698949037753778
leaf_weight=1.3483691152068775 0.3049528115079726 6.6518881590454821 1.3866101443127261 4.2322647962719202 0.26287652575410891 0.11881629767594737 1.051419262861603
leaf_count=175 135 185 753 487 52 140 1369
internal_value=-1.49268e-09 0.00464704 0.00880012 -0.00700532 -0.0364133 -0.0419266 -0.0413082
internal_weight=15.3572 13.6191 12.2708 5.61887 1.73806 1.47519 1.17024
internal_count=3296 1600 1425 1240 1696 1644 1509
is_linear=0
shrinkage=0.04


Tree=51
num_leaves=9
num_cat=0
split_feature=37 18 38 14 10 17 7 8
split_gain=1.50984 1.2353 1.32295 1.26615 0.273073 0.199 0.00118204 0.00100444
threshold=1.5000000000000002 0.0092446631751954573 0.25186567164179113 0.063545152544975295 0.15336072444915774 0.014266826678067447 -0.27974134683609003 -0.35759222507476801
decision_type=2 2 2 2 2 2 2 2
left_child=1 4 -3 -4 -1 6 -2 -8
right_child=5 2 3 -5 -6 -7 7 -9
leaf_value=-0.049280114920195683 -0.044072925177207248 0.024097546085728113 0.0079569651467832 -0.029002406296071762 -0.011036624290434878 -0.0040742983588048214 -0.03765243242519057 -0.04161345526906432
leaf_weight=0.73151244054315501 0.29061543499119458 5.0089771778439154 5.1780371313798241 2.0783095585065894 0.50493831234052777 0.26591814821586002 0.11405545729212341 1.004997824988098
leaf_count=292 135 214 639 377 78 52 140 1369
internal_value=7.24332e-09 0.00444443 0.00828592 -0.00262867 -0.0336623 -0.0358129 -0.0418 -0.0412097
internal_weight=15.1774 13.5018 12.2653 7.25635 1.23645 1.67559 1.40967 1.11905
internal_count=3296 1600 1230 1016 370 1696 1644 1509
is_linear=0
shrinkage=0.04


Tree=52
num_leaves=12
num_cat=0
split_feature=14 13 9 11 19 9 4 11 7 8 37
split_gain=1.47066 1.54201 1.50823 1.64682 0.324542 0.236308 0.475188 0.0843576 0.0447959 0.000618807 0.000395828
threshold=0.024098793976008896 0.91068038344383251 5.5000000000000009 0.11776661872863771 0.88416815742397148 25.500000000000004 -0.014890457037836312 0.3095871508121491 -0.33176548779010767 -0.2696149200201034 1.5000000000000002
decision_type=2 2 2 2 2 2 2 2 2 2 2
left_child=5 2 -2 -4 7 8 -7 -3 -1 -8 -10
right_child=1 4 3 -5 -6 6 9 -9 10 -11 -12
leaf_value=-0.062503194188119768 0.027058080968217043 -0.048451161931332212 -0.043620085861016192 0.0065033822175114562 0.0003969879207117086 0.029729946837241152 -0.044953374559043829 -0.025469999654195864 -0.044258749110379442 -0.04184722072681199 -0.041559867580201894
leaf_weight=0.41079058696050197 4.5979721223702636 0.90791498220641986 1.2680316784244494 6.0655608679226134 0.37490577923017543 0.20560563131584786 0.14691946256789379 0.35568367928499356 0.19966071721864931 0.34033222898142412 0.15402009716490284
leaf_count=45 201 429 762 726 128 16 86 114 130 430 229
internal_value=-3.51243e-10 0.00410074 0.00909749 -0.00216333 -0.0322855 -0.0381845 -0.0212653 -0.0419823 -0.0535187 -0.0427838 -0.0430834
internal_weight=15.0274 13.5701 11.9316 7.33359 1.6385 1.45733 0.692857 1.2636 0.764471 0.487252 0.353681
internal_count=3296 2360 1689 1488 671 936 532 543 404 516 359
is_linear=0
shrinkage=0.04


Tree=53
num_leaves=10
num_cat=0
split_feature=37 20 3 33 5 17 14 7 8
split_gain=1.42486 1.14287 1.07915 1.88677 0.470911 0.15926 0.014756 0.000992448 0.001204
threshold=1.5000000000000002 0.79449472096530926 0.080582719296216979 0.10109162698873535 0.06732311844825746 0.014266826678067447 0.047705698758363731 -0.27974134683609003 -0.36400133371353144
decision_type=2 2 2 2 2 2 2 2 2
left_child=1 2 3 -1 6 7 -3 -2 -9
right_child=5 4 -4 -5 -6 -7 -8 8 -10
leaf_value=0.01889412754228911 -0.043755223332737361 -0.041988051392658488 0.031615666278647377 -0.020348750111622342 -0.0091947814820856032 -0.006736145165466687 -0.053529345860271367 -0.036874815786410074 -0.041491089298396559
leaf_weight=4.7017845568479952 0.2737031555152486 0.35778028573258724 2.7333999368711366 3.3619529439019971 1.7919737974880261 0.24908866337500501 0.35126944282092154 0.09996376890921832 0.94479004890309026
leaf_count=133 135 257 150 745 229 52 86 129 1380
internal_value=-3.0265e-09 0.00425174 0.00989548 0.00253289 -0.0201128 -0.0360694 -0.0477057 -0.0416111 -0.0410494
internal_weight=14.8657 13.2982 10.7971 8.06374 2.50102 1.56755 0.70905 1.31846 1.04475
internal_count=3296 1600 1028 878 572 1696 343 1644 1509
is_linear=0
shrinkage=0.04


Tree=54
num_leaves=8
num_cat=0
split_feature=37 12 33 22 17 7 8
split_gain=1.4008 1.19251 1.45339 1.47933 0.12494 0.000881797 0.00118853
threshold=1.5000000000000002 0.081429909914731993 0.15986111111111115 0.099929247051477446 0.014266826678067447 -0.27974134683609003 -0.36150059103965754
decision_type=2 2 2 2 2 2 2
left_child=1 -1 -3 -4 5 -2 -7
right_child=4 2 3 -5 -6 6 -8
leaf_value=-0.032148202371775798 -0.043562684507066622 0.020926490612371198 -0.037987429730019756 0.0069466748719644797 -0.0098531031358312822 -0.036813929428857819 -0.041417975017764536
leaf_weight=1.304964916256721 0.26334838510956493 6.4848187777679396 1.7045176159008404 3.7543231727322564 0.23675184079911549 0.099545897450296739 0.90811952966032861
leaf_count=175 135 185 886 354 52 133 1376
internal_value=-5.56343e-10 0.00415757 0.00812434 -0.00708395 -0.0365322 -0.0415018 -0.0409631
internal_weight=14.7564 13.2486 11.9437 5.45884 1.50777 1.27101 1.00767
internal_count=3296 1600 1425 1240 1696 1644 1509
is_linear=0
shrinkage=0.04


Tree=55
num_leaves=11
num_cat=0
split_feature=37 21 2 18 9 32 17 14 7 8
split_gain=1.34819 1.12744 1.81011 0.879133 0.79271 0.691669 0.105157 0.0369115 0.000789224 0.00128058
threshold=1.5000000000000002 0.52232142857142871 0.13273318111896518 0.05471200309693814 4.5000000000000009 0.92779375119800667 0.014266826678067447 0.058804374188184745 -0.27974134683609003 -0.36150059103965754
decision_type=2 2 2 2 2 2 2 2 2 2
left_child=1 3 7 4 -1 -4 8 -3 -2 -10
right_child=6 2 5 -5 -6 -7 -8 -9 9 -11
leaf_value=0.016699772634013073 -0.043385066335388224 -0.040842421415088731 -0.010596969395665177 0.02900632509868763 -0.021724314228287911 0.02062388002909232 -0.01181681738890103 -0.053454238249535956 -0.036473199697018267 -0.04135047687275039
leaf_weight=2.076035767968277 0.25088558503193659 0.76299909429508239 2.4550755572854541 3.5303856540704146 1.465489695779979 2.1120720244944096 0.22866109863389272 0.72326689912006259 0.095625710760940508 0.86770472687203748
leaf_count=131 135 451 311 137 292 99 52 179 133 1376
internal_value=-5.87654e-09 0.00403452 -0.00863672 0.0148809 0.000799815 0.00384108 -0.0367006 -0.0469798 -0.0413868 -0.0408663
internal_weight=14.5682 13.1253 6.05341 7.07191 3.54153 4.56715 1.44288 1.48627 1.21422 0.96333
internal_count=3296 1600 1040 560 423 410 1696 630 1644 1509
is_linear=0
shrinkage=0.04


Tree=56
num_leaves=9
num_cat=0
split_feature=37 12 1 13 17 17 7 8
split_gain=1.3278 1.13533 1.30556 1.37226 0.474621 0.0767364 0.000692565 0.00116977
threshold=1.5000000000000002 0.081429909914731993 0.050983056426048286 0.8073447346687318 -0.0060485212597995988 0.014266826678067447 -0.27974134683609003 -0.36150059103965754
decision_type=2 2 2 2 2 2 2 2
left_child=1 -1 3 -3 -4 6 -2 -8
right_child=5 2 4 -5 -6 -7 7 -9
leaf_value=-0.031908618850727981 -0.043215471574860158 0.021972908242503305 -0.00066088731516950028 -0.020466291294171161 -0.033673443463873867 -0.015284682788239334 -0.036543261788283779 -0.041282162451958197
leaf_weight=1.2769564364571113 0.24114338262006518 7.6030492193240189 1.4911079261219131 1.4518307242251465 1.308065399120095 0.21462173608597357 0.092579347227000341 0.83533231320325596
leaf_count=175 135 685 176 348 216 52 133 1376
internal_value=3.43238e-09 0.00392727 0.00778763 0.0151683 -0.0160878 -0.0372696 -0.0413057 -0.0408094
internal_weight=14.5147 13.131 11.8541 9.05488 2.79917 1.38368 1.16906 0.927912
internal_count=3296 1600 1425 1033 392 1696 1644 1509
is_linear=0
shrinkage=0.04


Tree=57
num_leaves=12
num_cat=0
split_feature=14 9 11 37 38 9 4 4 33 8 12
split_gain=1.27563 1.32157 1.55043 0.74757 0.363705 0.237954 0.487395 0.0749529 0.0392151 0.0022154 0.000562982
threshold=0.024098793976008896 5.5000000000000009 0.11776661872863771 1.0000000180025095e-35 0.17607313195548494 25.500000000000004 -0.038069358095526688 0.34164839982986456 0.1180995077355837 -0.41130831837654108 0.22529765963554385
decision_type=2 2 2 2 2 2 2 2 2 2 2
left_child=5 4 7 -4 -2 8 -7 -3 -1 -10 -8
right_child=1 2 3 -5 -6 6 10 -9 9 -11 -12
leaf_value=-0.063479357168831352 0.03151722972774397 -0.048701550214349076 0.012142234126365501 -0.015052306950856296 0.0095521144549385907 0.034148980185348329 -0.044841833837646873 -0.023006602576470327 -0.048128332033645707 -0.041960509443670864 -0.041630149330798387
leaf_weight=0.32247749951784566 2.389854938897769 1.1606548008567168 4.2678316895617172 2.6043126978329383 2.4351853875559755 0.19006566458847374 0.12015764607349411 0.21534128108760331 0.16038874280638993 0.22235083975829184 0.31961101415799931
leaf_count=60 79 855 323 746 252 8 64 105 45 299 460
internal_value=4.05379e-09 0.00380343 -0.00592374 0.00183641 0.0204315 -0.0372442 -0.0193749 -0.0446803 -0.0532033 -0.0445452 -0.0425077
internal_weight=14.4082 13.0732 8.24814 6.87214 4.82504 1.33505 0.629834 1.376 0.705217 0.38274 0.439769
internal_count=3296 2360 2029 1069 331 936 532 960 404 344 524
is_linear=0
shrinkage=0.04


Tree=58
num_leaves=8
num_cat=0
split_feature=37 32 38 14 35 8 17
split_gain=1.23848 0.983841 1.12484 1.17444 0.0752677 0.000357733 0.000277401
threshold=1.5000000000000002 0.11262941889749092 0.18257575757575759 0.05351777374744416 0.063697345554828658 -0.45055690407752985 0.01166822947561741
decision_type=2 2 2 2 2 2 2
left_child=1 -1 -3 -4 5 -2 -7
right_child=4 2 3 -5 -6 6 -8
leaf_value=-0.029627003692404178 -0.043451257312065686 0.025648474910501356 -0.031258293036049288 0.0067309677548162495 -0.018043885908567744 -0.041160400674206392 -0.043040431578839168
leaf_weight=1.2741757639450941 0.17966997105395299 3.6926654684648375 1.6369187809177654 6.3649045579368249 0.2672294411167967 0.71554364913026991 0.1523011495009996
leaf_count=200 97 201 637 562 194 1213 192
internal_value=-4.3572e-10 0.00375026 0.00738689 -0.00104043 -0.0369927 -0.0418267 -0.0414903
internal_weight=14.2834 12.9687 11.6945 8.00182 1.31474 1.04751 0.867845
internal_count=3296 1600 1400 1199 1696 1502 1405
is_linear=0
shrinkage=0.04


Tree=59
num_leaves=10
num_cat=0
split_feature=37 18 21 3 37 2 17 35 7
split_gain=1.16417 0.968781 0.964119 1.73195 0.666028 0.272443 0.0802393 0.000711516 0.000264854
threshold=1.5000000000000002 0.0092446631751954573 0.52232142857142871 0.080582719296216979 1.0000000180025095e-35 0.075377035886049285 0.014266826678067447 0.063697345554828658 -0.28577433526515955
decision_type=2 2 2 2 2 2 2 2 2
left_child=1 5 4 -4 -3 -1 7 8 -2
right_child=6 2 3 -5 -6 -7 -8 -9 -10
leaf_value=-0.047971005204184458 -0.042878411274286876 0.027273256728689192 -0.031047761224617724 0.015079459810461335 0.00079400259299485464 -0.0077919474657907675 -0.013893343835814973 -0.038318481451787671 -0.041144548867626307
leaf_weight=0.67377520058653206 0.17342751193791506 4.0455021657398884 2.3724060016102158 2.8876012021210045 2.4344443727168255 0.45060262660263106 0.20786109706386913 0.13088688286370598 0.75296112205251309
leaf_count=292 104 128 565 247 290 78 52 173 1367
internal_value=-1.0107e-09 0.00360064 0.00699769 -0.00572517 0.0173253 -0.031869 -0.0366125 -0.0410791 -0.0414691
internal_weight=14.1295 12.8643 11.74 5.26001 6.47995 1.12438 1.26514 1.05728 0.926389
internal_count=3296 1600 1230 812 418 370 1696 1644 1471
is_linear=0
shrinkage=0.04


Tree=60
num_leaves=8
num_cat=0
split_feature=37 32 8 22 35 17 7
split_gain=1.12559 0.897527 1.08166 1.53946 0.0736178 0.000540997 0.000229425
threshold=1.5000000000000002 0.11262941889749092 -0.47033274173736567 0.099929247051477446 0.063697345554828658 0.012595004402101042 -0.28577433526515955
decision_type=2 2 2 2 2 2 2
left_child=1 -1 -3 -4 5 6 -2
right_child=4 2 3 -5 -6 -7 -8
leaf_value=-0.028886231413252077 -0.04272428289886307 0.018446955936976525 -0.037647087623306257 0.0083954243047877301 -0.017594292658994166 -0.044534434870920542 -0.041061766528803771
leaf_weight=1.2356832233199373 0.16347558918641769 6.1490339168813071 1.6960697729082301 3.6892153567168862 0.25674467088538222 0.096205185574945062 0.70798524047131828
leaf_count=200 102 166 895 339 194 58 1342
internal_value=-1.38099e-09 0.0035127 0.00698363 -0.00610544 -0.0366357 -0.0416879 -0.0413736
internal_weight=13.9944 12.77 11.5343 5.38529 1.22441 0.967666 0.871461
internal_count=3296 1600 1400 1234 1696 1502 1444
is_linear=0
shrinkage=0.04


Tree=61
num_leaves=6
num_cat=0
split_feature=32 8 22 1 19
split_gain=1.06479 1.33063 1.75803 0.470037 0.352061
threshold=0.076492316784869993 -0.47033274173736567 0.099929247051477446 0.050983056426048286 0.086974789915966397
decision_type=2 2 2 2 2
left_child=-1 -2 4 -4 -3
right_child=1 2 3 -5 -6
leaf_value=-0.047558561769190669 0.014936519349308057 0.0076040539475063619 0.018357075853189322 -0.010296466108310214 -0.041204911867835446
leaf_weight=0.7143381285422955 6.764934124890714 0.26360309170558993 2.2548008294543256 1.5427237377152776 2.2954321993747726
leaf_count=239 253 135 189 223 2257
internal_value=-4.85743e-10 0.0025891 -0.0105516 0.00671673 -0.0361772
internal_weight=13.8358 13.1215 6.35656 3.79752 2.55904
internal_count=3296 3057 2804 412 2392
is_linear=0
shrinkage=0.04


Tree=62
num_leaves=10
num_cat=0
split_feature=37 18 38 14 38 17 22 35 8
split_gain=1.01696 0.866824 0.890266 0.852662 0.278912 0.078722 0.0014576 0.000797045 0.000194374
threshold=1.5000000000000002 0.0092446631751954573 0.18469785575048733 0.05351777374744416 0.65450928381962881 0.014266826678067447 -0.017621353268623349 0.063697345554828658 -0.45055690407752985
decision_type=2 2 2 2 2 2 2 2 2
left_child=1 4 -3 -4 6 7 -1 8 -2
right_child=5 2 3 -5 -6 -7 -8 -9 -10
leaf_value=-0.049395497133212223 -0.042613061603931766 0.022584859003482075 -0.028397937132535009 0.0052694179061622912 -0.005839101028327332 -0.012980306909316983 -0.045610024064491432 -0.037833990209767271 -0.041017763227608105
leaf_weight=0.32197452927357517 0.14905144646763691 3.724576505192088 1.4908001667354254 6.2474058223888278 0.42552853393135592 0.19540541304741055 0.32910020212875568 0.12136632268084213 0.67835781464236966
leaf_count=104 96 146 564 520 70 52 196 173 1375
internal_value=4.42459e-09 0.00329398 0.00651705 -0.00121675 -0.0310226 -0.0360996 -0.047482 -0.0408611 -0.0413051
internal_weight=13.6836 12.5394 11.4628 7.73821 1.0766 1.14418 0.651075 0.948776 0.827409
internal_count=3296 1600 1230 1084 370 1696 300 1644 1471
is_linear=0
shrinkage=0.04


Tree=63
num_leaves=8
num_cat=0
split_feature=32 33 3 9 0 36 33
split_gain=0.987313 1.2115 1.87028 0.696606 0.577256 0.535301 0.114264
threshold=0.076492316784869993 0.1995762711864407 0.092048190534114852 5.5000000000000009 -0.040202978998422616 0.73183734192908523 0.22725738396624476
decision_type=2 2 2 2 2 2 2
left_child=-1 3 6 -2 -5 -4 -3
right_child=1 2 5 4 -6 -7 -8
leaf_value=-0.047092143468351201 0.023669028173224693 -0.010456698903593006 0.023310590321753834 0.017954321389158864 -0.01563552778671741 -0.011061354363866094 -0.041310421939298063
leaf_weight=0.67674930911744091 4.1952623583783843 0.21077616562251966 1.7428956388030203 1.4622431850584692 1.8597176972834857 1.2412455710873471 2.1616374528384767
leaf_count=239 137 73 139 49 293 249 2117
internal_value=1.08473e-09 0.00247554 -0.0120608 0.0128337 -0.000850125 0.00901367 -0.0385692
internal_weight=13.5505 12.8738 5.35655 7.51722 3.32196 2.98414 2.37241
internal_count=3296 3057 2578 479 342 388 2190
is_linear=0
shrinkage=0.04


Tree=64
num_leaves=8
num_cat=0
split_feature=35 12 33 2 35 37 14
split_gain=0.964806 0.90895 1.10636 1.21129 0.00674253 0.000347317 1.22459e-06
threshold=0.020999860018491748 0.081429909914731993 0.12903499830105339 0.059731433168053634 0.013613122515380384 1.5000000000000002 0.030852762982249263
decision_type=2 2 2 2 2 2 2
left_child=4 -2 -3 -4 -1 -6 -7
right_child=1 2 3 -5 5 6 -8
leaf_value=-0.050020427585517835 -0.02990158204373795 0.020233983996321595 -0.034640014220101857 0.0052201698062899751 -0.043374878014301572 -0.040797709170103537 -0.041009647446185779
leaf_weight=0.33481590263545591 1.2477077714866016 4.9723418527864833 1.6334999306127427 4.8163888457056601 0.17900157949770801 0.10520010633626953 0.074519573652651161
leaf_count=108 255 204 1309 948 118 225 129
internal_value=3.67188e-10 0.00251459 0.00605558 -0.00487483 -0.0459381 -0.0421277 -0.0408856
internal_weight=13.3635 12.6699 11.4222 6.44989 0.693537 0.358721 0.17972
internal_count=3296 2716 2461 2257 580 472 354
is_linear=0
shrinkage=0.04


Tree=65
num_leaves=12
num_cat=0
split_feature=14 9 11 19 18 9 4 4 33 8 8
split_gain=0.947678 1.03649 1.23884 0.594618 0.321457 0.23756 0.414488 0.078288 0.0290709 0.00234194 0.000389219
threshold=0.024098793976008896 5.5000000000000009 0.11776661872863771 0.33680555555555564 0.05471200309693814 25.500000000000004 -0.038069358095526688 0.35315193235874182 0.11262941889749092 -0.43805727362632746 -0.33363628387451166
decision_type=2 2 2 2 2 2 2 2 2 2 2
left_child=5 4 7 -4 -2 8 -7 -3 -1 -10 -8
right_child=1 2 3 -5 -6 6 10 -9 9 -11 -12
leaf_value=-0.062379625887604519 0.0075629742873696759 -0.048709117577682454 0.014569302730576572 -0.0097420308411802908 0.029040116701121745 0.031593279774777924 -0.044163160936064358 -0.019836578837982597 -0.048572328186077679 -0.041708818698294257 -0.041213572056740207
leaf_weight=0.26544834562810204 2.1736897570663114 0.95947236323263474 2.8943384716985747 3.6266344787145499 2.2894665534840897 0.19024709417135455 0.10221052143606357 0.17816220346139744 0.13627702614758164 0.19106721589923836 0.23885395785328001
leaf_count=56 232 866 357 712 99 8 56 94 32 316 468
internal_value=-1.53171e-09 0.00325814 -0.00567094 0.00104857 0.0185801 -0.0351342 -0.015711 -0.0441875 -0.0525429 -0.0445662 -0.0420975
internal_weight=13.2459 12.1218 7.65861 6.52097 4.46316 1.1241 0.531312 1.13763 0.592793 0.327344 0.341064
internal_count=3296 2360 2029 1069 331 936 532 960 404 348 524
is_linear=0
shrinkage=0.04


Tree=66
num_leaves=11
num_cat=0
split_feature=35 13 14 9 34 9 8 35 37 14
split_gain=0.88842 0.837247 0.858773 0.875832 0.416453 0.277162 0.0235472 0.00548243 0.000288734 1.26947e-06
threshold=0.020999860018491748 0.91068038344383251 0.024098793976008896 5.5000000000000009 0.91704892966360874 25.500000000000004 -0.26214565336704249 0.013613122515380384 1.5000000000000002 0.031032622791826728
decision_type=2 2 2 2 2 2 2 2 2 2
left_child=7 2 5 -4 6 -2 -3 -1 -9 -10
right_child=1 4 3 -5 -6 -7 -8 8 9 -11
leaf_value=-0.04933900813687802 -0.053011768039178807 -0.048258115973158502 0.023832380590795798 -0.0001528381853978975 -6.6224642257580786e-05 -0.0079516683395038663 -0.033814935608907658 -0.043168321944638599 -0.040725443457493071 -0.040949220996649195
leaf_weight=0.31626560483709987 0.46536163394921359 0.60385474140639417 4.0458597394754161 6.1212569208873902 0.57873891014605761 0.41157029557507485 0.25767478282796108 0.16729804911301471 0.098047118372051045 0.069180546095594764
leaf_count=108 272 269 181 1260 161 332 241 118 228 126
internal_value=7.3057e-10 0.00237515 0.00611593 0.00939174 -0.0263093 -0.0318637 -0.0439383 -0.0455632 -0.0419934 -0.040818
internal_weight=13.1351 12.4843 11.044 10.1671 1.44027 0.876932 0.86153 0.650791 0.334526 0.167228
internal_count=3296 2716 2045 1441 671 604 510 580 472 354
is_linear=0
shrinkage=0.04


Tree=67
num_leaves=7
num_cat=0
split_feature=32 9 11 19 34 1
split_gain=0.879448 0.959267 1.07032 0.562223 0.427853 0.407689
threshold=0.076492316784869993 5.5000000000000009 0.11776661872863771 0.33680555555555564 0.05520194734944104 -0.007575148018077015
decision_type=2 2 2 2 2 2
left_child=-1 5 4 -4 -3 -2
right_child=1 2 3 -5 -6 -7
leaf_value=-0.04636860067673821 0.028691557718678058 0.013604958414388109 0.014863477886311562 -0.0090205898396880854 -0.04328650252058662 0.0041480157937732309
leaf_weight=0.62314004809013646 2.3609415186219849 0.24932855436054335 2.8258366124937311 3.5680293502227869 1.3942107752081936 2.0003402360889586
leaf_count=239 138 96 355 731 1519 218
internal_value=2.13201e-09 0.00233042 -0.00586537 0.00153523 -0.0346559 0.0174344
internal_weight=13.0218 12.3987 8.03741 6.39387 1.64354 4.36128
internal_count=3296 3057 2701 1086 1615 356
is_linear=0
shrinkage=0.04


Tree=68
num_leaves=8
num_cat=0
split_feature=35 12 33 5 35 37 14
split_gain=0.820829 0.72279 0.969165 1.11084 0.00459434 0.00023348 1.1057e-06
threshold=0.020999860018491748 0.081429909914731993 0.13417721518987344 0.025102433748543266 0.013613122515380384 1.5000000000000002 0.031032622791826728
decision_type=2 2 2 2 2 2 2
left_child=4 -2 -3 -4 -1 -6 -7
right_child=1 2 3 -5 5 6 -8
leaf_value=-0.048787027636168726 -0.027256602792449271 0.018722906672879264 -0.029174170763055368 0.0068358114227697747 -0.042942095956920751 -0.040663241613919154 -0.040879349181059114
leaf_weight=0.29919713153503913 1.1987651336967236 4.9029610557772667 2.0489083813154139 4.1404581329843495 0.15617420355556533 0.090749387600226328 0.065022475959267467
leaf_count=108 255 211 1527 723 118 228 126
internal_value=-1.70122e-09 0.00224973 0.00543852 -0.00508482 -0.0452457 -0.0418492 -0.0407534
internal_weight=12.9022 12.2911 11.0923 6.18937 0.611143 0.311946 0.155772
internal_count=3296 2716 2461 2250 580 472 354
is_linear=0
shrinkage=0.04


Tree=69
num_leaves=7
num_cat=0
split_feature=32 9 14 14 4 1
split_gain=0.795561 0.965331 0.979386 0.939032 0.515979 0.419124
threshold=0.076492316784869993 5.5000000000000009 0.058335011824965484 0.063545152544975295 0.96069863438606273 -0.007575148018077015
decision_type=2 2 2 2 2 2
left_child=-1 5 4 -4 -3 -2
right_child=1 2 3 -5 -6 -7
leaf_value=-0.045801821735639341 0.02880484889981464 -0.030288716034273008 0.018935992205214646 -0.015725449229734505 0.035343908341704568 0.0038308399904457857
leaf_weight=0.57928707842074878 2.3431368042947724 2.5541420156514509 2.9406022226612549 2.1759432890976314 0.2071987155068199 1.9869360256852795
leaf_count=239 138 2045 154 476 26 218
internal_value=-2.09666e-10 0.00217337 -0.00616573 0.00419532 -0.0253639 0.0173451
internal_weight=12.7872 12.208 7.87789 5.11655 2.76134 4.33007
internal_count=3296 3057 2701 630 2071 356
is_linear=0
shrinkage=0.04


Tree=70
num_leaves=11
num_cat=0
split_feature=18 3 31 15 30 14 0 7 5 7
split_gain=0.786955 1.15413 0.8079 1.39398 0.641759 0.574983 0.507524 0.23046 0.377451 0.0224252
threshold=0.054120022803545005 0.086698692291975035 0.4911330822347772 63.88275337219239 4.5000000000000009 0.062654357403516783 -0.022938591428101059 -0.38850602507591242 0.024392216466367248 -0.31705968081951136
decision_type=2 2 2 2 2 2 2 2 2 2
left_child=1 4 7 6 5 -1 -4 -2 -9 -6
right_child=2 -3 3 -5 9 -7 -8 8 -10 -11
leaf_value=-0.0047496309302261187 0.038186373593813466 0.016460192215682061 -0.0017266929090391781 0.025682895172157719 -0.053024232799179581 -0.049864815683111054 -0.045228316247934365 -0.0011027673602099469 0.034901896751074239 -0.041761655159564849
leaf_weight=2.8076585628150501 1.2172440737485888 1.8761847617570309 0.72176190311438393 1.4071875107765661 0.49611317919334352 0.53871537747909304 1.0582871585502291 0.99096727976575472 0.87918614762020297 0.65807847531687025
leaf_count=887 20 228 120 130 88 168 328 332 24 971
internal_value=3.66797e-09 -0.00989601 0.0100571 -0.00406941 -0.0208833 -0.0120125 -0.0275896 0.0246404 0.0158235 -0.0466027
internal_weight=12.6514 6.37675 6.27463 3.18724 4.50057 3.34637 1.78005 3.0874 1.87015 1.15419
internal_count=3296 2342 954 578 2114 1055 448 376 356 1059
is_linear=0
shrinkage=0.04


Tree=71
num_leaves=12
num_cat=0
split_feature=35 20 1 15 33 20 17 14 0 7 1
split_gain=1.22114 1.22909 1.34578 1.23176 0.894438 0.826658 0.727826 0.464267 0.118561 0.0166031 0.00476013
threshold=0.040403248742222793 0.58236434108527146 -0.013097062706947325 63.88275337219239 0.080966072455434177 0.62331081081081086 -0.0065390716772526494 0.056373309344053275 0.00229738443158567 -0.3292213082313537 0.11543289199471475
decision_type=2 2 2 2 2 2 2 2 2 2 2
left_child=5 2 4 7 -2 8 -7 -3 9 -1 -8
right_child=1 3 -4 -5 -6 6 10 -9 -10 -11 -12
leaf_value=-0.052040813584390798 0.020980565014425873 -0.013219434415151268 0.03378399794836074 0.017271758615377778 -0.024228991529060835 0.012124962143208445 -0.042662451527742534 -0.053972934069443 -0.016021315673052386 -0.042762424824808562 -0.050877819912918384
leaf_weight=0.70762901991838489 1.3043526164256039 0.84600056897033959 3.5317588894686178 1.2242616268922573 1.5116250056598799 1.3349846090422941 0.26294569601304818 0.94893480095197447 0.21776035676884919 0.54719065439712933 0.19768357038265094
leaf_count=75 50 325 274 150 591 296 405 172 181 740 37
internal_value=-2.25596e-09 0.00734526 0.0173381 -0.0136643 -0.00328806 -0.0210522 -0.00283412 -0.0347647 -0.0432666 -0.0479948 -0.0461882
internal_weight=12.6351 9.36693 6.34774 3.0192 2.81598 3.26819 1.79561 1.79494 1.47258 1.25482 0.460629
internal_count=3296 1562 915 647 641 1734 738 497 996 815 442
is_linear=0
shrinkage=0.04


Tree=72
num_leaves=8
num_cat=0
split_feature=9 11 38 16 19 34 4
split_gain=0.758439 0.863349 0.665606 0.531286 0.535952 0.40904 0.11275
threshold=5.5000000000000009 0.11776661872863771 0.18257575757575759 0.52051983584131334 0.40138888888888896 0.05520194734944104 0.47959901392459875
decision_type=2 2 2 2 2 2 2
left_child=2 5 -1 4 -3 -2 -7
right_child=1 3 -4 -5 -6 6 -8
leaf_value=0.024206727727417117 0.013437174709617295 0.0049004996093656022 -0.0072483490353951645 0.020436934918326759 -0.021931688727235589 -0.046398976904878542 -0.0070067100567408024
leaf_weight=2.9648216924251756 0.24646400894562237 2.6231585177883971 1.6898373989679383 1.4372058014414504 2.1816494324593805 1.2136178459913933 0.1285725614579859
leaf_count=187 100 405 288 189 524 1555 48
internal_value=-3.58468e-10 -0.0076009 0.0127872 -0.000900413 -0.0072828 -0.0339279 -0.0426255
internal_weight=12.4853 7.83067 4.65466 6.24201 4.80481 1.58865 1.34219
internal_count=3296 2821 475 1118 929 1703 1603
is_linear=0
shrinkage=0.04


Tree=73
num_leaves=11
num_cat=0
split_feature=18 3 31 15 30 7 14 7 37 7
split_gain=0.710281 0.913411 0.729179 1.14139 0.611922 0.547282 0.480126 0.229174 0.415595 0.0198505
threshold=0.054120022803545005 0.086698692291975035 0.4911330822347772 63.88275337219239 4.5000000000000009 -0.25924438238143915 0.073196053504943862 -0.38850602507591242 1.0000000180025095e-35 -0.31705968081951136
decision_type=2 2 2 2 2 2 2 2 2 2
left_child=1 4 7 6 5 -1 -4 -2 -9 -6
right_child=2 -3 3 -5 9 -7 -8 8 -10 -11
leaf_value=-0.0022783508183601749 0.035918389442740048 0.013879157371151214 -0.040692941523506596 0.022775923416520193 -0.052005540738077019 -0.042448053004139834 0.0035006779985890207 0.030805245474110766 -0.0081307344170141668 -0.041079565932724979
leaf_weight=2.4959542422147938 1.3153807547059844 1.8383847932273054 1.1533342393668138 1.4060222914267795 0.46771033777622462 0.69343304078211065 0.59689110005274404 1.0112023514811879 0.77461882765055623 0.6170720746740701
leaf_count=247 20 228 361 130 88 808 87 23 333 971
internal_value=-2.28219e-11 -0.00969789 0.00947333 -0.00406165 -0.0198387 -0.011012 -0.0256213 0.0232486 0.0139164 -0.0457904
internal_weight=12.37 6.11255 6.25745 3.15625 4.27417 3.18939 1.75023 3.1012 1.78582 1.08478
internal_count=3296 2342 954 578 2114 1055 448 376 356 1059
is_linear=0
shrinkage=0.04


Tree=74
num_leaves=6
num_cat=0
split_feature=32 33 2 21 17
split_gain=0.737107 0.860796 0.990646 0.64955 0.205871
threshold=0.076492316784869993 0.13417721518987344 0.059731433168053634 0.96824596774193561 0.014266826678067447
decision_type=2 2 2 2 2
left_child=-1 -2 4 -4 -3
right_child=1 2 3 -5 -6
leaf_value=-0.045289330636301237 0.013839623160000532 -0.03938275421860038 0.008444678538834299 -0.030575613094960083 0.0092218887559615981
leaf_weight=0.54915797684225331 5.3994855395721952 1.4748055097588801 3.8157482997048646 0.83127970385248762 0.1539895319729111
leaf_count=239 294 1693 839 181 50
internal_value=-8.1361e-09 0.00213021 -0.00794413 0.00146457 -0.0347876
internal_weight=12.2245 11.6753 6.27582 4.64703 1.6288
internal_count=3296 3057 2763 1020 1743
is_linear=0
shrinkage=0.04


Tree=75
num_leaves=10
num_cat=0
split_feature=18 3 18 30 14 32 0 1 7
split_gain=0.669124 0.843899 0.734923 0.575428 0.532366 0.382152 0.335952 0.200804 0.0171425
threshold=0.054120022803545005 0.086698692291975035 0.079796656966209425 4.5000000000000009 0.063545152544975295 0.57633003766478352 -0.0088023175485432131 0.0082515641115605848 -0.31705968081951136
decision_type=2 2 2 2 2 2 2 2 2
left_child=1 3 5 4 -1 6 -2 -4 -5
right_child=2 -3 7 8 -6 -7 -8 -9 -10
leaf_value=-0.0042861471430850921 0.0091259987475015032 0.013080466664603132 -0.0029077504676334564 -0.051413453630869556 -0.051596112177353597 0.00020442312783920021 0.034554965026669396 -0.037169670866487807 -0.040975082569936164
leaf_weight=2.6935540080739888 1.4772768008988348 1.8353106916183604 0.53373166733945232 0.44231136143207506 0.44317649610456999 1.704816116049187 1.900904738751706 0.56177086298703216 0.5842054430395367
leaf_count=897 188 228 148 88 158 293 170 155 971
internal_value=-1.92012e-09 -0.00951613 0.00923898 -0.0194775 -0.0109704 0.0156435 0.0234349 -0.0204772 -0.0454728
internal_weight=12.1771 5.99856 6.1785 4.16325 3.13673 5.083 3.37818 1.0955 1.02652
internal_count=3296 2342 954 2114 1055 651 358 303 1059
is_linear=0
shrinkage=0.04


Tree=76
num_leaves=9
num_cat=0
split_feature=37 12 8 3 3 21 34 7
split_gain=0.673162 1.14642 1.51976 0.87137 0.578639 1.37717 0.396007 0.00904427
threshold=1.0000000180025095e-35 0.13407384604215625 -0.45055690407752985 0.69193267822265636 0.080582719296216979 0.52232142857142871 0.60932326158940409 -0.3825335949659347
decision_type=2 2 2 2 2 2 2 2
left_child=4 7 -3 -4 5 -1 -7 -2
right_child=1 2 3 -5 -6 6 -8 -9
leaf_value=0.014376896148744225 -0.058987702856112538 0.020700560526123641 -0.03645743747405996 0.037157096474047732 0.022970711753953217 -0.0082136354631646789 -0.053065682716322671 -0.050527227667626302
leaf_weight=2.9144452702312265 0.36246533613302745 2.203494846005924 1.8830238851223842 0.29798702348489303 2.6286962910671718 0.52725478231150169 0.78224694941309281 0.45712376471783489
leaf_count=196 72 103 2076 7 155 197 207 283
internal_value=3.82768e-09 -0.0108458 -0.00272877 -0.0263996 0.00823661 -0.000932888 -0.0350066 -0.0542689
internal_weight=12.0567 5.20409 4.38451 2.18101 6.85264 4.22395 1.3095 0.819589
internal_count=3296 2541 2186 2083 755 600 404 355
is_linear=0
shrinkage=0.04


Tree=77
num_leaves=13
num_cat=0
split_feature=14 21 22 33 2 14 9 4 14 33 8 8
split_gain=0.66747 0.749984 1.26087 0.987526 0.922688 0.615499 0.227906 0.338425 0.0337255 0.0252949 0.00064051 0.000168462
threshold=0.024098793976008896 0.52232142857142871 0.073473174124956145 0.12541390728476823 0.059731433168053634 0.063545152544975295 25.500000000000004 -0.038069358095526688 0.03763070888817311 0.1180995077355837 -0.43805727362632746 -0.33727540075778956
decision_type=2 2 2 2 2 2 2 2 2 2 2 2
left_child=6 3 8 -2 -5 -4 9 -8 -3 -1 -11 -9
right_child=1 2 5 4 -6 -7 7 11 -10 10 -12 -13
leaf_value=-0.061683324616398999 0.024138877383127443 -0.031799721954943773 0.012488045418785246 -0.032609088969523123 0.036339079558666505 -0.018824638453035704 0.029891305453525977 -0.043179405037922176 -0.049604994413712918 -0.045642588732471484 -0.041458414177357454 -0.04094717132638051
leaf_weight=0.23021025228081349 3.8667304318223596 0.21105656682630047 2.9461236457282212 1.1266168517468029 0.42872496729250986 1.5239477934374006 0.18028601579135284 0.077513489784905687 0.87943776417523623 0.098942851735046133 0.14333777221327182 0.17903234044206329
leaf_count=60 143 294 261 783 61 314 8 54 504 31 313 470
internal_value=-6.78896e-11 0.00272681 -0.007595 0.0133123 -0.0136037 0.00181285 -0.0329339 -0.0121073 -0.0461589 -0.0521887 -0.0431672 -0.0416216
internal_weight=11.892 10.9826 5.56057 5.42207 1.55534 4.47007 0.909323 0.436832 1.09049 0.472491 0.242281 0.256546
internal_count=3296 2360 1373 987 844 575 936 532 798 404 344 524
is_linear=0
shrinkage=0.04


Tree=78
num_leaves=11
num_cat=0
split_feature=35 17 20 19 33 14 20 1 7 8
split_gain=0.712661 0.776219 0.786967 1.5996 0.697205 0.695336 0.288887 0.1943 0.00853903 0.00183389
threshold=0.040403248742222793 -0.013206121511757372 0.58236434108527146 0.82495915032679745 0.12903499830105339 0.055609896779060371 0.74443344878772899 0.0053202887065708646 -0.3825335949659347 -0.44916816055774683
decision_type=2 2 2 2 2 2 2 2 2 2
left_child=5 7 4 -4 -3 8 -7 -2 -1 -10
right_child=1 2 3 -5 -6 6 -8 -9 9 -11
leaf_value=-0.053778398625016877 -0.04948731210174933 0.028152464096770732 -0.050905339780021465 0.014677503724405095 -0.0027220270897495959 -0.019006021403649126 0.011761944952635604 -0.011931436376832987 -0.045819583784399424 -0.04164764413186451
leaf_weight=0.12881894491147172 0.42313743375416368 3.6733403967227769 0.91929491063638158 1.6870423467917133 1.7173798534349769 0.94720271152618796 1.0077042959746902 0.46005752429482527 0.2286749287741251 0.64154498395510295
leaf_count=31 220 102 305 210 622 228 105 103 75 1295
internal_value=1.69101e-10 0.00566136 0.00959145 -0.00845457 0.0183164 -0.0170194 -0.00314593 -0.0299244 -0.0441668 -0.0427439
internal_weight=11.8342 8.88025 7.99706 2.60634 5.39072 2.95395 1.95491 0.883195 0.999039 0.87022
internal_count=3296 1562 1239 515 724 1734 333 323 1401 1370
is_linear=0
shrinkage=0.04


Tree=79
num_leaves=9
num_cat=0
split_feature=37 12 8 15 14 6 5 7
split_gain=0.678965 1.04278 1.34948 0.754298 0.515866 0.28814 0.437578 0.00877133
threshold=1.0000000180025095e-35 0.13407384604215625 -0.45055690407752985 79.742305755615249 0.061080403625965125 -0.13502239435911176 0.077230382710695281 -0.37147730588912958
decision_type=2 2 2 2 2 2 2 2
left_child=4 7 -3 -4 5 -1 -7 -2
right_child=1 2 3 -5 -6 6 -8 -9
leaf_value=0.016450974183706855 -0.057908445493802432 0.019305357008720252 -0.03582461437186147 0.035138022576161519 0.017793764707779113 -0.028142145346295725 0.0082386232326125703 -0.049331996660824114
leaf_weight=0.77276950600207817 0.42317631444893777 2.0869611964153592 1.7872932207974375 0.27677835822396435 3.8641191648785025 1.1949781227449423 0.9491016938118263 0.34745067830954202
leaf_count=38 85 103 2046 37 275 389 53 270
internal_value=4.11689e-09 -0.0113092 -0.00337606 -0.026309 0.00820828 -0.00449017 -0.0120378 -0.0540416
internal_weight=11.7026 4.92166 4.15103 2.06407 6.78097 2.91685 2.14408 0.770627
internal_count=3296 2541 2186 2083 755 480 442 355
is_linear=0
shrinkage=0.04


Tree=80
num_leaves=9
num_cat=0
split_feature=37 12 33 3 21 3 34 7
split_gain=0.633428 0.936378 1.29934 0.493937 1.22014 0.483458 0.407496 0.00786259
threshold=1.0000000180025095e-35 0.13407384604215625 0.067653579346349149 0.080582719296216979 0.52232142857142871 0.69193267822265636 0.60932326158940409 -0.3825335949659347
decision_type=2 2 2 2 2 2 2 2
left_child=3 7 -3 4 -1 -4 -6 -2
right_child=1 2 5 -5 6 -7 -8 -9
leaf_value=0.013698307663528567 -0.057683183410981408 0.035270834802182391 -0.02166304192735698 0.021399672532752514 -0.0062148993370008147 0.034814511362838703 -0.052485611435014679 -0.049294014583542059
leaf_weight=2.8559280367044266 0.32070380906225182 1.0264950958662664 2.7877223923860588 2.6402128372574225 0.51532656923518494 0.26561500609386701 0.7444784991821507 0.4038382553262635
leaf_count=196 72 50 2129 155 197 7 207 283
internal_value=-1.54775e-09 -0.0111032 -0.00366141 0.00789585 -0.000766748 -0.01675 -0.0335585 -0.0530073
internal_weight=11.5603 4.80437 4.07983 6.75595 4.11573 3.05334 1.25981 0.724542
internal_count=3296 2541 2186 755 600 2136 404 355
is_linear=0
shrinkage=0.04


Tree=81
num_leaves=8
num_cat=0
split_feature=21 2 33 19 12 10 0
split_gain=0.638179 0.925401 1.08621 0.908108 0.618823 0.33978 0.0210431
threshold=0.96824596774193561 0.29019004106521612 0.22725738396624476 0.063164893617021281 0.12711639702320102 0.57314699888229381 0.035813599824905402
decision_type=2 2 2 2 2 2 2
left_child=1 2 4 -4 -1 6 -2
right_child=5 -3 3 -5 -6 -7 -8
leaf_value=-0.010663401810068853 -0.043867361648213261 0.035907879841994388 0.034694989778456517 -0.033936700316432589 0.015192631580019078 -0.0025767137505149705 -0.059370238144583198
leaf_weight=2.1844267427659343 0.29195705793972671 1.1993247540667642 0.36063415138050947 2.1324220416572643 4.5993580990034388 0.38667776354122907 0.26931355358101428
leaf_count=346 292 68 101 2068 332 43 46
internal_value=1.66596e-09 0.00284388 -0.00143068 -0.0240088 0.00686681 -0.0314289 -0.0513061
internal_weight=11.4241 10.4762 9.27684 2.49306 6.78378 0.947948 0.561271
internal_count=3296 2915 2847 2169 678 381 338
is_linear=0
shrinkage=0.04


Tree=82
num_leaves=9
num_cat=0
split_feature=18 3 18 22 35 33 2 1
split_gain=0.616917 0.825432 0.597186 0.566725 0.388597 0.527455 0.326281 0.162713
threshold=0.044726448133587844 0.086698692291975035 0.079796656966209425 -0.12325315549969672 0.077619239687919631 0.080966072455434177 0.13418321311473849 0.0086893597617745417
decision_type=2 2 2 2 2 2 2 2
left_child=1 3 4 -1 5 -2 -5 -4
right_child=2 -3 7 6 -6 -7 -8 -9
leaf_value=0.017065691473683461 0.023866542435158695 0.012058875435020979 -0.0041025040457843753 -0.039032102597573053 0.033660758126760601 -0.0038988445805741658 -0.0069418706867054548 -0.036332307468404337
leaf_weight=0.47231815407576538 1.8666693046106955 1.6146302350680342 0.48902534197259206 1.918624581943732 1.1465692975034469 2.6470935785182519 0.68900429405039165 0.51410606838180684
leaf_count=38 70 200 150 1851 58 681 95 153
internal_value=-2.65383e-09 -0.0111064 0.00782474 -0.0232506 0.0128658 0.00758355 -0.030553 -0.0206203
internal_weight=11.358 4.69458 6.66346 3.07995 5.66033 4.51376 2.60763 1.00313
internal_count=3296 2184 1112 1984 809 751 1946 303
is_linear=0
shrinkage=0.04


Tree=83
num_leaves=9
num_cat=0
split_feature=37 12 8 15 3 21 34 33
split_gain=0.626045 0.798853 1.10938 0.620803 0.450922 1.08969 0.386135 0.0056374
threshold=1.0000000180025095e-35 0.13407384604215625 -0.45055690407752985 79.742305755615249 0.080582719296216979 0.52232142857142871 0.60932326158940409 0.080966072455434177
decision_type=2 2 2 2 2 2 2 2
left_child=4 7 -3 -4 5 -1 -7 -2
right_child=1 2 3 -5 -6 6 -8 -9
leaf_value=0.012936773559529791 -0.055067921208422146 0.016582113499284616 -0.034893193156899281 0.032566440879511716 0.0205066012077646 -0.0058176469089985432 -0.051925142846782235 -0.047743789993126298
leaf_weight=2.8026745656679855 0.35472061007749278 1.9781352017307654 1.671657809638418 0.2510445288498887 2.6795165672665462 0.49880363822740015 0.69628368531994056 0.31968407775275409
leaf_count=196 92 103 2046 37 155 197 207 263
internal_value=4.39124e-10 -0.0113981 -0.00444832 -0.0260851 0.0078099 -0.000700124 -0.0326809 -0.0515961
internal_weight=11.2525 4.57524 3.90084 1.9227 6.67728 3.99776 1.19509 0.674405
internal_count=3296 2541 2186 2083 755 600 404 355
is_linear=0
shrinkage=0.04


Tree=84
num_leaves=8
num_cat=0
split_feature=18 37 12 33 3 33 35
split_gain=0.599872 0.711176 0.717825 1.04049 0.394275 0.662692 0.00637011
threshold=0.0069186263717710981 1.0000000180025095e-35 0.13407384604215625 0.067653579346349149 0.080582719296216979 0.10109162698873535 0.022994044236838821
decision_type=2 2 2 2 2 2 2
left_child=6 4 -3 -4 5 -2 -1
right_child=1 2 3 -5 -6 -7 -8
leaf_value=-0.036395918278924473 0.016497210160873226 -0.051392223523006687 0.032430519094948242 -0.016222979987361323 0.02265064913945496 -0.017985340430468393 -0.045394200333802363
leaf_weight=0.21030571000301357 2.1606321657309295 0.59069234275375482 0.94107533451460801 2.7832834433356766 2.5845978414872661 1.518395200197119 0.31355267831531819
leaf_count=156 80 294 50 1995 127 366 228
internal_value=3.76245e-09 0.00206905 -0.0104264 -0.00392916 0.0106773 0.00226569 -0.0417818
internal_weight=11.1025 10.5787 4.31505 3.72436 6.26363 3.67903 0.523858
internal_count=3296 2912 2339 2045 573 446 384
is_linear=0
shrinkage=0.04


Tree=85
num_leaves=8
num_cat=0
split_feature=21 2 7 19 8 33 1
split_gain=0.592838 0.89366 0.876176 0.909792 0.505092 0.318847 0.0160155
threshold=0.96824596774193561 0.29019004106521612 -0.25924438238143915 0.063164893617021281 -0.50391599535942067 0.95777619302311767 0.14631982892751697
decision_type=2 2 2 2 2 2 2
left_child=1 2 4 -4 -1 6 -2
right_child=5 -3 3 -5 -6 -7 -8
leaf_value=-0.0071746694296311118 -0.043272359460459472 0.034396494868664126 0.035835382579178864 -0.033910138041915318 0.015314846498715127 -0.0015807570210284616 -0.057030520832218407
leaf_weight=2.7843202653166372 0.25972401859326133 1.2520220387959842 0.3543165743321891 1.9253346963523652 3.7495947361167028 0.3525233909022063 0.28275409061461687
leaf_count=258 277 68 106 2162 321 58 46
internal_value=2.4315e-09 0.00277398 -0.00171819 -0.0230699 0.00573131 -0.0311974 -0.0504435
internal_weight=10.9606 10.0656 8.81357 2.27965 6.53392 0.895002 0.542478
internal_count=3296 2915 2847 2268 579 381 323
is_linear=0
shrinkage=0.04


Tree=86
num_leaves=8
num_cat=0
split_feature=3 7 18 15 0 18 22
split_gain=0.637379 1.07272 0.675103 0.498854 0.385096 0.0222066 0.00137231
threshold=0.080582719296216979 -0.25924438238143915 0.05471200309693814 65.031883239746108 -0.0094779534265398962 0.072543933987617507 0.12065327912569047
decision_type=2 2 2 2 2 2 2
left_child=1 2 4 -2 -1 6 -3
right_child=3 5 -4 -5 -6 -7 -8
leaf_value=-0.031671642224987029 0.024933488125027221 -0.041376648370139456 0.01288501340655568 -0.0053316113350504804 -0.001406834256132951 -0.027865287608458699 -0.044934775617442711
leaf_weight=1.1631919131468751 2.3045490325603173 0.8759404759694005 3.1737810855556745 1.4011948245897654 1.5952197524893561 0.20954669931961678 0.21624884847551584
leaf_count=193 206 1935 187 242 202 252 79
internal_value=-2.73653e-09 -0.00691047 0.000305082 0.0134898 -0.0141692 -0.0397927 -0.0420811
internal_weight=10.9397 7.23393 5.93219 3.70574 2.75841 1.30174 1.09219
internal_count=3296 2848 582 448 395 2266 2014
is_linear=0
shrinkage=0.04


Tree=87
num_leaves=8
num_cat=0
split_feature=21 2 7 19 20 10 0
split_gain=0.554821 0.860274 0.781095 0.889557 0.504751 0.339819 0.0162379
threshold=0.96824596774193561 0.29019004106521612 -0.25924438238143915 0.063164893617021281 0.58236434108527146 0.64187747240066539 0.035813599824905402
decision_type=2 2 2 2 2 2 2
left_child=1 2 4 -4 -1 6 -2
right_child=5 -3 3 -5 -6 -7 -8
leaf_value=0.01194218909844509 -0.043919867375690202 0.032980743995550198 0.033679031868382232 -0.033751968387885051 -0.013375878341540448 0.00056592353298190305 -0.057927213437747323
leaf_weight=4.7165334900200806 0.27664980167173858 1.3028598476084869 0.37691581102262839 1.8465418149862669 1.7191187218995763 0.34071475808741525 0.25398118743032683
leaf_count=388 297 68 106 2162 191 35 49
internal_value=1.02797e-09 0.00267719 -0.00188232 -0.0223212 0.00517912 -0.0306079 -0.0506243
internal_weight=10.8333 9.96197 8.65911 2.22346 6.43565 0.871346 0.530631
internal_count=3296 2915 2847 2268 579 381 346
is_linear=0
shrinkage=0.04


Tree=88
num_leaves=9
num_cat=0
split_feature=37 12 33 4 14 32 1 33
split_gain=0.547053 0.678015 0.920722 0.432869 0.419346 0.229897 0.604083 0.00427802
threshold=1.0000000180025095e-35 0.13407384604215625 0.067653579346349149 0.09323532879352571 0.061080403625965125 0.24947257383966248 0.084458764642477049 0.080966072455434177
decision_type=2 2 2 2 2 2 2 2
left_child=4 7 -3 -4 5 -1 -7 -2
right_child=1 2 3 -5 -6 6 -8 -9
leaf_value=0.008470908990808327 -0.053424590303454436 0.030788759359345316 -0.048276792953925833 -0.008240698661521207 0.016014955060636427 -0.043053316059318593 0.0074940019528205648 -0.04670768186052339
leaf_weight=1.2086049614154037 0.32028430246282358 0.88780857886013143 0.53709366517432533 2.2101003406714881 3.7421050370030571 0.6781499994540352 0.85550520711694844 0.28825525031425059
leaf_count=133 92 50 732 1404 275 286 61 263
internal_value=-1.86426e-09 -0.0111657 -0.00462377 -0.016068 0.00730714 -0.00457559 -0.014857 -0.0502429
internal_weight=10.7279 4.24354 3.635 2.74719 6.48437 2.74226 1.53366 0.60854
internal_count=3296 2541 2186 2136 755 480 347 355
is_linear=0
shrinkage=0.04


Tree=89
num_leaves=8
num_cat=0
split_feature=18 37 12 7 20 17 8
split_gain=0.520129 0.574191 0.626824 0.860406 0.4052 0.725514 0.00656684
threshold=0.0069186263717710981 1.0000000180025095e-35 0.13407384604215625 -0.38850602507591242 0.29340028694404596 -0.0085022598505020124 -0.42394128441810602
decision_type=2 2 2 2 2 2 2
left_child=6 4 -3 -4 -2 -6 -1
right_child=1 2 3 -5 5 -7 -8
leaf_value=-0.044738024941123715 0.025927250459054169 -0.049996314064550199 0.030746324701155587 -0.015057990600993833 0.019330139429308536 -0.013370915332591887 -0.035315388684017214
leaf_weight=0.27144322748063132 1.750557521590961 0.53735557969775971 0.87521906173787911 2.6216146497608874 2.1914164508925746 2.1510820919647817 0.20980979204614492
leaf_count=117 104 294 13 2032 178 291 267
internal_value=-3.16152e-09 0.00193076 -0.00977452 -0.00359367 0.00968079 0.00313148 -0.0406301
internal_weight=10.6085 10.1272 4.03419 3.49683 6.09306 4.3425 0.481253
internal_count=3296 2912 2339 2045 573 469 384
is_linear=0
shrinkage=0.04


Tree=90
num_leaves=8
num_cat=0
split_feature=21 2 7 19 8 31 0
split_gain=0.519329 0.822361 0.700699 0.780808 0.477031 0.329389 0.0148045
threshold=0.96824596774193561 0.29019004106521612 -0.25924438238143915 0.063164893617021281 -0.50391599535942067 0.99150739271547073 0.035813599824905402
decision_type=2 2 2 2 2 2 2
left_child=1 2 4 -4 -1 6 -2
right_child=5 -3 3 -5 -6 -7 -8
leaf_value=-0.0078608142627196419 -0.043872871075474135 0.032107431189143755 0.031802650986937325 -0.032863827325372096 0.014451654272623878 0.00041587779202475556 -0.057589550589566836
leaf_weight=2.7114827360783238 0.2554314742083087 1.3087112218490791 0.35991719219600904 1.7578408976041826 3.5277098088845351 0.33789639358292334 0.2482581030781148
leaf_count=258 289 68 106 2162 321 43 49
internal_value=1.51091e-09 0.00262404 -0.0019931 -0.0218736 0.00475491 -0.0301372 -0.0506335
internal_weight=10.5072 9.66566 8.35695 2.11776 6.23919 0.841586 0.50369
internal_count=3296 2915 2847 2268 579 381 338
is_linear=0
shrinkage=0.04


Tree=91
num_leaves=10
num_cat=0
split_feature=14 21 2 22 9 4 35 8 8
split_gain=0.498404 0.519064 0.666663 0.763877 0.192706 0.241226 0.0246859 0.000727438 0.000112172
threshold=0.024098793976008896 0.96824596774193561 0.29019004106521612 1.0000000180025095e-35 25.500000000000004 -0.038069358095526688 0.056660171598196037 -0.47033274173736567 -0.39330574870109553
decision_type=2 2 2 2 2 2 2 2 2
left_child=4 2 3 -2 6 -6 7 -1 -7
right_child=1 -3 -4 -5 5 8 -8 -9 -10
leaf_value=-0.045864220428494605 0.011003636131701215 -0.028737719720635515 0.031475436603164583 -0.014901943422588977 0.025280304922202634 -0.042849866811813561 -0.064931932958217503 -0.041390208213311679 -0.040709832284166511
leaf_weight=0.12708237962215208 4.5334367134710156 0.78696612035855729 1.3124414734775198 3.0440832772292197 0.16157581636798568 0.055616540950722992 0.14246694133908022 0.10719142256130076 0.13267673057271168
leaf_count=36 982 294 68 1016 8 33 52 316 491
internal_value=1.42029e-10 0.00239907 0.00515539 0.000596703 -0.0319506 -0.0105746 -0.0518018 -0.0438171 -0.0413419
internal_weight=10.4035 9.67693 8.88996 7.57752 0.72661 0.349869 0.376741 0.234274 0.188293
internal_count=3296 2360 2066 1998 936 532 404 352 524
is_linear=0
shrinkage=0.04


Tree=92
num_leaves=8
num_cat=0
split_feature=18 37 12 8 3 31 8
split_gain=0.46797 0.536011 0.576741 0.746055 0.421765 0.649478 0.00709662
threshold=0.0069186263717710981 1.0000000180025095e-35 0.13407384604215625 -0.45055690407752985 0.080582719296216979 0.49364395367627262 -0.42394128441810602
decision_type=2 2 2 2 2 2 2
left_child=6 4 -3 -4 5 -2 -1
right_child=1 2 3 -5 -6 -7 -8
leaf_value=-0.044499858436719636 0.012820075752841185 -0.049596381507484071 0.01404126758545984 -0.023643669645222933 0.021697391306124372 -0.02347411082523819 -0.034319491128752169
leaf_weight=0.2523943765409058 2.2776984968659222 0.50634866435575565 1.7741369887953617 1.5972767959901837 2.5336258949246258 1.2068808528274528 0.19359125779010433
leaf_count=117 175 294 96 1949 127 271 267
internal_value=3.02465e-10 0.00180634 -0.00979106 -0.00381275 0.00927899 0.000249618 -0.0400808
internal_weight=10.342 9.89597 3.87776 3.37141 6.01821 3.48458 0.445986
internal_count=3296 2912 2339 2045 573 446 384
is_linear=0
shrinkage=0.04


Tree=93
num_leaves=8
num_cat=0
split_feature=12 21 18 3 21 2 0
split_gain=0.447136 0.512669 0.623231 0.66479 0.421471 0.337349 0.0105837
threshold=0.081429909914731993 0.96824596774193561 0.04309541359543801 0.086698692291975035 0.93218390804597717 0.57151490449905407 0.035813599824905402
decision_type=2 2 2 2 2 2 2
left_child=-1 2 3 -2 -4 6 -3
right_child=1 5 4 -5 -6 -7 -8
leaf_value=-0.025403090348633427 -0.022299814462497809 -0.043725444317817795 0.0085993371013999183 0.017382928602936984 0.037942627443157927 0.0040340551649974358 -0.055720555878267145
leaf_weight=1.0002375342810417 2.0046325631119513 0.24127958994358856 4.4741344292997383 1.0187208755814934 0.94938547519268457 0.31231941969599575 0.22976966387068387
leaf_count=285 1560 297 901 133 39 29 52
internal_value=2.56568e-09 0.00275282 0.00562364 -0.00892869 0.0137359 -0.0282026 -0.0495765
internal_weight=10.2305 9.23024 8.44687 3.02335 5.42352 0.783369 0.471049
internal_count=3296 3011 2633 1693 940 378 349
is_linear=0
shrinkage=0.04


Tree=94
num_leaves=8
num_cat=0
split_feature=18 37 12 33 20 17 35
split_gain=0.427684 0.501751 0.525467 0.7276 0.341228 0.697197 0.00713094
threshold=0.0069186263717710981 1.0000000180025095e-35 0.13407384604215625 0.067653579346349149 0.29340028694404596 -0.0085022598505020124 0.022994044236838821
decision_type=2 2 2 2 2 2 2
left_child=6 4 -3 -4 -2 -6 -1
right_child=1 2 3 -5 5 -7 -8
leaf_value=-0.03324356679927451 0.024142955660395371 -0.049030724823404141 0.028865518475093738 -0.014721431952367929 0.01886614565911068 -0.013526957601400528 -0.043821733283293918
leaf_weight=0.17325510251976162 1.6928776310523952 0.47475571094400981 0.81187657327973317 2.4986822722348734 2.1581182261725185 2.0951779056922537 0.24779648674302734
leaf_count=156 104 294 50 1995 178 291 228
internal_value=1.09627e-09 0.0017077 -0.00967596 -0.00403223 0.00895451 0.00290927 -0.039469
internal_weight=10.1525 9.73149 3.78531 3.31056 5.94617 4.2533 0.421052
internal_count=3296 2912 2339 2045 573 469 384
is_linear=0
shrinkage=0.04


Tree=95
num_leaves=10
num_cat=0
split_feature=14 21 2 22 9 4 35 8 8
split_gain=0.412969 0.447225 0.556727 0.6687 0.185408 0.227462 0.0211176 0.000503674 8.18639e-05
threshold=0.024098793976008896 0.96824596774193561 0.29019004106521612 1.0000000180025095e-35 25.500000000000004 -0.038069358095526688 0.056660171598196037 -0.47033274173736567 -0.39330574870109553
decision_type=2 2 2 2 2 2 2 2 2
left_child=4 2 3 -2 6 -6 7 -1 -7
right_child=1 -3 -4 -5 5 8 -8 -9 -10
leaf_value=-0.045251765911731238 0.010361895501599551 -0.027630414613040354 0.028668840973614346 -0.014274090170927343 0.025232053833397123 -0.042568900119355969 -0.06401529139853572 -0.041287590230060602 -0.040645136982623724
leaf_weight=0.11043267068453133 4.3662794318006455 0.74245474148483559 1.3165022745379245 2.9564770639626659 0.15930585589376278 0.050055143539793789 0.12962564955523703 0.095741484568862556 0.12082066192670027
leaf_count=36 982 294 68 1016 8 33 52 316 491
internal_value=-1.00398e-09 0.0021606 0.00472083 0.000415405 -0.0304366 -0.00915239 -0.0513646 -0.0434109 -0.0412087
internal_weight=10.0477 9.38171 8.63926 7.32276 0.665981 0.330182 0.3358 0.206174 0.170876
internal_count=3296 2360 2066 1998 936 532 404 352 524
is_linear=0
shrinkage=0.04


Tree=96
num_leaves=9
num_cat=0
split_feature=37 12 32 8 18 17 35 7
split_gain=0.410463 0.354047 0.433917 0.848698 0.483144 0.11975 0.00235158 9.69667e-05
threshold=1.5000000000000002 0.081429909914731993 0.56144178112936538 -0.21310462057590482 0.05471200309693814 0.014266826678067447 0.063697345554828658 -0.28577433526515955
decision_type=2 2 2 2 2 2 2 2
left_child=1 -1 4 -4 -3 6 7 -2
right_child=5 2 3 -5 -6 -7 -8 -9
leaf_value=-0.021843792839697812 -0.04194799279692376 -0.0019364865529825468 -0.024139238237730596 0.013191583964173048 0.024421148828711381 0.0013980420315633608 -0.03334893367178577 -0.040560713979221008
leaf_weight=0.89016681977955059 0.1072755592467719 1.9523331852760728 1.9112762256481792 1.9878337611589822 2.5873509030061541 0.14546032855287194 0.077762385961250402 0.32437233378732522
leaf_count=175 104 509 518 240 158 52 173 1367
internal_value=1.79188e-09 0.00214887 0.00467974 -0.00510734 0.0130858 -0.0306117 -0.039752 -0.0409055
internal_weight=9.98383 9.32896 8.43879 3.89911 4.53968 0.654871 0.50941 0.431648
internal_count=3296 1600 1425 758 667 1696 1644 1471
is_linear=0
shrinkage=0.04


Tree=97
num_leaves=10
num_cat=0
split_feature=37 3 30 11 31 17 8 35 7
split_gain=0.386853 0.325957 0.886515 0.53393 0.408644 0.117175 0.0154352 0.00246305 8.47841e-05
threshold=1.5000000000000002 0.080582719296216979 4.5000000000000009 0.18444463610649112 0.8938283781879669 0.014266826678067447 -0.48891161382198328 0.063697345554828658 -0.28577433526515955
decision_type=2 2 2 2 2 2 2 2 2
left_child=1 2 3 -1 -3 7 -4 8 -2
right_child=5 4 6 -5 -6 -7 -8 -9 -10
leaf_value=0.0086674781180028047 -0.041863574239782937 0.026283779183737335 -0.051608165681818322 -0.022888961419946147 -0.0018542015680119862 0.0013321702798938103 -0.039814860912786021 -0.032975841580753638 -0.040536504705062121
leaf_weight=4.1636980880284664 0.10246718856796988 1.6434157589392273 0.33680492179701105 1.0805103124293962 1.6598974115331655 0.14472325379028916 0.37556855488946883 0.074771196697838604 0.3102585074084363
leaf_count=592 104 151 63 186 157 52 451 173 1367
internal_value=1.66206e-09 0.0020669 -0.00352183 0.00216563 0.0121446 -0.0302731 -0.0453906 -0.0396558 -0.040866
internal_weight=9.89212 9.2599 5.95658 5.24421 3.30331 0.63222 0.712373 0.487497 0.412726
internal_count=3296 1600 1292 778 308 1696 514 1644 1471
is_linear=0
shrinkage=0.04


Tree=98
num_leaves=8
num_cat=0
split_feature=18 37 12 7 3 33 16
split_gain=0.377442 0.418162 0.463019 0.683539 0.312472 0.525002 0.00829868
threshold=0.0069186263717710981 1.0000000180025095e-35 0.13407384604215625 -0.38850602507591242 0.080582719296216979 0.10109162698873535 0.24857142857142858
decision_type=2 2 2 2 2 2 2
left_child=6 4 -3 -4 5 -2 -1
right_child=1 2 3 -5 -6 -7 -8
leaf_value=-0.03119258785528032 0.013767949738636332 -0.047790290104786852 0.028765022050202017 -0.014259389442749175 0.019069521901307739 -0.018448631781805388 -0.043199634942080449
leaf_weight=0.14946847518876971 1.9322090307250603 0.43424825775582609 0.78109958046115879 2.4252763156982846 2.4639063674258068 1.3926448353304293 0.23995411861687899
leaf_count=154 80 294 13 2032 127 366 230
internal_value=-2.08141e-09 0.00159376 -0.00902797 -0.00377829 0.00827391 0.000273746 -0.0385911
internal_weight=9.81881 9.42938 3.64062 3.20638 5.78876 3.32485 0.389423
internal_count=3296 2912 2339 2045 573 446 384
is_linear=0
shrinkage=0.04


Tree=99
num_leaves=9
num_cat=0
split_feature=21 2 7 19 8 11 1 10
split_gain=0.37005 0.567089 0.581245 0.695355 0.386721 0.356986 0.00950684 0.00133166
threshold=0.96824596774193561 0.29019004106521612 -0.25924438238143915 0.076655982905982925 -0.50391599535942067 0.75974938273429882 0.14631982892751697 0.32233253121376043
decision_type=2 2 2 2 2 2 2 2
left_child=1 2 4 -4 -1 6 7 -2
right_child=5 -3 3 -5 -6 -7 -8 -9
leaf_value=-0.007439662463292137 -0.041441250065309278 0.026809502327139231 0.027960111133352252 -0.032574726780911813 0.013524766030673461 0.0071399064291416525 -0.056141436873975867 -0.047283147684279624
leaf_weight=2.4680591382348211 0.12269219092559147 1.2878296690760178 0.37685632468492158 1.5620878661284221 3.2772583946789373 0.29352614347590134 0.19846206292277202 0.12711387861054391
leaf_count=258 270 68 140 2128 321 25 44 42
internal_value=-3.85e-11 0.00224486 -0.00187201 -0.0208091 0.00451892 -0.0271518 -0.049606 -0.0444139
internal_weight=9.71389 8.97209 7.68426 1.93894 5.74532 0.741794 0.448268 0.249806
internal_count=3296 2915 2847 2268 579 381 356 312
is_linear=0
shrinkage=0.04


end of trees

feature_importances:
dd_60=78
ma90_dev=63
price_band=56
vol_7=53
family_r30_rank=49
peer_med_1=48
family_ma90_rank=38
peer_med_7=36
r_14=32
pos_60=30
family_median7=30
peer_rs7=24
band_r7_rank=24
r_7=21
r_30=19
r_3=18
peer_rank_7=18
dsl_30=16
up_14=16
vol_ratio=14
family_r7_rank=14
peer_rank_1=13
r_1=11
peer_rank_3=11
family_vol_rank=10
ma7_dev=8
rsi_14=7
ma30_dev=6
up_7=5
family_code=4
family_breadth7=3
peer_breadth1=2
cat_code=1

parameters:
[boosting: gbdt]
[objective: lambdarank]
[metric: ndcg]
[tree_learner: serial]
[device_type: cpu]
[data_sample_strategy: bagging]
[data: ]
[valid: ]
[num_iterations: 100]
[learning_rate: 0.04]
[num_leaves: 15]
[num_threads: 2]
[seed: 389]
[deterministic: 0]
[force_col_wise: 0]
[force_row_wise: 0]
[histogram_pool_size: -1]
[max_depth: 4]
[min_data_in_leaf: 150]
[min_sum_hessian_in_leaf: 0.001]
[bagging_fraction: 1]
[pos_bagging_fraction: 1]
[neg_bagging_fraction: 1]
[bagging_freq: 0]
[bagging_seed: 27313]
[bagging_by_query: 0]
[feature_fraction: 1]
[feature_fraction_bynode: 1]
[feature_fraction_seed: 24186]
[extra_trees: 0]
[extra_seed: 31967]
[early_stopping_round: 0]
[early_stopping_min_delta: 0]
[first_metric_only: 0]
[max_delta_step: 0]
[lambda_l1: 0]
[lambda_l2: 0]
[linear_lambda: 0]
[min_gain_to_split: 0]
[drop_rate: 0.1]
[max_drop: 50]
[skip_drop: 0.5]
[xgboost_dart_mode: 0]
[uniform_drop: 0]
[drop_seed: 23585]
[top_rate: 0.2]
[other_rate: 0.1]
[min_data_per_group: 100]
[max_cat_threshold: 32]
[cat_l2: 10]
[cat_smooth: 10]
[max_cat_to_onehot: 4]
[top_k: 20]
[monotone_constraints: ]
[monotone_constraints_method: basic]
[monotone_penalty: 0]
[feature_contri: ]
[forcedsplits_filename: ]
[refit_decay_rate: 0.9]
[cegb_tradeoff: 1]
[cegb_penalty_split: 0]
[cegb_penalty_feature_lazy: ]
[cegb_penalty_feature_coupled: ]
[path_smooth: 0]
[interaction_constraints: ]
[verbosity: -1]
[saved_feature_importance_type: 0]
[use_quantized_grad: 0]
[num_grad_quant_bins: 4]
[quant_train_renew_leaf: 0]
[stochastic_rounding: 1]
[linear_tree: 0]
[max_bin: 255]
[max_bin_by_feature: ]
[min_data_in_bin: 3]
[bin_construct_sample_cnt: 200000]
[data_random_seed: 1308]
[is_enable_sparse: 1]
[enable_bundle: 1]
[use_missing: 1]
[zero_as_missing: 0]
[feature_pre_filter: 1]
[pre_partition: 0]
[two_round: 0]
[header: 0]
[label_column: ]
[weight_column: ]
[group_column: ]
[ignore_column: ]
[categorical_feature: ]
[forcedbins_filename: ]
[precise_float_parser: 0]
[parser_config_file: ]
[objective_seed: 23528]
[num_class: 1]
[is_unbalance: 0]
[scale_pos_weight: 1]
[sigmoid: 1]
[boost_from_average: 1]
[reg_sqrt: 0]
[alpha: 0.9]
[fair_c: 1]
[poisson_max_delta_step: 0.7]
[tweedie_variance_power: 1.5]
[lambdarank_truncation_level: 30]
[lambdarank_norm: 1]
[label_gain: ]
[lambdarank_position_bias_regularization: 0]
[eval_at: 1,2,3,4,5]
[multi_error_top_k: 1]
[auc_mu_weights: ]
[num_machines: 1]
[local_listen_port: 12400]
[time_out: 120]
[machine_list_filename: ]
[machines: ]
[gpu_platform_id: -1]
[gpu_device_id: -1]
[gpu_device_id_list: ]
[gpu_use_dp: 0]
[num_gpu: 1]

end of parameters

pandas_categorical:[]
