tree
version=v4
num_class=1
num_tree_per_iteration=1
label_index=0
max_feature_idx=38
objective=lambdarank
feature_names=r_1 r_3 r_7 r_14 r_30 ma7_dev ma30_dev ma90_dev dd_60 dsl_30 up_7 up_14 pos_60 vol_ratio vol_7 rsi_14 peer_breadth1 peer_med_1 peer_med_7 peer_rank_1 peer_rank_3 peer_rank_7 peer_rs7 cat_code regime mkt_r_7 mkt_r_30 breadth7 above_ma30 mkt_vol_14 family_code family_r7_rank family_r30_rank family_ma90_rank family_vol_rank family_median7 family_breadth7 price_band band_r7_rank
feature_infos=[-0.47419354319572449:1.5837639570236206] [-0.55553102493286133:1.384615421295166] [-0.76115942001342773:1.9946523904800415] [-0.82727271318435669:3.2190475463867188] [-0.87590360641479492:4.5180950164794922] [-0.47074148058891296:0.91530299186706543] [-0.77876204252243042:1.6026183366775513] [-0.82657670974731445:2.3249752521514893] [-0.91416668891906738:0] [0:29] [0:6.15625] [0:9.9375] [0:1] [0:2.1981148719787598] [0:0.89350664615631104] [0:100] [0:1] [-0.22594289481639862:0.33495146036148071] [-0.40462219715118408:0.91419142484664917] [0.0053191489361702126:1] [0.0053191489361702126:1] [0.0053191489361702126:1] [-1.0040487051010132:1.8156945705413818] [0:2] [-1:1] [-0.26047474145889282:0.2022545337677002] [-0.36031150817871094:0.16148006916046143] [0.021612634882330894:0.89125102758407593] [0.013289036229252815:0.68816328048706055] [0.0076354243792593479:0.054287750273942947] [1:7] [0.0040000000000000001:1] [0.0040000000000000001:1] [0.0040000000000000001:1] [0.0040000000000000001:1] [-0.32068654894828796:0.34176260232925415] [0:0.984375] [0:4] [0.012500000000000001:1]
tree_sizes=1665 1776 1769 1658 1772 1772 1773 1769 1771 1769 1774 1778 1772 1668 1769 1664 1776 1768 1770 1775 1761 1761 1776 1770 1784 1788 1671 1788 1762 1788 1777 1765 1777 1770 1779 1776 1783 1772 1676 1785 1770 1792 1674 1790 1785 1793 1777 1775 1776 1782 1565 1568 1571 1569 1780 1767 1778 1767 1768 1569 1558 1662 1552 1449 1789 1469 1771 1568 1783 1563 1564 1768 1448 1783 1768 1561 1568 1775 1787 1795 1562 1793 1555 1681 1777 1484 1774 1562 1792 1771 1371 1780 1786 1670 1138 1368 1773 1797 1790 1681

Tree=0
num_leaves=14
num_cat=0
split_feature=30 30 27 34 27 35 33 13 0 7 1 25 1
split_gain=187.242 343.156 12.6141 14.3818 6.97056 8.2902 6.96228 2.79903 2.19399 1.08744 2.46124 0.449271 0.0540225
threshold=6.5000000000000009 1.5000000000000002 0.086330298334360137 0.79019418081918091 0.086330298334360137 -0.11941444873809813 0.079678081313325641 0.451104685664177 0.089312821626663222 -0.015840423293411728 -0.010152027476578949 -0.10359910130500792 -0.051055287942290299
decision_type=2 2 2 2 2 2 2 2 2 2 2 2 2
left_child=1 2 3 -1 5 -3 7 -2 -4 12 -11 -6 -8
right_child=6 4 8 -5 11 -7 9 -9 -10 10 -12 -13 -14
leaf_value=-0.080000000000000002 0.079303728360273093 0.074633785890804855 -0.079909125954933269 0.048060891594381559 0.058826546711308478 -0.0048189709560730633 -0.076088269599612818 -0.079999999999999669 -0.025971565389868678 0.060565236725501556 -0.080000000000000002 0.080000000000000002 -0.080000000000000002
leaf_weight=2.6973338818497714 0.63974753418005903 5.0112268152588513 33.495751922375348 2.9243969736198778 1.6432075397315191 3.6183802727609855 6.9351252584310705 0.24369445713819005 1.2517174567183236 0.29252047813497484 0.62543916443246317 66.203881399706006 30.455254192231223
leaf_count=371 71 3288 5136 102 1399 3885 948 516 151 146 330 79097 5630
internal_value=1.4285e-10 0.0253769 -0.0689725 -0.0133833 0.0751803 0.0413194 -0.0756583 0.0353603 -0.0779661 -0.0782185 -0.035207 0.0794872 -0.0792745
internal_weight=156.038 116.846 40.3692 5.62173 76.4767 8.62961 39.1918 0.883442 34.7475 38.3083 0.91796 67.8471 37.3904
internal_count=101070 93429 5760 473 87669 7173 7641 587 5287 7054 476 80496 6578
is_linear=0
shrinkage=0.04


Tree=1
num_leaves=15
num_cat=0
split_feature=30 4 7 32 14 37 8 9 4 24 36 12 28 21
split_gain=631.502 169.067 108.693 60.8065 40.5539 43.0465 33.708 28.9226 25.7415 23.9862 23.328 19.6932 15.933 12.855
threshold=3.5000000000000004 0.073975469917058959 -0.41027496755123133 0.22505411255411259 0.020105061121284965 1.0000000180025095e-35 -0.22576303780078885 25.500000000000004 0.52903982996940624 1.0000000180025095e-35 1.0000000180025095e-35 0.070391070097684874 0.063200246542692198 0.10471491228070177
decision_type=2 2 2 2 2 2 2 2 2 2 2 2 2 2
left_child=1 2 3 -1 5 12 7 -3 -8 11 -4 -6 -2 -7
right_child=4 6 10 -5 9 13 8 -9 -10 -11 -12 -13 -14 -15
leaf_value=-0.046771550296610828 -0.079951066852124941 0.054122221625228929 0.045878938231874847 0.058153551439143546 0.015454053568808008 0.051839044082407269 -0.068870356379541739 -0.017870342863835972 0.022804146898129488 -0.011377312687330816 -0.071107852482934747 0.067139011819115968 0.063887048972942395 -0.07853298506173513
leaf_weight=17.080288063516491 1.3660923337301962 34.324104252511461 2.7706272571813306 18.31100506245275 12.742195619954144 1.4146734342211846 10.730122231849238 12.067707031532334 9.020559476761262 7.1699801435606778 174.15021896865073 158.72138596692093 12.568194946121364 8.3685286005784274
leaf_count=1071 426 882 328 405 8841 942 2270 1207 509 1676 25466 35213 3550 18284
internal_value=-1.55862e-10 -0.0390785 -0.0564751 0.00751536 0.0537758 0.00463178 0.0167632 0.0353951 -0.0270006 0.0603008 -0.0692758 0.0632981 0.0497854 -0.0596809
internal_weight=480.806 278.455 212.312 35.3913 202.351 23.7175 66.1425 46.3918 19.7507 178.634 176.921 171.464 13.9343 9.7832
internal_count=101070 32138 27270 1476 68932 23202 4868 2089 2779 45730 25794 44054 3976 19226
is_linear=0
shrinkage=0.04


Tree=2
num_leaves=15
num_cat=0
split_feature=11 37 7 32 13 33 14 14 18 38 13 29 0 6
split_gain=127.671 83.8057 54.7233 50.1853 45.0813 43.3871 43.0864 34.6097 22.7425 20.1981 5.21679 8.3358 4.56538 4.21165
threshold=0.24457404762506488 1.0000000180025095e-35 -0.47050967812538141 0.62004366812227085 1.2808734178543093 0.95502849788564081 0.13487660139799121 0.11549427360296251 0.20164540410041812 0.80131578947368431 0.84174451231956493 0.020804931409657005 -0.077284239232540117 -0.13766746968030927
decision_type=2 2 2 2 2 2 2 2 2 2 2 2 2 2
left_child=1 4 13 -4 9 6 8 -6 -2 -1 11 -7 -8 -3
right_child=5 2 3 -5 7 10 12 -9 -10 -11 -12 -13 -14 -15
leaf_value=0.0080923372626786772 0.02956611060990412 0.0031065307224237425 -0.058642666026005277 -0.014833522506323155 -0.073357484446182217 -0.064642427040941988 0.014695000036736454 0.054494094821396735 -0.077594961361769701 0.044815453606187799 0.066851595506673328 0.060440340346834952 -0.075841779433668211 0.078282402681447635
leaf_weight=95.912478490688954 77.739641933061648 1.4288590631622353 86.392883641165099 81.123217686617863 16.210033958734133 1.289764235960319 0.99940980382962052 4.2827448911557431 3.3033766900771289 31.945017572055804 44.092364860029193 2.5141768731555203 8.2260254141001479 7.2046534185355977
leaf_count=14711 9105 764 41268 24761 2826 337 247 300 1281 2372 1516 272 1128 182
internal_value=8.41285e-10 -0.0137109 -0.0323658 -0.0374272 0.00843978 0.0322019 0.0158742 -0.046638 0.0251981 0.0172676 0.0629741 0.0180298 -0.0660337 0.0658407
internal_weight=462.665 324.5 176.15 167.516 148.35 138.165 90.2685 20.4928 81.043 127.857 47.8963 3.80394 9.22544 8.63351
internal_count=101070 87184 66975 66029 20209 13886 11761 3126 10386 17083 2125 609 1375 946
is_linear=0
shrinkage=0.04


Tree=3
num_leaves=14
num_cat=0
split_feature=33 7 37 29 37 35 28 2 6 12 13 0 11
split_gain=117.164 120.179 76.7386 69.409 36.9789 24.2167 21.7205 31.4524 17.4862 13.4947 9.04578 1.02737 0.0312349
threshold=0.95841977869986184 -0.5099332034587859 1.0000000180025095e-35 0.010492360685020687 2.5000000000000004 -0.08917242661118506 0.16634371876716617 0.12533006817102435 0.092001423239707961 0.080638475716114058 0.8130517601966859 -0.050596479326486581 0.24457404762506488
decision_type=2 2 2 2 2 2 2 2 2 2 2 2 2
left_child=1 9 5 -4 6 -3 8 -8 -2 10 -1 -6 -13
right_child=4 2 3 -5 11 -7 7 -9 -10 -11 -12 12 -14
leaf_value=-0.066375476109146611 -0.0094364051637650138 0.02730871947345417 0.05667524311003632 -0.050533044904908272 -0.02911414352110523 -0.010674028946186194 0.042878283543314681 -0.016339536645358185 0.054904521733116156 0.068787484571735738 0.033624413486533104 -0.074066577768657105 -0.081680556450262384
leaf_weight=1.8994241939508345 7.4893584969395297 35.552604904922191 10.424854809709357 132.08635845356912 0.74436438991688181 109.81119563960237 31.832526136568049 26.130625056975987 69.239149306551553 27.996963677287567 6.0807778547168709 1.1502070808201086 3.4410906255361624
leaf_count=521 876 2909 4573 67600 66 20293 1164 762 649 231 448 711 267
internal_value=-9.85129e-10 -0.0132187 -0.0218328 -0.0426906 0.0305719 -0.00138433 0.0346631 0.016182 0.0486243 0.0557083 0.00982273 -0.0727058 -0.0797731
internal_weight=463.88 323.852 287.875 142.511 140.027 145.364 134.692 57.9632 76.7285 35.9772 7.9802 5.33566 4.5913
internal_count=101070 96575 95375 72173 4495 23202 3451 1926 1525 1200 969 1044 978
is_linear=0
shrinkage=0.04


Tree=4
num_leaves=15
num_cat=0
split_feature=11 33 37 33 29 31 28 19 6 33 13 12 12 32
split_gain=145.408 109.613 81.2068 39.6268 37.9314 31.6587 18.2841 15.4846 14.4718 12.4982 11.3106 11.0936 6.90157 6.84901
threshold=0.24457404762506488 0.020675406098603594 1.0000000180025095e-35 0.94152390163028477 0.010410954244434835 0.72233560090702953 0.4004065096378327 0.43342967244701353 0.39321182668209081 0.99095004095004102 0.8797365427017213 0.082497321069240584 0.60376179218292247 0.22125776689888912
decision_type=2 2 2 2 2 2 2 2 2 2 2 2 2 2
left_child=1 11 5 6 -4 -3 7 -2 12 -10 -8 13 -5 -1
right_child=3 2 4 8 -6 -7 10 -9 9 -11 -12 -13 -14 -15
leaf_value=-0.058002694537603101 0.042634355900944367 -0.020991684587773819 0.0032043135003471329 0.012140067047510916 -0.059548119792780352 0.021620300276142139 -0.0034019336633266499 -0.012087588491208846 -0.027317109807261871 0.03077160944604021 -0.061858135821895921 0.063702627742354759 0.048310684874682618 0.035640628965557822
leaf_weight=2.0157571076415506 17.422524220659398 69.334194470808143 18.037477110454347 9.236900622607207 105.88190342276357 46.676733858999796 11.271616010868458 15.755798019759821 8.5911304361652601 19.105703235196415 9.9894871287106053 25.179219885903876 97.863543951243628 3.2881580647663213
leaf_count=936 1346 15517 3550 346 62663 4069 2554 3411 451 371 4024 272 1383 177
internal_value=7.83741e-11 -0.0188204 -0.0278979 0.0268938 -0.050414 -0.00384685 -0.00190905 0.0166479 0.0385261 0.0127534 -0.0308675 0.0526276 0.0451911 5.14107e-05
internal_weight=459.65 270.413 239.93 189.237 123.919 116.011 54.4394 33.1783 134.797 27.6968 21.2611 30.4831 107.1 5.30392
internal_count=101070 87184 85799 13886 66213 19586 11335 4757 2551 822 6578 1385 1729 1113
is_linear=0
shrinkage=0.04


Tree=5
num_leaves=15
num_cat=0
split_feature=11 7 37 29 33 35 32 26 26 29 21 0 14 32
split_gain=137.358 108.642 52.6895 52.0517 31.162 26.2855 23.1866 22.769 18.237 16.0716 13.9233 9.84558 5.92347 6.76854
threshold=0.24457404762506488 -0.5099332034587859 1.0000000180025095e-35 0.010410954244434835 0.94152390163028477 -0.08917242661118506 0.43763412017167386 -0.0099274814128875715 -0.032327026128768914 0.018834898248314861 0.82872421695951115 0.12368718534708024 0.043067075312137611 0.23410988419068143
decision_type=2 2 2 2 2 2 2 2 2 2 2 2 2 2
left_child=1 12 5 -4 6 -3 10 -8 11 -10 -2 -6 -1 -14
right_child=4 2 3 -5 8 -7 7 -9 9 -11 -12 -13 13 -15
leaf_value=0.060753722653015076 0.039313152207296816 0.019223995583610539 0.02710832440589625 -0.057579928347495465 0.042469154342165791 -0.022624296790773143 -0.043424259367205294 0.036505252697752136 0.037045259288820014 -0.074476928018837554 -0.065994772113031314 0.0053765669795335846 -0.048166671740315151 0.041652972079182934
leaf_weight=23.684728734893728 21.287738991144582 35.410546790750232 13.110469342500435 101.5994055744377 119.30933275294956 74.623461854003835 22.874980529653843 7.5957884853705755 3.8913292564684507 4.4114605116774328 2.218132553738541 12.664898387913125 1.7880592473666173 5.3854625253006816
leaf_count=356 2630 2785 3571 62876 1868 16968 7157 500 94 228 1048 361 509 119
internal_value=-4.78517e-10 -0.0192687 -0.0289318 -0.0479007 0.0253541 -0.00915691 -0.000473167 -0.0234993 0.035292 -0.022209 0.0293758 0.0389096 0.0511089 0.0192647
internal_weight=449.856 255.602 224.744 114.71 194.254 110.034 53.9766 30.4708 140.277 8.30279 23.5059 131.974 30.8583 7.17352
internal_count=101070 87184 86200 66447 13886 19753 11335 7657 2551 322 3678 2229 984 628
is_linear=0
shrinkage=0.04


Tree=6
num_leaves=15
num_cat=0
split_feature=11 7 37 29 31 13 37 18 26 19 12 21 13 29
split_gain=131.185 105.569 54.7846 34.313 29.9545 22.4142 27.4582 19.6915 17.7303 15.5465 12.4974 12.4267 11.9812 5.15074
threshold=0.24457404762506488 -0.47050967812538141 1.0000000180025095e-35 0.010410954244434835 0.72233560090702953 1.0741675496101382 1.5000000000000002 0.011260871309787037 -0.1615207493305206 0.72281323877068571 0.080638475716114058 0.070598006644518277 1.6503182053565981 0.020804931409657005
decision_type=2 2 2 2 2 2 2 2 2 2 2 2 2 2
left_child=1 10 4 -4 -3 6 11 12 -8 -9 13 -2 -7 -1
right_child=5 2 3 -5 -6 7 8 9 -10 -11 -12 -13 -14 -15
leaf_value=0.016198311533850155 0.061087603397029795 -0.02747764303256181 0.00072541007896559178 -0.057165457772369373 0.01658789003655535 0.048859960136983939 0.029693159597028434 -0.054740341881842125 -0.07368717455036293 0.025342391465949677 0.05806381708343776 0.01247344966602314 -0.0012095509541252983 -0.068147348013108011
leaf_weight=7.0125608124071714 9.7578775982838106 54.142382589227054 19.618368580180686 99.293290072266245 45.361447315488476 83.149698222056031 3.7190889142802908 5.9462886530091081 9.2717153847333957 11.154147355642634 27.276292090013158 61.040926469198894 8.4211153261130658 1.3876398058491757
leaf_count=710 126 15351 3567 62462 4090 1906 666 2182 2311 1747 213 3963 985 791
internal_value=2.83318e-09 -0.0188687 -0.029289 -0.0476145 -0.00738921 0.0249109 0.00936514 0.0368973 -0.0440908 -0.00250456 0.0449258 0.0191737 0.0442554 0.00226514
internal_weight=446.553 254.092 218.415 118.912 99.5038 192.461 83.7896 108.671 12.9908 17.1004 35.6765 70.7988 91.5708 8.4002
internal_count=101070 87184 85470 66029 19441 13886 7066 6820 2977 3929 1714 4089 2891 1501
is_linear=0
shrinkage=0.04


Tree=7
num_leaves=15
num_cat=0
split_feature=11 7 37 29 33 8 31 26 2 28 12 12 34 34
split_gain=142.168 101.081 46.7392 32.7995 29.6631 29.8057 28.1397 23.8453 13.8097 8.24215 18.597 8.03399 6.01731 5.50105
threshold=0.24457404762506488 -0.47050967812538141 1.0000000180025095e-35 0.010410954244434835 0.94152390163028477 -0.46802012622356409 0.72233560090702953 -0.0099274814128875715 0.043334359303116805 0.16634371876716617 0.80539554357528698 0.080638475716114058 0.92764557670772685 0.95248357963875219
decision_type=2 2 2 2 2 2 2 2 2 2 2 2 2 2
left_child=1 11 6 -4 5 8 -3 -7 -2 12 -11 13 -6 -1
right_child=4 2 3 -5 9 7 -8 -9 -10 10 -12 -13 -14 -15
leaf_value=-0.012005934758426649 0.048345254211085605 -0.030639539471192991 0.00014627558669727075 -0.056236148785359256 0.028262493260285407 -0.040080564670581673 0.012609150535699134 0.02400112269014194 -0.037471804392681059 0.038079972489321524 -0.012481614379596263 0.05231609424513927 0.053561046905036325 0.05410743101393712
leaf_weight=6.2771876071055868 22.613886275095869 49.38895537663484 19.758349643321708 100.35720128490357 21.910475104930811 26.67323157080682 46.956280537939165 14.256785772508008 3.4591777356690718 47.417173952388112 15.425518963893408 27.472988164925482 47.992938621435314 2.9647153933765367
leaf_count=1389 903 15351 3567 62462 463 8776 4090 521 1135 894 933 213 261 112
internal_value=-4.13585e-10 -0.0199058 -0.0303149 -0.0469615 0.0252299 0.00353347 -0.0095612 -0.0177596 0.0369597 0.0361811 0.025669 0.0414635 0.0456315 0.00920261
internal_weight=452.925 253.176 216.461 120.116 199.749 67.0031 96.3452 40.93 26.0731 132.746 62.8427 36.7149 69.9034 9.2419
internal_count=101070 87184 85470 66029 13886 11335 19441 9297 2038 2551 1827 1714 724 1501
is_linear=0
shrinkage=0.04


Tree=8
num_leaves=15
num_cat=0
split_feature=11 7 37 29 38 33 8 26 2 13 21 9 9 6
split_gain=138.609 90.1294 44.0306 30.294 28.8545 24.5074 31.1282 22.3519 14.6914 9.66426 17.0562 10.6607 8.23186 8.61644
threshold=0.24457404762506488 -0.47050967812538141 1.0000000180025095e-35 0.010410954244434835 0.76975051975051989 0.94152390163028477 -0.46802012622356409 -0.0099274814128875715 0.043334359303116805 0.96450117230415355 0.1178513071895425 25.500000000000004 18.500000000000004 -0.17969731241464612
decision_type=2 2 2 2 2 2 2 2 2 2 2 2 2 2
left_child=1 12 4 -4 -3 6 8 -8 -2 10 -7 -11 13 -1
right_child=5 2 3 -5 -6 9 7 -9 -10 11 -12 -13 -14 -15
leaf_value=-0.0033683068052669761 0.045193401765159742 -0.029863037512821263 0.00081416581206718731 -0.054639988468586032 0.014416512354159916 0.057917150115066346 -0.040782201786362764 0.022171194870758235 -0.054822912753695954 0.025729840990135623 -0.0041627311599715675 0.052297561914071755 -0.021270678787846824 0.052820111235292323
leaf_weight=5.1678648191737002 26.913821764639582 50.96347081073327 18.694772595365066 100.47036588581977 43.768961576628499 10.473694861866532 24.915081136394292 14.14823697140673 2.5746538125094949 41.694901996583212 21.860755396948662 57.479563997825608 3.3950586889986871 28.16751545725856
leaf_count=1134 903 15759 3567 62462 3682 63 8776 521 1135 1081 1041 366 205 375
internal_value=1.87527e-09 -0.0198191 -0.0297591 -0.0459403 -0.00940468 0.0248286 0.00543777 -0.0179813 0.0364609 0.0349364 0.015946 0.041128 0.0380662 0.0441094
internal_weight=450.689 250.628 213.898 119.165 94.7324 200.061 68.5518 39.0633 29.4885 131.509 32.3345 99.1745 36.7304 33.3354
internal_count=101070 87184 85470 66029 19441 13886 11335 9297 2038 2551 1104 1447 1714 1509
is_linear=0
shrinkage=0.04


Tree=9
num_leaves=15
num_cat=0
split_feature=11 7 36 12 33 8 26 5 37 4 12 9 31 13
split_gain=133.875 85.3168 33.308 27.7176 22.4541 28.3573 19.9195 15.4106 14.5011 9.97412 9.58112 9.24112 7.47452 6.15312
threshold=0.24457404762506488 -0.47050967812538141 0.09302884615384617 0.075377479195594801 0.94152390163028477 -0.46802012622356409 -0.0099274814128875715 0.063588928431272521 1.0000000180025095e-35 1.2381322383880617 0.080638475716114058 26.500000000000004 0.99800000000000011 0.67956268787384044
decision_type=2 2 2 2 2 2 2 2 2 2 2 2 2 2
left_child=1 10 3 -3 5 7 -7 -2 -4 11 13 -6 -11 -1
right_child=4 2 8 -5 9 6 -8 -9 -10 12 -12 -13 -14 -15
leaf_value=-0.059390599487674695 0.04149028198614068 -0.047905734636214073 -0.025218390096827924 0.011010095862963861 0.026185572744930927 -0.040269156073544872 0.019800133023545295 -0.063499374780454837 -0.05082500717545213 -0.046855300328722128 0.048499302278865938 0.048094384787943839 0.029718663208507815 0.018678299143820198
leaf_weight=2.0487359989783709 29.546620642999191 17.740088253223803 60.466001660388429 45.663955715514021 63.80820601596497 23.495992795389611 14.153289700800086 2.4201276587555176 85.305736289621564 4.1151459314860386 27.174026009219233 59.554406764509622 4.0437997806584463 7.6355818231822923
leaf_count=604 1128 8206 14866 8748 1710 8776 521 910 53650 255 213 502 84 897
internal_value=-1.86928e-09 -0.0197889 -0.0296765 -0.00547422 0.024206 0.00583622 -0.0176876 0.0335418 -0.0402034 0.0339294 0.0363246 0.0367622 -0.00890312 0.00216267
internal_weight=447.172 246.034 209.176 63.404 201.138 69.616 37.6493 31.9667 145.772 131.522 36.8583 123.363 8.15895 9.68432
internal_count=101070 87184 85470 16954 13886 11335 9297 2038 68516 2551 1714 2212 339 1501
is_linear=0
shrinkage=0.04


Tree=10
num_leaves=15
num_cat=0
split_feature=11 7 37 29 33 33 8 29 33 3 18 12 4 34
split_gain=126.191 76.2197 33.1698 35.2755 27.0668 21.132 22.2232 13.5037 9.98232 9.27263 9.86192 8.96819 6.68388 5.62273
threshold=0.24457404762506488 -0.47050967812538141 1.0000000180025095e-35 0.010410954244434835 0.6507392911502502 0.95502849788564081 -0.46802012622356409 0.011925298720598223 0.16700680272108845 0.64376670122146618 -0.060471355915069573 0.080638475716114058 0.48492354154586798 0.95248357963875219
decision_type=2 2 2 2 2 2 2 2 2 2 2 2 2 2
left_child=1 11 4 -4 -3 6 8 -8 -2 12 -11 13 -7 -1
right_child=5 2 3 -5 -6 9 7 -9 -10 10 -12 -13 -14 -15
leaf_value=-0.020808021025231174 -0.0063171780963709127 -0.03020536880663497 0.011358827158571734 -0.051788557127444533 0.013379048157075135 0.021955154503403285 0.046382977253958214 -0.019276871517007712 0.045142726017964624 0.036124619337671748 -0.042531287446817882 0.045589782764168377 0.043514415342471552 0.043894412659552906
leaf_weight=6.4524445148999785 8.0001354428241012 50.914399352273904 16.496648406609893 99.676491366582923 41.283147035283037 32.352604088722728 5.7433656263165167 39.331636775459629 24.508120270387735 5.1882895471644588 5.0164495693752524 27.163789473066572 79.659021553001367 3.2220263797789812
leaf_count=1389 1006 14616 3567 62462 4825 774 233 9486 1036 76 452 213 823 112
internal_value=-1.81494e-09 -0.0192274 -0.0286042 -0.0428216 -0.0106896 0.0235972 0.00726998 -0.0109106 0.0324787 0.0339618 -0.00254108 0.0338115 0.0372874 0.000740749
internal_weight=445.009 245.209 208.371 116.173 92.1975 199.8 77.5833 45.075 32.5083 122.216 10.2047 36.8383 112.012 9.67447
internal_count=101070 87184 85470 66029 19441 13886 11761 9719 2042 2125 528 1714 1597 1501
is_linear=0
shrinkage=0.04


Tree=11
num_leaves=15
num_cat=0
split_feature=11 7 32 7 37 32 8 20 30 4 29 33 13 31
split_gain=118.017 73.0393 31.4657 41.0525 18.7504 18.6905 21.5958 15.6235 12.8779 11.4922 9.63151 8.95625 8.66779 7.91945
threshold=0.24457404762506488 -0.47050967812538141 0.72233560090702953 -0.11797175183892249 1.0000000180025095e-35 0.94517657938847477 -0.46802012622356409 0.85329985652797713 2.5000000000000004 -0.36594238877296442 0.013086313381791117 0.071279139270771077 0.84174451231956493 0.99331096196868018
decision_type=2 2 2 2 2 2 2 2 2 2 2 2 2 2
left_child=1 9 4 -4 -3 6 11 -8 13 10 -1 -2 -10 -7
right_child=5 2 3 -5 -6 8 7 -9 12 -11 -12 -13 -14 -15
leaf_value=0.038318650750283519 -0.034152115759779479 -0.022406439791458097 0.023358233637787374 -0.036085030262204658 -0.052881460453962782 -0.054728506337068689 -0.036224142870421881 0.011657710401196142 0.0033354645070438962 0.041106401680437152 -0.069972641361630381 0.038205194161908769 0.039958193155369928 0.024564118445860882
leaf_weight=2.3507025378057724 3.0067353247432029 56.730650420533493 36.133526603953214 38.284280880034203 75.019915436947485 4.1356508847675268 20.659253842488397 23.088563929137308 11.513709307066163 32.794064533023629 2.9799675689719152 30.514370437944308 101.44653959124116 3.9309221191797405
leaf_count=119 589 15610 5986 15077 48797 529 6014 3072 588 625 970 1444 1504 146
internal_value=-8.98977e-10 -0.0186095 -0.0280148 -0.00722239 -0.0397592 0.0229262 0.00755695 -0.0109538 0.0327386 0.0322522 -0.0222187 0.031715 0.0362253 -0.0160884
internal_weight=442.589 244.293 206.168 74.4178 131.751 198.296 77.2689 43.7478 121.027 38.1247 5.33067 33.5211 112.96 8.06657
internal_count=101070 87184 85470 21063 64407 13886 11119 9086 2767 1714 1089 2033 2092 675
is_linear=0
shrinkage=0.04


Tree=12
num_leaves=15
num_cat=0
split_feature=11 7 32 35 33 32 34 37 29 12 13 21 5 34
split_gain=110.883 67.0887 35.4874 46.5261 18.2174 24.8695 17.8816 16.8628 14.2737 9.3623 7.95938 17.4416 6.89525 5.11713
threshold=0.24457404762506488 -0.47050967812538141 0.72233560090702953 -0.046720366925001137 0.95502849788564081 0.49380154705189289 0.49898785425101216 1.0000000180025095e-35 0.011925298720598223 0.078832373023033156 0.82118266820907604 0.1178513071895425 0.10414230823516847 0.95248357963875219
decision_type=2 2 2 2 2 2 2 2 2 2 2 2 2 2
left_child=1 9 7 -4 5 6 -2 -3 -7 13 11 -6 -12 -1
right_child=4 2 3 -5 10 8 -8 -9 -10 -11 12 -13 -14 -15
leaf_value=-0.022744208618046532 -0.068820676707060505 -0.022917474367502542 0.015970666794757168 -0.050569027791305635 0.046020541321247714 0.038334451800696945 0.034474743811133406 -0.051865136816428771 -0.029709918666529177 0.042529868050596831 0.040855825927422922 -0.05643571886183562 0.017097533358637923 0.037472147356025706
leaf_weight=6.6692935622995702 2.8737283613299942 56.391364598937798 52.610974920040462 24.710292538802605 5.8163170316256565 5.9577974098501718 40.068295672012027 75.046272056759335 28.66348796733655 28.305174149922095 83.868262169708032 4.8964604375651106 25.48413958994206 3.413719639996998
leaf_count=1378 972 15610 8043 13020 46 246 3176 48797 7367 226 815 516 748 110
internal_value=2.74621e-10 -0.0178595 -0.0267963 -0.00529406 0.0223345 0.0072247 0.0275621 -0.0394456 -0.0180005 0.0307398 0.0320955 -0.000808866 0.0353191 -0.00235727
internal_weight=444.776 247.147 208.759 77.3213 197.628 77.5633 42.942 131.438 34.6213 38.3882 120.065 10.7128 109.352 10.083
internal_count=101070 87184 85470 21063 13886 11761 4148 64407 7613 1714 2125 562 1563 1488
is_linear=0
shrinkage=0.04


Tree=13
num_leaves=14
num_cat=0
split_feature=11 7 32 35 38 37 25 36 5 9 12 33 30
split_gain=103.895 60.0425 34.9764 39.2939 17.1843 17.0188 17.3678 16.0714 12.803 10.4199 9.66067 0.253536 0.225691
threshold=0.24457404762506488 -0.47050967812538141 0.72233560090702953 -0.046720366925001137 0.82875939849624081 2.5000000000000004 0.16984820365905764 0.90537759982204435 0.10414230823516847 18.500000000000004 0.078832373023033156 0.95502849788564081 1.5000000000000002
decision_type=2 2 2 2 2 2 2 2 2 2 2 2 2
left_child=1 9 4 -4 -3 7 11 8 -2 10 -1 -7 -9
right_child=5 2 3 -5 -6 6 -8 12 -10 -11 -12 -13 -14
leaf_value=0.00018271541122983592 0.030993533966799585 -0.045600077573290813 0.013664731988015363 -0.048140063749674715 -0.0087898791863118969 -0.062272174353350772 0.04334474437509022 -0.032110897905451491 0.0036430897072935939 -0.037956654036431732 0.047856419357579699 -0.079935808304936101 -0.066375315233516766
leaf_weight=9.2481925095198658 149.89243944402551 104.78293179697357 55.398743670259137 23.415684348787181 25.164724561647745 4.8259276325697993 3.4840426462469622 0.3430418749339873 33.505603637429886 3.4157358287484376 25.700920494506136 1.7796201281598767 2.9747302775504068
leaf_count=1360 6413 57024 8043 13020 7383 2223 252 173 3046 205 149 326 1453
internal_value=1.13018e-09 -0.0172686 -0.0257208 -0.00469741 -0.0384717 0.021684 -0.0289171 0.0244184 0.0259968 0.0287241 0.0352411 -0.067031 -0.0628325
internal_weight=443.932 247.127 208.762 78.8144 129.948 196.805 10.0896 186.716 183.398 38.3648 34.9491 6.60555 3.31777
internal_count=101070 87184 85470 21063 64407 13886 2801 11085 9459 1714 1509 2549 1626
is_linear=0
shrinkage=0.04


Tree=14
num_leaves=15
num_cat=0
split_feature=11 7 32 35 35 2 37 33 30 4 11 0 38 31
split_gain=95.5834 57.9967 31.4936 35.3395 16.1421 23.3946 15.6497 11.97 20.0307 9.93765 9.54562 9.05831 9.00678 4.05101
threshold=0.24457404762506488 -0.47050967812538141 0.72233560090702953 -0.046720366925001137 0.011412006337195637 0.043334359303116805 1.0000000180025095e-35 0.95841977869986184 4.5000000000000009 -0.36594238877296442 0.48883827030658727 0.18481553345918658 0.039088362617774389 0.96578269523475013
decision_type=2 2 2 2 2 2 2 2 2 2 2 2 2 2
left_child=1 9 6 -4 7 10 -3 8 -2 12 -6 -7 -1 -9
right_child=4 2 3 -5 5 11 -8 13 -10 -11 -12 -13 -14 -15
leaf_value=0.042425081600268547 0.019394696749000052 -0.021252767403750289 0.011200258860512423 -0.048216583420265517 -0.015769700777225597 -0.034328248164251424 -0.049764823949800023 0.03989634230204591 -0.06305839523532554 0.036899734384441212 0.052048924463810195 0.026844099385437345 -0.063603994336902669 0.023242564361876248
leaf_weight=2.1153277016710481 42.137619991204701 53.655279680329841 57.141273397195619 22.25387503017555 4.4164411497768041 22.467962432099743 72.313751479916391 70.375408177147619 5.3079554052092126 32.639765920757782 13.383825375000013 4.6797993135405695 3.2533232494315598 34.988922288641334
leaf_count=141 3621 15610 8043 13020 571 6564 48797 656 1217 625 193 453 948 611
internal_value=1.43726e-10 -0.0167841 -0.0251846 -0.00545384 0.0206555 -0.000415881 -0.0376204 0.0268536 0.0101703 0.0286046 0.0352224 -0.0237832 -0.021827 0.034366
internal_weight=441.131 243.373 205.364 79.3951 197.758 44.948 125.969 152.81 47.4456 38.0084 17.8003 27.1478 5.36865 105.364
internal_count=101070 87184 85470 21063 13886 7781 64407 6105 4838 1714 764 7017 1089 1267
is_linear=0
shrinkage=0.04


Tree=15
num_leaves=14
num_cat=0
split_feature=11 7 32 8 18 37 28 21 0 12 5 18 3
split_gain=89.2191 54.7503 28.2704 32.5829 15.3443 14.9203 10.8697 19.9251 10.0115 8.1313 7.68448 4.74176 2.82203
threshold=0.24457404762506488 -0.47050967812538141 0.72233560090702953 -0.18331863731145856 0.16892148554325107 1.0000000180025095e-35 0.34163665771484381 0.93629319886852802 0.12368718534708024 0.078832373023033156 -0.090430099517106996 -0.045301489531993859 0.95219218730926525
decision_type=2 2 2 2 2 2 2 2 2 2 2 2 2
left_child=1 9 5 -4 6 -3 8 -8 -2 11 -6 -1 -12
right_child=4 2 3 -5 10 -7 7 -9 -10 -11 12 -13 -14
leaf_value=0.011844606247560695 0.03328496681608635 -0.020618150967029129 0.0080734129307532959 -0.052808073390400598 0.0492049687870924 -0.048701152603847442 0.019512613477780744 -0.035526296812379114 -0.016346442489185726 0.039056776768622327 -0.063110242743024958 -0.053251559028795421 0.012120707469905897
leaf_weight=8.3067958756582794 104.470280221547 53.170143142488087 60.904906589072198 18.288378825673135 1.4484838326461611 70.281441188621102 66.435836158052552 12.504855869105084 6.9345605487469575 27.544892962556332 5.6740839077974652 2.2823104063863857 0.9283125951187684
leaf_count=982 3572 15610 11494 9569 19 48797 5129 1798 884 226 2404 506 80
internal_value=-8.34693e-10 -0.0163654 -0.0246398 -0.00598616 0.0198615 -0.0366059 0.0221493 0.010794 0.0301956 0.0276045 -0.0342284 -0.00218582 -0.0525326
internal_weight=439.175 240.779 202.645 79.1933 198.396 123.452 190.346 78.9407 111.405 38.134 8.05088 10.5891 6.6024
internal_count=101070 87184 85470 21063 13886 64407 11383 6927 4456 1714 2503 1488 2484
is_linear=0
shrinkage=0.04


Tree=16
num_leaves=15
num_cat=0
split_feature=14 33 32 37 3 13 30 8 37 31 15 12 13 11
split_gain=82.756 50.1257 43.219 27.3079 19.4422 24.3712 20.4808 16.5055 16.4233 10.5445 8.00703 5.83225 4.01565 0.312421
threshold=0.068389292806386962 0.020675406098603594 0.72233560090702953 2.5000000000000004 0.048617776483297355 1.4423400759696963 2.5000000000000004 -0.57901108264923085 1.0000000180025095e-35 0.99800000000000011 67.712482452392592 0.082497321069240584 0.8130517601966859 1.0000000180025095e-35
decision_type=2 2 2 2 2 2 2 2 2 2 2 2 2 2
left_child=1 11 8 -4 5 7 9 -2 -3 -6 -8 12 -1 -7
right_child=4 2 3 -5 6 13 10 -9 -10 -11 -12 -13 -14 -15
leaf_value=-0.052026898569136774 0.039365604582605365 -0.020138609910913693 0.0051838415796057044 -0.057469094913278992 -0.061591831861994857 -0.029196507261071335 0.037463105224703246 -0.016458826647428624 -0.04994460266016968 0.02696444529778631 0.01395852850751581 0.043913543505519563 0.022570642226083518 -0.060863212881840302
leaf_weight=1.7692350170691522 18.025565661722791 51.3875222838833 93.17712857099832 12.640833961224414 5.9279377187194751 0.52755337429698457 99.457616216066526 15.992809421470158 69.693411759042647 3.3768339462112635 30.239870577759575 23.269339418533491 3.3234225904452614 9.0478002565505431
leaf_count=564 874 14441 15139 7381 1517 189 3199 3990 47447 114 1548 262 341 4064
internal_value=-2.43319e-09 -0.0147078 -0.0209746 -0.00230057 0.0205608 -0.00274619 0.0278703 0.0131213 -0.0372947 -0.0294535 0.0319828 0.0354278 -0.00334521 -0.0591185
internal_weight=437.857 255.261 226.899 105.818 182.596 43.5937 139.002 34.0184 121.081 9.30477 129.697 28.362 5.09266 9.57535
internal_count=101070 85575 84408 22520 15495 9117 6378 4864 61888 1631 4747 1167 905 4253
is_linear=0
shrinkage=0.04


Tree=17
num_leaves=15
num_cat=0
split_feature=14 33 32 30 3 8 30 37 8 14 31 15 12 32
split_gain=82.5752 48.5727 38.1324 25.4823 19.486 25.39 16.484 14.9951 13.4479 10.9179 8.18038 6.69756 4.98127 3.88327
threshold=0.068389292806386962 0.020675406098603594 0.72233560090702953 5.5000000000000009 0.048617776483297355 -0.57901108264923085 2.5000000000000004 1.0000000180025095e-35 -0.11491577699780463 0.11182275786995889 0.99800000000000011 67.712482452392592 0.082497321069240584 0.17192476114649682
decision_type=2 2 2 2 2 2 2 2 2 2 2 2 2 2
left_child=1 12 7 -4 5 9 10 -3 -7 -2 -6 -8 13 -1
right_child=4 2 3 -5 6 8 11 -9 -10 -11 -12 -13 -14 -15
leaf_value=-0.046932166896504639 0.038821155513954535 -0.020266795338615879 0.0036887193082228266 -0.05651620596900888 -0.058102990711606406 -0.045953556462099296 0.035513116496004582 -0.049028322719581373 0.038323464516048115 -0.054747317581822247 0.021920506873016006 0.014037509616335516 0.04244002207788114 0.026062380476648613
leaf_weight=1.8862251155078436 18.473702872783182 50.683946276258212 92.42289655195782 12.807204569748135 5.1792398861725797 19.057791152095891 104.5226417966478 67.802249021246098 3.6019561787543344 2.2368519990704945 3.3762826366582885 29.876675395527855 23.135467850632267 3.0543847979279235
leaf_count=720 879 14441 15406 7114 1517 7601 3199 47447 72 565 114 1548 262 185
internal_value=-3.45774e-10 -0.0149384 -0.0211622 -0.00363862 0.0201872 -0.00329776 0.0273121 -0.0367252 -0.032557 0.0287153 -0.0265232 0.0307391 0.034654 -0.00180546
internal_weight=438.118 251.792 223.716 105.23 186.325 43.3703 142.955 118.486 22.6597 20.7106 8.55552 134.399 28.0761 4.94061
internal_count=101070 85575 84408 22520 15495 9117 6378 61888 7673 1444 1631 4747 1167 905
is_linear=0
shrinkage=0.04


Tree=18
num_leaves=15
num_cat=0
split_feature=14 33 32 29 33 31 20 35 8 28 12 12 32 26
split_gain=79.0356 45.961 37.2921 21.9817 17.3015 20.7447 20.1214 14.3992 11.2474 4.59401 13.1876 4.46373 3.20256 2.4082
threshold=0.068389292806386962 0.020675406098603594 0.72233560090702953 0.012410670518875124 0.95502849788564081 0.39587585034013612 0.86823830409356739 -0.11941444873809813 -0.46802012622356409 0.16634371876716617 0.80539554357528698 0.082497321069240584 0.17192476114649682 -0.19874230027198789
decision_type=2 2 2 2 2 2 2 2 2 2 2 2 2 2
left_child=1 11 7 -4 5 8 -7 -3 -2 13 -11 12 -1 -6
right_child=4 2 3 -5 9 6 -8 -9 -10 10 -12 -13 -14 -15
leaf_value=-0.044369578956737411 0.033440712293398664 0.0078109405533610121 0.017463530937625166 -0.019457365051834735 0.026515256875749755 -0.03988175782918385 0.013798650823141282 -0.041453185877383232 -0.024005137863596555 0.03202104021809643 -0.027250144188868584 0.040687829342538832 0.022876047553180897 0.044524675966029811
leaf_weight=1.7667942387633981 40.676631564827403 10.455047518247737 44.544724067789502 61.316232778219273 17.217739986721426 21.762503936944995 22.959141110943165 103.15023932026816 6.2974917906103647 32.867312601185404 7.3491902513196683 23.167511085222941 3.1596174413571134 38.320092778652906
leaf_count=720 2401 2285 5131 17389 323 6530 2850 59603 2141 542 498 262 185 210
internal_value=2.84997e-10 -0.0148362 -0.0210027 -0.0039216 0.0195938 0.00717549 -0.0123234 -0.0369194 0.0257393 0.0314858 0.0211898 0.0333354 -0.00124073 0.0389414
internal_weight=435.01 247.56 219.466 105.861 187.45 91.6958 44.7216 113.605 46.9741 95.7543 40.2165 28.0939 4.92641 55.5378
internal_count=101070 85575 84408 22520 15495 13922 9380 61888 4542 1573 1040 1167 905 533
is_linear=0
shrinkage=0.04


Tree=19
num_leaves=15
num_cat=0
split_feature=11 33 8 32 34 32 16 21 6 27 6 9 29 33
split_gain=74.8495 40.117 22.9177 36.8231 20.1219 15.0681 11.8035 10.0775 6.19101 7.0074 2.73946 2.08131 0.567951 0.256574
threshold=0.14483246952295306 0.027842377260981915 -0.22576303780078885 0.72233560090702953 0.49898785425101216 0.063878363936655982 0.81101190476190488 0.1178513071895425 -0.13940068334341046 0.086330298334360137 -0.080041471868753419 26.500000000000004 0.010410954244434835 0.31751394251394255
decision_type=2 2 2 2 2 2 2 2 2 2 2 2 2 2
left_child=1 8 3 -3 7 13 -7 -2 9 -1 -10 -9 -4 -6
right_child=4 2 12 -5 5 6 -8 11 10 -11 -12 -13 -14 -15
leaf_value=0.037109782748092991 0.034690791594464816 -0.033526803823050948 -0.066852805003708063 0.010415883396748302 -0.070087630658781513 0.020833493183423497 -0.058622834559276756 -0.0478606320124009 0.044387726978444758 -0.05885712619023796 0.0089561376914667982 -0.00068618973753064433 -0.051222045523362264 -0.039078734036597881
leaf_weight=2.3371732467785504 3.4309230765211423 83.989708332053851 4.1851318975095628 47.920118015579646 2.8720122906961474 212.90239119520993 3.0340194352611425 11.984963677532503 16.917005890980366 2.5409416204784065 4.3994164963660287 1.7098688625264902 33.421418687037658 0.50147929071681563
leaf_count=164 261 43779 2018 6819 834 16204 1170 5321 415 857 357 316 22411 144
internal_value=-1.08732e-09 -0.0182973 -0.0254163 -0.0175633 0.0151457 0.0184066 0.0197171 -0.0266125 0.0277725 -0.012878 0.0370751 -0.0419707 -0.0529616 -0.0654781
internal_weight=432.147 195.711 169.516 131.91 236.436 219.31 215.936 17.1258 26.1945 4.87811 21.3164 13.6948 37.6066 3.37349
internal_count=101070 76820 75027 50598 24250 18352 17374 5898 1793 1021 772 5637 24429 978
is_linear=0
shrinkage=0.04


Tree=20
num_leaves=15
num_cat=0
split_feature=11 7 35 12 7 33 32 14 29 9 3 18 4 3
split_gain=69.8491 42.9817 23.4859 28.4791 16.8357 14.9499 24.646 11.83 11.257 7.18701 6.95013 8.28732 6.74236 4.55852
threshold=0.24457404762506488 -0.47050967812538141 -0.06158297881484031 0.075377479195594801 -0.2295783534646034 0.95502849788564081 0.49380154705189289 0.13487660139799121 0.011925298720598223 17.500000000000004 0.64376670122146618 -0.060471355915069573 -0.36594238877296442 0.17014148831367495
decision_type=2 2 2 2 2 2 2 2 2 2 2 2 2 2
left_child=1 9 3 -3 -4 6 7 -2 -8 12 13 -12 -1 -7
right_child=5 2 4 -5 -6 10 8 -9 -10 -11 11 -13 -14 -15
leaf_value=-0.014518984840974102 0.028255667205867536 -0.050018791999962654 -0.0090656962412608861 0.0058108429778426013 -0.044490384146327937 0.0064973298189341736 0.027856440512825313 -0.058896446031627983 -0.029138415874328583 -0.030380681752001239 0.028793792239904616 -0.046906293005375792 0.037729816118670469 0.032816779914238967
leaf_weight=4.5897137852734877 46.510683525819331 18.85526094463421 29.4339560745575 65.067220764409285 79.287421992863528 11.89105652499711 6.7193631348200134 2.6330883384216568 31.714317359612323 3.4284644564031614 4.9936718267854303 4.31181932822801 28.425279132847209 91.926365393563174
leaf_count=1029 3397 9073 14394 11549 50454 362 246 751 7367 225 76 452 460 1235
internal_value=1.0924e-09 -0.0150934 -0.0226293 -0.00673267 -0.0348999 0.0172282 0.00482069 0.0235861 -0.019174 0.024742 0.0268338 -0.00628282 0.0304662 0.0298022
internal_weight=429.788 229.087 192.644 83.9225 108.721 200.7 87.5775 49.1438 38.4337 36.4435 113.123 9.30549 33.015 103.817
internal_count=101070 87184 85470 20622 64848 13886 11761 4148 7613 1714 2125 528 1489 1597
is_linear=0
shrinkage=0.04


Tree=21
num_leaves=15
num_cat=0
split_feature=14 33 4 7 33 33 7 38 13 12 29 2 13 9
split_gain=65.1663 38.754 31.4156 23.882 21.3173 15.3884 19.004 14.7931 10.202 4.49032 4.21794 7.70243 3.41681 3.14311
threshold=0.068389292806386962 0.020675406098603594 -0.02567776013165712 -0.2217537462711334 0.77801022780102291 0.95502849788564081 -0.12170874699950217 0.87420886075949378 0.76701337099075328 0.082497321069240584 0.018669298849999908 0.029250359162688259 0.8130517601966859 26.500000000000004
decision_type=2 2 2 2 2 2 2 2 2 2 2 2 2 2
left_child=1 9 4 -4 -3 6 7 -2 -8 12 13 -12 -1 -7
right_child=5 2 3 -5 -6 10 8 -9 -10 -11 11 -13 -14 -15
leaf_value=-0.049682438824821429 0.020272358287547962 -0.042744259016065059 0.040889042448140574 -0.011936960701498424 0.00067230409758688603 0.024158582533135894 0.035922505525793402 -0.057806831626650748 -0.0409296726000229 0.038776941826693653 0.038839636762151415 0.0047799125571586134 0.019742352524291035 0.044100223927303304
leaf_weight=1.6683819926111052 66.009010963607579 90.264749900787137 16.425337347609457 82.311681127233896 22.630753923789598 20.688551289960742 3.3043572383176096 4.1251017316535572 16.89155387491337 22.187803366861772 18.740354228881188 24.527480435848702 3.5429326632875018 32.531366187147796
leaf_count=564 7843 53548 1473 22272 7115 345 218 1540 4321 262 219 825 341 184
internal_value=6.16135e-10 -0.0138333 -0.0196285 -0.00314912 -0.0340411 0.0176995 0.00583454 0.0156799 -0.0283555 0.0309292 0.0288073 0.019532 -0.00248372 0.0363482
internal_weight=425.849 239.032 211.633 98.737 112.896 186.818 90.33 70.1341 20.1959 27.3991 96.4878 43.2678 5.21131 53.2199
internal_count=101070 85575 84408 23745 60663 15495 13922 9383 4539 1167 1573 1044 905 529
is_linear=0
shrinkage=0.04


Tree=22
num_leaves=15
num_cat=0
split_feature=11 7 35 12 7 35 9 15 13 32 20 12 33 25
split_gain=61.6955 37.8716 23.4021 26.2188 16.1835 12.8526 10.3638 21.9038 7.57537 6.97937 7.1359 4.64955 0.0588394 0.0163816
threshold=0.24457404762506488 -0.47050967812538141 -0.06158297881484031 0.075377479195594801 -0.2295783534646034 0.20898344367742541 26.500000000000004 67.712482452392592 0.96450117230415355 0.069165663053659857 0.037333598816702701 0.077113214880228056 0.95502849788564081 0.19180351495742801
decision_type=2 2 2 2 2 2 2 2 2 2 2 2 2 2
left_child=1 9 3 -3 -4 6 7 -2 -8 10 -1 -11 13 -7
right_child=5 2 4 -5 -6 12 8 -9 -10 11 -12 -13 -14 -15
leaf_value=0.035708209299699034 0.019665356008044196 -0.048309443718867577 -0.0087061291902013269 0.0062691977073066462 -0.043273912152768164 -0.054518128398582846 0.0025261436622739794 -0.020826446347119179 0.037086346500241903 0.00043885734269075139 -0.06531323626889883 0.038432836395879875 -0.071558791512185305 -0.060562168658308456
leaf_weight=1.9432869447628025 100.6677855271264 17.919026769523043 30.071353407780407 65.779294178646524 77.558072812709725 1.9319035900989543 12.509575687523464 27.136977553716861 53.749336691224016 6.5254479322466095 2.6368154496885836 24.511493795085698 0.49999658204615105 1.1414132628124207
leaf_count=104 7642 9073 14394 11549 50454 643 684 3899 514 669 807 134 75 429
internal_value=8.19668e-10 -0.0142292 -0.0212793 -0.00541558 -0.0336158 0.0163392 0.0177234 0.0110677 0.0305614 0.0236427 -0.022451 0.0304447 -0.0588332 -0.0567629
internal_weight=424.582 226.945 191.328 83.6983 107.629 197.637 194.064 127.805 66.2589 35.617 4.5801 31.0369 3.57331 3.07332
internal_count=101070 87184 85470 20622 64848 13886 12739 11541 1198 1714 911 803 1147 1072
is_linear=0
shrinkage=0.04


Tree=23
num_leaves=15
num_cat=0
split_feature=14 7 32 30 8 3 13 18 30 6 2 12 4 11
split_gain=56.3508 35.7688 32.5864 17.4558 16.7285 13.2241 18.8974 14.2435 11.7518 9.81189 6.73487 4.70472 3.94393 0.285578
threshold=0.068389292806386962 -0.48652875423431391 0.81263297872340434 5.5000000000000009 -0.40838515758514399 0.048617776483297355 1.4423400759696963 -0.10507723316550253 2.5000000000000004 0.39321182668209081 0.046826679259538657 0.078832373023033156 -0.2350918501615524 1.0000000180025095e-35
decision_type=2 2 2 2 2 2 2 2 2 2 2 2 2 2
left_child=1 11 4 -4 -3 6 7 -2 9 -7 -10 12 -1 -8
right_child=5 2 3 -5 -6 8 13 -9 10 -11 -12 -13 -14 -15
leaf_value=-0.051301278104359652 0.039841145468171454 -0.011554092481560899 0.0080977291831501007 -0.053653893825595933 -0.041555349396848705 -0.059005798527972858 -0.024493184558037645 -0.012507077050097877 0.035824655336019168 0.023759641738865484 0.017615929561983986 0.03859477633937531 0.021334927714432145 -0.05495141634520908
leaf_weight=1.8113311239867496 15.142374895629468 46.135672063246602 70.735102400474716 8.1702266736247093 83.662492119066883 5.0148614160716516 0.52169352641794731 18.448435391503157 57.242262595915236 4.2206047410145402 75.192895894520916 21.708881234168075 3.5209031111444347 8.8118041631532815
leaf_count=635 861 17805 9863 4754 52240 1412 189 4003 1111 219 3636 117 161 4064
internal_value=-2.1751e-09 -0.0129598 -0.0185682 0.00170368 -0.0308917 0.0165509 -0.00289918 0.0110909 0.022444 -0.021182 0.0254863 0.0303258 -0.0033392 -0.053249
internal_weight=420.34 235.745 208.703 78.9053 129.798 184.595 42.9243 33.5908 141.671 9.23547 132.435 27.0411 5.33223 9.3335
internal_count=101070 85575 84662 14617 70045 15495 9117 4864 6378 1631 4747 913 796 4253
is_linear=0
shrinkage=0.04


Tree=24
num_leaves=15
num_cat=0
split_feature=11 8 12 34 33 33 37 29 33 13 17 35 27 7
split_gain=54.7047 31.2493 28.7944 28.9056 14.572 21.4834 21.0429 20.2429 9.73196 7.88274 11.9962 4.62212 0.395598 0.17593
threshold=0.14483246952295306 -0.22576303780078885 0.075377479195594801 0.71810295587605322 0.95502849788564081 0.38008264462809921 1.5000000000000002 0.011925298720598223 0.079678081313325641 0.78316387534141552 -0.038477139547467225 0.017737832851707939 0.19805256277322772 0.017194002866744999
decision_type=2 2 2 2 2 2 2 2 2 2 2 2 2 2
left_child=1 2 8 -4 5 6 -2 -7 -1 10 -6 -11 -3 -14
right_child=4 12 3 -5 9 7 -8 -9 -10 11 -12 -13 13 -15
leaf_value=-0.0079200792792774779 0.026359915235571765 -0.054123509367907684 0.01371018578049432 -0.037919601164152578 0.050126791715575429 0.034298377829246725 -0.056697795105428994 -0.026687822079806994 -0.047542397050284908 0.028883008972986929 -0.0521190056998867 -0.0012642886244269614 -0.047220355253878708 -0.034961167422790464
leaf_weight=14.594219096441519 57.422687768208561 18.682408374617808 84.796948904171586 21.813193071458954 2.881010023469571 10.807859387947245 5.3338453867181661 44.825471886491869 30.957146950648166 95.273019747808576 5.0616661255480713 8.8968657354125735 14.150868936354529 2.1587217970518386
leaf_count=4312 4497 9700 21033 8943 24 579 2558 13747 18103 1437 736 672 13494 1235
internal_value=-4.83601e-10 -0.0160658 -0.00822764 0.00314636 0.0130444 0.00325735 0.0193006 -0.0148401 -0.0348478 0.0233795 -0.0150319 0.0263082 -0.0501497 -0.0455977
internal_weight=417.656 187.154 152.162 106.61 230.502 118.39 62.7565 55.6333 45.5514 112.113 7.94268 104.17 34.992 16.3096
internal_count=101070 76820 52391 29976 24250 21381 7055 14326 22415 2869 760 2109 24429 14729
is_linear=0
shrinkage=0.04


Tree=25
num_leaves=15
num_cat=0
split_feature=14 12 37 30 36 3 33 12 33 20 18 6 35 17
split_gain=50.9012 30.4945 27.9179 22.1397 21.6275 13.7387 8.23119 6.25965 5.71267 6.53018 4.86131 0.632185 0.216635 0.00568065
threshold=0.020105061121284965 0.075377479195594801 2.5000000000000004 5.5000000000000009 0.94305555555555565 -0.19554331153631208 0.027842377260981915 0.080638475716114058 0.17570394662444874 0.96039215686274526 -0.045301489531993859 -0.43940885365009302 -0.050785725936293595 -0.019202968105673787
decision_type=2 2 2 2 2 2 2 2 2 2 2 2 2 2
left_child=5 6 3 -3 -4 7 10 13 9 -7 -2 -8 -10 -1
right_child=1 2 4 -5 -6 8 11 -9 12 -11 -12 -13 -14 -15
leaf_value=-0.045675950034179874 0.016966490361339247 0.014251418350827326 -0.051288093491044261 -0.045756605604756077 0.037202652574708284 -0.026997454009625815 -0.00430708981358575 0.057263203595251819 -0.053608185866522551 0.079816563644456995 -0.05164341611252686 -0.045159008640733543 -0.047442247516825804 -0.052037566537285092
leaf_weight=0.3036063630133865 6.9556102476781234 295.21874996297993 19.675467417793701 10.176316685596246 5.6990675145643754 5.8942989249771918 0.62253551057074119 3.3367733064806089 14.1817483951454 1.0842270570574326 2.1671623832080495 22.94796566787409 25.528171462137838 0.86289089455385604
leaf_count=146 633 35447 13193 5890 287 3300 150 173 7453 201 686 12939 20097 475
internal_value=1.38411e-11 0.00525957 0.00890213 0.0122518 -0.0314133 -0.0373431 -0.0315935 0.0293796 -0.0437788 -0.0104022 0.000667848 -0.04408 -0.0496443 -0.0503818
internal_weight=414.655 363.463 330.77 305.395 25.3745 51.1917 32.6933 4.50327 46.6884 6.97853 9.12277 23.5705 39.7099 1.1665
internal_count=101070 69225 54817 41337 13480 31845 14408 794 31051 3501 1319 13089 27550 621
is_linear=0
shrinkage=0.04


Tree=26
num_leaves=14
num_cat=0
split_feature=11 7 37 31 29 35 9 15 14 9 4 33 27
split_gain=46.2721 31.6102 21.2845 27.7195 24.5659 10.9568 8.78886 18.8389 7.77498 6.52329 6.29276 0.054909 0.0132098
threshold=0.24457404762506488 -0.47050967812538141 1.0000000180025095e-35 0.72921215429403208 0.010410954244434835 0.20898344367742541 26.500000000000004 67.712482452392592 0.089537430554628386 17.500000000000004 -0.36594238877296442 0.95502849788564081 0.84219133853912365
decision_type=2 2 2 2 2 2 2 2 2 2 2 2 2
left_child=1 9 3 -3 -4 6 7 -2 -8 10 -1 12 -7
right_child=5 2 4 -5 -6 11 8 -9 -10 -11 -12 -13 -14
leaf_value=-0.016056219905504626 0.01737597742706902 -0.026238435313002038 0.0077158147933958626 0.020281759225485932 -0.041032033295350968 -0.057992574267489307 0.034325208526594111 -0.020800467450220211 -0.001943051172043119 -0.031848142518066849 0.035729842609779447 -0.069139926845245711 -0.052460508104532073
leaf_weight=4.3723522947984774 99.725708832032979 42.699505866068648 20.708581282175146 39.407651711371727 82.173207862855634 1.1025343550136311 51.900093814474531 26.092817912984174 11.564577443059532 3.1688788007886606 26.562074801477138 0.47809771494939912 1.8485388555563984
leaf_count=1029 7642 15444 3567 3997 62462 429 847 3899 351 225 460 75 643
internal_value=1.34784e-09 -0.0125752 -0.0190988 -0.00391089 -0.0312198 0.0142966 0.0155804 0.00945877 0.0277164 0.0228111 0.0284103 -0.0565646 -0.0545273
internal_weight=411.805 219.092 184.989 82.1072 102.882 192.712 189.283 125.819 63.4647 34.1033 30.9344 3.42917 2.95107
internal_count=101070 87184 85470 19441 66029 13886 12739 11541 1198 1714 1489 1147 1072
is_linear=0
shrinkage=0.04


Tree=27
num_leaves=15
num_cat=0
split_feature=14 12 37 36 30 3 33 12 33 20 18 27 35 17
split_gain=44.4616 26.3407 22.6119 19.8463 19.6805 13.1501 7.77848 5.6125 5.47155 6.05738 4.25918 0.559553 0.163216 0.00602552
threshold=0.020105061121284965 0.075377479195594801 2.5000000000000004 0.94305555555555565 5.5000000000000009 -0.19554331153631208 0.031939181968327991 0.080638475716114058 0.17570394662444874 0.96039215686274526 -0.045301489531993859 0.37517923116683966 -0.050785725936293595 -0.01945005543529987
decision_type=2 2 2 2 2 2 2 2 2 2 2 2 2 2
left_child=5 6 4 -4 -3 7 10 13 9 -7 -2 -8 -10 -1
right_child=1 2 3 -5 -6 8 11 -9 12 -11 -12 -13 -14 -15
leaf_value=-0.044074339545954917 0.014380172614376446 0.012962018270480191 -0.049832042036798752 0.034927282311828962 -0.045668836105850825 -0.026475711077350708 -0.045484853929211574 0.054578126126412947 -0.052154647860316782 0.074825324917423039 -0.049227295482103813 -0.024785658840711572 -0.046633365405400549 -0.050960718846522542
leaf_weight=0.26890037104021736 7.4125800122856162 295.0467898430652 18.150002205104105 5.842941368056926 9.4536949703760893 5.6699956069642203 19.545795216457922 3.4023519489564933 13.355621833819891 1.1332022221758959 2.179604135075353 2.3396844976814455 23.889615665480964 0.83330540033057243
leaf_count=136 727 35447 13193 287 5890 3300 10687 173 7453 201 764 2230 20097 485
internal_value=-9.80837e-10 0.00484639 0.00819587 -0.0291908 0.0111417 -0.035931 -0.030108 0.0291652 -0.042588 -0.00960209 -7.31676e-05 -0.043272 -0.0486132 -0.0492807
internal_weight=408.524 359.971 328.493 23.9929 304.5 48.553 31.4777 4.50456 44.0484 6.8032 9.59218 21.8855 37.2452 1.10221
internal_count=101070 69225 54817 13480 41337 31845 14408 794 31051 3501 1491 12917 27550 621
is_linear=0
shrinkage=0.04


Tree=28
num_leaves=15
num_cat=0
split_feature=14 33 4 7 33 33 7 38 13 6 13 21 14 28
split_gain=40.4924 29.2921 27.112 19.4345 16.5569 9.77427 15.1559 12.0433 7.35893 4.40075 4.08784 8.63264 5.3287 3.13379
threshold=0.068389292806386962 0.020675406098603594 -0.02567776013165712 -0.2217537462711334 0.77801022780102291 0.95502849788564081 -0.11919938400387763 0.87420886075949378 0.76701337099075328 -0.12344641238451003 1.0741675496101382 0.070598006644518277 0.089537430554628386 0.30316859483718878
decision_type=2 2 2 2 2 2 2 2 2 2 2 2 2 2
left_child=1 9 4 -4 -3 6 7 -2 -8 13 11 -7 -12 -1
right_child=5 2 3 -5 -6 10 8 -9 -10 -11 12 -13 -14 -15
leaf_value=-0.047293770574552613 0.01758768497193176 -0.039096898403423438 0.035957091505481036 -0.0099189842367363966 0.00055939767106176215 0.048084705237789002 0.028197487028027539 -0.052053726085262028 -0.037256045726029335 0.035257968616712113 0.038717644482021293 -0.0064641703536837125 0.016092240418009277 0.034837674612727833
leaf_weight=1.913386660569816 66.693672648922075 81.03102986633894 18.158084293623688 79.296307789860293 21.266064945637481 6.4563156742951859 3.3035542885190834 4.224776678311172 16.35228414327139 22.383015054336283 36.57009867450688 16.516988581570331 30.584101987769827 1.2155133320484308
leaf_count=527 7879 53548 1473 22272 7115 21 215 1560 4268 511 277 606 669 129
internal_value=-5.87087e-11 -0.0113146 -0.0164694 -0.00137117 -0.0308529 0.0141048 0.0048248 0.013439 -0.0262553 0.0290466 0.0234308 0.008866 0.0284133 -0.0153874
internal_weight=405.965 225.263 199.751 97.4544 102.297 180.702 90.5743 70.9184 19.6558 25.5119 90.1275 22.9733 67.1542 3.1289
internal_count=101070 85575 84408 23745 60663 15495 13922 9439 4483 1167 1573 627 946 656
is_linear=0
shrinkage=0.04


Tree=29
num_leaves=15
num_cat=0
split_feature=14 12 37 36 30 3 33 33 20 12 18 27 1 12
split_gain=39.3409 23.4576 18.8561 18.3521 17.478 12.4816 6.86881 5.38311 5.66041 4.9448 3.55682 0.557555 0.148798 0.00516253
threshold=0.020105061121284965 0.075377479195594801 2.5000000000000004 0.94305555555555565 5.5000000000000009 -0.19554331153631208 0.031939181968327991 0.17570394662444874 0.96039215686274526 0.080638475716114058 -0.045301489531993859 0.37517923116683966 -0.058455632999539368 0.023203002288937572
decision_type=2 2 2 2 2 2 2 2 2 2 2 2 2 2
left_child=5 6 4 -4 -3 9 10 8 -7 13 -2 -8 -9 -1
right_child=1 2 3 -5 -6 7 11 12 -10 -11 -12 -13 -14 -15
leaf_value=-0.049676877256787114 0.012239029495907999 0.011954377246848289 -0.048625831371751006 0.033746678558742527 -0.045385166390447422 -0.025555465832554348 -0.044300402032543713 -0.035521736904669414 0.070941689872714112 0.051695708192741309 -0.047124874359223523 -0.023109264362774176 -0.048199039043407492 -0.04305390151561185
leaf_weight=0.78389085369417333 7.3328217488597147 293.73836687186849 16.878923886659326 5.8196052122511892 8.7592248945438751 5.4925309971440575 18.56536567397416 1.5494315289834037 1.1818998800590632 3.4577705580741167 2.0709421666397265 2.2245854997308916 33.723425258736825 0.24785194959258661
leaf_count=479 727 35447 13193 287 5890 3300 10687 973 201 173 764 2230 26577 142
internal_value=-1.75234e-09 0.0045242 0.00765557 -0.0275066 0.010294 -0.0346246 -0.0292017 -0.041409 -0.00846787 0.0287647 -0.000834375 -0.0420329 -0.0476422 -0.0480859
internal_weight=401.827 355.39 325.196 22.6985 302.498 46.4368 30.1937 41.9473 6.67443 4.48951 9.40376 20.79 35.2729 1.03174
internal_count=101070 69225 54817 13480 41337 31845 14408 31051 3501 794 1491 12917 27550 621
is_linear=0
shrinkage=0.04


Tree=30
num_leaves=15
num_cat=0
split_feature=11 7 37 29 31 35 13 28 37 4 29 14 33 25
split_gain=36.5837 26.4464 19.9954 21.9664 20.8115 9.63559 8.40866 18.7764 16.634 6.18032 5.52463 2.48294 0.041166 0.00830314
threshold=0.24457404762506488 -0.47050967812538141 1.0000000180025095e-35 0.010410954244434835 0.72921215429403208 0.20898344367742541 1.0741675496101382 0.50376474857330333 1.5000000000000002 -0.36594238877296442 0.013086313381791117 0.039074441418051727 0.95502849788564081 0.19180351495742801
decision_type=2 2 2 2 2 2 2 2 2 2 2 2 2 2
left_child=1 9 4 -4 -3 6 8 -8 -2 10 -1 -11 13 -7
right_child=5 2 3 -5 -6 12 7 -9 -10 11 -12 -13 -14 -15
leaf_value=0.029764321400095328 0.010467359581705693 -0.022217559300043255 0.0072455245055843675 -0.039525315320644169 0.018187956751112337 -0.050963716420780562 0.02472479300119787 -0.04846719885945068 -0.047961977394964821 0.036910118724247841 -0.059286826353033971 0.011686831013276472 -0.065507883421928786 -0.055365067845822853
leaf_weight=1.9330404037609685 65.635260311188176 42.677209699642844 20.311743526137434 76.877244400588097 39.065916906110942 1.7755508366972204 106.29409726231825 5.9202967368764794 8.8463853379362245 18.895752636133697 2.6328831049031578 9.3262083392473851 0.46317245834507037 1.1173563638003543
leaf_count=119 3869 15444 3567 62462 3997 643 4478 1621 2771 303 970 322 75 429
internal_value=1.96221e-09 -0.0114359 -0.0174875 -0.0297506 -0.00290733 0.0127397 0.0139473 0.0208633 0.00352755 0.0215896 -0.0215859 0.0285748 -0.0544363 -0.0526637
internal_weight=401.772 211.72 178.932 97.189 81.7431 190.052 186.696 112.214 74.4816 32.7879 4.56592 28.222 3.35608 2.89291
internal_count=101070 87184 85470 66029 19441 13886 12739 6099 6640 1714 1089 625 1147 1072
is_linear=0
shrinkage=0.04


Tree=31
num_leaves=15
num_cat=0
split_feature=11 7 35 12 14 9 15 13 19 13 36 9 6 14
split_gain=35.5403 24.486 19.2664 17.6323 10.1798 9.66967 14.2186 13.7839 10.488 7.834 10.5456 5.88892 5.85512 1.84791
threshold=0.24457404762506488 -0.47050967812538141 -0.041059594601392739 0.075377479195594801 0.12882503122091296 26.500000000000004 67.712482452392592 1.6503182053565981 0.96922348484848497 1.0966919064521792 0.32287644787644793 17.500000000000004 -0.13940068334341046 0.082359757274389281
decision_type=2 2 2 2 2 2 2 2 2 2 2 2 2 2
left_child=1 11 3 -3 -4 6 7 -2 -8 10 -7 12 -1 -11
right_child=5 2 4 -5 -6 9 8 -9 -10 13 -12 -13 -14 -15
leaf_value=-0.0035526808161689526 0.016245455469045496 -0.039099134684022936 -0.036921265295538054 0.0012574792663160475 0.045990981127562343 -0.051097319906230079 -0.039581507229469043 -0.051067130231285757 0.013888989280283162 0.044254038546999705 0.019621591346933948 -0.032504606433167285 0.037118242514853503 0.027276275901366064
leaf_weight=7.7148707151645821 97.05441885208711 21.629447417799383 65.575368380814325 86.983009498886531 2.4581208081217474 4.1917366790585247 16.434357581834778 5.1244287181179962 9.1299159550107998 20.209772362373769 17.290434615802951 3.0067304946715003 21.300045765819959 20.829540802864358
leaf_count=1258 7379 13283 51593 20437 157 280 3347 1289 672 100 584 225 231 235
internal_value=-1.55607e-09 -0.0114005 -0.0172344 -0.00677927 -0.0339256 0.0125032 0.00619456 0.0128696 -0.0204853 0.0253928 0.00582247 0.0207822 0.0263041 0.035637
internal_weight=398.932 208.668 176.646 108.612 68.0335 190.265 127.743 102.179 25.5643 62.5215 21.4822 32.0216 29.0149 41.0393
internal_count=101070 87184 85470 33720 51750 13886 12687 8668 4019 1199 864 1714 1489 335
is_linear=0
shrinkage=0.04


Tree=32
num_leaves=15
num_cat=0
split_feature=14 33 4 11 37 3 8 30 16 34 6 32 12 29
split_gain=33.2056 23.7171 22.8949 16.2541 15.0884 9.1974 15.4538 11.7355 11.3375 9.25537 7.95387 6.50117 4.15464 2.46452
threshold=0.068389292806386962 0.020675406098603594 -0.02567776013165712 0.0086225485429167765 1.0000000180025095e-35 0.048617776483297355 -0.57901108264923085 2.5000000000000004 0.029857397504456332 0.74949392712550622 0.39321182668209081 0.20842198581560287 0.082497321069240584 0.018044833093881611
decision_type=2 2 2 2 2 2 2 2 2 2 2 2 2 2
left_child=1 12 4 -4 -3 6 9 10 -8 -2 -7 -9 13 -1
right_child=5 2 3 -5 -6 7 8 11 -10 -11 -12 -13 -14 -15
leaf_value=-0.038628474032722959 0.04525236905075234 -0.011302382385491154 0.034898148570176542 -0.0086580027565394749 -0.042782980820626967 -0.058642378120223153 0.035912830882237019 0.041655764512651398 -0.038829357617862777 -0.012538872347667183 0.016514088780273429 0.017073932312558018 0.035556547126870543 0.018129742635290977
leaf_weight=2.0804409278789562 11.617297584249174 44.293309637636412 16.533473836083431 80.223765140370233 54.129584731708746 5.1600701770512369 3.9282976271060788 20.54321405175142 18.727916458243271 7.1707919010077594 3.9991685241693631 106.22239656280726 19.067917185020633 2.9735342527856119
leaf_count=587 365 13916 1711 22034 46747 1412 349 316 7324 1079 219 4431 262 318
internal_value=1.60458e-09 -0.010408 -0.0150324 -0.00121531 -0.0286157 0.0128686 -0.00362704 0.0178983 -0.02587 0.0231954 -0.0258271 0.0210576 0.0270101 -0.00523446
internal_weight=396.671 219.302 195.18 96.7572 98.4229 177.369 41.4443 135.925 22.6562 18.7881 9.15924 126.766 24.1219 5.05398
internal_count=101070 85575 84408 23745 60663 15495 9117 6378 7673 1444 1631 4747 1167 905
is_linear=0
shrinkage=0.04


Tree=33
num_leaves=15
num_cat=0
split_feature=14 7 32 8 7 37 33 8 3 15 22 8 13 36
split_gain=32.6386 22.1 23.0488 15.9601 14.7741 8.50077 14.2487 16.918 10.3246 6.76857 5.73116 4.309 5.41297 1.21236
threshold=0.068389292806386962 -0.48652875423431391 0.81263297872340434 -0.40838515758514399 -0.2346709072589874 1.0000000180025095e-35 0.20177405396900325 -0.57901108264923085 -0.099753074347972856 67.712482452392592 -0.06487687304615973 -0.68021097779273976 0.8130517601966859 0.30224051828856802
decision_type=2 2 2 2 2 2 2 2 2 2 2 2 2 2
left_child=1 11 3 -3 -4 8 -7 -8 10 -10 -2 12 -1 -13
right_child=5 2 4 -5 -6 6 7 -9 9 -11 -12 13 -14 -15
leaf_value=-0.064630830084450211 0.0075333089437735878 -0.0071924161403752705 0.041231884925347184 -0.037684442912428326 -0.0057545634023509987 -0.058466994271134408 0.054622541384752088 -0.00082984521163087662 0.028123934439616166 -0.0054519618263285498 -0.05341059114233232 0.021124929263218354 0.023804725054836134 0.042039868299111181
leaf_weight=1.7286799800349424 5.817170370137319 44.273030973301502 12.857615819608325 72.344854748283979 64.018977345316671 5.6849670230294569 10.335103428980799 59.381463522615377 82.712190331076272 10.86874846043065 4.2893528113490884 6.9972420581616488 3.0812327730236575 12.107405033835674
leaf_count=384 708 17805 332 52240 14285 2018 92 7526 3089 689 1373 318 109 102
internal_value=-4.03404e-10 -0.010416 -0.0148995 -0.0261084 0.00210392 0.0126447 0.00242527 0.00739067 0.0200763 0.0242243 -0.0183322 0.0258601 -0.00797896 0.0343796
internal_weight=396.498 217.409 193.494 116.618 76.8766 179.089 75.4015 69.7166 103.687 93.5809 10.1065 23.9146 4.80991 19.1046
internal_count=101070 85575 84662 70045 14617 15495 9636 7618 5859 3778 2081 913 493 420
is_linear=0
shrinkage=0.04


Tree=34
num_leaves=15
num_cat=0
split_feature=11 7 35 12 7 9 31 14 22 14 30 13 12 29
split_gain=31.1658 21.3825 17.8936 16.517 11.4093 8.91993 14.6235 17.4244 16.04 9.07329 10.2606 7.61239 5.15046 2.9848
threshold=0.24457404762506488 -0.47050967812538141 -0.065164323896169649 0.075377479195594801 -0.2295783534646034 26.500000000000004 0.39175170068027215 0.079942360520362868 0.075846046209335341 0.089537430554628386 4.5000000000000009 0.96450117230415355 0.078832373023033156 0.020804931409657005
decision_type=2 2 2 2 2 2 2 2 2 2 2 2 2 2
left_child=1 12 3 -3 -4 6 7 -2 -8 11 -11 -7 13 -1
right_child=5 2 4 -5 -6 9 8 -9 -10 10 -12 -13 -14 -15
leaf_value=0.0065230392616500701 -0.039304604700622012 -0.041700829359041541 -0.0062655538150744837 0.0074511476623670449 -0.036002916897540566 0.00035960783714106444 -0.042243873133238193 0.034114430301741112 0.0038925440762792567 -0.050932887125694402 0.025866252051599696 0.039572900379094902 0.030915778870012317 -0.049952624942952752
leaf_weight=7.720096956240015 5.9718277865904374 13.335910975292789 29.157826786191436 60.856294244993478 70.688920148269972 9.9086546436883491 14.546083861961959 38.617785321199335 70.457339214452077 4.9840034820372221 6.3041496383957565 39.48448555811774 21.187494727200828 1.8575934484833849
leaf_count=705 1288 8337 14968 10528 51637 586 3776 1030 6593 289 62 262 226 783
internal_value=2.11898e-09 -0.0108287 -0.0162628 -0.00138383 -0.0273188 0.0116557 0.00572931 0.0242815 -0.00400248 0.0243122 -0.0080425 0.0317064 0.0199119 -0.00443042
internal_weight=395.078 204.804 174.039 74.1922 99.8467 190.274 129.593 44.5896 85.0034 60.6813 11.2882 49.3931 30.7652 9.57769
internal_count=101070 87184 85470 18865 66605 13886 12687 2318 10369 1199 351 848 1714 1488
is_linear=0
shrinkage=0.04


Tree=35
num_leaves=15
num_cat=0
split_feature=11 33 36 12 34 37 5 1 22 6 20 6 4 3
split_gain=30.9163 19.8406 18.8028 12.1614 9.00241 7.35999 7.12914 12.0585 10.5043 6.96036 4.97021 1.70177 1.38436 1.0937
threshold=0.24457404762506488 0.020675406098603594 0.09302884615384617 0.075377479195594801 0.49380154705189289 1.0000000180025095e-35 0.10414230823516847 0.016780273988842968 0.16330609470605853 -0.13766746968030927 0.047745694022289772 -0.082137517631053911 0.37731225788593298 -0.15424984693527219
decision_type=2 2 2 2 2 2 2 2 2 2 2 2 2 2
left_child=1 9 3 -3 10 -4 7 -6 -8 13 -2 -11 -12 -1
right_child=4 2 5 -5 6 -7 8 -9 -10 11 12 -13 -14 -15
leaf_value=-0.052483633289543918 0.053182176711242757 -0.029751647632283756 -0.013951879116788815 0.010594803607406318 0.004645052112765528 -0.034623213675713228 -0.054404252659332852 0.028194275546570637 0.0065636159573316437 0.039018036711474392 -0.04725218118458533 0.015487201787839891 -0.0072306861287790049 0.002556604628482118
leaf_weight=1.9754836773499875 1.0793734026374275 15.548254612425806 49.325164366746321 51.700140428380109 62.41044670692645 62.451555078063393 5.1980418579187235 78.613223913824186 34.740949005703442 13.968381836486516 6.1747399870655499 7.5893437160411841 1.7819562776130622 0.81634256744291622
leaf_count=603 19 8591 14860 8753 3729 53595 1427 3359 2549 290 2566 307 237 185
internal_value=-1.32455e-09 -0.0108387 -0.0154464 0.00126645 0.0116018 -0.0255013 0.0135474 0.0177725 -0.00137132 0.0230379 -0.0273627 0.0307341 -0.0382891 -0.0363896
internal_weight=393.373 203.375 179.025 67.2484 189.999 111.777 180.963 141.024 39.939 24.3496 9.03607 21.5577 7.9567 2.79183
internal_count=101070 87184 85799 17344 13886 68455 11064 7088 3976 1385 2822 597 2803 788
is_linear=0
shrinkage=0.04


Tree=36
num_leaves=15
num_cat=0
split_feature=14 12 3 37 36 30 33 33 36 35 2 26 27 1
split_gain=28.6489 18.7446 15.78 14.451 15.9722 14.5875 5.26136 4.8924 5.24843 3.93654 2.98485 1.62548 0.578181 0.137953
threshold=0.020105061121284965 0.075377479195594801 -0.19554331153631208 2.5000000000000004 0.94305555555555565 5.5000000000000009 0.027842377260981915 0.17570394662444874 0.01574900793650794 -0.092618614435195909 -0.0581925231963396 -0.069250196218490587 0.37517923116683966 -0.058455632999539368
decision_type=2 2 2 2 2 2 2 2 2 2 2 2 2 2
left_child=2 6 9 5 -5 -3 10 8 -4 -1 -2 -11 -8 -9
right_child=1 3 7 4 -6 -7 12 13 -10 11 -12 -13 -14 -15
leaf_value=0.052046887692747859 0.0096108577636702386 0.010332042189918305 0.11631880411399287 -0.046610198195967935 0.03122966360999916 -0.043776997743428671 -0.041760779970386512 -0.034081372837180476 -0.018225607903662004 -0.049694785032575607 -0.050424510478550108 0.05314863911379529 -0.018934371266418702 -0.046677493213076432
leaf_weight=4.1467459420673549 6.9919454219052568 290.03344382054638 0.5049556057783765 15.417648545058912 5.8060947094927533 8.1971899535856192 17.142249397991694 1.4579728446260549 5.7046033437654842 1.0625327451271003 1.6348600138153431 0.31993425937252951 1.9805827405070875 30.356860199070073
leaf_count=135 899 35447 50 13193 287 5890 10821 973 3451 556 420 103 2268 26577
internal_value=-1.05762e-11 0.00383601 -0.0305802 0.00657525 -0.0253159 0.0088448 -0.0276981 -0.0397615 -0.00728458 0.0325592 -0.0017664 -0.0258945 -0.0393966 -0.0461003
internal_weight=390.758 347.204 43.5536 319.454 21.2237 298.231 27.7496 38.0244 6.20956 5.52921 8.62681 1.38247 19.1228 31.8148
internal_count=101070 69225 31845 54817 13480 41337 14408 31051 3501 794 1319 659 13089 27550
is_linear=0
shrinkage=0.04


Tree=37
num_leaves=15
num_cat=0
split_feature=14 7 32 8 18 33 33 33 14 29 2 9 12 4
split_gain=26.3622 20.292 19.2684 14.0848 14.0202 8.51287 15.991 13.8358 8.53176 4.11888 5.97658 4.57887 3.78383 2.52047
threshold=0.068389292806386962 -0.48652875423431391 0.81263297872340434 -0.40838515758514399 -0.078025344759225831 0.95502849788564081 0.36705494209534079 0.16700680272108845 0.085025113075971617 0.018669298849999908 0.029250359162688259 25.500000000000004 0.078832373023033156 -0.2350918501615524
decision_type=2 2 2 2 2 2 2 2 2 2 2 2 2 2
left_child=1 12 3 -3 -4 6 7 -2 -8 11 -11 -7 13 -1
right_child=5 2 4 -5 -6 9 8 -9 -10 10 -12 -13 -14 -15
leaf_value=-0.045281701872664559 -0.012721136751272082 -0.006846942365977186 0.022887725655305089 -0.036116861320147867 -0.012292671695960869 0.0086155491777978252 0.0031065309873496865 0.030448174053622955 -0.033873537633457219 0.029347480080873036 -0.0029676193584496392 0.036732210528982893 0.034340918814964552 0.014888886654989235
leaf_weight=1.6560251460759925 17.225227707880549 43.203644014720339 29.806006625032751 67.248421217736905 46.247331765684066 12.944829137879422 19.190914267848711 38.271941607905319 20.802549285726855 15.984977125655858 21.438430077512749 32.620189549284987 18.021466879290529 3.40231620677514
leaf_count=635 2885 17805 2470 52240 12147 308 3384 2781 4872 219 825 221 117 161
internal_value=3.6781e-10 -0.00962083 -0.0139992 -0.0246678 0.00149485 0.0112976 0.00315369 0.0170493 -0.0161286 0.0206684 0.0108354 0.0287444 0.0257603 -0.00481006
internal_weight=388.064 209.585 186.505 110.452 76.0533 178.479 95.4906 55.4972 39.9935 82.9884 37.4234 45.565 23.0798 5.05834
internal_count=101070 85575 84662 70045 14617 15495 13922 5666 8256 1573 1044 529 913 796
is_linear=0
shrinkage=0.04


Tree=38
num_leaves=14
num_cat=0
split_feature=12 30 37 25 8 33 19 19 34 6 6 27 32
split_gain=25.8764 21.0095 22.3868 15.8875 12.0926 6.75823 4.35759 3.04249 0.983894 0.620556 0.33025 0.299831 0.0496084
threshold=0.075377479195594801 5.5000000000000009 2.5000000000000004 0.16984820365905764 -0.46802012622356409 0.079678081313325641 0.96205265322912392 0.036375661375661381 0.99095004095004102 -0.43940885365009302 -0.21984945237636563 0.37517923116683966 0.81263297872340434
decision_type=2 2 2 2 2 2 2 2 2 2 2 2 2
left_child=5 2 4 10 -2 6 7 -1 -5 -7 -3 -11 -4
right_child=1 3 12 8 -6 9 -8 -9 -10 11 -12 -13 -14
leaf_value=0.03064723174785695 0.022057571514201426 0.0046990100306329771 -0.044777667189143992 0.015978346553790046 0.0039198441471455046 0.014303353455069839 0.047131922004618403 -0.025026764420285518 0.049370756704186232 -0.043996563606072375 -0.044837853069426024 -0.02912045495219168 -0.050217058588618926
leaf_weight=1.8446297927002859 79.683235411590431 0.21740699611837655 8.2418979473150085 3.4913213301915667 224.54793406004319 0.30972420779289578 1.9808837513264741 10.568890405498676 2.3702752563403919 23.915672706818448 22.549087030871306 2.3838778374192762 3.9773227203986599
leaf_count=258 6043 135 8633 397 36549 83 236 4032 6 17428 20964 3687 2619
internal_value=-1.22768e-09 0.00356964 0.00653824 -0.0292448 0.00867042 -0.0300414 -0.00796209 -0.0167537 0.0294814 -0.0419852 -0.0443648 -0.0426481 -0.0465482
internal_weight=386.082 345.078 316.45 28.6281 304.231 41.0037 14.3944 12.4135 5.8616 26.6093 22.7665 26.2996 12.2192
internal_count=101070 75346 53844 21502 42592 25724 4526 4290 403 21198 21099 21115 11252
is_linear=0
shrinkage=0.04


Tree=39
num_leaves=15
num_cat=0
split_feature=11 30 12 12 22 32 8 33 27 2 33 7 14 2
split_gain=24.712 17.0548 13.2617 21.6489 9.20782 8.20026 9.44172 18.4785 7.8847 6.08058 6.07067 5.28315 0.177733 0.110873
threshold=0.24457404762506488 4.5000000000000009 0.075377479195594801 0.18495421856641772 0.096360553056001677 0.063878363936655982 -0.46802012622356409 0.94152390163028477 0.63483563065528881 0.043334359303116805 0.027842377260981915 0.086156919598579421 0.13487660139799121 -0.077388178557157503
decision_type=2 2 2 2 2 2 2 2 2 2 2 2 2 2
left_child=1 2 10 -4 11 12 9 -8 -6 -7 -1 -3 13 -2
right_child=5 4 3 -5 8 6 7 -9 -10 -11 -12 -13 -14 -15
leaf_value=0.0033856933232223486 -0.080585138205324383 -0.039003048908771099 0.018473082160977365 -0.015733515890036711 -0.027070364621718256 0.033516409496424447 -0.015743128583811418 0.015906263214933127 0.06239858168980536 -0.008679819952074553 -0.040421431596955208 0.024175203445999164 -0.047454946741659843 -0.059319633842245381
leaf_weight=6.8933419679233365 0.73862518440000724 43.176541673732572 64.529261798306834 54.69428681518184 3.3015053597919168 38.092453944380395 42.378235083306208 97.247959209082182 3.0155019960366189 6.3791228880872941 19.044742848200258 2.2269958797260179 0.95977325690910209 0.83657822938403037
leaf_count=973 83 35312 11565 22890 1015 687 9216 2537 111 889 14740 578 223 251
internal_value=-3.51846e-10 -0.00988583 -0.00285858 0.00278067 -0.0296089 0.0104287 0.0114126 0.00630029 0.0156387 0.0274637 -0.0287792 -0.0359042 -0.0610237 -0.0692912
internal_weight=383.515 196.882 145.162 119.224 51.7205 186.633 184.098 139.626 6.31701 44.4716 25.9381 45.4035 2.53498 1.5752
internal_count=101070 87184 50168 34455 37016 13886 13329 11753 1126 1576 15713 35890 557 334
is_linear=0
shrinkage=0.04


Tree=40
num_leaves=15
num_cat=0
split_feature=14 7 4 7 28 33 13 11 13 3 8 15 12 13
split_gain=22.9925 17.0836 17.3946 15.8096 13.1303 7.36164 14.4194 12.914 5.44711 3.78823 13.0808 4.34982 3.21704 2.23268
threshold=0.068389292806386962 -0.48652875423431391 -0.02567776013165712 -0.2217537462711334 0.071317832916975035 0.95502849788564081 0.82118266820907604 0.42268130183219915 0.67956268787384044 0.17014148831367495 -0.11491577699780463 64.248195648193374 0.078832373023033156 0.86717039346694957
decision_type=2 2 2 2 2 2 2 2 2 2 2 2 2 2
left_child=1 12 4 -4 -3 6 8 -8 -2 10 -7 -11 13 -1
right_child=5 2 3 -5 -6 9 7 -9 -10 11 -12 -13 -14 -15
leaf_value=-0.037760054207964876 -0.010504054233391685 -0.0010000841143420177 0.032697113091137819 -0.0090894812174132818 -0.03523241998536962 -0.063975413010387797 0.0019850248572325911 -0.042247419058605157 0.038345857413675889 0.033138151883390358 0.029223957235073636 0.013249383659854293 0.032127929226302573 0.017508366960223506
leaf_weight=1.9541186869610125 4.4681355214270324 24.813200623262674 17.950349550519604 75.074261673798901 64.605108225499862 3.6659913302864879 56.535203054430895 12.986821468162814 20.000735079869628 33.941600911435671 7.0301283802837116 36.531351181620266 17.305617775535211 2.912558460899163
leaf_count=591 405 9137 1491 22273 51761 390 9486 3303 728 242 101 840 117 205
internal_value=-8.70642e-10 -0.00910622 -0.0131355 -0.0010262 -0.0257331 0.0106375 0.00301706 -0.00627766 0.0294256 0.0194618 -0.00271922 0.0228283 0.024048 -0.00468358
internal_weight=379.775 204.615 182.443 93.0246 89.4183 175.16 93.9909 69.522 24.4689 81.1691 10.6961 70.473 22.1723 4.86668
internal_count=101070 85575 84662 23764 60898 15495 13922 12789 1133 1573 491 1082 913 796
is_linear=0
shrinkage=0.04


Tree=41
num_leaves=15
num_cat=0
split_feature=14 3 12 32 8 33 20 33 20 18 26 7 27 1
split_gain=21.7777 15.2438 13.9745 11.0115 14.7329 4.96136 5.08844 4.87582 3.33767 2.57892 1.99598 0.678942 0.599305 0.168967
threshold=0.020105061121284965 -0.19554331153631208 0.075377479195594801 0.063878363936655982 -0.46802012622356409 0.17570394662444874 0.96039215686274526 0.027842377260981915 0.58578637510513043 -0.045301489531993859 -0.053968399763107293 -0.32548026740550989 0.37517923116683966 -0.058455632999539368
decision_type=2 2 2 2 2 2 2 2 2 2 2 2 2 2
left_child=1 8 7 11 -5 6 -3 9 10 -2 -1 -4 -9 -7
right_child=2 5 3 4 -6 13 -8 12 -10 -11 -12 -13 -14 -15
leaf_value=-0.049169004585027772 0.011651604122075571 -0.022323048994784902 -0.066286908866494618 0.022228151380014386 0.0016811053011310327 -0.031061855893001266 0.073898643866216404 -0.040011128816745317 0.051153571079097689 -0.043226841797354185 0.067945096850913447 -0.037661072208328338 -0.015372312656870174 -0.045620592679545331
leaf_weight=1.0051566404581533 6.4725000286998693 4.6543355664762194 2.5669909322459716 73.425122478278354 233.07575131786871 1.3387854425091053 1.0841769500984808 15.325385827512948 4.1880180729203857 1.7380135642306429 0.30303794573410314 2.7414351780171264 1.7610337358200912 26.974432195609555
leaf_count=570 633 3300 750 5217 47139 973 201 10821 148 686 76 1711 2268 26577
internal_value=8.80583e-10 -0.0280812 0.00329438 0.00561409 0.00660334 -0.0380584 -0.00414389 -0.0252984 0.0337322 3.48542e-05 -0.02204 -0.0515036 -0.0374717 -0.0449322
internal_weight=376.654 39.5479 337.106 311.809 306.501 34.0517 5.73851 25.2969 5.49621 8.21051 1.30819 5.30843 17.0864 28.3132
internal_count=101070 31845 69225 54817 52356 31051 3501 14408 794 1319 646 2461 13089 27550
is_linear=0
shrinkage=0.04


Tree=42
num_leaves=14
num_cat=0
split_feature=14 37 38 7 29 35 29 33 8 29 3 33 25
split_gain=20.4882 16.3294 13.7448 19.366 8.06385 7.00103 6.79075 6.39514 1.22692 2.12582 0.290919 0.0502907 0.0033183
threshold=0.068389292806386962 2.5000000000000004 0.82444286391654831 -0.2217537462711334 0.010410954244434835 0.20898344367742541 0.010691615752875807 0.071279139270771077 -0.51553344726562489 0.015306584537029268 -0.2492457032203674 0.94860790139760109 0.19180351495742801
decision_type=2 2 2 2 2 2 2 2 2 2 2 2 2
left_child=1 2 3 -1 -4 6 -2 -8 9 -3 -10 12 -7
right_child=5 8 4 -5 -6 11 7 -9 10 -11 -12 -13 -14
leaf_value=0.0040919798451780074 -0.068044278001905031 0.11687023241283115 -0.062759612482190391 -0.028532312904757551 0.013281283307385093 -0.04860468661565541 -0.023475630690031439 0.013590436616360753 -0.0053947228274696581 -0.045826316001321747 -0.043135845628624908 -0.064408226083689929 -0.051609706070291334
leaf_weight=56.246204565293738 1.7180085792788293 0.21283557225251826 2.3173352902522302 60.347634951976943 60.137268858365132 1.2964534575585271 7.8072165129706255 161.69440792844398 0.33187656453810888 0.32426591386320069 21.302213527189451 0.4608101553749292 1.0758596042287536
leaf_count=18072 220 98 639 33348 9219 462 1355 12977 299 283 23617 65 416
internal_value=-6.20943e-10 -0.00869249 -0.00468272 -0.012794 0.0104598 0.0100492 0.0110812 0.0118832 -0.0410743 0.018645 -0.0425569 -0.0523163 -0.0499675
internal_weight=375.272 201.22 179.048 116.594 62.4546 174.053 171.22 169.502 22.1712 0.537101 21.6341 2.83312 2.37231
internal_count=101070 85575 61278 51420 9858 15495 14552 14332 24297 381 23916 943 878
is_linear=0
shrinkage=0.04


Tree=43
num_leaves=15
num_cat=0
split_feature=12 8 32 31 37 32 37 33 15 15 7 6 26 27
split_gain=19.4345 16.7762 21.1735 18.8034 13.1221 12.0184 9.51011 6.66447 4.03944 4.06233 0.565421 0.526681 0.414381 0.307561
threshold=0.075377479195594801 -0.46802012622356409 0.82447894051237525 0.72643624672138085 2.5000000000000004 0.063878363936655982 1.5000000000000002 0.079678081313325641 25.207272529602054 26.042364120483402 -0.31347143650054926 -0.43940885365009302 -0.035286277532577508 0.37517923116683966
decision_type=2 2 2 2 2 2 2 2 2 2 2 2 2 2
left_child=7 5 3 -3 -4 10 -7 8 12 -10 -2 -9 -1 -13
right_child=1 2 4 -5 -6 6 -8 11 9 -11 -12 13 -14 -15
leaf_value=-0.047142711740116264 -0.063524790220792313 -0.034042342987149386 0.0093723067497981424 0.0011016317975270778 -0.049402882375623125 0.024952568899973052 -0.055165996397831832 0.014161948585354854 0.060056308791366052 -0.0047839192857929095 -0.031884252152932349 -0.042661829886570052 0.0041415030114435236 -0.026509877066485873
leaf_weight=3.1257407947268807 2.2534593355376278 49.246682211465668 152.39073566292063 48.19937467481941 6.3301039686193681 74.161237307504052 2.4487689857778596 0.27818799566011776 1.9025495810783457 8.2491593894083035 1.5086335437663354 20.952919154107811 0.27420256828190659 2.0728677768347543
leaf_count=1811 740 37222 12243 14252 4828 4396 1086 83 129 2465 579 17428 121 3687
internal_value=3.26261e-10 0.00301993 -0.00198249 -0.0166592 0.00702823 0.0189639 0.0223917 -0.0275758 -0.00527046 0.0073679 -0.0508366 -0.0405468 -0.0430067 -0.0412078
internal_weight=373.395 336.539 256.167 97.4461 158.721 80.3721 76.61 36.8556 13.5517 10.1517 3.76209 23.304 3.39994 23.0258
internal_count=101070 75346 68545 51474 17071 6801 5482 25724 4526 2594 1319 21198 1932 21115
is_linear=0
shrinkage=0.04


Tree=44
num_leaves=15
num_cat=0
split_feature=14 30 12 12 33 20 7 3 7 4 4 14 20 4
split_gain=18.2121 15.7382 14.4638 16.5031 6.37585 13.1081 8.29029 14.9774 3.78239 2.88731 5.39115 2.60294 0.669614 0.211589
threshold=0.071894526481628432 5.5000000000000009 0.075377479195594801 0.18495421856641772 0.16700680272108845 0.068573667711598757 -0.41027496755123133 0.048617776483297355 -0.5099332034587859 -0.2280011102557182 -0.23039877414703366 0.074648045003414168 0.063041907514450879 -0.17379184812307355
decision_type=2 2 2 2 2 2 2 2 2 2 2 2 2 2
left_child=1 2 8 -4 5 12 -6 -8 -1 10 -3 -7 -2 -11
right_child=4 9 3 -5 6 11 7 -9 -10 13 -12 -13 -14 -15
leaf_value=0.0024807064513329203 0.01988637380030716 -0.028682022006516816 0.016254769144665348 -0.0099455900437719763 0.048456401527346468 0.0074931807890677186 -0.020735108039340495 0.015706685649284721 -0.039607576258651578 -0.030838325689365838 0.10899451459418978 -0.053966943640566971 0.047471314504175632 -0.044509815716884574
leaf_weight=4.1071880804083802 3.0788807037170036 2.1460862183303111 64.040321514912648 96.319229039989295 9.6244164687232097 1.2869176286912969 21.355780798854539 116.39820047008106 20.311332211917033 1.9988743153953716 0.57753934623906644 7.6958387823833618 2.5944565472891554 19.298198721196968
leaf_count=575 339 1969 12613 30090 228 204 5795 5255 17584 2084 72 2053 29 22180
internal_value=2.27465e-09 -0.00780891 -0.0038494 0.000517643 0.0100626 -0.0150987 0.0125648 0.0100572 -0.0325283 -0.0382673 0.000512012 -0.0451618 0.0325012 -0.0432267
internal_weight=370.833 208.799 184.778 160.36 162.034 14.6561 147.378 137.754 24.4185 24.0207 2.72363 8.98276 5.67334 21.2971
internal_count=101070 87167 60862 42703 13903 2625 11278 11050 18159 26305 2041 2257 368 24264
is_linear=0
shrinkage=0.04


Tree=45
num_leaves=15
num_cat=0
split_feature=14 37 12 11 35 31 7 10 33 8 29 26 33 8
split_gain=17.4117 14.3957 11.8362 15.2204 6.40537 5.82851 16.0067 9.5453 3.97133 1.4137 2.46914 0.298573 0.0429841 0.00258791
threshold=0.068389292806386962 2.5000000000000004 0.075377479195594801 0.0098692751489579695 0.20898344367742541 0.39587585034013612 -0.25042262673377985 0.092583984136581435 0.079678081313325641 -0.51553344726562489 0.01341768028214574 -0.18973800539970395 0.94860790139760109 -0.46802012622356409
decision_type=2 2 2 2 2 2 2 2 2 2 2 2 2 2
left_child=1 2 8 -4 5 7 -7 -2 -1 10 -3 -11 13 -6
right_child=4 9 3 -5 12 6 -8 -9 -10 11 -12 -13 -14 -15
leaf_value=-0.0083265653268714997 -0.011825931978278637 0.1285984133308419 0.026630524135627189 -0.0062535279308253804 -0.051264551688124417 -0.048481887397967202 0.0092480656456834093 0.029185551163478513 -0.041813246385905813 -0.032406694962356715 -0.045013050474591081 -0.044341997529895656 -0.062685563572941069 -0.048255086944086888
leaf_weight=8.7372406735084969 11.407252366363535 0.21609757578699174 27.540552788210334 123.54636374328402 0.62753511359915193 8.2862790939980169 105.825285743922 44.512923956412124 16.122664731112309 4.2780402051284954 0.33312630778527819 15.518265650083773 0.4420608899090438 1.6841460592695503
leaf_count=3205 2205 75 4256 38607 193 2881 7169 2297 15210 4196 306 19720 65 685
internal_value=2.9967e-09 -0.00815124 -0.00446768 -0.000259329 0.0092602 0.0102403 0.00505597 0.0208195 -0.030044 -0.0400065 0.0232961 -0.0417627 -0.0512574 -0.049072
internal_weight=369.078 196.292 175.947 151.087 172.785 170.032 114.112 55.9202 24.8599 20.3455 0.549224 19.7963 2.75374 2.31168
internal_count=101070 85575 61278 42863 15495 14552 10050 4502 18415 24297 381 23916 943 878
is_linear=0
shrinkage=0.04


Tree=46
num_leaves=15
num_cat=0
split_feature=14 30 12 12 13 33 33 37 20 7 31 4 4 33
split_gain=15.9799 13.825 12.0999 15.9412 6.26916 15.9868 11.8121 7.88245 6.5304 4.24687 3.15957 2.93867 5.08902 2.32568
threshold=0.068389292806386962 5.5000000000000009 0.075377479195594801 0.18495421856641772 0.8500347137451173 0.20518418990034712 0.22505411255411259 1.0000000180025095e-35 0.87258639773705582 -0.5099332034587859 0.3340136054421769 -0.2280011102557182 -0.23039877414703366 0.013186876883839556
decision_type=2 2 2 2 2 2 2 2 2 2 2 2 2 2
left_child=1 2 9 -4 7 13 -7 10 -9 -1 -2 12 -3 -6
right_child=4 11 3 -5 5 6 -8 8 -10 -11 -12 -13 -14 -15
leaf_value=0.0057637077377894422 0.04134783425635323 -0.028466768610934539 0.015436605300198003 -0.011019160265459975 0.00066859195098036841 0.045228565674526086 0.0047395439931966999 -0.061748697996073666 0.023731496531741447 -0.038917262030382108 0.011864853020619584 -0.042627832211902195 0.10165455886723652 -0.053849788540064898
leaf_weight=4.1471168257121489 20.235057609970685 2.0557908038463215 63.204906769271474 86.062449671037029 1.4869052513386103 12.807474585511953 115.44414301315555 2.8323950152844182 2.8880461837979965 18.985631423027371 8.1613938489463163 19.836691827978939 0.62774990752223203 7.9224946750910021
leaf_count=553 336 1935 12362 29132 181 259 10688 664 150 17427 405 24094 72 2812
internal_value=7.29768e-10 -0.00783877 -0.00398859 0.000183116 0.00889484 0.00509066 0.00878286 0.0242446 -0.0185928 -0.0309071 0.0328742 -0.0373133 0.00197199 -0.0452346
internal_weight=366.698 194.92 172.4 149.267 171.778 137.661 128.252 34.1169 5.72044 23.1327 28.3965 22.5202 2.68354 9.4094
internal_count=101070 85575 59474 41494 15495 13940 10947 1555 814 17980 741 26101 2007 2993
is_linear=0
shrinkage=0.04


Tree=47
num_leaves=15
num_cat=0
split_feature=14 37 33 4 13 33 33 37 8 14 31 33 8 29
split_gain=15.0634 13.5289 10.4234 14.256 6.5235 14.0959 11.4521 6.24288 5.96314 3.05266 2.72588 2.19122 1.57485 2.30696
threshold=0.068389292806386962 2.5000000000000004 0.020675406098603594 -0.02567776013165712 0.8500347137451173 0.20518418990034712 0.22505411255411259 1.0000000180025095e-35 -0.060696026310324662 0.039074441418051727 0.3340136054421769 0.013186876883839556 -0.51960074901580799 0.013310795184224846
decision_type=2 2 2 2 2 2 2 2 2 2 2 2 2 2
left_child=1 2 9 -4 7 11 -7 10 -9 -1 -2 -6 13 -3
right_child=4 12 3 -5 5 6 -8 8 -10 -11 -12 -13 -14 -15
leaf_value=0.030974502667509462 0.040070424211013221 0.12425932268825877 -0.020959789451774787 0.0034693624596305117 0.00053641867568281199 0.043972515267845493 0.0041863867917397496 -0.044069324486750931 0.041865465286273322 -0.0056429194555828698 0.012443670303632009 -0.052525823083490505 -0.041309200563564595 -0.044853343750877656
leaf_weight=15.899697222339457 20.003305577673022 0.22899958741618576 70.388166050383006 83.634180919238133 1.4939642304379939 12.863313681620637 115.62448860681616 3.6748016818310125 1.992509077535942 4.7252861668239339 7.9996017944067708 7.4776758891239297 18.787914197135251 0.29574956718715839
leaf_count=586 336 66 44249 16037 181 259 10688 784 30 406 405 2812 23947 284
internal_value=3.42633e-09 -0.00763181 -0.00411883 -0.00769475 0.00864998 0.00478477 0.0081695 0.0244298 -0.0138564 0.0225853 0.0321783 -0.0436899 -0.0394002 0.0289471
internal_weight=365.09 193.96 174.647 154.022 171.13 137.459 128.488 33.6702 5.66731 20.625 28.0029 8.97164 19.3127 0.524749
internal_count=101070 85575 61278 60286 15495 13940 10947 1555 814 992 741 2993 24297 350
is_linear=0
shrinkage=0.04


Tree=48
num_leaves=15
num_cat=0
split_feature=14 37 38 7 32 13 33 33 37 8 31 33 8 29
split_gain=15.4486 12.6757 10.2772 18.0387 7.88816 6.77443 12.4164 10.9008 5.54901 5.22315 2.48964 2.00784 1.65872 2.10985
threshold=0.068389292806386962 2.5000000000000004 0.82444286391654831 -0.2217537462711334 0.42886061307113943 0.8500347137451173 0.20518418990034712 0.22505411255411259 1.0000000180025095e-35 -0.060696026310324662 0.3340136054421769 0.013186876883839556 -0.51553344726562489 0.013310795184224846
decision_type=2 2 2 2 2 2 2 2 2 2 2 2 2 2
left_child=1 2 3 -1 -4 8 11 -8 10 -10 -2 -7 13 -3
right_child=5 12 4 -5 -6 6 7 -9 9 -11 -12 -13 -14 -15
leaf_value=0.0047111682142751054 0.038804978185048584 0.10719025044410926 -0.049152431147792726 -0.027244886133625391 0.012379793635315771 9.9742134085386791e-05 0.042915545890975619 0.0039963181257692071 -0.043276634792248941 0.039322344160048178 0.012564492374805683 -0.050989335838826831 -0.041170954764569945 -0.044681068730649594
leaf_weight=55.562284492407343 20.922831272473562 0.27766800927929836 3.5383383739972478 57.52376866339182 57.55952130528749 1.492627683270255 12.783898270135976 115.97485112515278 3.3469482493528622 1.9319594285916535 7.9960243413806884 7.0169515548623167 18.145965498319129 0.30949234843137674
leaf_count=18072 336 71 2030 33348 7828 181 259 10688 784 30 405 2812 23916 310
internal_value=-2.81148e-12 -0.00776479 -0.00440229 -0.011544 0.0088163 0.00873619 0.00476774 0.00786044 0.0246654 -0.0130473 0.0315495 -0.042028 -0.0390299 0.0271388
internal_weight=364.383 192.917 174.184 113.086 61.0979 171.466 137.268 128.759 34.1978 5.27891 28.9189 8.50958 18.7331 0.58716
internal_count=101070 85575 61278 51420 9858 15495 13940 10947 1555 814 741 2993 24297 381
is_linear=0
shrinkage=0.04


Tree=49
num_leaves=15
num_cat=0
split_feature=14 33 4 11 37 13 33 33 13 8 26 6 37 7
split_gain=15.4895 12.4795 12.9409 14.2816 13.0452 7.24472 11.777 10.3991 5.26155 5.01084 4.0154 3.89286 2.1908 1.94828
threshold=0.068389292806386962 0.020675406098603594 -0.02567776013165712 0.0086225485429167765 1.0000000180025095e-35 0.8500347137451173 0.20518418990034712 0.22505411255411259 0.67956268787384044 -0.3692378550767898 0.040530264377594001 -0.1327998265624046 1.5000000000000002 -0.54337951540946949
decision_type=2 2 2 2 2 2 2 2 2 2 2 2 2 2
left_child=1 11 4 -4 -3 8 13 -8 10 -10 -2 12 -1 -7
right_child=5 2 3 -5 -6 6 7 -9 9 -11 -12 -13 -14 -15
leaf_value=-0.052545653871948324 -0.049033554123126093 -0.0068371954813616111 0.032586985510782339 -0.0085721860740660856 -0.039109572163930968 -0.0023105416831163154 0.041887093879730414 0.0037734491757147126 0.039726649279531789 0.0010677012931726143 0.027952954730000031 0.028352156863783135 0.021492690124212177 -0.051252017464469668
leaf_weight=1.6225961507298081 2.5116996852448201 39.772078419598984 16.538363272236893 73.142094006194384 40.394932614435675 1.6174846709473056 12.706781445071099 116.16473414536449 23.495989811199252 6.9516927018703454 1.9069639072404241 17.843178766517667 1.0553657145646864 6.6601640669396129
leaf_count=435 392 13916 1711 22034 46747 239 259 10688 569 537 57 552 180 2754
internal_value=-1.70636e-09 -0.00786104 -0.0114209 -0.000981844 -0.0230988 0.00869977 0.00456078 0.00753147 0.0249807 0.0309002 -0.0158085 0.0216028 -0.0233677 -0.0416887
internal_weight=362.384 190.369 169.847 89.6805 80.167 172.016 137.149 128.872 34.8663 30.4477 4.41866 20.5211 2.67796 8.27765
internal_count=101070 85575 84408 23745 60663 15495 13940 10947 1555 1106 449 1167 615 2993
is_linear=0
shrinkage=0.04


Tree=50
num_leaves=13
num_cat=0
split_feature=14 30 12 12 29 13 28 37 7 4 4 1
split_gain=14.1481 12.0366 11.0124 14.8627 8.04811 6.56884 11.3437 4.8025 3.41873 3.15796 4.55242 0.244736
threshold=0.068389292806386962 5.5000000000000009 0.075377479195594801 0.18495421856641772 0.010691615752875807 0.8500347137451173 0.50518965721130382 1.0000000180025095e-35 -0.5099332034587859 -0.2280011102557182 -0.23039877414703366 0.19772858172655108
decision_type=2 2 2 2 2 2 2 2 2 2 2 2
left_child=1 2 8 -4 -2 7 -7 -6 -1 10 -3 -11
right_child=4 9 3 -5 5 6 -8 -9 -10 11 -12 -13
leaf_value=0.0020185375442034891 -0.06937206217543461 -0.025685038956317807 0.014778119254636615 -0.010985458831019699 0.03106729858983185 0.0089985897035774736 -0.03098186765817457 -0.010908659475928981 -0.037994070808663988 -0.042524277405314975 0.09734410207734126 0.0021973360682038148
leaf_weight=4.2253896846377783 2.1076659171376368 1.8948232271504823 62.333986777826794 84.248206552409101 29.417522853182163 122.69624685133749 12.512746977386994 5.1200205470086066 17.848677169517032 18.08140514402476 0.64504170717555354 0.1979301194078279
leaf_count=553 220 1935 12362 29132 730 10986 2752 807 17427 24003 72 91
internal_value=-2.64476e-10 -0.00753809 -0.00399594 -2.95132e-05 0.00831101 0.00927557 0.00529865 0.0248446 -0.0303349 -0.036233 0.00556029 -0.04204
internal_weight=361.33 189.475 168.656 146.582 171.854 169.747 135.209 34.5375 22.0741 20.8192 2.53986 18.2793
internal_count=101070 85575 59474 41494 15495 15275 13738 1537 17980 26101 2007 24094
is_linear=0
shrinkage=0.04


Tree=51
num_leaves=13
num_cat=0
split_feature=14 37 38 7 29 29 13 28 37 8 29 3
split_gain=13.2693 11.4224 9.30806 17.7161 8.32627 6.99099 6.81307 12.0406 4.40415 1.7924 1.92037 0.337477
threshold=0.068389292806386962 2.5000000000000004 0.82444286391654831 -0.2217537462711334 0.010691615752875807 0.010410954244434835 0.8500347137451173 0.50518965721130382 1.0000000180025095e-35 -0.51553344726562489 0.013310795184224846 -0.2492457032203674
decision_type=2 2 2 2 2 2 2 2 2 2 2 2
left_child=1 2 3 -1 -2 -4 8 -8 -6 10 -3 -11
right_child=4 9 5 -5 6 -7 7 -9 -10 11 -12 -13
leaf_value=0.0047300022102622621 -0.068930814433615248 0.099585264226043191 -0.059660550065062407 -0.0272923483529522 0.030438264698605364 0.011225286653706586 0.0086144861544921684 -0.033764636785617294 -0.0096548507574613206 0.0045245028899233734 -0.044331756972995129 -0.04131461176114111
leaf_weight=55.990976756351301 2.2209847237099885 0.30721309897490101 2.3154477183124973 54.597806624122313 30.284289292118046 57.672729282799992 122.96227352412825 11.751875613525042 5.1256645278190254 0.26102302255458454 0.28687396092573181 16.573368155572098
leaf_count=18072 220 71 639 33348 730 9219 10986 2752 807 299 310 23617
internal_value=1.42155e-09 -0.00734914 -0.00419759 -0.0110795 0.00801693 0.00848921 0.00902149 0.00491752 0.0246347 -0.0381941 0.0300903 -0.0406039
internal_weight=360.351 188.005 170.577 110.589 172.345 59.9882 170.124 134.714 35.41 17.4285 0.594087 16.8344
internal_count=101070 85575 61278 51420 15495 9858 15275 13738 1537 24297 381 23916
is_linear=0
shrinkage=0.04


Tree=52
num_leaves=13
num_cat=0
split_feature=14 30 12 11 29 13 28 13 4 4 7 4
split_gain=13.1699 10.9202 10.7622 14.8947 6.74967 6.2281 11.4949 4.51003 3.27708 4.14246 3.18552 0.236404
threshold=0.068389292806386962 5.5000000000000009 0.075377479195594801 0.0098692751489579695 0.010691615752875807 0.8500347137451173 0.50518965721130382 0.67956268787384044 -0.2280011102557182 -0.23039877414703366 -0.5099332034587859 -0.16348250955343244
decision_type=2 2 2 2 2 2 2 2 2 2 2 2
left_child=1 2 10 -4 -2 7 -7 -6 9 -3 -1 -10
right_child=4 8 3 -5 5 6 -8 -9 11 -11 -12 -13
leaf_value=0.00073828831751835777 -0.066232960805262475 -0.023857483972979987 0.025192242934167032 -0.0065787917531272382 -0.013442703139320515 0.0084693538525841047 -0.033092313878648368 0.029090830007220136 -0.028401064721652176 0.09230978591143027 -0.037969202029789123 -0.043276460504654828
leaf_weight=4.2309753651206874 1.9393227787804779 1.8259289955749411 29.630014247930376 116.19698435220926 4.5735264358518171 123.23254158435157 11.654252184875075 31.196009516133927 1.9231426079932177 0.671867925120753 17.358392915106378 15.378157001847281
leaf_count=553 220 1935 4598 36896 445 10986 2752 1092 2614 72 17427 21480
internal_value=1.41494e-09 -0.00734781 -0.00402559 -0.00012336 0.00797021 0.00881345 0.00487842 0.0236525 -0.0354397 0.00738968 -0.0303835 -0.041623
internal_weight=359.811 187.215 167.416 145.827 172.596 170.656 134.887 35.7695 19.7991 2.4978 21.5894 17.3013
internal_count=101070 85575 59474 41494 15495 15275 13738 1537 26101 2007 17980 24094
is_linear=0
shrinkage=0.04


Tree=53
num_leaves=13
num_cat=0
split_feature=34 20 38 16 20 31 17 7 12 7 18 36
split_gain=12.9945 10.3222 11.7339 8.11945 7.77004 7.38318 6.36835 2.98231 2.9489 1.32813 0.494533 0.0708431
threshold=0.14639248902949284 0.62533422459893051 0.13079116179615113 0.81101190476190488 0.33421985815602845 0.1507735002361833 -0.009451460558921097 -0.37006902694702143 0.087725013494491591 0.45183970034122473 -0.1800306364893913 0.21471631205673761
decision_type=2 2 2 2 2 2 2 2 2 2 2 2
left_child=7 2 4 5 -2 -3 -4 8 -1 11 -5 -9
right_child=1 3 6 10 -6 -7 -8 9 -10 -11 -12 -13
leaf_value=-0.049880318478289894 0.019101978596063284 -0.043740792049306698 -0.0042448680394527811 0.011221920567095787 -0.048723953225078338 0.009858295194477713 -0.023441143682360367 -0.046772635562922646 0.10029828263093997 0.040354006841258512 -0.048280874313083942 -0.040778087091842732
leaf_weight=0.37041962769580905 32.681204504871857 4.2026385708450098 61.551145185541827 0.23561886404058885 2.9460208481614236 190.57520206464687 50.205302823364036 7.4965762314823188 0.48066473036305979 0.30384682607837099 4.3381037681538137 5.445673735186574
leaf_count=287 6382 1984 16492 41 1922 32175 24569 5917 53 14 3057 8177
internal_value=1.16779e-10 0.00153057 -0.00649605 0.00746478 0.0134934 0.00870181 -0.0128686 -0.0376461 0.0349357 -0.0423096 -0.0452155 -0.0442503
internal_weight=360.832 346.735 147.384 199.352 35.6272 194.778 111.756 14.0972 0.851084 13.2461 4.57372 12.9422
internal_count=101070 86622 49365 37257 8304 34159 41061 14448 340 14108 3098 14094
is_linear=0
shrinkage=0.04


Tree=54
num_leaves=15
num_cat=0
split_feature=14 7 35 4 11 6 13 33 33 20 5 6 33 15
split_gain=12.4884 11.4321 14.0585 17.1755 10.9867 7.74116 6.29767 10.015 10.5467 4.26901 10.3173 3.39898 1.68707 0.866231
threshold=0.068389292806386962 -0.37533210217952723 -0.041059594601392739 0.48492354154586798 0.0098692751489579695 -0.15122715383768079 0.8500347137451173 0.20518418990034712 0.22505411255411259 0.11665017318159328 0.025713574141263965 -0.080041471868753419 0.013186876883839556 28.668443679809574
decision_type=2 2 2 2 2 2 2 2 2 2 2 2 2 2
left_child=1 5 4 -4 -3 13 9 12 -9 -2 -11 -7 -8 -1
right_child=6 2 3 -5 -6 11 7 8 -10 10 -12 -13 -14 -15
leaf_value=-0.04413341565936766 0.039193102111362906 0.016996758120517593 -0.035362694340880435 0.022468928118902168 -0.011351665441568537 0.037555809055173868 -0.0012555987521758074 0.041621409653896525 0.0027919678153070083 -0.037243025930179106 0.027244300993263991 0.0057317662153161435 -0.048793874019039001 -0.010248528043325152
leaf_weight=2.7550148734007989 14.752788575424345 32.882201560481917 51.976107234935625 9.7595696233038307 65.339698197363759 14.815067006828032 1.4681091088277742 12.386478467786217 116.07561031487421 5.2866928507864968 15.931960500543935 8.4226227164617722 6.4077572447276907 2.1484084479743615
leaf_count=1654 258 8708 51226 872 20995 768 181 259 10688 763 534 450 2812 902
internal_value=1.19573e-10 -0.00712652 -0.0112627 -0.0262203 -0.00186133 0.0163839 0.00777955 0.0038516 0.00653595 0.0226672 0.0111771 0.026021 -0.0399325 -0.0292869
internal_weight=360.408 188.099 159.958 61.7357 98.2219 28.1411 172.309 136.338 128.462 35.9714 21.2187 23.2377 7.87587 4.90342
internal_count=101070 85575 81801 52098 29703 3774 15495 13940 10947 1555 1297 1218 2993 2556
is_linear=0
shrinkage=0.04


Tree=55
num_leaves=15
num_cat=0
split_feature=7 7 35 12 30 37 36 35 33 34 13 29 14 3
split_gain=11.568 21.0547 17.8345 13.9319 14.531 12.352 11.7881 9.00613 7.05925 6.9402 5.97443 9.92642 6.13942 2.16491
threshold=0.17403901368379596 -0.20015925168991086 -0.06158297881484031 0.080638475716114058 4.5000000000000009 1.0000000180025095e-35 0.94305555555555565 0.017737832851707939 0.079678081313325641 0.74949392712550622 1.0852447748184206 0.02286629565060139 0.089537430554628386 0.50960060954093944
decision_type=2 2 2 2 2 2 2 2 2 2 2 2 2 2
left_child=1 3 5 8 -5 -3 -4 10 -1 13 11 -2 -12 -9
right_child=7 2 6 4 -6 -7 -8 9 -10 -11 12 -13 -14 -15
leaf_value=0.0009760402986534163 -0.0177276013333592 0.018072162499487444 -0.033263168772790126 0.018877129224456814 -0.025028386611995038 -0.021489921427626246 0.028060714154065861 -0.037405467039946259 -0.038689610129875408 -0.06457132874733415 0.03467876447173894 0.026727623637508403 0.0077279925764741535 0.025788001200311411
leaf_weight=14.877300913678484 18.132377921137959 30.657233176345471 68.515615577925928 93.227113693210413 13.853015508444512 21.470000368950423 5.4115242879197458 1.2071261699311415 13.872829497355267 4.1464330909366254 32.715459492290393 14.43369639595039 23.054156127036549 3.0819725883193314
leaf_count=4648 1687 2227 50092 12453 5679 7426 728 391 13538 619 365 491 506 220
internal_value=-6.81462e-10 -0.00436686 -0.0161402 0.00655913 0.013197 0.00177746 -0.0287742 0.0118177 -0.0181639 -0.0276706 0.0155886 0.00197552 0.0235378 0.0080028
internal_weight=358.656 261.885 126.054 135.83 107.08 52.1272 73.9271 96.7712 28.7501 8.43553 88.3357 32.5661 55.7696 4.2891
internal_count=101070 96791 60473 36318 18132 9653 50820 4279 18186 1230 3049 2178 871 611
is_linear=0
shrinkage=0.04


Tree=56
num_leaves=15
num_cat=0
split_feature=14 37 11 38 12 31 15 30 16 14 10 8 29 26
split_gain=11.4517 10.2431 7.83299 14.1243 12.684 5.76125 13.3691 10.8419 10.582 8.53109 5.66943 1.99 1.8192 0.39529
threshold=0.068389292806386962 2.5000000000000004 0.0098692751489579695 0.82444286391654831 0.01079697208479047 0.39587585034013612 54.423713684082038 3.5000000000000004 0.029857397504456332 0.13487660139799121 0.092583984136581435 -0.51553344726562489 0.013268734794110061 -0.18973800539970395
decision_type=2 2 2 2 2 2 2 2 2 2 2 2 2 2
left_child=1 2 4 -4 -1 9 8 -8 -7 10 -2 12 -3 -13
right_child=5 11 3 -5 -6 6 7 -9 -10 -11 -12 13 -14 -15
leaf_value=-0.03566374956915274 -0.0017974427011958358 0.094729947022962668 -0.02045506783752617 0.0064217083051858297 0.021598270635991543 0.036863599453041768 -0.029540289440718688 0.013326038593385579 -0.041264577675266388 -0.051431135066313055 0.028890305297658868 -0.027472846806648309 -0.044168451821086634 -0.043152628766384496
leaf_weight=7.5719123466406009 12.65157943437225 0.34276772313751536 72.575387171818875 54.988128676806809 33.896114926086739 3.3497487560962353 10.627190426166633 84.536814934224822 16.131755209687981 2.6916171343182205 40.361581888922956 3.2421829659651857 0.26948657406319398 12.454472486635492
leaf_count=6858 2082 67 38571 9188 6661 211 1656 3463 5459 612 2012 4196 314 19720
internal_value=-1.15308e-09 -0.0068809 -0.00395998 -0.00886944 0.0111424 0.00748639 0.00235879 0.00853905 -0.0278308 0.0180395 0.0215667 -0.0371544 0.0335932 -0.0399139
internal_weight=355.691 185.34 169.032 127.564 41.468 170.35 114.646 95.164 19.4815 55.7048 53.0132 16.3089 0.612254 15.6967
internal_count=101070 85575 61278 47759 13519 15495 10789 5119 5670 4706 4094 24297 381 23916
is_linear=0
shrinkage=0.04


Tree=57
num_leaves=15
num_cat=0
split_feature=14 7 35 4 21 6 13 28 13 7 20 5 6 15
split_gain=11.0139 9.89431 12.6362 15.4475 10.4407 7.0471 5.98344 9.36191 8.73318 4.90226 4.20432 9.02814 3.29998 0.811701
threshold=0.068389292806386962 -0.37533210217952723 -0.041059594601392739 0.48492354154586798 0.32645975056689347 -0.15122715383768079 0.8500347137451173 0.50518965721130382 1.0741675496101382 0.53869372606277477 0.11665017318159328 0.025713574141263965 -0.080041471868753419 28.668443679809574
decision_type=2 2 2 2 2 2 2 2 2 2 2 2 2 2
left_child=1 5 4 -4 -3 13 10 8 -8 -9 -2 -12 -7 -1
right_child=6 2 3 -5 -6 12 7 9 -10 -11 11 -13 -14 -15
leaf_value=-0.043797821252271996 0.038113636513632324 -0.033014306267661435 -0.034325165885348889 0.020486087412030868 0.0036990194380371205 0.035796770161222215 -0.020228864644906485 -0.047234502701189118 0.010935933203053347 0.011892235391501473 -0.03562295418058134 0.0253137579660863 0.0043022742799827601 -0.010533378224403698
leaf_weight=2.6538316571532077 14.897293991642071 14.575563597667495 49.482183052896289 9.8675673720135801 82.797065453822142 14.68979092439986 16.653644485922996 8.297704831173176 105.69371537551342 3.0750878183171144 5.1592727695242528 15.813428364519494 8.3481482161150762 2.1043970378232189
leaf_count=1654 258 7152 51226 872 22551 768 1801 2599 9387 153 763 534 450 902
internal_value=-6.06148e-10 -0.00676304 -0.0106639 -0.0252122 -0.00179654 0.015231 0.00735836 0.00346699 0.00669385 -0.0312472 0.021865 0.0103234 0.0243843 -0.0290861
internal_weight=354.109 184.519 156.722 59.3498 97.3726 27.7962 169.59 133.72 122.347 11.3728 35.87 20.9727 23.0379 4.75823
internal_count=101070 85575 81801 52098 29703 3774 15495 13940 11188 2752 1555 1297 1218 2556
is_linear=0
shrinkage=0.04


Tree=58
num_leaves=15
num_cat=0
split_feature=7 7 30 12 32 20 7 35 34 13 29 30 7 37
split_gain=10.1108 18.721 15.5463 14.0762 8.83533 8.29845 9.09096 7.21572 6.30905 5.17423 6.05857 4.84862 3.28373 3.23938
threshold=0.17403901368379596 -0.11797175183892249 4.5000000000000009 0.075377479195594801 0.20842198581560287 0.84752415458937203 -0.059909407049417489 0.011412006337195637 0.83877632631298338 0.712242752313614 0.03200806491076947 2.5000000000000004 0.11024592816829683 1.5000000000000002
decision_type=2 2 2 2 2 2 2 2 2 2 2 2 2 2
left_child=1 2 3 -1 -4 12 -7 9 13 10 -2 -11 -3 -9
right_child=7 5 4 -5 -6 6 -8 8 -10 11 -12 -13 -14 -15
leaf_value=-0.022839236708936974 -0.046972397497133944 -0.038284289704505196 0.0026998202626269219 0.012929093747887539 -0.03842059923453716 -0.048130854533994009 0.0047792773437842417 0.014200936625605102 -0.066729310902898242 -0.016582116435816203 0.049376119218372441 0.020294495166715328 -0.0043625163675130108 -0.058219232965255295
leaf_weight=20.349852871775511 4.1252874351921482 34.339482359602698 14.13244092154491 130.45996649458539 20.469928462218377 6.5653696129884365 24.90720558866451 5.4745296593755466 3.2630621615389828 6.1824332748947191 1.3981553452322257 73.83361266241991 5.2661554757214608 1.2059318821411578
leaf_count=14972 841 23836 7392 24145 15744 4602 5034 478 506 491 34 1533 1066 396
internal_value=-1.65658e-09 -0.00413642 0.00255454 0.00810262 -0.021626 -0.0215902 -0.0062581 0.0111114 -0.0211401 0.0148605 -0.0225836 0.0174452 -0.0337739 0.00112792
internal_weight=351.973 256.49 185.412 150.81 34.6024 71.0782 31.4726 95.483 9.94352 85.5395 5.52344 80.016 39.6056 6.68046
internal_count=101070 96791 62253 39117 23136 34538 9636 4279 1380 2899 875 2024 24902 874
is_linear=0
shrinkage=0.04


Tree=59
num_leaves=13
num_cat=0
split_feature=34 20 38 20 37 34 20 17 7 33 7 27
split_gain=9.63168 8.215 10.7131 7.48438 8.97536 8.84805 5.98123 5.65856 4.87025 1.69558 1.35116 0.0750403
threshold=0.14639248902949284 0.62533422459893051 0.13079116179615113 0.97590011614401873 1.5000000000000002 0.96253342245989315 0.33421985815602845 -0.009451460558921097 -0.37006902694702143 0.16315024184693913 0.45183970034122473 0.26500032842159277
decision_type=2 2 2 2 2 2 2 2 2 2 2 2
left_child=8 2 6 4 -3 -5 -2 -4 9 -1 11 -10
right_child=1 3 7 5 -6 -7 -8 -9 10 -11 -12 -13
leaf_value=-0.012302675121891942 0.018127130606204002 0.015299524292465028 -0.0039935119266973308 0.00045123448808407935 -0.0085755752052459108 -0.047575985543057253 -0.044932822869974597 -0.022476533433254949 -0.045793899127264739 0.081668791445818983 0.039450156886918414 -0.039088397037197353
leaf_weight=0.53592107037547865 31.919447879161453 125.40310183125257 59.349833911983296 30.256967398294364 31.526715329862782 7.6992948730330673 2.6028411115548797 47.88435959481285 7.5993084473448071 0.71990423978422768 0.32334688329137939 4.1168219593528192
leaf_count=275 6382 13321 16492 7971 14950 1015 1922 24569 6685 65 14 7409
internal_value=1.28337e-09 0.0013188 -0.00600772 0.00664798 0.0105031 -0.00929092 0.0133727 -0.0122469 -0.0333927 0.0415666 -0.0412116 -0.0434377
internal_weight=349.938 336.643 141.756 194.886 156.93 37.9563 34.5223 107.234 13.2953 1.25583 12.0395 11.7161
internal_count=101070 86622 49365 37257 28271 8986 8304 41061 14448 340 14108 14094
is_linear=0
shrinkage=0.04


Tree=60
num_leaves=13
num_cat=0
split_feature=7 7 30 12 32 22 22 3 12 12 13 33
split_gain=9.98284 17.0014 13.4226 12.4616 8.41882 7.51716 9.70691 9.02641 5.82649 10.6778 10.4072 4.31695
threshold=0.17403901368379596 -0.11797175183892249 4.5000000000000009 0.075377479195594801 0.20842198581560287 0.18905653804540637 0.23924887180328372 -0.19554331153631208 0.46033075451850897 0.60376179218292247 0.82118266820907604 0.94860790139760109
decision_type=2 2 2 2 2 2 2 2 2 2 2 2
left_child=1 2 3 -1 -4 7 -7 -3 -2 11 -11 -10
right_child=8 5 4 -5 -6 6 -8 -9 9 10 -12 -13
leaf_value=-0.022037964769592251 0.042700014257498788 0.014591544705758146 0.0026315278922076613 0.011840307117082241 -0.03740922486678161 0.025899279835081827 -0.035912851676423017 -0.034835987421053642 0.0044207926463102664 -0.034872586246370942 0.016013786248468668 -0.071444296227558837
leaf_weight=20.028816142796131 8.4838513019494695 6.7875062979728673 14.636294687705229 130.96527106135909 19.723731254329323 10.530397179187277 6.6206179153523399 45.803285264853912 1.7924590957700264 7.0417599586507995 74.090869738007314 3.6313407502020709
leaf_count=14972 176 1218 7392 24145 15744 635 1135 31550 233 1245 2223 402
internal_value=5.60663e-11 -0.00412259 0.00221166 0.00734648 -0.0203531 -0.0209573 0.00203862 -0.0284567 0.0110654 0.00796471 0.0115972 -0.0463724
internal_weight=350.136 255.096 185.354 150.994 34.36 69.7418 17.151 52.5908 95.0403 86.5564 81.1326 5.4238
internal_count=101070 96791 62253 39117 23136 34538 1770 32768 4279 4103 3468 635
is_linear=0
shrinkage=0.04


Tree=61
num_leaves=14
num_cat=0
split_feature=7 7 30 13 22 20 7 13 5 4 13 7 13
split_gain=9.36824 15.7559 12.2275 11.4179 8.12999 7.5476 7.90863 5.64402 13.4282 5.41234 4.54907 3.18787 1.68059
threshold=0.17403901368379596 -0.11797175183892249 4.5000000000000009 1.6019780635833742 0.096360553056001677 0.84752415458937203 -0.059909407049417489 1.4528929591178896 0.13786708563566211 0.48492354154586798 0.959913730621338 0.11024592816829683 1.5210222601890566
decision_type=2 2 2 2 2 2 2 2 2 2 2 2 2
left_child=1 2 3 -1 -4 11 -7 8 9 -2 -10 -3 -9
right_child=7 5 4 -5 -6 6 -8 12 10 -11 -12 -13 -14
leaf_value=0.0091054322414833386 -0.008104040982861915 -0.037146355381120905 -0.031030858934656982 -0.046629322610685045 0.014356917067081603 -0.046548905568107916 0.0043969910092987625 0.040373918520152846 -0.010014636904073657 0.018349869409324066 -0.071953359970292827 -0.0035504648447790181 0.018752847706142332
leaf_weight=146.23052224322601 16.953699888210394 32.323335921493708 25.374116685321496 6.1274434135411857 8.4063369092182239 6.0813501859156558 24.583426785990014 9.7569364525843429 3.3825859025819218 45.813386278779944 4.3205069862306118 5.2535520131641524 14.013864434265995
leaf_count=36180 1758 23836 21840 2937 1296 4602 5034 82 288 1412 445 1066 294
internal_value=-8.77258e-10 -0.00399108 0.00203656 0.00686392 -0.019736 -0.0204323 -0.00570645 0.0107729 0.00508762 0.0112045 -0.0447548 -0.0324494 0.0276274
internal_weight=348.621 254.38 186.138 152.358 33.7805 68.2417 30.6648 94.241 70.4702 62.7671 7.70309 37.5769 23.7708
internal_count=101070 96791 62253 39117 23136 34538 9636 4279 3903 3170 733 24902 376
is_linear=0
shrinkage=0.04


Tree=62
num_leaves=13
num_cat=0
split_feature=7 7 35 31 36 26 4 2 12 4 12 9
split_gain=9.30078 14.3352 15.8614 11.6227 10.053 9.94037 19.6431 8.61037 5.58963 9.91813 9.33721 5.12545
threshold=0.17403901368379596 -0.20015925168991086 -0.06158297881484031 0.72921215429403208 0.94305555555555565 -0.11366257071495055 -0.29799678921699518 -0.12816803157329557 0.46033075451850897 1.2381322383880617 0.60376179218292247 25.500000000000004
decision_type=2 2 2 2 2 2 2 2 2 2 2 2
left_child=1 5 3 -3 -4 6 -1 -7 -2 10 -10 -11
right_child=8 2 4 -5 -6 7 -8 -9 9 11 -12 -13
leaf_value=0.011323399284838694 0.041436370973290441 -0.023190961706949183 -0.031165121964779417 0.016684700385199536 0.026554241129655921 -0.030972512338915181 -0.036390315639543321 0.018433245874838723 -0.042265371266867018 -0.0044421423352191082 0.014803162912272776 -0.080298352795877881
leaf_weight=34.940103748813272 8.6262082501780224 18.00315944472095 62.819011806073831 33.379306236398406 5.2299991897743885 6.137241268035722 22.822719232986856 70.225744360839599 4.8871908024302675 2.782003143685869 74.718884758462082 2.9221549818757921
leaf_count=7478 176 5693 50092 3960 728 2153 14860 11827 612 118 3112 261
internal_value=1.23059e-09 -0.00398314 -0.0140622 0.00271324 -0.026729 0.00499171 -0.00752881 0.0144625 0.0107515 0.00764873 0.0112996 -0.0433021
internal_weight=347.494 253.557 119.431 51.3825 68.049 134.126 57.7628 76.363 93.9364 85.3102 79.6061 5.70416
internal_count=101070 96791 60473 9653 50820 36318 22338 13980 4279 4103 3724 379
is_linear=0
shrinkage=0.04


Tree=63
num_leaves=12
num_cat=0
split_feature=34 30 20 38 16 7 7 28 7 2 27
split_gain=8.67612 7.16415 6.28215 9.5571 6.42122 4.53684 1.42229 0.538481 0.445066 0.38665 0.0739119
threshold=0.14639248902949284 1.5000000000000002 0.62533422459893051 0.13079116179615113 0.81101190476190488 -0.37006902694702143 0.45183970034122473 0.29780308902263647 0.12349515408277513 0.31208086013793951 0.26500032842159277
decision_type=2 2 2 2 2 2 2 2 2 2 2
left_child=5 8 3 -3 -4 7 10 -1 9 -2 -7
right_child=1 2 4 -5 -6 6 -8 -9 -10 -11 -12
leaf_value=0.015053526898772152 -0.041785777331448885 0.01368911030913381 0.0077731077225768139 -0.010646533337997779 -0.044338517881304121 -0.04541550674555684 0.039394872117883589 0.067203291820221708 -0.072122114092666029 0.019266678031076245 -0.038533169665441097
leaf_weight=0.68919827495119423 4.503306746009911 34.497854167013429 185.83161518634006 102.64866865507793 3.8619008497480527 7.2130630493484169 0.3454200916457929 0.58630423294380307 0.78289908228907723 0.17232172359945241 3.8183249858193449
leaf_count=190 4716 7958 32403 38313 3001 6685 14 150 163 68 7409
internal_value=-1.85484e-09 0.00123784 0.00199685 -0.00452514 0.00671219 -0.0325105 -0.0405306 0.039025 -0.0442094 -0.0395357 -0.0430333
internal_weight=344.951 332.299 326.84 137.147 189.694 12.6523 11.3768 1.2755 5.45853 4.67563 11.0314
internal_count=101070 86622 81675 46271 35404 14448 14108 340 4947 4784 14094
is_linear=0
shrinkage=0.04


Tree=64
num_leaves=15
num_cat=0
split_feature=14 37 12 11 35 28 31 7 14 8 29 26 33 8
split_gain=8.12294 9.45295 7.38561 11.8843 4.90123 4.26767 4.08722 10.6634 7.71088 1.91268 1.79929 0.505691 0.0301271 0.00330594
threshold=0.071894526481628432 2.5000000000000004 0.075377479195594801 0.0098692751489579695 0.20898344367742541 0.25457781553268438 0.39587585034013612 -0.25042262673377985 0.13487660139799121 -0.51553344726562489 0.013268734794110061 -0.19329956173896787 0.9358043467595546 -0.46802012622356409
decision_type=2 2 2 2 2 2 2 2 2 2 2 2 2 2
left_child=1 2 5 -4 6 -1 8 -8 -2 10 -3 -11 13 -6
right_child=4 9 3 -5 12 -7 7 -9 -10 11 -12 -13 -14 -15
leaf_value=-0.035683048923898779 0.021053784998693918 0.089517024479697324 0.023006767972709449 -0.0051911959602250991 -0.049883302619034772 0.0031104108155622211 -0.044488468536528825 0.006749670997146278 -0.050627280652816138 -0.023742985096649485 -0.043959773473979093 -0.042566921898389419 -0.059022799456805872 -0.046261262930454079
leaf_weight=15.742453826693238 46.158119717380032 0.36829305090941389 29.584593264371506 124.77260303550429 0.5553967760642996 6.3745074185571857 6.9782693034794638 94.571517951437272 2.53288437280571 2.8417046153626861 0.28790757166279946 11.622552442684535 0.42017599591054011 1.4712026556371702
leaf_count=14780 3378 67 4281 39675 185 3798 2653 6394 586 4068 329 20169 73 634
internal_value=7.46015e-10 -0.00548491 -0.00288419 0.000213316 0.00688255 -0.0245021 0.00779711 0.0032287 0.017325 -0.0358385 0.0309542 -0.0388687 -0.0492749 -0.0472539
internal_weight=344.282 191.595 176.474 154.357 152.688 22.117 150.241 101.55 48.691 15.1205 0.656201 14.4643 2.44678 2.0266
internal_count=101070 87167 62534 43956 13903 18578 13011 9047 3964 24633 396 24237 892 819
is_linear=0
shrinkage=0.04


Tree=65
num_leaves=12
num_cat=0
split_feature=14 37 7 32 4 29 16 11 7 0 26
split_gain=7.94613 6.28092 14.8674 16.5595 8.38082 7.53017 7.57235 4.41316 4.32797 0.939535 0.0469029
threshold=0.010996513534337284 1.0000000180025095e-35 -0.41027496755123133 0.85644261043793546 -0.38894250988960261 0.010691615752875807 0.57294832826747732 1.0000000180025095e-35 -0.37006902694702143 -0.030385987833142277 -0.0099274814128875715
decision_type=2 2 2 2 2 2 2 2 2 2 2
left_child=8 5 4 -4 -3 7 -7 -2 -1 -10 -11
right_child=1 2 3 -5 -6 6 -8 -9 9 10 -12
leaf_value=0.048923865191676054 0.022189820100788429 -0.04952655696988395 -0.024911183063857152 0.0030442493479444295 0.030598470969150471 0.010665196722298707 -0.020835621394450523 -0.056515834431716219 0.072832615143639909 -0.04342919187012672 -0.025415183937883591
leaf_weight=0.92349192328401741 1.5140753433224734 2.2940559997368863 62.637314425337536 73.90358681534417 23.329488351067994 150.28274226764916 13.28945724571531 4.6121633261209354 0.11336996167665248 9.4657977269598597 0.23705047622206699
leaf_count=146 357 1199 52743 9566 1068 17502 3454 1246 61 13209 519
internal_value=6.58751e-10 0.00109587 -0.00453341 -0.00978014 0.0234249 0.00647524 0.00810591 -0.037064 -0.033863 -0.0416514 -0.0429891
internal_weight=342.603 331.863 162.164 136.541 25.6235 169.698 163.572 6.12624 10.7397 9.81622 9.70285
internal_count=101070 87135 64576 62309 2267 22559 20956 1603 13935 13789 13728
is_linear=0
shrinkage=0.04


Tree=66
num_leaves=15
num_cat=0
split_feature=37 29 18 33 36 29 17 4 8 38 12 18 7 15
split_gain=7.85363 15.0078 11.2781 9.9717 11.8158 9.83163 8.76949 7.5528 6.42477 13.7672 6.99661 5.51243 0.443968 0.349039
threshold=1.5000000000000002 0.010492360685020687 -0.078025344759225831 0.99095004095004102 0.94305555555555565 0.010492360685020687 -0.025349481962621209 0.19652283191680911 -0.46802012622356409 0.76975051975051989 0.080638475716114058 -0.071475628763437257 -0.24481441825628278 1.793650805950165
decision_type=2 2 2 2 2 2 2 2 2 2 2 2 2 2
left_child=5 2 12 4 -3 7 -4 13 10 -10 -7 -5 -2 -1
right_child=1 3 6 11 -6 8 -8 -9 9 -11 -12 -13 -14 -15
leaf_value=-0.014800010969590039 0.047081328494340491 -0.03656951423004963 0.041068084762347266 0.03876684744148496 0.028435582042026515 -0.012753610883738281 -0.048580719079382745 0.032254606274088687 -0.014662025780987882 0.009015902453390897 0.019054243181266948 -0.022109534017734873 0.032339898836209191 -0.051942412013791364
leaf_weight=0.42524063005112012 7.1435361540061422 41.795621316603501 2.5695670243585482 5.97512451763032 5.0102159323869264 13.144351060444022 5.4460793414036726 2.2268537967465809 61.552547826271621 108.62907452786749 69.933300763252191 3.9554015794856223 6.0265247298521007 8.426826734619679
leaf_count=209 63 46880 72 101 574 5528 2771 67 25965 9937 4977 559 402 2965
internal_value=-2.69251e-10 -0.0111601 0.0175674 -0.0218871 -0.0296112 0.00328978 -0.0198421 -0.0335933 0.00490325 0.000451894 0.0140217 0.0145193 0.0403358 -0.0501581
internal_weight=342.26 77.9221 21.1857 56.7364 46.8058 264.338 8.01565 11.0789 253.259 170.182 83.0777 9.93053 13.1701 8.85207
internal_count=101070 51422 3308 48114 47454 49648 2843 3241 46407 35902 10505 660 465 3174
is_linear=0
shrinkage=0.04


Tree=67
num_leaves=13
num_cat=0
split_feature=7 8 34 1 12 11 29 12 13 34 14 22
split_gain=7.3694 13.2264 8.58064 16.5234 13.5124 6.91864 11.381 5.66822 9.27213 7.94653 7.90905 0.531965
threshold=0.17403901368379596 -0.22576303780078885 0.72921215429403208 0.043975077569484718 0.075377479195594801 0.14483246952295306 0.011628537904471161 0.42575007677078253 0.82118266820907604 0.25536520217371289 0.089537430554628386 -0.032679619267582886
decision_type=2 2 2 2 2 2 2 2 2 2 2 2
left_child=1 2 4 -4 -1 11 -7 -2 9 -9 -10 -3
right_child=7 5 3 -5 -6 6 -8 8 10 -11 -12 -13
leaf_value=-0.024594840374778024 0.045201917241536292 -0.021517678621958757 -0.027419160769679429 0.010194387900231749 0.011925909954595623 0.032995009763427327 -0.029007435191825168 0.042591154155722587 0.020520822003263516 -0.051839595955051387 -0.0063508396496551331 -0.044693194481756619
leaf_weight=18.94320943090861 6.6448392934980793 1.7497017153800722 41.008852786704665 34.329877123513143 112.33161131576344 6.9458678015507784 14.893527976732001 1.7975437151035274 50.807716457042261 6.8952997767046327 26.752503096708097 16.803148199214775
leaf_count=17861 112 2821 15210 5050 28812 344 5455 132 1472 1459 1104 21238
internal_value=-3.06004e-10 -0.003612 0.000480584 -0.0102797 0.0066559 -0.0245463 -0.00928799 0.00960393 0.0068615 -0.0323128 0.0112521 -0.0425075
internal_weight=339.904 247.006 206.614 75.3387 131.275 40.3922 21.8394 92.8979 86.2531 8.69284 77.5602 18.5528
internal_count=101070 96791 66933 20260 46673 29858 5799 4279 4167 1591 2576 24059
is_linear=0
shrinkage=0.04


Tree=68
num_leaves=15
num_cat=0
split_feature=37 7 4 34 36 4 34 13 32 20 0 1 28 31
split_gain=7.29143 15.4113 17.1104 13.2296 9.50497 7.21495 6.99682 19.3452 8.87022 8.30288 6.52129 6.31814 5.94335 2.72431
threshold=1.0000000180025095e-35 -0.41027496755123133 0.015886464156210426 0.94152390163028477 0.94305555555555565 -0.38894250988960261 0.9358043467595546 0.82118266820907604 0.95502849788564081 0.97681139938163741 -0.099489461630582796 -0.025765698403120037 0.20701443403959277 0.5442757925394871
decision_type=2 2 2 2 2 2 2 2 2 2 2 2 2 2
left_child=6 5 4 -4 -3 -2 7 8 -1 11 -11 -8 -9 -7
right_child=1 2 3 -5 -6 13 9 12 -10 10 -12 -13 -14 -15
leaf_value=0.014990583916475085 -0.048201167768552995 -0.032790702775926522 0.0068918469767585864 -0.04008168781493774 0.024285712565395336 0.036668878471052525 0.00062709397709658323 -0.010162459984767343 -0.058931667339597239 0.040788049593189386 -0.052023158495905192 0.030965360944961762 -0.041513343198650063 0.001630402524331785
leaf_weight=70.694878501744824 2.0727706517645883 52.953797698573908 71.421651827185997 11.081559700571232 5.1196206285821964 18.081059621094031 15.566902287770061 25.681595289774123 2.6962455355678676 1.6573484733235089 4.5007721444271729 37.300129648006987 15.522987455711698 4.4180166549631386
leaf_count=11227 1203 57673 14222 1412 661 772 1152 5878 456 19 610 1052 4420 313
internal_value=-8.23034e-10 -0.00601697 -0.0111256 0.000582516 -0.027759 0.0232097 0.00572335 -3.95829e-05 0.0122748 0.0169119 -0.0270447 0.0220321 -0.0219733 0.0297886
internal_weight=338.769 165.148 140.577 82.5032 58.0734 24.5718 173.621 114.596 73.3911 59.0252 6.15812 52.867 41.2046 22.4991
internal_count=101070 76256 73968 15634 58334 2288 24814 21981 11683 2833 629 2204 10298 1085
is_linear=0
shrinkage=0.04


Tree=69
num_leaves=13
num_cat=0
split_feature=7 8 13 1 30 11 29 12 4 6 18 22
split_gain=8.25666 11.1419 7.3637 13.275 8.36154 7.20071 11.4053 5.25439 8.08489 8.42313 4.37914 0.571237
threshold=0.17403901368379596 -0.22576303780078885 0.87114599347114574 -1.0000000180025095e-35 4.5000000000000009 0.14483246952295306 0.011628537904471161 0.42575007677078253 1.2381322383880617 0.092001423239707961 -0.07630551233887671 -0.032679619267582886
decision_type=2 2 2 2 2 2 2 2 2 2 2 2
left_child=1 2 4 -4 -1 11 -7 -2 9 -9 -10 -3
right_child=7 5 3 -5 -6 6 -8 8 10 -11 -12 -13
leaf_value=0.010727152017872419 0.043629132839031519 -0.020208589087681285 -0.027668805041825069 0.0041469303179991045 -0.019142362803047305 0.033008654625668418 -0.028294134889114697 -0.047183916518993972 0.0036025976248347047 0.013554585374190211 -0.06998008439400015 -0.044409318029579349
leaf_weight=102.00463308043982 6.951901694003026 1.727608897032044 35.723145432530146 50.853814027854241 17.579364840676135 7.2896036769961965 14.544227343067176 3.8366829216829492 2.1801265701651573 76.360513651045039 3.1840291001426513 16.13886503977119
leaf_count=23205 112 2821 19138 13224 11366 344 5455 1037 53 2750 327 21238
internal_value=1.6697e-09 -0.00383284 -9.61428e-05 -0.00898079 0.0063362 -0.0232372 -0.00782713 0.0101861 0.0074688 0.0106488 -0.0400742 -0.0420692
internal_weight=338.375 245.861 206.161 86.577 119.584 39.7003 21.8338 92.5133 85.5614 80.1972 5.36416 17.8665
internal_count=101070 96791 66933 32362 34571 29858 5799 4279 4167 3787 380 24059
is_linear=0
shrinkage=0.04


Tree=70
num_leaves=13
num_cat=0
split_feature=7 8 34 1 12 11 29 12 13 12 34 22
split_gain=7.68481 10.471 7.1138 15.008 12.2147 6.79981 11.043 5.32437 7.32721 7.79195 7.25782 0.574448
threshold=0.17403901368379596 -0.22576303780078885 0.72921215429403208 0.043975077569484718 0.075377479195594801 0.14483246952295306 0.011628537904471161 0.46033075451850897 0.82118266820907604 0.61976224184036266 0.25536520217371289 -0.032679619267582886
decision_type=2 2 2 2 2 2 2 2 2 2 2 2
left_child=1 2 4 -4 -1 11 -7 -2 10 -10 -9 -3
right_child=7 5 3 -5 -6 6 -8 8 9 -11 -12 -13
leaf_value=-0.02435818951748054 0.03930494556779239 -0.019600065595040971 -0.026759215319883733 0.0092633492054710175 0.010447911940479939 0.032128163586457606 -0.028540608742646328 0.040842216768420245 -0.040950627842372918 0.013866031202955998 -0.049099688679813271 -0.044104297481432825
leaf_weight=18.830035903178214 8.8692774054652528 1.6996077516014363 39.819186395790894 34.571604730052059 112.59181981227448 7.2907204573275548 14.053866250702411 1.8482512266200481 4.4079850692360187 70.610972938418854 6.4279078143881634 15.401908433668721
leaf_count=17861 176 2821 15210 5050 28812 344 5455 130 369 2172 1432 21238
internal_value=1.05549e-09 -0.00371356 -0.00013409 -0.0100185 0.00546092 -0.0228754 -0.00781783 0.00984186 0.00670463 0.0106451 -0.0290137 -0.041669
internal_weight=336.423 244.259 205.813 74.3908 131.422 38.4461 21.3446 92.1644 83.2951 75.019 8.27616 17.1015
internal_count=101070 96791 66933 20260 46673 29858 5799 4279 4103 2541 1562 24059
is_linear=0
shrinkage=0.04


Tree=71
num_leaves=15
num_cat=0
split_feature=7 30 13 19 37 34 38 10 13 19 20 14 28 20
split_gain=7.19069 10.1333 10.5146 10.4646 9.50829 8.38962 6.94069 5.24548 10.7051 8.61883 4.10395 4.86585 1.02839 0.838366
threshold=0.17403901368379596 4.5000000000000009 1.4626278281211855 0.031582446808510641 2.5000000000000004 0.98687083429096767 0.42146381578947373 0.26675018668174749 1.4528929591178896 0.97182539682539693 0.92423330122029557 0.070978492498397841 0.50376474857330333 0.95362279876327471
decision_type=2 2 2 2 2 2 2 2 2 2 2 2 2 2
left_child=1 2 4 -4 -1 6 -3 10 9 -9 11 -2 -7 -12
right_child=7 5 3 -5 -6 12 -8 8 -10 -11 13 -13 -14 -15
leaf_value=0.0052961783083099222 -0.015834649078300411 -0.0070357107116257901 0.035795748389757999 -0.049282469953326101 -0.040236884151474514 0.011523171651120392 -0.038288391240484082 -0.04585740858174378 0.022246684115303915 0.0075869350029485107 0.041191628531022477 0.017742238456376524 0.04624927797119862 0.024677755395550283
leaf_weight=169.59655588366149 9.3204384627751988 19.984751696894818 2.8943319076934122 11.519916312761778 7.6696902537078122 2.9739883890870251 26.374700600281358 10.921671864867678 15.52366871840786 8.6531194687704538 8.433112286031248 26.652271426748484 2.5211956506536808 11.803155727859119
leaf_count=38735 1591 16111 176 6072 11847 507 23293 1068 290 296 121 655 50 258
internal_value=2.45204e-09 -0.00358919 0.000654652 -0.0321991 0.00332612 -0.0192766 -0.0248159 0.0095731 -0.00255962 -0.0222321 0.0171491 0.00904255 0.0274555 0.0315596
internal_weight=334.843 243.535 191.68 14.4142 177.266 51.8546 46.3595 91.3074 35.0985 19.5748 56.209 35.9727 5.49518 20.2363
internal_count=101070 96791 56830 6248 50582 39961 39404 4279 1654 1364 2625 2246 557 379
is_linear=0
shrinkage=0.04


Tree=72
num_leaves=12
num_cat=0
split_feature=34 30 4 30 14 7 33 7 7 2 27
split_gain=6.80245 6.01967 5.19445 8.18871 6.65445 4.27408 1.65485 1.37579 0.407276 0.449356 0.0763845
threshold=0.14639248902949284 1.5000000000000002 0.52903982996940624 4.5000000000000009 0.089537430554628386 -0.37006902694702143 0.16315024184693913 0.45183970034122473 0.17403901368379596 0.31208086013793951 0.26500032842159277
decision_type=2 2 2 2 2 2 2 2 2 2 2
left_child=5 8 3 -3 -4 6 -1 10 9 -2 -7
right_child=1 2 4 -5 -6 7 -8 -9 -10 -11 -12
leaf_value=-0.01534270311756052 -0.041106344135851784 0.0029851486315578247 0.020870279461792391 -0.014490524569761298 -0.0080715382222284957 -0.044905100079019607 0.072952385013389437 0.036454648947292001 -0.073422671420147745 0.022942242959359621 -0.03742815298550007
leaf_weight=0.59078465851780382 4.161461161565966 201.4645123673763 42.756564312410774 54.508371553340112 18.08854490192607 6.3287064692340174 0.79889591541723348 0.36821868340484876 0.60563202120829362 0.18296924320748065 3.3398040694264637
leaf_count=275 4764 44964 1555 34406 750 6685 65 14 106 77 7409
internal_value=1.04005e-09 0.00107703 0.0017609 -0.000736224 0.0122662 -0.0303292 0.0354161 -0.0394322 -0.0426928 -0.0384089 -0.0423223
internal_weight=333.194 321.768 316.818 255.973 60.8451 11.4264 1.38968 10.0367 4.95006 4.34443 9.66851
internal_count=101070 86622 81675 79370 2305 14448 340 14108 4947 4841 14094
is_linear=0
shrinkage=0.04


Tree=73
num_leaves=15
num_cat=0
split_feature=12 8 32 22 37 34 34 33 15 15 2 22 27 4
split_gain=6.57852 7.36445 12.8524 13.163 10.5815 8.16848 12.6631 6.79866 3.93286 3.93639 3.72324 0.55538 1.30773 0.348381
threshold=0.075377479195594801 -0.46802012622356409 0.72233560090702953 0.096360553056001677 2.5000000000000004 0.80525226985403997 0.96887112403100784 0.079678081313325641 25.207272529602054 26.586536407470707 0.043334359303116805 -0.091683406382799135 0.37517923116683966 -0.10129859670996665
decision_type=2 2 2 2 2 2 2 2 2 2 2 2 2 2
left_child=7 5 3 -3 -4 10 -7 8 13 -10 -2 12 -9 -1
right_child=1 2 4 -5 -6 6 -8 11 9 -11 -12 -13 -14 -15
leaf_value=-0.043763136518622896 0.024828039619791055 -0.030037102345558463 0.0058142525431086698 0.010651891978951587 -0.046870007217877277 -0.042938774466111135 0.021944401606628777 -0.030528464634402817 0.047789310076025812 -0.0035804227859747369 -0.0065696581391509658 -0.039084041676376906 0.057100508464722671 0.007438694364769822
leaf_weight=2.573992242731038 46.965505159183522 41.843308534687822 163.65769684265251 18.277697371137037 6.3358222136375835 9.3543113238411042 9.9129467586462834 1.7400761095341288 3.5936189693602483 7.106715443514986 6.9352319105237248 13.547550451097775 0.32307627792033589 0.23176411155145871
leaf_count=1877 3049 39463 18329 3096 7657 2103 601 1335 214 2380 1048 19159 704 55
internal_value=9.62791e-10 0.00174358 -0.00177117 -0.017667 0.00385066 0.0127975 -0.00955657 -0.0181613 0.00261879 0.0136717 0.0207882 -0.0361398 -0.0168063 -0.0395337
internal_weight=332.399 303.283 230.115 60.121 169.994 73.168 19.2673 29.1168 13.5061 10.7003 53.9007 15.6107 2.06315 2.80576
internal_count=101070 75346 68545 42559 25986 6801 2704 25724 4526 2594 4097 21198 2039 1932
is_linear=0
shrinkage=0.04


Tree=74
num_leaves=15
num_cat=0
split_feature=4 8 30 11 29 29 13 14 8 13 18 16 7 12
split_gain=6.2466 7.14405 10.715 9.6153 9.5614 9.13811 7.41255 6.90219 8.74037 8.03473 7.59853 2.97883 2.40976 1.88181
threshold=0.52903982996940624 -0.46802012622356409 3.5000000000000004 0.0086225485429167765 0.020804931409657005 0.012940996792167427 1.6019780635833742 0.089537430554628386 -0.41041451692581171 0.89669954776763927 -0.014836107380688189 0.48610038610038614 -0.54337951540946949 0.820237696170807
decision_type=2 2 2 2 2 2 2 2 2 2 2 2 2 2
left_child=1 5 4 -4 -3 12 -7 9 -9 10 -2 -10 -1 -11
right_child=7 2 3 -5 -6 6 -8 8 11 13 -12 -13 -14 -15
leaf_value=0.02804789005250518 -0.065158193648211016 -0.041906057598775977 0.019874100040394586 -0.006858851308407579 -0.0032203234806722652 0.013542352523971003 -0.046382590734887472 0.038079389457290662 -0.041106873451508388 0.036888761365472027 0.011519790878482102 -0.002340635454942468 -0.043299349798936786 0.017757959223063093
leaf_weight=0.85429005953483272 2.98880498803919 23.343733114015777 26.479226930117875 115.11103102890047 18.185369705970515 75.104148362392152 3.4546433224168132 4.598797564860436 8.0805550580262189 20.325770192197524 6.7103207649342949 5.2203395783435544 6.6798940170847336 13.820568639144765
leaf_count=46 459 18799 9551 47742 7500 10506 1285 41 456 218 638 269 3264 296
internal_value=1.05502e-09 -0.00263178 -0.00709966 -0.00185944 -0.0249658 0.00687138 0.0109071 0.0114747 -0.00945636 0.0200197 -0.0121087 -0.0258919 -0.0352094 0.0291457
internal_weight=330.957 269.212 183.119 141.59 41.5291 86.093 78.5588 61.7452 17.8997 43.8455 9.69913 13.3009 7.53418 34.1463
internal_count=101070 98693 83592 57293 26299 15101 11791 2377 766 1611 1097 725 3310 514
is_linear=0
shrinkage=0.04


Tree=75
num_leaves=13
num_cat=0
split_feature=7 7 12 6 33 30 38 3 13 18 34 34
split_gain=6.54378 10.5292 8.15584 7.77707 7.59654 9.18004 6.92749 5.97043 5.91747 3.62588 1.59403 1.52766
threshold=0.11024592816829683 -0.12170874699950217 0.42575007677078253 0.092001423239707961 0.77801022780102291 4.5000000000000009 0.90443574690150041 0.64376670122146618 1.2581292390823366 -0.070587817579507814 0.86270302112261221 0.27593103448275869
decision_type=2 2 2 2 2 2 2 2 2 2 2 2
left_child=1 4 -2 11 5 -1 10 -5 -8 -6 -3 -4
right_child=2 6 3 7 9 -7 8 -9 -10 -11 -12 -13
leaf_value=0.0033147713509575701 0.042805329602482234 -0.025569556678961911 0.024883379535801293 0.011303886354401419 -0.0072561906180934376 -0.02182399642155871 0.0091030884629384329 -0.023418035377342956 -0.042983320867494054 0.047931745215995587 -0.046672793584771048 -0.050173611534955531
leaf_weight=137.05602348704269 10.019637733013949 26.761577711287828 0.47867979732109134 75.39276103573502 2.5211549662053585 27.988502987107495 17.55512952244317 8.8540552104241197 4.3557516267173915 7.791114901454419 7.286056635384738 4.6352448920661118
leaf_count=38018 248 25796 140 3085 671 21843 3808 863 1581 524 2994 1499
internal_value=-6.32269e-10 -0.00368815 0.00858444 0.0047474 0.00113275 -0.000948299 -0.0187954 0.00765473 -0.00125138 0.0344393 -0.0300856 -0.043148
internal_weight=330.696 231.315 99.3804 89.3607 175.357 165.045 55.9585 84.2468 21.9109 10.3123 34.0476 5.11392
internal_count=101070 95235 5835 5587 61056 59861 34179 3948 5389 1195 28790 1639
is_linear=0
shrinkage=0.04


Tree=76
num_leaves=13
num_cat=0
split_feature=12 8 8 30 34 33 15 2 22 27 4 14
split_gain=6.59855 7.19015 9.05268 11.4541 7.29782 6.48169 3.69878 3.95294 0.469676 0.96088 0.280347 0.199047
threshold=0.075377479195594801 -0.71774864196777333 -0.55327329039573658 3.5000000000000004 0.74949392712550622 0.079678081313325641 25.207272529602054 -0.062863443046808229 -0.091683406382799135 0.37517923116683966 -0.10129859670996665 0.11905073747038843
decision_type=2 2 2 2 2 2 2 2 2 2 2 2
left_child=5 -2 4 -4 -3 6 10 -8 9 -7 -1 -10
right_child=1 2 3 -5 -6 8 7 -9 11 -11 -12 -13
leaf_value=-0.043555000231028054 -0.083139212774895249 0.030825749062825852 -0.01643800757991529 0.0039857813511135478 -0.015296484100702759 -0.030658362924801279 0.024445507709678044 -0.036604893863208421 -0.039279824282829584 0.041670131645026427 0.0033781644898544971 0.016202269342354272
leaf_weight=2.4980068908116668 1.5879570719553147 27.342709456104785 55.591931672257488 209.51949718435208 6.8676593561249311 1.7443632131471525 8.6568140426970768 2.1106626579130525 13.144424812235226 0.35342299751937378 0.22171021247050049 0.1042799779679634
leaf_count=1877 158 839 23027 50323 999 1335 1464 1130 19109 704 55 50
internal_value=-2.42106e-10 0.00175157 0.00220193 -0.000296938 0.0215668 -0.0182795 0.00195058 0.0124783 -0.0360586 -0.0184729 -0.039729 -0.0388431
internal_weight=329.743 300.91 299.322 265.111 34.2104 28.8337 13.4872 10.7675 15.3465 2.09779 2.71972 13.2487
internal_count=101070 75346 75188 73350 1838 25724 4526 2594 21198 2039 1932 19159
is_linear=0
shrinkage=0.04


Tree=77
num_leaves=15
num_cat=0
split_feature=37 7 4 36 34 32 16 15 34 7 13 37 11 18
split_gain=6.84095 11.053 14.9538 11.0379 10.859 7.2848 6.21698 5.03053 5.78592 4.56992 4.64726 4.4023 1.00739 0.66604
threshold=1.0000000180025095e-35 -0.41027496755123133 -0.024162276647984978 0.94305555555555565 0.94152390163028477 0.069165663053659857 0.58102025506376609 78.731945037841811 0.9358043467595546 -0.12543020397424695 0.8500347137451173 1.5000000000000002 0.14063068479299548 -0.0194591861218214
decision_type=2 2 2 2 2 2 2 2 2 2 2 2 2 2
left_child=6 5 3 -3 -4 -2 7 8 -1 12 -11 -7 -8 -9
right_child=1 2 4 -5 -6 11 9 13 -10 10 -12 -13 -14 -15
leaf_value=0.0032110968948282381 -0.055433655094295875 -0.03654089799275282 0.0040204692267471545 0.023701084705797175 -0.039972295808101972 0.034111864267858109 -0.02642580488565836 -0.066454705468106348 0.01958666040938371 0.026610349069877578 -0.038430637279886971 -0.018360856026757907 -0.061165852407145192 -0.02649884341835982
leaf_weight=103.92513259296538 1.8887949800118828 39.591396426258143 79.873188187906635 5.5483751363790352 10.114102515435659 17.873139668081425 2.1495301053801086 1.3513838734943422 51.694335026113549 4.2793396092747553 2.9828731416200753 2.9855069592304053 3.5268006565165706 1.3190586984273966
leaf_count=18584 900 50985 20743 622 1618 591 1183 116 2303 593 829 797 1016 190
internal_value=-4.497e-10 -0.00600599 -0.0103485 -0.0291362 -0.000924088 0.0197898 0.00553758 0.00771669 0.0086508 -0.0211215 -0.000104513 0.0266014 -0.0480104 -0.0467186
internal_weight=329.103 157.875 135.127 45.1398 89.9873 22.7474 171.228 158.29 155.619 12.9385 7.26221 20.8586 5.67633 2.67044
internal_count=101070 76256 73968 51607 22361 2288 24814 21193 20887 3621 1422 1388 2199 306
is_linear=0
shrinkage=0.04


Tree=78
num_leaves=15
num_cat=0
split_feature=37 14 7 30 4 34 13 32 20 1 16 0 11 32
split_gain=6.10454 10.4637 8.88185 13.184 5.96085 5.25959 18.3433 6.75804 6.22664 6.15433 5.44836 5.14603 0.990226 0.799509
threshold=1.0000000180025095e-35 0.020105061121284965 -0.41027496755123133 3.5000000000000004 -0.38894250988960261 0.9358043467595546 0.82118266820907604 0.95502849788564081 0.97681139938163741 -0.025765698403120037 0.28784779050736503 -0.099489461630582796 0.35010693967342382 0.013186876883839556
decision_type=2 2 2 2 2 2 2 2 2 2 2 2 2 2
left_child=5 12 4 -4 -3 6 7 -1 9 -7 -8 -10 13 -2
right_child=1 2 3 -5 -6 8 10 -9 11 -11 -12 -13 -14 -15
leaf_value=0.013937062648765328 0.077350575824575829 -0.047725612764205623 -0.033044423265549627 -0.00014843398433387624 0.027267653785582806 -0.0023421997138711281 -0.010781222702201188 -0.054767843521435274 0.040077671173055496 0.028439610909877139 -0.041909364349048205 -0.048248801778128875 0.053230328518797172 -0.041916843120538581
leaf_weight=73.383329914635397 0.090558545300152171 1.853171208626011 24.463149747993157 95.946982466266491 19.974145402549766 14.576272678910753 25.107995539699914 2.3644916570628984 1.4265835180412976 36.205305439361837 14.020340183938968 4.0560090286598998 0.18056972482008937 12.934670464044755
leaf_count=11227 81 1162 17184 30765 973 1152 5610 456 19 1052 4688 610 13 26078
internal_value=6.71434e-10 -0.00573825 -0.00257603 -0.00683175 0.0209006 0.00521194 0.000304428 0.0117924 0.0152317 0.019604 -0.021935 -0.025266 -0.039798 -0.0410876
internal_weight=326.584 155.443 142.237 120.41 21.8273 171.14 114.876 75.7478 56.2642 50.7816 39.1283 5.48259 13.2058 13.0252
internal_count=101070 76256 50084 47949 2135 24814 21981 11683 2833 2204 10298 629 26172 26159
is_linear=0
shrinkage=0.04


Tree=79
num_leaves=15
num_cat=0
split_feature=37 14 8 8 16 29 11 3 32 22 36 33 32 11
split_gain=5.94186 9.84704 8.45714 11.0788 5.13168 4.44522 6.41416 4.84647 4.25921 3.83391 3.56282 2.09118 1.00458 0.958982
threshold=1.0000000180025095e-35 0.020105061121284965 -0.57901108264923085 -0.32103224098682398 0.58102025506376609 0.010691615752875807 1.0000000180025095e-35 -0.11846279725432395 0.75534197790156166 -0.058528590947389596 0.54259153318077813 0.99095004095004102 0.0083857810906789506 0.35010693967342382
decision_type=2 2 2 2 2 2 2 2 2 2 2 2 2 2
left_child=4 12 9 -4 5 6 -1 -7 11 -3 -10 -6 -2 -14
right_child=1 2 3 -5 8 7 -8 -9 10 -11 -12 -13 13 -15
leaf_value=0.024009311152763581 0.10158302491448058 -0.023652944214979085 -0.026938615750947879 0.00056984081903844856 -0.051116568351060397 -0.0055671561521622517 -0.052299059476624804 0.012228626151415203 0.015138237205059626 0.029120074294835836 -0.061234297478297339 0.048622215346406032 -0.041720354135502354 0.051850797135066247
leaf_weight=2.8578703185194163 0.080242769166942618 2.5408645442075821 31.580509001963947 90.708510128359194 5.3764026199205528 30.776466885930859 4.5980670938151889 119.78979561846063 5.6363263218954671 16.545542182488134 1.1823419461725277 0.35878941416740406 12.397917816426339 0.17775794549379575
leaf_count=483 39 773 22703 25720 2739 6929 1346 12435 512 888 368 2 26120 13
internal_value=-1.31994e-09 -0.00569504 -0.00266904 -0.00653408 0.00514266 0.00709817 -0.02305 0.00859108 -0.0194724 0.0220947 0.00189541 -0.044877 -0.0394975 -0.0403977
internal_weight=324.607 154.031 141.375 122.289 170.576 158.022 7.45594 150.566 12.5539 19.0864 6.81867 5.73519 12.6559 12.5757
internal_count=101070 76256 50084 48423 24814 21193 1829 19364 3621 1661 880 2741 26172 26133
is_linear=0
shrinkage=0.04


Tree=80
num_leaves=13
num_cat=0
split_feature=7 12 7 12 33 13 34 38 14 7 13 34
split_gain=5.66292 8.78037 8.63867 7.37345 8.05753 7.11213 7.18373 6.80557 6.37779 5.76415 2.09553 1.85046
threshold=0.11024592816829683 0.42575007677078253 -0.12170874699950217 0.50238326191902172 0.77801022780102291 0.82118266820907604 0.25536520217371289 0.90443574690150041 0.089537430554628386 0.0075816172175109395 0.50797426700592052 0.86270302112261221
decision_type=2 2 2 2 2 2 2 2 2 2 2 2
left_child=2 -2 3 4 -1 6 -3 11 -7 -9 -5 -4
right_child=1 5 7 10 -6 8 -8 9 -10 -11 -12 -13
leaf_value=-0.0031835099420245865 0.042115590304899496 0.037268275894310865 -0.024170449779405662 0.058774608838746703 0.033930995764803538 0.015842207883599951 -0.048166040134436428 0.0098307798293076586 -0.0082557908827769512 -0.042749649529343556 0.017362319788502167 -0.047760779547938441
leaf_weight=153.05859283802783 10.750778420566347 2.0164928206650057 25.636531465417647 4.0577846334490451 9.968665592481555 52.090642294744612 7.1880405000410974 17.618775472430574 26.517835583363194 4.1149570607958585 3.7727322026330512 6.713451258634449
leaf_count=59389 248 210 25796 71 1186 2126 1919 4147 1332 1242 410 2994
internal_value=2.08899e-09 0.00799495 -0.00350318 0.000907078 -0.000914061 0.00381762 -0.0294494 -0.0174358 0.00771297 -0.000124538 0.0388222 -0.029066
internal_weight=323.505 98.5638 224.941 170.858 163.027 87.813 9.20453 54.0837 78.6085 21.7337 7.83052 32.35
internal_count=101070 5835 95235 61056 60575 5587 2129 34179 3458 5389 481 28790
is_linear=0
shrinkage=0.04


Tree=81
num_leaves=15
num_cat=0
split_feature=12 11 29 37 30 33 14 16 17 25 22 27 29 35
split_gain=5.91407 6.30715 14.0078 8.72902 6.81562 6.19153 5.85944 3.5613 1.87047 1.78131 0.391511 0.840284 0.204588 0.190259
threshold=0.075377479195594801 0.0098692751489579695 0.010410954244434835 1.5000000000000002 2.5000000000000004 0.079678081313325641 0.036558764055371291 0.10380747126436783 -0.025349481962621209 -0.064149290323257432 -0.091683406382799135 0.37517923116683966 0.0079330035950988548 -0.06158297881484031
decision_type=2 2 2 2 2 2 2 2 2 2 2 2 2 2
left_child=5 4 13 -4 -2 7 -6 8 -1 -9 11 -7 -12 -3
right_child=1 2 3 -5 6 10 -8 9 -10 -11 12 -13 -14 -15
leaf_value=-0.020288868614519111 -0.046942852490661172 -0.059861114392540833 0.004682304809423418 -0.014632408391427071 0.030684886820688453 -0.031507921856652084 -0.022928598035678437 0.005008188212678912 0.041495768037044946 -0.031680810061379266 -0.017185447330316288 0.035614980890890845 -0.03974830615497936 -0.047307804408871501
leaf_weight=0.98027686026762229 2.3528733516068341 3.223717232234776 211.6595191369488 45.482507237877144 25.485474026791056 1.6861334915665787 3.7402507611986939 4.1459238076786269 3.9153394884488106 4.3272640188952201 0.68042673554737021 0.36257000146724738 11.690820674757559 4.8200646662735362
leaf_count=387 1506 482 32583 34183 3686 1335 932 1159 365 2615 552 704 18607 1974
internal_value=-1.15006e-09 0.0016523 -0.000359997 0.00126598 0.0185508 -0.0176454 0.0238235 0.0019638 0.0291243 -0.0137289 -0.0358252 -0.0196288 -0.0385073 -0.0523388
internal_weight=324.553 296.764 265.186 257.142 31.5786 27.7888 29.2257 13.3688 4.89562 8.47319 14.42 2.0487 12.3712 8.04378
internal_count=101070 75346 69222 66766 6124 25724 4618 4526 752 3774 21198 2039 19159 2456
is_linear=0
shrinkage=0.04


Tree=82
num_leaves=13
num_cat=0
split_feature=7 12 7 12 33 31 6 13 9 13 34 7
split_gain=5.74157 8.88911 8.52759 7.93768 7.96747 6.55649 6.27906 5.62661 5.3304 2.1448 1.5581 1.53368
threshold=0.11024592816829683 0.42575007677078253 -0.12170874699950217 0.50238326191902172 0.77801022780102291 0.83763458763458776 0.092001423239707961 1.2581292390823366 26.500000000000004 0.50797426700592052 0.27593103448275869 0.046642262488603599
decision_type=2 2 2 2 2 2 2 2 2 2 2 2
left_child=2 -2 3 4 -1 11 10 -7 -8 -5 -3 -4
right_child=1 6 5 9 -6 7 8 -9 -10 -11 -12 -13
leaf_value=-0.0034680790725825496 0.040903422022117893 0.024593098673833854 -0.036510483012547591 0.057942681602064179 0.032672911229043693 0.0047771324379473137 -0.0035944186603136053 -0.041107733221060476 0.016773283296946519 0.017187041594229031 -0.04835058887436515 -0.0085501838960010765
leaf_weight=153.18158862657947 11.616764323436653 0.52517837360210151 21.427401248016398 4.4284531808953016 10.423937255072813 22.072630614093217 42.467339526483556 5.3032418229558962 39.850694313237909 3.8727704719640315 4.3437960356968688 3.6775720094883573
leaf_count=59389 248 140 24805 71 1186 5673 2899 2218 1049 410 1499 1483
internal_value=3.23829e-09 0.00803449 -0.00353779 0.000770723 -0.0011654 -0.0176508 0.00365504 -0.00411166 0.00626572 0.0389289 -0.0404827 -0.0324146
internal_weight=323.191 98.8038 224.388 171.907 163.606 52.4808 87.187 27.3759 82.318 8.30122 4.86897 25.105
internal_count=101070 5835 95235 61056 60575 34179 5587 7891 3948 481 1639 26288
is_linear=0
shrinkage=0.04


Tree=83
num_leaves=14
num_cat=0
split_feature=12 30 8 8 33 15 2 33 8 22 14 26 3
split_gain=5.37826 5.66357 5.7449 7.05405 4.84034 3.45439 4.2454 1.96896 2.11959 0.398105 0.297472 0.207476 0.0734281
threshold=0.080638475716114058 6.5000000000000009 -0.71774864196777333 -0.57150474190711964 0.079678081313325641 25.207272529602054 -0.062863443046808229 0.77801022780102291 -0.42440780997276301 -0.091683406382799135 0.091147251427173628 -0.017666816711425778 0.28027494251728063
decision_type=2 2 2 2 2 2 2 2 2 2 2 2 2
left_child=4 2 -2 -4 5 11 -7 9 -9 -6 12 -1 -3
right_child=1 10 3 -5 7 6 -8 8 -10 -11 -12 -13 -14
leaf_value=-0.043031703274348035 -0.08039493930831941 -0.041208846190361463 0.023007346525263369 0.00084299571671443642 -0.020017003728044946 0.023291425479379461 -0.038576994206561334 0.043470368892596943 -0.04190411085683602 -0.038579797715211292 -0.0098448019015967871 -0.0012481944236809506 -0.058925271254158695
leaf_weight=2.4367454059611195 1.3343779244460154 4.3125059098492775 25.19378707249416 260.82650354418729 2.1750620853636091 8.9839621382561727 2.2114202246011692 1.1024457199382593 0.80504437455237976 12.314146867436646 0.48480833292705927 0.20623524242546665 0.40988534977077495
leaf_count=1872 141 5970 1175 66643 2075 1511 1226 54 1234 18775 141 96 157
internal_value=-3.4935e-10 0.00165983 0.00240901 0.00279532 -0.0160609 0.00136032 0.0110706 -0.0307639 0.0074386 -0.0357932 -0.0396833 -0.0397713 -0.0427466
internal_weight=322.797 292.562 287.355 286.02 30.2351 13.8384 11.1954 16.3967 1.90749 14.4892 5.2072 2.64298 4.72239
internal_count=101070 74227 67959 67818 26843 4705 2737 22138 1288 20850 6268 1968 6127
is_linear=0
shrinkage=0.04


Tree=84
num_leaves=15
num_cat=0
split_feature=37 8 32 34 36 32 33 32 25 3 13 1 26 12
split_gain=5.337 9.02312 10.3693 15.1283 8.06368 6.29746 4.6355 13.7276 9.77876 9.52863 5.66213 2.9624 2.83772 2.62825
threshold=1.0000000180025095e-35 -0.57901108264923085 0.85644261043793546 0.95502849788564081 0.94305555555555565 0.069165663053659857 0.6507392911502502 0.49380154705189289 0.0117642879486084 0.085702788084745421 1.3211985230445864 0.049184290692210204 -0.0099274814128875715 0.080638475716114058
decision_type=2 2 2 2 2 2 2 2 2 2 2 2 2 2
left_child=6 5 4 -4 -3 -2 7 9 10 -1 -8 -9 -10 -7
right_child=1 2 3 -5 -6 13 8 11 12 -11 -12 -13 -14 -15
leaf_value=-0.0041667074924760031 -0.053596059621037723 -0.025610413167936073 0.0071084601950661616 -0.057886691581052557 0.02394975849869966 -0.005755025703383914 0.019935999920093442 -0.040658659501800622 -0.054501135496475395 0.028331938325641213 -0.0096922009349724586 -0.0096959735027297277 -0.0019869451448670224 0.034801691717130934
leaf_weight=39.658181059217895 1.6802685009315634 56.587579454684601 64.646838323642442 6.2871642429963677 5.7902435571450033 3.1171578777284621 67.032832947355928 13.667590845376255 4.2489670875220327 22.696271608670941 12.198251574038293 7.746165361328166 2.6879369997477616 14.216493611049371
leaf_count=11898 860 62457 10313 983 686 702 4544 3780 1428 964 960 958 282 255
internal_value=1.28061e-10 -0.00543701 -0.00911367 0.00134768 -0.02101 0.020341 0.00487358 -0.00182679 0.0113873 0.00766241 0.0153745 -0.0294583 -0.0341527 0.0275083
internal_weight=322.262 152.326 133.312 70.934 62.3778 19.0139 169.936 83.7682 86.168 62.3545 79.2311 21.4138 6.9369 17.3337
internal_count=101070 76256 74439 11296 63143 1817 24814 17600 7214 12862 5504 4738 1710 957
is_linear=0
shrinkage=0.04


Tree=85
num_leaves=12
num_cat=0
split_feature=14 35 13 14 26 18 33 37 35 8 28
split_gain=5.0793 4.87899 4.71231 5.16419 0.0709131 0.0768663 0.0535484 0.0114635 0.00818825 0.00254699 0.00134237
threshold=0.0079587968066334742 0.20898344367742541 0.13638306409120562 0.068389292806386962 -0.0099274814128875715 0.0023724826751276855 0.95502849788564081 1.0000000180025095e-35 -0.085929580032825456 -0.47077043354511255 0.05538603104650975
decision_type=2 2 2 2 2 2 2 2 2 2 2
left_child=4 2 -2 -4 7 -6 9 8 -1 -3 -9
right_child=1 6 3 -5 5 -7 -8 10 -10 -11 -12
leaf_value=-0.051967064581559273 0.055849512403417359 -0.046842718476662333 -0.0042630385575925765 0.0060557517682725834 -0.044166303976563466 0.015929080865203619 -0.058025238697713179 -0.044278434860401859 -0.044845876317736337 -0.044060396888404248 -0.041622491855032855
leaf_weight=0.32154689606977616 2.4961457853205493 0.70099618693348098 162.32330477004871 148.67755894645234 0.068522235982526492 0.067700545201660134 0.58801632677204896 0.3516310651903044 1.3144556329498298 2.1137898142333134 2.2705612050303898
leaf_count=112 113 233 76940 14552 148 152 75 483 1080 1192 5990
internal_value=-5.67789e-10 0.000592243 0.00110933 0.000669978 -0.0427091 -0.0142999 -0.0470467 -0.043618 -0.0462455 -0.0447533 -0.0419786
internal_weight=321.294 316.9 313.497 311.001 4.39442 0.136223 3.4028 4.25819 1.636 2.81479 2.62219
internal_count=101070 93105 91605 91492 7965 300 1500 7665 1192 1425 6473
is_linear=0
shrinkage=0.04


Tree=86
num_leaves=15
num_cat=0
split_feature=37 8 32 34 36 4 15 19 12 13 33 21 36 19
split_gain=4.84587 9.60259 9.63423 13.5452 7.36455 5.09629 4.66089 8.22527 6.75142 9.73286 2.44582 2.04128 0.468008 0.0367074
threshold=1.0000000180025095e-35 -0.57901108264923085 0.85644261043793546 0.95502849788564081 0.94305555555555565 -0.38894250988960261 69.395385742187514 0.97590011614401873 0.7644062638282777 0.82118266820907604 0.20518418990034712 0.77135258358662628 0.36229619565217397 0.77326839826839844
decision_type=2 2 2 2 2 2 2 2 2 2 2 2 2 2
left_child=6 5 4 -4 -3 13 8 11 9 -1 -7 -8 -10 -2
right_child=1 2 3 -5 -6 10 7 -9 12 -11 -12 -13 -14 -15
leaf_value=0.012565023269148125 -0.044822781445171565 -0.025108223140922887 0.0063742250019619149 -0.056486519517196965 0.022377935846030234 0.013488498104679388 -0.0051327271105077975 0.018816133833729633 0.022479213207636486 -0.0089446474863924281 0.043338002208995884 -0.058036041101420313 0.035067783334902597 -0.059883308935159189
leaf_weight=79.365370317362249 1.237764782214074 55.59754767294362 64.51487267199991 5.9941865861183024 5.7676479863439445 9.4683850962464948 1.4718846147297862 5.2863778872415423 9.2220596084371227 58.444159545448201 8.1921572418650594 5.6329810987808742 9.6903635622002167 0.32743431684502855
leaf_count=11502 748 62457 10313 983 686 815 303 258 145 11690 113 756 160 141
internal_value=4.24603e-10 -0.00520574 -0.00905595 0.00103024 -0.0206451 0.0212038 0.00465125 -0.0189651 0.00651848 0.00344291 0.0273347 -0.0470763 0.0289294 -0.0479734
internal_weight=320.213 151.1 131.874 70.5091 61.3652 19.2257 169.113 12.3912 156.722 137.81 17.6605 7.10487 18.9124 1.5652
internal_count=101070 76256 74439 11296 63143 1817 24814 1317 23497 23192 928 1059 305 889
is_linear=0
shrinkage=0.04


Tree=87
num_leaves=13
num_cat=0
split_feature=7 12 7 12 8 1 13 34 38 33 13 1
split_gain=4.80073 10.1058 7.88842 7.77261 7.56443 6.38138 6.02951 6.77502 5.17141 5.02671 2.10888 1.60858
threshold=0.11024592816829683 0.42575007677078253 -0.12170874699950217 0.50238326191902172 -0.24618433415889737 0.012169961817562582 0.82118266820907604 0.25536520217371289 0.90779352226720655 0.96259183367484635 0.50797426700592052 -0.051978554576635354
decision_type=2 2 2 2 2 2 2 2 2 2 2 2
left_child=2 -2 3 4 -1 11 7 -3 -7 -8 -5 -4
right_child=1 6 5 10 -6 8 9 -9 -10 -11 -12 -13
leaf_value=0.00057440645315574575 0.040382029170139458 0.035709437940616609 -0.018767158817701149 0.055028012436758721 -0.04691642536019569 -0.026132831481663801 -0.014467630751840406 -0.047034801556777091 0.010358142116410464 0.011240033977417416 0.015285099053293148 -0.039390896761087361
leaf_weight=154.81186270250691 12.890966348815708 2.0426291242329153 9.987244511466999 4.9167435448762244 5.5590127728210055 9.8932537579821673 15.237763693956365 7.0403204340618686 16.707616733117902 60.44059957274294 3.7775246005621739 15.352980779880452
leaf_count=53125 248 210 4084 71 7450 8143 1854 1919 2689 1604 410 19263
internal_value=4.23784e-10 0.00738605 -0.00326355 0.000925172 -0.00107179 -0.0168976 0.00236784 -0.0284268 -0.00321339 0.00606382 0.0377603 -0.0312625
internal_weight=318.659 97.6523 221.006 169.065 160.371 51.9411 84.7613 9.08295 26.6009 75.6784 8.69427 25.3402
internal_count=101070 5835 95235 61056 60575 34179 5587 2129 10832 3458 481 23347
is_linear=0
shrinkage=0.04


Tree=88
num_leaves=15
num_cat=0
split_feature=12 8 32 22 37 29 37 33 16 34 33 8 32 22
split_gain=4.76644 5.88726 10.2704 11.7051 8.6406 6.96477 6.84747 4.43251 3.33317 2.68746 1.89278 1.94629 1.18362 0.424053
threshold=0.080638475716114058 -0.46802012622356409 0.7145808736717828 0.096360553056001677 2.5000000000000004 0.013166180346161129 1.5000000000000002 0.079678081313325641 1.0000000180025095e-35 0.95248357963875219 0.77801022780102291 -0.42440780997276301 0.089587440157702064 -0.091683406382799135
decision_type=2 2 2 2 2 2 2 2 2 2 2 2 2 2
left_child=7 5 3 -3 -4 12 -7 8 -1 -10 13 -12 -2 -9
right_child=1 2 4 -5 -6 6 -8 10 9 -11 11 -13 -14 -15
leaf_value=0.051020018517239842 -0.0056399810076607172 -0.029840295595426003 0.0050291503220848176 0.0098756736586152402 -0.04545942571831324 0.016862027071276823 -0.052630844541851553 -0.018630860251570153 -0.017217839926975797 0.027813685902383405 0.043717972304200985 -0.041355186959053443 -0.059925562852639377 -0.038095827116213239
leaf_weight=1.8566698075155752 0.87852927815401871 36.24961373680344 158.13490173329046 17.656214045331581 5.6160895640896333 64.568304737316794 2.3512747426138949 2.1177136476690057 9.0254312461111095 2.7716196557303183 1.0475955756846813 0.73016667176852834 2.3933388539589942 11.598114347489171
leaf_count=193 122 38214 18713 2978 7848 4571 1303 2075 4218 294 54 1234 478 18775
internal_value=-1.54526e-09 0.0015608 -0.00168776 -0.0168318 0.00329757 0.0116343 0.0144203 -0.0154139 0.00120245 -0.00663805 -0.0300571 0.00877653 -0.0453493 -0.0350905
internal_weight=316.996 287.848 217.657 53.9058 163.751 70.1914 66.9196 29.1473 13.6537 11.7971 15.4936 1.77776 3.27187 13.7158
internal_count=101070 74227 67753 41192 26561 6474 5874 26843 4705 4512 22138 1288 600 20850
is_linear=0
shrinkage=0.04


Tree=89
num_leaves=15
num_cat=0
split_feature=30 7 18 6 32 16 38 1 13 7 9 13 9 7
split_gain=4.62333 16.3273 12.7813 16.0822 8.22963 5.50294 6.28297 5.44214 10.3951 7.23715 3.76487 2.79505 1.28375 1.04548
threshold=3.5000000000000004 -0.41027496755123133 -0.067967392504215227 0.026584777049720291 0.17192476114649682 0.60208333333333341 0.98601330203442894 0.0093761272728443163 0.90574064850807201 -0.25789314508438105 28.500000000000004 0.6312367618083955 5.5000000000000009 -0.42971439659595484
decision_type=2 2 2 2 2 2 2 2 2 2 2 2 2 2
left_child=1 4 3 -3 -1 7 10 8 -2 -9 -7 -4 -8 -6
right_child=5 2 11 -5 13 6 12 9 -10 -11 -12 -13 -14 -15
leaf_value=-0.047134799685488636 0.0070784441857290473 -0.036146399234344873 -0.016240554707088274 0.027470148713655246 0.02398136264532567 -0.036285042291854662 0.043172899087738394 -0.02446960466802358 -0.01849904576221615 0.014532682784104679 0.018132908254498134 -0.044588346199492465 0.003035984241565814 0.043911367027752654
leaf_weight=2.3819382485671694 77.509866705651802 10.955279708854507 7.4021381063394101 15.151351153283029 10.29234763258137 14.170981145252886 2.4486581391101927 8.2842567651314294 37.832316875370452 93.825800425242051 2.3750955469731698 22.423558131598838 2.6601145092063234 7.1278907919768235
leaf_count=953 26929 6745 6206 835 419 9328 96 2262 17030 12519 465 16833 303 147
internal_value=-1.24627e-09 -0.00861273 -0.0196636 0.000774361 0.0226009 0.00272798 -0.0165014 0.00464293 -0.00131099 0.0113684 -0.0284737 -0.037553 0.0222738 0.0321362
internal_weight=314.842 75.7345 55.9323 26.1066 19.8022 239.107 21.6548 217.452 115.342 102.11 16.5461 29.8257 5.10877 17.4202
internal_count=101070 32138 30619 7580 1519 68932 10192 58740 43959 14781 9793 23039 399 566
is_linear=0
shrinkage=0.04


Tree=90
num_leaves=11
num_cat=0
split_feature=14 13 34 11 21 26 33 37 35 35
split_gain=4.52169 4.89677 4.97612 4.56236 1.04466 0.084394 0.0945729 0.00851397 0.00584714 0.00101327
threshold=0.0079587968066334742 0.13638306409120562 0.16700680272108845 0.0098692751489579695 0.24190177638453506 -0.0099274814128875715 0.17192476114649682 1.0000000180025095e-35 -0.060986341908574097 -0.06158297881484031
decision_type=2 2 2 2 2 2 2 2 2 2
left_child=5 -2 4 -4 -3 7 -7 8 -1 -9
right_child=1 2 3 -5 -6 6 -8 9 -10 -11
leaf_value=-0.048147958516990455 0.053258549471088962 -0.0044187649365929121 0.013823957023604538 -0.0010371336290136495 -0.041916917506102928 0.025168948420075825 -0.042456750767921263 -0.042989349968984347 -0.043199441181199144 -0.041201678874245473
leaf_weight=0.74255051120417193 2.794323805574094 1.5285458796352021 37.826395047115511 261.91377373073556 5.3465981387307693 0.062095063316518373 0.070828581221576314 0.74164670308528036 0.78691285024979174 1.6055445142701499
leaf_count=333 113 1844 12474 71378 7296 45 255 1068 859 5405
internal_value=1.6007e-09 0.00054693 6.65449e-05 0.000838296 -0.03358 -0.0422051 -0.0108655 -0.0432797 -0.0456019 -0.0417665
internal_weight=313.419 309.41 306.615 299.74 6.87514 4.00958 0.132924 3.87665 1.52946 2.34719
internal_count=101070 93105 92992 83852 9140 7965 300 7665 1192 6473
is_linear=0
shrinkage=0.04


Tree=91
num_leaves=15
num_cat=0
split_feature=30 7 18 6 32 33 7 38 12 8 11 12 13 7
split_gain=4.34359 15.9501 13.0979 14.8769 7.36012 4.94573 10.8292 12.0376 9.14673 6.98048 10.2717 9.26711 2.43852 1.2183
threshold=3.5000000000000004 -0.41027496755123133 -0.067967392504215227 0.026584777049720291 0.17192476114649682 0.77801022780102291 -0.1881139203906059 0.87420886075949378 0.50766035914421093 -0.29230690002441401 0.18369092792272571 0.42575007677078253 0.6312367618083955 -0.42971439659595484
decision_type=2 2 2 2 2 2 2 2 2 2 2 2 2 2
left_child=1 4 3 -3 -1 6 7 -2 -8 11 -11 -7 -4 -6
right_child=5 2 12 -5 13 9 8 -9 -10 10 -12 -13 -14 -15
leaf_value=-0.04573874243294996 0.0076516853586558803 -0.035231683858771901 -0.018353177264029893 0.026630361334894909 0.022146869799147175 0.033742783247558146 -0.034532480942220757 -0.058487279966200428 0.012883001605785139 -0.035347795677588868 0.0078281477507975671 -0.035888486018732124 -0.045236629404455185 0.043572791200555551
leaf_weight=2.2518447931361179 86.249448111480888 10.613070851366503 7.2412701644643702 15.026183768233748 10.161375404830325 25.738813961463169 25.076575025494094 4.6398342912871149 8.7916373460575397 9.9645425543421862 76.498211667640135 3.4704679810383814 21.21423189781126 7.2941413915832518
leaf_count=953 23948 6745 6206 835 419 1699 24857 1707 2908 8779 4312 722 16833 147
internal_value=2.04642e-09 -0.00848827 -0.0197122 0.00102329 0.0223202 0.00260556 -0.00291855 0.00427534 -0.0222242 0.00856356 0.00285227 0.0254696 -0.0383954 0.0311001
internal_weight=314.232 73.8021 54.0948 25.6393 19.7074 240.43 124.757 90.8893 33.8682 115.672 86.4628 29.2093 28.4555 17.4555
internal_count=101070 32138 30619 7580 1519 68932 53420 25655 27765 15512 13091 2421 23039 566
is_linear=0
shrinkage=0.04


Tree=92
num_leaves=15
num_cat=0
split_feature=12 11 29 37 0 8 33 36 4 13 27 22 27 29
split_gain=4.42275 7.16367 12.404 7.36993 6.50112 6.29025 5.14909 3.25315 2.65844 2.37332 1.13531 0.417579 0.822262 0.279584
threshold=0.075377479195594801 0.0098692751489579695 0.010410954244434835 1.5000000000000002 -0.028898552060127255 -0.24618433415889737 0.079678081313325641 0.052516662836129629 -0.25901420414447779 0.86717039346694957 0.27961015701293951 -0.091683406382799135 0.37517923116683966 0.0079330035950988548
decision_type=2 2 2 2 2 2 2 2 2 2 2 2 2 2
left_child=6 4 -3 -4 8 -6 7 10 -2 -9 -1 12 -8 -13
right_child=1 2 3 -5 5 -7 11 9 -10 -11 -12 13 -14 -15
leaf_value=0.016253770113813622 0.018779252485636073 -0.05091147893843681 0.0038149077999312915 -0.01467239582862937 0.034126288673060008 -0.045258339526748119 -0.029223281769805261 -0.032315643368343173 -0.032587255306775663 0.0084742922388513723 0.06180318616068136 -0.011505932982189673 0.03839703971963139 -0.038808750238996013
leaf_weight=2.3451278937573106 2.4776125217249501 7.673906210664426 206.4028473478902 41.425903249240946 23.441014727519359 1.7137991078852817 1.5985789527330769 4.3698053576808871 4.6146566121897186 4.7775125434272923 1.3971327543258669 0.63813938698149186 0.35087708832725173 10.064545378088949
leaf_count=527 352 2456 32583 34183 1985 2290 1335 2341 1497 1657 1 552 704 18607
internal_value=3.83497e-11 0.00141595 -0.000826212 0.000724656 0.0191813 0.0287178 -0.015952 0.0018416 -0.0146429 -0.0110116 0.0332592 -0.0340794 -0.0170525 -0.0371808
internal_weight=313.291 287.75 255.503 247.829 32.2471 25.1548 25.5417 12.8896 7.09227 9.14732 3.74226 12.6521 1.94946 10.7027
internal_count=101070 75346 69222 66766 6124 4275 25724 4526 1849 3998 528 21198 2039 19159
is_linear=0
shrinkage=0.04


Tree=93
num_leaves=14
num_cat=0
split_feature=37 8 8 7 13 3 0 14 14 33 19 7 2
split_gain=4.3479 8.45152 10.0675 10.6714 6.62202 5.50921 5.00697 4.7808 6.11915 1.78953 1.67307 1.4215 0.280038
threshold=1.0000000180025095e-35 -0.53251594305038441 -0.32103224098682398 -0.2346709072589874 0.4864028543233872 0.64376670122146618 -0.050596479326486581 0.14378591626882556 0.12882503122091296 0.075877463054187202 0.031582446808510641 0.45183970034122473 -0.037143493071198457
decision_type=2 2 2 2 2 2 2 2 2 2 2 2 2
left_child=5 4 9 -4 12 7 -6 8 -1 -3 -9 -7 -2
right_child=1 2 3 -5 6 11 -8 10 -10 -11 -12 -13 -14
leaf_value=0.0042516410075253341 -0.050201961500020417 -0.0020868871535183143 0.039394260552698276 -0.0073970552740288279 -0.049188713952074997 -0.017083924923050768 0.027812327953206081 0.015846120896841169 0.034468684381501351 -0.034410488729409931 -0.05727537445030946 -0.066478362346969633 -0.085540008712336343
leaf_weight=150.12107867318991 0.93739469216961879 3.0912724144400299 8.5827089089143538 85.348138986737467 1.4477844477805799 1.7374572160188102 20.241530116079957 0.62181754870107342 11.547580965969244 24.145918129343045 2.5695953455287963 2.0113830970367417 0.58129956069024291
leaf_count=23379 466 2394 607 46175 850 210 1962 43 347 23687 696 139 115
internal_value=8.35339e-10 -0.00509484 -0.00933034 -0.00312161 0.0170185 0.0043626 0.0226724 0.00545293 0.00640997 -0.0307419 -0.0430283 -0.0435858 -0.063728
internal_weight=312.985 144.376 121.168 93.9308 23.208 168.609 21.6893 164.86 161.669 27.2372 3.19141 3.74884 1.51869
internal_count=101070 76256 72863 46782 3393 24814 2812 24465 23726 26081 739 349 581
is_linear=0
shrinkage=0.04


Tree=94
num_leaves=9
num_cat=0
split_feature=35 10 37 7 15 33 8 22
split_gain=4.29559 4.23238 4.73062 7.80627 4.37992 0.048383 0.00224144 0.000439587
threshold=0.20898344367742541 0.84486079216003429 1.0000000180025095e-35 -0.41027496755123133 65.048923492431655 0.95502849788564081 -0.47077043354511255 0.10200485587120058
decision_type=2 2 2 2 2 2 2 2
left_child=1 2 4 -4 -1 6 -2 -8
right_child=5 -3 3 -5 -6 -7 7 -9
leaf_value=0.0067980856397938504 -0.0460653191482647 0.028254350436329418 0.017670570569368303 -0.0097880675639141958 -0.01249322839748071 -0.057040780784459628 -0.042848811896597401 -0.044064051688976875
leaf_weight=142.43008040793939 0.67197751966887209 8.5330221987096575 19.331797750783153 115.76707170309419 21.699401702513569 0.55940082995221008 1.0825036226451619 0.85039569079526711
leaf_count=22240 233 246 2233 72773 2057 75 843 370
internal_value=-3.65659e-10 0.000476731 -0.000315397 -0.00585891 0.0042476 -0.0463674 -0.0440753 -0.0433835
internal_weight=310.926 307.761 299.228 135.099 164.129 3.16428 2.60488 1.9329
internal_count=101070 99549 99303 75006 24297 1521 1446 1213
is_linear=0
shrinkage=0.04


Tree=95
num_leaves=11
num_cat=0
split_feature=35 14 13 34 26 3 33 37 8 22
split_gain=4.15153 4.17296 5.63341 4.27006 0.0913864 0.100099 0.0464692 0.00687709 0.00211961 0.000399622
threshold=0.20898344367742541 0.0079587968066334742 0.13638306409120562 0.16700680272108845 -0.0099274814128875715 -0.1169987805187702 0.95502849788564081 1.0000000180025095e-35 -0.47077043354511255 0.10200485587120058
decision_type=2 2 2 2 2 2 2 2 2 2
left_child=1 4 -3 -4 7 -6 8 -1 -2 -10
right_child=6 2 3 -5 5 -7 -8 -9 9 -11
leaf_value=-0.045124185485599412 -0.045914557438540567 0.049508583334895412 -0.032199256221555971 0.001065179401373741 0.026705780355758942 -0.042366414940019866 -0.056879377758257521 -0.041547385970425725 -0.04275626026616626 -0.043929744178315015
leaf_weight=1.4522883365862078 0.65451124488026891 3.7792589689197476 6.3070354654118992 293.56498710492087 0.06417501432588324 0.070389701388193227 0.53956880792975415 2.1091542296944681 1.0556944431737054 0.82887417936581198
leaf_count=1191 233 113 8912 82580 41 259 75 6453 843 370
internal_value=2.77252e-10 0.000462967 0.000977184 0.000365548 -0.0417833 -0.00942532 -0.0462189 -0.0430059 -0.0439535 -0.0432724
internal_weight=310.426 307.347 303.651 299.872 3.69601 0.134565 3.07865 3.56144 2.53908 1.88457
internal_count=101070 99549 91605 91492 7944 300 1521 7644 1446 1213
is_linear=0
shrinkage=0.04


Tree=96
num_leaves=15
num_cat=0
split_feature=30 7 18 6 32 16 38 32 23 25 9 13 7 9
split_gain=4.08917 14.8104 11.2046 12.3335 7.11499 4.77596 5.3203 5.1901 9.05943 7.6217 3.2294 2.28017 1.39471 1.28457
threshold=3.5000000000000004 -0.41027496755123133 -0.067967392504215227 0.026584777049720291 0.17192476114649682 0.60208333333333341 0.98601330203442894 0.20842198581560287 1.0000000180025095e-35 -0.017324566841125485 28.500000000000004 0.6312367618083955 -0.42971439659595484 5.5000000000000009
decision_type=2 2 2 2 2 2 2 2 2 2 2 2 2 2
left_child=1 4 3 -3 -1 7 10 9 -9 -2 -7 -4 -6 -8
right_child=5 2 11 -5 12 6 13 8 -10 -11 -12 -13 -14 -15
leaf_value=-0.045696249840346044 -0.0037766995728975854 -0.034021686874072504 -0.017879958408771747 0.023604083733337933 0.019967426552799789 -0.03431914013252356 0.041560317383351184 0.0032169303740630355 -0.039029332670754022 0.029898750205703564 0.016208564654519156 -0.044273797315351679 0.042851784415712524 0.00093199953419363494
leaf_weight=2.2527333477628444 17.940510185657331 10.085379629388628 7.0924234884296338 14.466785075026563 9.8549424038210436 13.712242795285425 2.3928911943003177 164.17539546760599 8.544329248932625 26.842575309347012 2.3743073511359389 20.018508367578761 7.5070857292157589 2.5959747202578001
leaf_count=953 7475 6745 6206 835 419 9328 96 28989 17447 4829 465 16833 147 303
internal_value=-8.61816e-10 -0.0084069 -0.0196418 -6.70581e-05 0.0211845 0.00251165 -0.0156694 0.00427335 0.00112704 0.0164081 -0.0268615 -0.037369 0.0298623 0.0204192
internal_weight=309.856 71.2779 51.6631 24.5522 19.6148 238.578 21.0754 217.503 172.72 44.7831 16.0866 27.1109 17.362 4.98887
internal_count=101070 32138 30619 7580 1519 68932 10192 58740 46436 12304 9793 23039 566 399
is_linear=0
shrinkage=0.04


Tree=97
num_leaves=15
num_cat=0
split_feature=11 29 15 0 10 1 18 3 8 29 18 35 32 35
split_gain=4.06499 12.8122 7.63247 6.83072 5.65914 5.47825 5.47756 5.42215 4.12126 0.440486 0.407723 0.187743 0.154892 0.0244249
threshold=0.0098692751489579695 0.010410954244434835 18.171517372131351 -0.028898552060127255 0.01517697609961033 -0.12106302380561827 -0.042514195665717118 -0.070523649454116807 -0.51960074901580799 0.0079330035950988548 0.050758084282279022 -0.067068602889776216 0.83203053435114516 -0.06158297881484031
decision_type=2 2 2 2 2 2 2 2 2 2 2 2 2 2
left_child=2 11 9 8 5 -3 -5 -6 -4 -1 -11 12 -2 -13
right_child=1 4 3 6 7 -7 -8 -9 -10 10 -12 13 -14 -15
leaf_value=-0.00013319937030247832 -0.048763267249410783 0.015348223125917642 0.014535799478583925 0.032499618097894721 -0.010148077160435266 -0.043095377958614227 -0.032330940391187279 0.0042618571851318838 -0.035692609657476643 -0.04195920645567898 0.036238883355137655 -0.051516831150757753 -0.06863814120072402 -0.044947607618903714
leaf_weight=0.49347610145923582 1.2005907556449531 3.5910612183506592 5.2517503337294329 26.212039885707782 53.553746694673464 8.991658208993611 2.2654168419903753 190.03795524868838 5.2031754858762707 4.2607199512513034 0.10942226124461729 1.1081990257953291 1.314103288343176 4.9527892526821216
leaf_count=257 439 600 1000 3949 24372 9923 3853 44232 3546 5788 234 216 125 2536
internal_value=6.32382e-10 -0.00186736 0.0112884 0.0171904 -0.000257385 -0.0264158 0.0273423 0.00109383 -0.0104617 -0.0359561 -0.0400012 -0.049961 -0.0591493 -0.0461487
internal_weight=308.546 264.75 43.796 38.9324 256.174 12.5827 28.4775 243.592 10.4549 4.86362 4.37014 8.57568 2.51469 6.06099
internal_count=101070 82443 18627 12348 79127 10523 7802 68604 4546 6279 6022 3316 564 2752
is_linear=0
shrinkage=0.04


Tree=98
num_leaves=15
num_cat=0
split_feature=11 29 15 0 8 37 0 30 8 26 18 27 35 32
split_gain=4.10227 12.3754 7.21636 6.2758 5.47157 5.24063 8.71535 4.66863 3.89418 0.49669 1.17214 0.211014 0.128059 0.0984297
threshold=0.0098692751489579695 0.010410954244434835 18.171517372131351 -0.028898552060127255 -0.24618433415889737 1.5000000000000002 0.058351719751954086 5.5000000000000009 -0.51960074901580799 -0.083879649639129625 -0.084804385900497423 0.39568313956260687 -0.06158297881484031 0.72921215429403208
decision_type=2 2 2 2 2 2 2 2 2 2 2 2 2 2
left_child=2 12 9 8 -5 7 -7 -3 -4 11 -11 -1 13 -2
right_child=1 5 3 4 -6 6 -8 -9 -10 10 -12 -13 -14 -15
leaf_value=-0.044024225943185787 -0.045678253853486367 0.0031709687509344181 0.014093595574871803 0.030744983746593797 -0.045034581317245699 -0.025521359532156503 0.012573207092659595 -0.038204933001614941 -0.035016192225630988 0.080424696520257868 -0.030805858624073462 0.0028478695438066272 -0.044799733334435057 -0.059553224061246114
leaf_weight=3.5737714441893336 1.2621946815052072 207.81127941190789 5.3104232359910384 27.290166718539695 1.614701575301299 29.106326435496158 14.344702502472499 4.4568723776574179 5.0309316734019358 0.18558242028302629 0.82742507568764156 0.1605797980682836 5.0818869902868737 2.3248150408035144
leaf_count=4244 506 32053 1000 4723 3079 37090 3081 6903 3546 131 1058 846 2536 274
internal_value=2.02471e-10 -0.00188192 0.0113098 0.0169442 0.0265117 -0.000288541 -0.012945 0.00230222 -0.00979766 -0.03527 -0.0104285 -0.0420087 -0.0488842 -0.0546709
internal_weight=308.382 264.388 43.9936 39.2462 28.9049 255.719 43.451 212.268 10.3414 4.74736 1.01301 3.73435 8.6689 3.58701
internal_count=101070 82443 18627 12348 7802 79127 40171 38956 4546 6279 1189 5090 3316 780
is_linear=0
shrinkage=0.04


Tree=99
num_leaves=14
num_cat=0
split_feature=11 29 15 15 32 13 10 20 3 29 36 11 35
split_gain=4.29502 12.607 6.74757 6.02993 6.46521 5.19842 5.14488 5.26714 5.09688 0.57233 0.42349 0.216566 0.0900042
threshold=0.0098692751489579695 0.010410954244434835 18.171517372131351 30.12030124664307 0.85644261043793546 0.83361852169036876 0.01517697609961033 0.090351654846335713 -0.070523649454116807 0.0079330035950988548 0.75668397144711241 0.37074539065361029 -0.076683402061462388
decision_type=2 2 2 2 2 2 2 2 2 2 2 2 2
left_child=2 11 9 5 -5 -4 7 -3 -8 -1 -11 12 -2
right_child=1 6 3 4 -6 -7 8 -9 -10 10 -12 -13 -14
leaf_value=0.0055539014297640308 -0.066621104701654735 0.017765642410670447 0.035300031521428646 -0.026246741387903314 0.02663023164422294 -0.02873006502741797 -0.010026069593092799 -0.041708332856828324 0.0040189124103719347 -0.041411643789378998 0.040366180068201737 -0.077645749050803903 -0.046895140435868177
leaf_weight=0.51186380148283106 0.38821796319098112 3.2575210666982448 21.898156076724266 8.3872746957786131 6.6197951231733887 2.235863497506215 52.840659022440377 8.8701426678016997 189.96220115899632 3.9671126079701935 0.10397477642618458 0.40855975262820798 7.9252676887845128
leaf_count=257 116 867 3198 6288 592 2270 24372 9656 44232 5748 274 6 3194
internal_value=-5.49992e-10 -0.00192554 0.0116108 0.0169877 -0.00292209 0.0293681 -0.000307651 -0.0257335 0.000962333 -0.0343108 -0.0393231 -0.0492136 -0.0478163
internal_weight=307.377 263.653 43.724 39.1411 15.0071 24.134 254.931 12.1277 242.803 4.58295 4.07109 8.72205 8.31349
internal_count=101070 82443 18627 12348 6880 5468 79127 10523 68604 6279 6022 3316 3310
is_linear=0
shrinkage=0.04


end of trees

feature_importances:
ma90_dev=110
family_ma90_rank=105
pos_60=86
vol_ratio=76
price_band=72
vol_7=66
dd_60=65
mkt_vol_14=58
family_r30_rank=54
up_14=52
r_30=46
family_code=44
family_vol_rank=42
family_median7=39
r_14=29
ma30_dev=27
peer_rank_3=27
peer_med_7=26
rsi_14=24
family_r7_rank=23
family_breadth7=23
mkt_r_30=22
dsl_30=21
peer_rs7=21
breadth7=21
band_r7_rank=21
above_ma30=18
r_3=17
r_7=17
r_1=14
peer_breadth1=14
peer_rank_7=11
peer_rank_1=10
mkt_r_7=9
ma7_dev=8
peer_med_1=7
up_7=6
cat_code=1
regime=1

parameters:
[boosting: gbdt]
[objective: lambdarank]
[metric: ndcg]
[tree_learner: serial]
[device_type: cpu]
[data_sample_strategy: bagging]
[data: ]
[valid: ]
[num_iterations: 100]
[learning_rate: 0.04]
[num_leaves: 15]
[num_threads: 2]
[seed: 389]
[deterministic: 0]
[force_col_wise: 0]
[force_row_wise: 0]
[histogram_pool_size: -1]
[max_depth: 4]
[min_data_in_leaf: 150]
[min_sum_hessian_in_leaf: 0.001]
[bagging_fraction: 1]
[pos_bagging_fraction: 1]
[neg_bagging_fraction: 1]
[bagging_freq: 0]
[bagging_seed: 27313]
[bagging_by_query: 0]
[feature_fraction: 1]
[feature_fraction_bynode: 1]
[feature_fraction_seed: 24186]
[extra_trees: 0]
[extra_seed: 31967]
[early_stopping_round: 0]
[early_stopping_min_delta: 0]
[first_metric_only: 0]
[max_delta_step: 0]
[lambda_l1: 0]
[lambda_l2: 0]
[linear_lambda: 0]
[min_gain_to_split: 0]
[drop_rate: 0.1]
[max_drop: 50]
[skip_drop: 0.5]
[xgboost_dart_mode: 0]
[uniform_drop: 0]
[drop_seed: 23585]
[top_rate: 0.2]
[other_rate: 0.1]
[min_data_per_group: 100]
[max_cat_threshold: 32]
[cat_l2: 10]
[cat_smooth: 10]
[max_cat_to_onehot: 4]
[top_k: 20]
[monotone_constraints: ]
[monotone_constraints_method: basic]
[monotone_penalty: 0]
[feature_contri: ]
[forcedsplits_filename: ]
[refit_decay_rate: 0.9]
[cegb_tradeoff: 1]
[cegb_penalty_split: 0]
[cegb_penalty_feature_lazy: ]
[cegb_penalty_feature_coupled: ]
[path_smooth: 0]
[interaction_constraints: ]
[verbosity: -1]
[saved_feature_importance_type: 0]
[use_quantized_grad: 0]
[num_grad_quant_bins: 4]
[quant_train_renew_leaf: 0]
[stochastic_rounding: 1]
[linear_tree: 0]
[max_bin: 255]
[max_bin_by_feature: ]
[min_data_in_bin: 3]
[bin_construct_sample_cnt: 200000]
[data_random_seed: 1308]
[is_enable_sparse: 1]
[enable_bundle: 1]
[use_missing: 1]
[zero_as_missing: 0]
[feature_pre_filter: 1]
[pre_partition: 0]
[two_round: 0]
[header: 0]
[label_column: ]
[weight_column: ]
[group_column: ]
[ignore_column: ]
[categorical_feature: ]
[forcedbins_filename: ]
[precise_float_parser: 0]
[parser_config_file: ]
[objective_seed: 23528]
[num_class: 1]
[is_unbalance: 0]
[scale_pos_weight: 1]
[sigmoid: 1]
[boost_from_average: 1]
[reg_sqrt: 0]
[alpha: 0.9]
[fair_c: 1]
[poisson_max_delta_step: 0.7]
[tweedie_variance_power: 1.5]
[lambdarank_truncation_level: 30]
[lambdarank_norm: 1]
[label_gain: ]
[lambdarank_position_bias_regularization: 0]
[eval_at: 1,2,3,4,5]
[multi_error_top_k: 1]
[auc_mu_weights: ]
[num_machines: 1]
[local_listen_port: 12400]
[time_out: 120]
[machine_list_filename: ]
[machines: ]
[gpu_platform_id: -1]
[gpu_device_id: -1]
[gpu_device_id_list: ]
[gpu_use_dp: 0]
[num_gpu: 1]

end of parameters

pandas_categorical:[]
