tree
version=v4
num_class=1
num_tree_per_iteration=1
label_index=0
max_feature_idx=38
objective=lambdarank
feature_names=r_1 r_3 r_7 r_14 r_30 ma7_dev ma30_dev ma90_dev dd_60 dsl_30 up_7 up_14 pos_60 vol_ratio vol_7 rsi_14 peer_breadth1 peer_med_1 peer_med_7 peer_rank_1 peer_rank_3 peer_rank_7 peer_rs7 cat_code regime mkt_r_7 mkt_r_30 breadth7 above_ma30 mkt_vol_14 family_code family_r7_rank family_r30_rank family_ma90_rank family_vol_rank family_median7 family_breadth7 price_band band_r7_rank
feature_infos=[-0.47419354319572449:1.5837639570236206] [-0.55553102493286133:1.384615421295166] [-0.65712469816207886:1.687282919883728] [-0.82727271318435669:2.2282443046569824] [-0.87590360641479492:3.8378829956054688] [-0.47074148058891296:0.91530299186706543] [-0.74829602241516113:1.4866945743560791] [-0.82657670974731445:2.3249752521514893] [-0.91416668891906738:0] [0:29] [0:6.15625] [0:9.9375] [0:1] [0:2.1981148719787598] [0:0.47418627142906189] [0:100] [0:1] [-0.22594289481639862:0.33495146036148071] [-0.40462219715118408:0.71902459859848022] [0.0053191489361702126:1] [0.0053191489361702126:1] [0.0053191489361702126:1] [-0.55632197856903076:1.6942890882492065] [0:2] none [-0.26047474145889282:0.024204611778259277] [-0.36031150817871094:-0.016985118389129639] [0.021612634882330894:0.44996121525764465] [0.013289036229252815:0.51100242137908936] [0.0076354243792593479:0.048532072454690933] [1:7] [0.0040000000000000001:1] [0.0040000000000000001:1] [0.0040000000000000001:1] [0.0040000000000000001:1] [-0.32068654894828796:0.074094958603382111] [0:0.90625] [0:4] [0.012500000000000001:1]
tree_sizes=1556 1768 1759 1755 1761 1765 1758 1765 1772 1760 1755 1761 1659 1761 1659 1769 1758 1769 1764 1772 1763 1651 1755 1761 1759 1758 1655 1766 1646 1665 1756 1655 1764 1670 1765 1655 1768 1765 1764 1759 1777 1773 1762 1649 1758 1651 1658 1777 1658 1769 1777 1665 1550 1777 1780 1782 1791 1785 1770 1668 1770 1784 1684 1781 1674 1766 1675 1780 1664 1451 1228 1777 1780 1679 1444 1338 1435 1550 1228 1439 1448 1555 1451 1112 1565 1435 1440 1341 1454 1112 1444 1443 1446 1333 1551 1435 1450 1333 1445 1447

Tree=0
num_leaves=13
num_cat=0
split_feature=23 30 27 34 29 27 29 25 8 7 33 25
split_gain=151.084 177.907 25.7506 19.7272 17.8924 17.1548 14.1326 7.53899 1.82939 0.90727 1.2133 0.454233
threshold=1.5000000000000002 1.5000000000000002 0.37517923116683966 0.49897959183673474 0.0090180039405822771 0.42571561038494116 0.0098213627934455889 -0.018176227807998654 -0.49060131609439844 -0.024076612666249272 0.90430157261794653 -0.0037303864955902095
decision_type=2 2 2 2 2 2 2 2 2 2 2 2
left_child=1 3 4 8 -3 9 -5 -4 -1 11 -11 -2
right_child=5 2 7 6 -6 -7 -8 -9 -10 10 -12 -13
leaf_value=-0.033483520569759312 -0.078778338339606763 -0.022631428789366508 0.06331827014622185 0.054319393774441636 0.070626636169648843 0.026908755129204195 -0.031799519597186965 -0.028196050630771442 -0.07970180254907859 -0.080000000000000016 0.0018702936330852874 -0.05583802905544958
leaf_weight=1.5024399590256532 33.088439949802705 3.4634180274442761 1.8455071318312546 3.4831746301497359 66.380533145056688 2.7570652762660748 24.45496530928358 6.5599461958627199 15.573636387758595 0.62265896424651035 0.54150143056176603 1.4411716097965825
leaf_count=68 4245 2128 1436 99 51399 185 1903 4414 1819 102 283 177
internal_value=4.14911e-10 0.0215938 0.0580419 -0.0417647 0.0660022 -0.0692244 -0.0210627 -0.0081031 -0.0756353 -0.0766499 -0.0419186 -0.0778209
internal_weight=161.714 123.264 78.2494 45.0142 69.844 38.4508 27.9381 8.40545 17.0761 35.6938 1.16416 34.5296
internal_count=68258 63266 59377 3889 53527 4992 2002 5850 1887 4807 385 4422
is_linear=0
shrinkage=0.04


Tree=1
num_leaves=15
num_cat=0
split_feature=4 38 8 6 30 7 15 32 37 29 26 7 3 7
split_gain=166.877 70.8546 35.6278 31.7878 30.4022 25.0958 19.2343 17.6274 10.0029 13.7954 7.47165 5.75161 3.644 13.9237
threshold=0.069969184696674361 0.28232998885172805 -0.18059951812028882 -0.16874888539314267 3.5000000000000004 -0.43135750293731684 20.640961647033695 0.9743039506988006 1.5000000000000002 0.012276355177164079 -0.058439433574676507 0.034273285418748863 0.16900615394115451 0.041542630642652519
decision_type=2 2 2 2 2 2 2 2 2 2 2 2 2 2
left_child=1 3 4 5 -3 -1 -5 8 10 -10 -2 -4 13 -9
right_child=7 2 11 6 -6 -7 -8 12 9 -11 -12 -13 -14 -15
leaf_value=-0.034207485316592026 0.043611437386348831 -0.033240975518291409 -0.066706919166530265 0.023469836408385802 -0.00091709152142556948 0.037305710704378998 -0.026359450144544591 0.070643756104524447 0.045592781064818136 -0.048319789408684519 -0.0092876421616309365 0.0044022898932805149 0.068993690400187102 -0.0098219445411522142
leaf_weight=8.9693871508061402 35.890828810532184 109.67324182392258 34.075792243358592 17.777965164394118 80.896953669351205 62.992030190736841 40.930200404824063 11.254284529368308 4.4647596035647421 5.6949184464283462 4.8493021950343964 1.9226285212280334 34.90185747097712 4.9558980625079121
leaf_count=1208 2644 11769 9860 2007 22274 4109 9161 222 274 2057 892 396 826 559
internal_value=-1.16195e-10 -0.0128849 -0.0264135 0.0105724 -0.0195195 0.0283922 -0.0112702 0.0451219 0.0284597 -0.00704909 0.0373149 -0.0629091 0.0617149 0.0460432
internal_weight=459.25 357.238 226.569 130.67 190.57 71.9614 58.7082 102.012 50.8998 10.1597 40.7401 35.9984 51.112 16.2102
internal_count=68258 60784 44299 16485 34043 5317 11168 7474 5867 2331 3536 10256 1607 781
is_linear=0
shrinkage=0.04


Tree=2
num_leaves=15
num_cat=0
split_feature=4 8 11 19 16 27 27 29 32 8 33 12 33 29
split_gain=358.779 44.1378 42.6228 20.5824 16.291 13.7598 13.5532 11.8029 14.6858 11.7842 11.6465 4.33187 2.80377 2.52081
threshold=0.050747379660606391 -0.61215609312057484 0.20786875486373904 0.057417582417582429 0.28647416413373866 0.42571561038494116 0.099852375686168685 0.03383824601769448 0.94895788102475043 -0.49697509407997126 0.95824616457461664 0.029724436812102798 0.63395774976657338 0.019942346028983596
decision_type=2 2 2 2 2 2 2 2 2 2 2 2 2 2
left_child=1 6 3 -2 -5 9 11 10 -9 -3 -4 -1 -7 -8
right_child=2 5 7 4 -6 12 13 8 -10 -11 -12 -13 -14 -15
leaf_value=0.0069212377773878175 0.054684995914942969 -0.026064397379361358 0.029931114724352587 0.01331514928216504 -0.030310804154565388 0.020625225703986252 -0.0090142650988218036 0.053634325959166944 -0.031698478896922365 -0.054961993865459129 0.055745756607313166 0.068185803322155319 -0.050670981834509084 -0.068753090332086458
leaf_weight=2.4925762289785762 12.87744554117671 27.168547678287723 38.436001274880255 42.165263785354909 20.283845425845357 5.4799548600858534 3.7388624331360907 6.1413694797956833 6.7997366618365049 133.64688347461197 102.62241538306989 7.1255992574733682 1.0519441547803579 1.6198165073146809
leaf_count=477 238 5871 1859 2676 2275 1494 852 297 213 49589 985 176 668 588
internal_value=1.97878e-09 -0.0418807 0.033297 0.00863998 -0.000854822 -0.0477684 0.0239066 0.0453576 0.00879731 -0.05008 0.0487117 0.0523089 0.00914317 -0.0270721
internal_weight=411.65 182.324 229.326 75.3266 62.4491 167.347 14.9769 154 12.9411 160.815 141.058 9.61818 6.5319 5.35868
internal_count=68258 59715 8543 5189 4951 57622 2093 3354 510 55460 2844 653 2162 1440
is_linear=0
shrinkage=0.04


Tree=3
num_leaves=15
num_cat=0
split_feature=4 8 32 22 33 11 29 27 35 13 30 14 7 1
split_gain=352.199 76.1623 34.1432 19.2657 15.3381 15.0979 13.3246 12.2243 8.25997 8.0537 6.32812 5.14987 4.38241 0.901015
threshold=0.069969184696674361 -0.61215609312057484 0.87525933609958517 -0.23603519052267072 0.079571962824452933 0.20786875486373904 0.011628537904471161 0.42571561038494116 -0.075101859867572771 1.1313050985336306 2.5000000000000004 0.08766727522015573 -0.23130851984024045 -0.017008909955620762
decision_type=2 2 2 2 2 2 2 2 2 2 2 2 2 2
left_child=1 4 8 -3 13 6 -4 -5 11 -7 -6 -2 -10 -1
right_child=2 3 5 7 10 9 -8 -9 12 -11 -12 -13 -14 -15
leaf_value=-0.041961329864658337 -0.021915751850654027 0.05748106900265465 0.038167818458923565 -0.05619183136153387 0.063665873792534425 0.034352032566180746 -0.0084790096508985009 -0.0050813591412069816 0.032214749732792029 0.052111532448890774 0.013742838789286227 0.067171607636558536 -0.049066006032306139 -0.0079430845209766503
leaf_weight=3.8197525196883388 1.9645934929139901 2.541774411161895 20.735117676144 145.09259165592084 10.826542393944694 77.386433505918831 18.574989533342887 7.8946884250617577 1.1841589671676036 86.548856422072276 6.5024364956188938 2.2017317733261734 10.23365648370236 1.8486427213647401
leaf_count=1048 327 109 548 56394 218 1559 2053 2185 95 912 444 26 1954 386
internal_value=-7.87439e-10 -0.0416933 0.0340144 -0.0517397 0.0262498 0.0383895 0.016126 -0.0535543 -0.0230452 0.0437281 0.044933 0.0251633 -0.0406363 -0.0308669
internal_weight=397.356 178.526 218.83 155.529 22.9974 203.245 39.3101 152.987 15.5841 163.935 17.329 4.16633 11.4178 5.6684
internal_count=68258 60784 7474 58688 2096 5072 2601 58579 2402 2471 662 353 2049 1434
is_linear=0
shrinkage=0.04


Tree=4
num_leaves=15
num_cat=0
split_feature=4 2 32 8 37 13 27 5 7 29 7 33 17 22
split_gain=334.256 78.3229 21.6319 17.91 15.1638 14.4624 13.1851 9.17399 8.62313 6.18467 3.27347 2.51784 1.63257 1.21167
threshold=0.069969184696674361 -0.28283379971981043 0.84969209263666945 -0.61215609312057484 1.0000000180025095e-35 0.83778995275497448 0.44942869246006018 -0.1061887927353382 0.18321578949689868 0.018587748520076278 -0.23294907063245771 0.48617482161060149 0.021036827005445961 -0.012486752122640608
decision_type=2 2 2 2 2 2 2 2 2 2 2 2 2 2
left_child=1 4 10 9 11 7 -5 -4 -7 -3 -2 -1 -12 -6
right_child=2 3 5 6 13 8 -8 -9 -10 -11 12 -13 -14 -15
leaf_value=0.029625181508248413 0.020171312737862813 0.01587291998489436 0.053272626091699957 -0.056138177013183049 -0.05595884111913893 0.027610085118741953 0.062543667494918104 0.0077343913129805878 0.047367211440217216 -0.061938629011800889 -0.058231590024870876 0.062485288161805777 0.017580923623446789 0.0057371854774472117
leaf_weight=5.9160593767883318 1.2668968819780273 8.0881841220398183 8.64214505383279 141.04806846220163 2.6466504331911014 52.073418570274953 1.5138134351000179 39.114747921485105 110.03189449949423 2.0482495687901965 4.9263869115093248 10.100711968028916 0.50066205652547058 0.63068499637301645
leaf_count=374 117 1003 189 57038 655 1804 794 2525 1123 675 1533 158 183 87
internal_value=5.83028e-10 -0.0416301 0.0330633 -0.0512251 0.0343071 0.0353211 -0.0548779 0.015975 0.0410206 0.000149691 -0.0377228 0.0503479 -0.0512377 -0.0440862
internal_weight=388.549 171.992 216.556 152.698 19.2941 209.862 142.562 47.7569 162.105 10.1364 6.69395 16.0168 5.42705 3.27734
internal_count=68258 60784 7474 59510 1274 5641 57832 2714 2927 1678 1833 532 1716 742
is_linear=0
shrinkage=0.04


Tree=5
num_leaves=15
num_cat=0
split_feature=4 2 32 37 13 8 19 27 32 28 20 7 17 21
split_gain=303.622 61.9526 23.1975 17.7595 13.9022 11.3134 10.8896 10.3724 8.32128 4.61272 4.16062 2.87307 1.40503 0.84035
threshold=0.050747379660606391 -0.24717724323272702 0.84969209263666945 1.0000000180025095e-35 1.2005036473274233 -0.62160107493400563 0.031582446808510641 0.44942869246006018 0.97912308228730838 0.075846783816814436 0.16714836223506746 -0.26367595791816706 0.031239662319421772 0.58578637510513043
decision_type=2 2 2 2 2 2 2 2 2 2 2 2 2 2
left_child=1 3 11 10 6 9 -4 -7 -6 -3 -1 -2 -13 -5
right_child=2 5 4 13 8 7 -8 -9 -10 -11 -12 12 -14 -15
leaf_value=0.051946147294298639 0.023181960703555934 0.026842063419318794 0.057037373217715709 -0.063332071068994675 0.024614749711279808 -0.054913525173029137 0.018528942036120117 0.028854016351221701 0.05046895833788094 -0.035585691940119721 0.0072730710801448039 -0.053875508542632851 0.018680256684188198 -0.0056773518172115811
leaf_weight=12.647253569477476 1.0335131085012106 3.9334078633983145 13.373015308054162 3.2629678127123039 27.036433963105083 132.51436105786706 96.786347711167764 2.4080716713069696 75.651517681893893 3.6520201622042805 4.5306471751537165 5.9607626332435748 0.45998681648052286 0.46173070522490878
leaf_count=356 89 316 125 1085 806 55604 4841 788 386 1023 453 2116 180 90
internal_value=-2.34419e-10 -0.0413136 0.0306447 0.022995 0.0330737 -0.0507462 0.0232037 -0.0534185 0.0436619 -0.00321391 0.0401637 -0.0387144 -0.0486776 -0.0561849
internal_weight=383.712 163.41 220.302 20.9026 212.847 142.508 110.159 134.922 102.688 7.58543 17.1779 7.45426 6.42075 3.7247
internal_count=68258 59715 8543 1984 6158 57731 4966 56392 1192 1339 809 2385 2296 1175
is_linear=0
shrinkage=0.04


Tree=6
num_leaves=15
num_cat=0
split_feature=4 2 32 37 37 29 27 8 11 28 13 20 10 6
split_gain=261.135 61.0754 21.6319 20.8541 15.0552 12.0449 9.99959 9.6682 8.57055 7.41878 7.06542 3.54017 2.4163 2.33929
threshold=0.050747379660606391 -0.24717724323272702 0.98123532863849772 1.5000000000000002 1.0000000180025095e-35 0.012276355177164079 0.44942869246006018 -0.62160107493400563 0.20786875486373904 0.32060588896274572 1.0875195264816286 0.16714836223506746 0.16862305998802188 -0.060581022873520844
decision_type=2 2 2 2 2 2 2 2 2 2 2 2 2 2
left_child=1 4 3 8 11 -5 7 -3 -2 10 -4 -1 -11 -8
right_child=2 6 9 5 -6 -7 13 -9 -10 12 -12 -13 -14 -15
leaf_value=0.046898895250861314 0.0039322009478230642 -0.0054866940472386196 0.024933296579629317 0.010750654611928361 -0.054561078011195772 -0.055911003290513558 0.068401533056240457 -0.053016360166945491 0.031542694704185983 0.030706095327443911 0.049909677532486131 0.0056426979699515821 0.00058531868072657616 -0.0078238854956453781
leaf_weight=14.146715814480563 26.056304441008251 7.2370982991706105 23.679185084620258 8.072476799279686 3.3847255798755205 9.3715172976662853 1.2478200652403759 127.21986051925342 58.090480539482087 8.4504195924673713 77.212452356470749 4.3515181695111087 8.5958841062383708 1.3316003222134885
leaf_count=356 2560 1332 673 471 1175 2544 143 55604 1629 163 365 453 138 652
internal_value=1.43135e-10 -0.0390523 0.0282704 0.0147415 0.0230017 -0.0250623 -0.0489615 -0.0504581 0.022993 0.039924 0.0440477 0.0371938 0.0155172 0.0290509
internal_weight=378.448 158.919 219.529 101.591 21.883 17.444 137.036 134.457 84.1468 117.938 100.892 18.4982 17.0463 2.57942
internal_count=68258 59715 8543 7204 1984 3015 57731 56936 4189 1339 1038 809 301 795
is_linear=0
shrinkage=0.04


Tree=7
num_leaves=15
num_cat=0
split_feature=4 2 32 37 37 27 8 13 29 26 36 19 33 33
split_gain=226.032 56.4279 19.9209 13.5334 13.2614 10.0322 7.98648 7.73638 7.24695 7.04959 7.03045 6.21781 3.34728 1.30163
threshold=0.050747379660606391 -0.24717724323272702 0.96253342245989315 1.0000000180025095e-35 1.5000000000000002 0.44942869246006018 -0.54697489738464344 1.0875195264816286 0.012276355177164079 -0.10331878066062926 0.29492524439332957 0.063041907514450879 0.19209635906185837 0.28697601871709894
decision_type=2 2 2 2 2 2 2 2 2 2 2 2 2 2
left_child=1 3 4 12 9 6 -3 11 -6 -2 -9 -4 -1 -7
right_child=2 5 7 -5 8 13 -8 10 -10 -11 -12 -13 -14 -15
leaf_value=-0.00077862505001213042 0.026172859005212077 -0.018514071993868612 0.046225117403456001 -0.056590082037323741 0.0048996601123663429 0.048318006215345648 -0.051679257773708909 0.046535904828055467 -0.062439945063597055 -0.0031894715435590005 0.021310192063915122 0.012930556145582302 0.042232045907326293 -0.020012666411586257
leaf_weight=3.5491845590004294 37.511653884532279 12.898587884352308 11.982693056343122 3.0337212788872412 4.5267044037464057 1.9222488847444759 116.9645603155077 78.161234583705664 5.8765056057891343 20.08940849051578 22.843753630993888 35.748709160936414 15.708660963806322 0.5808132973324972
leaf_count=349 1501 3645 105 1175 354 239 53291 499 2288 2099 260 1437 460 556
internal_value=-1.81265e-09 -0.0369411 0.0263597 0.0219351 0.0084254 -0.0468563 -0.0483851 0.0345595 -0.0331387 0.0159322 0.0408307 0.021289 0.0343053 0.0324625
internal_weight=371.398 154.658 216.741 22.2916 68.0043 132.366 129.863 148.736 10.4032 57.6011 101.005 47.7314 19.2578 2.50306
internal_count=68258 59715 8543 1984 6242 57731 56936 2301 2642 3600 759 1542 809 795
is_linear=0
shrinkage=0.04


Tree=8
num_leaves=15
num_cat=0
split_feature=32 8 14 37 19 28 4 27 32 10 28 7 29 25
split_gain=207.287 46.3362 26.8125 14.4371 13.2429 11.9759 11.9625 10.2906 9.73954 6.22823 6.08033 5.80636 3.8251 1.41774
threshold=0.84969209263666945 -0.61215609312057484 0.038511620834469802 2.5000000000000004 0.057417582417582429 0.075846783816814436 0.069969184696674361 0.42571561038494116 0.97231800766283538 1.0000000180025095e-35 0.30389104783535009 -0.43135750293731684 0.045099174603819854 -0.010539799928665159
decision_type=2 2 2 2 2 2 2 2 2 2 2 2 2 2
left_child=1 5 6 8 -5 11 -2 12 -4 -9 -8 -1 -3 -7
right_child=2 7 3 4 -6 13 10 9 -10 -11 -12 -13 -14 -15
leaf_value=-0.012575553142059175 -0.053381738818847425 -0.049147056104187369 0.018991692545907327 0.038248823390918764 -0.066034051123091769 -0.046231813354915906 -0.010081554322055151 0.053430712850758941 0.038502250571230558 -0.026347244906376334 0.040078074555709275 0.047777404327199798 0.0058106706794778017 0.022045361170055934
leaf_weight=3.1900351965596192 8.1416379848524247 118.89533343042422 61.01806612231303 3.3324457802809757 4.6912407029158203 3.9952754541009208 13.048534854082392 2.4466779798967755 124.39309620464337 4.3485838622436859 5.4950219919264773 12.722264778043611 2.0614415678428477 0.55407364561687966
leaf_count=561 3806 52254 3117 64 904 1183 1131 120 1272 1966 254 239 1259 128
internal_value=3.90874e-10 -0.0365688 0.0246229 0.0298081 -0.0227227 0.0193155 -0.0129635 -0.0455196 0.0320814 0.00237732 0.00478227 0.0356781 -0.0482104 -0.0379162
internal_weight=368.334 148.214 220.12 193.435 8.02369 20.4616 26.6852 127.752 185.411 6.79526 18.5436 15.9123 120.957 4.54935
internal_count=68258 57710 10548 5357 968 2111 5191 55599 4389 2086 1385 800 53513 1311
is_linear=0
shrinkage=0.04


Tree=9
num_leaves=15
num_cat=0
split_feature=32 8 14 32 37 11 28 27 29 12 29 30 29 7
split_gain=188.699 45.1259 26.8094 11.0108 10.5629 10.5039 10.4744 9.49813 8.32462 5.91973 5.11945 4.59816 3.66788 2.46158
threshold=0.84969209263666945 -0.61215609312057484 0.038511620834469802 0.97231800766283538 1.5000000000000002 0.17506324499845508 0.075846783816814436 0.42571561038494116 0.021704765968024734 0.048978254199028022 0.012276355177164079 2.5000000000000004 0.045099174603819854 0.041542630642652519
decision_type=2 2 2 2 2 2 2 2 2 2 2 2 2 2
left_child=1 6 5 4 -4 10 11 12 -5 -9 -2 -1 -3 -7
right_child=2 7 3 8 -6 13 -8 9 -10 -11 -12 -13 -14 -15
leaf_value=0.051152049095267382 -0.012493850696187395 -0.048022875057411041 0.019248068311813332 0.039315390156954309 -0.042283428368821395 0.042694457530177837 -0.037341552827118547 0.045137819762474329 0.012416711570210912 -0.030911785659528818 -0.056271486539408652 0.008319029146446489 0.0049816158549771351 -0.002741655628175051
leaf_weight=9.7576685436361057 9.0474304332747177 115.872358721419 57.108405112259788 110.98423271835782 4.84233007923467 4.3816329648252568 4.1753487625101107 2.8864298408152527 22.06925557507202 3.7854010261944495 8.1009601122641453 6.8077445089584208 2.1272118549095458 3.3790598015766591
leaf_count=241 1754 52254 2466 996 1419 162 1311 158 476 1928 3066 559 1259 209
internal_value=1.14754e-09 -0.0353534 0.0233765 0.0283681 0.0144385 -0.0157004 0.0192782 -0.0444421 0.0348538 0.00198951 -0.0331746 0.0335493 -0.0470673 0.0229113
internal_weight=365.325 145.412 219.913 195.004 61.9507 24.9091 20.7408 124.671 133.053 6.67183 17.1484 16.5654 118 7.76069
internal_count=68258 57710 10548 5357 3885 5191 2111 55599 1472 2086 4820 800 53513 371
is_linear=0
shrinkage=0.04


Tree=10
num_leaves=15
num_cat=0
split_feature=4 2 38 5 37 4 4 7 13 27 9 36 15 14
split_gain=171.715 56.011 17.3143 15.5844 12.0588 8.25221 10.2504 7.18527 4.95517 4.90866 4.64415 4.02792 3.50694 3.40649
threshold=0.069969184696674361 -0.24717724323272702 0.73192508710801396 -0.10091395303606986 1.0000000180025095e-35 0.54830113053321849 0.27640278637409216 -0.32366487383842463 1.0644061565399172 0.44942869246006018 24.500000000000004 0.26264983863531588 30.401481628417972 0.08766727522015573
decision_type=2 2 2 2 2 2 2 2 2 2 2 2 2 2
left_child=1 4 3 10 12 6 -4 9 -5 -3 -2 -7 -1 -9
right_child=2 7 5 8 -6 11 -8 13 -10 -11 -12 -13 -14 -15
leaf_value=0.010163027709225666 0.043281983758674106 -0.025063665284372122 0.030474292403071278 -0.010844751658005008 -0.051285786736718721 0.045657030243011314 -0.00039725269563807591 -0.047586863944755441 -0.063791848054962894 0.05890530132674153 -0.0015595241950492919 0.027675972521249245 0.046854593093556211 -0.0089293526238493279
leaf_weight=5.8757048776315122 13.116481716278942 18.396266846539223 53.333841913408833 24.438716989054232 2.8807737532188176 50.543963297619484 25.406026230630232 106.82177148404298 3.1981978540716218 1.1856923023005936 5.1449892028467721 32.912487527879421 14.339471807877997 3.7761209932796183
leaf_count=461 236 6733 2068 2851 1182 308 942 50481 396 36 298 375 356 1535
internal_value=7.56362e-10 -0.0321279 0.0236643 0.00197464 0.025279 0.0298021 0.0205134 -0.0423127 -0.0169719 -0.0199793 0.0306483 0.0385659 0.0361899 -0.046267
internal_weight=361.371 153.276 208.095 45.8984 23.096 162.196 78.7399 130.18 27.6369 19.582 18.2615 83.4565 20.2152 110.598
internal_count=68258 60784 7474 3781 1999 3693 3010 58785 3247 6769 534 683 817 52016
is_linear=0
shrinkage=0.04


Tree=11
num_leaves=15
num_cat=0
split_feature=32 8 30 32 37 38 9 27 13 12 33 35 10 32
split_gain=163.166 40.0366 23.4204 15.1278 14.9069 9.49203 9.25042 8.63482 7.86514 7.46275 6.13196 5.88455 2.67643 0.754523
threshold=0.84969209263666945 -0.61215609312057484 5.5000000000000009 0.97231800766283538 1.5000000000000002 0.20611577964519143 25.500000000000004 0.42571561038494116 1.1313050985336306 0.022123553790152076 0.079571962824452933 -0.021532671526074406 0.16862305998802188 0.9743039506988006
decision_type=2 2 2 2 2 2 2 2 2 2 2 2 2 2
left_child=1 5 3 4 -2 10 13 12 -5 -9 -1 -8 -3 -4
right_child=2 7 6 8 -6 -7 11 9 -10 -11 -12 -13 -14 -15
leaf_value=-0.016114409882342983 0.017000260801333603 -0.046018373088087719 -0.053101454225423526 0.018865235599467393 -0.038271135798531974 -0.02840224479526627 -0.05126727138024173 0.049631452854774834 0.039677838916183511 -0.033753180645476555 0.046827964958132864 0.045794075704484349 -0.017583291956087762 -0.080631527711406401
leaf_weight=3.1024422525370055 64.375689508218784 109.18788485018013 4.4703290502948203 42.954948882455938 8.8849551008606777 5.196918048488441 1.5482621795381417 2.9388916807947671 89.75824093943811 4.1314781407127157 12.273863633687141 2.8191876374185085 5.5662230704620006 2.4746082032797858
leaf_count=766 3332 51182 1988 1093 2705 1121 439 96 492 1990 224 151 2331 348
internal_value=1.18319e-09 -0.0332797 0.0218097 0.0248873 0.010297 0.0183327 -0.0342267 -0.0419958 0.0329415 0.000906733 0.0341282 0.0113858 -0.0446391 -0.0629109
internal_weight=359.684 142.398 217.286 205.974 73.2606 20.5732 11.3124 121.824 132.713 7.07037 15.3763 4.36745 114.754 6.94494
internal_count=68258 57710 10548 7622 6037 2111 2926 55599 1585 2086 990 590 53513 2336
is_linear=0
shrinkage=0.04


Tree=12
num_leaves=14
num_cat=0
split_feature=32 8 6 20 14 27 28 12 33 4 7 29 25
split_gain=145.761 39.4066 22.4565 26.4758 10.6819 9.66514 9.00204 8.33343 10.8925 6.06672 3.97073 3.0601 1.05059
threshold=0.84969209263666945 -0.61215609312057484 0.0807681940495968 0.057417582417582429 0.084108434617519393 0.42571561038494116 0.075846783816814436 0.427524283528328 0.94152390163028477 -0.27657516300678248 -0.43135750293731684 0.045099174603819854 -0.010539799928665159
decision_type=2 2 2 2 2 2 2 2 2 2 2 2 2
left_child=1 6 3 -2 -5 11 10 -4 -9 -7 -1 -3 -8
right_child=2 5 7 4 -6 9 12 8 -10 -11 -12 -13 -14
leaf_value=-0.0050058445667126115 0.044924991440642457 -0.044289903164187648 0.049741724345609487 -0.030229899192034001 0.022856159291188973 0.043391097428693563 -0.041735836832302864 -0.0018843640839128341 0.029030226381526379 -0.031181307029786269 0.042231083734665616 0.0040534668651671744 0.020804683290795222
leaf_weight=3.6345441059093018 13.919467325686126 110.46107742052118 24.032854402961675 30.265789920769748 7.5844956989167249 3.4002936381148174 3.5912212667462908 21.584223216661485 117.54120342066744 3.5866432017646721 13.144457739079373 2.1354872445954234 0.48818365624174109
leaf_count=561 219 52254 221 6686 368 383 1183 1396 1658 1703 239 1259 128
internal_value=2.98489e-11 -0.0316911 0.0207082 -0.00224547 -0.0195924 -0.0405403 0.0190419 0.0279913 0.0242341 0.00511043 0.031999 -0.043373 -0.0342516
internal_weight=355.37 140.442 214.928 51.7698 37.8503 119.584 20.8584 163.158 139.125 6.98694 16.779 112.597 4.0794
internal_count=68258 57710 10548 7273 7054 55599 2111 3275 3054 2086 800 53513 1311
is_linear=0
shrinkage=0.04


Tree=13
num_leaves=15
num_cat=0
split_feature=32 8 14 32 27 37 28 29 6 12 18 22 29 3
split_gain=134.762 36.5464 20.8247 10.636 9.90611 9.85232 8.23178 7.71911 7.62339 7.04257 6.05044 3.5188 3.02013 1.60153
threshold=0.84969209263666945 -0.61215609312057484 0.034979594871401794 0.97231800766283538 0.42571561038494116 1.5000000000000002 0.075846783816814436 0.021704765968024734 0.069223679602146163 0.022123553790152076 -0.021020057611167427 -0.083733744919300065 0.045099174603819854 0.14826557785272601
decision_type=2 2 2 2 2 2 2 2 2 2 2 2 2 2
left_child=1 6 8 5 12 -4 11 -5 13 -6 -10 -1 -3 -2
right_child=2 4 3 7 9 -7 -8 -9 10 -11 -12 -13 -14 -15
leaf_value=0.039154071532022251 -0.041638521261952964 -0.04309562180847723 0.014688341956516747 0.034456249138367964 0.048565620876540802 -0.045135342007570557 -0.034255703577389322 0.0086733029519617619 -0.029711906373633405 -0.030491524683593937 0.048089996019557234 -0.0055150247783558827 0.0052071171708134734 0.029306664417395573
leaf_weight=13.602794125763468 11.821940558613278 108.98925847439386 55.536414236979908 111.74637116375379 3.354260408319532 4.7840875570545895 3.9350526873022309 22.283926009899005 2.7929977274616249 3.898076276818756 3.7419455354101947 3.5601081672939499 2.1112206675461485 0.53201965405605811
leaf_count=381 4300 52254 2644 1060 96 1631 1311 493 283 1990 110 419 1259 27
internal_value=1.61351e-09 -0.0305753 0.0199951 0.0238921 -0.0392211 0.00994366 0.0179246 0.0301696 -0.0201013 0.006073 0.0148379 0.0298883 -0.0421777 -0.0385833
internal_weight=352.69 139.451 213.24 194.351 118.353 60.3205 21.098 134.03 18.8889 7.25234 6.53494 17.1629 111.1 12.354
internal_count=68258 57710 10548 5828 55599 4275 2111 1553 4720 2086 393 800 53513 4327
is_linear=0
shrinkage=0.04


Tree=14
num_leaves=14
num_cat=0
split_feature=32 8 6 20 14 27 12 33 38 4 33 29 11
split_gain=123.375 33.8941 17.1927 23.3675 9.51192 9.37871 8.20715 9.50539 7.61377 6.27996 4.99371 3.00808 0.540314
threshold=0.84969209263666945 -0.61215609312057484 0.0807681940495968 0.057417582417582429 0.084108434617519393 0.42571561038494116 0.427524283528328 0.9452918153562796 0.20611577964519143 -0.27657516300678248 0.079571962824452933 0.045099174603819854 0.025764800608158115
decision_type=2 2 2 2 2 2 2 2 2 2 2 2 2
left_child=1 8 3 -2 -5 11 -4 -8 10 -7 -1 -3 -10
right_child=2 5 6 4 -6 9 7 -9 12 -11 -12 -13 -14
leaf_value=-0.014247556451219079 0.040999090583210586 -0.041986287359024148 0.046413101532539872 -0.030021435039308143 0.020395518246831435 0.042251513165607747 -0.0034361798667075804 0.026027132502207961 -0.043921714909007668 -0.033186157088958473 0.04145150847818159 0.0064778258307373682 -0.016425858392258769
leaf_weight=3.2174699682509589 14.676197660388423 106.39581120423099 25.220280530978926 27.577267972534173 7.6477764552255385 3.7214461707044393 20.635274326603394 116.03742631121713 1.7708689207502164 3.3595817147288463 12.906036467204101 2.0893675941333631 3.2276505378831644
leaf_count=766 219 52254 221 6686 368 383 1455 1599 432 1703 224 1259 689
internal_value=1.52329e-11 -0.0296262 0.0191202 -0.00140714 -0.0190753 -0.0381416 0.0254475 0.0215787 0.0169651 0.00646024 0.0303367 -0.0410529 -0.0261671
internal_weight=348.482 136.688 211.794 49.9012 35.225 115.566 161.893 136.673 21.122 7.08103 16.1235 108.485 4.99852
internal_count=68258 57710 10548 7273 7054 55599 3275 3054 2111 2086 990 53513 1121
is_linear=0
shrinkage=0.04


Tree=15
num_leaves=15
num_cat=0
split_feature=32 8 14 11 27 37 9 38 28 10 33 1 12 18
split_gain=113.534 32.3129 16.0829 9.79274 8.98656 8.43301 12.9678 7.06461 6.14426 5.89207 4.42292 2.93439 2.29901 1.72586
threshold=0.84969209263666945 -0.61215609312057484 0.038511620834469802 0.17506324499845508 0.42571561038494116 1.0000000180025095e-35 17.500000000000004 0.20611577964519143 0.32060588896274572 1.0000000180025095e-35 0.079571962824452933 0.17663807421922686 0.92401009798049938 -0.021020057611167427
decision_type=2 2 2 2 2 2 2 2 2 2 2 2 2 2
left_child=1 7 3 12 11 8 -7 10 -4 -6 -1 -3 -2 -5
right_child=2 4 5 13 9 6 -8 -9 -10 -11 -12 -13 -14 -15
leaf_value=-0.012474242849054159 -0.037941978725664946 -0.0407768299655063 0.033725621509537382 0.0045804392662818043 0.046797479393526048 -0.025705930078253138 0.019226718495475616 -0.026591635668638237 0.0026753906480802424 -0.027067378030703776 0.039320290851284821 0.015590269875789665 0.027233569472314811 0.041759048615801271
leaf_weight=3.2956663568038556 13.304140938751516 105.15536988488748 88.365691641025478 4.3927180235332344 3.2023367810761547 11.880950733859207 76.117709848913364 4.7018186845525625 11.526817366509929 3.7527120715240017 13.217353068408555 1.4987643639469741 0.92623277055099684 3.6641492432681826
leaf_count=766 4730 52834 1388 266 120 1159 2404 1121 406 1966 224 679 90 105
internal_value=-1.30719e-09 -0.0286498 0.0183781 -0.0137491 -0.0371119 0.022189 0.0131602 0.0166662 0.0301427 0.00694247 0.0289831 -0.0399847 -0.0336998 0.0214887
internal_weight=345.002 134.824 210.178 22.2872 113.609 187.891 87.9987 21.2148 99.8925 6.95505 16.513 106.654 14.2304 8.05687
internal_count=68258 57710 10548 5191 55599 5357 3563 2111 1794 2086 990 53513 4820 371
is_linear=0
shrinkage=0.04


Tree=16
num_leaves=15
num_cat=0
split_feature=32 8 32 37 13 27 19 19 28 36 4 30 10 6
split_gain=104.797 31.0313 17.3888 17.2894 8.90246 8.65833 7.10427 6.83738 6.81757 5.67618 5.64132 3.82612 2.96907 0.970438
threshold=0.84969209263666945 -0.61215609312057484 0.97231800766283538 1.5000000000000002 1.0875195264816286 0.44482146203517919 0.063041907514450879 0.036375661375661381 0.075846783816814436 0.26264983863531588 -0.27657516300678248 2.5000000000000004 0.16862305998802188 -0.10761771723628043
decision_type=2 2 2 2 2 2 2 2 2 2 2 2 2 2
left_child=1 8 3 7 6 12 -4 -2 11 -6 -7 -1 -3 -10
right_child=2 5 4 -5 9 10 -8 -9 13 -11 -12 -13 -14 -15
leaf_value=0.04229969413440169 0.04267459974030105 -0.04044420536476525 0.038522290129903922 -0.044306279345924938 0.039176628844103979 0.04163094062105864 0.0011777288257359794 0.004583029737670735 -0.042997071194546661 0.017802369010939529 -0.038068048139859777 0.0046395018778532795 -0.0098044155270604148 0.0026122173354004058
leaf_weight=10.352307177789049 8.800341274822129 100.30061630946875 10.974083127919583 11.051097999472402 66.51502051515854 3.6486794101074338 31.677792163347476 52.631803618220147 2.9557073445175805 28.352565504043014 2.3274406041600733 7.4029209533473468 5.3290611535194321 0.99859564661164402
leaf_count=241 108 51780 86 4433 442 356 1360 3841 1033 278 1028 559 2435 278
internal_value=-7.02414e-10 -0.027737 0.0176082 0.00175394 0.0259646 -0.0362484 0.0107863 0.0100398 0.0160191 0.0327886 0.0105916 0.0265975 -0.0388984 -0.0314792
internal_weight=343.318 133.315 210.003 72.4832 137.519 111.606 42.6519 61.4321 21.7095 94.8676 5.97612 17.7552 105.63 3.9543
internal_count=68258 57710 10548 8382 2166 55599 1446 3949 2111 720 1384 800 54215 1311
is_linear=0
shrinkage=0.04


Tree=17
num_leaves=15
num_cat=0
split_feature=4 2 13 19 11 37 35 7 27 32 14 0 13 18
split_gain=98.0669 41.8175 15.4647 9.66276 12.2761 8.19564 8.00061 7.89529 6.59318 6.41145 4.51194 4.12831 3.34673 0.105712
threshold=0.069969184696674361 -0.24717724323272702 1.1313050985336306 0.031582446808510641 0.15659452974796298 1.0000000180025095e-35 -0.014419558458030222 -0.32366487383842463 0.44942869246006018 0.96888827433628333 0.08766727522015573 0.031254883855581291 0.78321376442909252 -0.11710049584507941
decision_type=2 2 2 2 2 2 2 2 2 2 2 2 2 2
left_child=1 5 3 -2 -5 12 9 8 -3 -4 -9 -8 -1 -7
right_child=2 7 6 4 -6 13 11 10 -10 -11 -12 -13 -14 -15
leaf_value=0.046920125282517378 0.037961385010330723 -0.020206412516487585 0.0070501248463607346 -0.028436870682642439 0.0094031198412327689 -0.046590111708915506 -0.036992241052595236 -0.041125273918706746 0.051201167951609207 0.035829781265096762 0.0040775244161774986 0.014940435188811139 0.014836193567734935 -0.023062252953737858
leaf_weight=11.041677988905581 12.637426128305377 16.611536203243308 14.482277306044123 18.17764021322364 55.908239220429095 2.2546035395353132 4.0252630336908606 96.07121004354849 2.3631490538828066 85.53430225077318 3.6679652644088483 6.2547643632424297 9.8357569700456207 0.35344696047831892
leaf_count=216 135 6733 809 3066 2613 1024 227 50481 36 467 1535 157 601 158
internal_value=-3.08423e-10 -0.0253155 0.0182715 0.00563321 0.000118736 0.0234531 0.0282087 -0.0349636 -0.0113132 0.0316625 -0.0394629 -0.0053944 0.0318048 -0.0434016
internal_weight=339.219 142.199 197.02 86.7233 74.0859 23.4855 110.297 118.714 18.9747 100.017 99.7392 10.28 20.8774 2.60805
internal_count=68258 60784 7474 5814 5679 1999 1660 58785 6769 1276 52016 384 817 1182
is_linear=0
shrinkage=0.04


Tree=18
num_leaves=15
num_cat=0
split_feature=4 2 13 19 11 7 37 32 38 14 35 14 13 18
split_gain=93.346 34.4184 15.1347 12.7672 10.1534 7.48311 6.84591 6.5078 8.27812 6.08769 3.85099 3.78649 2.63444 0.104835
threshold=0.050747379660606391 -0.24717724323272702 1.0875195264816286 0.031582446808510641 0.15333671122789386 -0.32366487383842463 1.0000000180025095e-35 0.97912308228730838 0.88741197183098597 0.0055135895963758239 -0.043355213478207581 0.0716880038380623 0.78321376442909252 -0.11710049584507941
decision_type=2 2 2 2 2 2 2 2 2 2 2 2 2 2
left_child=1 6 3 -2 -5 9 12 8 -4 -3 -9 -7 -1 -8
right_child=2 5 7 4 -6 11 13 10 -10 -11 -12 -13 -14 -15
leaf_value=0.043946428547209704 0.0395223440963118 0.053591164321248837 -0.030080539704058624 -0.028576094220869923 0.0064089263175483545 -0.040819691220354254 -0.045245835951026568 0.038102174984494329 0.021331611636830294 -0.019185460625416827 0.019952180657787394 -0.0076428028288792462 0.01431001949294256 -0.021654267842364218
leaf_weight=9.3671618289954548 13.701234800886594 2.0661974512622718 6.2723091931693515 17.99547791115765 50.576901990905753 89.947767449586536 2.1252780717331947 58.680354039184749 24.917742936566356 16.726728088920936 27.455635644233553 5.8628484779474084 9.8407802821020578 0.35117994199390157
leaf_count=213 134 53 805 3637 2647 48227 1017 264 809 6702 247 2749 596 158
internal_value=-1.01609e-10 -0.0255189 0.0174245 0.00427121 -0.00277221 -0.0342627 0.0206928 0.026648 0.0109926 -0.011184 0.0323169 -0.0387895 0.0287628 -0.0419004
internal_weight=335.888 136.288 199.6 82.2736 68.5724 114.604 21.6844 117.326 31.1901 18.7929 86.136 95.8106 19.2079 2.47646
internal_count=68258 59715 8543 6418 6284 57731 1984 2125 1614 6755 511 50976 809 1175
is_linear=0
shrinkage=0.04


Tree=19
num_leaves=15
num_cat=0
split_feature=4 2 13 19 11 35 7 37 27 32 21 11 13 18
split_gain=86.2523 32.9053 13.6053 9.03497 11.1228 7.03073 6.98126 6.32934 5.74178 5.54806 4.94709 3.76105 2.25768 0.107302
threshold=0.050747379660606391 -0.24717724323272702 1.1313050985336306 0.031582446808510641 0.15659452974796298 -0.014419558458030222 -0.32366487383842463 1.0000000180025095e-35 0.44942869246006018 0.96888827433628333 0.97182539682539693 0.2610295712947846 0.77519667148590099 -0.11710049584507941
decision_type=2 2 2 2 2 2 2 2 2 2 2 2 2 2
left_child=1 7 3 -2 -5 9 8 12 -3 -4 -7 -8 -1 -9
right_child=2 6 5 4 -6 10 11 13 -10 -11 -12 -13 -14 -15
leaf_value=0.042712823293405026 0.034912292435011281 -0.019445593880741456 0.0074653099939369369 -0.027140194982837023 0.0085696101692224191 0.016740105957921692 -0.039292176831581253 -0.044321794076783813 0.047494462276675843 0.033462364172691841 -0.04415617610083053 0.0056192880393204567 0.015200091483874753 -0.020368549352596025
leaf_weight=9.0712164835131315 13.859368508929036 16.273083351785321 15.572906024652182 18.524730957258726 56.587069016342866 5.3047890923626237 91.000709881664079 2.0387673285440573 2.3457184920553109 83.883000855654245 3.5715172350173816 3.0845434734510482 10.069506848201852 0.35069788779946609
leaf_count=207 144 6719 954 3792 2752 262 49582 1017 36 477 162 1394 602 158
internal_value=1.20803e-09 -0.0247352 0.0168284 0.00523795 -0.000237455 0.0263475 -0.0333911 0.0205762 -0.011012 0.0293917 -0.00776244 -0.0378198 0.028239 -0.0408062
internal_weight=331.538 134.234 197.303 88.9712 75.1118 108.332 112.704 21.5302 18.6188 99.4559 8.87631 94.0853 19.1407 2.38947
internal_count=68258 59715 8543 6688 6544 1855 57731 1984 6755 1431 424 50976 809 1175
is_linear=0
shrinkage=0.04


Tree=20
num_leaves=15
num_cat=0
split_feature=32 8 37 6 35 12 27 19 38 4 30 29 29 7
split_gain=77.8443 24.75 15.0867 9.69416 15.3277 7.37788 7.17971 6.7098 5.94166 4.01916 3.76743 2.90113 1.44563 0.66805
threshold=0.84969209263666945 -0.61215609312057484 2.5000000000000004 0.0807681940495968 -0.064347252249717699 0.427524283528328 0.44482146203517919 0.057417582417582429 0.20611577964519143 -0.27657516300678248 2.5000000000000004 0.045099174603819854 0.0079330035950988548 -0.51385137438774098
decision_type=2 2 2 2 2 2 2 2 2 2 2 2 2 2
left_child=1 8 3 4 -2 -5 11 -4 10 -8 -1 -3 -9 -10
right_child=2 6 7 5 -6 -7 9 12 13 -11 -12 -13 -14 -15
leaf_value=0.041543249704571732 0.018839225129293171 -0.036111117788489307 0.025266918600942458 0.042519676061242136 -0.033063144019587855 0.018736014862228208 0.038206840528766231 0.0028506896903306724 0.00064863895237815398 -0.032307186506966776 0.0026554665577117032 0.013958365817830847 -0.054049430537515465 -0.036303236638040269
leaf_weight=9.9050382470013627 25.781401669039038 97.049985679645033 2.6012308411300173 25.047461305686738 14.073228639819719 125.08512520841032 3.4450992268393748 0.79126704670488646 1.0374242257676112 2.0706538777449159 6.6702784630469969 1.887587717064888 7.3554877229762496 3.1895435829937888
leaf_count=313 2021 52956 77 205 3073 2464 356 96 271 1028 677 1259 2612 850
internal_value=-4.87911e-10 -0.0247448 0.0154404 0.0180486 0.000511771 0.022704 -0.0326797 -0.0306643 0.0150985 0.0117354 0.0258939 -0.0351559 -0.0485229 -0.0272341
internal_weight=325.991 125.256 200.735 189.987 39.8546 150.133 104.453 10.748 20.8023 5.51575 16.5753 98.9376 8.14675 4.22697
internal_count=68258 57710 10548 7763 5094 2669 55599 2785 2111 1384 990 54215 2708 1121
is_linear=0
shrinkage=0.04


Tree=21
num_leaves=14
num_cat=0
split_feature=4 2 13 19 11 7 8 8 37 27 14 15 18
split_gain=73.5161 28.9723 12.6811 8.14629 10.399 6.29754 5.6862 9.83551 5.40527 4.99094 3.8103 2.32099 0.107601
threshold=0.050747379660606391 -0.24717724323272702 1.1925425529479983 0.049390243902439034 0.13464573025703433 -0.32366487383842463 -0.31195509433746332 -0.2033162638545036 1.0000000180025095e-35 0.44942869246006018 0.0716880038380623 30.401481628417972 -0.11710049584507941
decision_type=2 2 2 2 2 2 2 2 2 2 2 2 2
left_child=1 8 3 -2 -5 9 -4 -8 11 -3 -7 -1 -10
right_child=2 5 6 4 -6 10 7 -9 12 -11 -12 -13 -14
leaf_value=0.007743099009764701 0.0297880071378115 -0.018344322392193951 0.042512004300263369 -0.030256936153535089 0.0068362681778982451 -0.03821237211053588 -0.017762674277040508 0.025945764472748753 -0.042552547045457731 0.044064569738989388 -0.0043963203210501504 0.037106583638358705 -0.018223485516606613
leaf_weight=6.6996466745768037 17.89960279976367 15.750802804977868 24.450417370302603 14.8591994036542 64.950996706917067 84.311441879021004 9.4876771903072932 62.504925819172058 1.9170760406123037 2.3570780528243622 5.6911746879050034 12.060228044545509 0.34288490196922428
leaf_count=461 288 6719 203 3416 3302 48227 353 981 1017 36 2749 348 158
internal_value=5.03892e-10 -0.0233893 0.0155561 0.00539989 -6.98083e-05 -0.0317438 0.0258458 0.0201856 0.0195798 -0.0102206 -0.0360741 0.0266201 -0.0388613
internal_weight=323.283 129.13 194.153 97.7098 79.8102 108.11 96.443 71.9926 21.0198 18.1079 90.0026 18.7599 2.25996
internal_count=68258 59715 8543 7006 6718 57731 1537 1334 1984 6755 50976 809 1175
is_linear=0
shrinkage=0.04


Tree=22
num_leaves=15
num_cat=0
split_feature=11 22 13 32 9 18 37 13 37 35 19 13 27 25
split_gain=68.886 30.0357 11.0337 9.57676 6.87643 10.6495 6.10682 5.31758 4.90666 4.63463 4.49648 3.62773 3.18995 3.09496
threshold=0.13705958425998691 -0.12474599853157996 1.0875195264816286 0.98408476865923677 26.500000000000004 0.012737143784761431 1.5000000000000002 1.3952584862709048 2.5000000000000004 -0.082022603601217256 0.027402402402402406 0.70535290241241466 0.37600411474704748 -0.097657829523086534
decision_type=2 2 2 2 2 2 2 2 2 2 2 2 2 2
left_child=1 9 8 6 5 -4 -3 -5 10 13 -2 -11 -10 -1
right_child=2 3 4 7 -6 -7 -8 -9 12 11 -12 -13 -14 -15
leaf_value=0.00448003388901999 0.036590914930103399 -0.023241844975703176 0.019633665186948798 -0.019905424363745147 0.037757051187207354 -0.064054408378873703 -0.042092030146003954 0.048969806418639461 -0.060587740633608167 0.015460285784657274 0.0018877622248924862 -0.046635797999375013 0.023978224315415967 0.043648431365218614
leaf_weight=4.4705435878131565 6.7342162157874546 58.915928350914328 76.513492646918166 3.4762875303276806 37.580199773947243 2.512789196916855 51.565750076202676 3.7051137269008905 2.9856822150031799 4.1065898388478663 52.907665725855622 2.3764088829921093 0.93788670253707085 11.611058611088085
leaf_count=420 40 25014 4292 421 265 586 29799 19 989 649 4573 764 146 281
internal_value=-9.53586e-10 -0.0210236 0.0163626 -0.0291305 0.0236711 0.0169726 -0.0320399 0.0156295 0.00295571 0.0212499 0.00580613 -0.00730166 -0.0403732 0.03276
internal_weight=320.4 140.228 180.172 117.663 116.606 79.0263 110.482 7.1814 63.5655 22.5646 59.6419 6.483 3.92357 16.0816
internal_count=68258 57367 10891 55253 5143 4878 54813 440 5748 2114 4613 1413 1135 701
is_linear=0
shrinkage=0.04


Tree=23
num_leaves=15
num_cat=0
split_feature=4 2 13 19 11 7 32 37 25 32 11 5 30 18
split_gain=64.6579 26.0613 11.8579 7.41405 8.72224 6.02688 5.89313 4.8356 4.67022 4.64251 3.63992 2.80395 2.09372 0.100246
threshold=0.050747379660606391 -0.24717724323272702 1.1925425529479983 0.049390243902439034 0.13464573025703433 -0.32366487383842463 0.97912308228730838 1.0000000180025095e-35 -0.00637182593345642 0.91496314837991943 0.2610295712947846 0.078463044017553343 2.5000000000000004 -0.11710049584507941
decision_type=2 2 2 2 2 2 2 2 2 2 2 2 2 2
left_child=1 7 3 -2 -5 8 9 12 -3 -4 -7 -8 -1 -9
right_child=2 5 6 4 -6 10 11 13 -10 -11 -12 -13 -14 -15
leaf_value=0.039594838563127954 0.027467738937150814 -0.018034159217003253 0.028415827568544227 -0.029159477696762384 0.0056316835514011567 -0.0362758956762151 0.036776988550674149 -0.041358466583607249 0.038118826619943917 -0.0070384246979956254 0.0077223341268697681 0.020391306256047695 0.012672849604528 -0.017960251952596682
leaf_weight=8.7366709513880831 18.558497174788499 15.24839801885537 10.107873841814582 14.080618519590642 63.635431201968458 84.00063752981805 43.67962127039209 1.8319121628737804 2.805868071562144 14.226410215516806 3.120188413289724 27.061814908840461 9.8136037784570345 0.34873998584225407
leaf_count=178 288 6534 567 3416 3302 49582 211 1017 221 575 1394 184 631 158
internal_value=-4.59034e-10 -0.0222616 0.0146479 0.00475257 -0.00067179 -0.0303412 0.0246679 0.0187288 -0.00930725 0.00768842 -0.0347001 0.0305087 0.0253524 -0.0376165
internal_weight=317.256 125.906 191.35 96.2745 77.716 105.175 95.0757 20.7309 18.0543 24.3343 87.1208 70.7414 18.5503 2.18065
internal_count=68258 59715 8543 7006 6718 57731 1537 1984 6755 1142 50976 395 809 1175
is_linear=0
shrinkage=0.04


Tree=24
num_leaves=15
num_cat=0
split_feature=32 8 34 37 33 27 28 15 28 4 4 29 30 6
split_gain=59.1661 19.7361 12.7729 9.16981 6.48219 6.25886 5.31494 5.92204 4.8273 4.73556 3.07859 2.96006 2.4503 1.26158
threshold=0.84969209263666945 -0.61215609312057484 0.92110722865254424 2.5000000000000004 0.99312706660368455 0.42571561038494116 0.32060588896274572 54.817220687866218 0.075846783816814436 0.54830113053321849 -0.27657516300678248 0.045099174603819854 2.5000000000000004 -0.16874888539314267
decision_type=2 2 2 2 2 2 2 2 2 2 2 2 2 2
left_child=1 8 3 4 -2 11 9 -8 12 -4 -7 -3 -1 -10
right_child=2 5 6 -5 -6 10 7 -9 13 -11 -12 -13 -14 -15
leaf_value=0.036991526894774911 -0.0004642839206566784 -0.033466806808034238 0.016344646021580308 -0.044880190154937036 0.02738979429442957 0.034243980395114039 0.031715676905148302 -0.018469986538884015 -0.046389384662358708 0.034408182934265071 -0.022151729404241288 0.018142762534107817 0.0054393675189908543 -0.00173071491306964
leaf_weight=9.2194379949651246 61.325622702817782 89.613316210874473 42.507048814906739 6.2118001767521482 17.094153223792091 3.4466431705513969 6.1741293772793133 9.630048781167714 2.1423118277016355 51.180945577914827 2.8125731245381749 1.8141137836937549 6.8744621611986068 1.9184363698295746
leaf_count=241 5842 52254 1091 2499 338 383 113 381 734 284 1703 1259 559 577
internal_value=-5.44421e-10 -0.0223581 0.0135723 0.00190173 0.00560742 -0.0297936 0.022593 0.00113576 0.0136809 0.0262126 0.00890262 -0.0324428 0.0235141 -0.0252911
internal_weight=311.965 117.841 194.124 84.6316 78.4198 97.6866 109.492 15.8042 20.1546 93.688 6.25922 91.4274 16.0939 4.06075
internal_count=68258 57710 10548 8679 6180 55599 1869 494 2111 1375 2086 53513 800 1311
is_linear=0
shrinkage=0.04


Tree=25
num_leaves=15
num_cat=0
split_feature=32 8 34 37 33 27 20 7 28 5 9 29 7 6
split_gain=54.0991 18.8757 11.381 8.76181 6.57946 5.88141 4.61312 9.33053 4.38061 4.25613 2.95361 2.85525 2.39235 1.09148
threshold=0.84969209263666945 -0.61215609312057484 0.92110722865254424 2.5000000000000004 0.99312706660368455 0.42571561038494116 0.97646733111849404 0.38366140425205236 0.075846783816814436 0.010430862195789816 5.5000000000000009 0.045099174603819854 -0.43135750293731684 -0.18376066535711286
decision_type=2 2 2 2 2 2 2 2 2 2 2 2 2 2
left_child=1 8 3 4 -2 11 9 -8 12 -4 -7 -3 -1 -10
right_child=2 5 6 -5 -6 10 7 -9 13 -11 -12 -13 -14 -15
leaf_value=-0.0024602398937463603 -0.00093806909809048629 -0.032686793282266403 0.016293001718440808 -0.045386821243958146 0.026564593469733 0.026462254388335365 -0.030088566506219855 0.022792029200875578 -0.046062622457774392 0.034402071917362526 -0.033989062890872584 0.017752904687424607 0.03223827548261584 -0.0041320264106636398
leaf_weight=4.3546761816978714 59.843721425197145 87.497500533732818 38.524957682762761 5.8280361964352769 18.135032235179096 4.3764877635112489 7.7207857456523952 17.303498914698139 1.8844450167089264 45.046002198243514 1.8355766798486 1.8332615637918923 11.778111889114372 2.1004082891595282
leaf_count=561 5842 52254 881 2499 338 1214 388 128 666 472 872 1259 239 645
internal_value=-2.77808e-10 -0.0216196 0.0129964 0.00192223 0.00545805 -0.0290346 0.0215427 0.00647669 0.0135956 0.0260541 0.00859975 -0.0316517 0.0228722 -0.0239611
internal_weight=308.063 115.66 192.402 83.8068 77.9788 95.5428 108.595 25.0243 20.1176 83.571 6.21206 89.3308 16.1328 3.98485
internal_count=68258 57710 10548 8679 6180 55599 1869 516 2111 1353 2086 53513 800 1311
is_linear=0
shrinkage=0.04


Tree=26
num_leaves=14
num_cat=0
split_feature=4 2 13 19 11 4 8 7 37 27 11 13 29
split_gain=52.8806 22.1044 11.2005 6.66284 7.42982 5.8106 8.86622 5.47682 3.97692 3.85507 3.76302 2.26285 0.104313
threshold=0.050747379660606391 -0.24717724323272702 1.1925425529479983 0.049390243902439034 0.13464573025703433 0.54830113053321849 -0.29854182898998255 -0.32366487383842463 1.0000000180025095e-35 0.44942869246006018 0.2610295712947846 0.78321376442909252 0.020804931409657005
decision_type=2 2 2 2 2 2 2 2 2 2 2 2 2
left_child=1 8 3 -2 -5 6 -4 9 11 -3 -9 -1 -10
right_child=2 7 5 4 -6 -7 -8 10 12 -11 -12 -13 -14
leaf_value=0.038371617903935451 0.025545469798213368 -0.015431927708265946 0.035685077231319154 -0.028145614391102827 0.004295743519792789 0.032347963266524594 -0.0020980493096077768 -0.034463394137043128 -0.011749712807843165 0.040134521887351358 0.010323326161883212 0.0099412083173146849 -0.038881724055691312
leaf_weight=8.6655134358443373 17.927898283218383 15.287752532778542 16.006896242266521 13.776533194257352 62.716981853751349 50.38226519714226 26.205990374073735 79.127244195646199 0.2600481041008601 2.2979635642841449 3.1199892956356043 9.2721856439893582 1.7691520018706794
leaf_count=213 288 6719 210 3416 3302 241 1086 49582 121 36 1394 596 1054
internal_value=-1.1851e-10 -0.0207482 0.013291 0.0035971 -0.00154697 0.023176 0.0122291 -0.0284323 0.0176714 -0.00817094 -0.0327644 0.0236756 -0.0354047
internal_weight=306.816 119.8 187.017 94.4214 76.4935 92.5952 42.2129 99.8329 19.9669 17.5857 82.2472 17.9377 2.0292
internal_count=68258 59715 8543 7006 6718 1537 1296 57731 1984 6755 50976 809 1175
is_linear=0
shrinkage=0.04


Tree=27
num_leaves=15
num_cat=0
split_feature=4 2 13 5 26 32 7 11 14 22 25 38 14 34
split_gain=47.8165 20.9221 10.4753 5.6398 5.87394 5.48562 5.33578 4.2529 3.80481 3.80429 3.56165 2.81252 2.40484 0.166874
threshold=0.050747379660606391 -0.24717724323272702 1.1925425529479983 -0.15566891431808469 -0.058439433574676507 0.97912308228730838 -0.32366487383842463 0.24496664851903918 0.0716880038380623 -0.081926979124546037 -0.00637182593345642 0.97385509227614497 0.1064860336482525 0.78958662751298858
decision_type=2 2 2 2 2 2 2 2 2 2 2 2 2 2
left_child=1 9 3 -2 -5 7 10 -4 -8 12 -3 -7 -1 -11
right_child=2 6 5 4 -6 11 8 -9 -10 13 -12 -13 -14 -15
leaf_value=0.030030905589646589 0.037409064673423108 -0.015303483309567692 -0.027951820967246715 0.0032989494022006099 -0.038475647789248141 0.036941654471225646 -0.034237267542210098 0.014373446775160137 -6.7077894971601492e-07 -0.026798846532243969 0.034174822825776989 0.020516261661611496 -0.009024873950295614 -0.051927940758798717
leaf_weight=14.833057765106792 7.1763101069955146 14.743927179806635 4.7498631155758657 80.460004719046992 5.7718131787041775 31.649188419833081 74.804546121515159 18.963441621919628 5.5811305284005348 1.4600359132164151 2.7641938434098838 35.264407083159313 3.039410686644259 0.59517865988891561
leaf_count=885 81 6534 533 5518 1407 163 48227 609 2749 579 221 232 341 179
internal_value=-8.9139e-10 -0.019897 0.0127383 0.00333824 0.000502822 0.0224268 -0.027502 0.00589554 -0.0318602 0.0174625 -0.00749182 0.0282852 0.023389 -0.0340761
internal_weight=301.857 117.821 184.035 93.4081 86.2318 90.6269 97.8938 23.7133 80.3857 19.9277 17.5081 66.9136 17.8725 2.05521
internal_count=68258 59715 8543 7006 6925 1537 57731 1142 50976 1984 6755 395 1226 758
is_linear=0
shrinkage=0.04


Tree=28
num_leaves=14
num_cat=0
split_feature=11 5 13 21 9 13 15 27 14 29 32 8 34
split_gain=44.9033 23.6823 7.44695 7.14774 5.73649 9.0496 4.61491 4.55609 4.24664 3.96397 4.00083 3.05338 1.23834
threshold=0.13464573025703433 -0.11519249156117438 1.0875195264816286 0.17192118226600989 26.500000000000004 1.7888206243515017 30.401481628417972 0.44482146203517919 0.089577782899141326 0.011003861669451 0.91841114128054668 -0.4122434258460998 0.70316067351598177
decision_type=2 2 2 2 2 2 2 2 2 2 2 2 2
left_child=1 3 9 6 5 -4 -1 8 -3 -2 -11 -9 -5
right_child=2 7 4 12 -6 -7 -8 11 -10 10 -12 -13 -14
leaf_value=-0.0054944315110365665 -0.046819855385154985 -0.029712685930198681 0.016340420012757876 -0.011472739313104422 0.033366742582825848 -0.057607256817001455 0.036448945812454697 0.038662627899998928 0.023327023005448227 -0.014359682593081959 0.010233092897316687 -0.041012598647877624 -0.052233188997655944
leaf_weight=5.6782544765446863 2.5012339969398445 95.150286430223787 70.007421464397339 3.0212351136287898 34.399956953755463 2.7519791894883374 16.09123612541589 2.7350044382619676 2.478162071449332 13.744385586702263 46.031990969670005 1.0709155338117842 1.9702984560135517
leaf_count=900 248 52938 3987 1066 267 973 526 111 353 4067 1581 615 626
internal_value=1.39161e-09 -0.0178619 0.0135142 0.0156098 0.0199071 0.0135435 0.0255086 -0.0266925 -0.0283663 0.00251418 0.00457847 0.0162435 -0.027562
internal_weight=297.632 128.195 169.437 26.761 107.159 72.7594 21.7695 101.434 97.6284 62.2776 59.7764 3.80592 4.99153
internal_count=68258 57135 11123 3118 5227 4960 1426 54017 53291 5896 5648 726 1692
is_linear=0
shrinkage=0.04


Tree=29
num_leaves=14
num_cat=0
split_feature=14 32 37 14 27 2 11 12 33 37 37 38 22
split_gain=42.0678 13.9802 10.1301 7.46615 6.77855 5.30451 4.96311 4.9603 6.5547 3.86143 2.05988 1.68087 0.0128863
threshold=0.03641971945762635 0.96253342245989315 1.0000000180025095e-35 0.08766727522015573 0.37600411474704748 -0.24717724323272702 0.42696531116962438 0.31757774949073797 0.9452918153562796 1.5000000000000002 2.5000000000000004 0.44519519519519524 -0.03352661803364753
decision_type=2 2 2 2 2 2 2 2 2 2 2 2 2
left_child=4 2 5 -4 6 -2 9 -3 -9 -1 11 -6 -12
right_child=1 7 3 -5 10 -7 -8 8 -10 -11 12 -13 -14
leaf_value=-0.021145243443670289 0.02559457185584808 0.042793944889092252 -0.026611850433808888 0.011547673912991656 -0.014692846532270307 -0.00050190248265471159 0.03647998040349474 -0.014025703764905762 0.018646498496272344 -0.040234772848073315 -0.032552424105827024 0.031143362536004093 -0.044066073754226158
leaf_weight=32.856314517230203 19.951075816774392 11.699831436490056 31.966305677058699 11.035941282039856 1.7471358006296203 33.201898638522835 1.7901254052994762 10.910746866749831 98.693891491988325 35.030235472149798 0.19084642850793898 4.7884626422601286 0.84054770812508628
leaf_count=16513 790 100 14286 2231 950 6800 44 438 1376 22883 153 1004 690
internal_value=8.60899e-10 0.00900709 -0.00238435 -0.0168187 -0.0253571 0.00929346 -0.0292621 0.0180368 0.0153941 -0.0309957 0.0105995 0.0188901 -0.0419356
internal_weight=294.703 217.46 96.1552 43.0022 77.2437 53.153 69.6767 121.304 109.605 67.8865 7.56699 6.5356 1.03139
internal_count=68258 26021 24107 16517 42237 7590 39440 1914 1814 39396 2797 1954 843
is_linear=0
shrinkage=0.04


Tree=30
num_leaves=15
num_cat=0
split_feature=11 5 6 37 7 12 27 7 13 7 2 21 8 7
split_gain=40.0033 21.5691 9.45442 6.81677 5.39251 4.96666 7.97674 8.26271 7.25795 4.82678 4.40762 3.65062 2.57216 1.06848
threshold=0.21313674002885821 -0.11519249156117438 0.054207613691687591 1.0000000180025095e-35 0.041542630642652519 0.427524283528328 0.3783357441425324 0.18321578949689868 1.7417847514152529 -0.32366487383842463 0.073078330606222167 0.20069444444444448 -0.36877562105655665 0.15986588597297671
decision_type=2 2 2 2 2 2 2 2 2 2 2 2 2 2
left_child=1 3 9 11 -4 10 7 -7 -8 -3 12 -1 -2 -12
right_child=5 2 4 -5 -6 6 8 -9 -10 -11 13 -13 -14 -15
leaf_value=0.030112952610575748 0.014046919802818783 -0.0059273002270939503 0.019579310560695697 -0.02680479456677062 -0.022471725565437684 -0.0061046045943235231 -0.056492069355734691 0.020375667384818757 0.039960335946064476 -0.030634575243678134 0.031601336924454555 -0.017290493236721684 -0.052763977456991462 0.050031982406427186
leaf_weight=22.056872547895189 6.747467527093252 14.859922988995093 12.316450726029872 4.960599894533515 8.0804614893786475 24.542889533040579 4.8059117781813248 81.334769422915997 1.6862481088610364 85.109718619009072 10.669588797209146 2.9466187642683499 1.0679024979544918 9.526146474061532
leaf_count=743 1439 5566 1213 1952 811 1778 659 1176 46 51119 761 617 360 18
internal_value=-2.45573e-10 -0.0143386 -0.0218982 0.0160286 0.00292033 0.0153549 0.0115984 0.0142374 -0.0314399 -0.026962 0.0304243 0.0245265 0.00491779 0.0402949
internal_weight=290.712 150.331 120.367 29.9641 20.3969 140.381 112.37 105.878 6.49216 99.9696 28.0111 25.0035 7.81537 20.1957
internal_count=68258 62021 58709 3312 2024 6237 3659 2954 705 56685 2578 1360 1799 779
is_linear=0
shrinkage=0.04


Tree=31
num_leaves=14
num_cat=0
split_feature=11 22 13 34 9 30 15 13 22 37 26 27 2
split_gain=38.5995 19.5985 7.04115 6.87773 4.71082 7.93428 4.48004 4.28765 4.09278 3.52124 3.1949 2.81285 2.4085
threshold=0.13464573025703433 -0.12474599853157996 1.0875195264816286 0.99307950191570893 26.500000000000004 4.5000000000000009 4.9088788032531747 0.77519667148590099 -0.15482518076896665 2.5000000000000004 -0.096467673778533922 0.37600411474704748 -0.24717724323272702
decision_type=2 2 2 2 2 2 2 2 2 2 2 2 2
left_child=1 7 9 6 5 -4 -3 12 -9 10 -2 -11 -1
right_child=2 3 4 -5 -6 -7 -8 8 -10 11 -12 -13 -14
leaf_value=0.036288585925084792 0.0087444421226837519 0.0055311520530392537 0.018649434984088439 0.033380542999134281 0.031167669322852434 -0.018240866376864503 -0.028694309161139464 -0.044789901794459554 0.017721713264946523 -0.056657866769026545 -0.01519437277846682 0.024539253057907905 -0.0077819121951482398
leaf_weight=12.591368869325377 46.287369508878328 6.5610456687281831 61.117156630178215 3.1808140095599802 33.517594383520191 11.008543433265002 90.892105775659729 2.9155438410816723 3.9409076869051187 2.7370098008977943 11.049511729732329 0.90945585869485501 2.3552783930936156
leaf_count=277 3278 2782 3481 256 267 1479 51989 566 530 1021 1448 149 735
internal_value=-7.14334e-10 -0.0170518 0.0125296 -0.0245009 0.018777 0.0130189 -0.0263901 0.01733 -0.00885987 0.0017072 0.00413114 -0.0364067 0.029344
internal_weight=289.064 122.437 166.627 100.634 105.643 72.1257 97.4532 21.8031 6.85645 60.9833 57.3369 3.64647 14.9466
internal_count=68258 57135 11123 55027 5227 4960 54771 2108 1096 5896 4726 1170 1012
is_linear=0
shrinkage=0.04


Tree=32
num_leaves=15
num_cat=0
split_feature=11 5 6 9 15 7 8 13 5 18 12 25 19 7
split_gain=35.6819 18.8664 9.43372 5.93607 6.26802 5.0958 4.92925 4.92493 3.86272 6.83346 4.78324 3.46032 3.05329 1.99783
threshold=0.21313674002885821 -0.11519249156117438 0.054207613691687591 25.500000000000004 30.401481628417972 0.041542630642652519 -0.41605065762996668 1.0875195264816286 -0.021974402479827401 1.0000000180025095e-35 0.63368552923202526 -0.014997065067291258 0.027402402402402406 0.38366140425205236
decision_type=2 2 2 2 2 2 2 2 2 2 2 2 2 2
left_child=1 3 6 4 -1 -4 -3 11 10 -10 -9 12 -2 -13
right_child=7 2 5 -5 -6 -7 -8 8 9 -11 -12 13 -14 -15
leaf_value=-0.0089457871865851052 0.037182083869913916 -0.012074054636661136 0.01896174526937627 -0.060657420039384013 0.032041812189834332 -0.02216085669850355 -0.03179977052072154 -0.031121779950060848 0.026047096304641783 -0.023084896718499736 0.01904492870440078 -0.013058970362686922 0.0034110053104538713 -0.072367336642519084
leaf_weight=8.6704115551401681 4.8713311057072124 28.719183700879512 13.028432565697587 1.5704244857188303 19.164270982873859 7.6537740011117412 68.88889096458297 4.9948528367531235 75.600131697006873 4.8179611763480343 7.7738097527762875 3.354180614987853 35.496420487441355 1.2464632726041598
leaf_count=1948 35 13551 1213 225 1139 811 43134 370 2182 522 108 488 2436 96
internal_value=6.83159e-10 -0.0136683 -0.0207961 0.0150054 0.0192743 0.00374368 -0.0259959 0.0146122 0.0198585 0.0231035 -0.000579313 0.00374039 0.00748629 -0.0291275
internal_weight=285.851 147.695 118.29 29.4051 27.8347 20.6822 97.6081 138.155 93.1868 80.4181 12.7687 44.9684 40.3678 4.60064
internal_count=68258 62021 58709 3312 3087 2024 56685 6237 3182 2704 478 3055 2471 584
is_linear=0
shrinkage=0.04


Tree=33
num_leaves=14
num_cat=0
split_feature=14 32 37 6 14 37 35 8 8 18 27 17 29
split_gain=33.5709 11.399 8.32104 5.99272 5.84001 4.95695 4.93247 4.71812 5.74979 3.91363 3.83887 2.75725 0.711899
threshold=0.03641971945762635 0.96253342245989315 1.0000000180025095e-35 0.069223679602146163 0.08766727522015573 1.5000000000000002 -0.068769074976444231 -0.3309470266103744 -0.207070417702198 -0.033410655334591859 0.3783357441425324 -0.011491976678371428 0.011244635097682478
decision_type=2 2 2 2 2 2 2 2 2 2 2 2 2
left_child=3 2 6 5 -4 10 -2 -3 -9 11 -1 -5 -7
right_child=1 7 4 9 -6 12 -8 8 -10 -11 -12 -13 -14
leaf_value=-0.020952363436298187 0.019479976392244587 0.034078847520417066 -0.024486694670854542 0.0061368140267898134 0.0095537127736597428 -0.025922611336734167 -0.0049684692466704337 -0.010413411787730488 0.01696696345313994 0.029391823854303816 0.023889539810157349 -0.071506794482657218 -0.040998653513325732
leaf_weight=28.167385532113261 28.91011628061824 20.241449640641804 30.732602647600288 1.6649478444596755 10.932425724298808 6.1474143230734617 24.3020464227302 14.463329759688348 80.971379080576298 5.2856181318202271 3.4261534679681054 1.3056539758472352 27.120127356305602
leaf_count=16508 2868 190 14286 147 2231 4225 4722 503 1221 264 818 224 20051
internal_value=-2.10475e-09 0.00810892 -0.00216775 -0.023351 -0.0155549 -0.0274366 0.00831435 0.0165378 0.0128174 0.00874593 -0.0160895 -0.0279895 -0.0382128
internal_weight=283.671 210.553 94.8772 73.1173 41.665 64.8611 53.2122 115.676 95.4347 8.25622 31.5935 2.9706 33.2675
internal_count=68258 26021 24107 42237 16517 41602 7590 1914 1724 635 17326 371 24276
is_linear=0
shrinkage=0.04


Tree=34
num_leaves=15
num_cat=0
split_feature=11 5 6 20 7 8 37 8 30 28 15 15 2 5
split_gain=31.5177 18.0941 6.96839 6.20054 5.91063 5.47525 5.16183 8.56327 10.0846 8.53129 4.56086 4.52135 3.04561 2.22944
threshold=0.22495743632316592 -0.096478365361690507 0.054207613691687591 0.16302800189843383 0.041542630642652519 -0.41605065762996668 1.0000000180025095e-35 -0.36528854072093958 2.5000000000000004 0.32060588896274572 55.078947067260749 30.401481628417972 0.067571133375167861 0.085135374218225493
decision_type=2 2 2 2 2 2 2 2 2 2 2 2 2 2
left_child=1 3 5 11 -4 -3 9 12 -9 13 -11 -1 -8 -2
right_child=6 2 4 -5 -6 -7 7 8 -10 10 -12 -13 -14 -15
leaf_value=-0.0092635068356229505 0.031724050196571096 -0.010113742860074951 0.016247685052841798 -0.019041373225200667 -0.026832580676003099 -0.031701694755375945 -0.010041837468394104 -0.045449119323045642 0.0059229279998891694 0.029138178928119266 -0.038586509101403238 0.029702045532309138 0.046124295852892454 0.015728802114902848
leaf_weight=6.1145645280776106 42.056238511679112 26.55676762292569 13.403291372284004 7.9173085327347499 8.2210916163094208 64.33669931773693 1.842345270604709 7.1195714429341015 43.287044482502097 2.2655796300678039 5.3434688097040635 21.580914254867821 9.561416544398524 20.856543487650924
leaf_count=1252 823 12651 1310 2757 859 42590 812 724 1990 94 531 1064 232 569
internal_value=-7.68133e-10 -0.0126739 -0.0205389 0.0121754 -0.000130438 -0.0253942 0.014187 0.00574856 -0.001333 0.021583 -0.0184216 0.0210993 0.0370503 0.0264214
internal_weight=280.463 148.131 112.518 35.6128 21.6244 90.8935 132.332 61.8104 50.4066 70.5218 7.60905 27.6955 11.4038 62.9128
internal_count=68258 62483 57410 5073 2169 55241 5775 3758 2714 2017 625 2316 1044 1392
is_linear=0
shrinkage=0.04


Tree=35
num_leaves=14
num_cat=0
split_feature=11 5 21 6 7 13 8 15 9 13 36 14 1
split_gain=29.5977 17.1509 6.20003 5.99707 5.13245 4.88363 4.62457 4.27793 4.05229 5.71238 3.72566 5.84424 1.54204
threshold=0.22495743632316592 -0.10347115620970725 0.20069444444444448 0.054207613691687591 0.061246994882822044 0.842003494501114 -0.41605065762996668 30.401481628417972 27.500000000000004 1.7220634222030642 0.13192966903073289 0.027185838669538501 -0.19025709480047223
decision_type=2 2 2 2 2 2 2 2 2 2 2 2 2
left_child=1 2 7 6 -5 10 -3 -1 9 -7 -2 -12 -4
right_child=5 3 12 4 -6 8 -8 -9 -10 -11 11 -13 -14
leaf_value=-0.0074491396463390019 0.017203588600521572 -0.010569587922021213 -0.00094116011400299869 0.013359134095007649 -0.027989147509035917 0.014856871539814177 -0.030193588184302064 0.029434624972314999 0.029257799845529828 -0.029915796433078207 0.041095656493084859 -0.032219002439737861 -0.043442479462731949
leaf_weight=6.6136869709880584 7.4247350568184656 27.443603221057856 2.3602126271580346 14.058581846657036 7.2958705452547283 77.902109834263683 64.073042512245593 21.029297679851879 30.674500004475703 4.8428825705486807 2.1228213768335982 9.6384160938760015 3.2421342722227555
leaf_count=1281 291 13084 568 1403 778 3149 42892 902 253 824 82 1176 1575
internal_value=6.26747e-10 -0.0124175 0.0128335 -0.019855 -0.000767742 0.0136827 -0.0243088 0.02061 0.0168399 0.0122364 -0.00498121 -0.0189862 -0.0255371
internal_weight=278.722 146.116 33.2453 112.871 21.3545 132.605 91.5166 27.643 113.419 82.745 19.186 11.7612 5.60235
internal_count=68258 62483 4326 58157 2181 5775 55976 2183 4226 3973 1549 1258 2143
is_linear=0
shrinkage=0.04


Tree=36
num_leaves=15
num_cat=0
split_feature=11 5 6 15 7 18 4 12 33 27 38 20 15 36
split_gain=27.5341 16.1083 5.82729 5.2787 5.02436 4.65077 4.40756 4.3834 6.47963 6.40985 5.60935 3.78229 3.52303 2.72783
threshold=0.22495743632316592 -0.096478365361690507 0.054207613691687591 30.401481628417972 -0.32366487383842463 -0.089432645589113222 -0.5283968150615691 0.43220724165439611 0.95824616457461664 0.33746269345283514 0.97385509227614497 0.16302800189843383 70.441024780273452 0.079571962824452933
decision_type=2 2 2 2 2 2 2 2 2 2 2 2 2 2
left_child=1 3 4 6 -3 -4 -1 12 9 -9 -10 -5 13 -2
right_child=7 2 5 11 -6 -7 -8 8 10 -11 -12 -13 -14 -15
leaf_value=0.022812310630923066 -0.031694845770402574 -0.0018630109308593579 0.025378919570070175 0.027452485761048317 -0.028425491693471416 -0.014380684987545552 -0.033394756255711838 0.00049626246168212073 0.024067744728830106 -0.055556984756289951 0.0023370861471798264 -0.015622791118896313 0.04392546130082936 0.021044256470320311
leaf_weight=3.4445689784188271 1.7898391861235747 13.472825459371959 7.138384549587502 21.61631884722738 73.830325253380579 13.820973311441774 6.342229832742305 23.054010444182499 47.127614600198285 3.8025009687407865 31.850704396143556 3.8410603663942302 11.86456310370704 12.728061347508627
leaf_count=213 450 5012 327 1064 50229 1842 2572 1619 666 687 460 1224 117 1776
internal_value=-9.89133e-11 -0.0121329 -0.0197793 0.0113549 -0.0243263 -0.000839271 -0.0136121 0.0131689 0.00953258 -0.00744008 0.0153041 0.0209532 0.0277563 0.0145423
internal_weight=275.724 143.507 108.263 35.2442 87.3032 20.9594 9.7868 132.217 105.835 26.8565 78.9783 25.4574 26.3825 14.5179
internal_count=68258 62483 57410 5073 55241 2169 2785 5775 3432 2306 1126 2288 2343 2226
is_linear=0
shrinkage=0.04


Tree=37
num_leaves=15
num_cat=0
split_feature=11 5 6 8 7 20 37 28 8 30 15 35 2 5
split_gain=25.4571 15.5833 5.15228 4.80034 4.78894 4.75004 3.99944 9.02467 7.5677 9.01204 4.22856 3.68136 2.7856 2.15625
threshold=0.22495743632316592 -0.096478365361690507 0.054207613691687591 -0.4122434258460998 0.061246994882822044 0.16302800189843383 1.0000000180025095e-35 0.32060588896274572 -0.36528854072093958 2.5000000000000004 55.078947067260749 -0.064347252249717699 0.067571133375167861 0.085135374218225493
decision_type=2 2 2 2 2 2 2 2 2 2 2 2 2 2
left_child=1 5 3 -3 -4 11 7 13 12 -10 -9 -1 -8 -2
right_child=6 2 4 -5 -6 -7 8 10 9 -11 -12 -13 -14 -15
leaf_value=0.024914622089599207 0.02942638786101321 -0.0096873477080953226 0.011775236828540351 -0.03009366362346937 -0.029548397239964219 -0.016674411577339107 -0.0095895939628701451 0.024344213310244368 -0.045188986713569287 0.0052328031076742864 -0.04258007241126275 -0.015584757551048838 0.044296888507978562 0.013586719437745158
leaf_weight=23.77139578048082 41.791267324078945 26.841768711659824 14.027254890032056 58.955873910308583 6.5974757674048297 7.7020254528324577 1.8428160494513566 2.1409069991495917 6.5144977298987206 43.834928112228226 5.13073169036943 4.2301880497543598 9.1858539257809735 20.493963499277015
leaf_count=1494 823 13115 1397 42126 772 2757 812 94 724 1990 531 822 232 569
internal_value=7.45337e-10 -0.0117226 -0.0193944 -0.0237096 -0.00144344 0.0111446 0.0127246 0.0192916 0.00528249 -0.00129106 -0.0228763 0.0187964 0.0352928 0.0242146
internal_weight=273.061 142.126 106.422 85.7976 20.6247 35.7036 130.935 69.5569 61.3781 50.3494 7.27164 28.0016 11.0287 62.2852
internal_count=68258 62483 57410 55241 2169 5073 5775 2017 3758 2714 625 2316 1044 1392
is_linear=0
shrinkage=0.04


Tree=38
num_leaves=15
num_cat=0
split_feature=11 5 15 6 8 7 4 13 14 31 9 13 35 11
split_gain=24.6509 14.4431 4.77398 4.66575 4.42607 4.40877 4.03416 4.02893 4.26082 4.69425 3.80146 4.74845 3.47265 2.01375
threshold=0.22495743632316592 -0.096478365361690507 30.401481628417972 0.054207613691687591 -0.43170969188213343 0.061246994882822044 -0.47181281447410578 0.842003494501114 0.039124414324760444 0.01597872340425532 27.500000000000004 1.7220634222030642 -0.064347252249717699 0.42696531116962438
decision_type=2 2 2 2 2 2 2 2 2 2 2 2 2 2
left_child=1 2 6 4 -3 -5 -1 8 13 -10 11 -9 -4 -2
right_child=7 3 12 5 -6 -7 -8 10 9 -11 -12 -13 -14 -15
leaf_value=0.014169777782502398 -0.0034089454996990786 -0.0083733880611099841 0.025354840803024217 0.010512847803117904 -0.028852590786220846 -0.029386719680687619 -0.037302823104259683 0.013257229472596874 0.040891528068197555 -0.02765128940753574 0.027389145123691092 -0.028391108518617446 -0.017541217309017001 0.041203227884229643
leaf_weight=4.5626715889520693 2.8592266462364959 23.295775600236084 22.178632396375182 14.141997087717757 61.3633033529768 6.4527838544672695 5.2274478663821355 76.161927891313098 1.8703867227304716 11.005229261689236 30.737956343742553 4.6472901465749592 3.4954759844840728 3.7318887467845343
leaf_count=432 284 10816 1673 1397 44425 772 2353 3149 21 1182 253 824 615 62
internal_value=-6.56329e-10 -0.0116249 0.0104521 -0.0190635 -0.0232173 -0.00198854 -0.0133141 0.012486 -0.00430513 -0.0176944 0.0154163 0.0108621 0.0195146 0.0218505
internal_weight=271.732 140.718 35.4642 105.254 84.6591 20.5948 9.79012 131.014 19.4667 12.8756 111.547 80.8092 25.6741 6.59112
internal_count=68258 62483 5073 57410 55241 2169 2785 5775 1549 1203 4226 3973 2288 346
is_linear=0
shrinkage=0.04


Tree=39
num_leaves=15
num_cat=0
split_feature=11 1 30 7 7 1 0 13 30 15 28 27 4 29
split_gain=23.1031 13.1922 5.0587 4.64698 8.23874 5.6872 5.60327 4.43841 4.2118 4.12889 3.37427 2.58135 2.31949 2.04343
threshold=0.21313674002885821 -0.15169067680835721 5.5000000000000009 0.18321578949689868 -0.23469877243041989 0.026783234439790252 0.12587550282478335 1.1449786424636843 3.5000000000000004 30.401481628417972 0.1635730862617493 0.38064245879650122 -0.47181281447410578 0.011628537904471161
decision_type=2 2 2 2 2 2 2 2 2 2 2 2 2 2
left_child=1 9 8 4 10 -6 7 -5 -3 12 -2 -4 -1 -11
right_child=3 2 11 6 5 -7 -8 -9 -10 13 -12 -13 -14 -15
leaf_value=0.010391141896206461 0.034972856694788168 -0.024322031981272297 -0.038185011375545246 0.0086837932356899818 -0.031712838556914522 0.0033528360233821453 -0.012781462066328339 0.027913925391871795 -0.0063205305801032298 0.043466324391384856 -0.031312275063316942 0.010361849789006082 -0.039416346997941248 0.015074089618152165
leaf_weight=3.1507421959395314 11.64177080747322 33.304405017886893 21.057929652899478 31.603542246273719 11.87019908653747 19.652738130265789 9.0774609989311994 48.943935383154894 55.367335567272676 6.2811009278520968 1.3737563890026638 1.9115252120827779 2.8483792364859255 11.448147588642312
leaf_count=294 1052 18666 17086 897 1622 1657 205 376 22882 63 428 966 1134 930
internal_value=-7.4501e-10 -0.0116586 -0.0174154 0.0117634 0.00120312 -0.00985141 0.0170113 0.0203688 -0.0130818 0.0154268 0.0279766 -0.0341449 -0.0132574 0.0251329
internal_weight=269.533 135.37 111.641 134.163 44.5385 31.5229 89.6249 80.5475 88.6717 23.7284 13.0155 22.9695 5.99912 17.7292
internal_count=68258 62021 59600 6237 4759 3279 1478 1273 41548 2421 1480 18052 1428 993
is_linear=0
shrinkage=0.04


Tree=40
num_leaves=15
num_cat=0
split_feature=32 37 37 15 8 3 28 29 0 4 26 33 7 7
split_gain=21.8008 9.49617 8.43004 5.47926 5.31446 6.15823 4.43451 4.09107 3.05145 2.69245 2.53873 1.83579 1.70153 1.42778
threshold=0.84969209263666945 1.0000000180025095e-35 2.5000000000000004 3.6673606634140019 -0.36372447013854975 0.024716015905141834 0.075846783816814436 0.045099174603819854 -0.031271701678633683 -0.47181281447410578 -0.075873672962188707 0.74472536277040868 -0.21307551860809323 -0.029111884534358975
decision_type=2 2 2 2 2 2 2 2 2 2 2 2 2 2
left_child=1 6 4 12 11 -6 9 -5 13 -1 -8 -2 -3 -4
right_child=2 3 8 7 5 -7 10 -9 -10 -11 -12 -13 -14 -15
leaf_value=0.029382410841124647 0.0075860409564087322 0.038555549162346811 0.031411794476336782 -0.030920828593115308 -0.015658133292666319 0.01053385665178116 -0.019027537276016523 0.025994581264105036 -0.050412965724589746 -0.00073905585359865765 0.017742734467988734 0.032342389014628783 -0.020352694729266735 -0.027419653057080506
leaf_weight=9.2487885456794192 6.2027668915980056 2.6584584814045233 1.3490876128562379 51.794459011587605 16.34743344303206 118.3064463162882 17.493808005558098 2.1027109289716455 5.0592636957080677 9.7570395786897262 3.6272141399385864 21.080375793491839 1.1129715261267836 1.292250476661138
leaf_count=298 341 721 130 40329 3512 3496 9291 1497 2445 3010 1702 414 862 210
internal_value=-3.45662e-10 -0.0150415 0.00867136 -0.0254388 0.0106158 0.00735406 -9.88535e-05 -0.0287004 -0.0322193 0.0139189 -0.0127128 0.0267141 0.0211714 0.00262905
internal_weight=267.433 97.7955 169.638 57.6686 161.937 134.654 40.1269 53.8972 7.7006 19.0058 21.121 27.2831 3.77143 2.64134
internal_count=68258 57710 10548 43409 7763 7008 14301 41826 2785 3308 10993 755 1583 340
is_linear=0
shrinkage=0.04


Tree=41
num_leaves=15
num_cat=0
split_feature=11 5 9 6 37 37 18 7 33 29 29 8 13 16
split_gain=20.6246 11.7622 4.83599 4.40378 4.20875 3.94991 3.93539 3.70537 7.31431 6.98756 5.08602 11.6216 4.92136 2.71415
threshold=0.21313674002885821 -0.11519249156117438 25.500000000000004 0.054207613691687591 1.0000000180025095e-35 1.0000000180025095e-35 -0.089432645589113222 0.18321578949689868 0.3586352393423542 0.022795787081122402 0.022220830433070663 -0.10913467779755591 1.1449786424636843 0.39767441860465119
decision_type=2 2 2 2 2 2 2 2 2 2 2 2 2 2
left_child=1 2 4 5 -1 -3 -5 8 13 -10 12 -12 -9 -2
right_child=7 3 -4 6 -6 -7 -8 10 9 -11 11 -13 -14 -15
leaf_value=0.022468269929678254 0.036563884753846733 -0.008858844069262458 -0.05571686653214649 0.024433970921688416 -0.02169245063910653 -0.027344151188695657 -0.013520863398512922 0.0060343559606468346 -0.023602079695773659 0.015277259802276167 0.016027686659915129 -0.051238804776304069 0.029009882022207247 -0.010884789448601093
leaf_weight=22.605934660852661 10.103630188008536 27.345163408041117 1.6074346283567127 6.7601452131057185 4.0755783091371987 57.145664956293331 12.367231219497624 22.437957261339761 19.301969444910359 11.990894285117973 16.289285087463217 5.496059562690788 44.501117998501286 2.3840125637798328
leaf_count=1246 553 12860 225 315 1841 43825 1709 583 1647 1907 357 251 287 652
internal_value=-8.8417e-10 -0.0111968 0.0116634 -0.0174379 0.0157228 -0.0213614 -0.000106573 0.0111463 0.00162401 -0.00870418 0.015845 -0.000942467 0.0213085 0.0275055
internal_weight=264.412 131.907 28.2889 103.618 26.6815 84.4908 19.1274 132.505 43.7805 31.2929 88.7244 21.7853 66.9391 12.4876
internal_count=68258 62021 3312 58709 3087 56685 2024 6237 4759 3554 1478 608 870 1205
is_linear=0
shrinkage=0.04


Tree=42
num_leaves=15
num_cat=0
split_feature=11 1 30 30 20 34 18 14 7 33 29 27 32 29
split_gain=19.2401 10.7079 4.65091 3.70204 3.65803 4.03734 3.6004 5.97487 3.82351 7.00766 3.98834 2.77526 1.59496 0.676435
threshold=0.21313674002885821 -0.15169067680835721 5.5000000000000009 3.5000000000000004 0.031582446808510641 0.76367472190257013 0.012737143784761431 0.040390629321336753 0.18321578949689868 0.36174537277287672 0.022220830433070663 0.38064245879650122 0.92481712619571343 0.01154663832858205
decision_type=2 2 2 2 2 2 2 2 2 2 2 2 2 2
left_child=1 4 3 -3 13 -6 8 -8 9 -2 -10 -4 -9 -1
right_child=6 2 11 -5 5 -7 7 12 10 -11 -12 -13 -14 -15
leaf_value=0.040954298999017598 0.027173641075247407 -0.02284735922510632 -0.037297783830267654 -0.005663071583782874 0.016522475369163001 -0.031717195105219739 0.038665872098069029 -0.024432559903950178 0.021607672881559074 -0.0090431262751568646 0.001607781633728361 0.013385617749451751 -0.088240058205630842 0.021110767110125238
leaf_weight=5.2460290598683077 12.232773998010087 31.813972250653023 19.574282841909739 54.284524968290498 7.4545944102428603 4.4229095636401325 1.4547777475672763 1.0497969662465041 65.548874111613259 28.379774889603141 21.085370095184771 1.8960279978346068 1.555581451684702 5.7735445607686415
leaf_count=67 1099 18666 17086 22882 1229 870 30 453 784 3159 563 966 149 255
internal_value=1.70307e-10 -0.0108792 -0.0161662 -0.0120128 0.0139589 -0.00144087 0.0108095 -0.0262708 0.0119927 0.00186561 0.01674 -0.032822 -0.0625298 0.0305576
internal_weight=261.773 130.466 107.569 86.0985 22.8971 11.8775 131.307 4.06016 127.247 40.6125 86.6342 21.4703 2.60538 11.0196
internal_count=68258 62021 59600 41548 2421 2099 6237 632 5605 4258 1347 18052 602 322
is_linear=0
shrinkage=0.04


Tree=43
num_leaves=14
num_cat=0
split_feature=11 22 32 37 9 37 12 7 1 0 15 37 13
split_gain=17.5327 9.80893 5.60189 6.2839 4.26993 3.81702 3.18484 5.03167 6.51049 5.00438 3.79064 2.71422 2.17417
threshold=0.21313674002885821 -0.10431063175201415 0.97912308228730838 1.5000000000000002 26.500000000000004 1.5000000000000002 0.43220724165439611 0.18321578949689868 -0.034252006560564034 0.10327341780066492 70.441024780273452 1.0000000180025095e-35 1.7417847514152529
decision_type=2 2 2 2 2 2 2 2 2 2 2 2 2
left_child=1 4 3 -3 11 -4 10 8 -8 -9 12 -1 -2
right_child=6 2 5 -5 -6 -7 7 9 -10 -11 -12 -13 -14
leaf_value=0.019687760681598238 0.015108373271603406 -0.01098452949826007 -0.021828184699132759 -0.032647611945582682 -0.05266375670435805 0.025625622839437159 -0.052196160244567177 0.015933920914002638 0.0011880303253330217 -0.013657335082500485 0.041738064983788299 -0.016069863473165497 -0.037639781679010428
leaf_weight=22.528340987199051 14.08213407782023 53.18709987821785 4.126445055146176 35.875456938792922 1.6165664475556685 7.9125660219579004 4.4974680881714475 69.809540431306232 19.517020988823788 10.522470617928773 10.313920238695571 3.9994502258195999 1.3720713546499599
leaf_count=1484 1851 26620 345 30927 291 471 737 1182 1440 264 121 1883 642
internal_value=-1.348e-09 -0.0104349 -0.0162489 -0.0197107 0.0104507 0.00936054 0.0103652 0.00725532 -0.00880984 0.0120578 0.0229585 0.0142968 0.0104252
internal_weight=259.361 129.246 101.102 89.0626 28.1444 12.039 130.115 104.347 24.0145 80.332 25.7681 26.5278 15.4542
internal_count=68258 62021 58363 57547 3658 816 6237 3623 2177 1446 2614 3367 2493
is_linear=0
shrinkage=0.04


Tree=44
num_leaves=15
num_cat=0
split_feature=11 5 6 15 9 33 16 37 28 29 26 33 15 4
split_gain=17.1622 8.94337 3.98674 4.01756 3.85332 3.4237 3.29894 3.28751 8.36143 7.02962 5.81839 5.363 3.02963 2.28616
threshold=0.21313674002885821 -0.11519249156117438 0.054207613691687591 3.6673606634140019 25.500000000000004 0.74472536277040868 0.12973352033660593 1.0000000180025095e-35 0.32060588896274572 0.015999388415366415 -0.12174934148788451 0.99312706660368455 55.078947067260749 0.54830113053321849
decision_type=2 2 2 2 2 2 2 2 2 2 2 2 2 2
left_child=1 4 3 -3 5 -1 -4 8 13 10 -9 -11 -10 -2
right_child=7 2 6 -5 -6 -7 -8 9 12 11 -12 -13 -14 -15
leaf_value=0.0018991564238215186 0.013206111608733981 0.012874741633740652 0.02093922197980572 -0.022162013825325681 -0.054478629358397486 0.031740801327894495 -0.013122469912964275 -0.060617979512901085 0.016219645879797823 0.00032749881121853057 -0.0052145908052042824 0.028248006315217507 -0.042069091308585833 0.028785042065185444
leaf_weight=16.022182999418881 29.411279317988374 5.6241410739858102 7.636095439229396 75.95711379243221 1.4126074390951533 9.9847757850075123 11.255161097222297 4.0306575375288984 2.0083430690283413 27.055731648790243 12.251168439106548 18.556992543162778 4.9265285207075067 30.91140812728554
leaf_count=2727 1297 2580 408 54105 225 360 1616 252 111 3000 632 196 557 192
internal_value=4.39025e-10 -0.0103866 -0.0159124 -0.0197466 0.00986144 0.0133562 0.000645716 0.0102852 0.0164073 0.00363269 -0.01893 0.0116866 -0.0251886 0.0211893
internal_weight=257.044 127.892 100.473 81.5813 27.4196 26.007 18.8913 129.152 67.2576 61.8946 16.2818 45.6127 6.93487 60.3227
internal_count=68258 62021 58709 56685 3312 3087 2024 6237 2157 4080 884 3196 668 1489
is_linear=0
shrinkage=0.04


Tree=45
num_leaves=14
num_cat=0
split_feature=11 20 35 13 34 9 32 9 8 30 27 29 7
split_gain=16.13 9.4041 3.62142 3.5305 4.33112 3.451 4.57045 3.39851 3.36987 3.3352 3.41267 2.97081 1.23389
threshold=0.22495743632316592 0.16302800189843383 -0.039062770083546632 0.842003494501114 0.36705494209534079 27.500000000000004 0.99312706660368455 27.500000000000004 -0.39718785881996149 5.5000000000000009 0.38064245879650122 0.0098213627934455889 -0.067311897873878465
decision_type=2 2 2 2 2 2 2 2 2 2 2 2 2
left_child=1 2 7 4 -2 6 -5 -1 -6 11 -11 -3 -4
right_child=3 9 12 5 8 -7 -8 -9 -10 10 -12 -13 -14
leaf_value=0.016072365365847028 0.033309655201265775 0.011616114864325931 -0.011216916095856131 0.0021573188169093731 0.018554511556470019 0.024791789086597894 0.023366778902817766 -0.049962650619804261 -0.025615862637585592 -0.037827803871841696 0.019120176813377115 -0.015476750232479502 -0.055916763274720387
leaf_weight=28.764084379559794 3.6759672041662297 7.1594518304627845 5.6240517667320091 53.097647579648765 3.6300562139658732 29.310761845932575 23.429232662601862 1.3034895633463737 11.577751217570036 16.354351502410285 1.8768961154564738 67.803635429485439 1.1986450781259907
leaf_count=4300 225 1955 3033 3766 255 253 207 242 1069 15335 855 36275 488
internal_value=7.59871e-10 -0.0098544 0.00723964 0.0102782 -0.00565432 0.0131209 0.00865074 0.0132096 -0.0150725 -0.0166209 -0.031965 -0.0128892 -0.01907
internal_weight=254.806 130.085 36.8903 124.721 18.8838 105.838 76.5269 30.0676 15.2078 93.1943 18.2312 74.9631 6.8227
internal_count=68258 62483 8063 5775 1549 4226 3973 4542 1324 54420 16190 38230 3521
is_linear=0
shrinkage=0.04


Tree=46
num_leaves=14
num_cat=0
split_feature=11 37 6 15 20 12 5 4 15 7 32 19 36
split_gain=15.0298 8.07245 7.37173 5.3456 5.30148 3.16724 5.13715 5.69605 3.68747 3.04922 2.44196 2.10987 1.95881
threshold=0.21313674002885821 1.0000000180025095e-35 0.069223679602146163 3.6673606634140019 0.16302800189843383 0.43220724165439611 0.2334467098116875 0.48912866413593298 70.441024780273452 0.041542630642652519 0.98123532863849772 0.023532668881506093 0.079571962824452933
decision_type=2 2 2 2 2 2 2 2 2 2 2 2 2
left_child=1 4 3 -3 11 8 7 -7 12 -4 -6 -1 -2
right_child=5 2 9 -5 10 6 -8 -9 -10 -11 -12 -13 -14
leaf_value=0.042005725466570949 -0.0287967537330278 0.020191594865771597 0.021414616234699282 -0.02786626094936577 -0.0075612276458317867 -0.003341804535137344 -0.026581021801544206 0.016722068032777728 0.041313063852670001 -0.021177199704168696 -0.067360569170842335 0.010239726143251337 0.015299068236317187
leaf_weight=3.9697004575282362 1.8296047528274382 3.9714243591333789 9.0654100008032383 54.850934534715634 27.263387494902421 36.951285205534077 6.9871471204533 58.451586108843912 9.9406313314393611 3.8238055964684454 1.1382289053144621 21.273182048978924 13.541185393376507
leaf_count=75 493 1788 580 44447 12145 2569 195 859 121 515 137 2334 2000
internal_value=-1.21007e-09 -0.00983902 -0.0186183 -0.0246216 0.00189703 0.00965831 0.00652624 0.00895096 0.0223282 0.00877903 -0.00995776 0.0152353 0.0100503
internal_weight=253.058 125.356 71.7116 58.8224 53.6445 127.701 102.39 95.4029 25.3114 12.8892 28.4016 25.2429 15.3708
internal_count=68258 62021 47330 46235 14691 6237 3623 3428 2614 1095 12282 2409 2493
is_linear=0
shrinkage=0.04


Tree=47
num_leaves=15
num_cat=0
split_feature=11 37 6 15 20 18 14 13 5 36 18 15 32 32
split_gain=13.9924 7.71396 6.66897 5.05284 4.80177 2.83252 4.79039 3.38026 3.04361 3.00748 2.68731 2.05832 2.04152 1.03275
threshold=0.21313674002885821 1.0000000180025095e-35 0.069223679602146163 3.6673606634140019 0.16302800189843383 0.012737143784761431 0.044187489897012718 1.1313050985336306 -0.15566891431808469 0.081241858445505868 -0.094414122402667985 27.530032157897953 0.98123532863849772 0.9287208607292291
decision_type=2 2 2 2 2 2 2 2 2 2 2 2 2 2
left_child=1 4 3 -3 11 7 -7 8 -2 -9 -4 -1 -6 -8
right_child=5 2 10 -5 12 6 13 9 -10 -11 -12 -13 -14 -15
leaf_value=-0.0072836483514094989 0.040596331148103605 0.019138505564567272 0.031203816008644917 -0.027294701716399705 -0.0073397419183580531 0.03152763432468951 -0.030989563543510377 -0.0081394456736261084 -0.00032417184982875549 0.018520375190541952 -0.0065644517157416853 0.020455336076038628 -0.063788919013118117 -0.085811651346294163
leaf_weight=5.4498387981584555 3.1042256871005511 4.0316837618047421 4.8901279284618795 53.614281101865345 27.184031423086711 1.4454472364741371 0.97479093939909978 7.5404864787706165 46.058177452658128 66.285422105524049 7.8579295157032885 19.940693601412931 1.0652528372884251 1.2610651978029634
leaf_count=965 37 1788 160 44447 12145 45 448 571 2999 1998 935 1444 137 139
internal_value=1.52799e-10 -0.00954976 -0.0182575 -0.0240472 0.00187778 0.00935105 -0.0252223 0.0103859 0.00225964 0.0157974 0.00792338 0.0145014 -0.00946839 -0.0619103
internal_weight=250.703 124.034 70.394 57.646 53.6398 126.67 3.6813 122.988 49.1624 73.8259 12.7481 25.3905 28.2493 2.23586
internal_count=68258 62021 47330 46235 14691 6237 632 5605 3036 2569 1095 2409 12282 587
is_linear=0
shrinkage=0.04


Tree=48
num_leaves=14
num_cat=0
split_feature=11 37 6 15 20 12 13 27 15 7 19 6 7
split_gain=12.7381 7.1905 6.21206 4.7667 4.20257 2.71782 4.93934 6.61929 3.46191 2.62295 2.07246 1.88287 1.78638
threshold=0.21313674002885821 1.0000000180025095e-35 0.069223679602146163 3.6673606634140019 0.16302800189843383 0.43220724165439611 1.6631980538368227 0.37600411474704748 70.441024780273452 0.061246994882822044 0.023532668881506093 0.17854022979736331 -0.36235488951206202
decision_type=2 2 2 2 2 2 2 2 2 2 2 2 2
left_child=1 4 3 -3 10 8 7 -7 11 -4 -1 -2 -6
right_child=5 2 9 -5 12 6 -8 -9 -10 -11 -12 -13 -14
leaf_value=0.040222017940085467 0.013085997807591284 0.018223923421877002 0.018314998801969372 -0.026621760494569813 0.0094001836350164746 0.010532352250135957 -0.032963747019079843 -0.036437731998118755 0.039792862570264584 -0.023281183629357518 0.0087122421152356407 -0.039901503206450209 -0.014418359543799402
leaf_weight=3.953393014729957 14.423762325379359 4.0883811298226638 9.4192501048673858 52.354308050533291 6.5803714264111504 90.398807197816495 4.9443822367247767 5.0697463821852571 9.4865913904795871 3.2667096759614642 21.51694651680009 1.1592173132812593 21.495133077696664
leaf_count=75 2435 1788 630 44447 1472 2726 251 646 121 465 2334 58 10810
internal_value=-1.17693e-09 -0.00916564 -0.0176887 -0.0233734 0.0018378 0.00896053 0.00601911 0.00803806 0.020742 0.00760374 0.013603 0.00914426 -0.00883574
internal_weight=248.157 122.674 69.1286 56.4427 53.5458 125.483 100.413 95.4686 25.0696 12.686 25.4703 15.583 28.0755
internal_count=68258 62021 47330 46235 14691 6237 3623 3372 2614 1095 2409 2493 12282
is_linear=0
shrinkage=0.04


Tree=49
num_leaves=15
num_cat=0
split_feature=4 37 4 7 8 13 26 15 26 29 2 27 37 31
split_gain=11.9373 7.71842 6.215 5.08678 3.62757 4.63076 2.90706 2.8627 2.49662 2.18833 2.16244 1.86955 1.76414 0.945985
threshold=0.013121952768415214 2.5000000000000004 -0.27657516300678248 -0.39262984693050379 -0.36372447013854975 1.6631980538368227 -0.12663835287094113 52.847537994384773 -0.075873672962188707 0.011504151858389379 0.15185404568910602 0.25149105489254003 1.5000000000000002 0.97148664343786306
decision_type=2 2 2 2 2 2 2 2 2 2 2 2 2 2
left_child=2 4 6 8 11 -6 10 9 -4 -3 -1 -2 -5 -9
right_child=1 7 3 12 5 -7 -8 13 -10 -11 -12 -13 -14 -15
leaf_value=0.0047241114760036068 0.027642984149551044 0.026662721848263429 -0.00067015568386207772 -0.015700673552378495 0.0073771763629717603 -0.030944790863997991 -0.026502371039317966 -0.043839406624538883 0.079725401947420782 -0.044267579798205815 0.064284895072149725 -0.0020232068771535621 -0.030396360407883048 -0.088011066885697153
leaf_weight=27.035205986037912 20.218374899559425 1.6877753512962947 1.3647930885708777 27.321472568248282 121.46839399758392 5.2638159042107864 4.9061091552430289 3.4053590817711665 1.1295166170748405 1.1842474425720864 1.0118149819318194 4.0856951576279235 25.056247479360536 1.0045855479402233
leaf_count=7234 660 292 511 20032 7402 303 2670 1392 207 1182 52 357 25792 172
internal_value=-1.7973e-10 0.0065609 -0.011827 -0.020073 0.00850018 0.00578548 0.00190386 -0.0336621 0.035736 -0.00258462 0.00687281 0.0226559 -0.0227307 -0.0539017
internal_weight=246.143 158.318 87.8252 54.872 151.036 126.732 32.9531 7.28197 2.49431 2.87202 28.047 24.3041 52.3777 4.40994
internal_count=68258 11760 56498 46542 8722 7705 9956 3038 718 1474 7286 1017 45824 1564
is_linear=0
shrinkage=0.04


Tree=50
num_leaves=15
num_cat=0
split_feature=11 20 23 27 35 37 28 29 33 26 30 9 9 34
split_gain=11.4504 7.05243 3.08263 3.21141 3.0366 2.81511 8.35831 6.10197 6.38986 5.43421 2.72004 2.69431 2.42829 1.99381
threshold=0.22495743632316592 0.16302800189843383 1.0000000180025095e-35 0.38064245879650122 -0.039062770083546632 1.0000000180025095e-35 0.32060588896274572 0.015999388415366415 0.98086080586080593 -0.12174934148788451 3.5000000000000004 27.500000000000004 18.500000000000004 0.85360751097050735
decision_type=2 2 2 2 2 2 2 2 2 2 2 2 2 2
left_child=1 4 10 -4 11 6 13 9 -9 -7 -3 -1 -8 -2
right_child=5 2 3 -5 -6 7 12 8 -10 -11 -12 -13 -14 -15
leaf_value=0.014210042373637188 0.0011906614958649548 -0.021532181884944383 -0.036827412863204685 0.019921650598563174 -0.018745771084339703 -0.063588586620735965 -0.0025722830052548711 -0.0091601966622152382 0.022430424855285704 -0.0063866689679026572 -0.0052606754889933703 -0.04454032602914923 -0.052268887107863246 0.022434692643553893
leaf_weight=28.508635615886309 8.2617340629367373 25.754036664271553 14.337025317894588 1.7952939610695455 6.3919459057469785 3.4728935524763065 2.9467672015307462 16.91243111807853 25.98466855470906 11.3144740734715 45.440045550894865 1.3061791630461801 3.3747742581908824 48.942847069964046
leaf_count=4300 546 16981 15170 845 3521 230 355 2617 341 570 21424 242 270 846
internal_value=-5.48865e-10 -0.00857022 -0.0147243 -0.0305121 0.00627257 0.00873444 0.0145433 0.00233733 0.00997564 -0.0198208 -0.0111468 0.0116362 -0.029103 0.0193665
internal_weight=244.744 123.533 87.3264 16.1323 36.2068 121.211 63.5261 57.6845 42.8971 14.7874 71.1941 29.8148 6.32154 57.2046
internal_count=68258 62483 54420 16015 8063 5775 2017 3758 2958 800 38405 4542 625 1392
is_linear=0
shrinkage=0.04


Tree=51
num_leaves=14
num_cat=0
split_feature=11 37 6 15 4 20 7 33 34 26 13 18 28
split_gain=10.7674 5.91422 5.52737 4.43056 3.84184 3.40416 2.68742 6.07385 5.35896 4.04695 3.97907 2.34724 2.06439
threshold=0.21313674002885821 1.0000000180025095e-35 0.069223679602146163 3.6673606634140019 0.39446833729743963 0.16302800189843383 0.18321578949689868 0.38008264462809921 0.71158318425760292 -0.20876434445381162 1.1313050985336306 -0.094414122402667985 0.1635730862617493
decision_type=2 2 2 2 2 2 2 2 2 2 2 2 2
left_child=1 4 3 -3 5 -1 7 12 -9 -8 -11 -4 -2
right_child=6 2 11 -5 -6 -7 9 8 -10 10 -12 -13 -14
leaf_value=0.014096878664402136 0.029962796157162495 0.018096089805643457 0.029791634693230748 -0.025392668882184756 -0.058661446115505993 -0.0065447716578546714 -0.013102635051327595 0.018271197590361658 -0.0202531182882171 0.0043048142192019861 0.023437833281215462 -0.0059566380608131264 -0.010188254346158457
leaf_weight=24.519675557494338 10.941840627434429 4.0537456320744232 4.678279337589629 49.730843426277715 1.6507993054838142 26.706735898540501 8.7706751023360976 7.8800079929715166 21.651758595930005 29.269856714789057 42.854490045458078 7.9036509124780405 2.5209315270622019
leaf_count=2354 764 1788 160 44447 200 12137 245 1156 2319 865 368 935 520
internal_value=7.05529e-10 -0.00858011 -0.0165316 -0.0221149 0.00139991 0.00333542 0.00825836 0.000177367 -0.00997361 0.0125533 0.0156732 0.00733547 0.0224444
internal_weight=243.133 119.244 66.3665 53.7846 52.8772 51.2264 123.89 42.9945 29.5318 80.895 72.1243 12.5819 13.4628
internal_count=68258 62021 47330 46235 14691 14491 6237 4759 3475 1478 1233 1095 1284
is_linear=0
shrinkage=0.04


Tree=52
num_leaves=13
num_cat=0
split_feature=11 37 32 15 18 4 19 36 9 6 13 32
split_gain=10.0847 5.56913 4.9709 3.93219 3.44614 3.18462 3.07267 2.72606 4.6299 2.92268 7.16105 2.14463
threshold=0.21313674002885821 1.0000000180025095e-35 0.98123532863849772 3.6673606634140019 -0.094414122402667985 0.39446833729743963 0.031582446808510641 0.49043367346938777 28.500000000000004 0.50239190459251415 1.7220634222030642 0.94895788102475043
decision_type=2 2 2 2 2 2 2 2 2 2 2 2
left_child=1 5 3 -3 -4 6 -1 9 11 10 -2 -9
right_child=7 2 4 -5 -6 -7 -8 8 -10 -11 -12 -13
leaf_value=0.028221810497869641 0.0078895886582040879 0.017456431859430618 0.037176250838100458 -0.023184690607426388 -0.015880019399549083 -0.055218143546020587 -0.00078893328281883076 -0.024406404070485256 0.037085060108819658 0.021409192451784138 -0.056682994702339451 -0.094375661976123584
leaf_weight=6.7255016694543874 91.007308571781323 4.1028499323219867 4.3928662062389776 53.203048182585917 3.5349669523566254 1.5475161783688225 44.436920038588141 1.8181894422668841 1.3918644385412333 24.681166698690504 2.8334504817976258 1.1405954484143874
leaf_count=272 4591 1783 109 44960 478 200 14219 575 7 229 716 119
internal_value=1.54709e-10 -0.00835486 -0.016168 -0.020275 0.0135188 0.00131469 0.00302464 0.00801972 -0.0230776 0.00916122 0.00593987 -0.0513792
internal_weight=240.816 117.944 65.2337 57.3059 7.92783 52.7099 51.1624 122.873 4.35065 118.522 93.8408 2.95878
internal_count=68258 62021 47330 46743 587 14691 14491 6237 701 5536 5307 694
is_linear=0
shrinkage=0.04


Tree=53
num_leaves=15
num_cat=0
split_feature=11 37 29 28 4 20 7 33 8 29 29 26 7 29
split_gain=9.35923 6.56549 5.7232 3.75684 4.67067 3.82282 3.5311 4.54669 3.95471 3.87179 2.13378 2.18188 1.81728 0.737942
threshold=0.13225577771663669 1.5000000000000002 0.010110457893460991 0.18681747466325763 -0.5283968150615691 0.031582446808510641 -0.35816358029842371 0.95824616457461664 -0.14773982763290402 0.012410670518875124 0.013166180346161129 -0.28535863757133478 -0.18620243668556211 0.013166180346161129
decision_type=2 2 2 2 2 2 2 2 2 2 2 2 2 2
left_child=1 3 12 4 -1 -5 10 8 -8 -9 -2 -12 -3 -4
right_child=6 2 13 5 -6 -7 7 9 -10 -11 11 -13 -14 -15
leaf_value=0.024020545104650202 0.044622351038017455 0.08486775167711795 -0.022504904361437622 0.036848918463209202 -0.016348291521224155 0.00063811116145377625 0.001252854744247589 -0.010146547925225576 -0.025067391638241659 0.014240813613912447 0.036263416301660308 -0.015499409638451698 0.0089854763688070171 -0.036416818173951641
leaf_weight=5.3522595197864566 5.8575690406432823 0.60062442332855459 9.3783543272293191 6.1383984157437252 32.018981429740961 19.430592612337932 41.949102089360167 12.279236369053249 11.676204414947277 68.645759117658599 2.5152828794161906 2.7031355443177745 3.1705672026873826 17.454647575701529
leaf_count=204 89 474 9463 159 15660 10403 7331 299 1316 1329 353 638 1530 19010
internal_value=-9.76298e-10 -0.00987272 -0.0250697 -0.0024833 -0.0105667 0.00933131 0.00634184 0.00455476 -0.00447803 0.0105404 0.0280512 0.00945032 0.021071 -0.0315545
internal_weight=239.171 93.5444 30.6042 62.9402 37.3712 25.569 145.626 134.55 53.6253 80.925 11.076 5.21842 3.77119 26.833
internal_count=68258 56903 30477 26426 15864 10562 11355 10275 8647 1628 1080 991 2004 28473
is_linear=0
shrinkage=0.04


Tree=54
num_leaves=15
num_cat=0
split_feature=11 37 29 7 33 10 29 28 4 20 29 26 7 29
split_gain=8.60645 6.16355 5.41925 3.63807 4.09233 3.8943 3.55467 3.48642 4.32406 3.46353 1.97622 1.98496 1.54931 0.743106
threshold=0.13225577771663669 1.5000000000000002 0.010110457893460991 -0.35816358029842371 0.95824616457461664 0.39437171816825872 0.012410670518875124 0.18681747466325763 -0.5283968150615691 0.031582446808510641 0.013166180346161129 -0.28535863757133478 -0.18620243668556211 0.013166180346161129
decision_type=2 2 2 2 2 2 2 2 2 2 2 2 2 2
left_child=1 7 12 10 5 -5 -6 8 -1 -9 -2 -12 -3 -4
right_child=3 2 13 4 6 -7 -8 9 -10 -11 11 -13 -14 -15
leaf_value=0.022599146077402966 0.04374402725658693 0.075945094834996563 -0.021915385548050038 -0.0094162751198600299 -0.0099563502518003697 0.018863762233278222 0.013469032497438757 0.035679507637179628 -0.015865003564972436 0.00083773277599497888 0.0354038806744763 -0.014383478416867507 0.0083566745433915519 -0.036032699821423549
leaf_weight=5.4849364204856093 5.9665160197764617 0.65376751864096183 9.250834715523526 43.630177242903301 12.210061148070961 9.4845626684182189 68.567763460057904 5.9698916949710137 31.717526395077584 19.397915397275938 2.499593155713228 2.628660625887278 3.1924599801423055 16.799816805088994
leaf_count=204 89 474 9463 8140 299 507 1329 159 15660 10403 353 638 1530 19010
internal_value=-1.17448e-09 -0.00953571 -0.0244758 0.0060815 0.00425755 -0.00436638 0.00992814 -0.00239716 -0.0101941 0.00903717 0.028093 0.00988368 0.0198451 -0.0310195
internal_weight=237.454 92.4671 29.8969 144.987 133.893 53.1147 80.7778 62.5703 37.2025 25.3678 11.0948 5.12825 3.84623 26.0507
internal_count=68258 56903 30477 11355 10275 8647 1628 26426 15864 10562 1080 991 2004 28473
is_linear=0
shrinkage=0.04


Tree=55
num_leaves=15
num_cat=0
split_feature=11 37 29 7 7 34 29 20 25 13 29 26 1 34
split_gain=7.75171 5.83919 5.1518 3.61265 3.68976 5.10248 4.20639 3.21935 2.87941 2.71848 1.80988 1.76242 1.48987 0.767167
threshold=0.13225577771663669 1.5000000000000002 0.010110457893460991 -0.35816358029842371 0.12475845217704774 0.9681334622823986 0.012410670518875124 0.86425061425061445 -0.0037303864955902095 0.63156872987747203 0.013166180346161129 -0.28535863757133478 -0.030727121047675606 0.73695553539019965
decision_type=2 2 2 2 2 2 2 2 2 2 2 2 2 2
left_child=1 7 12 10 5 -5 -6 9 -9 -1 -2 -12 -3 -4
right_child=3 2 13 4 6 -7 -8 8 -10 -11 11 -13 -14 -15
leaf_value=0.011251793493431623 0.042906270399708284 0.041467029266489062 -0.034011211590522145 0.00028707644463653613 -0.016555398652885096 -0.03748226311620588 0.011628741710293282 -0.035032767131109005 0.089850201128855167 -0.0066330707793207126 0.034148022569219408 -0.012889836791988152 -0.0078283528100162487 -0.01662118787110508
leaf_weight=23.501195265183924 5.8967269742279296 2.118255701134331 20.169018386721294 37.14276937262548 9.4804788285982777 6.7654004888972841 79.702545751941216 6.1139400877545995 0.31040180951822449 32.269320758754475 2.520483586617047 2.5781096651408006 1.8271203737240309 5.0815442992607123
leaf_count=8457 89 541 23871 7191 255 777 2052 5435 240 12294 353 638 1463 4602
internal_value=-4.6185e-10 -0.00911265 -0.0238697 0.00577995 0.00395945 -0.00553245 0.00863267 -0.00218527 -0.0289989 0.000903451 0.0278159 0.0103633 0.0186381 -0.0305116
internal_weight=235.477 91.3908 29.1959 144.087 133.091 43.9082 89.183 62.1949 6.42434 55.7705 10.9953 5.09859 3.94538 25.2506
internal_count=68258 56903 30477 11355 10275 7968 2307 26426 5675 20751 1080 991 2004 28473
is_linear=0
shrinkage=0.04


Tree=56
num_leaves=15
num_cat=0
split_feature=14 38 22 30 7 8 15 12 29 29 8 33 14 10
split_gain=7.25826 4.80862 7.84149 3.96438 3.28539 2.68675 2.62372 2.51508 2.1543 1.2891 1.2221 1.16181 0.289607 0.158631
threshold=0.017888567410409454 0.73192508710801396 -0.063557852059602724 1.5000000000000002 -0.32366487383842463 -0.074473511427640901 27.530032157897953 0.6428690254688264 0.018373268656432632 0.011628537904471161 -0.17870400100946424 0.95502849788564081 0.017122073099017147 0.0020939684472978119
decision_type=2 2 2 2 2 2 2 2 2 2 2 2 2 2
left_child=4 2 6 11 8 -5 -2 -4 13 10 -6 -3 -11 -1
right_child=1 3 7 5 9 -7 -8 -9 -10 12 -12 -13 -14 -15
leaf_value=-0.041752379894923558 -0.011855234039686304 -0.021735973862827853 -0.013135351191437095 0.01125051525841891 0.00096070342621327521 -0.0037372233873118892 0.011973667635673965 -0.041728772413963007 0.043218933586297366 -0.035956208413908501 -0.034969588015314745 -0.086992488347728991 -0.009794048103494447 -0.011245457533346066
leaf_weight=0.57284060853999397 9.3483444497287547 0.93247996865647909 38.160847973955242 97.172593522975149 3.9781032413884532 23.830106234534469 35.348746302905056 5.6508174965965727 1.9039965232295797 12.56216167916136 2.4458563570515279 0.82073314080480486 0.71555239777808388 0.52052790313609876
leaf_count=312 3127 671 24483 11299 3148 871 5394 1058 251 14128 2425 101 745 245
internal_value=-6.6343e-10 0.00230936 -0.00479761 0.00743359 -0.0214937 0.00829885 0.00698988 -0.0168233 0.0175213 -0.0274294 -0.0127194 -0.0522846 -0.0345463 -0.0272287
internal_weight=233.964 211.265 88.5088 122.756 22.699 121.003 44.6971 43.8117 2.99737 19.7017 6.42396 1.75321 13.2777 1.09337
internal_count=68258 47004 34062 12942 21254 12170 8521 25541 808 20446 5573 772 14873 557
is_linear=0
shrinkage=0.04


Tree=57
num_leaves=15
num_cat=0
split_feature=14 37 13 33 18 29 32 7 32 13 29 8 27 15
split_gain=6.64599 4.56817 7.28869 5.98829 5.51749 4.29651 4.18123 3.12252 2.57076 2.07529 1.27558 1.32679 0.281075 0.122663
threshold=0.017888567410409454 1.0000000180025095e-35 1.6631980538368227 0.99312706660368455 -0.060602271929383271 0.0090180039405822771 0.9863325031133251 -0.32366487383842463 0.94161255411255429 0.27933104336261755 0.01154663832858205 -0.16103519499301908 0.36934387683868414 8.3894004821777362
decision_type=2 2 2 2 2 2 2 2 2 2 2 2 2 2
left_child=7 2 5 6 -5 -2 -3 9 -4 -1 11 -9 -12 -11
right_child=1 3 8 4 -6 -7 -8 10 -10 13 12 -13 -14 -15
leaf_value=0.037998136712382162 -0.059938347612221991 -0.005814537754295186 -0.021822516875309134 0.029984734078091435 -0.011403751986371693 0.01088621369485075 -0.036243225521946719 0.0017847888704894143 -0.091655875645534943 -0.058679491526968899 -0.035533752904566993 -0.038987614576266559 -0.015664231924348983 -0.025907281214679691
leaf_weight=2.1441476067557264 1.3891289958846744 73.479512953144877 2.2546582601498808 13.924463738425404 8.181510102178434 102.00759302223378 8.0132781825486727 3.9930033650598489 1.3475458277680443 0.28032659168093221 12.008011476922546 1.8774097482528329 1.2585002166015318 0.52489534448250197
leaf_count=329 440 33129 762 179 307 11726 394 3299 67 141 13911 1922 1314 338
internal_value=-4.40304e-10 0.00218923 0.00798608 -0.00379787 0.0146667 0.00993469 -0.00880662 -0.0208748 -0.0479464 0.0174361 -0.0267792 -0.0112546 -0.0336489 -0.0373165
internal_weight=232.684 210.598 106.999 103.599 22.106 103.397 81.4928 22.0863 3.6022 2.94937 19.1369 5.87041 13.2665 0.805222
internal_count=68258 47004 12995 34009 486 12166 33523 21254 829 808 20446 5221 15225 479
is_linear=0
shrinkage=0.04


Tree=58
num_leaves=15
num_cat=0
split_feature=11 20 23 27 12 10 4 17 36 30 15 5 12 13
split_gain=6.55826 4.82645 2.65319 3.3584 2.59879 3.94606 5.51621 2.71102 2.3958 2.28885 2.11536 1.79371 0.855685 0.580027
threshold=0.22495743632316592 0.16302800189843383 1.0000000180025095e-35 0.38064245879650122 0.43220724165439611 0.62331080436706554 0.48912866413593298 0.012274450622498991 0.27490976086629576 3.5000000000000004 27.712461471557621 0.15487550944089892 0.24926195293664935 1.6631980538368227
decision_type=2 2 2 2 2 2 2 2 2 2 2 2 2 2
left_child=1 8 9 -4 7 6 -6 11 10 -3 -1 -2 -10 -9
right_child=4 2 3 -5 5 -7 -8 13 12 -11 -12 -13 -14 -15
leaf_value=-0.0099725450095700576 0.016282950461362401 -0.018712365754086812 -0.035195796989267503 0.024511821365860571 -0.0065750344725765599 -0.02545203368172894 0.014277883993211367 -0.0037005813815077621 -0.010873689693619385 -0.0033060597879886497 0.015229933008906068 0.042624507033985334 -0.050365368540317292 -0.041617691018031158
leaf_weight=6.8574041638457883 15.487472468230413 23.841150091981035 12.287132150870091 1.7180278695013829 33.509209617783199 6.8743116375699165 51.476479281220236 1.5401667324549628 2.974439655445166 43.728732168767237 23.902592163980444 5.643148998686228 1.2454194984202329 1.1112342590640762
leaf_count=2400 1350 16981 15170 845 2431 169 832 372 1542 21424 3498 92 623 529
internal_value=-5.40735e-10 -0.00669605 -0.0120262 -0.0278714 0.00674891 0.00369786 0.00605574 0.0185338 0.00573416 -0.00874197 0.00961148 0.0233177 -0.022529 -0.0195921
internal_weight=232.197 116.555 81.575 14.0052 115.642 91.86 84.9857 23.782 34.9799 67.5699 30.76 21.1306 4.21986 2.6514
internal_count=68258 62483 54420 16015 5775 3432 3263 2343 8063 38405 5898 1442 2165 901
is_linear=0
shrinkage=0.04


Tree=59
num_leaves=14
num_cat=0
split_feature=11 0 36 11 18 12 28 13 34 14 9 32 33
split_gain=5.94752 4.29484 3.30252 3.44551 2.62585 3.30209 2.99021 2.5946 4.6493 3.80561 2.97067 3.52776 0.906191
threshold=0.22495743632316592 -0.026387215591967102 0.24946351931330477 0.0034605369437485938 -0.012088443152606486 0.73369619250297557 0.30389104783535009 0.842003494501114 0.36705494209534079 0.027185838669538501 27.500000000000004 0.99312706660368455 0.91827458256029704
decision_type=2 2 2 2 2 2 2 2 2 2 2 2 2
left_child=1 2 3 -1 5 -3 -6 8 -2 -10 11 -9 -4
right_child=7 4 12 -5 6 -7 -8 10 9 -11 -12 -13 -14
leaf_value=-0.014178905304134999 0.031972201481895772 -0.013951987141273039 -0.017645093534623013 0.014297251942682792 -0.016057011447156704 -0.05904711170837023 0.023579978692066402 -0.00080503598596800283 0.034995876309119302 -0.024733715116588045 0.020868889239594752 0.018926382104207846 -0.06179625406030221
leaf_weight=8.843961286795091 3.8921477371040991 55.917560390376821 5.2953499830546198 29.393865009536967 5.9134082403179473 2.7246575832396038 6.278468065916968 50.148604489877471 1.9595307894051064 13.229324411484411 25.329483154171612 20.39352759992471 0.86534758207562834
leaf_count=3718 225 40613 3420 6915 4182 1111 2297 3766 28 1296 253 207 227
internal_value=-6.51553e-11 -0.00642186 0.00333213 0.00771105 -0.0125356 -0.0160472 0.00435491 0.00643751 -0.00703288 -0.0170279 0.00911847 0.00489926 -0.0238467
internal_weight=230.185 115.233 44.3985 38.2378 70.8341 58.6422 12.1919 114.953 19.081 15.1889 95.8716 70.5421 6.1607
internal_count=68258 62483 14280 10633 48203 41724 6479 5775 1549 1324 4226 3973 3647
is_linear=0
shrinkage=0.04


Tree=60
num_leaves=15
num_cat=0
split_feature=37 15 0 8 14 13 33 10 3 5 27 32 26 14
split_gain=5.85159 5.83027 6.08578 5.37425 5.90276 4.8111 4.715 4.55427 4.20562 4.03185 3.86307 2.19999 1.86601 0.689018
threshold=1.0000000180025095e-35 70.441024780273452 -0.022655569016933438 -0.10913467779755591 0.05098026059567929 1.6631980538368227 0.89405376585475371 0.16862305998802188 0.41508373618125921 0.085135374218225493 0.3783357441425324 0.94161255411255429 -0.11283147335052489 0.075141403824090972
decision_type=2 2 2 2 2 2 2 2 2 2 2 2 2 2
left_child=5 2 6 12 -5 7 -2 8 -1 -9 -4 13 -3 -7
right_child=1 3 10 4 -6 11 -8 9 -10 -11 -12 -13 -14 -15
leaf_value=0.0027737316771526024 -0.013837340060240746 0.0022658296220944684 -0.023077742052772004 0.017673447644314215 -0.041504699458052213 0.028189164956791486 0.016238383562296961 0.027686553628155874 -0.060478315290078397 0.0034766311446736056 0.0076531211971375968 -0.086574582605052547 0.032922144726254453 -0.028777510110980491
leaf_weight=60.568251177170168 15.410504362724167 4.3421436479256981 49.551485343195964 5.4231566785565501 5.3644504026451614 0.42434367595706124 18.17772177930965 26.618967932336091 1.7299407045356918 18.764979946114181 7.5409222899907027 1.1251270998618563 11.837409510586442 1.7032802809917482
leaf_count=14480 11416 275 34894 361 279 248 1117 799 75 665 2749 67 319 514
internal_value=-1.80284e-10 -0.00621466 -0.0110706 0.0101141 -0.0117546 0.00659072 0.00243944 0.0080385 0.0010173 0.0176764 -0.0190187 -0.0413378 0.0246948 -0.0174158
internal_weight=228.583 117.648 90.6806 26.9672 10.7876 110.935 33.5882 107.682 62.2982 45.3839 57.0924 3.25275 16.1796 2.12762
internal_count=68258 51410 50176 1234 640 16848 12533 16019 14555 1464 37643 829 594 762
is_linear=0
shrinkage=0.04


Tree=61
num_leaves=15
num_cat=0
split_feature=14 38 22 30 7 33 13 28 13 29 8 7 27 15
split_gain=5.48768 3.9368 6.20619 2.78245 2.77061 2.5404 2.2276 2.17023 1.71364 1.28421 1.22491 1.02875 0.297962 0.088958
threshold=0.017888567410409454 0.73192508710801396 -0.063557852059602724 1.5000000000000002 -0.32366487383842463 0.87885582280201124 1.1313050985336306 0.05614044331014157 0.27933104336261755 0.01154663832858205 -0.16103519499301908 0.10937878116965295 0.36934387683868414 13.346343994140627
decision_type=2 2 2 2 2 2 2 2 2 2 2 2 2 2
left_child=4 2 5 11 8 -2 -5 -4 -1 10 -6 -3 -11 -10
right_child=1 3 7 6 9 -7 -8 -9 13 12 -12 -13 -14 -15
leaf_value=0.035705821089509884 -0.00078207240273393114 -0.025067329556778657 0.0036025723869349165 0.00073572995639345625 0.0024293643916774303 0.019511304997467987 0.011917245752856688 -0.019707623266185463 -0.05079500297353011 -0.034524627353032224 -0.037553511426207511 -0.095805057803289934 -0.013666468837393931 -0.022962754049732879
leaf_weight=2.1044158480654036 29.775899111751642 1.098387279696907 7.8321527268381024 47.937973425083328 4.047090159408981 14.763708701710128 70.331163465678401 34.717709590953746 0.31201506669458456 11.177431339207031 1.7587225570750913 0.46957856987137336 1.2148979907069577 0.4469395124760922
leaf_count=329 7773 718 4688 6759 3299 748 5411 20853 174 13911 1922 54 1314 305
internal_value=-2.02856e-10 0.00197986 -0.00449211 0.00668325 -0.0194519 0.00594465 0.00738505 -0.0154169 0.0171225 -0.0252067 -0.00968243 -0.0462521 -0.0324798 -0.0344049
internal_weight=227.988 206.927 87.0895 119.837 21.0615 44.5396 118.269 42.5499 2.86337 18.1981 5.80581 1.56797 12.3923 0.758955
internal_count=68258 47004 34062 12942 21254 8521 12170 25541 808 20446 5221 772 15225 479
is_linear=0
shrinkage=0.04


Tree=62
num_leaves=14
num_cat=0
split_feature=14 37 6 34 14 29 13 22 10 28 29 18 4
split_gain=5.11744 3.67054 4.83066 5.02693 4.43578 3.92199 2.64028 2.26798 1.71736 1.56077 0.4528 0.915307 0.306916
threshold=0.017888567410409454 1.0000000180025095e-35 0.50239190459251415 0.96485050654806048 0.15849417448043826 0.0090180039405822771 0.32927510142326361 -0.029081845656037327 0.040159052237868316 0.29303868114948278 0.011244635097682478 -0.074030987918376909 0.11237740889191629
decision_type=2 2 2 2 2 2 2 2 2 2 2 2 2
left_child=6 4 3 -3 5 -2 7 9 -9 -1 11 -8 -12
right_child=1 2 -4 -5 -6 -7 10 8 -10 -11 12 -13 -14
leaf_value=-0.014874990808805021 -0.056584531970633539 -0.0039089917770848918 0.018331922743026249 -0.036322175956979855 -0.057513743220461135 0.0090988788754729506 0.023372269031368315 -0.027094652294008491 0.053559408584733223 0.047452795257705474 -0.034540861214914148 -0.028883205888116659 0.02493311671237243
leaf_weight=0.94920655220630612 1.475542731976019 78.032476635329658 13.878936754306777 8.4883716443218855 1.6719965368829424 102.01367214901256 0.71750795548723578 3.8387303239069324 0.47463241963487224 1.9915776032758001 10.143704262407478 2.1238248953159191 0.14075733383651901
leaf_count=625 458 32379 158 1472 240 12297 636 3693 317 275 13052 2598 58
internal_value=6.17347e-10 0.00189548 -0.00357488 -0.00708898 0.00711816 0.00816237 -0.0191187 0.000247921 -0.0182197 0.0273351 -0.0298219 -0.0156874 -0.0337269
internal_weight=225.941 205.561 100.4 86.5208 105.161 103.489 20.3799 7.25415 4.31336 2.94078 13.1258 2.84133 10.2845
internal_count=68258 47004 34009 33851 12995 12755 21254 4910 4010 900 16344 3234 13110
is_linear=0
shrinkage=0.04


Tree=63
num_leaves=15
num_cat=0
split_feature=30 26 35 4 28 36 6 6 4 25 25 6 34 34
split_gain=4.80463 8.77154 4.33789 3.62978 3.70323 3.39911 5.66309 4.03254 3.10097 2.20582 1.64136 1.36997 1.18162 0.588968
threshold=5.5000000000000009 -0.20925369858741757 -0.03980565816164016 -0.048343712463974946 0.075846783816814436 0.42135416666666675 0.50239190459251415 0.50239190459251415 -0.47181281447410578 -0.00637182593345642 0.012619972229003908 0.040549278259277351 0.89405376585475371 0.90821007302003387
decision_type=2 2 2 2 2 2 2 2 2 2 2 2 2 2
left_child=3 2 13 4 8 7 -7 -5 -1 -6 11 -3 -4 -2
right_child=1 10 12 5 9 6 -8 -9 -10 -11 -12 -13 -14 -15
leaf_value=0.023869827570177631 -0.038217356902487828 -0.031271532446867464 0.032082684799098343 0.0037672078180154031 -0.018301028600265074 -0.0068341540353884043 -0.10447531151361857 0.022531129887292757 -0.0057578695734512497 0.013332573964503268 0.061732053896735931 -0.062194289837999427 0.080576159950814588 0.025501465588274496
leaf_weight=9.1880655262139062 1.5687063628865869 10.94029426728593 2.9759984146385277 115.64888953354421 31.384253121781512 7.5346624850644712 1.0875878403894601 21.775846664095297 14.687748728008954 3.9734151630836996 0.27054203630541529 2.8999359060144352 1.1015302321684428 0.27240480840555381
leaf_count=492 1865 14699 908 13707 23535 1128 66 185 8224 2007 208 924 112 198
internal_value=-1.13549e-09 -0.0186999 0.0221723 0.00182457 -0.0065274 0.00521194 -0.0191504 0.00674047 0.00564368 -0.0147461 -0.0358434 -0.0377508 0.045183 -0.0287897
internal_weight=225.31 20.0294 5.91864 205.28 59.2335 146.047 8.62225 137.425 23.8758 35.3577 14.1108 13.8402 4.07753 1.84111
internal_count=68258 18914 3083 49344 34258 15086 1194 13892 8716 25542 15831 15623 1020 2063
is_linear=0
shrinkage=0.04


Tree=64
num_leaves=14
num_cat=0
split_feature=2 23 31 4 33 8 25 13 14 36 22 25 8
split_gain=4.66183 6.7318 4.38452 7.44284 5.80219 4.04609 6.74937 3.61452 4.63091 2.28776 2.13773 1.44888 1.10504
threshold=0.085062544792890563 1.0000000180025095e-35 0.92165387894288153 0.19603969156742099 0.95502849788564081 -0.074473511427640901 -0.0443030297756195 0.88174140453338634 0.025602755136787895 0.43070330969267145 0.25784724950790411 0.012619972229003908 -0.36528854072093958
decision_type=2 2 2 2 2 2 2 2 2 2 2 2 2
left_child=1 2 4 -4 -1 7 -7 8 -2 -9 -8 12 -3
right_child=5 11 3 -5 -6 6 10 9 -10 -11 -12 -13 -14
leaf_value=-0.0043361645015656909 0.042756491681259147 -0.0090778973433561089 5.2203839880916349e-05 -0.074352838740045946 0.015816346185275984 -0.045900722643689627 0.022139655314466149 0.019000421638654619 -0.036602316656883106 -0.0083251768851427353 -0.0095481996235047203 0.058345560877312706 -0.036570179124100564
leaf_weight=91.643739326889772 1.5853275356348593 2.9076060928200596 5.7041089207305031 3.4533566946047358 30.45533234377217 5.4388133750762817 7.0363761543703713 48.446990956559603 4.5623241697467165 5.4540816360968156 6.6027560889488086 0.2948674969084103 11.967163719225933
leaf_count=43123 55 2948 1706 206 1406 235 208 1643 520 588 165 205 15250
internal_value=4.79415e-10 -0.00422733 -0.00131162 -0.0280066 0.000690503 0.00782279 -0.00822452 0.0129211 -0.0161376 0.0162354 0.00679944 -0.0294557 -0.0311962
internal_weight=225.553 146.426 131.257 9.15747 122.099 79.1267 19.0779 60.0487 6.14765 53.9011 13.6391 15.1696 14.8748
internal_count=68258 64844 46441 1912 44529 3414 608 2806 575 2231 373 18403 18198
is_linear=0
shrinkage=0.04


Tree=65
num_leaves=15
num_cat=0
split_feature=11 35 19 4 15 13 34 8 8 25 12 33 6 18
split_gain=4.53303 3.5166 3.53206 3.21904 2.63548 2.47825 3.64794 3.0762 2.85858 6.2317 3.65936 2.37718 1.43027 0.964288
threshold=0.22495743632316592 -0.065164323896169649 0.031582446808510641 -0.47181281447410578 3.6673606634140019 0.85093075037002575 0.36705494209534079 -0.39718785881996149 -0.10632658377289771 -0.056212842464447015 0.76167815923690807 0.025477821853588174 -0.12511278688907621 -0.068650409579277025
decision_type=2 2 2 2 2 2 2 2 2 2 2 2 2 2
left_child=1 2 13 -4 12 6 -2 -8 10 -10 -7 -6 -3 -1
right_child=5 4 3 -5 11 8 7 -9 9 -11 -12 -13 -14 -15
leaf_value=0.01408183232417054 0.028191690341086623 0.034298639214547233 0.019880572582238118 -0.0071672795175174303 0.0221158140485424 0.007079435677716228 0.015711722514493102 -0.0261279074951528 -0.038969380328155896 0.0075445344496488957 0.028170369743805625 -0.016406959646416863 -0.016558422870183193 0.045432320982981327
leaf_weight=3.0793360931857023 3.6959834375302334 2.8537317399532185 8.723757362487957 36.47848574409727 2.6923343726048179 49.19120282412041 3.7022693844337491 11.687659161412736 5.9160481766448383 20.851599875313696 17.970899593623471 53.347482188184586 1.2823650980863011 3.2021765722602131
leaf_count=255 227 680 643 18581 828 3211 260 1103 236 520 218 40428 1022 46
internal_value=-6.95091e-10 -0.00571607 0.00195842 -0.00194721 -0.012282 0.00564749 -0.00749291 -0.0160628 0.00831753 -0.00273573 0.0127228 -0.0145562 0.0185308 0.0300636
internal_weight=224.675 111.66 51.4838 45.2022 60.1759 113.016 19.0859 15.3899 93.9298 26.7676 67.1621 56.0398 4.1361 6.28151
internal_count=68258 62483 19525 19224 42958 5775 1590 1363 4185 756 3429 41256 1702 301
is_linear=0
shrinkage=0.04


Tree=66
num_leaves=14
num_cat=0
split_feature=14 33 33 7 38 7 15 18 29 29 8 31 30
split_gain=4.16743 3.16489 3.90781 3.82483 3.46763 2.46268 1.88434 2.27187 1.50457 1.20275 1.4198 0.331587 0.127267
threshold=0.017500524409115318 0.01597872340425532 0.95824616457461664 0.38366140425205236 0.97241248097412492 -0.32366487383842463 39.131067276000984 -0.13291950523853299 0.018373268656432632 0.011628537904471161 -0.17870400100946424 0.036961141469338196 2.5000000000000004
decision_type=2 2 2 2 2 2 2 2 2 2 2 2 2
left_child=5 6 3 -3 -4 8 7 -2 12 10 -7 -11 -1
right_child=1 2 4 -5 -6 9 -8 -9 -10 11 -12 -13 -14
leaf_value=-0.0032731958941702938 0.046689499157452331 -0.0033105040868663081 0.013926268688889264 -0.084034481019929094 -0.0031587731332057079 0.0050022940343052262 0.041434893548529042 -0.035567008161164461 0.040491869752086809 0.026753582408949539 -0.037691082934510269 -0.032907541965838172 -0.033804782460573661
leaf_weight=0.34422453114530371 0.89367673808010328 116.49935914536945 50.269423965095484 0.94676521315704931 30.563696503711981 3.7746126106067095 4.9628011723980308 1.3469471724783932 1.6819776764241394 0.15125021181302045 1.8606654690884195 10.250216279104277 0.59781015533371828
leaf_count=160 55 44225 1821 119 680 3063 208 434 238 139 2385 14360 371
internal_value=-3.43893e-10 0.00164365 0.000697447 -0.00396124 0.00746627 -0.018099 0.0276884 -0.00275886 0.0178242 -0.0239769 -0.00909428 -0.03204 -0.0226484
internal_weight=224.143 205.483 198.279 117.446 80.8331 18.6608 7.20343 2.24062 2.62401 16.0367 5.63528 10.4015 0.942035
internal_count=68258 47542 46845 44344 2501 20716 697 489 769 19947 5448 14499 531
is_linear=0
shrinkage=0.04


Tree=67
num_leaves=15
num_cat=0
split_feature=37 33 28 37 7 18 28 3 26 15 13 13 29 32
split_gain=4.16095 5.51494 4.63428 11.5423 4.78739 4.07115 3.97744 5.24087 4.45653 3.84674 3.96046 3.28966 2.78516 1.9445
threshold=1.0000000180025095e-35 0.99312706660368455 0.30101117491722112 1.5000000000000002 -0.17484105378389356 -0.060602271929383271 0.32060588896274572 0.026717992499470714 -0.052661716938018792 27.530032157897953 1.6631980538368227 0.97981730103492748 0.02286629565060139 0.0084566974182936436
decision_type=2 2 2 2 2 2 2 2 2 2 2 2 2 2
left_child=6 2 4 -4 -2 -3 9 8 -8 13 -11 -9 -7 -1
right_child=1 5 3 -5 -6 12 7 11 -10 10 -12 -13 -14 -15
leaf_value=0.031454610404951441 -0.0021062925187916907 0.026857310638118227 0.017855995860191695 -0.032501787412948138 -0.025564601949545282 -0.032838218680175987 -0.00024471181191214266 -0.013851897415794377 0.11428366216201594 0.012765521151279975 -0.038161852586122293 -0.070403795683861112 0.015901883635983046 -0.019289365303027991
leaf_weight=1.3702513445750799 22.855923761344457 13.041396853106564 23.400412021248485 10.57284394212911 35.601037777028978 4.0161239149456369 6.0917915436439216 3.5268512281836593 0.59687757415667686 82.974049926226144 2.5173479809309347 3.0857561196025927 3.5199298615916632 10.220286300391306
leaf_count=56 17335 202 4193 8464 20833 315 1664 732 267 8658 610 523 68 4338
internal_value=1.30301e-10 -0.00539537 -0.00956469 0.00218411 -0.0163927 0.0133325 0.00552365 -0.0149895 0.00997547 0.00833418 0.0112659 -0.0402417 -0.0100728 -0.0132903
internal_weight=223.391 113.008 92.4302 33.9733 58.457 20.5775 110.383 13.3013 6.68867 97.0819 85.4914 6.61261 7.53605 11.5905
internal_count=68258 51410 50825 12657 38168 585 16848 3186 1931 13662 9268 1255 383 4394
is_linear=0
shrinkage=0.04


Tree=68
num_leaves=14
num_cat=0
split_feature=14 31 7 3 2 36 6 22 12 15 26 6 14
split_gain=4.29346 3.66664 3.91889 4.57241 3.91868 3.14264 3.14635 3.03131 2.74442 2.29477 3.87221 2.08778 0.788773
threshold=0.0716880038380623 0.031939181968327991 -0.27500136196613306 -0.0024474934907630082 0.067571133375167861 0.43070330969267145 0.38672988116741186 -0.1988296955823898 0.76167815923690807 36.649684906005866 -0.20876434445381162 0.50239190459251415 0.043095866218209274
decision_type=2 2 2 2 2 2 2 2 2 2 2 2 2
left_child=1 9 4 -4 -3 7 8 -2 -7 10 -1 -9 -11
right_child=5 2 3 -5 -6 6 -8 11 -10 12 -12 -13 -14
leaf_value=0.02850107428851285 -0.032248249502225525 -0.00075684083684413495 -0.021873527802781841 -0.0035422725850767999 0.038978595652935377 -0.037854418899562099 -0.089039997549977004 0.0064476754231965108 0.023875315698460655 0.041050987817425992 -0.047239500855204904 0.021777962885919103 0.015694578105500921
leaf_weight=2.286593587778043 2.8544788565486661 20.536499375371935 36.13459106303344 54.770247776934411 4.9229632299102368 2.4698954450577721 0.94796728075016279 68.030094681809715 2.1601983633299824 4.1216103978222236 2.046673291406476 17.967568247928284 3.7477256195415976
leaf_count=160 258 10143 36316 12832 181 810 85 5873 60 208 929 150 253
internal_value=-3.75027e-10 -0.00475669 -0.00694418 -0.0108289 0.00692659 0.00647624 -0.0226473 0.0083046 -0.00905404 0.0161033 -0.00727245 0.00965065 0.0289751
internal_weight=222.997 128.567 116.364 90.9048 25.4595 94.4302 5.57806 88.8521 4.63009 12.2026 4.33327 85.9977 7.86934
internal_count=68258 61022 59472 49148 10324 7236 955 6281 870 1550 1089 6023 461
is_linear=0
shrinkage=0.04


Tree=69
num_leaves=12
num_cat=0
split_feature=37 33 28 37 7 14 18 30 15 33 32
split_gain=4.03532 4.96945 3.82521 10.0964 4.6567 3.78758 3.39097 3.51206 3.28035 3.44001 1.65019
threshold=1.0000000180025095e-35 0.99312706660368455 0.30101117491722112 1.5000000000000002 -0.17484105378389356 0.15849417448043826 -0.077005609869956956 4.5000000000000009 26.08753871917725 0.01597872340425532 0.0084566974182936436
decision_type=2 2 2 2 2 2 2 2 2 2 2
left_child=5 2 4 -4 -2 8 -3 -8 10 -10 -1
right_child=1 6 3 -5 -6 -7 7 -9 9 -11 -12
leaf_value=0.027355301440563209 -0.0016013610227338696 0.028202806419653625 0.015764114497753216 -0.031543396710742022 -0.024907656581190964 -0.058859822208297302 -0.030195002517517958 0.018187827292523006 0.037176504622313832 0.006627426558965515 -0.020517172661192112
leaf_weight=1.3121548766503099 22.761601806429098 10.587666631705362 23.594357933423453 10.39969090919112 34.518586688405776 1.4467518570309028 4.5364649141120008 5.0982465466076974 6.3038862575776866 91.534161865376518 9.4436427239343157
leaf_count=65 17335 157 4193 8464 20833 240 207 221 245 12024 4274
internal_value=-1.40606e-09 -0.00536316 -0.00933806 0.00129148 -0.0156464 0.00543413 0.0125776 -0.00459303 0.00629069 0.00859576 -0.014677
internal_weight=221.537 111.497 91.2742 33.994 57.2802 110.041 20.2224 9.63471 108.594 97.838 10.7558
internal_count=68258 51410 50825 12657 38168 16848 585 428 16608 12269 4339
is_linear=0
shrinkage=0.04


Tree=70
num_leaves=10
num_cat=0
split_feature=33 7 12 4 27 29 15 18 4
split_gain=3.6869 4.41379 4.75342 3.72741 3.62445 3.22719 1.56261 2.02025 1.38564
threshold=0.01597872340425532 0.12475845217704774 0.43220724165439611 0.43740160763263708 0.37600411474704748 0.012276355177164079 38.811075210571296 -0.13291950523853299 -0.27953375875949854
decision_type=2 2 2 2 2 2 2 2 2
left_child=6 3 -3 5 -4 -2 7 -1 -9
right_child=1 2 4 -5 -6 -7 -8 8 -10
leaf_value=0.045051534684151434 0.0042403367457221801 0.035208914270490367 0.005134909340978753 -0.052806579134365574 -0.031246389198036111 -0.0093799675286770703 0.037921960707133447 -0.060285089046607301 0.027708217041315063
leaf_weight=0.88953822397161308 42.177121926870313 8.0712924240506236 73.493807508406462 2.6370822265525922 4.6590832538204259 81.845390991296881 5.6894892710843123 0.91631441219942655 0.41647357698093279
leaf_count=55 17825 164 2548 272 444 46181 249 309 211
internal_value=2.12323e-10 -0.000996465 0.00598424 -0.00574861 0.00296604 -0.00474802 0.026812 -0.00163131 -0.0327887
internal_weight=220.796 212.884 86.2242 126.66 78.1529 124.023 7.91182 2.22233 1.33279
internal_count=68258 67434 3156 64278 2992 64006 824 575 520
is_linear=0
shrinkage=0.04


Tree=71
num_leaves=15
num_cat=0
split_feature=11 37 29 30 9 7 18 19 13 34 7 7 34 27
split_gain=3.59672 3.3815 3.67997 2.93237 2.67858 2.60479 3.16338 2.38565 2.0996 1.55388 1.36624 0.958011 0.74476 0.671258
threshold=0.091401517391204848 1.5000000000000002 0.010410954244434835 1.5000000000000002 27.500000000000004 -0.35816358029842371 -0.20838408917188642 0.031582446808510641 1.6088165044784548 0.77087922173274614 -0.18620243668556211 0.12475845217704774 0.92430608607079201 0.37600411474704748
decision_type=2 2 2 2 2 2 2 2 2 2 2 2 2 2
left_child=1 4 10 11 7 8 -7 -1 -5 -6 -3 13 -4 -2
right_child=3 2 12 5 9 6 -8 -9 -10 -11 -12 -13 -14 -15
leaf_value=0.026195682118742313 -0.043749076606643532 0.063906958642024683 -0.029688896941663538 0.027419644874264792 -0.0091448306191434688 -0.054523838355794822 0.0032396141836951615 -0.0026265009667103272 -0.02330474809138032 -0.06810771507179704 0.0035279458934637225 -0.089753144752939648 0.010867242289371491 0.022080258822626878
leaf_weight=5.1367245243018251 0.99891179224141413 0.80412265445920672 16.979075016093706 11.235327075788517 1.3936129087160218 1.5346479948784679 131.37454593730945 43.5587424595833 1.4773178546747647 1.4688425712229216 2.3577092837367699 0.56103394814999763 0.75676481545087781 0.32962203680654056
leaf_count=404 585 505 25004 1033 673 304 14201 21998 435 323 1803 73 780 137
internal_value=5.09011e-10 -0.00729813 -0.0208712 0.00358474 -0.00179664 0.00422717 0.00257264 0.000413856 0.021525 -0.0394011 0.0188836 -0.0459247 -0.0279584 -0.0274162
internal_weight=219.967 72.4556 20.8977 147.511 51.5579 145.622 132.909 48.6955 12.7126 2.86246 3.16183 1.88957 17.7358 1.32853
internal_count=68258 51490 28092 16768 23398 15973 14505 22402 1468 996 2308 795 25784 722
is_linear=0
shrinkage=0.04


Tree=72
num_leaves=15
num_cat=0
split_feature=14 33 38 22 19 13 33 10 15 18 29 18 3 4
split_gain=3.36976 3.20369 3.34259 4.18549 2.31136 2.16722 2.16325 1.24868 1.08029 1.78022 0.595315 0.998118 0.315393 0.265891
threshold=0.017122073099017147 0.01597872340425532 0.75162337662337675 -0.063557852059602724 0.31749612293810808 0.30475409328937536 0.74159604519774025 0.040159052237868316 39.131067276000984 -0.14924158155918119 0.011244635097682478 -0.074030987918376909 0.16900615394115451 0.11237740889191629
decision_type=2 2 2 2 2 2 2 2 2 2 2 2 2 2
left_child=5 8 3 -3 -4 6 7 -1 9 -2 11 -7 -8 -12
right_child=1 2 4 -5 -6 10 12 -9 -10 -11 13 -13 -14 -15
leaf_value=0.0075164190338713093 0.047250702051270389 0.00371312487905711 0.014339271371202644 -0.014142285551583421 0.0014201288881170167 0.030108286791175762 -0.038681530245366899 0.080966994018733182 0.035760911560193745 -0.027395061149206798 -0.033644879364718536 -0.025904541301211545 -0.096123935410263719 0.022106293088294381
leaf_weight=4.5548038600354657 0.84982316038804162 40.406047269876581 30.701201622174267 43.747320401645993 79.620809958716563 0.69712585461093146 0.93790391068250734 0.40309458474439441 5.6508648504095618 1.2828764537043742 8.3213545538819709 1.88631224198616 0.182731470791623 0.13916140509536568
leaf_count=2954 46 8270 2348 26901 9860 618 1035 245 209 446 12692 2541 31 62
internal_value=-2.49337e-10 0.00144241 0.000435275 -0.00556905 0.00501536 -0.0170385 0.0021434 0.0134882 0.0266061 0.00234926 -0.027596 -0.0107898 -0.0480481 -0.0327279
internal_weight=219.381 202.259 194.475 84.1534 110.322 17.1225 6.07853 4.9579 7.78356 2.1327 11.044 2.58344 1.12064 8.46052
internal_count=68258 48080 47379 35171 12208 20178 4265 3199 701 492 15913 3159 1066 12754
is_linear=0
shrinkage=0.04


Tree=73
num_leaves=14
num_cat=0
split_feature=14 23 27 38 18 18 22 9 19 18 11 10 19
split_gain=3.29193 3.22314 4.46114 2.86325 3.08288 2.73971 2.57655 2.4764 2.18948 2.0834 1.44577 1.33935 0.99848
threshold=0.0716880038380623 1.0000000180025095e-35 0.37517923116683966 0.045804195804195813 -0.019757219590246674 1.0000000180025095e-35 -0.1988296955823898 16.500000000000004 0.97776679841897252 -0.0069131616037338963 0.94681295752525341 0.0035115591017529373 0.057417582417582429
decision_type=2 2 2 2 2 2 2 2 2 2 2 2 2
left_child=1 3 12 11 -5 6 -2 10 -4 -8 -7 -1 -3
right_child=5 2 8 4 -6 7 9 -9 -10 -11 -12 -13 -14
leaf_value=-0.0092714508815856297 -0.030671170738792934 0.0056592745334915484 -0.033716221929088408 -0.0077618763578406825 0.0085001698985202184 -0.032337245994546744 0.0063077311140048711 -0.083512178004040399 0.040578077916605983 0.027465486945679182 0.028310992486228658 0.02743644471227491 -0.036736427871387846
leaf_weight=2.0372276630368997 2.7986367453122503 0.96954672914216544 0.87461355052073431 76.921539182574634 24.622503580609191 1.5985012945602644 78.046126356326567 0.96010597037820833 2.3134609349508537 8.2319556318980158 1.0368198893265799 7.2502128992491635 10.675479517980419
leaf_count=414 266 631 1096 34836 7169 456 6008 168 454 321 17 549 15873
internal_value=-3.80859e-11 -0.00421784 -0.0217288 -0.00187427 -0.00381864 0.00571944 0.0071012 -0.0285135 0.0201962 0.00832643 -0.00847628 0.0193845 -0.0332066
internal_weight=218.337 125.665 14.8331 110.831 101.544 92.6721 89.0767 3.59543 3.18807 86.2781 2.63532 9.28744 11.645
internal_count=68258 61022 18054 42968 42005 7236 6595 641 1550 6329 473 963 16504
is_linear=0
shrinkage=0.04


Tree=74
num_leaves=12
num_cat=0
split_feature=33 33 29 29 8 15 26 28 15 18 4
split_gain=3.29736 3.65384 3.85667 3.36166 3.19884 5.21502 4.01951 2.49168 1.06055 1.73406 1.20399
threshold=0.01597872340425532 0.95824616457461664 0.03383824601769448 0.013364522717893125 -0.1120111122727394 70.441024780273452 -0.095839828252792345 0.48778766393661505 39.131067276000984 -0.14924158155918119 -0.27953375875949854
decision_type=2 2 2 2 2 2 2 2 2 2 2
left_child=8 4 3 -3 5 -2 -6 -4 9 -1 -11
right_child=1 2 7 -5 6 -7 -8 -9 -10 10 -12
leaf_value=0.045292353058354842 -0.0058968169761076409 -0.0054531214397159711 -0.064511778450067239 0.013464611689541259 -0.048620932902307339 0.022294534340701163 0.00327985299529733 -0.00048768785091987254 0.034273612846850418 -0.052676286368268412 0.02864907897942242
leaf_weight=0.88385098287835751 111.10163963092054 21.107367163909657 1.9667142739344847 52.190951376745943 5.7207007406686898 11.59456499427324 4.0976362144356226 1.9240755634382365 5.7649100064882077 0.91698349670332402 0.42684901192114799
leaf_count=46 58964 1190 226 1630 3024 727 1595 78 246 319 213
internal_value=1.57687e-10 -0.000961078 0.005957 0.00801696 -0.00499082 -0.00323279 -0.0269604 -0.0328505 0.025216 0.00177639 -0.0268445
internal_weight=217.696 209.704 77.1891 73.2983 132.515 122.696 9.81834 3.89079 7.99259 2.22768 1.34383
internal_count=68258 67434 3124 2820 64310 59691 4619 304 824 578 532
is_linear=0
shrinkage=0.04


Tree=75
num_leaves=11
num_cat=0
split_feature=33 33 37 4 15 12 22 15 12 22
split_gain=3.11877 3.42765 4.00707 2.57515 3.07918 2.46199 2.23555 0.837557 1.56375 0.583948
threshold=0.01597872340425532 0.90133054047675254 2.5000000000000004 0.48912866413593298 70.441024780273452 0.427524283528328 0.067273389548063292 39.131067276000984 0.042741263285279281 -0.11043637245893477
decision_type=2 2 2 2 2 2 2 2 2 2
left_child=7 3 5 4 -2 -3 -4 8 9 -1
right_child=1 2 6 -5 -6 -7 -8 -9 -10 -11
leaf_value=-0.05451221662102735 -0.0074164869114210731 0.023616589944368958 -0.012913041249924199 -0.069407614194903822 0.016801438022035094 0.0036036248670497646 -0.077208024114613694 0.032005100594928497 0.040796739457444671 0.00039256648399843173
leaf_weight=0.61068089431501005 97.255128036615133 11.093659739653956 2.3753839190103458 1.012866426965046 9.1941372280671185 86.701225528959185 1.3610476506873963 5.9725760940054897 0.98857981903711323 0.62935023081081287
leaf_count=128 59384 1485 1388 137 890 3734 416 246 172 278
internal_value=-9.20442e-10 -0.00094951 0.0043206 -0.00592876 -0.00532476 0.00587386 -0.0363334 0.0241966 0.00327034 -0.0266465
internal_weight=217.195 208.993 101.531 107.462 106.449 97.7949 3.73643 8.20119 2.22861 1.24003
internal_count=68258 67434 7023 60411 60274 5219 1804 824 578 406
is_linear=0
shrinkage=0.04


Tree=76
num_leaves=12
num_cat=0
split_feature=33 33 29 14 7 10 29 29 6 16 3
split_gain=3.63875 3.36214 3.38457 3.05352 2.9788 3.0628 2.31117 1.02009 0.933712 1.33834 0.458291
threshold=0.01597872340425532 0.95824616457461664 0.03383824601769448 0.0716880038380623 0.38366140425205236 0.39437171816825872 0.035789165645837791 0.011814584489911796 -0.17111348360776898 0.057417582417582429 -0.037785131484270089
decision_type=2 2 2 2 2 2 2 2 2 2 2
left_child=7 4 3 -3 5 -2 -4 -1 9 -9 -10
right_child=1 2 6 -5 -6 -7 -8 8 10 -11 -12
leaf_value=-0.002726466699189938 -0.006177833898615182 -0.0027549160059222302 -0.00044695169451251126 0.01408534755620146 -0.079916641331884725 0.017259158068426952 -0.062762745355398095 0.045591198894019053 0.057733836321627666 -0.0085740065378651295 0.031093165582995196
leaf_weight=1.6918785791203825 121.26818790938705 28.167912155979138 1.933727819414343 44.355129010917153 0.84232276340480794 9.6298718205653113 1.8761751988567992 1.2818143159965987 2.0231591246047174 1.6950318792805772 2.1113986706186552
leaf_count=193 63644 2226 78 594 119 547 226 30 206 293 102
internal_value=1.52667e-09 -0.00106572 0.00561408 0.0075446 -0.00493612 -0.00445363 -0.0311342 0.0251893 0.0318307 0.0147492 0.0441292
internal_weight=216.877 208.073 76.3329 72.523 131.74 130.898 3.8099 8.80328 7.1114 2.97685 4.13456
internal_count=68258 67434 3124 2820 64310 64191 304 824 631 323 308
is_linear=0
shrinkage=0.04


Tree=77
num_leaves=13
num_cat=0
split_feature=33 33 37 15 32 12 8 22 29 6 16 3
split_gain=3.34428 3.11543 3.36429 2.44003 3.31167 3.25112 2.22058 2.11755 1.00425 0.866214 1.3114 0.472012
threshold=0.01597872340425532 0.90133054047675254 2.5000000000000004 70.441024780273452 0.93816235114170221 0.50571066141128551 -0.36372447013854975 0.070400685071945204 0.011814584489911796 -0.17111348360776898 0.057417582417582429 -0.057661198079586022
decision_type=2 2 2 2 2 2 2 2 2 2 2 2
left_child=8 3 6 4 -2 -5 -3 -4 -1 10 -10 -11
right_child=1 2 7 5 -6 -7 -8 -9 9 11 -12 -13
leaf_value=-0.003537803138756779 -0.0055389726706708562 0.022639558364093239 -0.012293187854227117 0.032648730414763162 -0.033180776157400518 -0.014797029146159265 0.0033173595297445019 -0.077302814190423771 0.044635064153245446 0.055892634458641427 -0.0095120180704278464 0.029247199525063858
leaf_weight=1.7082886676653268 89.921008918123334 10.703219572926171 2.4209811273249211 5.7166520905193448 7.5143268004758275 3.8785609881742857 85.822806795016731 1.1985657625918973 1.256692275288515 2.0528306771157077 1.6622888188576324 2.2076787390105892
leaf_count=193 58421 444 1411 378 1067 545 4775 393 30 189 293 119
internal_value=-1.18839e-12 -0.00103074 0.00404019 -0.00577546 -0.00767074 0.0134703 0.00545989 -0.0338203 0.0240267 0.0305854 0.0137996 0.0420857
internal_weight=216.064 207.176 100.146 107.031 97.4353 9.59521 96.526 3.61955 8.88778 7.17949 2.91898 4.26051
internal_count=68258 67434 7023 60411 59488 923 5219 1804 824 631 323 308
is_linear=0
shrinkage=0.04


Tree=78
num_leaves=10
num_cat=0
split_feature=33 2 1 23 8 7 20 12 30
split_gain=3.47986 2.97646 3.22775 3.39224 2.70216 4.61072 0.774862 0.52902 1.20546
threshold=0.01597872340425532 0.16853889077901843 0.28911450505256658 1.0000000180025095e-35 -0.36877562105655665 0.10937878116965295 0.10053191489361703 0.087703198194503798 4.5000000000000009
decision_type=2 2 2 2 2 2 2 2 2
left_child=6 2 3 -2 -3 -6 -1 8 -8
right_child=1 4 -4 -5 5 -7 7 -9 -10
leaf_value=0.0011240154531508152 -0.0013246507851370965 0.031801485881893056 -0.069418172057509012 -0.021366874385279584 -0.029244893357916663 0.0090652577390817543 -0.0077892703730670131 0.040341422570239878 0.042091514354000444
leaf_weight=1.7929726223956075 140.87001436477658 6.3778223057161076 1.1884544244094275 14.945384512606323 5.8085622816579408 37.329876457370119 1.4849838553782322 3.9257348332394031 1.6217927393445277
leaf_count=196 47240 206 219 18415 576 778 301 135 192
internal_value=7.38202e-10 -0.00105114 -0.00374793 -0.00324705 0.00749973 0.00390682 0.0245972 0.0305817 0.0182494
internal_weight=215.346 206.52 157.004 155.815 49.5163 43.1384 8.82548 7.03251 3.10678
internal_count=68258 67434 65874 65655 1560 1354 824 628 493
is_linear=0
shrinkage=0.04


Tree=79
num_leaves=12
num_cat=0
split_feature=33 11 19 35 5 5 31 10 7 16 1
split_gain=3.52231 2.85987 2.56028 2.28429 2.1505 4.78865 1.97806 0.79812 0.693864 0.441075 0.838317
threshold=0.01597872340425532 0.22495743632316592 0.031582446808510641 -0.067250426858663545 -0.15566891431808469 -0.028152962215244767 0.99312706660368455 0.012500781565904619 -0.62374773621559132 0.072299651567944254 0.044484576210379607
decision_type=2 2 2 2 2 2 2 2 2 2 2
left_child=7 2 3 -2 -3 -6 -4 8 -1 -9 -11
right_child=1 4 6 -5 5 -7 -8 9 -10 10 -12
leaf_value=0.02720319085532005 0.029183613890177301 0.035950480896285004 -0.0071585289504490623 -0.01831443755450193 -0.019503775495739898 0.0060203944180330336 -0.07247295443177014 0.046114429150841227 -0.025068415085065878 0.0079398777960333119 0.039677949497473677
leaf_weight=0.7595667572459206 5.774512622578186 3.187019324337597 93.248150840470771 2.2517325776534545 13.594479733525075 87.18072083905281 0.74784260211163101 2.0121035025222227 0.87366312259109491 2.6098432653379859 2.7186995120282518
leaf_count=55 279 50 60446 699 1231 4433 296 38 272 370 89
internal_value=2.5699e-10 -0.00106873 -0.00582653 0.0158582 0.00360028 0.00257721 -0.00767818 0.0245315 -0.000758442 0.0301583 0.0241331
internal_weight=214.958 205.984 102.022 8.02625 103.962 100.775 93.996 8.97388 1.63323 7.34065 5.32854
internal_count=68258 67434 61720 978 5714 5664 60742 824 327 497 459
is_linear=0
shrinkage=0.04


Tree=80
num_leaves=12
num_cat=0
split_feature=33 38 22 13 19 35 33 15 20 9 3
split_gain=3.24338 2.87614 4.22499 2.43975 2.45479 2.31143 2.10309 2.07443 0.755855 0.561438 0.553943
threshold=0.01597872340425532 0.73192508710801396 -0.063557852059602724 0.88174140453338634 0.4058277027027028 -0.081046257168054567 0.87885582280201124 3.6673606634140019 0.10053191489361703 15.500000000000002 -0.13160026073455808
decision_type=2 2 2 2 2 2 2 2 2 2 2
left_child=8 2 6 5 -5 -3 -2 -4 -1 10 -10
right_child=1 3 7 4 -6 -7 -8 -9 9 -11 -12
leaf_value=-7.1920484696074119e-05 -0.0033170453208401581 0.013196281462374185 0.017315208345995911 0.015054971539679969 0.0012880412335510459 -0.015364521149795219 0.015748757934031556 -0.016287343843487252 0.018475760904312886 0.0099736844375340455 0.045281391755152285
leaf_weight=1.7378060403425459 27.404894141393015 6.0709008344565545 3.1371040211924983 32.307003103676834 57.797870410393443 17.906103931618418 13.978787806598119 46.667794226092155 1.9106661757832619 1.7988378298614405 3.4802594604843766
leaf_count=196 8297 1849 1634 2658 7567 7429 758 37242 300 152 176
internal_value=8.63081e-10 -0.00102649 -0.00632239 0.00320666 0.00622416 -0.00813302 0.0031231 -0.0141708 0.023602 0.0293241 0.0357809
internal_weight=214.198 205.27 91.1886 114.082 90.1049 23.977 41.3837 49.8049 8.92757 7.18976 5.39093
internal_count=68258 67434 47931 19503 10225 9278 9055 38876 824 628 476
is_linear=0
shrinkage=0.04


Tree=81
num_leaves=13
num_cat=0
split_feature=33 11 35 30 15 8 10 12 29 6 27 3
split_gain=2.8646 2.66736 2.31682 3.15155 2.47305 2.06916 3.10871 3.01469 1.0846 0.820627 1.23492 0.475764
threshold=0.01597872340425532 0.22495743632316592 -0.065164323896169649 4.5000000000000009 3.6673606634140019 -0.36372447013854975 0.62331080436706554 0.30099777877330786 0.011814584489911796 -0.17111348360776898 0.084043730050325408 -0.057661198079586022
decision_type=2 2 2 2 2 2 2 2 2 2 2 2
left_child=8 2 3 -2 -4 7 -7 -3 -1 10 -10 -11
right_child=1 5 4 -5 -6 6 -8 -9 9 11 -12 -13
leaf_value=-0.0073203630364681773 0.0044722433188604241 -0.0030312035159656189 0.020647278204950537 -0.029274570842539895 -0.013596530649956459 0.0029759621551438561 -0.027156386403030894 0.029621301163580319 0.036718097853924721 0.052065668716273356 -0.015712749301810772 0.026245566700269417
leaf_weight=1.6569836720009314 41.73747247531719 7.9048630103934583 3.6180457472182743 4.9531558627350014 50.095888684738384 79.08400537284615 5.8858708781190208 10.578036390230407 1.509025913605001 2.2572650405491004 1.3724905899216535 2.3106203689821996
leaf_count=193 15552 1404 1676 3743 40749 3763 166 381 58 189 265 119
internal_value=-4.64631e-10 -0.000980504 -0.00562493 0.000892227 -0.0112899 0.00352708 0.000888692 0.0156563 0.0219497 0.0284603 0.0117448 0.0390048
internal_weight=212.964 203.857 100.405 46.6906 53.7139 103.453 84.9699 18.4829 9.10639 7.4494 2.88152 4.56789
internal_count=68258 67434 61720 19295 42425 5714 3929 1785 824 631 323 308
is_linear=0
shrinkage=0.04


Tree=82
num_leaves=12
num_cat=0
split_feature=33 38 22 13 26 35 29 15 15 18 2
split_gain=3.00575 2.50013 3.5059 2.29144 2.3582 2.21364 1.97971 1.97706 0.742619 1.77876 1.15283
threshold=0.01597872340425532 0.73192508710801396 -0.063557852059602724 0.88174140453338634 -0.10952046513557433 -0.081046257168054567 0.010110457893460991 65.433940887451186 39.131067276000984 -0.13291950523853299 -0.17292509973049161
decision_type=2 2 2 2 2 2 2 2 2 2 2
left_child=8 2 7 5 -5 -3 -4 -2 9 -1 -11
right_child=1 3 6 4 -6 -7 -8 -9 -10 10 -12
leaf_value=0.03997100011750665 0.00065591316633965813 0.012636191540672264 0.014391335591596461 -4.6277725740869667e-05 0.012975446391379495 -0.015437421247468846 -0.015605850451132322 0.04205680678998034 0.029684364089831671 -0.079117275968244596 -0.0010388222172570132
leaf_weight=1.1912458030856217 39.247320628132002 6.0591845252638477 3.8197820930508888 49.100174454048101 40.693789641842159 17.396888431465413 44.876114198355936 1.9365952875232313 6.5203709855268244 0.45250927429879084 0.91311581549962084
leaf_count=55 8985 1849 2482 6785 3440 7429 36394 70 246 119 404
internal_value=-3.00719e-10 -0.00100634 -0.00598764 0.00294702 0.00585505 -0.00818543 -0.0132528 0.00260271 0.0225199 0.0042495 -0.0269107
internal_weight=212.207 203.13 89.8798 113.25 89.794 23.4561 48.6959 41.1839 9.07724 2.55687 1.36563
internal_count=68258 67434 47931 19503 10225 9278 38876 9055 824 578 523
is_linear=0
shrinkage=0.04


Tree=83
num_leaves=9
num_cat=0
split_feature=33 6 13 15 2 9 6 27
split_gain=2.64819 2.35027 2.48274 3.22678 2.67098 0.827333 1.02798 1.5282
threshold=0.01597872340425532 0.50239190459251415 1.7649764418601992 6.0622322559356698 0.19052296876907351 15.500000000000002 -0.17111348360776898 0.084528900682926192
decision_type=2 2 2 2 2 2 2 2
left_child=5 2 4 -4 -2 6 7 -1
right_child=1 -3 3 -5 -6 -7 -8 -9
leaf_value=0.036168261401834163 -0.0037956996054728997 0.012144802383476191 0.098163487345214004 -0.044534364262192538 0.0096541157180981448 -0.0012177233501762064 0.04055404739038853 -0.021501581826002779
leaf_weight=1.5971758817904631 150.76254231911298 19.785291889798827 0.27311148993612677 3.539020763739245 28.01405350441928 2.0605253321991768 4.1017088598164246 1.3622471560374831
leaf_count=73 64082 266 118 1997 971 183 267 301
internal_value=-2.82731e-10 -0.000950262 -0.00236924 -0.0343111 -0.00168813 0.0210826 0.0275901 0.00962235
internal_weight=211.496 202.374 182.589 3.81213 178.777 9.12166 7.06113 2.95942
internal_count=68258 67434 67168 2115 65053 824 641 374
is_linear=0
shrinkage=0.04


Tree=84
num_leaves=13
num_cat=0
split_feature=33 38 37 29 22 14 38 7 29 6 14 3
split_gain=2.79193 2.44172 3.29171 4.20623 2.86582 2.2157 2.28112 1.12396 0.698669 0.600702 0.980943 0.501469
threshold=0.01597872340425532 0.73192508710801396 1.5000000000000002 0.010410954244434835 -0.0040496625006198874 0.018683840520679954 0.96026315789473693 -0.11211854591965674 0.011814584489911796 -0.17111348360776898 0.036971971392631538 -0.057661198079586022
decision_type=2 2 2 2 2 2 2 2 2 2 2 2
left_child=8 2 4 -4 -2 7 -7 -3 -1 10 -10 -11
right_child=1 5 3 -5 -6 6 -8 -9 9 11 -12 -13
leaf_value=-0.0020323830135597176 0.0025549867669716632 -0.0020697832202932042 0.027927844698600001 -0.026578795712211077 -0.017514706666345331 0.0093055766935700654 -0.002390375633266874 -0.040459685273157457 0.036351067568748494 0.049589401958813534 -0.010489363445906735 0.023164471409602986
leaf_weight=1.6322747283265906 53.981409813219216 2.208506432332797 2.5855791710491784 18.283537271847308 14.426035753953327 60.246338160854066 47.888552571857872 2.7267611176976052 1.4029266182624271 2.2020948139688699 1.4596197804494293 2.4028259750339203
leaf_count=193 14025 2568 1747 22654 9505 9581 3010 4344 94 189 229 119
internal_value=1.26988e-09 -0.000974715 -0.0059197 -0.0198257 -0.00167739 0.00292969 0.00412591 -0.0232804 0.0216743 0.0268562 0.012467 0.035801
internal_weight=211.446 202.347 89.2766 20.8691 68.4074 113.07 108.135 4.93527 9.09974 7.46747 2.86255 4.60492
internal_count=68258 67434 47931 24401 23530 19503 12591 6912 824 631 323 308
is_linear=0
shrinkage=0.04


Tree=85
num_leaves=12
num_cat=0
split_feature=33 15 28 4 9 4 37 2 9 12 15
split_gain=2.75285 2.3028 3.26174 3.90115 3.20661 2.39083 2.70386 1.30663 0.649152 0.965695 1.27688
threshold=0.01597872340425532 46.345380783081062 0.17283693701028827 -0.44130893051624293 22.500000000000004 -0.28288047015666956 2.5000000000000004 0.16853889077901843 15.500000000000002 0.042741263285279281 35.746534347534187
decision_type=2 2 2 2 2 2 2 2 2 2 2
left_child=8 2 3 -2 -4 7 -7 -3 9 10 -1
right_child=1 5 4 -5 -6 6 -8 -9 -10 -11 -12
leaf_value=-0.027228713865234483 0.010170642117745751 0.0061175388587975015 -0.0080366826563947856 -0.01823642236508545 0.022321045124730363 0.0026785192411012647 -0.02335786665746746 0.056749277836543238 0.0016256062437336348 0.038924949531988134 0.029266973342989742
leaf_weight=1.0070261227519934 9.651979557645971 1.4036576905054965 12.174015886695999 38.945427750317322 10.257945213506899 120.52872831788773 6.7385861375223604 1.9462667474290354 2.0516755300632212 4.344934930850286 1.7566424148972144
leaf_count=362 1020 483 10773 30550 4302 15059 5222 25 183 193 86
internal_value=-1.09026e-09 -0.000974246 -0.00677085 -0.0125945 0.00584565 0.00217793 0.00129994 0.035534 0.0214462 0.0271668 0.00868106
internal_weight=210.807 201.647 71.0294 48.5974 22.432 130.617 127.267 3.34992 9.16028 7.1086 2.76367
internal_count=68258 67434 46645 31570 15075 20789 20281 508 824 641 448
is_linear=0
shrinkage=0.04


Tree=86
num_leaves=12
num_cat=0
split_feature=33 2 12 5 14 23 6 5 9 12 15
split_gain=2.53965 2.14727 3.14989 3.60989 2.96994 3.1504 3.10778 0.840128 0.593147 0.923195 1.16078
threshold=0.01597872340425532 0.16853889077901843 0.46789796650409704 0.078463044017553343 0.11481528729200365 1.0000000180025095e-35 0.14776101708412173 0.15487550944089892 15.500000000000002 0.042741263285279281 40.047193527221687
decision_type=2 2 2 2 2 2 2 2 2 2 2
left_child=8 4 7 -4 5 -2 -6 -3 9 10 -1
right_child=1 2 3 -5 6 -7 -8 -9 -10 -11 -12
leaf_value=-0.023512456950022607 0.00014684718643363884 0.014446826324267191 0.015627082511369808 -0.0088841021192515371 -0.013456983118334138 -0.019990147412622814 -0.07000466253530406 0.038316782368087991 0.0015383593942770476 0.037300489425580612 0.029585879251912486
leaf_weight=1.1216034322278559 128.36069433962257 4.4619172884267737 16.538765133940615 22.959166704473319 8.0514983862231002 13.763622178463264 1.9272647173493158 5.0061105901258998 2.035626330296509 4.4184411318565253 1.5961845882411578
leaf_count=381 46036 263 389 788 1360 18368 110 120 183 193 67
internal_value=1.18978e-09 -0.000938952 0.00634644 0.00137934 -0.00328431 -0.00180326 -0.0243784 0.0270678 0.0205841 0.0260169 0.00767274
internal_weight=210.241 201.069 48.966 39.4979 152.103 142.124 9.97876 9.46803 9.17186 7.13623 2.71779
internal_count=68258 67434 1560 1177 65874 64404 1470 383 824 641 448
is_linear=0
shrinkage=0.04


Tree=87
num_leaves=11
num_cat=0
split_feature=33 35 15 0 4 7 10 34 1 20
split_gain=2.54856 2.18164 2.21246 3.13959 2.60335 0.836415 0.703627 0.635423 0.503096 0.414806
threshold=0.01597872340425532 0.010617679916322233 46.345380783081062 -0.082559935748577104 -0.28288047015666956 0.2379453778266907 0.0093823703937232512 0.71840697444026158 0.057213937863707549 0.61043360433604354
decision_type=2 2 2 2 2 2 2 2 2 2
left_child=6 2 3 -2 -4 9 -1 -8 -9 -3
right_child=1 5 4 -5 -6 -7 7 8 -10 -11
leaf_value=-0.0044964448543454482 0.012195446222405927 -0.0059646255611597171 0.035820372809584444 -0.010133561966320124 0.0016399234891997228 -0.083425420979833631 0.041132915029387283 0.0044798664461523285 0.029877974103749285 -0.044807290421659138
leaf_weight=1.4957712387113113 12.210950128413968 0.83712733247375515 3.6697762371040872 57.604450298647862 125.23450845879961 0.53614444256527338 2.6968644886219408 2.524057485483354 2.4680329408292891 0.92702718913642457
leaf_count=299 1782 580 506 44330 19411 89 220 252 53 736
internal_value=9.05269e-10 -0.000941455 -0.000493119 -0.00622814 0.00261301 -0.0396726 0.020605 0.0254881 0.0170364 -0.0263757
internal_weight=210.205 201.02 198.72 69.8154 128.904 2.3003 9.18473 7.68895 4.99209 1.76415
internal_count=68258 67434 66029 46112 19917 1405 824 525 305 1316
is_linear=0
shrinkage=0.04


Tree=88
num_leaves=12
num_cat=0
split_feature=33 31 37 29 26 7 2 3 20 9 4
split_gain=2.77909 2.06826 3.40732 3.69105 2.79868 2.15627 2.51508 1.89362 0.697958 0.62255 0.515208
threshold=0.01597872340425532 0.71504174521949915 1.5000000000000002 0.010110457893460991 -0.11066696047782897 -0.29193221032619471 -0.034808859229087823 -0.086591105908155427 0.10053191489361703 15.500000000000002 -0.19999666512012479
decision_type=2 2 2 2 2 2 2 2 2 2 2
left_child=8 2 4 -4 -2 7 -7 -3 -1 10 -10
right_child=1 5 3 -5 -6 6 -8 -9 9 -11 -12
leaf_value=-0.0023265218189622563 0.0040602915192328674 -0.019315430313141178 0.029143043195642294 -0.026373513564521622 -0.013283595909196727 0.027210573498436832 -0.00040059864326113013 0.031754085174877315 0.019229977611423549 0.0061056671474324746 0.042942692559800787
leaf_weight=1.6716569074778798 47.391162514031748 1.4125441097785367 2.1523788741324124 17.456996046552376 21.703301478781214 5.5769497574365223 98.599520958621724 6.5414106510834236 2.6212486994627393 1.8837671191067782 3.3264409664261625
leaf_count=196 13909 662 1324 22477 10063 1727 16662 610 385 152 91
internal_value=-1.08457e-09 -0.00100016 -0.00556404 -0.0202799 -0.00138761 0.00261023 0.00107753 0.0226846 0.0211368 0.0261451 0.0324921
internal_weight=210.337 200.834 88.7038 19.6094 69.0945 112.13 104.176 7.95395 9.50311 7.83146 5.94769
internal_count=68258 67434 47773 23801 23972 19661 18389 1272 824 628 476
is_linear=0
shrinkage=0.04


Tree=89
num_leaves=9
num_cat=0
split_feature=33 6 13 15 2 12 9 15
split_gain=2.66382 1.99882 2.26366 3.2735 2.28406 0.729674 1.22105 0.882591
threshold=0.01597872340425532 0.50239190459251415 1.7649764418601992 3.6673606634140019 0.19052296876907351 0.087703198194503798 3.5000000000000004 40.047193527221687
decision_type=2 2 2 2 2 2 2 2
left_child=5 2 4 -4 -2 6 7 -1
right_child=1 -3 3 -5 -6 -7 -8 -9
leaf_value=0.0023536741655018024 -0.0036043015284797199 0.011301320077305204 0.099560050467156228 -0.043539808922127332 0.0087892009114612091 0.032633746027911734 -0.021147171876604701 0.041602229471865905
leaf_weight=1.7798899425688417 149.27598749884419 19.175428784335963 0.27607511483074576 3.4780369409709238 28.303667719854275 4.4017437241855077 1.4170263063570017 1.8902718664612619
leaf_count=396 64082 266 105 2010 971 157 234 37
internal_value=-1.46713e-09 -0.000980047 -0.00227876 -0.0330163 -0.00162895 0.0207092 0.0103913 0.0225682
internal_weight=209.998 200.509 181.334 3.75411 177.58 9.48893 5.08719 3.67016
internal_count=68258 67434 67168 2115 65053 824 667 433
is_linear=0
shrinkage=0.04


Tree=90
num_leaves=12
num_cat=0
split_feature=33 19 3 4 28 28 14 35 29 34 34
split_gain=2.73708 1.94392 2.44835 2.91294 2.09992 1.56921 3.26275 1.14266 0.690059 0.686038 0.387128
threshold=0.01597872340425532 0.031582446808510641 -0.0024474934907630082 0.30269233882427221 0.17283693701028827 0.13941504061222079 0.063315831124782576 -0.066947974264621721 0.0120856617577374 0.75534197790156166 0.63834536474164139
decision_type=2 2 2 2 2 2 2 2 2 2 2
left_child=8 5 3 -3 -4 6 -2 -7 -1 10 -10
right_child=1 2 4 -5 -6 7 -8 -9 9 -11 -12
leaf_value=0.00015208052436429506 0.024057769904884733 -0.0060862572627801903 0.0071261834152206759 -0.04597176888180856 -0.0037295815944752304 0.033087661836497757 -0.066420091311277935 0.0060129278676323292 0.024822645787798928 0.013502509664911573 0.049514708831129739
leaf_weight=2.0494689282204472 1.5383805796154768 69.954835234217171 56.250950168694544 3.057740855649171 57.811494464749558 5.6996389054402234 1.0892189382284412 4.4345598179643266 1.9747648247866889 3.5729411872453056 2.0923129160655662
leaf_count=214 344 49370 4467 602 11897 125 168 461 232 272 106
internal_value=-3.33924e-10 -0.00100669 -0.0020371 -0.00775665 0.00162404 0.014098 -0.013448 0.0212402 0.0207621 0.0262909 0.0375255
internal_weight=209.526 199.837 187.075 73.0126 114.062 12.7618 2.6276 10.1342 9.68949 7.64002 4.06708
internal_count=68258 67434 66336 49972 16364 1098 512 586 824 610 338
is_linear=0
shrinkage=0.04


Tree=91
num_leaves=12
num_cat=0
split_feature=33 9 29 34 10 32 37 29 6 33 3
split_gain=2.52996 1.79246 5.52186 4.24722 3.22466 2.81971 2.6189 0.66069 0.648286 0.79892 0.548989
threshold=0.01597872340425532 10.500000000000002 0.035789165645837791 0.9681334622823986 0.31695175170898443 0.93172105672105687 3.5000000000000004 0.0120856617577374 -0.17111348360776898 0.013230446071709895 -0.089675743132829652
decision_type=2 2 2 2 2 2 2 2 2 2 2
left_child=7 3 6 4 -2 -5 -3 -1 9 -9 -10
right_child=1 2 -4 5 -6 -7 -8 8 10 -11 -12
leaf_value=-0.00022805279874593402 -0.0075516232974655022 0.00303739582261654 -0.082110296426050541 -0.028100981112018874 0.020952675979383804 -0.10744395792021293 -0.038922338303166722 -0.011296371134502322 0.047685701205553745 0.031724545499669368 0.020984212917952588
leaf_weight=2.0606896996177948 49.116226420796011 134.82080625395974 1.2513846999645455 3.1600383067998328 7.293033657479099 0.9268456556892487 2.4227498999898662 1.4107398373889737 2.3975699392030947 1.3530995497858385 2.5342390805308241
leaf_count=214 38022 24360 186 1060 677 83 3046 199 158 111 142
internal_value=-1.05184e-09 -0.000975065 0.00153402 -0.00671915 -0.00386636 -0.0460948 0.00229668 0.0198875 0.0252739 0.00976548 0.033965
internal_weight=208.747 198.991 138.495 60.4961 56.4093 4.08688 137.244 9.75634 7.69565 2.76384 4.93181
internal_count=68258 67434 27592 39842 38699 1143 27406 824 610 310 300
is_linear=0
shrinkage=0.04


Tree=92
num_leaves=12
num_cat=0
split_feature=33 15 28 28 9 4 27 2 21 38 10
split_gain=2.54291 1.91076 2.9895 3.64109 3.00997 2.37349 2.47521 1.36643 0.66492 0.721323 0.968494
threshold=0.01597872340425532 46.345380783081062 0.17283693701028827 0.10742071270942689 22.500000000000004 -0.28288047015666956 0.44482146203517919 0.16853889077901843 0.093386627906976757 0.53896761133603255 0.042497564107179649
decision_type=2 2 2 2 2 2 2 2 2 2 2
left_child=8 2 3 -2 -4 7 -7 -3 -1 10 -10
right_child=1 5 4 -5 -6 6 -8 -9 9 -11 -12
leaf_value=-0.0022082391083334883 -0.0039782020807706386 0.002834203578933079 -0.0077028321633757137 -0.027274396460829072 0.02200881815455117 0.0016404355740906042 -0.043749551962349226 0.051790937811690557 0.0099146276767153995 0.0087027534774852845 0.046107288432826826
leaf_weight=1.8071585784637125 31.342080862305011 1.4882463233370793 11.939517513361354 16.326057147103711 10.045363143246503 124.15790834783184 1.9524883082776785 2.3565982431173325 1.8132909078412902 2.9220416753960308 3.4031845103163505
leaf_count=265 18188 483 10773 13382 4302 19497 784 25 296 140 123
internal_value=-6.87991e-10 -0.000983572 -0.00632923 -0.011957 0.00587306 0.00188158 0.000937691 0.032841 0.0197401 0.0246138 0.0335264
internal_weight=209.554 199.608 69.653 47.6681 21.9849 129.955 126.11 3.84484 9.94568 8.13852 5.21648
internal_count=68258 67434 46645 31570 15075 20789 20281 508 824 559 419
is_linear=0
shrinkage=0.04


Tree=93
num_leaves=11
num_cat=0
split_feature=33 35 10 22 12 9 12 9 15 32
split_gain=2.66478 1.93962 2.10144 4.60653 3.36207 2.00124 0.723409 1.24679 0.932549 0.682345
threshold=0.01597872340425532 0.0079766353592276591 0.31695175170898443 0.2943533211946488 0.57464957237243663 28.500000000000004 0.087703198194503798 3.5000000000000004 40.047193527221687 0.95514257790042556
decision_type=2 2 2 2 2 2 2 2 2 2
left_child=6 2 3 -2 -4 9 7 8 -1 -3
right_child=1 5 4 -5 -6 -7 -8 -9 -10 -11
leaf_value=0.0017072138622890741 -0.0017980867886037953 -0.031317153284058583 0.0249894764903827 -0.067328773764381233 -9.0781421920712327e-05 0.035630664028374205 0.030976526833696793 -0.021904850167382337 0.040671756958845715 -0.078234928453471617
leaf_weight=1.9404249105282345 153.38552547676227 3.1595284888098827 12.463830556574974 1.7357677976688126 27.247253929264843 0.68593999525182869 4.8994116438843776 1.4544666970468823 1.9913169580977408 0.58831229229690496
leaf_count=396 64126 1848 599 124 620 23 157 234 37 94
internal_value=-4.66684e-10 -0.00102481 -0.00042948 -0.00253136 0.00778098 -0.0271853 0.0198539 0.00973657 0.0214417 -0.038682
internal_weight=209.552 199.266 194.832 155.121 39.7111 4.43378 10.2856 5.38621 3.93174 3.74784
internal_count=68258 67434 65469 64250 1219 1965 824 667 433 1942
is_linear=0
shrinkage=0.04


Tree=94
num_leaves=13
num_cat=0
split_feature=33 15 28 28 9 4 27 2 29 6 14 3
split_gain=2.50978 1.8261 2.83227 3.82222 3.00418 2.50585 2.52938 1.53528 0.886572 0.709422 1.09685 0.479404
threshold=0.01597872340425532 46.345380783081062 0.17283693701028827 0.10742071270942689 22.500000000000004 -0.28288047015666956 0.42571561038494116 0.16853889077901843 0.0120856617577374 -0.17111348360776898 0.037583889439702041 -0.080516476184129701
decision_type=2 2 2 2 2 2 2 2 2 2 2 2
left_child=8 2 3 -2 -4 7 -7 -3 -1 10 -10 -11
right_child=1 5 4 -5 -6 6 -8 -9 9 11 -12 -13
leaf_value=-0.0043788795319007747 -0.003607651889870936 -0.00054187843670218025 -0.0082818714158681868 -0.027625849094208312 0.021529876044680863 0.0017460680397918748 -0.032568585708495176 0.050053471861753032 0.034328939763906739 0.0453854002702649 -0.015369045399994364 0.021667422829861109
leaf_weight=2.04519635264296 31.300276245558052 1.4834660672640883 11.527468238782605 16.030651157605462 10.188773211593796 122.07833977662085 3.53652615143801 2.7173124121036381 1.3847390492155676 2.7140004360553576 1.459381333494093 2.7402717119548461
leaf_count=214 18188 483 10773 13382 4302 19166 1115 25 92 166 218 134
internal_value=-2.98795e-10 -0.000999193 -0.00625495 -0.0117424 0.00570513 0.00179627 0.000779983 0.0321862 0.0192102 0.0250239 0.0088278 0.0334693
internal_weight=209.206 198.863 69.0472 47.3309 21.7162 129.816 125.615 4.20078 10.3436 8.29839 2.84412 5.45427
internal_count=68258 67434 46645 31570 15075 20789 20281 508 824 610 310 300
is_linear=0
shrinkage=0.04


Tree=95
num_leaves=12
num_cat=0
split_feature=33 19 15 4 4 35 18 29 34 34 36
split_gain=2.6653 1.73006 2.06341 2.54549 1.96535 1.42163 3.2249 0.804319 0.640382 0.506503 0.447648
threshold=0.01597872340425532 0.031582446808510641 46.345380783081062 -0.28288047015666956 -0.5283968150615691 -0.066947974264621721 -0.045130824670195573 0.0120856617577374 0.75534197790156166 0.63834536474164139 0.11410488245931284
decision_type=2 2 2 2 2 2 2 2 2 2 2
left_child=7 5 4 -4 -3 10 -7 -1 9 -9 -2
right_child=1 2 3 -5 -6 6 -8 8 -10 -11 -12
leaf_value=-0.0029606357277122499 0.015034455346062655 0.015575844404195377 0.031604512410919619 -6.787857134889066e-05 -0.010016646874487644 -0.04705326673277372 0.019279457218293918 0.020737766227537879 0.013230461560888258 0.047547835519803162 0.035476920425125708
leaf_weight=2.0324552770471191 3.318409078696277 5.2364764046214978 4.203621847293106 118.86628385620497 57.735615337620402 1.720285660587251 3.6839625977445376 2.0778223608649551 3.9274708790471777 2.4650776216876693 3.544725191561156
leaf_count=214 226 317 503 20005 45511 234 556 232 272 106 82
internal_value=-1.17576e-09 -0.00104001 -0.00199939 0.00101394 -0.00788849 0.0135095 -0.00183564 0.0196369 0.0250592 0.0352855 0.0255927
internal_weight=208.812 198.309 186.042 123.07 62.9721 12.2674 5.40425 10.5028 8.47037 4.5429 6.86313
internal_count=68258 67434 66336 20508 45828 1098 790 824 610 338 308
is_linear=0
shrinkage=0.04


Tree=96
num_leaves=12
num_cat=0
split_feature=33 38 37 29 13 38 14 4 21 2 5
split_gain=2.43892 1.68959 2.61704 3.92187 2.89342 2.12899 3.98023 3.43886 0.765346 0.608968 0.909358
threshold=0.01597872340425532 0.73192508710801396 1.5000000000000002 0.010410954244434835 0.39467091858386999 0.96026315789473693 0.12580118328332904 0.48912866413593298 0.093386627906976757 -0.2050155699253082 -0.0015026923501864073
decision_type=2 2 2 2 2 2 2 2 2 2 2
left_child=8 2 4 -4 -2 7 -7 -3 -1 -10 -11
right_child=1 5 3 -5 -6 6 -8 -9 9 10 -12
leaf_value=-0.0050962216793728051 0.020160826445315791 9.792429257798718e-05 0.027309214340196144 -0.025203308207640367 -0.0046606305386273916 -0.010846324945431442 0.015983166929386564 0.019384076433227804 0.041705038132504389 -0.0022546172237226671 0.02862943237658816
leaf_weight=1.7990572206908826 8.6333541956118989 41.514979051506089 2.630877598043301 16.848741390847863 57.960177899403789 35.677458335539995 11.764449833106481 22.981130108993966 2.2104722083895458 2.3908503201964768 4.2140640878060367
leaf_count=265 3462 15124 1747 22654 20068 3745 238 396 50 393 116
internal_value=8.10172e-10 -0.00100133 -0.00521501 -0.0181111 -0.00144271 0.00223871 -0.00419326 0.00696993 0.0186798 0.023532 0.01745
internal_weight=208.626 198.011 86.0732 19.4796 66.5935 111.938 47.4419 64.4961 10.6144 8.81539 6.60491
internal_count=68258 67434 47931 24401 23530 19503 3983 15520 824 559 509
is_linear=0
shrinkage=0.04


Tree=97
num_leaves=11
num_cat=0
split_feature=33 35 6 13 29 8 3 21 38 7
split_gain=2.18523 1.60317 1.60976 2.26539 0.826365 0.616535 0.410943 0.395026 0.390565 0.13702
threshold=0.01597872340425532 0.010617679916322233 0.50239190459251415 1.7649764418601992 0.0120856617577374 -0.71671169996261586 -0.13427120447158811 0.77346041055718484 0.56879648411088579 0.32438877224922186
decision_type=2 2 2 2 2 2 2 2 2 2
left_child=4 2 3 -2 -1 -6 -7 8 -3 -9
right_child=1 7 -4 -5 5 6 -8 9 -10 -11
leaf_value=-0.0048966058168120417 -0.0011101674388145576 -0.039613598349177617 0.010542876983615414 -0.033113827304399976 0.00750176824528535 0.017212249009763824 0.039033433618700424 -0.045198451788682065 0.008467231892005737 -0.079422719906132019
leaf_weight=2.0869865879940326 172.10151644509097 0.62916897280956552 18.813065578462556 3.6131660272803847 2.729963322839466 2.2595014011021695 3.5508926292823162 0.77105134361772776 0.47393404280592222 0.24716827319934964
leaf_count=214 63764 535 239 2026 234 234 142 602 222 46
internal_value=-1.09307e-09 -0.000954773 -0.000577622 -0.00176825 0.0176672 0.023181 0.0305478 -0.03554 -0.0189563 -0.0535062
internal_weight=207.276 196.649 194.528 175.715 10.6273 8.54036 5.81039 2.12132 1.1031 1.01822
internal_count=68258 67434 66029 65790 824 610 376 1405 757 648
is_linear=0
shrinkage=0.04


Tree=98
num_leaves=12
num_cat=0
split_feature=33 38 37 29 13 38 14 7 29 32 14
split_gain=1.98709 1.58573 2.38858 3.58986 2.61381 1.89127 3.42144 2.93234 0.819418 0.583108 1.3874
threshold=0.01597872340425532 0.73192508710801396 1.5000000000000002 0.010410954244434835 0.39467091858386999 0.96026315789473693 0.12580118328332904 0.46931886672973638 0.0120856617577374 0.047722567287784685 0.036971971392631538
decision_type=2 2 2 2 2 2 2 2 2 2 2
left_child=8 2 4 -4 -2 7 -7 -3 -1 10 -10
right_child=1 5 3 -5 -6 6 -8 -9 9 -11 -12
leaf_value=-0.0055607147967882808 0.019112697945855902 0.0017891849958473402 0.02508004719481443 -0.02459677970512697 -0.0045016015357669725 -0.010021217994017015 0.014926967406762281 0.021591789985861833 0.034572489953796748 0.02933846394110344 -0.02310225710742464
leaf_weight=2.1025677052675737 8.6214063107181556 48.167706107989943 2.7148856988205834 16.311533730015071 57.643124268222891 35.51579472963931 11.69037122701411 15.918307814979924 1.3865176622348356 5.8910049799596891 1.286595745681552
leaf_count=214 3462 15278 1747 22654 20068 3745 238 242 127 265 218
internal_value=-2.20481e-09 -0.000912356 -0.00501612 -0.0175084 -0.00142924 0.00223265 -0.00384292 0.00670795 0.0168143 0.0223076 0.00681307
internal_weight=207.25 196.583 85.291 19.0264 66.2645 111.292 47.2062 64.086 10.6667 8.56412 2.67311
internal_count=68258 67434 47931 24401 23530 19503 3983 15520 824 610 345
is_linear=0
shrinkage=0.04


Tree=99
num_leaves=12
num_cat=0
split_feature=33 31 37 29 21 13 13 29 34 34 27
split_gain=2.10762 1.53661 2.54703 3.11874 2.41913 2.60487 2.26082 0.759828 0.573283 0.867922 0.0768199
threshold=0.01597872340425532 0.71504174521949915 1.5000000000000002 0.010110457893460991 0.56465997770345611 0.88174140453338634 0.39467091858386999 0.0120856617577374 0.71840697444026158 0.95502849788564081 0.14224721491336825
decision_type=2 2 2 2 2 2 2 2 2 2 2
left_child=7 2 6 -4 -3 -6 -2 -1 10 -10 -9
right_child=1 4 3 -5 5 -7 -8 8 9 -11 -12
leaf_value=-0.0044715384751225166 0.017278954531503004 0.046861628876850796 0.025458255460216725 -0.024589920645416236 -0.011200287382892509 0.0044162619497133864 -0.0042797613173644698 0.037765091089310664 -0.0051637242622474509 0.030171077707170511 0.027115359616051344
leaf_weight=2.1033790937217409 8.983973688707918 1.9033179293619458 2.2787257439777049 15.840841699318842 21.224814512010198 87.719598026265885 58.213997331818973 2.2496143675525655 2.262896506319521 2.187315811519511 2.0910520330944564
leaf_count=214 3626 220 1324 22477 8904 10537 20346 66 246 64 234
internal_value=7.75365e-10 -0.000951033 -0.00498633 -0.0182958 0.00215486 0.00137381 -0.00139749 0.0171246 0.0222919 0.0122036 0.0326347
internal_weight=207.06 196.165 85.3175 18.1196 110.848 108.944 67.198 10.8943 8.79088 4.45021 4.34067
internal_count=68258 67434 47773 23801 19661 19441 23972 824 610 310 300
is_linear=0
shrinkage=0.04


end of trees

feature_importances:
mkt_vol_14=80
ma90_dev=73
family_ma90_rank=72
price_band=70
vol_ratio=65
rsi_14=60
r_30=58
dd_60=54
family_r30_rank=54
up_14=51
breadth7=50
vol_7=48
ma30_dev=43
above_ma30=36
peer_med_7=34
dsl_30=33
pos_60=33
r_7=30
ma7_dev=27
peer_rank_1=27
family_code=27
family_vol_rank=27
band_r7_rank=25
peer_rank_3=23
peer_rs7=23
family_median7=23
mkt_r_30=20
up_7=19
r_14=17
mkt_r_7=14
family_breadth7=14
r_3=11
peer_rank_7=9
family_r7_rank=8
r_1=7
cat_code=7
peer_breadth1=6
peer_med_1=4

parameters:
[boosting: gbdt]
[objective: lambdarank]
[metric: ndcg]
[tree_learner: serial]
[device_type: cpu]
[data_sample_strategy: bagging]
[data: ]
[valid: ]
[num_iterations: 100]
[learning_rate: 0.04]
[num_leaves: 15]
[num_threads: 2]
[seed: 389]
[deterministic: 0]
[force_col_wise: 0]
[force_row_wise: 0]
[histogram_pool_size: -1]
[max_depth: 4]
[min_data_in_leaf: 150]
[min_sum_hessian_in_leaf: 0.001]
[bagging_fraction: 1]
[pos_bagging_fraction: 1]
[neg_bagging_fraction: 1]
[bagging_freq: 0]
[bagging_seed: 27313]
[bagging_by_query: 0]
[feature_fraction: 1]
[feature_fraction_bynode: 1]
[feature_fraction_seed: 24186]
[extra_trees: 0]
[extra_seed: 31967]
[early_stopping_round: 0]
[early_stopping_min_delta: 0]
[first_metric_only: 0]
[max_delta_step: 0]
[lambda_l1: 0]
[lambda_l2: 0]
[linear_lambda: 0]
[min_gain_to_split: 0]
[drop_rate: 0.1]
[max_drop: 50]
[skip_drop: 0.5]
[xgboost_dart_mode: 0]
[uniform_drop: 0]
[drop_seed: 23585]
[top_rate: 0.2]
[other_rate: 0.1]
[min_data_per_group: 100]
[max_cat_threshold: 32]
[cat_l2: 10]
[cat_smooth: 10]
[max_cat_to_onehot: 4]
[top_k: 20]
[monotone_constraints: ]
[monotone_constraints_method: basic]
[monotone_penalty: 0]
[feature_contri: ]
[forcedsplits_filename: ]
[refit_decay_rate: 0.9]
[cegb_tradeoff: 1]
[cegb_penalty_split: 0]
[cegb_penalty_feature_lazy: ]
[cegb_penalty_feature_coupled: ]
[path_smooth: 0]
[interaction_constraints: ]
[verbosity: -1]
[saved_feature_importance_type: 0]
[use_quantized_grad: 0]
[num_grad_quant_bins: 4]
[quant_train_renew_leaf: 0]
[stochastic_rounding: 1]
[linear_tree: 0]
[max_bin: 255]
[max_bin_by_feature: ]
[min_data_in_bin: 3]
[bin_construct_sample_cnt: 200000]
[data_random_seed: 1308]
[is_enable_sparse: 1]
[enable_bundle: 1]
[use_missing: 1]
[zero_as_missing: 0]
[feature_pre_filter: 1]
[pre_partition: 0]
[two_round: 0]
[header: 0]
[label_column: ]
[weight_column: ]
[group_column: ]
[ignore_column: ]
[categorical_feature: ]
[forcedbins_filename: ]
[precise_float_parser: 0]
[parser_config_file: ]
[objective_seed: 23528]
[num_class: 1]
[is_unbalance: 0]
[scale_pos_weight: 1]
[sigmoid: 1]
[boost_from_average: 1]
[reg_sqrt: 0]
[alpha: 0.9]
[fair_c: 1]
[poisson_max_delta_step: 0.7]
[tweedie_variance_power: 1.5]
[lambdarank_truncation_level: 30]
[lambdarank_norm: 1]
[label_gain: ]
[lambdarank_position_bias_regularization: 0]
[eval_at: 1,2,3,4,5]
[multi_error_top_k: 1]
[auc_mu_weights: ]
[num_machines: 1]
[local_listen_port: 12400]
[time_out: 120]
[machine_list_filename: ]
[machines: ]
[gpu_platform_id: -1]
[gpu_device_id: -1]
[gpu_device_id_list: ]
[gpu_use_dp: 0]
[num_gpu: 1]

end of parameters

pandas_categorical:[]
