tree
version=v4
num_class=1
num_tree_per_iteration=1
label_index=0
max_feature_idx=38
objective=lambdarank
feature_names=r_1 r_3 r_7 r_14 r_30 ma7_dev ma30_dev ma90_dev dd_60 dsl_30 up_7 up_14 pos_60 vol_ratio vol_7 rsi_14 peer_breadth1 peer_med_1 peer_med_7 peer_rank_1 peer_rank_3 peer_rank_7 peer_rs7 cat_code regime mkt_r_7 mkt_r_30 breadth7 above_ma30 mkt_vol_14 family_code family_r7_rank family_r30_rank family_ma90_rank family_vol_rank family_median7 family_breadth7 price_band band_r7_rank
feature_infos=[-0.40363636612892151:0.85991019010543823] [-0.54091817140579224:1.2624434232711792] [-0.76115942001342773:1.9946523904800415] [-0.81813633441925049:3.2190475463867188] [-0.87457680702209473:4.5180950164794922] [-0.4373776912689209:0.80563360452651978] [-0.77876204252243042:1.6026183366775513] [-0.7991061806678772:2.3098816871643066] [-0.90861111879348755:0] [0:29] [0:5.8010754585266113] [0:6.0967741012573242] [0:1] [0:2.1968104839324951] [0:0.89350664615631104] [0:100] [0:1] [-0.13793103396892548:0.26234906911849976] [-0.18558432161808014:0.91419142484664917] [0.0053191489361702126:1] [0.0053191489361702126:1] [0.0053191489361702126:1] [-1.0040487051010132:1.8156945705413818] [0:2] none [-0.041826903820037842:0.2022545337677002] [-0.31036615371704102:0.13039731979370117] [0.25121951103210449:0.89125102758407593] [0.085854455828666687:0.68816328048706055] [0.012772467918694019:0.054287750273942947] [1:7] [0.004048582995951417:1] [0.004048582995951417:1] [0.004048582995951417:1] [0.004048582995951417:1] [-0.050043463706970215:0.34176260232925415] [0.15625:0.984375] [0:4] [0.012658227848101266:1]
tree_sizes=1551 1741 1648 1744 1540 1647 1637 1423 1537 1638 1744 1648 1545 1755 1437 1441 1537 1546 1544 1442 1539 1445 1765 1551 1444 1439 1327 1328 1545 1656 1337 1551 1653 1649 1764 1748 1660 1763 1761 1761 1766 1771 1550 1447 1664 1777 1657 1774 1559 1559 1654 1756 1535 1110 1328 1563 1117 1780 1560 1115 1663 906 1549 1118 1112 1666 1783 1454 908 1323 1012 1648 1654 1547 1446 1118 1215 1650 1333 1436 1547 1441 1664 1659 1653 1761 1753 1662 1543 1661 1552 1554 1325 1668 1550 1457 1437 1654 1549 1446

Tree=0
num_leaves=13
num_cat=0
split_feature=30 37 35 36 28 30 33 35 25 29 9 14
split_gain=45.159 12.5307 10.461 12.1218 6.25855 6.31556 5.69546 5.5933 4.2357 2.15307 0.466676 0.144843
threshold=6.5000000000000009 1.5000000000000002 0.0018409743788652124 0.86425061425061445 0.2221898436546326 1.5000000000000002 0.062630753138075326 -0.0037892118562012907 0.017438352108001712 0.017751218751072887 3.5000000000000004 0.017706073820590976
decision_type=2 2 2 2 2 2 2 2 2 2 2 2
left_child=1 4 9 -4 6 -6 -1 8 -2 -3 -9 -12
right_child=7 2 3 -5 5 -7 -8 10 -10 -11 11 -13
leaf_value=0.057705032292023332 -0.058167980669545649 -0.007870323554266043 0.028532073799867788 -0.032249140596767298 0.006110564855551285 0.059652353281292189 -0.015711392565550118 -0.048729107554055975 0.021948016782978398 -0.060832111269907153 -0.060950540815240963 -0.077384830584386444
leaf_weight=2.3946826754981902 2.2087072096765068 1.6606121188233398 17.547277481284258 7.4910615052867788 4.5648821930117292 15.472038765372416 5.750928569403186 1.1112049935763924 2.0228998971288092 4.7160674039332662 0.93993016064632584 9.8504452583292714
leaf_count=261 256 972 7086 3358 326 8631 3377 211 128 3274 236 1400
internal_value=-1.27467e-10 0.016071 -0.00130122 0.0103473 0.0354357 0.0474543 0.00587189 -0.0593677 -0.0198689 -0.0470398 -0.0734115 -0.0759533
internal_weight=75.7307 59.5976 31.415 25.0383 28.1825 20.0369 8.14561 16.1332 4.23161 6.37668 11.9016 10.7904
internal_count=29516 27285 14690 10444 12595 8957 3638 2231 384 4246 1847 1636
is_linear=0
shrinkage=0.04


Tree=1
num_leaves=15
num_cat=0
split_feature=7 6 11 30 4 36 4 4 11 20 9 13 34 21
split_gain=54.9352 70.6934 11.7568 11.4016 10.7019 9.45891 8.89419 8.38428 7.63032 10.582 6.25785 5.8476 1.54448 0.109982
threshold=-0.35618126392364496 0.13594094663858416 1.065088212490082 3.5000000000000004 0.10881048440933229 0.52619863013698642 -0.33877517282962794 -0.16724143922328946 0.1541758477687836 0.92526595744680862 25.500000000000004 0.60783478617668163 0.32091049382716058 0.26533166458072593
decision_type=2 2 2 2 2 2 2 2 2 2 2 2 2 2
left_child=5 4 11 -4 6 7 -2 13 12 -10 -6 -3 -7 -1
right_child=1 2 3 -5 10 8 -8 -9 9 -11 -12 -13 -14 -15
leaf_value=-0.072770764151175393 0.0176574354362217 -0.027081357779102068 -0.065727110683786491 0.050999296913747327 0.03411207596019028 0.067392512866499416 -0.036541923945642381 0.042374193786172278 -0.013658420135563454 0.061287542664844041 -0.022707828764175195 0.05054415495024854 0.047781341085836586 -0.055965410333031408
leaf_weight=1.214826726845786 5.1315079698324544 1.6422458554916399 3.2220996018731958 2.2908086781062593 6.2847552582461486 14.193590307884735 86.57740998722511 2.2474897495303585 6.6863847091808548 5.4887487614760175 6.1225742705137236 28.477375949696579 11.739878737556863 1.2791610323074563
leaf_count=150 745 161 170 298 513 133 22210 140 579 92 1332 2566 275 152
internal_value=-5.06641e-09 -0.0121489 0.0364819 -0.0172232 -0.0287922 0.0396218 -0.0335092 -0.0136576 0.0462509 0.0201284 0.00607348 0.0463117 0.0585147 -0.0641513
internal_weight=182.599 139.749 35.6325 5.51291 104.116 42.8501 91.7089 4.74148 38.1086 12.1751 12.4073 30.1196 25.9335 2.49399
internal_count=29516 27995 3195 468 24800 1521 22955 442 1079 671 1845 2727 408 302
is_linear=0
shrinkage=0.04


Tree=2
num_leaves=14
num_cat=0
split_feature=7 6 34 2 29 4 20 11 32 12 0 27 12
split_gain=74.5369 61.4813 19.7927 14.4085 8.58821 16.4436 6.9564 6.84925 4.21339 9.476 3.95436 2.81722 0.851921
threshold=-0.35618126392364496 0.13594094663858416 0.89065662955465597 0.094648238271474852 0.027742626145482067 -0.30712936818599695 0.80707196029776684 0.80152925848960888 0.025263269864907994 0.079505693167448058 -0.078090276569128023 0.45960219204425817 0.2714687734842301
decision_type=2 2 2 2 2 2 2 2 2 2 2 2 2
left_child=4 10 6 -4 8 7 -3 -6 -1 -10 12 -12 -2
right_child=1 2 3 -5 5 -7 -8 -9 9 -11 11 -13 -14
leaf_value=0.063733610803779414 0.022191217110185096 0.03526153901069206 0.038608047296101296 -0.043645330320654242 -0.065661430900988499 0.062396575169461656 0.0024138147944568608 0.041006436361701912 0.0016223586026112306 0.054759096415212552 -0.026606593945358022 -0.054591324633923709 -0.032262425626444075
leaf_weight=16.752955558142276 1.4371977999253425 28.919527805890539 4.4163470179191817 14.916000587785673 4.1097408931382233 4.5998050536363717 16.035431157622952 1.2579695105960125 7.9003087089295176 16.764297755566076 6.5907517240848383 45.427798313095991 0.67586805926839577
leaf_count=130 295 1128 107 858 603 108 1102 41 370 269 3690 20495 320
internal_value=4.21224e-11 -0.0174574 0.00899005 -0.0248551 0.0402313 0.00689695 0.0235448 -0.0406629 0.0482535 0.0377389 -0.0488667 -0.0510457 0.00477412
internal_weight=169.804 118.419 64.2873 19.3323 51.3851 9.96752 44.955 5.36771 41.4176 24.6646 54.1316 52.0186 2.11307
internal_count=29516 27995 3195 965 1521 752 2230 644 769 639 24800 24185 615
is_linear=0
shrinkage=0.04


Tree=3
num_leaves=15
num_cat=0
split_feature=7 6 10 11 38 13 32 0 32 33 20 4 10 14
split_gain=85.1599 93.054 16.0983 17.0876 7.00107 9.15573 10.6089 6.28605 4.8122 3.27481 6.07222 2.98397 1.11866 0.677334
threshold=-0.35618126392364496 0.13594094663858416 0.22394235432147983 1.1449577808380129 0.40651483050847464 1.4876251220703127 0.30846092662557173 -0.078090276569128023 0.85480524695489235 0.046385559001872197 0.84248120300751894 -0.37906940281391138 0.16828257590532306 0.032125016674399383
decision_type=2 2 2 2 2 2 2 2 2 2 2 2 2 2
left_child=4 7 8 -4 9 6 -6 11 -3 13 -11 -2 -9 -1
right_child=1 2 3 -5 5 -7 -8 12 -10 10 -12 -13 -14 -15
leaf_value=0.061487459982008871 0.0495673084249591 0.0053679378742148669 -0.0261035525979409 0.044037344108277698 -0.048299315851334297 0.050497215274705173 0.031733715260287981 -0.060599676382348429 0.046342293204759008 -0.0085558197598802031 0.064155168341451213 -0.030295993530670758 -0.04615207607227504 0.049236898093871273
leaf_weight=17.056737403967421 1.2043164252536374 5.726604908937591 18.517924258369025 7.9400519878254263 4.8045811575138959 9.0444109004456532 5.9094882813515142 45.352542848268058 23.026207968534436 3.8132839187164782 3.5470295082777739 1.9779513499233861 10.57416301363264 12.523046180955133
leaf_count=106 41 310 2002 356 469 158 110 19724 527 355 14 574 4461 309
internal_value=-1.33655e-09 -0.0198784 0.0174622 -0.00505423 0.0400803 0.0208614 -0.00415603 -0.0547565 0.0381816 0.0503601 0.0264845 -7.20485e-05 -0.057868 0.056301
internal_weight=171.018 114.32 55.2108 26.458 56.6986 19.7585 10.7141 59.109 28.7528 36.9401 7.36031 3.18227 55.9267 29.5798
internal_count=29516 27995 3195 2358 1521 737 579 24800 837 784 369 615 24185 415
is_linear=0
shrinkage=0.04


Tree=4
num_leaves=13
num_cat=0
split_feature=7 6 1 32 3 30 4 6 26 33 18 11
split_gain=87.8077 88.3082 18.8464 17.5857 10.654 8.43312 11.019 2.87855 1.72787 1.63594 1.32989 0.0728602
threshold=-0.35618126392364496 0.13594094663858416 -0.15623670071363446 0.85480524695489235 0.23801162093877795 4.5000000000000009 -0.12569266557693479 -0.081341613084077821 -0.30036130547523493 0.02790758047767394 0.13731887191534045 0.13552332669496539
decision_type=2 2 2 2 2 2 2 2 2 2 2 2
left_child=5 2 -2 10 -5 7 11 9 -4 -1 -3 -7
right_child=1 3 8 4 -6 6 -8 -9 -10 -11 -12 -13
leaf_value=0.055838192857667057 0.043632410266381018 -0.026651587210739906 -0.016523603625595105 -0.020126396971949293 0.035597851121530785 -0.079967647278186185 0.040784457242337598 0.023535584818925093 -0.058002570364309232 0.039408401319876669 -0.062417170505335594 -0.065281954247194282
leaf_weight=28.181927036843263 3.1427037360845125 4.6935754377627736 1.6524336115689937 6.3954924353165543 38.759036918636411 1.345119165722281 3.2949309432879081 7.6379179621580979 58.251223500876222 14.783194281044414 2.5765839435625821 0.90366919827647496
leaf_count=301 218 738 588 480 1536 175 49 243 23994 540 441 213
internal_value=1.41369e-09 -0.0199513 -0.0518492 0.0184094 0.0277053 0.0410317 -0.00580429 0.0461627 -0.0568584 0.0501851 -0.0393271 -0.0740662
internal_weight=171.618 115.471 63.0464 52.4247 45.1545 56.1468 5.54372 50.603 59.9037 42.9651 7.27016 2.24879
internal_count=29516 27995 24800 3195 2016 1521 437 1084 24582 841 1179 388
is_linear=0
shrinkage=0.04


Tree=5
num_leaves=14
num_cat=0
split_feature=7 3 32 1 20 29 37 36 34 12 18 36 30
split_gain=76.5583 80.3666 18.9871 17.7426 13.6794 4.38809 11.2392 4.33005 5.39037 2.16598 1.55494 0.802947 0.48321
threshold=-0.34505844116210932 0.23801162093877795 0.85480524695489235 -0.15623670071363446 0.80159574468085115 0.027742626145482067 1.0000000180025095e-35 0.52619863013698642 0.47071078431372554 0.88260561227798473 0.010598328895866873 0.66554809843400464 3.5000000000000004
decision_type=2 2 2 2 2 2 2 2 2 2 2 2 2
left_child=5 3 12 -2 -4 7 -7 8 -1 -5 -9 -8 -3
right_child=1 2 4 9 -6 6 11 10 -10 -11 -12 -13 -14
leaf_value=0.041699196591657696 0.038489048902796544 -0.064581125951153076 0.040854732562836643 -0.054932832781699747 -0.014963936555942763 0.039493522469144844 -0.025596124290562652 0.055767816480985978 -0.026040036285922774 -0.0042850639375650035 0.040068992715964542 -0.072016598575361968 -0.040040364512273462
leaf_weight=4.7785195192554957 3.529627814772538 1.9250243986025442 33.334780312259682 59.056192733056378 8.9002780079608765 6.9706461346941051 0.89012142817955497 19.092653182451613 3.098205272690393 1.3826261050999153 21.420399613329209 1.8055003103800116 3.853636308806017
leaf_count=156 206 753 687 23721 943 297 177 162 254 224 315 394 1227
internal_value=4.0683e-09 -0.0193256 0.0197877 -0.0486833 0.029092 0.0372764 0.0126715 0.0421914 0.0150549 -0.0537742 0.0474674 -0.0566881 -0.0482155
internal_weight=170.038 111.982 48.0137 63.9684 42.2351 58.056 9.66627 48.3898 7.87672 60.4388 40.5131 2.69562 5.77866
internal_count=29516 27761 3610 24151 1630 1755 868 887 410 23945 477 571 1980
is_linear=0
shrinkage=0.04


Tree=6
num_leaves=14
num_cat=0
split_feature=7 6 4 20 37 10 33 4 34 34 28 0 34
split_gain=69.9106 68.4512 23.893 15.122 8.58955 5.82269 3.89419 9.54563 2.44976 6.37043 1.41243 0.737599 0.11533
threshold=-0.35618126392364496 0.13594094663858416 -0.37906940281391138 0.80159574468085115 1.5000000000000002 0.21551817655563357 0.062630753138075326 -0.16724143922328946 0.36689235206922804 0.7862658414382554 0.55396565794944774 -0.12151234224438666 0.62525720164609067
decision_type=2 2 2 2 2 2 2 2 2 2 2 2 2
left_child=6 2 10 4 -3 -5 8 12 -1 -10 -2 -4 -8
right_child=1 3 11 5 -6 -7 7 -9 9 -11 -12 -13 -14
leaf_value=0.049002620233820217 0.019535464308153332 0.03536334320342914 -0.00099668563243822264 0.017818069666667349 -0.021857139050372076 -0.047370208703036799 -0.075363767785712049 0.040800081901090801 -0.00568493296447808 0.041364648032293123 0.063417884036474942 -0.053796191457515803 -0.054951139997144585
leaf_weight=23.537338366848417 2.476563594187609 33.987135361763649 0.42649411514866997 3.2147922402946261 4.7889081481844178 6.8930035278899595 1.2285608624806625 3.9279638235457233 5.8338893123436746 21.848669495782815 2.2305545160779729 57.085946578998119 0.69247203180566419
leaf_count=209 291 844 89 238 629 1484 244 61 368 459 32 24388 180
internal_value=1.20344e-09 -0.0184838 -0.0463133 0.0169378 0.0282965 -0.026637 0.0359847 0.00506414 0.0395157 0.0314493 0.04033 -0.0534046 -0.0680057
internal_weight=168.172 111.103 62.2196 48.8838 38.776 10.1078 57.0689 5.849 51.2199 27.6826 4.70712 57.5124 1.92103
internal_count=29516 27995 24800 3195 1473 1722 1521 485 1036 827 323 24477 424
is_linear=0
shrinkage=0.04


Tree=7
num_leaves=12
num_cat=0
split_feature=7 6 4 2 14 30 29 10 35 28 0
split_gain=67.156 61.3431 18.0026 13.2559 14.1107 2.97664 11.0603 9.29608 1.97919 1.07453 0.822437
threshold=-0.35618126392364496 0.13594094663858416 -0.37906940281391138 0.050757911056280143 0.096394032239913954 1.5000000000000002 0.022684424184262756 0.77491721510887157 0.022773220203816894 0.546687811613083 -0.12151234224438666
decision_type=2 2 2 2 2 2 2 2 2 2 2
left_child=5 2 9 -3 -5 -1 8 -8 -7 -2 -4
right_child=1 3 10 4 -6 6 7 -9 -10 -11 -12
leaf_value=0.055775164638760429 0.014244226571884731 0.046533391486963706 0.0027120130253199528 0.012367655765768617 -0.061287287427248649 0.026669355263688185 -0.058722299558864183 0.050502998172704823 0.044339541490938279 0.053879266640850063 -0.051686321119615082
leaf_weight=9.0872482268605363 2.3391887217294416 15.088618890033102 0.4482443758752187 27.100602606544271 4.9166590346721923 16.259032636182383 3.7170562095707274 1.8759373871143905 26.957767145941034 2.0566248076502234 55.982589552877471
leaf_count=64 280 224 89 2117 854 452 760 25 220 43 24388
internal_value=-9.31618e-10 -0.0186433 -0.0451807 0.0156237 0.001057 0.0347552 0.0308417 -0.0220872 0.0376917 0.0327879 -0.0512542
internal_weight=165.83 107.933 60.8266 47.1059 32.0173 57.897 48.8098 5.59299 43.2168 4.39581 56.4308
internal_count=29516 27995 24800 3195 2971 1521 1457 785 672 323 24477
is_linear=0
shrinkage=0.04


Tree=8
num_leaves=13
num_cat=0
split_feature=37 7 3 19 32 1 33 35 6 7 2 32
split_gain=58.081 29.3771 46.5151 17.8686 11.8719 9.8108 3.44415 2.45567 8.09518 2.1374 2.0186 1.76578
threshold=1.5000000000000002 -0.34505844116210932 0.23801162093877795 0.023532668881506093 0.85480524695489235 -0.15623670071363446 0.94152390163028477 0.022773220203816894 -0.10307802632451056 -0.40590959787368769 0.11417903006076814 0.98449519230769245
decision_type=2 2 2 2 2 2 2 2 2 2 2 2
left_child=1 7 5 -2 -4 -3 11 8 -1 -9 -8 -5
right_child=3 2 4 6 -6 -7 10 9 -10 -11 -12 -13
leaf_value=-0.020110297590482076 0.047416273816132185 0.027262472739358255 -0.046075632624788157 -0.052577722516508607 0.034319631827835893 -0.045736727591357502 -0.053373063844384366 0.047897245960149382 0.041536198395649648 0.026345826850244142 0.0042376492453999222 0.029714163357764115
leaf_weight=4.825386586366224 3.4546627955278373 3.2794123966014004 3.2174384754616758 34.944218487362377 33.943077739677392 28.947305133799091 1.434547482873312 26.946351596387103 11.60499784699641 10.131320524378678 3.0252882480854169 0.4222386812325557
leaf_count=346 166 173 1052 13929 913 11259 458 262 187 350 383 38
internal_value=4.68421e-10 0.0140337 -0.00314008 -0.0398485 0.0273588 -0.0383083 -0.0474181 0.0363041 0.0234314 0.0420084 -0.0142934 -0.0515952
internal_weight=166.176 122.895 69.3872 43.281 37.1605 32.2267 39.8263 53.5081 16.4304 37.0777 4.45984 35.3665
internal_count=29516 14542 13397 14974 1965 11432 14808 1145 533 612 841 13967
is_linear=0
shrinkage=0.04


Tree=9
num_leaves=14
num_cat=0
split_feature=7 3 1 32 20 6 22 31 11 5 6 27 33
split_gain=51.7668 55.6696 16.926 14.9257 9.80718 3.68334 6.43939 3.12326 2.54185 3.2403 2.08807 0.671433 0.378128
threshold=-0.34505844116210932 0.23801162093877795 -0.15623670071363446 0.85480524695489235 0.80159574468085115 -0.075334042310714708 0.15849856287240985 0.74472536277040868 0.16112007200717929 0.14461392164230349 -0.12367211282253264 0.45740367472171789 0.87448545728660254
decision_type=2 2 2 2 2 2 2 2 2 2 2 2 2
left_child=5 2 -2 12 -5 8 7 -7 10 -10 -1 -4 -3
right_child=1 3 11 4 -6 6 -8 -9 9 -11 -12 -13 -14
leaf_value=0.03084593530257097 0.032325643429491277 -0.049112612221396235 -0.035374933222339193 0.033680033464424788 -0.019252979837130039 -0.068196577865302477 0.038893446179402692 0.004748785680252339 -0.0031682621485707219 0.042860490869982809 0.049382761626494055 -0.049155413286765433 -0.013372547761489136
leaf_weight=20.923613526159894 4.5861957097658879 4.8987186021404332 6.3814276118646367 34.067980909603648 6.7020118690561494 1.9238099113572373 4.350375640206039 1.8348791168536989 5.633982061990535 4.3260605180403218 18.162903644144539 49.840146976173855 0.52433661511167873
leaf_count=563 206 1849 3093 687 943 227 47 85 596 60 177 20852 131
internal_value=-1.25232e-09 -0.016417 -0.0415638 0.016686 0.0249786 0.0307341 0.00576112 -0.0325868 0.034863 0.0168239 0.0394597 -0.0475913 -0.045657
internal_weight=164.156 107.001 60.8078 46.193 40.77 57.1556 8.10906 3.75869 49.0466 9.96004 39.0865 56.2216 5.42306
internal_count=29516 27761 24151 3610 1630 1755 359 312 1396 656 740 23945 1980
is_linear=0
shrinkage=0.04


Tree=10
num_leaves=15
num_cat=0
split_feature=7 3 0 32 20 4 35 9 11 5 7 11 1 33
split_gain=47.787 51.2908 17.847 13.2646 8.48514 4.47291 2.8845 7.30419 3.12133 7.78433 1.6451 0.95746 0.478133 0.33415
threshold=-0.35618126392364496 0.23801162093877795 -0.078090276569128023 0.85480524695489235 0.80159574468085115 -0.35963147878646845 0.0026488843141123657 26.500000000000004 0.16112007200717929 0.14461392164230349 -0.48934625089168543 0.13228578865528109 0.13703422248363498 0.87448545728660254
decision_type=2 2 2 2 2 2 2 2 2 2 2 2 2 2
left_child=6 2 5 13 -5 -2 7 11 10 -10 -8 -1 -4 -3
right_child=1 3 12 4 -6 -7 8 -9 9 -11 -12 -13 -14 -15
leaf_value=-0.068081853126567046 0.047239629880442807 -0.047479426437004639 -0.048087505516319087 0.03132839973811561 -0.019211059049108015 -0.027110401407163597 0.049991765569576359 0.039633218436811057 -0.021521098414328112 0.041722811544735262 0.032541565744812255 -0.018863153737789694 -0.034896744826877164 -0.013550693790062927
leaf_weight=1.4822682712692761 4.3066540418658406 4.6860835403203955 50.042333661345765 35.039862238336354 6.2656035413965574 1.8511038527358312 14.376750670955515 3.8966358262114227 5.1597842969931644 7.8533155590994284 21.677261612378061 1.1029278596397487 4.8202295800438142 0.51553055481053878
leaf_count=229 67 1861 21925 687 944 533 86 57 582 78 365 124 1847 131
internal_value=8.9315e-10 -0.0155632 -0.0396812 0.0160813 0.0236621 0.024889 0.030126 0.00504733 0.0334389 0.0166462 0.0394999 -0.0470836 -0.0469286 -0.0441168
internal_weight=163.076 107.527 61.0203 46.5071 41.3055 6.15776 55.5489 6.48183 49.0671 13.0131 36.054 2.5852 54.8626 5.20161
internal_count=29516 27995 24372 3623 1631 600 1521 410 1111 660 451 353 23772 1992
is_linear=0
shrinkage=0.04


Tree=11
num_leaves=14
num_cat=0
split_feature=7 3 1 32 20 35 13 11 13 30 13 0 33
split_gain=45.7335 47.0412 13.4281 11.1414 8.26807 2.31517 7.61299 2.77737 2.44981 7.67937 2.02667 0.534194 0.333224
threshold=-0.34505844116210932 0.23801162093877795 -0.15623670071363446 0.85480524695489235 0.80159574468085115 0.0018409743788652124 0.16425756365060809 0.17613159120082858 0.95483192801475536 3.5000000000000004 0.73443618416786205 -0.10963322967290877 0.81678403755868556
decision_type=2 2 2 2 2 2 2 2 2 2 2 2 2
left_child=5 2 -2 12 -5 6 -1 -8 10 -10 -7 -4 -3
right_child=1 3 11 4 -6 8 7 -9 9 -11 -12 -13 -14
leaf_value=0.056943980797569245 0.027001807174454964 -0.047167497945552979 -0.00068899757965433473 0.028825140418849381 -0.023545994385610156 0.027803906092176089 -0.061481335859495147 0.010083740894683968 -0.027212050760702513 0.033196893019813697 0.04914142545799538 -0.045229930425101969 -0.021216795013479998
leaf_weight=2.6832887958735219 4.5040118735050774 3.9512662538327268 0.43430003186222066 35.131416905671358 5.59083114308305 13.075821186648684 2.1160969141637911 1.4706907442305235 4.1644206640776273 17.583745852345601 15.642474488238802 53.839314052776899 0.99006913939956565
leaf_count=16 206 1690 117 687 943 269 329 95 331 530 185 23828 290
internal_value=9.7004e-10 -0.0157044 -0.0393658 0.0147524 0.021635 0.0289088 0.00598505 -0.0321375 0.0317568 0.0216296 0.0394262 -0.0448735 -0.0419679
internal_weight=161.178 104.441 58.7776 45.6636 40.7222 56.7365 6.27008 3.58679 50.4665 21.7482 28.7183 54.2736 4.94134
internal_count=29516 27761 24151 3610 1630 1755 440 424 1315 861 454 23945 1980
is_linear=0
shrinkage=0.04


Tree=12
num_leaves=13
num_cat=0
split_feature=7 3 0 32 20 4 32 12 4 14 37 10
split_gain=45.7432 43.6178 12.62 9.86931 7.2887 2.77242 2.23581 9.92261 9.16741 6.31996 0.455925 0.286544
threshold=-0.34505844116210932 0.23801162093877795 -0.081530101597309099 0.85480524695489235 0.80159574468085115 -0.37906940281391138 0.025263269864907994 0.079505693167448058 -0.40387806296348566 0.04957429692149163 1.0000000180025095e-35 0.53420814871788036
decision_type=2 2 2 2 2 2 2 2 2 2 2 2
left_child=6 2 5 11 -5 -2 -1 8 -8 -9 -4 -3
right_child=1 3 10 4 -6 -7 7 9 -10 -11 -12 -13
leaf_value=0.039113243774702829 0.040700684707634043 -0.043873750290358678 -0.037980263666312769 0.026638720332186283 -0.023936039021800536 -0.019820751584460245 0.040877494049464336 0.048706326593028718 -0.055687168616965661 0.010818689540336063 -0.046589934314639876 -0.0086298944544799111
leaf_weight=21.161539722816087 3.5200062661897391 4.3414551804307839 13.032696280512026 35.254039495717734 5.2365844848100087 1.8462415374815453 2.4654685503337532 16.908405833877627 4.3454986466094843 12.074960077879949 40.184248945326544 0.40339571540243913
leaf_count=277 32 1850 5310 687 943 482 65 162 458 793 18327 130
internal_value=-3.81628e-10 -0.0158032 -0.038586 0.0137021 0.020098 0.0198785 0.028806 0.0227124 -0.0207322 0.0329217 -0.0444814 -0.0408774
internal_weight=160.775 103.819 58.5832 45.2355 40.4906 5.36625 56.9559 35.7943 6.81097 28.9834 53.2169 4.74485
internal_count=29516 27761 24151 3610 1630 514 1755 1478 523 955 23637 1980
is_linear=0
shrinkage=0.04


Tree=13
num_leaves=15
num_cat=0
split_feature=7 3 0 32 20 4 11 6 8 35 11 7 22 10
split_gain=42.8335 39.071 15.2227 8.84218 7.58143 3.33471 2.29243 2.44375 4.53921 1.62061 4.90054 2.20678 0.446224 0.288529
threshold=-0.35618126392364496 0.23801162093877795 -0.078090276569128023 0.85480524695489235 0.80159574468085115 -0.35963147878646845 0.27312614023685461 -0.41083748638629908 -0.50667884945869435 0.022773220203816894 0.022870890796184543 -0.45804016292095179 0.050893470644950874 0.53420814871788036
decision_type=2 2 2 2 2 2 2 2 2 2 2 2 2 2
left_child=6 2 5 13 -5 -2 9 -8 -9 10 -1 -11 -4 -3
right_child=1 3 12 4 -6 -7 7 8 -10 11 -12 -13 -14 -15
leaf_value=0.04007908347619947 0.04047868419002492 -0.042721772124726616 -0.045489113616482606 0.02513920315890637 -0.028507318764596921 -0.023170842669616803 0.037090488095537506 -0.054640640103179247 0.033742280773889737 0.046328859630320879 -0.0045896561690701053 0.025506706216909029 -0.036618304114637172 -0.0073809428932969821
leaf_weight=9.2437815889716166 4.5152742454083636 4.2031223531812421 41.076868979958817 35.928198381559923 4.7750973259098819 1.8593298925552506 2.4010089752264321 2.0516158776590605 1.700262649799696 17.427018354763277 6.8355814412934697 15.288099817233158 11.64501217054203 0.40525803936179716
leaf_count=152 67 1862 19062 687 944 533 62 262 66 132 461 386 4710 130
internal_value=1.32046e-09 -0.0150444 -0.0364705 0.0129001 0.0188457 0.0219135 0.0285866 0.00557848 -0.0145876 0.0314878 0.0210897 0.0365985 -0.0435298 -0.0396139
internal_weight=159.356 104.408 59.0965 45.3117 40.7033 6.3746 54.9474 6.15289 3.75188 48.7945 16.0794 32.7151 52.7219 4.60838
internal_count=29516 27995 24372 3623 1631 600 1521 390 328 1131 613 518 23772 1992
is_linear=0
shrinkage=0.04


Tree=14
num_leaves=12
num_cat=0
split_feature=37 7 3 19 1 14 38 1 18 3 35
split_gain=39.5706 21.5917 25.6821 10.9303 8.9356 7.19052 3.64888 4.09764 2.09992 1.57696 2.44936
threshold=1.5000000000000002 -0.35618126392364496 0.23801162093877795 0.023532668881506093 -0.15623670071363446 0.049949394538998611 0.94654761904761908 -0.010807216633111237 0.31755624711513525 -0.058570742607116692 0.018932206556200985
decision_type=2 2 2 2 2 2 2 2 2 2 2
left_child=1 9 4 -2 -3 -4 8 -8 -5 10 -1
right_child=3 2 5 6 -6 -7 7 -9 -10 -11 -12
leaf_value=0.016071592703755678 0.037921939524344833 0.023996546664334106 0.047525503696294873 -0.046785044932414407 -0.039052212452493011 0.0082638569105843405 0.036121516671845037 -0.038775603918041093 0.030993340640931257 0.015889387427758278 0.039815298601861317
leaf_weight=8.82326963462401 3.081459214212372 4.1695147759746787 10.360178990405982 31.373494561528791 26.174470704863779 26.693850425072014 1.9786785012111066 2.855327423545531 0.56540920189581712 8.5206876096781325 32.76713036489673
leaf_count=310 166 176 281 13670 11389 1693 172 906 60 282 411
internal_value=-1.69657e-09 0.0116814 -0.00310321 -0.0344423 -0.0303888 0.0192413 -0.0405062 -0.00811836 -0.0454081 0.0315664 0.0347781
internal_weight=157.363 117.509 67.398 39.8544 30.344 37.054 36.7729 4.83401 31.9389 50.1111 41.5904
internal_count=29516 14542 13539 14974 11565 1974 14808 1078 13730 1003 721
is_linear=0
shrinkage=0.04


Tree=15
num_leaves=12
num_cat=0
split_feature=7 3 0 20 32 10 12 11 25 19 1
split_gain=35.8165 35.9037 10.0017 9.01627 6.74314 2.19922 2.11754 3.09568 4.35139 1.36642 0.501375
threshold=-0.34505844116210932 0.23801162093877795 -0.081530101597309099 0.80159574468085115 0.85480524695489235 0.20010070502758029 0.013900396414101126 0.026453303173184398 0.0066745877265930184 0.64051282051282066 0.13703422248363498
decision_type=2 2 2 2 2 2 2 2 2 2 2
left_child=6 2 5 4 -3 -2 -1 -8 -9 -5 -4
right_child=1 3 10 9 -6 -7 7 8 -10 -11 -12
leaf_value=0.00067245683623825484 -0.013093556899083455 -0.038697459278595622 -0.042450105534008492 -0.0079680088790076847 0.024034761380837103 0.039617449387813752 0.045982110368940329 -0.0097289319703618739 0.028161246089247936 -0.04782174838396281 -0.02817064667917285
leaf_weight=4.9421757538802913 2.2073978976113713 2.966892917873337 46.060762105102185 2.1498309063026673 36.100429818267003 2.9709672579774633 11.874172600917516 5.6729710174258789 33.407407579245046 3.8263757382519543 4.3016471237642682
leaf_count=189 347 1318 21804 452 687 167 100 517 949 1153 1833
internal_value=2.57106e-09 -0.0142659 -0.0357875 0.0122712 0.0192707 0.0171482 0.025671 0.0280957 0.022661 -0.0334851 -0.0412304
internal_weight=156.481 100.584 55.5408 45.0435 39.0673 5.17837 55.8967 50.9546 39.0804 5.97621 50.3624
internal_count=29516 27761 24151 3610 2005 514 1755 1566 1466 1605 23637
is_linear=0
shrinkage=0.04


Tree=16
num_leaves=13
num_cat=0
split_feature=37 7 3 20 14 11 32 20 18 35 32 7
split_gain=34.2151 17.7813 24.0482 9.68142 7.37488 5.04602 3.77985 2.60915 1.78931 1.49439 5.5759 2.1016
threshold=1.5000000000000002 -0.34505844116210932 0.23801162093877795 0.023532668881506093 0.049949394538998611 0.65149846673011791 0.9744135297326787 0.43288288288288296 0.31755624711513525 0.022773220203816894 0.22923301486199579 -0.45804016292095179
decision_type=2 2 2 2 2 2 2 2 2 2 2 2
left_child=1 9 5 -2 -4 -3 8 -8 -5 10 -1 -11
right_child=3 2 4 6 -6 -7 7 -9 -10 11 -12 -13
leaf_value=-0.014250274179210471 0.038703052183364568 -0.036356036941729307 0.044851358047724318 -0.044073538467369604 0.0061453753582378567 0.0228372341888212 0.034812114085623055 -0.039614111445388824 0.026895722957437168 0.041870418336279747 0.035635516844436978 0.022612596682892394
leaf_weight=5.579632328473962 2.7894762580399393 25.683618512004617 11.320880483719518 31.473223628127016 25.885397905018181 2.5313216695794827 1.792120773228816 1.3005845021689308 0.57886787294410069 18.837553847581145 10.027909661759621 17.480489312554713
leaf_count=369 168 11036 280 14366 1685 396 68 305 67 152 164 460
internal_value=7.52593e-10 0.0106755 -0.00319642 -0.033024 0.0179226 -0.0310455 -0.038717 0.00351343 -0.0427918 0.0281529 0.0178016 0.0326013
internal_weight=155.281 117.347 65.4212 37.9343 37.2063 28.2149 35.1448 3.09271 32.0521 51.9256 15.6075 36.318
internal_count=29516 14542 13397 14974 1965 11432 14806 373 14433 1145 533 612
is_linear=0
shrinkage=0.04


Tree=17
num_leaves=13
num_cat=0
split_feature=37 7 6 19 14 0 38 1 18 11 5 12
split_gain=30.7962 15.3087 21.8143 8.62962 8.54683 5.50279 3.03775 4.07364 1.989 1.58263 5.78554 1.69604
threshold=1.5000000000000002 -0.34505844116210932 0.12575130164623263 0.023532668881506093 0.049949394538998611 -0.081530101597309099 0.94654761904761908 -0.010807216633111237 0.31755624711513525 0.1541758477687836 0.14461392164230349 0.079505693167448058
decision_type=2 2 2 2 2 2 2 2 2 2 2 2
left_child=1 9 5 -2 -4 -3 8 -8 -5 11 -11 -1
right_child=3 2 4 6 -6 -7 7 -9 -10 10 -12 -13
leaf_value=0.023223504183770761 0.033719564805261205 0.016300169895280547 0.044266743578200533 -0.043861719044455787 0.00361607803727669 -0.037496597785351991 0.034198826521417605 -0.041854468033538518 0.029381974533441203 -0.0068857391575603121 0.039662923124975061 0.040924052991307795
leaf_weight=19.753048168146051 2.9480168318841597 3.4962786377873298 12.112109644454902 28.719776084646586 26.124721582746133 23.425349478144199 2.0702275339281186 2.4728664178401223 0.60572957526892324 8.6338053850922751 8.4567485696170461 15.424690648564136
leaf_count=368 166 368 208 13670 1700 11121 172 906 60 575 68 134
internal_value=1.76872e-09 0.0100079 -0.00292745 -0.0319203 0.0164928 -0.0305101 -0.0376337 -0.00719799 -0.0423488 0.0261333 0.0161475 0.0309848
internal_weight=154.243 117.427 65.1585 36.8166 38.2368 26.9216 33.8686 4.54309 29.3255 52.2683 17.0906 35.1777
internal_count=29516 14542 13397 14974 1908 11489 14808 1078 13730 1145 643 502
is_linear=0
shrinkage=0.04


Tree=18
num_leaves=13
num_cat=0
split_feature=37 7 3 2 1 0 32 1 18 35 14 7
split_gain=27.4128 13.3507 20.1879 8.39555 8.00272 4.98048 4.07841 1.94286 1.84487 1.57388 5.70701 1.93837
threshold=1.5000000000000002 -0.34505844116210932 0.23801162093877795 0.050757911056280143 -0.15623670071363446 -0.081530101597309099 0.9744135297326787 -0.014594643842428921 0.31755624711513525 0.022773220203816894 0.033450521528720863 -0.45804016292095179
decision_type=2 2 2 2 2 2 2 2 2 2 2 2
left_child=1 9 5 -4 -2 -3 8 -8 -6 10 -1 -11
right_child=4 2 3 -5 6 -7 7 -9 -10 11 -12 -13
leaf_value=0.031764281430303229 0.041774556160122954 0.014011640007244594 0.038836522909533093 0.00013589525711201261 -0.041297753450435043 -0.035756837930401145 0.03762926740284022 -0.025710537670450138 0.027015243618575963 0.037955023060466261 -0.01876379775910228 0.019553108707510748
leaf_weight=10.064836154575458 2.2952864541439331 3.7283665031427544 15.561219870927742 21.170474345213734 29.950115512299821 23.46732466458343 1.6670568566769364 1.4477157746441651 0.64617466181516547 18.767015653196719 5.5480266504455349 17.888521383167248
leaf_count=161 60 370 392 1573 14475 11062 64 308 67 152 372 460
internal_value=1.75509e-10 0.00944976 -0.00281032 0.0165312 -0.0304953 -0.0289339 -0.0354159 0.00818955 -0.039855 0.0244446 0.0138091 0.0289746
internal_weight=152.202 116.196 63.9274 36.7317 36.0063 27.1957 33.7111 3.11477 30.5963 52.2684 15.6129 36.6555
internal_count=29516 14542 13397 1965 14974 11432 14914 372 14542 1145 533 612
is_linear=0
shrinkage=0.04


Tree=19
num_leaves=12
num_cat=0
split_feature=37 7 6 2 20 0 32 4 35 16 5
split_gain=25.0999 10.5609 19.3973 8.91044 7.48079 7.30306 3.76082 1.96228 4.54598 1.91661 1.85441
threshold=1.5000000000000002 -0.35618126392364496 0.12575130164623263 0.050757911056280143 0.023532668881506093 -0.078090276569128023 0.9744135297326787 -0.021154948510229584 0.022773220203816894 0.86730205278592387 0.0031311996281147008
decision_type=2 2 2 2 2 2 2 2 2 2 2
left_child=1 7 5 -4 -2 -3 9 8 -1 -6 -8
right_child=4 2 3 -5 6 -7 10 -9 -10 -11 -12
leaf_value=-0.0086963768734400308 0.035370975023329233 0.019102257886756315 0.038642846425591432 -8.9872322768709651e-05 -0.041556684239453821 -0.036194752618232122 0.034664394115469961 0.039637998153690283 0.025698461270715473 0.0074736301996666211 -0.027383857929669474
leaf_weight=7.584638508851639 2.6207588384859255 4.5810546812135753 16.910774210351519 21.694131721684244 28.001659780973572 23.044448273663875 1.721686361706815 9.2362672416493279 32.468620623694733 1.3365142905386154 1.3951862059766424
leaf_count=402 168 420 161 1747 13985 11211 77 75 526 448 296
internal_value=-6.65718e-10 0.00899839 -0.00143512 0.0168769 -0.0296356 -0.027025 -0.0348849 0.0230179 0.0191853 -0.0393231 0.00689012
internal_weight=150.596 115.52 66.2304 38.6049 35.0758 27.6255 32.455 49.2895 40.0533 29.3382 3.11687
internal_count=29516 14542 13539 1908 14974 11631 14806 1003 928 14433 373
is_linear=0
shrinkage=0.04


Tree=20
num_leaves=13
num_cat=0
split_feature=37 7 3 1 2 1 32 29 30 18 37 1
split_gain=21.7995 9.61576 17.9807 8.3159 7.33307 6.46427 4.01204 2.10724 6.33965 1.77834 1.72039 1.61203
threshold=1.5000000000000002 -0.35618126392364496 0.23801162093877795 -0.15623670071363446 0.050757911056280143 -0.15623670071363446 0.9744135297326787 0.022684424184262756 1.5000000000000002 0.31755624711513525 1.0000000180025095e-35 -0.014594643842428921
decision_type=2 2 2 2 2 2 2 2 2 2 2 2
left_child=1 7 5 -2 -4 -3 9 10 -9 -5 -1 -8
right_child=3 2 4 6 -6 -7 11 8 -10 -11 -12 -13
leaf_value=0.018577462837215876 0.041376550953642337 0.022276931058882749 0.035282456183967401 -0.039421444685115541 -1.9098392482129329e-05 -0.033718110788566284 0.034581898203640424 0.046381482660362294 -0.021847456162657247 0.026535044949216349 0.03542699899591082 -0.022490187797088328
leaf_weight=22.082836727844551 2.5826961003476745 3.8264796368312117 17.601006584591232 28.392064878484238 20.24328428064473 23.915148491389118 1.7831819994607943 3.5652994608972204 5.6036594678880647 0.66948674060404201 17.284189221449196 1.4243701727828
leaf_count=367 60 176 400 14475 1574 11389 64 11 441 67 184 308
internal_value=6.55699e-10 0.00845584 -0.00153251 -0.0276886 0.0163993 -0.0259946 -0.0332163 0.021953 0.00468299 -0.037902 0.0259753 0.00923803
internal_weight=148.974 114.122 65.5859 34.8518 37.8443 27.7416 32.2691 48.536 9.16896 29.0616 39.367 3.20755
internal_count=29516 14542 13539 14974 1974 11565 14914 1003 452 14542 551 372
is_linear=0
shrinkage=0.04


Tree=21
num_leaves=12
num_cat=0
split_feature=37 7 6 2 0 20 6 28 3 35 14
split_gain=20.537 9.25479 16.3956 7.97421 6.32079 6.19351 3.85676 2.93073 2.14324 2.56081 0.441169
threshold=1.5000000000000002 -0.35618126392364496 0.12575130164623263 0.050757911056280143 -0.078090276569128023 0.023532668881506093 0.14628989994525912 0.50794738531112682 -0.058570742607116692 0.022773220203816894 0.001737874932587147
decision_type=2 2 2 2 2 2 2 2 2 2 2
left_child=1 8 4 -4 -3 -2 10 -8 9 -1 -7
right_child=5 2 3 -5 -6 6 7 -9 -10 -11 -12
leaf_value=0.0072422479343329021 0.033049926162799156 0.016761097940398845 0.035602732163694903 -0.0012634801733151474 -0.034564622616146158 0.0040257914423818359 0.017331041187906179 -0.037467111845994584 0.0037594266375990588 0.03116636964749982 -0.040126140843224259
leaf_weight=9.4091105576371756 2.5097234849818042 4.6437939730240059 16.95415437174961 21.034062765014824 22.152625559072476 0.36756430182140931 3.8646937279263502 2.6203771395375952 8.9523961204104108 29.928450688254088 24.347303168440703
leaf_count=357 168 420 161 1747 11211 175 366 917 282 364 13348
internal_value=-1.0924e-10 0.00816926 -0.00171065 0.0151899 -0.0256699 -0.0274027 -0.0322655 -0.00481086 0.0214239 0.025444 -0.0394695
internal_weight=146.784 113.075 64.7846 37.9882 26.7964 33.7097 31.1999 6.48507 48.29 39.3376 24.7149
internal_count=29516 14542 13539 1908 11631 14974 14806 1283 1003 721 13523
is_linear=0
shrinkage=0.04


Tree=22
num_leaves=15
num_cat=0
split_feature=37 7 32 32 1 34 17 18 16 7 8 3 4 34
split_gain=18.8171 8.34985 14.9134 6.25041 5.94973 5.90266 4.49309 2.23243 1.98745 5.36873 1.87706 1.21161 0.835943 0.467861
threshold=1.5000000000000002 -0.35618126392364496 0.85480524695489235 0.96578269523475013 -0.15623670071363446 0.74472536277040868 -0.013673936948180197 0.31755624711513525 0.28708791208791212 -0.48934625089168543 -0.5822719633579253 0.45705455541610723 -0.32113014161586756 0.013057686842853085
decision_type=2 2 2 2 2 2 2 2 2 2 2 2 2 2
left_child=1 8 4 -4 -3 7 12 13 9 -1 -10 -8 -7 -2
right_child=5 2 3 -5 -6 6 11 -9 10 -11 -12 -13 -14 -15
leaf_value=0.031497775545113363 0.0050716478997392608 0.022320369417637379 0.02409759939119497 -0.013625409670302777 -0.032084583892074713 0.046397010693884189 -0.034605977073985147 0.030562384446304078 0.014068525867272107 -0.018237115399644972 0.033323305358632635 0.0099209145030550953 0.011901811072511712 -0.0410948710312442
leaf_weight=7.271065688226372 0.35705223691184684 3.7401716395979774 28.094298862793949 9.3721681069000606 22.956555075652432 2.1638143917662092 4.487037774466442 0.73435808694921334 13.411895972210909 6.6477146534016338 20.455809445353228 1.2502080441918222 2.3391468123300001 21.510668185772374
leaf_count=106 178 163 1498 628 11250 64 1972 61 290 331 276 244 407 12048
internal_value=-2.38627e-11 0.00781033 -0.00161719 0.0146613 -0.0244625 -0.0266231 -0.00142971 -0.0380374 0.0204687 0.00774402 0.0256983 -0.0249031 0.0284778 -0.0403411
internal_weight=144.792 111.95 64.1632 37.4665 26.6967 32.8423 10.2402 22.6021 47.7865 13.9188 33.8677 5.73725 4.50296 21.8677
internal_count=29516 14542 13539 2126 11413 14974 2687 12287 1003 437 566 2216 471 12226
is_linear=0
shrinkage=0.04


Tree=23
num_leaves=13
num_cat=0
split_feature=37 22 7 15 0 34 30 33 6 28 32 28
split_gain=16.6415 8.68958 7.52631 10.2713 6.28232 4.264 6.74909 4.88594 4.07482 2.88586 2.36421 0.723575
threshold=1.5000000000000002 -0.057706903666257851 -0.36971484124660486 68.123432159423842 -0.10041116923093794 0.14652426971227764 4.5000000000000009 0.054483611626468774 0.14628989994525912 0.50794738531112682 0.20532757805108801 0.088531173765659346
decision_type=2 2 2 2 2 2 2 2 2 2 2 2
left_child=1 5 10 -4 -2 7 -7 -1 11 -10 -3 -6
right_child=4 2 3 -5 8 6 -8 -9 9 -11 -12 -13
leaf_value=-0.10097112992971759 0.036698396400425229 0.0051996347122858456 -0.025840409427584223 0.012139371247781302 0.00051749073240593278 0.031175403668916579 -0.029791672653263608 0.0099498839234293101 0.01890325196744987 -0.035839259530564695 0.030514386307730876 -0.038897709610011828
leaf_weight=0.90935932612046544 2.4434599069645619 12.267530431388879 27.802739730395842 19.303161221556365 0.77004298369866475 34.004627247340977 3.1765819447464301 2.1089822974172421 4.0407874860684379 2.4904299288755283 11.377227314864284 23.103809924272355
leaf_count=36 103 377 9913 1435 389 1479 633 494 364 899 175 13219
internal_value=2.44367e-09 0.00740411 -0.00103391 -0.010277 -0.0250083 0.0222549 0.0259667 -0.0234682 -0.0299673 -0.00197071 0.0173804 -0.0376264
internal_weight=143.799 110.95 70.7507 47.1059 32.8485 40.1996 37.1812 3.01834 30.4051 6.53122 23.6448 23.8739
internal_count=29516 14542 11900 11348 14974 2642 2112 530 14871 1263 552 13608
is_linear=0
shrinkage=0.04


Tree=24
num_leaves=12
num_cat=0
split_feature=37 22 7 15 20 20 13 6 10 14 16
split_gain=16.3836 8.66826 6.86233 12.0075 5.75346 4.52426 5.32532 3.60849 3.4731 2.50682 0.581971
threshold=1.5000000000000002 -0.057706903666257851 -0.43378812074661249 68.123432159423842 0.023532668881506093 0.3176274944567628 1.2303006052970888 0.14628989994525912 0.056158121675252921 0.052573457360267646 0.91121951219512209
decision_type=2 2 2 2 2 2 2 2 2 2 2
left_child=1 5 -3 -4 -2 8 -7 10 -1 -9 -6
right_child=4 2 3 -5 7 6 -8 9 -10 -11 -12
leaf_value=0.01509431304350285 0.031614340775738638 0.022667872715103076 -0.02285718933158434 0.015070139226806936 -0.038404485465065759 -0.045318923774050036 0.026448726926797748 0.021199001098188664 0.040911067166344968 -0.028310092907140084 0.0075829584821759544
leaf_weight=16.430318019236438 2.632136939209885 15.252468460821545 33.24753120681271 22.323119431559462 22.680513047671418 3.1802820702432646 3.4476119102328084 3.2312325211241832 16.926936415198725 3.3151909611187875 0.4490102221025144
leaf_count=1067 168 246 10209 1445 13278 953 232 310 390 973 245
internal_value=9.13699e-12 0.00730785 -0.00109839 -0.00762152 -0.025064 0.0221973 -0.00798776 -0.0300911 0.0281949 -0.00387303 -0.0375117
internal_weight=143.116 110.808 70.8231 55.5707 32.3081 39.9851 6.62789 29.6759 33.3573 6.54642 23.1295
internal_count=29516 14542 11900 11654 14974 2642 1185 14806 1457 1283 13523
is_linear=0
shrinkage=0.04


Tree=25
num_leaves=12
num_cat=0
split_feature=37 22 15 7 19 15 12 20 6 14 22
split_gain=15.1709 7.94246 6.46069 8.57622 5.21168 4.42649 4.15462 4.15409 3.42889 2.36841 1.13791
threshold=1.5000000000000002 -0.057706903666257851 86.316814422607436 -0.36971484124660486 0.023532668881506093 17.860852241516117 0.13780099898576739 0.30810147299509011 0.25683976709842687 0.049162954092025764 0.13383416086435321
decision_type=2 2 2 2 2 2 2 2 2 2 2
left_child=1 5 3 -3 -2 6 -1 -7 10 -10 -6
right_child=4 2 -4 -5 8 7 -8 -9 9 -11 -12
leaf_value=-0.065984561002156009 0.028561949090290539 0.015327906109325317 0.046885208468736908 -0.014794991299695383 -0.037474833050113995 0.030463332856619917 0.034546650175032001 -0.008081990448277971 0.042041250013538908 -0.021939462450658583 -0.0081448180001927745
leaf_weight=1.710873574134893 2.7137518413655952 23.425441950676031 4.2279689968272569 42.665380187827395 22.777734365867225 31.63576165959239 1.0685153595695736 5.2103323691990218 1.653655357891693 2.1029603066272102 2.333219517255201
leaf_count=372 166 552 68 11280 13339 1159 82 1029 67 584 818
internal_value=2.85172e-10 0.00701902 -0.00105152 -0.00411814 -0.0244354 0.0213409 -0.0273361 0.0250127 -0.0294175 0.00622473 -0.0347496
internal_weight=141.526 109.944 70.3188 66.0908 31.5813 39.6255 2.77939 36.8461 28.8676 3.75662 25.111
internal_count=29516 14542 11900 11832 14974 2642 454 2188 14808 651 14157
is_linear=0
shrinkage=0.04


Tree=26
num_leaves=11
num_cat=0
split_feature=37 22 15 7 0 6 6 8 14 0
split_gain=13.2722 7.99596 6.54011 7.52417 4.93417 3.69345 3.63679 6.96623 2.3705 1.28861
threshold=1.5000000000000002 -0.057706903666257851 86.316814422607436 -0.36971484124660486 -0.10041116923093794 0.25683976709842687 0.1573855206370354 -0.44749119877815241 0.049162954092025764 -0.059814952313899987
decision_type=2 2 2 2 2 2 2 2 2 2
left_child=1 6 3 -3 -2 9 7 -1 -7 -6
right_child=4 2 -4 -5 5 8 -8 -9 -10 -11
leaf_value=0.02201003901335943 0.033988897083056802 0.013277376228808507 0.04559910012666437 -0.015094685136013463 -0.0021200667217761734 0.041871310515652641 0.041759390377736925 -0.032607433088454991 -0.020724261931527287 -0.035936248310795518
leaf_weight=25.052137891674647 2.2452330780215588 23.443929070956074 4.395515462732873 41.304028139420552 1.9574985351646379 1.8250949688954272 10.023532013408838 4.3913635152275701 2.0612268958939239 22.842755280173151
leaf_count=914 103 552 68 11280 566 67 65 1663 581 13657
internal_value=-7.3055e-10 0.00658332 -0.00161643 -0.00482173 -0.023116 -0.0275854 0.0209487 0.0138641 0.00867188 -0.0332671
internal_weight=139.542 108.611 69.1435 64.748 30.9318 28.6866 39.467 29.4435 3.88632 24.8003
internal_count=29516 14542 11900 11832 14974 14871 2642 2577 648 14223
is_linear=0
shrinkage=0.04


Tree=27
num_leaves=11
num_cat=0
split_feature=37 22 15 7 20 33 6 8 33 32
split_gain=11.7507 7.02719 6.11556 7.02522 4.43718 4.00309 3.34006 5.898 2.22072 1.6402
threshold=1.5000000000000002 -0.057706903666257851 86.316814422607436 -0.36971484124660486 0.023532668881506093 0.94152390163028477 0.1573855206370354 -0.45295684039592737 0.95517604286261015 0.98449519230769245
decision_type=2 2 2 2 2 2 2 2 2 2
left_child=1 6 3 -3 -2 9 7 -1 -7 -6
right_child=4 2 -4 -5 5 8 -8 -9 -10 -11
leaf_value=0.020436714617718125 0.029025187221107824 0.012791611964803115 0.04418496886719963 -0.014723417023577295 -0.034981081200823522 0.036919993688973751 0.039893436927633572 -0.03027736458214195 -0.019089067030012494 0.031968009347521698
leaf_weight=24.869148412166396 2.5041362368792788 23.42014919675421 4.3838178630685425 40.559427621221403 22.707397793128628 2.1792510800296432 9.8503710606601071 4.3042071357485865 2.3584295297332574 0.60099902102956448
leaf_count=872 168 552 68 11280 13919 177 65 1705 672 38
internal_value=-7.09286e-10 0.00621113 -0.00151972 -0.00465136 -0.0219766 -0.0265631 0.0197544 0.0129544 0.00780965 -0.0332548
internal_weight=137.737 107.387 68.3634 63.9796 30.3502 27.8461 39.0237 29.1734 4.53768 23.3084
internal_count=29516 14542 11900 11832 14974 14806 2642 2577 849 13957
is_linear=0
shrinkage=0.04


Tree=28
num_leaves=13
num_cat=0
split_feature=37 22 15 7 10 0 4 20 20 22 16 26
split_gain=9.80766 6.62085 6.04996 5.86979 4.75026 3.6752 3.49632 3.41683 3.10598 1.06806 1.02703 0.746148
threshold=1.5000000000000002 -0.057706903666257851 86.316814422607436 -0.36971484124660486 0.1953934580087662 -0.12151234224438666 -0.43551515042781824 0.3176274944567628 0.42956349206349215 0.13768982887268069 0.91121951219512209 -0.18980473279953
decision_type=2 2 2 2 2 2 2 2 2 2 2 2
left_child=1 6 3 -3 5 -2 -1 -8 11 -7 -10 -6
right_child=4 2 -4 -5 8 9 7 -9 10 -11 -12 -13
leaf_value=-0.021046141207184049 0.042495833904872334 0.010784691029773528 0.043080745570269328 -0.014571511012925783 0.044152892312680686 -0.036489638603975236 0.027628984166993595 -0.0075320387831840424 -0.022283034382653572 0.017334989759972223 0.037668043037827371 0.0079048950872338385
leaf_weight=3.217633743886835 1.0358726307749773 23.29007535323035 4.4644376837532027 39.182569155469537 2.4579845543485139 18.966945508029319 30.310900232812855 5.1773292096622745 4.7021576589031611 0.60879822846618381 0.50644851353717957 1.4414496774843408
leaf_count=137 21 552 68 11280 220 12110 1358 1147 2190 94 69 270
internal_value=8.243e-10 0.00571078 -0.0019039 -0.00511861 -0.0202998 -0.0309303 0.0188794 0.0224994 0.00375714 -0.0348157 -0.0164538 0.0307536
internal_weight=135.363 105.643 66.9371 62.4726 29.7197 20.6116 38.7059 35.4882 9.10804 19.5757 5.20861 3.89943
internal_count=29516 14542 11900 11832 14974 12225 2642 2505 2749 12204 2259 490
is_linear=0
shrinkage=0.04


Tree=29
num_leaves=14
num_cat=0
split_feature=37 22 15 7 10 0 22 30 28 20 31 13 4
split_gain=8.65649 6.16388 6.04106 5.37508 4.60535 3.91099 3.67507 6.06062 2.88858 2.05035 0.935392 0.383215 0.269622
threshold=1.5000000000000002 -0.057706903666257851 86.316814422607436 -0.43378812074661249 0.1953934580087662 -0.12151234224438666 -0.067070212215185152 4.5000000000000009 0.50794738531112682 0.65986111111111123 0.95841977869986184 0.98123478889465343 -0.30712936818599695
decision_type=2 2 2 2 2 2 2 2 2 2 2 2 2
left_child=1 6 3 -3 5 -2 7 -1 9 -6 -7 -10 -8
right_child=4 2 -4 -5 8 10 12 -9 11 -11 -12 -13 -14
leaf_value=0.01628370842089855 0.041909043079508351 0.015720971574879748 0.042570310743711294 -0.01196610547730783 0.03386602827140086 -0.036019707804900991 0.045725412631374585 -0.050149913401524387 -0.014280131937299925 -0.018587667881551823 0.014197774165659519 -0.042617506391213186 0.032657836880695824
leaf_weight=26.101369534299014 1.1400045520858864 14.755279490258543 4.5220012188656247 46.81027607418946 4.5131504765595292 18.243113171105513 4.7058425996510778 2.3991077415412283 1.6323009958141486 1.6204246604756916 0.61343286780174722 1.4346732072299344 5.4545200273860228
leaf_count=1662 21 246 68 11586 492 12081 34 638 791 724 123 742 308
internal_value=1.97354e-09 0.00536863 -0.00205283 -0.00533041 -0.0192606 -0.0300365 0.018055 0.0106915 0.00415963 0.0200083 -0.0343861 -0.0275358 0.0387102
internal_weight=133.945 104.748 66.0876 61.5656 29.1971 19.9966 38.6608 28.5005 9.20055 6.13358 18.8565 3.06697 10.1604
internal_count=29516 14542 11900 11832 14974 12225 2642 2300 2749 1216 12204 1533 342
is_linear=0
shrinkage=0.04


Tree=30
num_leaves=11
num_cat=0
split_feature=30 21 15 7 14 11 9 10 13 36
split_gain=7.64287 5.99985 4.9273 6.22735 4.45056 2.82681 3.58875 0.565964 0.437949 0.299466
threshold=5.5000000000000009 0.070598006644518277 86.316814422607436 -0.3951760977506637 0.099043328315019621 0.44375686347484594 1.0000000180025095e-35 0.32034492492675787 0.91648095846176159 0.39446839080459778
decision_type=2 2 2 2 2 2 2 2 2 2
left_child=1 5 3 -3 7 6 -1 9 -9 -2
right_child=4 2 -4 -5 -6 -7 -8 8 -10 -11
leaf_value=0.025399908882204572 -0.024230599158554158 0.013428410374185153 0.038371751576633049 -0.0090492767633645072 0.041466997178894467 0.043750222313903721 -0.027073747350603285 0.023458710020434644 -0.031267560095070659 -0.041464848371177136
leaf_weight=7.8350532790063898 1.9503749872092129 27.733441194228362 4.9493823330267324 68.255279942619381 1.3142624647007313 7.2862980010104357 2.8416926394857001 0.43139691132819358 0.51122610177844763 9.3307534996711166
leaf_count=345 1469 766 149 19765 121 64 540 139 232 5926
internal_value=-1.3988e-09 0.00324238 -0.000548142 -0.00255493 -0.0284771 0.0245421 0.0114337 -0.0359973 -0.00622176 -0.0384852
internal_weight=132.439 118.901 100.938 95.9887 13.538 17.963 10.6767 12.2238 0.942623 11.2811
internal_count=29516 21629 20680 20531 7887 949 885 7766 371 7395
is_linear=0
shrinkage=0.04


Tree=31
num_leaves=13
num_cat=0
split_feature=30 18 13 30 13 4 14 15 10 9 13 36
split_gain=6.94056 5.90202 7.19207 6.55075 9.25795 4.47419 4.23523 1.97078 0.588535 0.484005 0.426321 0.300811
threshold=5.5000000000000009 -0.0015523305628448723 0.24946593493223193 3.5000000000000004 0.76206555962562572 -0.0020328471437096591 0.099043328315019621 73.846855163574233 0.32034492492675787 26.500000000000004 0.91648095846176159 0.39446839080459778
decision_type=2 2 2 2 2 2 2 2 2 2 2 2
left_child=1 2 9 4 -3 -5 8 -4 11 -1 -10 -2
right_child=6 3 7 5 -6 -7 -8 -9 10 -11 -12 -13
leaf_value=0.013709111434165934 -0.023376442445216476 0.016829743878932404 -0.033415343486855667 0.004323064346950436 -0.026851967272072456 0.025214269902704207 0.040170039032320533 0.011190008758469035 0.023288037064141988 0.039397211047380747 -0.030521190178208847 -0.040925498568974573
leaf_weight=2.1948635847365976 1.8932069338043191 13.792872867663393 14.653268454101637 33.937090092484141 17.757814080046955 31.745673413330223 1.3261120043462131 1.7770359609858122 0.4490118609392092 2.5220837753149681 0.49561853948398493 8.9550893079140206
leaf_count=263 1469 1735 4924 6724 5462 2307 121 143 139 71 232 5926
internal_value=-5.10546e-11 0.00305918 -0.0160922 0.00722441 -0.00775583 0.0144202 -0.0276048 -0.028591 -0.035226 0.0274442 -0.00494401 -0.0378629
internal_weight=131.5 118.381 21.1473 97.2335 31.5507 65.6828 13.119 16.4303 11.7929 4.71695 0.94463 10.8483
internal_count=29516 21629 5401 16228 7197 9031 7887 5067 7766 334 371 7395
is_linear=0
shrinkage=0.04


Tree=32
num_leaves=14
num_cat=0
split_feature=37 22 15 7 10 0 15 20 12 28 20 3 13
split_gain=6.7365 5.27982 5.44105 5.13865 4.63845 3.22639 3.11043 3.50316 3.06616 2.7464 1.94674 1.07535 0.396913
threshold=1.5000000000000002 -0.057706903666257851 86.316814422607436 -0.36971484124660486 0.1953934580087662 -0.12151234224438666 17.860852241516117 0.30810147299509011 0.13780099898576739 0.50794738531112682 0.43288288288288296 0.31696602702140814 0.98123478889465343
decision_type=2 2 2 2 2 2 2 2 2 2 2 2 2
left_child=1 6 3 -3 5 -2 8 -8 -1 10 -6 -7 -11
right_child=4 2 -4 -5 9 11 7 -9 -10 12 -12 -13 -14
leaf_value=-0.060663436627216467 0.040098379241447553 0.0096461665113189432 0.039282498684865712 -0.01441914027086739 0.039454985991724402 -0.03501398567200581 0.025147672618573279 -0.0106919060006054 0.030367888503484975 -0.012400471563631594 -0.0055441186239048191 0.0076656465199122113 -0.041540487239420484
leaf_weight=1.5628082216426258 1.0322664754930908 22.809575457358733 4.7150995484844307 37.597050434007542 3.6980468240217288 16.901145161973552 29.672234141791705 5.1160827160638283 0.95304362545721222 1.6464608988026159 2.6337593997304793 1.000466443132608 1.370357254927512
leaf_count=372 21 552 68 11280 255 12033 1159 1029 82 791 961 171 742
internal_value=-3.35083e-09 0.00477176 -0.00210178 -0.00533207 -0.0172811 -0.0286637 0.0167709 0.019877 -0.0261794 0.00577222 0.0207373 -0.0326288 -0.025637
internal_weight=130.708 102.426 65.1217 60.4066 28.2825 18.9339 37.3042 34.7883 2.51585 9.34862 6.33181 17.9016 3.01682
internal_count=29516 14542 11900 11832 14974 12225 2642 2188 454 2749 1216 12204 1533
is_linear=0
shrinkage=0.04


Tree=33
num_leaves=14
num_cat=0
split_feature=6 6 14 2 33 4 2 1 25 33 36 6 18
split_gain=6.70746 17.6479 6.60674 4.96168 5.30125 4.0735 3.97078 2.76099 2.9243 1.94953 1.44802 4.00228 0.390674
threshold=0.10055604577064516 -0.081341613084077821 0.049949394538998611 -0.19191695004701612 0.17570394662444874 1.0135126113891604 0.021712705492973331 0.079822521656751647 0.026032090187072757 0.037113559840832575 0.71350928562833438 0.23052608966827395 0.038354802876710899
decision_type=2 2 2 2 2 2 2 2 2 2 2 2 2
left_child=1 3 10 -1 -5 6 -4 9 -9 -3 12 -12 -2
right_child=2 7 5 4 -6 -7 -8 8 -10 -11 11 -13 -14
leaf_value=-0.063120664573750374 0.03172788267698156 -0.07777633784838385 0.031297175578331289 0.016070199087576707 -0.019148884383451505 -0.065093637598847315 -0.0042796533840275394 0.020769220674396287 -0.031752459924444129 -0.032367549612397489 -0.0475168036552596 0.042853940956841752 0.045849332037567095
leaf_weight=1.5184661593521003 5.7957570230937581 1.6106902527972149 6.6586846127756933 41.590157598053338 8.1837652536923979 1.4170828210189927 20.390351031062892 3.2610729706066186 3.5345371795119718 24.880492529133335 1.2340895514353172 2.1503826541593298 6.8266675162012689
leaf_count=180 253 243 157 2504 3751 210 3016 983 1918 15682 449 77 93
internal_value=7.2031e-11 -0.00661261 0.0125759 0.00810657 0.0102795 0.00101494 0.00447833 -0.0292937 -0.00654839 -0.0351284 0.0331356 0.0099018 0.0393653
internal_weight=129.052 84.5792 44.473 51.2924 49.7739 28.4661 27.049 33.2868 6.79561 26.4912 16.0069 3.38447 12.6224
internal_count=29516 25261 4255 6435 6255 3383 3173 18826 2901 15925 872 526 346
is_linear=0
shrinkage=0.04


Tree=34
num_leaves=15
num_cat=0
split_feature=6 6 14 15 0 37 30 11 1 25 7 33 36 6
split_gain=6.35297 16.2933 6.31143 4.61843 4.71164 3.69763 6.15895 3.68737 2.72765 2.72235 1.49873 1.49798 1.43367 3.69915
threshold=0.10055604577064516 -0.081341613084077821 0.049949394538998611 13.639802455902101 0.050046924501657493 1.0000000180025095e-35 3.5000000000000004 0.63654959201812755 0.079822521656751647 0.026032090187072757 -0.35618126392364496 0.037113559840832575 0.71350928562833438 0.23052608966827395
decision_type=2 2 2 2 2 2 2 2 2 2 2 2 2 2
left_child=1 3 12 10 -5 7 -7 -4 11 -10 -1 -3 -2 -14
right_child=2 8 5 4 -6 6 -8 -9 9 -11 -12 -13 13 -15
leaf_value=-0.08700442924606519 0.038142000735486549 -0.073315383198086975 -0.052222438002042411 0.013045763182252939 -0.043124188992613215 -0.037053270867788257 0.020227015204487626 0.0023307898289030952 0.020099217617743474 -0.030636492674098733 -0.019758991095928338 -0.032028689379845383 -0.046431385118694019 0.040596583481983924
leaf_weight=0.95866142609156701 12.886547386035092 1.491702445186095 3.6044364690023958 46.411914696742315 2.5190600429777978 3.6656855440523968 16.624145114561543 4.4053270644508302 3.302441120351431 3.4702817150391638 1.1867669692437619 24.493756105381181 1.230296682333573 2.1420028965221718
leaf_count=97 346 243 649 5079 567 899 1446 389 983 1918 692 15682 449 77
internal_value=-1.19413e-09 -0.00648681 0.0122046 0.00763541 0.010154 0.000793885 0.00987841 -0.0222185 -0.0285061 -0.0058973 -0.0498069 -0.0343988 0.0320658 0.00884667
internal_weight=128.393 83.8346 44.5584 51.0764 48.931 28.2996 20.2898 8.00976 32.7582 6.77272 2.14543 25.9855 16.2588 3.3723
internal_count=29516 25261 4255 6435 5646 3383 2345 1038 18826 2901 789 15925 872 526
is_linear=0
shrinkage=0.04


Tree=35
num_leaves=15
num_cat=0
split_feature=3 7 14 2 3 4 10 32 28 13 14 14 2 1
split_gain=6.19314 14.9083 5.56009 4.53914 6.53354 4.41854 8.29002 3.8594 2.91909 2.45977 2.00898 1.3545 2.70685 0.656639
threshold=0.23801162093877795 -0.28443440794944758 0.049949394538998611 0.050757911056280143 0.5019168257713319 -0.46173810958862299 0.77491721510887157 0.02790758047767394 0.094905186444520964 1.2303006052970888 0.055625556036829955 0.043334743008017547 0.34917017817497259 0.14031378179788592
decision_type=2 2 2 2 2 2 2 2 2 2 2 2 2 2
left_child=1 5 11 9 -5 6 -1 -7 10 -4 -3 12 -2 -10
right_child=2 8 3 4 -6 7 -8 -9 13 -11 -12 -13 -14 -15
leaf_value=-0.078298870513251712 -0.014698841023778502 -0.037513003744925791 0.0045675477199928682 -0.039673923835476847 0.010126211215433592 0.029171128074240792 0.027867862016029525 0.0041027542808574893 -0.030458989261432288 0.048586303187157065 0.029182470915319059 0.039720727881270346 0.047263767838065303 -0.011361331136872994
leaf_weight=2.5056300351279779 2.4647102722665286 1.0204599790740752 4.1405113324290159 7.0771720680349999 10.422821280895731 14.542724209022706 2.2189249703660607 30.298083354660776 30.763613358198199 3.986948296893388 2.4757191303069703 10.712789224344304 2.0800168293062598 3.1782223313057321
leaf_count=304 404 658 340 1514 1072 237 22 3135 19434 32 439 295 17 1613
internal_value=2.48536e-10 -0.00603411 0.0128406 0.00145889 -0.0100135 0.00835628 -0.0284368 0.0122329 -0.025086 0.0261611 0.00971549 0.0319581 0.01366 -0.0286707
internal_weight=127.888 87.0034 40.885 25.6275 17.5 49.5654 4.72456 44.8408 37.438 8.12746 3.49618 15.2575 4.54473 33.9418
internal_count=29516 25842 3674 2958 2586 3698 326 3372 22144 372 1097 716 421 21047
is_linear=0
shrinkage=0.04


Tree=36
num_leaves=14
num_cat=0
split_feature=3 8 37 32 32 35 32 30 35 27 22 28 15
split_gain=6.31972 13.4211 5.22883 4.7969 4.83517 4.25763 4.24897 4.21487 3.84541 2.53396 0.795069 0.907212 0.532411
threshold=0.23801162093877795 -0.40993164479732508 1.0000000180025095e-35 0.98264633916807842 0.8200418410041842 0.13561354577541354 0.51521767897313764 1.5000000000000002 -0.0033288671402260657 0.54417744278907787 0.061716984957456596 0.094905186444520964 2.6683893203735356
decision_type=2 2 2 2 2 2 2 2 2 2 2 2 2
left_child=1 5 8 4 -4 6 -1 -7 -2 -10 12 -12 -3
right_child=2 10 3 -5 -6 7 -8 -9 9 -11 11 -13 -14
leaf_value=0.012091224221804505 0.027987853100950987 -0.001206543641682293 -0.026329257918813111 -0.027560565332651294 0.03046587467747127 0.04120534168597878 -0.048643619458959828 -0.04198070284472738 -0.063807149136707542 -0.011548166922708556 0.038628972099637469 -0.018937132652105986 -0.031710566069162442
leaf_weight=46.615025984996464 2.4793997622327879 0.95243237121031299 2.6362379558850106 3.0266976804123251 26.575884467049036 1.213448085123672 1.9188753232883744 4.9500336451455951 2.3429558880161476 4.0520399849046953 0.47334686183603381 5.8692452031827997 23.601202338570147
leaf_count=4162 127 571 1320 290 1056 18 596 1065 308 573 194 2974 16262
internal_value=-6.63178e-10 -0.00619126 0.0128896 0.0203739 0.0253404 0.005713 0.00968996 -0.0256033 -0.0142993 -0.0306945 -0.0272661 -0.014641 -0.0305273
internal_weight=126.707 85.5936 41.1132 32.2388 29.2121 54.6974 48.5339 6.16348 8.8744 6.395 30.8962 6.34259 24.5536
internal_count=29516 25842 3674 2666 2376 5841 4758 1083 1008 881 20001 3168 16833
is_linear=0
shrinkage=0.04


Tree=37
num_leaves=15
num_cat=0
split_feature=3 7 14 33 21 8 35 35 30 28 14 36 6 27
split_gain=6.9572 12.9379 4.83116 4.12426 4.58455 3.69506 3.35302 3.87034 3.60372 2.83236 1.79693 1.4749 3.37969 0.705588
threshold=0.23801162093877795 -0.28443440794944758 0.049949394538998611 0.89484741264927037 0.070598006644518277 -0.074222166091203676 0.13561354577541354 0.022773220203816894 1.5000000000000002 0.094905186444520964 0.055625556036829955 0.71350928562833438 0.23052608966827395 0.45740367472171789
decision_type=2 2 2 2 2 2 2 2 2 2 2 2 2 2
left_child=1 6 11 4 -4 -5 7 -1 -8 10 -3 -2 -13 -11
right_child=2 9 3 5 -6 -7 8 -9 -10 13 -12 12 -14 -15
leaf_value=-0.0052509939220657014 0.037555847880383054 -0.036501853902282021 0.045856059859852048 0.02058848764091168 -0.0382310162610408 -0.025011859393100071 0.039605060061582271 0.019672979060323181 -0.040690412962198171 -0.012357288757917667 0.027904351098387237 -0.046138889166727967 0.038288125502134569 -0.030372568153643736
leaf_weight=15.638862953841452 12.145184485998469 0.96172342571662683 1.2633033586316766 15.997763554740233 5.8022778437007219 3.457706155604682 1.1431080684415054 27.493994070973713 4.1089675538241863 3.9524699369940199 2.4814483383088373 1.1992438304005184 2.0648652706295252 29.005889361957088
leaf_count=1673 211 658 34 619 1893 412 27 1272 726 2869 439 434 71 18178
internal_value=-1.55739e-09 -0.00659115 0.0133278 0.00297836 -0.0231965 0.0124842 0.00696181 0.0106362 -0.0232142 -0.0246057 0.00991485 0.0311403 0.00726938 -0.0282121
internal_weight=126.717 84.7865 41.9303 26.5211 7.06558 19.4555 48.3849 43.1329 5.25208 36.4015 3.44317 15.4093 3.26411 32.9584
internal_count=29516 25842 3674 2958 1927 1031 3698 2945 753 22144 1097 716 505 21047
is_linear=0
shrinkage=0.04


Tree=38
num_leaves=15
num_cat=0
split_feature=3 8 14 2 13 32 7 9 7 14 2 22 28 12
split_gain=6.48613 12.1234 4.41953 4.00221 6.11931 3.29036 3.24102 2.38882 1.48908 1.39826 2.30659 0.819358 0.86602 0.63571
threshold=0.23801162093877795 -0.40993164479732508 0.049949394538998611 0.050757911056280143 1.0291330814361574 0.51521767897313764 -0.48934625089168543 26.500000000000004 -0.35618126392364496 0.043334743008017547 0.34917017817497259 0.061716984957456596 0.16912335157394412 0.16938443481922152
decision_type=2 2 2 2 2 2 2 2 2 2 2 2 2 2
left_child=1 5 9 7 -5 6 -1 -4 -7 10 -2 13 -13 -3
right_child=2 11 3 4 -6 8 -8 -9 -10 -11 -12 12 -14 -15
leaf_value=0.022472075345250003 -0.013945721203332467 -0.020430182372359797 0.0033035631403274777 0.011509747637773775 -0.035768119328965398 -0.084683577226120951 0.00044819220127013558 0.046556180033686792 -0.015524521834364867 0.037870839416795338 0.04481871759252104 0.0098967866453759049 -0.023276007414633777 -0.034738729090316819
leaf_weight=15.073477368045131 2.5123061320628031 7.1506822821975282 3.85127313854173 10.958365179365503 7.2971908199833697 0.86746497207786921 36.770167583832517 4.3514027143828571 1.1699597018014163 10.779030623321885 1.8598942575044928 1.7388272989483073 4.5646511646336876 16.27645296297851
leaf_count=309 404 4887 351 1182 1404 75 4834 21 623 295 17 886 2282 11946
internal_value=1.31885e-09 -0.00642209 0.0129048 0.00303984 -0.00738837 0.00489206 0.00685161 0.0262485 -0.0449701 0.0301317 0.0110521 -0.0269268 -0.0141252 -0.0303713
internal_weight=125.221 83.6117 41.6095 26.4582 18.2556 53.8811 51.8436 8.20268 2.03742 15.1512 4.3722 29.7306 6.30348 23.4271
internal_count=29516 25842 3674 2958 2586 5841 5143 372 698 716 421 20001 3168 16833
is_linear=0
shrinkage=0.04


Tree=39
num_leaves=15
num_cat=0
split_feature=3 7 34 5 4 32 35 35 14 28 9 19 29 15
split_gain=6.00689 11.2571 4.42502 6.36005 4.22475 3.81319 2.84624 3.31607 3.31135 2.67172 1.98616 1.67787 0.885517 0.717363
threshold=0.23801162093877795 -0.28443440794944758 0.80040650406504077 0.04498309642076493 0.66136768460273754 0.8200418410041842 0.13561354577541354 0.022773220203816894 0.041172510012984283 0.094905186444520964 27.500000000000004 0.050641025641025648 0.018638854846358303 1.0000000180025095e-35
decision_type=2 2 2 2 2 2 2 2 2 2 2 2 2 2
left_child=1 6 4 10 5 -2 7 -1 -8 11 -4 -3 -5 -11
right_child=2 9 3 12 -6 -7 8 -9 -10 13 -12 -13 -14 -15
leaf_value=-0.0047777756716522483 -0.020235379813640448 0.043161753950377434 0.0015868058623322041 -0.062168063789327328 -0.034466981384744251 0.031041425681137502 0.029126910514728137 0.018255882408803187 -0.042362152889393184 0.013603929298422612 0.04410647421246057 -0.013577589804308152 -0.027466732398692656 -0.027967086136042943
leaf_weight=15.859988128300754 2.5780078587122324 1.4311063353670754 5.8779169133049418 2.2138377016526638 1.9973026872612525 23.223574506177101 1.4517381121404458 27.067932403122541 3.6259942728793249 0.67875763616757723 2.5076154388953 1.9982438511215148 2.5112335171434097 30.89823075660388
leaf_count=1673 1266 22 500 421 157 735 62 1272 691 389 19 1075 576 20658
internal_value=-2.61873e-10 -0.00618234 0.012545 -0.00661115 0.0215795 0.025918 0.00639619 0.00974595 -0.0219232 -0.0234318 0.0143019 0.0101004 -0.0437253 -0.0270735
internal_weight=123.921 83.012 40.9095 13.1106 27.7989 25.8016 48.0057 42.9279 5.07773 35.0063 8.38553 3.42935 4.72507 31.577
internal_count=29516 25842 3674 1516 2158 2001 3698 2945 753 22144 519 1097 997 21047
is_linear=0
shrinkage=0.04


Tree=40
num_leaves=15
num_cat=0
split_feature=3 7 34 5 32 32 13 13 13 28 9 14 29 15
split_gain=5.92244 10.1892 4.05229 5.50803 3.36512 3.45467 2.55403 6.55789 3.62537 2.41215 1.8712 1.55437 0.861516 0.712675
threshold=0.23801162093877795 -0.28443440794944758 0.80040650406504077 0.04498309642076493 0.98264633916807842 0.8200418410041842 0.9895838499069215 1.5263922214508059 0.73443618416786205 0.094905186444520964 27.500000000000004 0.055625556036829955 0.018638854846358303 1.0000000180025095e-35
decision_type=2 2 2 2 2 2 2 2 2 2 2 2 2 2
left_child=1 6 4 10 5 -2 8 -8 -1 11 -4 -3 -5 -11
right_child=2 9 3 12 -6 -7 7 -9 -10 13 -12 -13 -14 -15
leaf_value=-0.0015330257127878172 -0.01959023396168259 -0.035216605972469291 0.00054552428442855333 -0.061664409277323085 -0.027891241154169435 0.029548849016540507 -0.02774684049379169 0.018737054972497964 0.027316100004815373 0.013788269850181663 0.041987025423049093 0.026381766268701839 -0.02627153192418806 -0.027227631665542189
leaf_weight=13.340928023128074 2.5351734018186169 0.90047681418945957 5.8517117094597761 2.0061859428533344 2.0965207321569315 23.588065187039319 10.074009526200827 9.3751146894646791 14.593611022894036 0.69333148916485043 2.4830031280871481 2.4087030263617635 2.4372382051078603 30.274000840203371
leaf_count=1062 1266 658 500 421 155 737 1427 579 630 389 19 439 576 20658
internal_value=1.16156e-09 -0.00622784 0.0124047 -0.00628371 0.020867 0.0247801 0.00578952 -0.00534008 0.0135384 -0.0228406 0.0128914 0.00961994 -0.0422513 -0.0263093
internal_weight=122.658 81.6602 40.9979 12.7781 28.2198 26.1232 47.3837 19.4491 27.9345 34.2765 8.33471 3.30918 4.44342 30.9673
internal_count=29516 25842 3674 1516 2158 2003 3698 2006 1692 22144 519 1097 997 21047
is_linear=0
shrinkage=0.04


Tree=41
num_leaves=15
num_cat=0
split_feature=6 8 14 33 15 11 8 22 1 19 33 22 25 12
split_gain=5.674 9.78624 4.08814 3.77278 2.95872 3.68012 2.78766 2.23658 1.22375 1.45988 0.812188 0.621686 0.893646 0.724958
threshold=0.12575130164623263 -0.40993164479732508 0.049949394538998611 0.89484741264927037 13.639802455902101 0.026453303173184398 -0.074222166091203676 -0.24537435919046399 -0.00278081779833883 0.53390804597701158 0.062630753138075326 0.058679616078734405 0.005532860755920411 0.16938443481922152
decision_type=2 2 2 2 2 2 2 2 2 2 2 2 2 2
left_child=1 4 8 7 10 -6 -5 -4 -2 -10 -1 13 -13 -3
right_child=2 11 3 6 5 -7 -8 -9 9 -11 -12 12 -14 -15
leaf_value=-0.085057017125809709 0.039358020459133974 -0.017878866259850294 0.044710773483066457 0.017612564219262963 0.023606347232769324 -0.00094755899199037866 -0.021334924448058401 -0.033503222990175059 0.033557421186169653 -0.0035075083705581114 -0.023086786577938549 0.01694530293494689 -0.02290240044353031 -0.033554437534372872
leaf_weight=0.68923232227098086 8.0519370863330533 6.8285769275826231 0.65570255555212575 16.87820176710375 13.076290446915662 38.585981253680075 3.5606714011519207 5.4230809379369038 3.6612303641741155 3.1744234980433248 0.66474724834552035 1.207944219582713 3.5378935956396163 15.290644269029142
leaf_count=83 71 4873 6 815 647 5160 486 1571 121 380 240 703 2252 12108
internal_value=4.28135e-10 -0.00622878 0.0120169 0.00259933 0.00373753 0.00526731 0.0108275 -0.0250665 0.0287915 0.0163448 -0.0546322 -0.0258966 -0.0127601 -0.0287151
internal_weight=121.287 79.8813 41.4052 26.5177 53.0163 51.6623 20.4389 6.07878 14.8876 6.83565 1.35398 26.8651 4.74584 22.1192
internal_count=29516 26066 3450 2878 6130 5807 1301 1577 572 501 323 19936 2955 16981
is_linear=0
shrinkage=0.04


Tree=42
num_leaves=13
num_cat=0
split_feature=3 7 32 32 34 32 12 28 21 19 11 15
split_gain=5.21346 8.61993 3.60271 3.87196 2.88221 2.26981 5.91483 2.2234 1.4973 1.49066 0.723 0.717505
threshold=0.23801162093877795 -0.28443440794944758 0.99317398192153583 0.83367071524966274 0.83794725899989075 0.025263269864907994 0.079505693167448058 0.094905186444520964 0.13976744186046516 0.050641025641025648 0.59750932455062877 1.0000000180025095e-35
decision_type=2 2 2 2 2 2 2 2 2 2 2 2
left_child=1 5 3 10 -5 8 -7 9 -1 -3 -2 -9
right_child=2 7 -4 4 -6 6 -8 11 -10 -11 -12 -13
leaf_value=0.030057214301126043 -0.036189200613878876 0.041547346184846207 -0.044087872626906596 0.025191613634970973 -0.0019753105317248552 -0.030545152537306174 0.0091798121053516552 0.014976760162658363 0.0047167007333740671 -0.013092694371105952 -0.0017002268582740042 -0.025880274569623
leaf_weight=7.8513518767722399 2.4625068487366653 1.3730340622132637 1.7672915108851146 26.12690601113718 8.2123645481769909 8.032667207153283 23.664145330025349 0.70429717615479859 7.1086262378375977 1.9103895734879186 1.6072826961171811 29.217852226036484
leaf_count=135 1248 22 202 871 703 1202 2134 389 227 1075 650 20658
internal_value=1.22218e-09 -0.00591257 0.011753 0.0143224 0.0186945 0.00517379 -0.000887365 -0.0214899 0.018016 0.00975621 -0.0225685 -0.0249186
internal_weight=120.039 79.8624 40.1764 38.4091 34.3393 46.6568 31.6968 33.2056 14.96 3.28342 4.06979 29.9221
internal_count=29516 25842 3674 3472 1574 3698 3336 22144 362 1097 1898 21047
is_linear=0
shrinkage=0.04


Tree=43
num_leaves=12
num_cat=0
split_feature=6 6 14 32 7 13 1 18 25 7 9
split_gain=4.86595 8.39888 3.42622 3.18793 3.09838 5.80099 2.61753 2.55859 2.45366 1.80209 0.301874
threshold=0.10055604577064516 -0.075334042310714708 0.13519372791051867 0.99317398192153583 -0.48934625089168543 0.89525628089904796 0.07808896899223329 -0.0094942618161439878 0.026032090187072757 -0.35618126392364496 9.5000000000000018
decision_type=2 2 2 2 2 2 2 2 2 2 2
left_child=1 4 3 7 -1 -6 9 -2 -8 -3 -4
right_child=2 6 10 -5 5 -7 8 -9 -10 -11 -12
leaf_value=0.020237260686447902 -0.028081931350714365 -0.069429344923677486 -0.026710173574726794 -0.039977213573471962 0.01125719355759673 -0.022057551092808915 0.023389500635602332 0.017728588109449165 -0.026268536900788179 -0.026928713046667243 -0.061050131373468076
leaf_weight=13.516079477150923 2.0577152467158148 1.7382657570997313 0.74225044806371332 1.739807190169812 20.480951981095131 14.133851843944283 3.2189578783581956 37.508690380083863 3.1499803129408974 19.540724330276134 0.91388236347120255
leaf_count=283 343 180 156 245 3027 3710 986 3335 1937 15138 176
internal_value=1.02132e-09 -0.00609696 0.0107541 0.0130159 0.00399594 -0.00234582 -0.0236672 0.0153461 -0.00117061 -0.0304006 -0.0456595
internal_weight=118.741 75.7788 42.9623 41.3062 48.1309 34.6148 27.6479 39.5664 6.36894 21.279 1.65613
internal_count=29516 25261 4255 3923 7020 6737 18241 3678 2923 15318 332
is_linear=0
shrinkage=0.04


Tree=44
num_leaves=14
num_cat=0
split_feature=3 8 2 9 14 17 7 16 18 22 12 28 7
split_gain=4.50083 7.43445 3.07827 6.3388 4.77921 2.51365 2.54404 2.30948 2.01856 0.905851 0.858947 0.754572 0.51439
threshold=0.23801162093877795 -0.40993164479732508 0.050757911056280143 20.500000000000004 0.097678612917661681 -0.035825867205858224 -0.48934625089168543 0.18834459459459463 0.032831538468599326 0.046064604073762901 0.16938443481922152 0.16912335157394412 -0.36175301671028132
decision_type=2 2 2 2 2 2 2 2 2 2 2 2 2
left_child=1 5 8 4 -4 12 -7 -5 -2 10 -3 -11 -1
right_child=2 9 3 7 -6 6 -8 -9 -10 11 -12 -13 -14
leaf_value=-0.076421390180171717 0.0023620341630299678 -0.015106825165846421 0.018248132066015041 0.0013058531207768493 -0.03919621752804494 0.018983130911491865 -0.00095608624464660677 -0.062132078954699396 0.037538138555014838 0.010579455744364205 -0.032921484635469948 -0.018521381968725988 -0.026467134276839055
leaf_weight=0.6520603020908311 3.6857568086998063 6.4384195582242745 20.228822101955309 1.3530241213738907 2.6170938356663092 14.373077895375898 35.589587397960713 2.8571188389323652 8.9441721875336935 1.9760863393603347 13.226419058497411 5.1180063578358386 0.66736774164019041
leaf_count=129 254 4784 2054 92 644 301 5159 379 251 1109 11164 2944 252
internal_value=1.60208e-09 -0.00557732 0.0109676 0.00335622 0.0116676 0.00334083 0.00477996 -0.0417449 0.0272728 -0.0226685 -0.0270888 -0.0104152 -0.0511545
internal_weight=117.727 78.041 39.686 27.0561 22.8459 51.2821 49.9627 4.21014 12.6299 26.7589 19.6648 7.09409 1.31943
internal_count=29516 25842 3674 3169 2698 5841 5460 471 505 20001 15948 4053 381
is_linear=0
shrinkage=0.04


Tree=45
num_leaves=15
num_cat=0
split_feature=3 8 32 14 33 15 9 4 12 22 12 11 28 35
split_gain=4.28567 6.70364 2.77433 2.87963 3.61111 2.38852 4.5206 2.60951 1.18503 0.884087 0.842408 0.715826 0.687995 0.673858
threshold=0.23801162093877795 -0.40993164479732508 0.83367071524966274 0.054465597495436675 0.90486029122392775 53.509748458862312 3.5000000000000004 -0.46173810958862299 0.61293137073516857 0.046064604073762901 0.16938443481922152 0.59750932455062877 0.094905186444520964 0.098363857716321959
decision_type=2 2 2 2 2 2 2 2 2 2 2 2 2 2
left_child=1 5 11 8 -5 7 -7 -1 -4 10 -3 -2 -11 -13
right_child=2 9 3 4 -6 6 -8 -9 -10 12 -12 13 -14 -15
leaf_value=-0.024162132322346569 -0.034832453420203954 -0.014468133841535625 0.038572961253769134 -0.034761130937039891 0.011818456367788038 0.047258184663479627 -0.054133376633523092 0.0083633920244335896 0.015782724780394081 0.031233031998751114 -0.03226335325590813 0.031374777675155147 -0.013593859190481625 -0.021321015538354051
leaf_weight=4.3445024577667928 2.3715030169987581 6.3754858689062592 7.7943491803598572 3.1436501961434287 17.416614807094447 0.94719532615272273 2.7355365719995461 43.098580015503103 6.8664213010342792 0.59851358496234652 12.805199419133713 0.64516043831827097 6.4660626264230814 0.97512336506042629
leaf_count=325 1248 4784 132 497 886 20 1001 4495 261 239 11164 182 3814 468
internal_value=-1.02743e-09 -0.00545977 0.0107727 0.0143546 0.00469647 0.00297612 -0.0280556 0.00538493 0.0278991 -0.0218929 -0.0263484 -0.0208313 -0.00979611 -0.00033874
internal_weight=116.584 77.3711 39.2128 35.221 20.5603 51.1258 3.68273 47.4431 14.6608 26.2453 19.1807 3.99179 7.06458 1.62028
internal_count=29516 25842 3674 1776 1383 5841 1021 4820 393 20001 15948 1898 4053 650
is_linear=0
shrinkage=0.04


Tree=46
num_leaves=14
num_cat=0
split_feature=6 8 19 10 2 13 15 11 33 26 15 8 22
split_gain=3.79002 6.58203 3.49669 2.76042 6.02598 2.782 2.42109 3.05874 0.877402 0.632638 0.608465 0.434395 0.162867
threshold=0.12575130164623263 -0.40993164479732508 0.97700845665961955 0.22394235432147983 0.34917017817497259 1.2132996916770937 13.639802455902101 0.026453303173184398 0.06791191052692265 -0.30036130547523493 2.6683893203735356 -0.36065477132797236 0.21967936307191852
decision_type=2 2 2 2 2 2 2 2 2 2 2 2 2
left_child=1 6 3 5 -5 -2 8 -8 -1 11 -11 -3 -4
right_child=2 9 12 4 -6 -7 7 -9 -10 10 -12 -13 -14
leaf_value=-0.082638965854344063 0.0094342780369497375 0.068754015522058481 -0.05793533845503137 -0.032604594968100455 0.017668560167883512 0.038864294078136234 0.021453246504599496 -0.0014185192241626724 -0.01669642493673576 0.0088033113476876576 -0.024490081460964822 -0.014438655688610998 -0.033369385190069392
leaf_weight=0.67610718210926168 11.753011235210581 0.20201161794830114 0.86245343653717899 5.7761474604776621 11.2348138592788 9.1325999866821785 12.448845526843796 37.648764888959704 0.61787381180329248 0.91313774573791562 23.016752964773332 0.19969493086682888 0.86475702378083952
leaf_count=90 682 95 231 1166 966 213 647 5160 233 557 19003 281 192
internal_value=1.37791e-09 -0.00524495 0.0100234 0.0125602 0.000598087 0.0223031 0.00286961 0.00426493 -0.0511515 -0.022384 -0.0232196 0.0273976 -0.045636
internal_weight=115.347 75.7232 39.6238 37.8966 17.011 20.8856 51.3916 50.0976 1.29398 24.3316 23.9299 0.401707 1.72721
internal_count=29516 26066 3450 3027 2132 895 6130 5807 323 19936 19560 376 423
is_linear=0
shrinkage=0.04


Tree=47
num_leaves=15
num_cat=0
split_feature=3 33 34 5 15 17 7 4 30 17 25 25 1 29
split_gain=3.71995 5.53731 2.76248 4.01725 2.90313 2.31812 2.52117 2.28479 2.19317 1.6847 1.6342 2.78532 1.46074 0.786196
threshold=0.23801162093877795 0.17570394662444874 0.80040650406504077 0.04498309642076493 65.562541961669936 0.036775305867195136 -0.48934625089168543 -0.31612026691436762 3.5000000000000004 -0.0007153193000704049 0.005532860755920411 0.0035165548324584965 0.092074938118457808 0.018638854846358303
decision_type=2 2 2 2 2 2 2 2 2 2 2 2 2 2
left_child=1 5 4 9 12 6 -1 -7 -6 -4 11 -3 -2 -5
right_child=2 10 3 13 8 7 -8 -9 -10 -11 -12 -13 -14 -15
leaf_value=0.020083686041187609 -0.06367363515918624 -0.0091791838983270434 -0.0053300408789174981 -0.05817476021334498 -0.0046199991757620348 -0.078215580856653658 -0.00074594180083251973 -0.0017887717514014571 0.026386349702855472 0.031685134907244936 -0.024666592686608379 0.097372093293707676 0.0079401911720580129 -0.022681769745600523
leaf_weight=13.581455670064313 1.0061800403054828 8.7199494059605058 4.5713529661297798 1.7782968631654501 4.4446430084062767 1.0617812005802991 29.474484343445511 1.5243907997355552 20.415042027103482 3.4537314161425439 20.904395268153166 0.41103792803187467 0.83301030960865308 2.2772487504407763
leaf_count=289 295 4959 350 421 679 151 4117 261 1077 169 15364 701 107 576
internal_value=-3.8702e-10 -0.00516209 0.0100737 -0.00579751 0.0172551 0.00361519 0.0058245 -0.0331666 0.0208427 0.0106001 -0.0185001 -0.0043827 -0.0312381 -0.0382449
internal_weight=114.457 75.6775 38.7795 12.0806 26.6989 45.6421 43.0559 2.58617 24.8597 8.02508 30.0354 9.13099 1.83919 4.05555
internal_count=29516 25842 3674 1516 2158 4818 4406 412 1756 519 21024 5660 402 997
is_linear=0
shrinkage=0.04


Tree=48
num_leaves=13
num_cat=0
split_feature=3 8 1 32 18 35 14 22 12 28 14 6
split_gain=3.8075 5.26137 2.49693 2.47197 2.21846 2.28616 2.11085 0.896747 0.819366 0.773061 0.712146 0.338333
threshold=0.23801162093877795 -0.40993164479732508 0.26076953113079077 0.83367071524966274 -0.043198149651288979 0.14776502549648288 0.05033183470368386 0.050893470644950874 0.15571194887161258 0.16912335157394412 0.064720723778009429 0.37896057963371282
decision_type=2 2 2 2 2 2 2 2 2 2 2 2
left_child=1 4 3 10 -1 -6 -5 8 -3 -9 -2 -4
right_child=2 7 11 6 5 -7 -8 9 -10 -11 -12 -13
leaf_value=-0.049790591156070277 -0.039894189050308268 -0.012048999287584699 -0.015677564111351877 0.028397178572283452 0.0066180614316995526 -0.02089921940836122 0.0077425202429165889 0.014194908858041562 -0.030287749988770703 -0.016246809421150619 -0.004038783813608675 -0.053835941826613033
leaf_weight=1.27896142983809 1.5172335428360377 5.6821501359809252 0.60383623337838688 12.906794872775206 43.650444681581575 5.4319127256167112 20.476161330530886 1.8803589304297919 12.861364203738047 4.5998493695515208 2.1313099063991103 0.96740800002589822
leaf_count=272 854 4387 176 305 4501 1068 1143 1040 11856 2718 944 252
internal_value=-5.91346e-10 -0.0052314 0.0102161 0.0123116 0.00221754 0.00357274 0.0157282 -0.0202227 -0.024699 -0.00741355 -0.0189491 -0.0391715
internal_weight=113.988 75.385 38.6027 37.0315 50.3613 49.0824 33.383 25.0237 18.5435 6.48021 3.64854 1.57124
internal_count=29516 25842 3674 3246 5841 5569 1448 20001 16243 3758 1798 428
is_linear=0
shrinkage=0.04


Tree=49
num_leaves=13
num_cat=0
split_feature=6 6 19 29 32 37 30 35 1 25 7 7
split_gain=3.41069 5.52075 3.07301 2.93877 2.59432 2.68781 2.77607 2.58887 2.48619 1.82388 1.71091 1.18389
threshold=0.10055604577064516 -0.069483797997236238 0.95789007092198597 0.016872017644345764 0.99317398192153583 1.0000000180025095e-35 3.5000000000000004 -0.0047187814489006987 0.07808896899223329 0.026032090187072757 -0.36175301671028132 -0.36175301671028132
decision_type=2 2 2 2 2 2 2 2 2 2 2 2
left_child=1 2 3 -1 5 7 -7 -2 10 -10 -3 -4
right_child=4 8 11 -5 -6 6 -8 -9 9 -11 -12 -13
leaf_value=-0.047592030322315772 0.027045258797180019 -0.073246120629032657 -0.1085723306063287 0.0061075453478866004 -0.039450442570629775 -0.007161323213600578 0.022852269263114618 -0.021803388195887133 0.021860382149774142 -0.021768808694168609 -0.024823312692339818 -0.019685893531626246
leaf_weight=1.6921489334199566 2.3951257563603576 1.2537331990897715 0.52427789126522839 44.817583905838546 1.6826962410414115 6.1699241698952418 24.550820353237214 6.3069769359135517 3.2461894442385519 2.9049988355836831 16.968107809880166 0.44176960134063747
leaf_count=674 145 145 45 6546 264 1109 1767 970 968 1904 14639 340
internal_value=1.00774e-09 -0.00525739 0.00268714 0.00415381 0.00918945 0.0112656 0.0168244 -0.00835852 -0.0207324 0.00125579 -0.028155 -0.0679249
internal_weight=112.954 71.8488 47.4758 46.5097 41.1055 39.4228 30.7207 8.7021 24.373 6.15119 18.2218 0.966047
internal_count=29516 25261 7605 7220 4255 3991 2876 1115 17656 2872 14784 385
is_linear=0
shrinkage=0.04


Tree=50
num_leaves=14
num_cat=0
split_feature=33 13 13 16 8 18 32 26 9 36 29 8 14
split_gain=3.28597 3.62167 4.68943 5.25629 4.56401 3.84161 3.40642 4.1103 2.63625 2.28755 1.07701 2.23468 0.074585
threshold=0.94487142022209247 1.5263922214508059 0.95483192801475536 0.10565476190476192 -0.45295684039592737 0.073865365236997618 0.96578269523475013 -0.056638956069946282 20.500000000000004 0.53331855791962191 0.022684424184262756 -0.17861304432153699 0.13519372791051867
decision_type=2 2 2 2 2 2 2 2 2 2 2 2 2
left_child=1 2 4 -4 -1 9 10 8 -8 -3 11 -2 -7
right_child=6 5 3 -5 -6 12 7 -9 -10 -11 -12 -13 -14
leaf_value=0.011467303812969379 0.032223124413626368 -0.031700067970896119 0.015368080284865368 -0.028778785687431391 -0.013535547646475608 -0.041068518062839961 -0.00685137007032553 0.026676064182994383 -0.067205921817776834 0.024108606483369183 0.03638379319194783 -0.048752816755161625 -0.059901394168125767
leaf_weight=26.891855514288181 1.7248495442327105 1.2817830821295526 5.362591987912313 22.09322085569147 20.651925992540782 1.0050251041539002 3.5204800617939327 4.1214077374315803 1.7254759057832414 14.12317324685864 8.5122893413936236 0.79735822504153819 0.50579374813241873
leaf_count=1821 207 556 1237 9755 11896 534 388 227 292 1816 238 380 169
internal_value=-1.61899e-10 -0.00322336 -0.00699419 -0.0201561 0.00060664 0.0134954 0.014522 -0.00321749 -0.0267029 0.019465 0.0295814 0.00662379 -0.0473734
internal_weight=112.317 91.9154 74.9996 27.4558 47.5438 16.9158 20.4019 9.36736 5.24596 15.405 11.0345 2.52221 1.51082
internal_count=29516 27784 24709 10992 13717 3075 1732 907 680 2372 825 587 703
is_linear=0
shrinkage=0.04


Tree=51
num_leaves=15
num_cat=0
split_feature=3 8 2 9 22 9 4 10 21 13 20 16 33 22
split_gain=3.42021 4.35191 2.6427 4.99243 3.74746 2.4721 2.34959 7.16079 2.7158 1.98882 3.4573 1.91782 1.46209 0.918171
threshold=0.23801162093877795 -0.51968967914581288 0.050757911056280143 20.500000000000004 0.079467102885246291 6.5000000000000009 -0.46173810958862299 0.77491721510887157 0.33421985815602845 1.2132996916770937 0.20991432068543456 0.18834459459459463 0.079809583407831231 0.13383416086435321
decision_type=2 2 2 2 2 2 2 2 2 2 2 2 2 2
left_child=1 6 9 4 -4 12 7 -1 -8 10 -2 -5 -3 -7
right_child=2 5 3 11 -6 13 8 -9 -10 -11 -12 -13 -14 -15
leaf_value=-0.072800181985068435 0.032178514639616074 0.019168402049567775 -0.028963718995137687 0.00061339804203929427 0.016985544077016392 -0.026647265956659363 0.019224791385178179 0.031928356573584699 -0.0041193031698307583 0.045282410915203894 -0.026712029546386816 -0.058884984731733266 -0.0093256353766777381 -0.0017392948016796141
leaf_weight=2.2096466093207701 4.6373830560187326 3.7352197038126205 3.347974698583136 1.2996180149493732 18.712867664755322 18.640820230619287 17.443364090519026 1.9812102734576909 14.687955846078692 4.8020106458861846 2.4312436545733362 2.6026999881723896 12.60304572212044 2.7124806906213044
leaf_count=302 82 517 918 92 1780 13917 522 22 1007 37 386 379 8389 1166
internal_value=2.79195e-10 -0.005001 0.00978339 0.00263511 0.0100122 -0.0145226 0.00487953 -0.0232902 0.00855368 0.0254179 0.0119232 -0.0390698 -0.00281139 -0.0234832
internal_weight=111.848 74.0137 37.8338 25.9632 22.0608 37.6916 36.3222 4.19086 32.1313 11.8706 7.06863 3.90232 16.3383 21.3533
internal_count=29516 25842 3674 3169 2698 23989 1853 324 1529 505 468 471 8906 15083
is_linear=0
shrinkage=0.04


Tree=52
num_leaves=13
num_cat=0
split_feature=3 7 13 30 34 28 2 14 22 13 22 9
split_gain=3.08757 4.29122 3.67516 3.91167 2.43456 2.39602 2.32754 4.62332 3.94634 2.05075 3.39492 0.531675
threshold=0.23801162093877795 -0.48934625089168543 0.31847997009754186 1.5000000000000002 0.093395638629283503 0.27636882662773138 0.050757911056280143 0.097678612917661681 0.11539920419454576 1.2132996916770937 -0.24537435919046399 9.5000000000000018
decision_type=2 2 2 2 2 2 2 2 2 2 2 2
left_child=1 5 4 -4 -3 -1 9 8 -8 10 -2 -9
right_child=6 2 3 -5 -6 -7 7 11 -10 -11 -12 -13
leaf_value=0.031252632173295193 0.040414002823326398 -0.029380883462212241 0.017651696816419024 -0.016969495762897174 0.028429952643931073 -0.0024113371019068774 -0.022503626117451235 -0.014720380048129348 0.01807559213064739 0.044158230513656978 -0.015717801571664525 -0.050985187648898672
leaf_weight=7.241141753504051 3.2004196871712338 1.4508269312791515 5.8805737297516307 46.591684370068833 5.9269554468337446 6.3487445577047765 4.9156485818675781 0.8793076174333686 17.433930111088557 4.813058833417017 3.7369865686050598 2.446642360300757
leaf_count=73 37 882 1413 22847 367 260 1129 128 1246 37 431 666
internal_value=1.12303e-09 -0.0047653 -0.00937274 -0.0130895 0.0170616 0.0155259 0.0093508 0.00260257 0.00915045 0.0240961 0.0101774 -0.0413976
internal_weight=110.866 73.4399 59.85 52.4723 7.37778 13.5899 37.426 25.6755 22.3496 11.7505 6.93741 3.32595
internal_count=29516 25842 25509 24260 1249 333 3674 3169 2375 505 468 794
is_linear=0
shrinkage=0.04


Tree=53
num_leaves=9
num_cat=0
split_feature=4 33 13 14 13 21 38 3
split_gain=2.933 4.13994 3.10126 3.62973 3.61673 2.30414 1.70473 0.904117
threshold=1.0135126113891604 0.94487142022209247 1.5263922214508059 0.13115020096302035 0.95483192801475536 0.88144841269841279 0.97241248097412492 0.41547764837741857
decision_type=2 2 2 2 2 2 2 2
left_child=1 2 4 -4 -1 7 -7 -3
right_child=-2 5 3 -5 -6 6 -8 -9
leaf_value=0.00030403859438106397 -0.063478320679904623 0.014046224316818297 0.018185196315039922 -0.05029020933966926 -0.018186484734748556 -0.032301319257925926 0.014561928271351641 0.034974398297017567
leaf_weight=46.299611584443483 1.1523598423227657 5.6156491711881271 15.342763862528956 1.3473520451225329 26.67765153342043 2.145450665120733 2.9492564667889383 8.0192578944843245
leaf_count=13703 230 687 2675 400 10981 453 279 108
internal_value=1.98199e-09 0.000674835 -0.00289786 0.0126573 -0.00645538 0.017779 -0.00517282 0.026355
internal_weight=109.549 108.397 89.6674 16.6901 72.9773 18.7296 5.09471 13.6349
internal_count=29516 29286 27759 3075 24684 1527 732 795
is_linear=0
shrinkage=0.04


Tree=54
num_leaves=11
num_cat=0
split_feature=3 7 13 32 2 29 1 22 28 6
split_gain=2.80908 3.58644 3.29514 3.5844 2.33811 2.31342 2.22429 1.77077 2.63441 0.434243
threshold=0.23801162093877795 -0.48934625089168543 0.31847997009754186 0.020718271569609387 -0.035676505416631692 0.01846979279071093 0.26076953113079077 -0.24537435919046399 0.53196990489959728 0.35713928937911993
decision_type=2 2 2 2 2 2 2 2 2 2
left_child=1 5 4 -4 -3 -1 7 -2 -9 -8
right_child=6 2 3 -5 -6 -7 9 8 -10 -11
leaf_value=0.031198696841431783 0.040224606589004945 0.026310565054187444 -0.078000126445945658 -0.010723647983193607 -0.035986804897313575 -0.0020238916326235806 -0.0097662048557999818 0.015058808042203964 -0.011019264787388088 -0.053944862240367979
leaf_weight=6.496828973758964 3.040048258699243 6.0768404502014164 1.3000012673728623 50.06419198277581 1.1456605932035007 6.9315074562910013 0.55680399539414682 23.878827343229204 8.3707233117020206 0.98700267286039889
leaf_count=81 37 404 290 23970 845 252 155 1201 2008 273
internal_value=5.03368e-11 -0.00459558 -0.00886916 -0.0124264 0.0164287 0.0140497 0.00898507 0.011041 0.00828996 -0.038011
internal_weight=108.848 72.015 58.5867 51.3642 7.2225 13.4283 36.8334 35.2896 32.2496 1.54381
internal_count=29516 25842 25509 24260 1249 333 3674 3246 3209 428
is_linear=0
shrinkage=0.04


Tree=55
num_leaves=13
num_cat=0
split_feature=18 8 37 30 13 9 14 7 37 35 7 32
split_gain=2.78897 4.79882 5.03457 3.25283 3.89286 3.58429 3.49354 2.67072 2.22292 2.19975 1.90662 0.732546
threshold=-0.0015523305628448723 -0.5822719633579253 1.0000000180025095e-35 3.5000000000000004 1.1024119853973391 20.500000000000004 0.043334743008017547 -0.53718146681785572 1.0000000180025095e-35 0.011731785256415607 -0.3508621454238891 0.95841977869986184
decision_type=2 2 2 2 2 2 2 2 2 2 2 2
left_child=1 -1 9 4 5 -2 7 -5 -8 -3 -6 -4
right_child=3 2 11 6 10 -7 8 -9 -10 -11 -12 -13
leaf_value=-0.070410552573034177 0.0070861073292710543 0.019199072749091276 -0.026137858529217382 0.034786424239851635 -0.059974902457370791 -0.057598510784199142 0.00023584992874301156 -0.018706492658198421 0.018365697274957665 -0.040879010119616518 -0.018343793470702859 -0.069750144651933341
leaf_weight=2.1129336632438962 15.996661261189734 8.8064730276819336 7.6623151638777909 1.7397806011140335 2.6458520014421083 1.4990752628364123 15.776648727711288 10.542014961873063 34.446276022776146 1.0965445235779032 5.2580585091200183 0.67011378137976851
leaf_count=240 3425 1373 5584 10 270 607 2426 7020 4950 490 2895 226
internal_value=1.03955e-09 -0.0133445 -0.0067323 0.00308903 -0.00898154 0.00154378 0.00799407 -0.0111289 0.0126705 0.0125467 -0.0322799 -0.0296453
internal_weight=108.253 20.3484 18.2354 87.9044 25.3996 17.4957 62.5047 12.2818 50.2229 9.90302 7.90391 8.33243
internal_count=29516 7913 7673 21603 7197 4032 14406 7030 7376 1863 3165 5810
is_linear=0
shrinkage=0.04


Tree=56
num_leaves=9
num_cat=0
split_feature=4 33 13 18 13 21 21 8
split_gain=2.45258 3.1738 2.94255 3.36023 3.20486 2.00432 1.56524 0.956692
threshold=1.0135126113891604 0.94487142022209247 1.5263922214508059 0.073865365236997618 0.95483192801475536 0.88144841269841279 0.95401691331923899 -0.10847239568829535
decision_type=2 2 2 2 2 2 2 2
left_child=1 2 4 -4 -1 7 -7 -3
right_child=-2 5 3 -5 -6 6 -8 -9
leaf_value=0.00034017321041718474 -0.062109724008905291 0.030765920610018635 0.018065850038008154 -0.046228095526564254 -0.017159401059652378 -0.047402354189938746 0.0061510151591925256 0.0071326867129923345
leaf_weight=45.939311211797758 1.0077829142101098 9.4229626441665459 15.276330012216933 1.421652494027511 26.348379934177501 1.1194366476265702 3.9703371028008405 3.8645892066706446
leaf_count=13703 230 452 2372 703 10981 239 493 343
internal_value=7.52381e-10 0.000583005 -0.00254238 0.0125919 -0.0060383 0.0157166 -0.00562743 0.0238924
internal_weight=108.371 107.363 88.9857 16.698 72.2877 18.3773 5.08977 13.2876
internal_count=29516 29286 27759 3075 24684 1527 732 795
is_linear=0
shrinkage=0.04


Tree=57
num_leaves=15
num_cat=0
split_feature=3 33 15 12 32 14 14 2 26 35 33 22 10 25
split_gain=2.34993 3.41829 2.64959 2.77345 2.28246 2.1992 2.9199 2.55831 1.4553 1.36097 2.88966 1.31036 0.908591 0.77718
threshold=0.23801162093877795 0.42175391895888797 53.509748458862312 0.20899135619401935 0.0083160442600276642 0.054465597495436675 0.064720723778009429 0.050757911056280143 -0.056638956069946282 0.040119705721735961 0.91590852700355641 0.049783073365688331 0.002152855042368174 -0.0020873546600341793
decision_type=2 2 2 2 2 2 2 2 2 2 2 2 2 2
left_child=1 2 4 -4 -1 9 8 -8 -7 -2 -11 12 -3 -13
right_child=5 11 3 -5 -6 6 7 -9 -10 10 -12 13 -14 -15
leaf_value=-0.056569133537168935 0.028424900505662348 -0.0022208027811313103 -0.061089139586052027 0.00034336809103961669 0.0048737402237647963 -0.059526869259063996 0.025961299813885685 -0.004717375144884654 0.0081658140469792403 -0.044711873739282232 0.02534769600495889 0.025613579507354628 -0.03180647238054217 -0.01103274428653645
leaf_weight=0.98733543223352072 10.122964010108261 1.990370217507009 2.1633400322607477 2.5758913852623664 47.767056989308912 1.7923163467203269 6.5421757861040559 12.973908294778083 0.70921823359094815 1.4346022227546189 2.7430153557215817 1.1495454771502407 10.031192354872472 4.7600991287035859
leaf_count=109 269 1132 1052 1590 8812 504 245 1915 67 564 110 514 9681 2952
internal_value=-5.6494e-10 -0.00421241 0.000853923 -0.027699 0.00362945 0.00828429 0.00035158 0.00556672 -0.0403351 0.0204977 0.0012891 -0.0193266 -0.0269081 -0.00390429
internal_weight=107.743 71.4248 53.4936 4.73923 48.7544 36.3182 22.0176 19.5161 2.50153 14.3006 4.17762 17.9312 12.0216 5.90964
internal_count=29516 25842 11563 2642 8921 3674 2731 2160 571 943 674 14279 10813 3466
is_linear=0
shrinkage=0.04


Tree=58
num_leaves=13
num_cat=0
split_feature=6 33 2 14 14 9 11 19 19 22 10 33
split_gain=2.29826 3.42906 2.55775 2.47261 2.30572 2.98919 3.59631 1.09629 3.02849 0.996285 0.935712 0.68693
threshold=0.12575130164623263 0.42175391895888797 -0.19191695004701612 0.073270399123430266 0.054465597495436675 27.500000000000004 0.86224251985549938 0.53390804597701158 0.92770034843205595 0.049783073365688331 0.0028284735744819049 0.9744135297326787
decision_type=2 2 2 2 2 2 2 2 2 2 2 2
left_child=1 2 -1 -4 7 6 -6 -2 -9 10 -3 -11
right_child=4 9 3 -5 5 -7 -8 8 -10 11 -12 -13
leaf_value=-0.07244806280860823 0.030228516298030375 -0.001979841411927146 -0.0056928202626212185 0.01181819871222931 -0.023861862970121429 0.029199718710909074 0.011940266688557031 -0.02582946588623164 0.031447786979786285 -0.0078991952835084506 -0.031613106724353933 0.063671304617410454
leaf_weight=0.75569315726170216 8.1853807089501043 2.0667136457341284 30.706453806793434 22.250986820086837 9.6258804769022444 4.523638972779735 8.4121888360532449 2.5140431778272605 3.5806367439799942 4.2739279698580495 9.7390996863396122 0.22590908384881903
leaf_count=146 225 1195 9618 2331 1695 247 714 383 186 2938 9743 95
internal_value=6.87374e-10 -0.00425514 0.000622041 0.00166474 0.00808702 0.000125936 -0.00716527 0.0206651 0.00782104 -0.0203213 -0.0264255 -0.00430608
internal_weight=106.861 70.0188 53.7131 52.9574 36.8418 22.5617 18.0381 14.2801 6.09468 16.3057 11.8058 4.49984
internal_count=29516 26066 12095 11949 3450 2656 2409 794 569 13971 10938 3033
is_linear=0
shrinkage=0.04


Tree=59
num_leaves=9
num_cat=0
split_feature=4 33 13 21 18 21 38 8
split_gain=2.2626 3.06116 2.26788 2.98564 2.74592 1.68242 1.34575 0.919111
threshold=1.0135126113891604 0.94487142022209247 1.5263922214508059 0.065591397849462371 0.073865365236997618 0.88144841269841279 0.95040983606557383 -0.10847239568829535
decision_type=2 2 2 2 2 2 2 2
left_child=1 2 3 -1 -4 7 -7 -3
right_child=-2 5 4 -5 -6 6 -8 -9
leaf_value=0.015209669040696885 -0.061421997594683315 0.029655255269781695 0.015916070898586855 -0.0089003925903206726 -0.044073569731950979 -0.033947260762710582 0.01017472139935492 0.0062290695413142394
leaf_weight=9.4934691260132222 0.95096198949613508 9.4208655662368983 14.792043284367539 61.162113807615242 1.3306529565743392 1.6399709113175038 3.3973270939313807 3.7448974735452802
leaf_count=1025 230 452 2372 23659 703 391 341 343
internal_value=3.22756e-10 0.000556385 -0.00257195 -0.0056609 0.010965 0.0154699 -0.00418988 0.0229919
internal_weight=105.932 104.981 86.7783 70.6556 16.1227 18.2031 5.0373 13.1658
internal_count=29516 29286 27759 24684 3075 1527 732 795
is_linear=0
shrinkage=0.04


Tree=60
num_leaves=14
num_cat=0
split_feature=15 4 26 8 20 13 11 34 15 13 33 7 4
split_gain=2.21486 2.68072 5.3199 3.90619 3.27928 3.18064 2.23103 1.90068 2.29046 2.06337 0.56812 0.198602 0.188046
threshold=63.687540054321296 -0.2715929895639419 -0.081554085016250596 -0.63626691699028004 0.16384215734784763 1.1024119853973391 0.23628001660108569 0.83794725899989075 64.182346343994155 1.3658757805824282 0.041753835425383544 -0.23827819526195523 0.16088832914829257
decision_type=2 2 2 2 2 2 2 2 2 2 2 2 2
left_child=1 2 5 -3 -5 -1 11 9 -9 -8 -4 -2 -13
right_child=6 3 10 4 -6 -7 7 8 -10 -11 -12 12 -14
leaf_value=0.020234490769523529 -0.077185261798017532 -0.077464487428839726 -0.088955291981704723 -0.037755351595994954 -0.0039010536672174209 -0.0064206599432920118 0.0094265767559521003 0.040074515655850046 -0.017413962487997346 0.03604466046178325 -0.041780070510419202 -0.034353383369306295 0.0084887403887669299
leaf_weight=16.423336595122244 0.1548211321060079 1.3703189627849486 0.82376424869289511 5.3357780322112367 32.232873818778899 12.702472989854867 20.313180342360287 1.3487121651414771 6.235571486846311 6.0465130982338442 0.81012519740033895 1.5945751573744917 0.18270600191317488
leaf_count=1145 62 153 112 2609 17869 1645 2401 40 1134 176 335 1745 90
internal_value=1.32943e-09 -0.00415665 0.00466956 -0.0111289 -0.00870929 0.00860953 0.00807539 0.0104552 -0.00719079 0.0155324 -0.0655646 -0.0337342 -0.0299492
internal_weight=105.575 69.6987 30.7597 38.939 37.5687 29.1258 35.8761 33.944 7.58428 26.3597 1.63389 1.9321 1.77728
internal_count=29516 23868 3237 20631 20478 2790 5648 3751 1174 2577 447 1897 1835
is_linear=0
shrinkage=0.04


Tree=61
num_leaves=7
num_cat=0
split_feature=10 14 4 0 38 8
split_gain=2.09871 3.52584 3.20354 2.74924 1.43861 0.949883
threshold=1.0587362647056582 0.13519372791051867 -0.46173810958862299 -0.045888731256127351 0.97241248097412492 -0.50269418954849232
decision_type=2 2 2 2 2 2
left_child=1 2 -1 -4 5 -3
right_child=-2 4 3 -5 -6 -7
leaf_value=-0.068705394766042233 0.035657322414172715 -0.076516096529402639 0.013807237421158379 -0.0022879402875208622 -0.0022522769701899289 -0.029044961094322242
leaf_weight=1.0559518557274703 2.5760983990621744 1.44077595602721 21.927038349414943 75.264163147032377 1.2383902028959708 1.2679362159105942
leaf_count=198 105 275 2850 25504 126 458
internal_value=1.78985e-09 -0.000898843 0.000590372 0.00134325 -0.0379668 -0.0542951
internal_weight=104.77 102.194 98.2472 97.1912 3.9471 2.70871
internal_count=29516 29411 28552 28354 859 733
is_linear=0
shrinkage=0.04


Tree=62
num_leaves=13
num_cat=0
split_feature=18 8 37 30 9 13 14 15 35 37 13 3
split_gain=2.03895 3.77462 4.34835 2.54957 3.54711 2.77518 2.69209 1.84069 1.83553 1.81891 0.804285 0.716676
threshold=-0.0015523305628448723 -0.5822719633579253 1.0000000180025095e-35 3.5000000000000004 20.500000000000004 1.1024119853973391 0.043334743008017547 21.557516098022464 0.011731785256415607 1.0000000180025095e-35 1.8337154984474184 0.2509413361549378
decision_type=2 2 2 2 2 2 2 2 2 2 2 2
left_child=1 -1 8 4 5 -2 7 -5 -3 -8 -4 -6
right_child=3 2 10 6 11 -7 9 -9 -10 -11 -12 -13
leaf_value=-0.066065477075331475 0.0055464401495010744 0.017603912523233092 -0.02985897803031428 0.020273072480752177 -0.03614106452093583 -0.024897718802054318 9.7981861068461764e-06 -0.01858795760482726 -0.038681607637406551 0.016601664153470818 0.047230495518678667 -0.08477582026222287
leaf_weight=1.8423098092025636 15.781824461344518 8.9147607356717362 7.8670074525871296 2.48562980807037 0.98594029224477597 6.8789162697648853 15.564102591131812 9.0528476938634395 1.034601158928125 32.956663910052157 0.22266989265335713 0.95373399666277692
leaf_count=240 3425 1373 5737 629 618 3013 2426 6401 490 4950 73 141
internal_value=3.87489e-10 -0.0115275 -0.0059576 0.0027071 -0.008139 -0.00369522 0.0071497 -0.0102165 0.011751 0.0112795 -0.0277371 -0.0600547
internal_weight=104.541 19.8813 18.039 84.6597 24.6004 22.6607 60.0592 11.5385 9.94936 48.5208 8.08968 1.93967
internal_count=29516 7913 7673 21603 7197 6438 14406 7030 1863 7376 5810 759
is_linear=0
shrinkage=0.04


Tree=63
num_leaves=9
num_cat=0
split_feature=4 33 7 8 26 13 26 19
split_gain=1.87982 2.39931 2.18223 3.20499 2.20399 1.78817 2.58129 0.470529
threshold=1.0135126113891604 0.94487142022209247 -0.48934625089168543 -0.61563673615455616 -0.15496739745140073 0.73833855986595165 -0.056638956069946282 0.25245098039215691
decision_type=2 2 2 2 2 2 2 2
left_child=1 2 4 -4 -1 7 -7 -3
right_child=-2 5 3 -5 -6 6 -8 -9
leaf_value=0.02857226920688806 -0.057145398282951516 0.045217196459763534 -0.051653192133892301 -0.0033803412864863431 -0.0059360243583807442 -0.0087508250174484301 0.029340547806325279 0.021933449614254245
leaf_weight=6.7800468581262976 0.91294581044348788 2.5590635821572532 2.2709909502300425 70.993423357038409 5.2576882469584216 7.7255940087488861 4.5070421108102865 3.0363470976299141
leaf_count=122 230 59 270 27139 228 965 233 270
internal_value=-1.47048e-10 0.000505872 -0.00228335 -0.00487666 0.0135002 0.0138515 0.00528372 0.0325823
internal_weight=104.043 103.13 85.3021 73.2644 12.0377 17.828 12.2326 5.59541
internal_count=29516 29286 27759 27409 350 1527 1198 329
is_linear=0
shrinkage=0.04


Tree=64
num_leaves=9
num_cat=0
split_feature=4 33 32 20 13 14 32 19
split_gain=1.77424 2.36373 2.0643 2.42621 1.69013 2.48994 1.5676 0.45258
threshold=1.0135126113891604 0.94487142022209247 0.025263269864907994 0.78158244680851074 0.73833855986595165 0.068849969655275359 0.013086166053029655 0.25245098039215691
decision_type=2 2 2 2 2 2 2 2
left_child=1 2 6 -4 7 -6 -1 -3
right_child=-2 4 3 -5 5 -7 -8 -9
leaf_value=-0.010278783607846603 -0.058580366345188914 0.04355616787594456 -0.0096912306026460809 0.0062612936473869611 -0.027216248388901163 0.015263282392196872 0.021628569704353368 0.021107048005534052
leaf_weight=3.4041106700897208 0.82068541739135881 2.6642268112045739 50.740515980520286 21.811409779722453 2.8931516022130372 9.3190455608710163 8.9169882855640008 3.1190030618745368
leaf_count=232 230 59 19954 7211 667 531 362 270
internal_value=7.96136e-10 0.000467355 -0.00232464 -0.0048954 0.0136354 0.0051996 0.0128131 0.0314489
internal_weight=103.689 102.868 84.873 72.5519 17.9954 12.2122 12.3211 5.78323
internal_count=29516 29286 27759 27165 1527 1198 594 329
is_linear=0
shrinkage=0.04


Tree=65
num_leaves=14
num_cat=0
split_feature=15 15 7 6 11 1 29 14 32 28 4 7 9
split_gain=1.86215 2.70184 2.08905 2.7093 1.96521 1.88172 1.82534 1.54215 0.729911 0.842906 0.466841 0.128031 0.0892539
threshold=63.687540054321296 60.892679214477546 -0.48934625089168543 -0.17885843664407727 0.22004784643650058 0.26076953113079077 0.018638854846358303 0.097678612917661681 0.94487142022209247 0.34385754168033605 0.19653556495904925 -0.22983238101005551 11.500000000000002
decision_type=2 2 2 2 2 2 2 2 2 2 2 2 2
left_child=1 2 6 -4 11 7 -1 -6 9 -3 -7 -2 -13
right_child=4 8 3 -5 5 10 -8 -9 -10 -11 -12 12 -14
leaf_value=0.027220293537457713 -0.072418311251766385 0.025921248307351902 -0.03158229831306688 -0.0024369721684320937 0.014213609547456896 -0.0064615892059522806 -0.0044622393107968316 -0.015702758321241586 -0.083265929951205589 -0.041809411047466841 -0.053932466134816726 -0.01174463269978524 -0.036904208513545513
leaf_weight=6.5076086431508866 0.13841080554993812 0.34402122886967834 5.7170128654688588 47.526819946113392 29.524470013901009 0.53540848841657751 5.262306212563999 3.040907512389821 0.54605973788420659 2.0213906407589093 0.87017009806004353 0.27760920640139275 1.2042051807657115
leaf_count=89 63 120 1198 20864 3072 153 248 463 124 1225 251 304 1342
internal_value=4.85549e-10 -0.00388345 -0.00219524 -0.00556643 0.00741151 0.00946422 0.0130551 0.0114201 -0.0415817 -0.0319588 -0.03585 -0.0356272 -0.0321907
internal_weight=103.516 67.9252 65.0137 53.2438 35.5912 33.971 11.7699 32.5654 2.91147 2.36541 1.40558 1.62023 1.48181
internal_count=29516 23868 22399 22062 5648 3939 337 3535 1469 1345 404 1709 1646
is_linear=0
shrinkage=0.04


Tree=66
num_leaves=15
num_cat=0
split_feature=10 11 13 7 11 7 32 7 13 8 30 33 19 18
split_gain=1.7774 5.11939 2.31039 3.07932 2.07342 2.85758 2.6541 2.06854 1.91649 4.42358 3.18868 2.84089 2.56726 2.35766
threshold=0.055530121549963958 0.026453303173184398 0.76206555962562572 -0.34505844116210932 0.014625122305005791 -0.35618126392364496 0.02790758047767394 -0.53718146681785572 0.76206555962562572 -0.57115811109542836 3.5000000000000004 0.21748226305257415 0.56316489361702138 -0.00070879163104109455
decision_type=2 2 2 2 2 2 2 2 2 2 2 2 2 2
left_child=1 4 3 -3 6 -6 -1 -4 9 -2 11 -10 -11 -12
right_child=8 2 7 -5 5 -7 -8 -9 10 12 13 -13 -14 -15
leaf_value=-0.076171032217575818 -0.063408257303963309 -0.10114447737031532 0.043472913707711947 -0.030395283502680781 0.032278343906339477 -0.029885315031473358 -0.00075364879234372112 -0.023278546092413054 -0.045907742561940149 0.029633481322515195 -0.025071613763585635 -0.005792117325846907 -0.0012417621178543079 0.0076124808114582856
leaf_weight=0.83342463560984636 1.1196852994326061 1.3855462099309077 0.86842101416550566 3.3990219671686628 6.2314282899606042 1.4604627584049001 7.1675889898906462 5.1342595155874733 3.9840109916840438 11.895273860354793 3.8789823187253196 9.7052176632278115 6.7563450483867191 39.390902761893813
leaf_count=129 163 161 7 3114 70 1377 2959 3506 912 1360 1577 4157 1997 8027
internal_value=-8.66032e-11 -0.0089354 -0.0301485 -0.0508833 0.00564645 0.0204753 -0.00860949 -0.0136215 0.00308366 0.0138135 -0.00064082 -0.0174671 0.0184493 0.00468247
internal_weight=103.211 26.4802 10.7872 4.78457 15.6929 7.69189 8.00101 6.00268 76.7304 19.7713 56.9591 13.6892 18.6516 43.2699
internal_count=29516 11323 6788 3275 4535 1447 3088 3513 18193 3520 14673 5069 3357 9604
is_linear=0
shrinkage=0.04


Tree=67
num_leaves=12
num_cat=0
split_feature=17 17 16 34 0 13 34 16 5 1 6
split_gain=1.70264 1.94043 2.10006 2.40748 1.66595 1.62036 1.46609 0.883392 0.698068 0.550963 0.347453
threshold=-0.036475479602813714 -0.02811692655086517 0.27842377260981915 0.74472536277040868 -0.0033102262532338496 0.76206555962562572 0.46302510564255533 0.12347560975609757 0.048801332712173469 0.096233297139406218 0.13594094663858416
decision_type=2 2 2 2 2 2 2 2 2 2 2
left_child=4 6 3 -3 9 -4 8 -8 -2 10 -1
right_child=1 2 5 -5 -6 -7 7 -9 -10 -11 -12
leaf_value=-0.044110742199196244 -0.045823029483041594 -0.023523179295490953 0.011010167699952533 0.0016710824402815137 0.016767200112079623 -0.0020404864424216204 0.032679454646646497 0.0061302057865952036 0.025504459102845187 -0.0036123334637227036 -0.082161806418912478
leaf_weight=1.5458036396157706 0.78650533588370197 12.145826641222813 24.358828735697898 12.128099120745899 0.97301745248841953 40.580864670075243 5.6504646926186961 3.1083524899586337 0.30454036933952011 0.42661670822417352 0.51084377826191474
leaf_count=809 577 6421 5535 2095 134 12735 466 446 71 132 95
internal_value=8.99348e-11 0.000962864 -0.000897299 -0.0109352 -0.0275975 0.0028548 0.017811 0.0232576 -0.0259136 -0.0449809 -0.0535621
internal_weight=102.52 99.0635 89.2136 24.2739 3.45628 64.9397 9.84986 8.75882 1.09105 2.48326 2.05665
internal_count=29516 28346 26786 8516 1170 18270 1560 912 648 1036 904
is_linear=0
shrinkage=0.04


Tree=68
num_leaves=7
num_cat=0
split_feature=10 14 4 4 34 4
split_gain=1.67049 2.86441 2.35028 2.38447 1.44897 0.501463
threshold=1.0587362647056582 0.13519372791051867 -0.46173810958862299 -0.37906940281391138 0.99317398192153583 -0.35185188055038447
decision_type=2 2 2 2 2 2
left_child=1 2 -1 -4 5 -3
right_child=-2 4 3 -5 -6 -7
leaf_value=-0.064078000174344757 0.032720977468999574 -0.07506309303064819 0.018900952750722125 -0.0011139176048290812 -0.0030512847141463627 -0.037768771195398218
leaf_weight=0.89230867745936748 2.4368892239581319 1.0454973074374723 10.734136462444438 84.456368072045734 1.4037663316121323 1.2869543944834725
leaf_count=198 105 221 492 27862 150 488
internal_value=-2.20821e-09 -0.000798822 0.000537355 0.00114305 -0.0351608 -0.0544856
internal_weight=102.256 99.819 96.0828 95.1905 3.73622 2.33245
internal_count=29516 29411 28552 28354 859 709
is_linear=0
shrinkage=0.04


Tree=69
num_leaves=11
num_cat=0
split_feature=33 7 7 18 32 26 12 7 29 32
split_gain=1.67329 2.2468 1.92484 2.96821 1.79799 2.84417 2.71478 1.54104 2.65315 0.629867
threshold=0.94487142022209247 0.3271839320659638 0.64344951510429393 0.21440003812313083 0.02790758047767394 -0.11240136623382567 0.079505693167448058 0.3271839320659638 0.016872017644345764 0.95517604286261015
decision_type=2 2 2 2 2 2 2 2 2 2
left_child=1 4 7 -4 5 -1 -6 8 -2 -9
right_child=2 -3 3 -5 6 -7 -8 9 -10 -11
leaf_value=0.021422055533456046 0.032158817252259712 -0.060350561170279926 -0.061290564395013271 0.016583003390945678 -0.023818825020572216 -0.024370027033927748 -0.0010548701387133176 0.035169103204534556 -0.026235629631308474 0.015629572023366862
leaf_weight=10.408814852067733 2.1580682144558549 1.0579387806938019 1.3960305649670766 1.7837795958621425 9.7545549324422591 2.7418278540426391 59.580431469716132 5.1989640871179272 2.9421033707621973 5.362017607956659
leaf_count=366 149 153 281 61 3514 354 23397 145 824 272
internal_value=-2.0471e-09 -0.00242842 0.010768 -0.0176058 -0.00168553 0.0118747 -0.00425747 0.0165289 -0.00152681 0.0252485
internal_weight=102.385 83.5436 18.841 3.17981 82.4856 13.1506 69.335 15.6612 5.10017 10.561
internal_count=29516 27784 1732 342 27631 720 26911 1390 973 417
is_linear=0
shrinkage=0.04


Tree=70
num_leaves=8
num_cat=0
split_feature=15 15 11 4 13 36 20
split_gain=1.68411 1.96193 2.02831 3.10608 2.31335 1.55217 0.3612
threshold=86.316814422607436 79.141479492187514 0.65149846673011791 -0.46173810958862299 1.0212485790252688 0.90428780034514811 0.95293466223698797
decision_type=2 2 2 2 2 2 2
left_child=1 2 3 -1 -4 6 -3
right_child=-2 5 4 -5 -6 -7 -8
leaf_value=-0.060514097418766094 0.026894973600873985 -0.075485323762342238 0.022668678905586565 -0.0016261281060905802 -0.010364510973535069 0.0061532602593683339 -0.03544494103664373
leaf_weight=1.4597483123361588 3.5941915188159319 0.97262157875229538 11.373846763628537 78.52779457019642 4.8335407485719761 0.86985916696721677 0.57273922197055072
leaf_count=306 224 291 697 26866 860 155 117
internal_value=-1.7834e-10 -0.000980281 -8.62708e-05 -0.00270082 0.0128172 -0.0365875 -0.0606456
internal_weight=102.204 98.6102 96.1949 79.9875 16.2074 2.41522 1.54536
internal_count=29516 29292 28729 27172 1557 563 408
is_linear=0
shrinkage=0.04


Tree=71
num_leaves=14
num_cat=0
split_feature=33 32 16 15 34 8 7 25 7 9 35 20 2
split_gain=1.55973 2.37365 3.25049 2.44226 3.33644 2.62584 1.6373 2.33283 1.45629 2.62072 1.02437 0.858631 0.572132
threshold=0.94487142022209247 0.89722826782742293 0.22361111111111112 70.529232025146499 0.42950869041473072 -0.40993164479732508 0.64344951510429393 0.14844363927841189 0.3271839320659638 21.500000000000004 -0.0047187814489006987 0.65571120689655182 0.05274899676442147
decision_type=2 2 2 2 2 2 2 2 2 2 2 2 2
left_child=1 3 10 5 -5 -1 8 -8 9 -2 -3 -4 -10
right_child=6 2 11 4 -6 -7 7 -9 12 -11 -12 -13 -14
leaf_value=0.0024415262180737594 0.010543380159343488 0.023282884337744388 -0.070633038908607088 -0.047515628321271867 0.02730133462594066 -0.01468217723910124 -0.055362588319308327 0.014936535850940194 0.034613245561624172 -0.068901165273748524 -0.022278961168475175 -0.033176554209057095 0.015831805789121519
leaf_weight=45.802560173586244 4.2064969036437132 2.0387114157783803 1.5796578148438127 1.0759854608331796 8.390153877087867 20.850951663946034 1.3573188107402523 1.7027597635751588 4.6956992845807672 0.78898522944655258 1.2885778288473364 2.576056973048253 5.8012383700115606
leaf_count=6106 692 145 509 727 946 18249 286 56 122 281 323 779 295
internal_value=5.24008e-10 -0.00232833 -0.0238249 -0.000215095 0.0187971 -0.00291521 0.0104921 -0.0162451 0.0157733 -0.00200407 0.00563789 -0.0474144 0.0242335
internal_weight=102.155 83.6027 7.483 76.1197 9.46614 66.6535 18.5525 3.06008 15.4924 4.99548 3.32729 4.15571 10.4969
internal_count=29516 27784 1756 26028 1673 24355 1732 342 1390 973 468 1288 417
is_linear=0
shrinkage=0.04


Tree=72
num_leaves=14
num_cat=0
split_feature=33 32 6 21 26 31 12 13 28 10 21 12 32
split_gain=1.58908 1.87399 2.46029 3.8548 2.453 4.10999 2.42214 1.50272 2.14075 1.92331 1.55167 0.916052 0.769127
threshold=0.94487142022209247 0.02790758047767394 -0.17885843664407727 0.086335403726708088 -0.11240136623382567 0.0083160442600276642 0.079505693167448058 0.73833855986595165 0.43397000432014471 0.13068488985300067 0.76516544117647067 0.027714748866856102 0.95517604286261015
decision_type=2 2 2 2 2 2 2 2 2 2 2 2 2
left_child=1 4 3 -3 11 -6 -4 12 10 -10 -9 -1 -2
right_child=7 2 6 -5 5 -7 -8 8 9 -11 -12 -13 -14
leaf_value=0.03324662755089499 0.039175535059323689 0.006813999271038193 -0.024621308975630446 -0.067400036786818107 0.036148677158091086 -0.064120455199041193 -0.00024927877368374827 0.034037814976906708 0.022801881430816122 -0.030561946040672451 -0.0035346833197377726 0.0092750603717716377 0.0099187438448325813
leaf_weight=4.8224285505712015 3.5044448513945126 2.061144083243561 7.3459889809892038 2.4519961123296525 1.1211387927760363 1.5700306549842933 58.330163180275122 3.930415201262802 1.4835283448337575 3.9789418297295924 3.1827709344215691 5.4143130998127162 2.4377822423120961
leaf_count=67 184 282 3128 757 12 342 22897 248 81 512 522 299 185
internal_value=-2.25661e-09 -0.00236081 -0.00493848 -0.0335066 0.0116341 -0.0223484 -0.00297533 0.0105965 0.00276373 -0.0160691 0.0172261 0.0205678 0.027173
internal_weight=101.635 83.1172 70.1893 4.51314 12.9279 2.69117 65.6762 18.5179 12.5757 5.46247 7.11319 10.2367 5.94223
internal_count=29516 27784 27064 1039 720 354 26025 1732 1363 593 770 366 369
is_linear=0
shrinkage=0.04


Tree=73
num_leaves=13
num_cat=0
split_feature=22 13 22 13 34 21 16 20 38 30 7 9
split_gain=2.05489 2.69748 2.14316 2.28742 2.96028 2.53337 1.51312 1.49018 1.16214 0.759469 0.561426 0.42651
threshold=0.31729936599731451 1.0655634403228762 0.19856202602386477 1.4496195316314699 0.70751508150429998 0.070598006644518277 0.17047223663726002 0.72281323877068571 0.96178188899707895 4.5000000000000009 0.087297264486551299 9.5000000000000018
decision_type=2 2 2 2 2 2 2 2 2 2 2 2
left_child=2 11 3 5 -5 -1 -3 10 -9 -8 -4 -2
right_child=1 6 7 4 -6 -7 9 8 -10 -11 -12 -13
leaf_value=0.014523101508253018 0.039570530192907606 0.028000359288420599 -0.034266023486868663 -0.028105219504459728 0.019102848376752458 -0.0069790219993964 -0.051694316422209584 0.0019164154298184411 -0.055185906332616989 -0.0043211461887973819 -0.081981808335809175 0.020243250490645709
leaf_weight=10.302346462005515 3.7468900203239155 0.96211275778478045 0.73628496887977124 2.4758396787801784 15.010726054548284 58.831925117323408 1.3035735034209213 2.321761986240745 0.75592251663329069 0.92614686873275776 0.85001821460900828 3.565104435372632
leaf_count=1195 66 62 255 1736 2059 22406 402 543 241 159 127 265
internal_value=-1.91171e-09 0.0167545 -0.00192788 -0.000505694 0.0124189 -0.00377479 -0.0139261 -0.0283411 -0.0121087 -0.0320172 -0.0598345 0.0301471
internal_weight=101.789 10.5038 91.2848 86.6208 17.4866 69.1343 3.19183 4.66399 3.07768 2.22972 1.5863 7.31199
internal_count=29516 954 28562 27396 3795 23601 623 1166 784 561 382 331
is_linear=0
shrinkage=0.04


Tree=74
num_leaves=12
num_cat=0
split_feature=22 13 13 18 15 21 34 32 13 8 35
split_gain=1.86113 2.17708 1.82864 3.26729 2.92177 2.20544 2.03177 1.4498 0.505241 0.370867 0.211424
threshold=0.31729936599731451 0.94280949234962474 1.4496195316314699 0.073865365236997618 79.141479492187514 0.070598006644518277 0.70751508150429998 0.94152390163028477 1.3658757805824282 -0.044272065162658684 0.12049794942140581
decision_type=2 2 2 2 2 2 2 2 2 2 2
left_child=2 -2 4 6 5 -1 -4 8 -3 -6 -5
right_child=1 7 3 10 9 -7 -8 -9 -10 -11 -12
leaf_value=0.013621471901123821 0.031488071069851874 -0.019924891696605877 -0.024307627703524428 -0.024912111990454747 -0.074120832055889707 -0.006409180843786633 0.020139701433931068 0.010891503852955106 -0.068410973725409552 -0.030856935220890561 -0.053087556332495095
leaf_weight=10.275580447312676 6.0742389182560128 0.93855275225359924 1.8556618033617329 0.70545902915182424 1.0069746590161228 61.028373948545777 14.530600725556722 2.9213946425588802 0.5426896273274906 0.46268484776373853 1.0761584099673198
leaf_count=1195 211 301 1391 332 361 22815 1747 267 175 123 598
internal_value=-1.0001e-09 0.0159645 -0.00183918 0.00951295 -0.00467323 -0.00352257 0.0151063 -0.00545312 -0.037689 -0.0605003 -0.0419311
internal_weight=101.418 10.4769 90.9415 18.1679 72.7736 71.304 16.3863 4.40264 1.48124 1.46966 1.78162
internal_count=29516 954 28562 4068 24494 24010 3138 743 476 484 930
is_linear=0
shrinkage=0.04


Tree=75
num_leaves=9
num_cat=0
split_feature=22 13 4 7 33 19 33 2
split_gain=1.96337 2.04633 1.66643 2.01957 2.46035 1.18427 1.17417 1.77914
threshold=0.31729936599731451 0.94280949234962474 -0.46173810958862299 -0.48934625089168543 0.016043239533287578 0.38673020527859242 0.96887112403100784 0.37533494830131536
decision_type=2 2 2 2 2 2 2 2
left_child=2 -2 5 -4 -5 -1 7 -3
right_child=1 6 3 4 -6 -7 -8 -9
leaf_value=-0.070187790526191535 0.030703649082553401 0.026700062502305017 0.017476452741080763 -0.051844870685356592 -0.0020579257837024696 -0.0078482072525449635 0.019561364509834315 -0.045681034800139506
leaf_weight=0.95850852329749503 6.3406916431849805 0.79587500810157541 8.4673043079674226 1.6208324913750392 78.710792393569136 0.99238142027752474 1.8093344034277832 1.7124588458973447
leaf_count=186 211 54 168 173 27894 141 160 529
internal_value=5.35433e-10 0.0162406 -0.00190742 -0.001104 -0.00306247 -0.0384768 -0.00499898 -0.0227151
internal_weight=101.408 10.6584 90.7498 88.7989 80.3316 1.95089 4.31767 2.50833
internal_count=29516 954 28562 28235 28067 327 743 583
is_linear=0
shrinkage=0.04


Tree=76
num_leaves=10
num_cat=0
split_feature=22 13 7 33 8 13 16 30 9
split_gain=1.95751 1.89331 1.71864 1.749 2.42467 2.05597 1.31202 0.690466 0.374102
threshold=0.31729936599731451 1.0655634403228762 0.64344951510429393 0.94152390163028477 -0.10847239568829535 1.5263922214508059 0.17047223663726002 4.5000000000000009 9.5000000000000018
decision_type=2 2 2 2 2 2 2 2 2
left_child=2 8 3 5 -5 -1 -3 -8 -2
right_child=1 6 -4 4 -6 -7 7 -9 -10
leaf_value=-0.0067689728212508293 0.036650926639329721 0.027884253205142803 -0.049232282371651385 0.023370230691550958 -0.014543799102725186 0.0098279854204767567 -0.048331962235090301 -0.0017335245687465359 0.018740385576984604
leaf_weight=61.778769047930837 3.5104712696629559 0.9812543923617344 1.2107510253845237 9.2302022987278161 3.8139804150268892 14.80364132861723 1.1806185288587587 0.89403807319467876 3.9829873210983351
leaf_count=24106 66 62 197 705 593 2961 402 159 265
internal_value=1.58029e-09 0.0163095 -0.0018941 -0.00125461 0.0122846 -0.00356072 -0.0102261 -0.0282512 0.027131
internal_weight=101.387 10.5494 90.8373 89.6266 13.0442 76.5824 3.05591 2.07466 7.49346
internal_count=29516 954 28562 28365 1298 27067 623 561 331
is_linear=0
shrinkage=0.04


Tree=77
num_leaves=14
num_cat=0
split_feature=22 1 2 22 38 9 8 15 13 19 33 3 8
split_gain=2.32358 1.87164 1.62855 2.83327 2.71935 2.41053 2.69809 1.4541 1.18184 1.15419 1.09455 0.796014 0.090257
threshold=0.31729936599731451 0.23823422193527224 0.20208841562271121 0.11202082037925722 0.78297101449275375 11.500000000000002 -0.49582049250602717 72.935127258300795 0.94280949234962474 0.63733075435203113 0.96887112403100784 0.35448515415191656 -0.087242815643548952
decision_type=2 2 2 2 2 2 2 2 2 2 2 2 2
left_child=2 8 3 4 -1 6 -4 -5 -2 -3 -10 -7 -11
right_child=1 9 5 7 -6 11 -8 -9 10 12 -12 -13 -14
leaf_value=-0.00077320821465423325 0.035551892195512899 0.016814390425316305 -0.068076758591366845 0.0045224866941804701 -0.029385997882335802 -0.01946896185882421 0.0073501035373647987 0.03337160594550629 -0.016166270417504 -0.036715704470681065 0.029542754792141062 -0.056633491202024044 -0.060712333450064111
leaf_weight=62.649961587900179 5.8237917405785975 0.76132296572904934 0.87141239899210621 5.766317876375977 5.8071399395121253 1.5196275677008091 5.871325414744204 5.4257521883700974 1.7476291332859548 0.51066533924313251 1.6107716668630017 2.3451545376447029 0.49279051984194655
leaf_count=20730 127 105 256 1108 3405 412 1809 149 325 185 79 693 133
internal_value=2.33186e-09 0.0174034 -0.0021108 -0.000149982 -0.0032004 -0.0168341 -0.00239785 0.0185081 0.0246543 -0.0203236 0.0057569 -0.0420204 -0.0485003
internal_weight=101.204 10.947 90.2567 79.6492 68.4571 10.6075 6.74274 11.1921 9.18219 1.76478 3.3584 3.86478 1.00346
internal_count=29516 954 28562 25392 24135 3170 2065 1257 531 423 404 1105 318
is_linear=0
shrinkage=0.04


Tree=78
num_leaves=11
num_cat=0
split_feature=22 4 13 13 18 15 16 17 30 36
split_gain=2.71305 2.01098 1.88825 1.68978 2.44196 2.28903 1.34928 0.776647 0.758166 0.459539
threshold=0.31729936599731451 -0.46173810958862299 1.0655634403228762 1.4496195316314699 0.073865365236997618 79.141479492187514 0.17047223663726002 -0.016135969199240204 4.5000000000000009 0.90428780034514811
decision_type=2 2 2 2 2 2 2 2 2 2
left_child=1 7 9 5 -5 -3 -4 -1 -8 -2
right_child=2 3 6 4 -6 -7 8 -9 -10 -11
leaf_value=-0.018652694178308497 0.018734276160450872 -0.0033155775150058193 0.027160360432339374 0.013970148945109886 -0.037272249076391054 -0.055867407987950556 -0.051802848723831334 -0.073158406371196014 -0.0015705058712938203 0.03753235501489291
leaf_weight=0.84062535379780456 4.1071621048613434 68.457367423587129 1.0783357921172858 16.537666843491028 1.635108070942805 1.352358130228821 1.0441758784290867 0.83250473177758866 0.89094764663605008 4.2172058512223884
leaf_count=122 187 23759 62 3092 900 484 402 205 159 144
internal_value=2.53995e-09 -0.0023314 0.018436 -0.00150529 0.00935958 -0.00433361 -0.00869517 -0.0457733 -0.0286754 0.0282576
internal_weight=100.993 89.6556 11.3378 87.9825 18.1728 69.8097 3.01346 1.67313 1.93512 8.32437
internal_count=29516 28562 954 28235 3992 24243 623 327 561 331
is_linear=0
shrinkage=0.04


Tree=79
num_leaves=12
num_cat=0
split_feature=22 14 14 13 13 33 31 16 35 15 13
split_gain=2.99272 1.92342 2.36575 1.83779 1.82671 1.41523 0.784 0.69797 0.65016 0.260601 0.0903603
threshold=0.31729936599731451 0.13519372791051867 0.12161020934581758 0.94280949234962474 1.4496195316314699 0.90167437298584852 0.15876422099598067 0.12632978723404256 0.061336347833275802 43.284759521484382 1.386383652687073
decision_type=2 2 2 2 2 2 2 2 2 2 2
left_child=1 2 4 -2 -1 10 -3 -4 -7 -8 -5
right_child=3 6 7 5 -6 8 9 -9 -10 -11 -12
leaf_value=-0.0059619052528864626 0.030986076855659808 -0.0025217477401797759 0.04402345507986441 -0.035798738178296471 0.0094396213508268906 0.025404879189651036 -0.071876868252983644 0.0128707618216453 -0.0097032813428871382 -0.039835559631785464 -0.061528701222956832
leaf_weight=66.73099763947539 7.4519446665653941 0.71131909522227887 1.9901404337142583 0.57088099615066301 15.111795288947176 1.937825078610331 0.67329041630728159 2.7281201012665406 1.4951209715509319 1.0235810322046743 0.35367846340523101
leaf_count=24016 211 100 46 248 3525 146 190 328 203 357 146
internal_value=-1.4691e-09 -0.00251133 -0.00153035 0.0189197 -0.0031181 -0.00171556 -0.0377722 0.0260108 0.0101145 -0.052549 -0.0456414
internal_weight=100.779 88.9692 86.5611 11.8095 81.8428 4.35751 2.40819 4.71826 3.43295 1.69687 0.924559
internal_count=29516 28562 27915 954 27541 743 647 374 349 547 394
is_linear=0
shrinkage=0.04


Tree=80
num_leaves=13
num_cat=0
split_feature=22 1 21 15 31 19 13 2 32 33 13 36
split_gain=3.00985 2.04808 2.66952 3.24861 2.13792 1.84598 1.79353 1.74867 1.7448 1.01655 0.704436 0.4474
threshold=0.31729936599731451 0.0471225492656231 0.33421985815602845 73.846855163574233 0.43326585695006753 0.54348739495798326 1.0291330814361574 0.0033877438399940733 0.013086166053029655 0.96887112403100784 1.7155006527900698 0.90428780034514811
decision_type=2 2 2 2 2 2 2 2 2 2 2 2
left_child=1 2 8 -4 7 -6 11 -3 -1 10 -8 -2
right_child=6 4 3 -5 5 -7 9 -9 -10 -11 -12 -13
leaf_value=-0.060701473015080581 0.018582359517697069 -0.0025057296933641933 -0.021878013946687296 0.01254529056467308 0.020754359676042715 -0.00022808911264476085 -0.045331547702347756 -0.055591319480676915 0.0033497986109197421 0.018341016134623182 0.0099526569276366713 0.036351774810143067
leaf_weight=0.69785638249595905 4.4580875707906653 3.0478031628299531 23.798208661857647 5.3776446726842542 13.010516416296015 13.850353928195544 1.185489581403089 1.4724953282275235 27.317483044607798 1.3389615086489355 0.53528576012467954 4.612929442548193
leaf_count=123 174 763 12902 588 2042 4024 462 936 7184 138 52 128
internal_value=-6.50021e-10 -0.00255921 -0.00706483 -0.0155332 0.00565214 0.00993511 0.018686 -0.0197985 0.00175429 -0.00779631 -0.0281342 0.0276187
internal_weight=100.703 88.5724 57.1912 29.1759 31.3812 26.8609 12.1308 4.5203 28.0153 3.05974 1.72078 9.07102
internal_count=29516 28562 20797 13490 7765 6066 954 1699 7307 652 514 302
is_linear=0
shrinkage=0.04


Tree=81
num_leaves=12
num_cat=0
split_feature=22 1 1 36 9 2 6 13 7 15 4
split_gain=3.01701 1.98854 2.59912 1.85822 2.8957 2.05137 1.82153 1.59557 1.48926 1.27446 0.851539
threshold=0.31729936599731451 0.0471225492656231 1.0000000180025095e-35 0.75668397144711241 11.500000000000002 -0.0368153229355812 0.26795248687267309 0.94280949234962474 0.4839856624603272 76.951423645019545 0.088876239955425276
decision_type=2 2 2 2 2 2 2 2 2 2 2
left_child=1 2 6 5 -5 -3 -1 -2 -4 10 -9
right_child=7 3 8 4 -6 -7 -8 9 -10 -11 -12
leaf_value=-0.0012604858199464022 0.029154018265446138 -0.038343973002675585 -0.021212913154927994 0.0021625051790577581 -0.050556599909859265 0.015691501617359004 -0.045058402077433071 0.0048696902968925334 -0.09535112609581109 0.019462251639531972 -0.047576065302827361
leaf_weight=44.058837561315158 7.9843052992364374 1.1933254210453039 10.895929170423184 8.6705618928826862 2.0637954858102594 19.378953418607129 1.5735841546556901 0.88942536231479641 0.45148006730596613 2.2589783357980195 1.1179516890551893
leaf_count=13707 211 408 6888 2917 1029 3411 140 300 62 206 237
internal_value=3.0313e-09 -0.00258117 -0.00703095 0.00551767 -0.00797331 0.0125571 -0.00277081 0.0186017 -0.0241627 -0.00114658 -0.0243385
internal_weight=100.537 88.2865 56.9798 31.3066 10.7344 20.5723 45.6324 12.2507 11.3474 4.26636 2.00738
internal_count=29516 28562 20797 7765 3946 3819 13847 954 6950 743 537
is_linear=0
shrinkage=0.04


Tree=82
num_leaves=14
num_cat=0
split_feature=22 1 1 0 22 36 34 1 19 19 9 17 8
split_gain=3.35187 1.93801 2.55321 1.96862 2.29858 1.78358 1.37504 1.19212 1.94517 0.876649 1.64095 0.424518 0.111943
threshold=0.31729936599731451 0.0471225492656231 1.0000000180025095e-35 -0.069163508713245378 -0.017656568437814709 0.85150326797385634 0.77100988700564987 0.23823422193527224 0.63733075435203113 0.94301948051948059 9.5000000000000018 -0.031576042994856827 -0.087242815643548952
decision_type=2 2 2 2 2 2 2 2 2 2 2 2 2
left_child=1 2 5 11 -5 -1 -4 9 -9 10 -2 -3 -10
right_child=7 3 6 4 -6 -7 -8 8 12 -11 -12 -13 -14
leaf_value=-0.00084875832143049498 0.031426190511768336 0.043580731587814711 -0.017228115730602726 -0.030096743322340844 0.0055612134428744972 -0.032527311328539012 -0.052250257851996357 0.026736543783854483 -0.035182018423632229 0.040707694054695133 -0.0092003117038151078 0.018281488150621243 -0.061957707741961271
leaf_weight=43.045511494405218 4.3048990148818103 2.0593191846273839 9.0760529169492639 3.2871945838560412 24.08654622781614 3.0448454592115004 2.2355074489023528 1.2044086719397449 0.49308330620988283 3.6455380118568428 2.5230290890904143 2.1895099618705016 0.50639677769504465
leaf_count=12292 173 102 6080 1384 6059 1555 870 105 185 92 266 220 133
internal_value=-4.77929e-10 -0.00274031 -0.00712076 0.00521117 0.0012792 -0.00294152 -0.0241496 0.0192433 -0.00749635 0.02487 0.016414 0.0305435 -0.0487482
internal_weight=101.702 89.0245 57.4019 31.6226 27.3737 46.0904 11.3116 12.6774 2.20389 10.4735 6.82793 4.24883 0.99948
internal_count=29516 28562 20797 7765 7443 13847 6950 954 423 531 439 322 318
is_linear=0
shrinkage=0.04


Tree=83
num_leaves=14
num_cat=0
split_feature=22 13 18 34 15 3 1 19 1 1 0 35 8
split_gain=3.27715 1.65814 2.56997 2.11494 1.79961 1.85473 1.07435 1.73102 0.8552 1.56039 0.342326 0.341839 0.0889569
threshold=0.31729936599731451 1.4496195316314699 0.06591640412807466 0.70751508150429998 79.141479492187514 0.30806788802146917 0.23823422193527224 0.63733075435203113 0.14031378179788592 -1.0000000180025095e-35 0.061458570882678039 0.12049794942140581 -0.087242815643548952
decision_type=2 2 2 2 2 2 2 2 2 2 2 2 2
left_child=1 4 3 -3 5 -1 8 -8 9 -2 -6 -4 -9
right_child=6 2 11 -5 10 -7 7 12 -10 -11 -12 -13 -14
leaf_value=-0.008267161823666937 0.032934312726144749 -0.025771464416040866 -0.01821927178610851 0.018635676169802176 -0.066456208068247855 0.0072027265484788426 0.025136592394237524 -0.035196679360209898 0.035463133837272495 -0.010896147183793383 -0.02199145436993364 -0.050823733533512105 -0.05981169484674443
leaf_weight=52.898090516697266 2.8171066563809282 1.9494304530380819 1.0556884391116903 14.329386809884452 0.87900387328409013 16.196944642433664 1.1890439870185212 0.46977012607385416 5.3482846611295827 2.4124888324877238 0.40452174004167318 1.0036355805641504 0.46986490726703756
leaf_count=22394 91 1348 421 1691 363 1616 105 185 184 256 121 608 133
internal_value=-1.2038e-09 -0.00272114 0.00799185 0.0133178 -0.00551256 -0.00464078 0.0189989 -0.00692883 0.0242165 0.0127147 -0.0524425 -0.0341094 -0.0475054
internal_weight=101.423 88.7167 18.3381 16.2788 70.3786 69.095 12.7066 2.12868 10.5779 5.2296 1.28353 2.05932 0.939635
internal_count=29516 28562 4068 3039 24494 24010 954 423 531 347 484 1029 318
is_linear=0
shrinkage=0.04


Tree=84
num_leaves=14
num_cat=0
split_feature=33 11 36 21 30 32 37 12 11 33 28 3 5
split_gain=3.19735 2.40652 2.15809 2.33705 2.17579 2.16055 1.85378 1.96865 1.57302 1.55251 1.29783 1.27059 0.837298
threshold=0.90486029122392775 0.32761204242706304 0.82986111111111127 0.9653975095785442 1.5000000000000002 0.89484741264927037 3.5000000000000004 0.80427050590515148 1.1449577808380129 0.079809583407831231 0.39219908416271215 0.24413068592548373 0.11019470170140268
decision_type=2 2 2 2 2 2 2 2 2 2 2 2 2
left_child=2 11 3 5 9 -1 7 -3 -6 -4 -5 12 -2
right_child=1 6 4 10 8 -7 -8 -9 -10 -11 -12 -13 -14
leaf_value=-0.0025457878922872713 -0.016388676150130909 0.020102714726613513 0.037870732658241646 0.00025995512291608706 -0.031741707071807714 -0.045925378376582719 0.042857160553534272 -0.00594687273642282 0.017116237729300758 -0.036591340195735393 0.033774878280768264 -0.071798842224491649 0.065059629948664252
leaf_weight=51.600932764005847 2.0697560161061155 13.798385653237352 1.599885267321951 3.1968789312813888 9.6811696226068289 1.9048284939490248 3.4865369583712882 6.9949217050452708 1.1832095974241372 0.62224987243826024 4.383648542832816 0.64997299935203035 0.22378071153070767
leaf_count=17204 1458 556 42 950 6492 779 126 636 98 560 464 71 80
internal_value=-2.41954e-09 0.0117245 -0.00430322 -0.00114521 -0.0190444 -0.00409012 0.0158654 0.0113396 -0.0264207 0.0170196 0.0196409 -0.022432 -0.00844175
internal_weight=101.396 27.2234 74.1728 61.0863 13.0865 53.5058 24.2798 20.7933 10.8644 2.22214 7.58053 2.94351 2.29354
internal_count=29516 2927 26589 19397 7192 17983 1318 1192 6590 602 1414 1609 1538
is_linear=0
shrinkage=0.04


Tree=85
num_leaves=15
num_cat=0
split_feature=33 13 14 36 21 30 36 28 11 7 2 12 11 28
split_gain=2.87703 1.91848 2.99035 1.86265 2.16666 2.06742 2.03905 1.63441 1.47371 1.44801 1.38717 2.98857 1.22148 1.21178
threshold=0.90486029122392775 0.74290326237678539 0.068849969655275359 0.82986111111111127 0.9653975095785442 1.5000000000000002 0.52619863013698642 0.50368380546569835 1.1449577808380129 -0.40590959787368769 0.14377431571483615 0.61293137073516857 0.61115673184394848 0.39219908416271215
decision_type=2 2 2 2 2 2 2 2 2 2 2 2 2 2
left_child=3 10 12 4 6 9 -1 -4 -7 -5 11 -2 -3 -6
right_child=1 2 7 5 13 8 -8 -9 -10 -11 -12 -13 -14 -15
leaf_value=-0.015901797740252407 0.037473298017001472 -0.040485423486101561 0.022054130799954594 0.043578854098888384 0.00012156643140528577 -0.030613071024565768 0.0011377436211865448 -0.006854947554236236 0.016640838658077452 -0.021845060400724751 0.036006064145948091 -0.053540148908751181 0.0053325897264491452 0.032536678729385586
leaf_weight=16.138142281095497 1.4150842960661996 2.8793410715879899 9.528201893437652 1.3298224986065181 3.1945746378332833 9.4254474873014242 36.995028692253982 4.6590789172914802 1.1892119930707838 0.9128158722887737 6.4700246624706779 0.97499621426686633 1.3757963530952109 4.3685055873647798
leaf_count=7300 271 1122 594 7 950 6492 10683 455 98 595 121 267 97 464
internal_value=-1.44982e-09 0.0110887 0.00373941 -0.00411605 -0.00118639 -0.0179463 -0.00403768 0.0125604 -0.025319 0.0169495 0.0263864 0.000345776 -0.0256713 0.0188448
internal_weight=100.856 27.3025 18.4424 73.5535 60.6963 12.8573 53.1332 14.1873 10.6147 2.24264 8.86011 2.39008 4.25514 7.56308
internal_count=29516 2927 2268 26589 19397 7192 17983 1049 6590 602 659 538 1219 1414
is_linear=0
shrinkage=0.04


Tree=86
num_leaves=15
num_cat=0
split_feature=33 13 8 20 36 3 21 30 7 11 2 8 9 32
split_gain=3.00557 1.97594 2.71988 2.03856 1.67312 2.14139 2.36957 1.80683 1.37087 1.27444 1.23553 2.7914 1.07358 1.0474
threshold=0.90486029122392775 0.74290326237678539 -0.074222166091203676 0.42334401709401714 0.82986111111111127 0.45705455541610723 0.9653975095785442 1.5000000000000002 -0.40590959787368769 1.1449577808380129 0.14377431571483615 -0.18214835226535794 11.500000000000002 0.81263297872340434
decision_type=2 2 2 2 2 2 2 2 2 2 2 2 2 2
left_child=4 10 3 -3 5 6 -1 8 -6 -9 11 -2 -4 -7
right_child=1 2 12 -5 7 13 -8 9 -10 -11 -12 -13 -14 -15
leaf_value=-0.0030994070036019367 0.033477199900229258 -0.015452975560093056 -0.0026808403096029634 0.019048754372563866 0.04270196593311306 -0.0043796890370112005 0.021602154310500485 -0.02945870628863944 -0.022134053244448611 0.014920737201772184 0.035261056271384372 -0.061221410984026545 -0.049513386613250221 -0.066089849209416435
leaf_weight=51.706652838125592 1.4408166424982485 3.5882494680408881 1.3599637886363773 11.592002917008356 1.2588687648531052 0.69652179660624725 7.0622381695720824 9.199183186166918 0.89113057668146112 1.1666221596242383 6.731894862576155 0.76111453832709397 1.8465971134719437 1.1951952331583013
leaf_count=17615 211 386 243 1156 7 243 1351 6492 595 98 121 327 483 188
internal_value=1.27832e-09 0.0113211 0.00382268 0.0108934 -0.00422675 -0.0014794 -0.000131029 -0.0175424 0.0158288 -0.024464 0.0267536 0.000743893 -0.0296508 -0.0433684
internal_weight=100.497 27.3206 18.3868 15.1803 73.1764 60.6606 58.7689 12.5158 2.15 10.3658 8.93383 2.20193 3.20656 1.89172
internal_count=29516 2927 2268 1542 26589 19397 18966 7192 602 6590 659 538 726 431
is_linear=0
shrinkage=0.04


Tree=87
num_leaves=14
num_cat=0
split_feature=12 32 12 12 6 3 14 4 30 7 8 38 0
split_gain=2.82356 2.57477 2.36506 2.8148 2.13647 1.79541 1.79112 5.14574 2.44881 0.42004 0.279837 0.278998 0.108482
threshold=0.59315791726112377 0.91590852700355641 0.61293137073516857 0.65338206291198742 0.19209047406911853 0.25979138910770422 0.073270399123430266 -0.3451858758926391 4.5000000000000009 0.026805566623806957 -0.32529291510581965 0.96899038461538478 -0.040378643199801438
decision_type=2 2 2 2 2 2 2 2 2 2 2 2 2
left_child=1 6 11 9 -5 10 7 -1 -8 -4 -3 12 -2
right_child=2 5 3 4 -6 -7 8 -9 -10 -11 -12 -13 -14
leaf_value=-0.070357457098719683 0.036618800635622055 -0.053003553798911168 -0.030564482559008902 -0.021443325560255487 0.012578186020654294 -0.087969251988722949 0.01043779918476557 -0.0051354119744277697 -0.023942596654159841 -0.075836692604505956 -0.0070340635392286653 0.046748759305769695 0.018114237432187853
leaf_weight=2.0393466008245005 0.92171929363394189 0.26462618040386598 0.70564218109939492 3.3811041006847544 23.341579520347295 0.96159271959913883 21.454255349410236 37.985363220301224 3.9204972639563485 0.61254996972274967 1.0629506491677594 2.2963901525945403 1.1263098245981371
leaf_count=515 49 129 386 1496 1638 135 3328 19523 1179 174 677 34 253
internal_value=1.61933e-09 -0.00464744 0.00971364 0.00545886 0.00827359 -0.0463459 -0.00318788 -0.00845862 0.0051259 -0.051602 -0.0161972 0.0371759 0.0264423
internal_weight=100.074 67.6886 32.3853 28.0409 26.7227 2.28917 65.3995 40.0247 25.3748 1.31819 1.32758 4.34442 2.04803
internal_count=29516 25486 4030 3694 3134 941 24545 20038 4507 560 806 336 302
is_linear=0
shrinkage=0.04


Tree=88
num_leaves=13
num_cat=0
split_feature=33 7 9 3 8 35 32 20 36 30 5 37
split_gain=2.67452 1.96179 2.19148 1.76067 4.42631 1.62398 1.64552 2.35719 1.11179 0.816866 1.07534 0.741219
threshold=0.90486029122392775 0.64344951510429393 11.500000000000002 0.38115662336349493 -0.17029474675655362 0.1555348336696625 0.025263269864907994 0.85391260162601634 0.70523049645390079 1.5000000000000002 0.16536910831928256 2.5000000000000004
decision_type=2 2 2 2 2 2 2 2 2 2 2 2
left_child=5 3 -3 4 -2 6 8 -8 -1 -7 -11 -5
right_child=1 2 -4 11 -6 9 7 -9 -10 10 -12 -13
leaf_value=-0.0076187155809404709 0.024746996359491309 0.010265393398348088 -0.062698682529706395 0.016561356232683979 -0.030579666624519941 0.017774367153067589 -0.0095252121529576603 0.0090592454612559697 0.02255361146887316 -0.037560719226534339 0.0015969112990131002 0.035477201104369048
leaf_weight=2.7929298229864781 5.3299551053787608 1.4984236168675118 1.1751629277277968 10.053822096087968 4.0882507893547908 0.70806151878787105 41.774566690888605 14.784419362433253 6.505198628467042 4.4448523574101273 1.5010468074469825 4.9445661316276519
leaf_count=308 781 53 289 334 1310 172 18232 4416 207 2745 509 160
internal_value=-1.39624e-09 0.0107237 -0.0218056 0.0142857 0.000730822 -0.0040064 -0.00210363 -0.00466727 0.0134906 -0.0228389 -0.0276753 0.0227974
internal_weight=99.6013 27.0902 2.67359 24.4166 9.41821 72.5111 65.8571 56.559 9.29813 6.65396 5.9459 14.9984
internal_count=29516 2927 342 2585 2091 26589 23163 22648 515 3426 3254 494
is_linear=0
shrinkage=0.04


Tree=89
num_leaves=14
num_cat=0
split_feature=33 7 11 11 37 35 16 37 30 3 1 33 29
split_gain=2.68202 1.76276 1.85146 1.65548 1.55318 1.41313 1.54735 1.28061 0.805417 0.655634 0.101924 0.220189 0.0333315
threshold=0.90486029122392775 0.64344951510429393 1.3890390396118166 0.32761204242706304 3.5000000000000004 0.1555348336696625 0.28708791208791212 3.5000000000000004 1.5000000000000002 0.24413068592548373 -0.012193995062261818 0.17570394662444874 0.017055679112672809
decision_type=2 2 2 2 2 2 2 2 2 2 2 2 2
left_child=4 3 -3 9 5 6 -1 -5 -7 -2 12 -12 -6
right_child=1 2 -4 7 10 8 -8 -9 -10 -11 11 -13 -14
leaf_value=-0.0084692087037272715 -0.0058901195481902624 -0.052329408218274455 0.015570258231883041 0.01323567207940605 -0.056212880945434363 0.021458405971418605 0.0042752777413360664 0.038905169802117799 -0.02580023856078149 -0.055746539929183596 0.0083836227541703306 -0.030905168855609875 -0.037841560753525398
leaf_weight=25.895500327620539 2.2059159381315179 1.3821202139224618 1.20076680049533 18.255468214862052 0.19044388587644812 0.64335224241949518 37.05327969454811 3.7480086437426499 5.5948873991146684 0.52186743260244828 0.26069503586040754 1.832913200574694 0.92791700555244461
leaf_count=8867 1506 248 94 889 183 122 11611 123 2996 67 189 1781 840
internal_value=6.48372e-11 0.0106804 -0.0207633 0.0139643 -0.00402942 -0.00276707 -0.000967474 0.0176081 -0.0209264 -0.0154284 -0.0312208 -0.0260129 -0.04097
internal_weight=99.7131 27.3141 2.58289 24.7313 72.399 69.187 62.9488 22.0035 6.23824 2.72778 3.21197 2.09361 1.11836
internal_count=29516 2927 342 2585 26589 23596 20478 1012 3118 1573 2993 1970 1023
is_linear=0
shrinkage=0.04


Tree=90
num_leaves=13
num_cat=0
split_feature=12 12 7 32 3 14 4 30 37 3 20 8
split_gain=2.5355 2.16246 2.68366 1.98275 1.58578 1.53733 4.46865 2.05246 1.42115 0.42844 0.339451 0.304709
threshold=0.59315791726112377 0.61293137073516857 0.022083574905991558 0.91590852700355641 0.25979138910770422 0.073270399123430266 -0.3451858758926391 4.5000000000000009 3.5000000000000004 0.23801162093877795 0.94365079365079374 -0.32529291510581965
decision_type=2 2 2 2 2 2 2 2 2 2 2 2
left_child=3 10 9 5 11 6 -1 -7 -4 -3 -2 -5
right_child=1 2 8 4 -6 7 -8 -9 -10 -11 -12 -13
leaf_value=-0.068533320770661335 0.02538664338820858 -0.018467874269351117 0.0046787256472457994 -0.054103959437029968 -0.084317735297705226 0.0094216117575221733 -0.0050997502974803877 -0.022229141889548752 0.031649925286439201 -0.058004115070557506 0.047990917129301591 -0.0055074722614715287
leaf_weight=1.8648560263682146 2.3383756199473273 0.74084739901445829 22.551160332732255 0.25457166365231398 0.85634877567645151 21.30979469744489 37.665777429923764 3.8740956172405268 3.6287708696036125 1.074768164893612 1.9488418778782941 1.0918909462343427
leaf_count=515 266 807 2203 129 135 3328 19523 1179 323 361 70 677
internal_value=5.54243e-10 0.00920703 0.00515575 -0.00444172 -0.0417613 -0.00317141 -0.00809223 0.0045527 0.00841717 -0.0418717 0.0356619 -0.0146955
internal_weight=99.2001 32.2828 27.9955 66.9173 2.20281 64.7145 39.5306 25.1839 26.1799 1.81562 4.28722 1.34646
internal_count=29516 4030 3694 25486 941 24545 20038 4507 2526 1168 336 806
is_linear=0
shrinkage=0.04


Tree=91
num_leaves=13
num_cat=0
split_feature=1 1 15 6 31 19 33 8 3 17 11 37
split_gain=2.62655 2.52955 2.07104 3.60111 1.59079 1.52582 1.44656 1.38255 1.56887 1.04134 1.03123 0.348554
threshold=0.0471225492656231 1.0000000180025095e-35 76.951423645019545 0.25683976709842687 0.21748226305257415 0.97590011614401873 0.90486029122392775 -0.5290844440460204 0.39762426912784582 -0.016135969199240204 0.28509512543678289 1.0000000180025095e-35
decision_type=2 2 2 2 2 2 2 2 2 2 2 2
left_child=1 2 3 -1 9 6 -6 -3 -9 -2 -7 -11
right_child=4 7 -4 -5 5 10 -8 8 -10 11 -12 -13
leaf_value=-0.0017160502434163431 0.01436217625785861 -0.064577603275067355 0.030263931972155725 -0.071408811250900123 0.0043890178539888278 0.0073303347644300401 0.020313176473625853 -0.011774699526636082 -0.058785802519035868 -0.078707020914423928 -0.039401202729339384 -0.03176784055745073
leaf_weight=42.218687518237857 0.50577930695726525 1.1305793357023493 3.0809942301129913 1.2205582179012697 20.650550962367561 1.3921058896667085 16.356956828443799 8.6998268932802585 1.3063625159848005 0.52121443831128889 1.6522847230080513 0.4920859097619541
leaf_count=13612 80 214 165 163 5786 525 1061 6549 261 137 602 361
internal_value=-1.88871e-09 -0.00552593 -0.00142658 -0.00367428 0.0076642 0.00918808 0.0114273 -0.0226496 -0.0179123 -0.0325142 -0.0180323 -0.0559121
internal_weight=99.228 57.657 46.5202 43.4392 41.571 40.0519 37.0075 11.1368 10.0062 1.51908 3.04439 1.0133
internal_count=29516 20964 13940 13775 8552 7974 6847 7024 6810 578 1127 498
is_linear=0
shrinkage=0.04


Tree=92
num_leaves=11
num_cat=0
split_feature=1 32 15 6 7 31 9 2 35 9
split_gain=2.34304 2.70906 2.08439 2.13856 2.51732 1.78646 1.33676 1.23352 1.21708 1.29858
threshold=0.071165986359119429 0.98449519230769245 75.838386535644545 0.25683976709842687 0.15968251973390582 0.43326585695006753 10.500000000000002 0.010780088137835266 0.032985648140311248 12.500000000000002
decision_type=2 2 2 2 2 2 2 2 2 2
left_child=2 5 3 4 -1 7 -7 -2 -4 -10
right_child=1 -3 8 -5 -6 6 -8 -9 9 -11
leaf_value=-0.0083160547035040673 -0.00097663411542729325 -0.051805089349524977 0.028691760688619009 -0.04335313239396426 0.019187730858035618 0.01993491913652912 0.0032497346789725308 -0.057573062022578267 0.025817239095775293 -0.04305785411254736
leaf_weight=49.003648631696706 1.7446763627813191 1.1625999501848117 4.4180148442392229 2.4728582566021933 5.9734730681375359 18.355674995546 13.212849509858641 0.95255504365195509 0.82704377775371518 0.93106629058456747
leaf_count=21612 491 282 194 276 529 2940 2166 614 44 368
internal_value=2.53539e-09 0.00824433 -0.00459061 -0.00696442 -0.00532766 0.0102817 0.0129514 -0.0209642 0.0174904 -0.0106579
internal_weight=99.0545 35.4284 63.6261 57.45 54.9771 34.2658 31.5685 2.69723 6.17612 1.75811
internal_count=29516 6493 23023 22417 22141 6211 5106 1105 606 412
is_linear=0
shrinkage=0.04


Tree=93
num_leaves=14
num_cat=0
split_feature=12 12 7 37 15 12 8 18 35 33 3 20 32
split_gain=2.21238 2.23861 2.26751 1.66257 1.5615 3.01706 1.71953 1.4962 1.49573 1.23707 0.382187 0.324838 0.180383
threshold=0.59315791726112377 0.61293137073516857 0.022083574905991558 3.5000000000000004 50.592393875122077 0.19087555259466174 -0.42296577990055079 -0.043198149651288979 0.14776502549648288 0.048641838741396271 0.23801162093877795 0.94365079365079374 0.25536520217371289
decision_type=2 2 2 2 2 2 2 2 2 2 2 2 2
left_child=4 11 10 -4 7 9 -7 12 -9 -6 -3 -2 -1
right_child=1 2 3 -5 5 6 -8 8 -10 -11 -12 -13 -14
leaf_value=-0.054428688235682032 0.024903069699036919 -0.017726183702394763 0.0030961007677987578 0.031036669320056824 -0.078551078665135193 0.015920496279194431 -0.014616122583320422 0.0031448174041385593 -0.022306540532533052 -0.02886113190848176 -0.055657958314917363 0.046853699389164775 -0.027169094634565717
leaf_weight=0.65817616198910289 2.2602796914725323 0.73327256378252315 22.172560142906153 4.0261851754912632 1.3177814639639138 4.0333673627756079 10.989075734963986 42.45431277154421 4.0465931154612909 2.0466806656477274 1.0109282494813667 2.0634110738610616 0.94757132808445022
leaf_count=239 266 807 2203 323 237 793 7295 13203 1892 1406 361 70 421
internal_value=-1.94246e-10 0.00859432 0.00444991 0.00738997 -0.00417048 -0.0140854 -0.00641736 -0.000380878 0.000929994 -0.0483235 -0.0397112 0.0353787 -0.0383425
internal_weight=98.7602 32.2666 27.9429 26.1987 66.4936 18.3869 15.0224 48.1067 46.5009 3.36446 1.7442 4.32369 1.60575
internal_count=29516 4030 3694 2526 25486 9731 8088 15755 15095 1643 1168 336 660
is_linear=0
shrinkage=0.04


Tree=94
num_leaves=13
num_cat=0
split_feature=1 1 1 28 4 31 3 33 3 4 28 7
split_gain=2.00947 2.0117 1.67952 1.96167 1.77236 1.52612 1.52864 1.49729 1.24371 1.68081 0.495684 0.14796
threshold=0.0471225492656231 1.0000000180025095e-35 -0.015964526683092114 0.18223639577627185 -0.29442819952964777 0.20532757805108801 1.0055056214332583 0.90486029122392775 0.39762426912784582 0.25366942584514623 0.53196990489959728 -0.32626327872276301
decision_type=2 2 2 2 2 2 2 2 2 2 2 2
left_child=1 2 4 -4 -1 10 7 -7 9 -3 11 -2
right_child=5 8 3 -5 -6 6 -8 -9 -10 -11 -12 -13
leaf_value=0.0057424446227797923 -0.084377084093884336 -0.024510853101808859 -0.031085014932413696 0.017014418723983772 -0.013202672802382062 0.0027714956159514506 -0.03723110911337358 0.018622182323035596 -0.059022417931035812 0.016386456969438315 -0.012519972717096635 -0.044617009490215152
leaf_weight=12.787450340925711 0.27871288353344426 7.4546460004275996 1.5452906377468014 11.112691846588858 20.675824669844591 22.971109812016948 1.1604638025455631 16.302185343301971 1.1927626410906658 2.050030304279062 0.64321679444401525 0.3236437908199139
leaf_count=1290 59 6562 1209 3456 7985 6649 204 1171 269 193 206 263
internal_value=1.42659e-09 -0.0048933 -0.00126849 0.0111424 -0.0059631 0.00667072 0.00801413 0.00935105 -0.0205214 -0.0156899 -0.0369389 -0.0630142
internal_weight=98.498 56.8187 46.1213 12.658 33.4633 41.6793 40.4338 39.2733 10.6974 9.50468 1.24557 0.602357
internal_count=29516 20964 13940 4665 9275 8552 8024 7820 7024 6755 528 322
is_linear=0
shrinkage=0.04


Tree=95
num_leaves=12
num_cat=0
split_feature=1 32 17 4 1 31 38 2 15 32 7
split_gain=1.83587 2.53017 1.94037 1.79449 2.11409 1.55078 1.30184 1.17621 1.14119 0.0387964 0.036466
threshold=0.071165986359119429 0.98449519230769245 -0.047059558331966393 0.25366942584514623 1.0000000180025095e-35 0.43326585695006753 0.68544973544973564 0.010780088137835266 66.548503875732436 0.72545001607200266 -0.35618126392364496
decision_type=2 2 2 2 2 2 2 2 2 2 2
left_child=2 5 9 4 -4 7 -7 -2 -5 10 -1
right_child=1 -3 3 8 -6 6 -8 -9 -10 -11 -12
leaf_value=-0.064338846562641536 -0.00059973570485747122 -0.051772211522585224 -0.0021767791941024297 -0.0094674945208455662 -0.022013415329933173 0.022947564407953293 0.0058375220801724585 -0.05693993862671879 0.017567885744389552 -0.069851792711798019 -0.045413301578451755
leaf_weight=0.28067102673230693 1.6731286085851018 1.1248798497690575 37.773302827132284 3.4298172732524099 11.1288480713265 10.742063898607741 21.072119377276977 0.91827844060026098 9.1962412233115156 0.34611308661988005 0.38820198499888536
leaf_count=76 491 282 13092 629 8478 1618 3488 614 365 111 272
internal_value=-6.55702e-10 0.00726096 -0.00412492 -0.00322001 -0.00669108 0.00919104 0.0116147 -0.0205642 0.0102238 -0.0589803 -0.0533548
internal_weight=98.0737 35.5305 62.5432 61.5282 48.9022 34.4056 31.8142 2.59141 12.6261 1.01499 0.668873
internal_count=29516 6493 23023 22564 21570 6211 5106 1105 994 459 348
is_linear=0
shrinkage=0.04


Tree=96
num_leaves=12
num_cat=0
split_feature=20 11 11 36 7 7 13 4 6 33 12
split_gain=1.8832 2.19056 1.9872 1.98514 1.87494 2.17277 1.87135 1.86813 1.60566 1.03966 0.0234657
threshold=0.9223227752639519 1.0003732442855837 0.65149846673011791 0.93070330969267145 -0.61913058161735524 -0.48934625089168543 1.1580966114997866 0.3381491899490357 -0.077702302485704408 0.97920988934993092 0.75025209784507763
decision_type=2 2 2 2 2 2 2 2 2 2 2
left_child=2 3 4 8 -1 -6 7 -4 -2 -8 -5
right_child=1 -3 6 10 5 -7 9 -9 -10 -11 -12
leaf_value=-0.074104513273632641 -0.021124725243122363 -0.038349601866648833 0.024709682130035923 -0.042444287742501648 0.016877443675659205 -0.0076453227939835781 -0.051779574829798163 -0.0080219087489901489 0.021910394296165446 0.01078850817228161 -0.058577535619988658
leaf_weight=0.63713841914432023 1.5256991629721675 1.3209000033675682 9.6696214181720261 0.61955190850130648 6.4384459556895299 56.604858687096566 1.1216059646685597 3.9213404328911556 15.277158863304066 0.68408593168715004 0.18802500353194773
leaf_count=87 310 271 717 611 192 23442 387 250 3156 45 48
internal_value=1.22793e-10 0.0113321 -0.00271295 0.0150586 -0.00583088 -0.00514088 0.0101828 0.0152658 0.0180028 -0.0280757 -0.0462005
internal_weight=98.0084 18.9313 79.0771 17.6104 63.6804 63.0433 15.3967 13.591 16.8029 1.80569 0.807577
internal_count=29516 4396 25120 4125 23721 23634 1399 967 3466 432 659
is_linear=0
shrinkage=0.04


Tree=97
num_leaves=14
num_cat=0
split_feature=12 12 6 32 11 13 36 7 3 16 7 38 33
split_gain=1.78429 2.17995 1.67902 1.50538 1.43056 1.37306 1.99516 1.3059 0.784274 0.372927 0.32809 0.272545 0.126621
threshold=0.59315791726112377 0.61293137073516857 0.16929744184017184 0.91590852700355641 0.42036557197570806 0.20881794393062594 0.52619863013698642 0.4839856624603272 -0.14953807741403577 0.086974789915966397 0.087297264486551299 0.96899038461538478 0.93762966804979264
decision_type=2 2 2 2 2 2 2 2 2 2 2 2 2
left_child=3 11 9 5 10 8 -7 -4 -1 -3 -5 12 -2
right_child=1 2 7 4 -6 6 -8 -9 -10 -11 -12 -13 -14
leaf_value=0.03934838305655556 0.013679579301783254 0.01044988335066978 0.011558174631377333 -0.027060746049270144 -0.086785260512550255 -0.017700467570702136 -0.00014018748653428642 -0.010527149692936289 -0.0028093220564447642 -0.032874854549851319 0.014875984894172571 0.043717752254915032 0.033611183761716922
leaf_weight=1.8948505650041627 1.0274879421485814 0.3698626083205484 19.816323216073219 1.0629164584388484 0.64227972432854574 13.265331896924179 47.141253664878604 5.465138605766696 1.1253784478612932 2.2620631897661951 0.41503579926211376 2.2702153555583209 1.0124827047984579
leaf_count=46 257 113 1465 720 110 6983 17033 475 483 1641 111 34 45
internal_value=1.81596e-09 0.00770688 0.00361863 -0.00378878 -0.0369439 -0.00268047 -0.00399644 0.00678395 0.0236398 -0.0267865 -0.0152842 0.034183 0.0235721
internal_weight=97.7706 32.2236 27.9134 65.547 2.12023 63.4268 60.4066 25.2815 3.02023 2.63193 1.47795 4.31019 2.03997
internal_count=29516 4030 3694 25486 941 24545 24016 1940 529 1754 831 336 302
is_linear=0
shrinkage=0.04


Tree=98
num_leaves=13
num_cat=0
split_feature=20 36 11 11 13 7 7 4 6 33 33 0
split_gain=1.7988 1.95607 1.80218 1.78604 1.5943 1.5869 1.9271 1.53865 1.45214 0.879578 0.0339684 0.00973533
threshold=0.9223227752639519 0.93070330969267145 0.65149846673011791 1.0003732442855837 1.1580966114997866 -0.61913058161735524 -0.48934625089168543 0.3381491899490357 -0.077702302485704408 0.97920988934993092 0.90486029122392775 0.069238603115081801
decision_type=2 2 2 2 2 2 2 2 2 2 2 2
left_child=2 3 5 8 7 -1 -7 -4 -2 -6 11 -3
right_child=1 10 4 -5 9 6 -8 -9 -10 -11 -12 -13
leaf_value=-0.071369371568746981 -0.020002287831993121 -0.043110981134188507 0.022743892853683154 -0.034421723349965759 -0.049532458000925247 0.015786265421973613 -0.0074175813607618999 -0.0069366464771847634 0.020970422011498679 0.0092192099451332988 -0.056026530719560985 -0.031019863386224741
leaf_weight=0.58264236425747995 1.5215696709638074 0.42610308338771474 9.705857459077377 1.1422185120463826 1.0495579265407275 6.3778329027409191 56.092192117583181 3.9245515983784562 15.30905501369125 0.66669864486902941 0.34313213426503353 0.14207064601941966
leaf_count=87 310 489 717 235 387 192 23442 250 3156 45 100 106
internal_value=5.53569e-10 0.0110825 -0.00266946 0.0139814 0.00962326 -0.00566144 -0.0050486 0.0141981 0.0172663 -0.0267097 -0.0460891 -0.0400876
internal_weight=97.2835 18.8841 78.3993 17.9728 15.3467 63.0527 62.47 13.6304 16.8306 1.71626 0.911306 0.568174
internal_count=29516 4396 25120 3701 1399 23721 23634 967 3466 432 695 595
is_linear=0
shrinkage=0.04


Tree=99
num_leaves=12
num_cat=0
split_feature=1 32 17 4 5 13 9 19 13 32 7
split_gain=1.79752 2.17953 1.64005 1.6292 2.12299 1.56431 2.88921 0.976632 0.958812 0.0300558 0.0300598
threshold=0.071165986359119429 0.98449519230769245 -0.047059558331966393 0.25366942584514623 -0.006833896739408373 0.74290326237678539 11.500000000000002 0.93844696969696983 1.2132996916770937 0.72545001607200266 -0.35618126392364496
decision_type=2 2 2 2 2 2 2 2 2 2 2
left_child=2 5 9 4 -4 7 -7 -2 -5 10 -1
right_child=1 -3 3 8 -6 6 -8 -9 -10 -11 -12
leaf_value=-0.062092340866145436 0.01196126114017357 -0.049638529026617591 0.00029394639060871639 0.0013742781879702993 -0.016834455565085078 0.011556597684013757 -0.019572432861805617 0.038149950205201448 0.024593625426282632 -0.066725675674147167 -0.044193427867342504
leaf_weight=0.25543016899609938 5.5065272739739139 1.04985698632663 28.40401749227021 8.0964757027977594 19.54495453731943 18.840082106442427 6.3880775796569642 3.8863871315697907 4.3873973995796396 0.31637518032221124 0.36414546643209078
leaf_count=76 689 282 8843 790 12727 3751 1633 138 204 111 272
internal_value=1.30043e-09 0.00714066 -0.00415055 -0.00333677 -0.00668793 0.00886245 0.00367435 0.022797 0.00953461 -0.0566947 -0.0515725
internal_weight=97.0397 35.6709 61.3688 60.4328 47.949 34.6211 25.2282 9.39291 12.4839 0.935951 0.619576
internal_count=29516 6493 23023 22564 21570 6211 5384 827 994 459 348
is_linear=0
shrinkage=0.04


end of trees

feature_importances:
ma90_dev=89
vol_ratio=67
family_r30_rank=65
family_ma90_rank=56
r_14=49
vol_7=49
r_30=48
r_3=47
ma30_dev=47
rsi_14=42
peer_rs7=42
dd_60=39
up_14=39
peer_rank_3=36
price_band=36
pos_60=32
family_code=32
family_median7=32
dsl_30=30
r_7=29
above_ma30=27
r_1=26
peer_med_7=24
peer_rank_1=23
family_vol_rank=23
family_breadth7=23
up_7=22
peer_rank_7=18
peer_breadth1=16
mkt_vol_14=14
ma7_dev=11
peer_med_1=11
mkt_r_7=11
band_r7_rank=11
mkt_r_30=10
family_r7_rank=9
breadth7=4

parameters:
[boosting: gbdt]
[objective: lambdarank]
[metric: ndcg]
[tree_learner: serial]
[device_type: cpu]
[data_sample_strategy: bagging]
[data: ]
[valid: ]
[num_iterations: 100]
[learning_rate: 0.04]
[num_leaves: 15]
[num_threads: 2]
[seed: 389]
[deterministic: 0]
[force_col_wise: 0]
[force_row_wise: 0]
[histogram_pool_size: -1]
[max_depth: 4]
[min_data_in_leaf: 150]
[min_sum_hessian_in_leaf: 0.001]
[bagging_fraction: 1]
[pos_bagging_fraction: 1]
[neg_bagging_fraction: 1]
[bagging_freq: 0]
[bagging_seed: 27313]
[bagging_by_query: 0]
[feature_fraction: 1]
[feature_fraction_bynode: 1]
[feature_fraction_seed: 24186]
[extra_trees: 0]
[extra_seed: 31967]
[early_stopping_round: 0]
[early_stopping_min_delta: 0]
[first_metric_only: 0]
[max_delta_step: 0]
[lambda_l1: 0]
[lambda_l2: 0]
[linear_lambda: 0]
[min_gain_to_split: 0]
[drop_rate: 0.1]
[max_drop: 50]
[skip_drop: 0.5]
[xgboost_dart_mode: 0]
[uniform_drop: 0]
[drop_seed: 23585]
[top_rate: 0.2]
[other_rate: 0.1]
[min_data_per_group: 100]
[max_cat_threshold: 32]
[cat_l2: 10]
[cat_smooth: 10]
[max_cat_to_onehot: 4]
[top_k: 20]
[monotone_constraints: ]
[monotone_constraints_method: basic]
[monotone_penalty: 0]
[feature_contri: ]
[forcedsplits_filename: ]
[refit_decay_rate: 0.9]
[cegb_tradeoff: 1]
[cegb_penalty_split: 0]
[cegb_penalty_feature_lazy: ]
[cegb_penalty_feature_coupled: ]
[path_smooth: 0]
[interaction_constraints: ]
[verbosity: -1]
[saved_feature_importance_type: 0]
[use_quantized_grad: 0]
[num_grad_quant_bins: 4]
[quant_train_renew_leaf: 0]
[stochastic_rounding: 1]
[linear_tree: 0]
[max_bin: 255]
[max_bin_by_feature: ]
[min_data_in_bin: 3]
[bin_construct_sample_cnt: 200000]
[data_random_seed: 1308]
[is_enable_sparse: 1]
[enable_bundle: 1]
[use_missing: 1]
[zero_as_missing: 0]
[feature_pre_filter: 1]
[pre_partition: 0]
[two_round: 0]
[header: 0]
[label_column: ]
[weight_column: ]
[group_column: ]
[ignore_column: ]
[categorical_feature: ]
[forcedbins_filename: ]
[precise_float_parser: 0]
[parser_config_file: ]
[objective_seed: 23528]
[num_class: 1]
[is_unbalance: 0]
[scale_pos_weight: 1]
[sigmoid: 1]
[boost_from_average: 1]
[reg_sqrt: 0]
[alpha: 0.9]
[fair_c: 1]
[poisson_max_delta_step: 0.7]
[tweedie_variance_power: 1.5]
[lambdarank_truncation_level: 30]
[lambdarank_norm: 1]
[label_gain: ]
[lambdarank_position_bias_regularization: 0]
[eval_at: 1,2,3,4,5]
[multi_error_top_k: 1]
[auc_mu_weights: ]
[num_machines: 1]
[local_listen_port: 12400]
[time_out: 120]
[machine_list_filename: ]
[machines: ]
[gpu_platform_id: -1]
[gpu_device_id: -1]
[gpu_device_id_list: ]
[gpu_use_dp: 0]
[num_gpu: 1]

end of parameters

pandas_categorical:[]
