tree
version=v4
num_class=1
num_tree_per_iteration=1
label_index=0
max_feature_idx=38
objective=lambdarank
feature_names=r_1 r_3 r_7 r_14 r_30 ma7_dev ma30_dev ma90_dev dd_60 dsl_30 up_7 up_14 pos_60 vol_ratio vol_7 rsi_14 peer_breadth1 peer_med_1 peer_med_7 peer_rank_1 peer_rank_3 peer_rank_7 peer_rs7 cat_code regime mkt_r_7 mkt_r_30 breadth7 above_ma30 mkt_vol_14 family_code family_r7_rank family_r30_rank family_ma90_rank family_vol_rank family_median7 family_breadth7 price_band band_r7_rank
feature_infos=[-0.24857142567634583:0.74793696403503418] [-0.26102504134178162:0.95454543828964233] [-0.28866755962371826:1.3888888359069824] [-0.4117647111415863:1.0448718070983887] [-0.83677273988723755:3.8620688915252686] [-0.22037795186042786:0.66234052181243896] [-0.49216195940971375:1.1438542604446411] [-0.78692573308944702:1.7342020273208618] [-0.90025001764297485:0] [0:29] [0:1.5592000484466553] [0:1.6875] [0:1] [0.0066062789410352707:1.9896417856216431] [7.2682327299844474e-05:0.21708051860332489] [0:95.713127136230469] [0:1] [-0.070876210927963257:0.11032679677009583] [-0.086956523358821869:0.44252440333366394] [0.0069444444444444441:1] [0.0069444444444444441:1] [0.0069444444444444441:1] [-0.28368362784385681:1.4042006731033325] [0:2] none [0.023307681083679199:0.057076215744018555] [0.028603315353393555:0.16148006916046143] [0.59951257705688477:0.74369406700134277] [0.36666667461395264:0.45653939247131348] [0.018874598667025566:0.019285913556814194] [1:7] [0.0042194092827004216:1] [0.0042194092827004216:1] [0.0042194092827004216:1] [0.0042194092827004216:1] [0.012091701850295067:0.085063040256500244] [0.61111111111111116:0.953125] [0:4] [0.013513513513513514:1]
tree_sizes=1000 1108 1215 1009 900 1103 786 786 1123 901 1126 899 901 1226 898 1228 899 902 1101 1229 997 1232 899 1012 1122 1115 1114 1225 1222 1000 1012 1010 1113 999 1003 1009 1009 1002 1112 1224 1113 1109 1000 995 1113 1110 1114 1001 1125 1122 1122 1010 1117 1008 1009 1004 894 1009 1009 1004 902 1003 1007 1217 900 1111 1005 1003 1118 1221 1112 1123 1119 1109 1114 1117 1336 1226 1328 1118 1021 1013 1124 1131 1341 1124 1133 1127 1121 1344 1337 1128 1018 1347 1127 1234 1340 1232 1232 1450

Tree=0
num_leaves=8
num_cat=0
split_feature=35 36 23 15 1 4 0
split_gain=14.3529 9.28091 6.62761 0.00181565 1.77636e-15 1.77636e-15 4.44089e-16
threshold=0.038671575486660011 0.67818708609271539 1.5000000000000002 38.314979553222663 -0.0057448667939752332 0.34164839982986456 -0.0021436251699924465
decision_type=2 2 2 2 2 2 2
left_child=1 6 5 -3 -5 -2 -1
right_child=2 3 -4 4 -6 -7 -8
leaf_value=0.079999999999999766 0.079999999999999905 -0.077641183709868417 -0.079999999999999849 -0.079999999999999918 -0.079999999999999974 0.07999999999999996 0.079999999999999793
leaf_weight=0.30897474847733963 1.5046153403818614 0.64816596545279059 0.47847074270248402 1.5256729284301407 1.1589862853288644 1.580381750129163 0.39821278396993876
leaf_count=573 1248 117 63 289 337 360 309
internal_value=6.85924e-11 -0.0516142 0.0585166 -0.0795413 -0.08 0.08 0.08
internal_weight=7.60348 4.04001 3.56347 3.33283 2.68466 3.085 0.707188
internal_count=3296 1625 1671 743 626 1608 882
is_linear=0
shrinkage=0.04


Tree=1
num_leaves=9
num_cat=0
split_feature=37 18 3 8 8 12 35 20
split_gain=33.0693 14.9623 7.20195 2.76601 1.36353 1.2654 0.508776 0.119988
threshold=1.0000000180025095e-35 0.041721770539879806 0.60133576393127453 -0.47309583425521845 -0.39069463312625879 0.18273337930440905 0.063697345554828658 0.47140522875816998
decision_type=2 2 2 2 2 2 2 2
left_child=1 3 4 -1 5 -2 -6 -5
right_child=2 -3 -4 7 6 -7 -8 -9
leaf_value=0.012556603528788741 -0.072668776006838506 0.062311481317960757 0.046363804418430084 -0.079980141607227967 -0.078349706685270359 -0.010110108134200935 -0.048762356404072858 -0.058748542704863856
leaf_weight=0.95817763160448466 0.91100284553976907 10.775274350417019 1.0251791028422292 1.0880976832195335 6.0102313162933561 1.1971957292989825 1.1001031361520288 0.69977939200180106
leaf_count=95 286 272 17 125 1824 173 241 263
internal_value=7.65626e-10 0.0410697 -0.0542106 -0.0422809 -0.0653953 -0.0371432 -0.073772 -0.07167
internal_weight=23.765 13.5213 10.2437 2.74605 9.21853 2.1082 7.11033 1.78788
internal_count=3296 755 2541 483 2524 459 2065 388
is_linear=0
shrinkage=0.04


Tree=2
num_leaves=10
num_cat=0
split_feature=4 18 35 35 20 20 8 11 19
split_gain=26.8794 5.43732 4.54143 3.39942 1.89509 1.77311 1.09603 0.670634 0.34579
threshold=0.4402428418397904 0.066054712980985655 0.056090168654918678 0.056660171598196037 0.87138130686517801 0.82891986062717782 -0.47033274173736567 0.15240687131881717 0.076655982905982925
decision_type=2 2 2 2 2 2 2 2 2
left_child=3 2 5 6 7 -2 -1 -5 -8
right_child=1 -3 -4 4 -6 -7 8 -9 -10
leaf_value=-0.035557221452865599 -0.066193277202427139 0.061242494973121495 0.050160414849727983 -0.057746244901808616 0.038254439044113145 0.0020699364108625628 -0.03544967011474668 -0.010553925982683718 -0.073513879151643521
leaf_weight=1.9130244528059845 1.1870758424047365 7.5719963173614815 1.9989816681481896 0.89365352923050556 0.88797166245058168 1.2497804680606348 0.41260313993552866 1.0454055854352189 5.1240709468256682
leaf_count=268 228 119 47 326 42 81 93 119 1973
internal_value=-2.6956e-11 0.0406408 0.00547366 -0.0474867 -0.0101412 -0.0311834 -0.0616587 -0.0323034 -0.0706773
internal_weight=22.2846 12.0078 4.43584 10.2767 2.82703 2.43686 7.4497 1.93906 5.53667
internal_count=3296 475 356 2821 487 309 2334 445 2066
is_linear=0
shrinkage=0.04


Tree=3
num_leaves=8
num_cat=0
split_feature=11 37 18 21 5 13 4
split_gain=25.5445 5.30961 2.85302 2.36556 0.242771 0.0235116 0.0116498
threshold=0.28628526628017431 1.0000000180025095e-35 0.04309541359543801 0.83156028368794332 0.023531365208327774 0.38342921435832983 0.52269768714904796
decision_type=2 2 2 2 2 2 2
left_child=1 2 4 -2 -1 -3 -7
right_child=3 5 -4 -5 -6 6 -8
leaf_value=-0.069001193140680497 0.059295611783298674 -0.061236550123119286 0.015082089315453316 0.022765418968884139 -0.036626819489473314 -0.069952494630940984 -0.062936161594835199
leaf_weight=0.81107626797165877 5.8063688491238263 0.61995348660275329 2.6163939763791859 5.5447961097816005 0.68243138049729168 5.223057167371735 0.40822574135381717
leaf_count=279 77 223 180 258 153 1996 130
internal_value=5.23556e-09 -0.0454122 -0.0100975 0.0414514 -0.0542083 -0.0686299 -0.0694439
internal_weight=21.7123 10.3611 4.1099 11.3512 1.49351 6.25124 5.63128
internal_count=3296 2961 612 335 432 2349 2126
is_linear=0
shrinkage=0.04


Tree=4
num_leaves=7
num_cat=0
split_feature=11 4 21 8 37 32
split_gain=29.4076 2.24754 2.10437 1.02627 0.673229 0.0390699
threshold=0.28628526628017431 0.79737704992294323 0.79930555555555571 -0.45055690407752985 1.0000000180025095e-35 0.78217584524224482
decision_type=2 2 2 2 2 2
left_child=1 3 -2 4 -1 -5
right_child=2 -3 -4 5 -6 -7
leaf_value=-0.015547852161618088 0.057301479126828897 0.022752872728495785 0.024241616735860432 -0.066920630174700277 -0.062395031520930878 -0.059153597691631497
leaf_weight=1.2895218039629974 6.1537095219828171 0.58856930246111083 6.1688482402823865 5.5387365913484254 0.79242154548410315 1.2746971262386066
leaf_count=188 57 55 278 2052 259 407
internal_value=1.33792e-09 -0.0529484 0.0407512 -0.0579572 -0.0333787 -0.0654675
internal_weight=21.8065 9.48395 12.3226 8.89538 2.08194 6.81343
internal_count=3296 2961 335 2906 447 2459
is_linear=0
shrinkage=0.04


Tree=5
num_leaves=9
num_cat=0
split_feature=4 13 18 0 10 7 31 32
split_gain=27.2918 3.59052 4.91286 2.20699 0.864618 0.35774 0.322553 0.0427396
threshold=0.4402428418397904 0.57519304752349865 0.10837249457836153 0.1048099920153618 0.43856163322925573 -0.3292213082313537 0.41189145329967553 0.85375000000000012
decision_type=2 2 2 2 2 2 2 2
left_child=3 -2 4 5 -3 6 -1 -7
right_child=1 2 -4 -5 -6 7 -8 -9
leaf_value=-0.02214216401653887 0.056033952799265103 -0.047852904661291711 0.049470024378766644 0.029071269450019782 -0.002302400028319523 -0.063721211228035368 -0.060506444177943437 -0.050538599805683093
leaf_weight=0.72250255534890928 7.1903295703232271 1.3816524987341838 2.8766239201650023 0.47984272660687644 1.2885616617277262 6.4606297166319573 0.68128523766063154 0.41902417666278768
leaf_count=160 97 262 43 33 73 2342 148 138
internal_value=2.20514e-09 0.0373809 0.013201 -0.0543319 -0.0258717 -0.0591633 -0.0407611 -0.0629183
internal_weight=21.5005 12.7372 5.54684 8.76328 2.67021 8.28344 1.40379 6.87965
internal_count=3296 475 378 2821 335 2788 308 2480
is_linear=0
shrinkage=0.04


Tree=6
num_leaves=6
num_cat=0
split_feature=11 4 21 0 7
split_gain=24.1768 2.5547 2.44683 1.06122 0.358116
threshold=0.28628526628017431 0.79737704992294323 0.79930555555555571 0.067838408052921309 -0.3292213082313537
decision_type=2 2 2 2 2
left_child=1 3 -2 4 -1
right_child=2 -3 -4 -5 -6
leaf_value=-0.037415455948320277 0.053693914255412367 0.023323139362311413 0.017659069365291435 0.0050767801713110525 -0.060704953133652213
leaf_weight=1.2429597130976588 6.6399426660500449 0.74338516569696445 5.5224762137513608 0.46209152322262603 7.037720811436885
leaf_count=292 57 55 278 71 2543
internal_value=-4.65696e-09 -0.0478641 0.0373319 -0.0539171 -0.0572091
internal_weight=21.6486 9.48616 12.1624 8.74277 8.28068
internal_count=3296 2961 335 2906 2835
is_linear=0
shrinkage=0.04


Tree=7
num_leaves=6
num_cat=0
split_feature=11 4 21 5 7
split_gain=21.2851 2.57498 2.09264 1.10662 0.199331
threshold=0.28628526628017431 0.79737704992294323 0.79930555555555571 0.096995029598474516 -0.3292213082313537
decision_type=2 2 2 2 2
left_child=1 3 -2 4 -1
right_child=2 -3 -4 -5 -6
leaf_value=-0.040546838135396855 0.049785135911328368 0.022716710113706413 0.016612788976440793 0.009590722043330226 -0.058577626448807964
leaf_weight=1.1463028010912228 6.6091179279610497 0.79564303532242853 5.6386823211796582 0.43435129825957108 6.8024483488406995
leaf_count=293 57 55 278 53 2560
internal_value=-1.11465e-09 -0.0460531 0.0345131 -0.0525801 -0.0559774
internal_weight=21.4265 9.17875 12.2478 8.3831 7.94875
internal_count=3296 2961 335 2906 2853
is_linear=0
shrinkage=0.04


Tree=8
num_leaves=9
num_cat=0
split_feature=6 37 3 8 32 11 11 17
split_gain=20.2411 5.77868 5.53308 0.248827 0.207594 0.0498239 0.0132282 0.00827732
threshold=0.049500437453389175 1.0000000180025095e-35 0.43339149653911596 -0.45055690407752985 0.18099507735583689 0.3095871508121491 0.21575783938169482 -0.020755991339683529
decision_type=2 2 2 2 2 2 2 2
left_child=3 -2 5 4 -1 -3 7 -5
right_child=1 2 -4 6 -6 -7 -8 -9
leaf_value=-0.053888659237224551 0.044725916410529608 -0.057859084257072313 0.031772490943190825 -0.051852086528637979 -0.026650567068460047 -0.071299597518615615 -0.06460860302200476 -0.057496941006339529
leaf_weight=0.90464128309395231 9.9479927464853954 0.83718753024004333 2.0335518084466457 0.45547551591880697 0.88631965196691453 0.93318597855977714 0.39356218115426589 4.7507533925818288
leaf_count=236 191 294 40 165 224 128 91 1927
internal_value=-2.99812e-09 0.028692 -0.0132399 -0.0533869 -0.0404089 -0.0649437 -0.0575376 -0.0570031
internal_weight=21.1427 13.7519 3.80393 7.39075 1.79096 1.77037 5.59979 5.20623
internal_count=3296 653 462 2643 460 422 2183 2092
is_linear=0
shrinkage=0.04


Tree=9
num_leaves=7
num_cat=0
split_feature=11 13 4 8 32 32
split_gain=19.1391 2.25178 2.22312 0.213102 0.250575 0.00641422
threshold=0.28628526628017431 0.57519304752349865 0.79737704992294323 -0.45055690407752985 0.18099507735583689 0.78217584524224482
decision_type=2 2 2 2 2 2
left_child=2 -2 3 4 -1 -5
right_child=1 -3 -4 5 -6 -7
leaf_value=-0.056281893856369489 0.048363021582002841 0.014294584346843942 0.018556418126115432 -0.055955739358192133 -0.024508647189292559 -0.052628555359612576
leaf_weight=0.73041328182443954 6.3909700023941678 6.0357250322122127 0.78494077455252398 5.1465814092662203 0.87034370447508991 1.1307504264404995
leaf_count=225 50 285 55 2052 222 407
internal_value=-1.37431e-09 0.0318158 -0.0456382 -0.0520343 -0.0390065 -0.0553564
internal_weight=21.0897 12.4267 8.66303 7.87809 1.60076 6.27733
internal_count=3296 335 2961 2906 447 2459
is_linear=0
shrinkage=0.04


Tree=10
num_leaves=9
num_cat=0
split_feature=6 37 3 31 8 32 17 4
split_gain=17.4875 3.98693 4.94948 0.313674 0.197791 0.160429 0.00817978 0.00624248
threshold=0.049500437453389175 1.0000000180025095e-35 0.60133576393127453 0.74162363901672479 -0.45055690407752985 0.18099507735583689 -0.020755991339683529 0.4402428418397904
decision_type=2 2 2 2 2 2 2 2
left_child=4 -2 3 -3 5 -1 -6 -8
right_child=1 2 -4 -5 6 -7 7 -9
leaf_value=-0.051483463382184208 0.039625588520312796 -0.029019906260161529 0.040907284977122614 -0.062791506492156784 -0.049361785930620669 -0.027007719716273759 -0.054440592085364406 -0.059596260942471398
leaf_weight=0.82774370466359026 9.9907530792988819 0.65457131166476701 1.7158255968242881 1.3426715105306355 0.47324528510216701 0.88832124299369752 4.5628648810088643 0.40947790327481914
leaf_count=236 191 137 17 308 172 224 1876 135
internal_value=-1.04487e-09 0.0264726 -0.00891828 -0.0517233 -0.0506552 -0.0388136 -0.0543869 -0.0548652
internal_weight=20.8655 13.7038 3.71307 1.99724 7.16165 1.71606 5.44559 4.97234
internal_count=3296 653 462 445 2643 460 2183 2011
is_linear=0
shrinkage=0.04


Tree=11
num_leaves=7
num_cat=0
split_feature=11 21 4 8 32 32
split_gain=16.5675 2.07812 1.75712 0.215843 0.222429 0.00656924
threshold=0.28628526628017431 0.79930555555555571 0.79737704992294323 -0.45055690407752985 0.18099507735583689 0.78217584524224482
decision_type=2 2 2 2 2 2
left_child=2 -2 3 4 -1 -5
right_child=1 -3 -4 5 -6 -7
leaf_value=-0.052979423516147726 0.045566734973476269 0.012702782862639069 0.014500426655643153 -0.053257291531993191 -0.022514009417681037 -0.049837070771283368
leaf_weight=0.68529288412537404 6.2982320701703411 6.0223129745572805 0.76167819974943984 4.955810389248656 0.87052090791985393 1.0975011576665563
leaf_count=225 57 278 55 2052 222 407
internal_value=2.17756e-09 0.0295028 -0.0434235 -0.0492218 -0.0359332 -0.0526372
internal_weight=20.6913 12.3205 8.3708 7.60913 1.55581 6.05331
internal_count=3296 335 2961 2906 447 2459
is_linear=0
shrinkage=0.04


Tree=12
num_leaves=7
num_cat=0
split_feature=11 13 4 8 32 8
split_gain=14.9679 2.04341 1.65396 0.225859 0.305738 0.0221347
threshold=0.28628526628017431 0.57519304752349865 0.79737704992294323 -0.48099230229854578 0.18099507735583689 -0.45055690407752985
decision_type=2 2 2 2 2 2
left_child=2 -2 3 4 -1 -5
right_child=1 -3 -4 5 -6 -7
leaf_value=-0.051555587321242595 0.043789000050838682 0.011209927688985181 0.013557104121822258 -0.042101296441890056 -0.0091901367193670865 -0.05147340178148424
leaf_weight=0.56487156357616164 6.2789379197638464 6.0468035424128175 0.77398089040070761 0.43305428174789895 0.52666593296453357 5.8482816569739979
leaf_count=189 50 285 55 135 123 2459
internal_value=3.30024e-09 0.0278062 -0.0420693 -0.0479088 -0.0311143 -0.0508273
internal_weight=20.4726 12.3257 8.14685 7.37287 1.09154 6.28134
internal_count=3296 335 2961 2906 312 2594
is_linear=0
shrinkage=0.04


Tree=13
num_leaves=10
num_cat=0
split_feature=6 21 14 13 8 2 7 10 11
split_gain=13.7423 3.36705 1.69784 1.05996 0.227845 0.301604 0.0196532 0.0605041 0.0083084
threshold=0.049500437453389175 0.83156028368794332 0.10063526034355165 0.64524254202842724 -0.48099230229854578 0.035575686022639282 -0.22464738041162488 0.10230659693479539 0.20001407712697986
decision_type=2 2 2 2 2 2 2 2 2
left_child=4 -2 3 -3 5 -1 7 -6 -8
right_child=1 2 -4 -5 6 -7 8 -9 -10
leaf_value=-0.01186152744149503 0.038041738995703026 0.00072125291484108952 0.023140083128353323 -0.049970258889409536 -0.051854653699867706 -0.052138131568839931 -0.050981109039627812 -0.032971469470041675 -0.057101778520803073
leaf_weight=0.6271652078721679 8.7248753835447115 1.2916931702056893 2.0795705653727055 1.3495544254546983 0.85226538078859515 0.56588475406169891 3.8629986054729679 0.3984015816822648 0.39073772646952409
leaf_count=161 263 85 60 245 347 160 1732 129 114
internal_value=1.30116e-09 0.0233179 -0.00389435 -0.0251797 -0.0468126 -0.0309654 -0.0502473 -0.0458394 -0.0515433
internal_weight=20.1431 13.4457 4.72082 2.64125 6.69745 1.19305 5.5044 1.25067 4.25374
internal_count=3296 653 390 330 2643 321 2322 476 1846
is_linear=0
shrinkage=0.04


Tree=14
num_leaves=7
num_cat=0
split_feature=11 13 4 8 32 8
split_gain=13.0581 1.68237 1.38462 0.261023 0.32518 0.0215818
threshold=0.28628526628017431 0.57519304752349865 0.79737704992294323 -0.48099230229854578 0.18099507735583689 -0.45055690407752985
decision_type=2 2 2 2 2 2
left_child=2 -2 3 4 -1 -5
right_child=1 -3 -4 5 -6 -7
leaf_value=-0.049344075415142019 0.040845647010407056 0.011130335104008906 0.010584756157811339 -0.040120319387377618 -0.0054596121006921829 -0.04959067658810578
leaf_weight=0.54500023392029173 6.0733343372121436 6.1207131263799965 0.77599677350372065 0.41340508928988207 0.5357211681548506 5.6060001673176894
leaf_count=189 50 285 55 135 123 2459
internal_value=-2.61942e-09 0.0259303 -0.040146 -0.0456905 -0.0275902 -0.0489403
internal_weight=20.0702 12.194 7.87612 7.10013 1.08072 6.01941
internal_count=3296 335 2961 2906 312 2594
is_linear=0
shrinkage=0.04


Tree=15
num_leaves=10
num_cat=0
split_feature=6 37 3 7 31 10 7 11 11
split_gain=11.7401 3.08623 4.43867 0.267658 0.237739 0.167124 0.0256563 0.060238 0.00630571
threshold=0.049500437453389175 1.0000000180025095e-35 0.60133576393127453 -0.3292213082313537 0.37526371308016887 0.14817519485950473 -0.22464738041162488 0.11549109220504762 0.20001407712697986
decision_type=2 2 2 2 2 2 2 2 2
left_child=3 -2 5 4 -1 -3 7 -5 -8
right_child=1 2 -4 6 -6 -7 8 -9 -10
leaf_value=-0.009522400586683263 0.033267987076653092 -0.036149162605118107 0.037445716814111817 -0.049400124192957841 -0.045930218308548078 -0.060152788618542952 -0.049328739993327528 -0.029970678254525217 -0.054696773290769198
leaf_weight=0.59664220409467883 9.6508909075055254 0.75505256606265847 1.6986176650971172 0.78864735481329329 0.552889364073053 1.2043455045204607 3.6982317542424434 0.37753032555337995 0.38673962687607844
leaf_count=152 191 219 17 343 160 226 1743 127 118
internal_value=-1.18128e-09 0.0214092 -0.00987784 -0.044516 -0.0270334 -0.050903 -0.0483431 -0.0431102 -0.049837
internal_weight=19.7096 13.3089 3.65802 6.40068 1.14953 1.9594 5.25115 1.16618 4.08497
internal_count=3296 653 462 2643 312 445 2331 470 1861
is_linear=0
shrinkage=0.04


Tree=16
num_leaves=7
num_cat=0
split_feature=11 21 4 8 32 8
split_gain=11.1198 1.95206 1.26897 0.305713 0.353628 0.0222315
threshold=0.28628526628017431 0.79930555555555571 0.79737704992294323 -0.48099230229854578 0.18099507735583689 -0.38516864180564875
decision_type=2 2 2 2 2 2
left_child=2 -2 3 4 -1 -5
right_child=1 -3 -4 5 -6 -7
leaf_value=-0.047315677055395168 0.040244109985751869 0.0078893266724511784 0.010473342218075873 -0.042124327995045847 -0.0012186984421759561 -0.048412265654470155
leaf_weight=0.52291609044186838 5.9578403658233565 5.9764495820272714 0.7763599611353128 1.1185802618274472 0.54252286767587066 4.5964885063003758
leaf_count=189 57 278 55 446 123 2148
internal_value=3.3088e-09 0.0240415 -0.0379679 -0.0435143 -0.023843 -0.0471816
internal_weight=19.4912 11.9343 7.55687 6.78051 1.06544 5.71507
internal_count=3296 335 2961 2906 312 2594
is_linear=0
shrinkage=0.04


Tree=17
num_leaves=7
num_cat=0
split_feature=11 21 6 8 37 2
split_gain=10.2446 1.74616 1.11177 0.335105 0.271549 0.0311536
threshold=0.28628526628017431 0.79930555555555571 0.11154595017433168 -0.48099230229854578 1.0000000180025095e-35 0.1377334073185921
decision_type=2 2 2 2 2 2
left_child=2 -2 3 4 -1 -5
right_child=1 -3 -4 5 -6 -7
leaf_value=-0.0024429633235103446 0.038414006737126936 0.0077971431961483678 0.0068445299740779435 -0.047566729579868357 -0.043061880994792016 -0.034831671478157702
leaf_weight=0.54243282601237364 5.8646391266956908 6.0603683304507285 0.81183206290006626 5.1157709957333299 0.51180325553286821 0.32699059112928797
leaf_count=126 57 278 85 2444 186 120
internal_value=-1.2098e-09 0.0228543 -0.0372889 -0.0428035 -0.0221624 -0.0468016
internal_weight=19.2338 11.925 7.30883 6.497 1.05424 5.44276
internal_count=3296 335 2961 2876 312 2564
is_linear=0
shrinkage=0.04


Tree=18
num_leaves=9
num_cat=0
split_feature=4 0 13 18 8 10 32 5
split_gain=9.47438 2.34191 2.07157 3.46241 0.653215 0.596706 0.386571 0.0958401
threshold=0.4402428418397904 0.24642368406057361 0.57519304752349865 0.10837249457836153 -0.48099230229854578 0.43856163322925573 0.18834459459459463 0.13345377147197726
decision_type=2 2 2 2 2 2 2 2
left_child=1 4 -2 5 6 -4 -1 -6
right_child=2 -3 3 -5 7 -7 -8 -9
leaf_value=-0.038404262236967759 0.037729432976369819 0.05338058173032225 -0.048319743304056584 0.03668761824997032 -0.046023385695319378 -0.01025024355345844 0.0048291113809094547 -0.067952339800052802
leaf_weight=0.64169858640525557 6.3954704150091839 0.4445035783573984 1.2614187573781239 2.5848739021457732 5.2223626086488384 1.3788363779895005 0.68324618996120989 0.33962065260857333
leaf_count=205 97 3 262 43 2451 73 121 41
internal_value=2.33537e-09 -0.0356063 0.022464 0.00377943 -0.0413498 -0.0284385 -0.0161097 -0.0473624
internal_weight=18.952 7.33143 11.6206 5.22513 6.88693 2.64026 1.32494 5.56198
internal_count=3296 2821 475 378 2818 335 326 2492
is_linear=0
shrinkage=0.04


Tree=19
num_leaves=10
num_cat=0
split_feature=6 37 3 7 32 33 7 11 11
split_gain=8.89914 2.65286 3.51435 0.339934 0.291285 0.15358 0.0345038 0.078901 0.00659624
threshold=0.049500437453389175 1.0000000180025095e-35 0.60133576393127453 -0.3292213082313537 0.18099507735583689 0.90722888199625573 -0.22464738041162488 0.11878754943609239 0.21575783938169482
decision_type=2 2 2 2 2 2 2 2 2
left_child=3 -2 5 4 -1 -3 7 -5 -8
right_child=1 2 -4 6 -6 -7 8 -9 -10
leaf_value=-0.041266657724171603 0.029815177963295605 -0.036936449769268596 0.032322217275824454 -0.046546544906615479 -0.00079238756788168772 -0.059868676419691534 -0.046734978287738066 -0.023208922430506367 -0.052903457541198108
leaf_weight=0.5700893321773044 9.3347005420364422 0.93422113917767935 1.6025937106460331 0.72291730088181816 0.56791003164835274 0.93483903130982071 3.3831865339307132 0.3411781033501029 0.30214148701634247
leaf_count=185 191 274 17 349 127 171 1771 121 90
internal_value=-4.87374e-09 0.0187126 -0.0111402 -0.0407039 -0.0210683 -0.0484064 -0.0454087 -0.0390639 -0.0472407
internal_weight=18.6938 12.8064 3.47165 5.88742 1.138 1.86906 4.74942 1.0641 3.68533
internal_count=3296 653 462 2643 312 445 2331 470 1861
is_linear=0
shrinkage=0.04


Tree=20
num_leaves=8
num_cat=0
split_feature=4 0 18 4 7 38 11
split_gain=8.41025 2.08044 1.80176 3.08104 0.356344 0.272793 0.0565535
threshold=0.4402428418397904 0.1048099920153618 0.10837249457836153 0.6160242259502412 -0.3292213082313537 0.35067567567567576 0.35034373402595526
decision_type=2 2 2 2 2 2 2
left_child=1 4 3 -2 5 -1 -6
right_child=2 -3 -4 -5 6 -7 -8
leaf_value=-0.0012369072544497494 0.030069821073845253 0.030008038707257621 0.041434936755789867 -0.024410999449984462 -0.044743090010671421 -0.040561383919051369 -0.061655365813581373
leaf_weight=0.559873862774112 4.2364977406105009 0.72620158887002606 4.3870529995765537 2.7318130534840748 4.9090388308977726 0.56918540212791413 0.33814670029096294
leaf_count=146 171 33 46 258 2429 162 51
internal_value=3.58795e-10 -0.0341406 0.0213539 0.0087115 -0.0414466 -0.0210613 -0.045833
internal_weight=18.4578 7.10245 11.3554 6.96831 6.37624 1.12906 5.24719
internal_count=3296 2821 475 429 2788 308 2480
is_linear=0
shrinkage=0.04


Tree=21
num_leaves=10
num_cat=0
split_feature=6 37 3 8 38 8 7 10 4
split_gain=8.02216 2.55397 2.79586 0.296165 0.338961 0.118225 0.0328611 0.0828096 0.00488158
threshold=0.049500437453389175 1.0000000180025095e-35 0.60133576393127453 -0.48099230229854578 0.35067567567567576 -0.19265379011631009 -0.21125076711177823 0.11969574168324472 0.47959901392459875
decision_type=2 2 2 2 2 2 2 2 2
left_child=3 -2 5 4 -1 -3 7 -5 -8
right_child=1 2 -4 6 -6 -7 8 -9 -10
leaf_value=0.00036103696244292453 0.028345890626233664 -0.032141440428153735 0.026873084986323681 -0.044785747649099816 -0.043459766125017597 -0.054070006701782802 -0.045845778033370754 -0.021170667265990564 -0.051261890080440395
leaf_weight=0.57047964527737416 9.3634245577268285 0.58933604648336668 1.5421828767284749 0.91948702512308977 0.55934502359014004 1.1830729956272992 2.9860216345405224 0.32036598830018193 0.29232556046918023
leaf_count=146 191 118 17 456 175 327 1639 116 111
internal_value=-8.41176e-10 0.0176642 -0.0125106 -0.0396505 -0.0213334 -0.0467786 -0.0442309 -0.0386838 -0.0463287
internal_weight=18.326 12.678 3.31459 5.64802 1.12982 1.77241 4.5182 1.23985 3.27835
internal_count=3296 653 462 2643 321 445 2322 572 1750
is_linear=0
shrinkage=0.04


Tree=22
num_leaves=7
num_cat=0
split_feature=4 21 0 7 38 11
split_gain=7.48175 2.09301 1.83388 0.320883 0.211658 0.0513037
threshold=0.4402428418397904 0.83156028368794332 0.1048099920153618 -0.3292213082313537 0.34266144814090022 0.35034373402595526
decision_type=2 2 2 2 2 2
left_child=2 -2 3 4 -1 -5
right_child=1 -3 -4 5 -6 -7
leaf_value=-0.0030979411559957362 0.032104481612651489 -0.0046725817429033025 0.026593501055936591 -0.043500872062218317 -0.038346235762930232 -0.060100255081337955
leaf_weight=0.54873567947652258 7.5569854516070318 3.6824079423677176 0.73577719763852645 4.6753685218282062 0.54159381473436952 0.31818393268622447
leaf_count=142 241 234 33 2429 166 51
internal_value=3.41421e-09 0.0200551 -0.0330525 -0.040266 -0.0206066 -0.0445586
internal_weight=18.0591 11.2394 6.81966 6.08388 1.09033 4.99355
internal_count=3296 475 2821 2788 308 2480
is_linear=0
shrinkage=0.04


Tree=23
num_leaves=8
num_cat=0
split_feature=18 4 0 8 6 3 18
split_gain=7.09857 3.84361 1.28164 0.685945 0.204978 0.0555522 0.0196566
threshold=0.041721770539879806 0.4402428418397904 0.11546754464507104 -0.48099230229854578 -0.095248240977525697 0.17009133845567706 0.03804664500057698
decision_type=2 2 2 2 2 2 2
left_child=3 2 4 -1 -2 6 -5
right_child=1 -3 -4 5 -6 -7 -8
leaf_value=-0.0043347428187776186 -0.014868513386724938 0.027242185000902319 0.035472233831835516 -0.046145018049779961 -0.042999219095952342 -0.057484333708367689 -0.0363911602654204
leaf_weight=0.69776005006861019 0.53082494530826774 10.031363567104561 0.46808450808748592 3.1246733069419883 1.8903287694556639 0.69651712221093465 0.36969218438025553
leaf_count=156 175 233 14 1654 820 80 164
internal_value=-2.25885e-09 0.0155337 -0.0251178 -0.0410554 -0.0368317 -0.0471692 -0.0451131
internal_weight=17.8092 12.9206 2.88924 4.88864 2.42115 4.19088 3.49437
internal_count=3296 1242 1009 2054 995 1898 1818
is_linear=0
shrinkage=0.04


Tree=24
num_leaves=9
num_cat=0
split_feature=6 37 19 33 8 32 17 4
split_gain=6.49781 2.3229 2.34187 0.394563 0.356925 0.324474 0.020312 0.00609738
threshold=0.049500437453389175 1.0000000180025095e-35 0.93218390804597717 0.9490443562928238 -0.45055690407752985 0.18099507735583689 -0.020755991339683529 0.4402428418397904
decision_type=2 2 2 2 2 2 2 2
left_child=4 -2 3 -3 5 -1 -6 -8
right_child=1 2 -4 -5 6 -7 7 -9
leaf_value=-0.042503613198593318 0.026146001321451035 -0.028330755680446146 0.024619993538683424 -0.066699245453352998 -0.034535655940148402 -0.0045620784540396069 -0.044122247508669096 -0.049810234626870453
leaf_weight=0.62365291255991973 9.1346737931016815 1.0302095972001546 1.4262933071004225 0.73462285578716535 0.34812565403990525 0.85512688872404397 3.0980814127251524 0.33405488973949093
leaf_count=236 191 273 84 105 172 224 1876 135
internal_value=2.57246e-09 0.0158825 -0.0134968 -0.0443019 -0.0372245 -0.0205633 -0.0437421 -0.0446759
internal_weight=17.5848 12.3258 3.19113 1.76483 5.25904 1.47878 3.78026 3.43214
internal_count=3296 653 462 378 2643 460 2183 2011
is_linear=0
shrinkage=0.04


Tree=25
num_leaves=9
num_cat=0
split_feature=18 4 0 8 9 18 11 32
split_gain=6.2255 3.28906 1.24209 0.715725 0.27705 0.0516625 0.12236 0.0741299
threshold=0.041721770539879806 0.4402428418397904 0.14270896464586261 -0.48099230229854578 5.5000000000000009 0.033392064273357398 0.37291978299617773 0.91027410389112529
decision_type=2 2 2 2 2 2 2 2
left_child=3 2 4 -1 -2 6 -5 -7
right_child=1 -3 -4 5 -6 7 -8 -9
leaf_value=-0.0025242774143095378 -0.0071253144414408697 0.025471501868927614 0.039547172223910264 -0.045680035866834404 -0.041446547148230456 -0.04464553738709641 -0.070589591188187695 -0.022183833608570142
leaf_weight=0.71848995832260776 0.46783559059258539 9.8630309242289496 0.42406060663051892 2.3138096499023986 1.9236759473569689 1.0040500498143954 0.36533832503482688 0.3069569058716296
leaf_count=156 156 233 8 1222 845 576 42 58
internal_value=-4.99326e-09 0.0145863 -0.0235451 -0.0392753 -0.0347325 -0.0458929 -0.0490768 -0.0393864
internal_weight=17.3872 12.6786 2.81557 4.70864 2.39151 3.99015 2.67915 1.31101
internal_count=3296 1242 1009 2054 1001 1898 1264 634
is_linear=0
shrinkage=0.04


Tree=26
num_leaves=9
num_cat=0
split_feature=10 18 17 33 21 8 7 5
split_gain=5.76914 2.29751 1.69003 0.97833 0.640068 0.430648 0.0962601 0.0286661
threshold=0.12756977230310443 0.057370547205209739 -0.024810641072690483 0.47413024085637828 0.77207792207792225 -0.48099230229854578 0.19225928187370303 0.025535911321640018
decision_type=2 2 2 2 2 2 2 2
left_child=5 2 -2 -4 -3 -1 7 -7
right_child=1 4 3 -5 -6 6 -8 -9
leaf_value=-0.009747989838628901 0.031697398198649036 0.036036782753316711 0.0035518359464448397 -0.044309122323408973 0.014349048454288421 -0.043996089480576511 -0.067341699077834105 -0.033717951845940938
leaf_weight=0.68152221408672709 1.0746815120801319 4.3926513741025683 1.0744512394303458 1.877325059729628 4.3171935246791691 3.0250238201115307 0.26904026814736415 0.50692779687233258
leaf_count=203 26 136 188 383 185 1870 42 263
internal_value=7.48571e-10 0.0137358 -0.011251 -0.0268877 0.0252869 -0.0390278 -0.0442778 -0.0425209
internal_weight=17.2188 12.7363 4.02646 2.95178 8.70984 4.48251 3.80099 3.53195
internal_count=3296 918 597 571 321 2378 2175 2133
is_linear=0
shrinkage=0.04


Tree=27
num_leaves=10
num_cat=0
split_feature=6 37 3 7 32 10 7 10 4
split_gain=5.66967 2.12662 2.34837 0.384804 0.287886 0.110533 0.0550996 0.11757 0.00520084
threshold=0.049500437453389175 1.0000000180025095e-35 0.60133576393127453 -0.3292213082313537 0.18834459459459463 0.14817519485950473 -0.22464738041162488 0.11969574168324472 0.4402428418397904
decision_type=2 2 2 2 2 2 2 2 2
left_child=3 -2 5 4 -1 -3 7 -5 -8
right_child=1 2 -4 6 -6 -7 8 -9 -10
leaf_value=-0.035332462353877533 0.024675411880621733 -0.031536312987292703 0.025244288775538699 -0.042743891196091441 0.0054288268688996331 -0.05299510023612683 -0.043473461312973034 -0.012114104946782148 -0.04875480427503083
leaf_weight=0.54977521393448181 9.0065550920553488 0.59094245196320061 1.3533601518720386 0.62194819690194059 0.55923593987245113 1.0970460491953415 2.684607582632454 0.29590013332199305 0.33563391654752184
leaf_count=189 191 219 17 365 123 226 1722 105 139
internal_value=-3.42342e-09 0.0149097 -0.0140101 -0.0355909 -0.014778 -0.0454827 -0.0414521 -0.0328693 -0.0440604
internal_weight=17.095 12.0479 3.04135 5.0471 1.10901 1.68799 3.93809 0.917848 3.02024
internal_count=3296 653 462 2643 312 445 2331 470 1861
is_linear=0
shrinkage=0.04


Tree=28
num_leaves=10
num_cat=0
split_feature=6 21 18 20 7 38 7 10 4
split_gain=5.30143 1.8292 1.18371 1.30913 0.376863 0.257665 0.0566156 0.117658 0.00448316
threshold=0.049500437453389175 0.90834948320413444 0.10837249457836153 0.83527131782945752 -0.3292213082313537 0.33105022831050229 -0.22464738041162488 0.11969574168324472 0.4402428418397904
decision_type=2 2 2 2 2 2 2 2 2
left_child=4 2 3 -2 5 -1 7 -6 -8
right_child=1 -3 -4 -5 6 -7 8 -9 -10
leaf_value=0.0049893183361811519 -0.0071809647589018422 -0.012824942914099116 0.040851802002254786 0.032754273189153624 -0.042340044521040072 -0.033693104539639682 -0.043113119056641475 -0.011500844732196877 -0.048116974383865571
leaf_weight=0.54974299494642831 2.8395984063390625 2.9661126552382475 3.6745620719157159 2.4436134037096053 0.59990378969814706 0.55233064945787191 2.5874902440700698 0.29541215486824512 0.32214791502337892
leaf_count=137 256 264 44 89 365 175 1722 105 139
internal_value=5.33022e-09 0.0144013 0.0234166 0.01129 -0.0349947 -0.0143973 -0.0409605 -0.0321646 -0.0436671
internal_weight=16.8309 11.9239 8.95777 5.28321 4.90703 1.10207 3.80495 0.895316 2.90964
internal_count=3296 653 389 345 2643 312 2331 470 1861
is_linear=0
shrinkage=0.04


Tree=29
num_leaves=8
num_cat=0
split_feature=37 3 12 7 5 19 11
split_gain=4.93612 2.79059 2.13818 2.32101 1.26078 0.176114 0.096016
threshold=1.0000000180025095e-35 0.60133576393127453 0.53295281529426586 -0.19503610581159589 0.15180266648530963 0.057983193277310933 0.3095871508121491
decision_type=2 2 2 2 2 2 2
left_child=2 5 3 4 -1 -2 -7
right_child=1 -3 -4 -5 -6 6 -8
leaf_value=-0.013039112648967436 -0.012626826591398028 0.023788383640216747 0.030198149322880938 -0.050613324744195512 0.048189553801326071 -0.040779816558791364 -0.055589972925782237
leaf_weight=1.0954594492213807 0.31556786992587049 1.3237917050719259 6.7819478632882237 1.3023068916518257 1.0575362329836933 3.8099216070841067 0.85815625078976143
leaf_count=325 100 17 122 297 11 2275 149
internal_value=1.8053e-09 -0.0278348 0.0171498 -0.00846111 0.017036 -0.0415474 -0.0435024
internal_weight=16.5447 6.30744 10.2373 3.4553 2.153 4.98365 4.66808
internal_count=3296 2541 755 633 336 2524 2424
is_linear=0
shrinkage=0.04


Tree=30
num_leaves=8
num_cat=0
split_feature=37 3 18 8 19 18 7
split_gain=4.68851 2.54452 1.92454 1.42392 0.197965 0.126663 0.0867958
threshold=1.0000000180025095e-35 0.60133576393127453 0.041721770539879806 -0.48099230229854578 0.050031269543464672 0.027361870743334297 -0.21248654276132581
decision_type=2 2 2 2 2 2 2
left_child=2 4 3 -1 -2 -5 -6
right_child=1 -3 -4 5 6 -7 -8
leaf_value=0.026007255086716103 -0.008544037322929179 0.022014133113157759 0.025225632860257231 -0.055102774991913489 -0.033017397561274649 -0.029470901045713007 -0.045889593824624465
leaf_weight=0.72650817409157653 0.28691626875661214 1.3100885478779671 8.2058010456385073 0.72961012105224987 1.1036096200696195 0.53440439520636573 3.4842064027325246
leaf_count=82 88 17 272 258 559 143 1877
internal_value=-4.45668e-10 -0.0274766 0.0166666 -0.0186174 -0.0407773 -0.044266 -0.0427932
internal_weight=16.3811 6.18482 10.1963 1.99052 4.87473 1.26401 4.58782
internal_count=3296 2541 755 483 2524 401 2436
is_linear=0
shrinkage=0.04


Tree=31
num_leaves=8
num_cat=0
split_feature=37 3 10 1 35 19 7
split_gain=4.4023 2.37418 1.78717 0.991171 0.446773 0.134775 0.0910793
threshold=1.0000000180025095e-35 0.60133576393127453 0.21848038583993915 -0.013097062706947325 0.056090168654918678 0.057983193277310933 -0.21248654276132581
decision_type=2 2 2 2 2 2 2
left_child=2 5 3 -1 -5 -2 -7
right_child=1 -3 -4 4 -6 6 -8
leaf_value=-0.050107200053665278 -0.0146955238382903 0.020663365327045807 0.025043039566388474 -0.016872486522082654 0.028186780410542837 -0.03206029021171055 -0.045471495164995608
leaf_weight=0.83050546934828195 0.30491866893134911 1.3004747759550808 7.8847299098270014 0.72597719985060549 0.68360704206861556 1.0719635108252989 3.3182696569710965
leaf_count=253 100 17 192 237 73 557 1867
internal_value=2.62868e-09 -0.0271636 0.0160855 -0.0154434 0.00497994 -0.0404109 -0.0421969
internal_weight=16.1204 5.99563 10.1248 2.24009 1.40958 4.69515 4.39023
internal_count=3296 2541 755 563 310 2524 2424
is_linear=0
shrinkage=0.04


Tree=32
num_leaves=9
num_cat=0
split_feature=6 21 5 7 38 7 10 18
split_gain=4.37385 2.02732 1.28826 0.392775 0.275231 0.0623118 0.12825 0.0024365
threshold=0.049500437453389175 0.83156028368794332 0.15180266648530963 -0.3292213082313537 0.33105022831050229 -0.22464738041162488 0.11969574168324472 0.072543933987617507
decision_type=2 2 2 2 2 2 2 2
left_child=3 -2 -3 4 -1 6 -5 -7
right_child=1 2 -4 5 -6 7 -8 -9
leaf_value=0.007262764983693713 0.027833398972797459 -0.029916042646065243 0.011370841151070284 -0.0412408841931238 -0.03225036477583277 -0.042874717774399648 -0.0087492086988925025 -0.039251801773645699
leaf_weight=0.57117685873527146 6.5474735547322762 2.0943126279162243 2.8611973742954433 0.56268754316261116 0.55721905804239213 2.311767248844264 0.29694692650809884 0.34079324099002395
leaf_count=137 263 298 92 365 175 1657 105 204
internal_value=1.5202e-09 0.0132243 -0.00607795 -0.0327801 -0.0122494 -0.0393762 -0.0300172 -0.0424093
internal_weight=16.1436 11.503 4.95551 4.64059 1.1284 3.51219 0.859634 2.65256
internal_count=3296 653 390 2643 312 2331 470 1861
is_linear=0
shrinkage=0.04


Tree=33
num_leaves=8
num_cat=0
split_feature=37 3 12 7 5 19 7
split_gain=4.16866 2.14044 1.81938 2.25991 1.22892 0.14278 0.0907893
threshold=1.0000000180025095e-35 0.60133576393127453 0.53295281529426586 -0.19503610581159589 0.15180266648530963 0.050031269543464672 -0.21248654276132581
decision_type=2 2 2 2 2 2 2
left_child=2 5 3 4 -1 -2 -7
right_child=1 -3 -4 -5 -6 6 -8
leaf_value=-0.012983627009198292 -0.011483131524621248 0.018768399220909119 0.027928221444657866 -0.051165329635772736 0.046159059477926041 -0.031298782971278381 -0.044808232298994978
leaf_weight=1.1427854886278517 0.26971637818496752 1.2829292770475147 6.598258733167313 1.2391056024935077 1.106346672400832 1.0554351738537646 3.2372685688897049
leaf_count=325 88 17 122 297 11 559 1877
internal_value=1.72395e-09 -0.0268776 0.0155762 -0.0077887 0.0161086 -0.039713 -0.0414867
internal_weight=15.9318 5.84535 10.0865 3.48824 2.24913 4.56242 4.2927
internal_count=3296 2541 755 633 336 2524 2436
is_linear=0
shrinkage=0.04


Tree=34
num_leaves=8
num_cat=0
split_feature=37 3 12 7 5 19 7
split_gain=3.97208 1.97589 1.52039 2.10292 1.17866 0.15329 0.0912582
threshold=1.0000000180025095e-35 0.60133576393127453 0.53295281529426586 -0.19503610581159589 0.15180266648530963 0.047065337763012187 -0.21248654276132581
decision_type=2 2 2 2 2 2 2
left_child=2 5 3 4 -1 -2 -7
right_child=1 -3 -4 -5 -6 6 -8
leaf_value=-0.012260708918431453 -0.0087688180366236358 0.017569597309907398 0.02655126760817831 -0.049509802184026785 0.04528365146819207 -0.030701664045288516 -0.044352679734660026
leaf_weight=1.1503011495224207 0.25077885808423239 1.2614750387147067 6.5367634698050097 1.1827537884237225 1.1279643322341142 1.0424163921270504 3.1550962994806482
leaf_count=325 77 17 122 297 11 560 1887
internal_value=-2.10657e-09 -0.0266169 0.015201 -0.00623604 0.0162294 -0.0391476 -0.0409626
internal_weight=15.7075 5.70977 9.99778 3.46102 2.27827 4.44829 4.19751
internal_count=3296 2541 755 633 336 2524 2447
is_linear=0
shrinkage=0.04


Tree=35
num_leaves=8
num_cat=0
split_feature=37 3 18 8 19 18 8
split_gain=3.89066 1.79122 1.59648 1.31348 0.134421 0.106665 0.0943112
threshold=1.0000000180025095e-35 0.60133576393127453 0.041721770539879806 -0.48099230229854578 0.047065337763012187 0.027361870743334297 -0.39069463312625879
decision_type=2 2 2 2 2 2 2
left_child=2 4 3 -1 -2 -5 -6
right_child=1 -3 -4 5 6 -7 -8
leaf_value=0.024770614579300493 -0.01011479415733358 0.015481093411494274 0.02300586629793186 -0.053341697474781527 -0.028914672172313693 -0.029481655759932189 -0.043730207832939051
leaf_weight=0.73792143445461977 0.24586631986312646 1.2512819431722162 7.957303658942692 0.68271383858518475 0.87412880448391517 0.53445250203367323 3.2192594762891544
leaf_count=82 77 17 272 258 436 143 2011
internal_value=4.09175e-09 -0.0266825 0.0150488 -0.0173368 -0.038841 -0.0428649 -0.0405664
internal_weight=15.5029 5.59054 9.91239 1.95509 4.33925 1.21717 4.09339
internal_count=3296 2541 755 483 2524 401 2447
is_linear=0
shrinkage=0.04


Tree=36
num_leaves=8
num_cat=0
split_feature=37 3 18 8 19 18 8
split_gain=3.62137 1.67885 1.42799 1.19733 0.120943 0.120664 0.097151
threshold=1.0000000180025095e-35 0.60133576393127453 0.041721770539879806 -0.48099230229854578 0.047065337763012187 0.032822946086525924 -0.39069463312625879
decision_type=2 2 2 2 2 2 2
left_child=2 4 3 -1 -2 -5 -6
right_child=1 -3 -4 5 6 -7 -8
leaf_value=0.023119679795946486 -0.010868903396760374 0.014701404440556978 0.021979696902294905 -0.051520701288418236 -0.028083502255849577 -0.025037906790972224 -0.043317634931130347
leaf_weight=0.74801145854871709 0.24172293697483915 1.2371242558583615 7.9152263530995697 0.73592760838800841 0.85507102229166676 0.43978045141557232 3.090847063052935
leaf_count=82 77 17 272 293 436 108 2011
internal_value=1.4148e-11 -0.0262392 0.0144671 -0.0164436 -0.038334 -0.0416147 -0.0400164
internal_weight=15.2637 5.42477 9.83895 1.92372 4.18764 1.17571 3.94592
internal_count=3296 2541 755 483 2524 401 2447
is_linear=0
shrinkage=0.04


Tree=37
num_leaves=8
num_cat=0
split_feature=37 3 18 15 15 19 8
split_gain=3.42898 1.56727 1.2909 1.61801 0.967401 0.117971 0.0994226
threshold=1.0000000180025095e-35 0.60133576393127453 0.057370547205209739 58.122089385986335 54.905832290649421 0.047065337763012187 -0.39069463312625879
decision_type=2 2 2 2 2 2 2
left_child=2 5 3 4 -1 -2 -7
right_child=1 -3 -4 -5 -6 6 -8
leaf_value=-0.011147463610370471 -0.010818553726615356 0.013773401078401091 0.025891016001400976 -0.045413052293984645 0.035674820502114186 -0.027484344449518711 -0.0430798377710973
leaf_weight=1.4196935206418846 0.24137389461975622 1.2196964183822272 5.867180337314494 1.0807288625510407 1.4044959136517716 0.83817562379408528 2.9772303433273932
leaf_count=446 77 17 163 105 41 436 2011
internal_value=-2.31464e-09 -0.0259846 0.0140305 -0.0037901 0.0121377 -0.0379381 -0.0396538
internal_weight=15.0486 5.27648 9.7721 3.90492 2.82419 4.05678 3.81541
internal_count=3296 2541 755 592 487 2524 2447
is_linear=0
shrinkage=0.04


Tree=38
num_leaves=9
num_cat=0
split_feature=37 3 9 17 18 37 22 11
split_gain=3.20551 1.44787 1.21836 1.26684 0.535322 0.121627 0.108853 0.0161101
threshold=1.0000000180025095e-35 0.60133576393127453 26.500000000000004 -0.004382470389828085 0.066054712980985655 1.5000000000000002 -0.0039450007025152436 0.30057412385940557
decision_type=2 2 2 2 2 2 2 2
left_child=2 5 3 -1 -4 6 -2 -7
right_child=1 -3 4 -5 -6 7 -8 -9
leaf_value=0.013270306213433397 -0.015688002110622677 0.012722579872307601 0.010004470027295853 -0.046097267410722474 0.031730653254082343 -0.042111114695764819 -0.037012568045935799 -0.053183648314525302
leaf_weight=1.3866650388808923 0.61575354076921929 1.2103926893323658 3.3817393623176031 0.98263670713640561 3.9154819695977494 2.0651435232721274 1.0132467745570477 0.23407428571954358
leaf_count=199 332 17 296 200 60 1639 503 50
internal_value=1.87871e-10 -0.0255279 0.0135703 -0.0113516 0.0216621 -0.0373139 -0.028952 -0.0432384
internal_weight=14.8051 5.13861 9.66652 2.3693 7.29722 3.92822 1.629 2.29922
internal_count=3296 2541 755 399 356 2524 835 1689
is_linear=0
shrinkage=0.04


Tree=39
num_leaves=10
num_cat=0
split_feature=37 3 13 5 13 20 8 12 11
split_gain=2.9782 1.32653 1.23816 1.23121 1.1465 0.226289 0.0996222 0.210767 0.0106913
threshold=1.0000000180025095e-35 0.43339149653911596 0.64303770661354076 0.17213628441095355 0.56443387269973766 0.58236434108527146 -0.39069463312625879 0.18273337930440905 0.37291978299617773
decision_type=2 2 2 2 2 2 2 2 2
left_child=2 6 4 5 -1 -4 7 -2 -8
right_child=1 -3 3 -5 -6 -7 8 -9 -10
leaf_value=0.0041968903076287671 -0.042500568505389545 0.0077828430778835384 -0.013605221490536973 0.016929647214533647 0.03886078619735215 -0.043859973766229195 -0.040784527360424441 -0.0019273962535795749 -0.048099878304634532
leaf_weight=2.7187237869948131 0.50665474543347855 1.4091592065524308 0.6724906644667501 1.7441574321128426 3.4817929154960439 0.96047912916401401 2.3525044503039707 0.34390425909077749 0.36991788959130634
leaf_count=265 286 40 145 33 96 216 1948 173 94
internal_value=-5.86307e-09 -0.0250831 0.0130478 -0.00643979 0.0236618 -0.0314004 -0.0380452 -0.0260957 -0.0417785
internal_weight=14.5598 4.98214 9.57764 3.37713 6.20052 1.63297 3.57298 0.850559 2.72242
internal_count=3296 2541 755 394 361 361 2501 459 2042
is_linear=0
shrinkage=0.04


Tree=40
num_leaves=9
num_cat=0
split_feature=37 6 2 3 21 8 12 9
split_gain=3.18985 1.21578 1.36262 1.20507 0.984419 0.0931359 0.197023 0.00890153
threshold=1.0000000180025095e-35 0.15400931239128116 0.15234656631946566 0.43339149653911596 0.39559108527131787 -0.39069463312625879 0.18273337930440905 9.5000000000000018
decision_type=2 2 2 2 2 2 2 2
left_child=1 2 4 5 -1 6 -2 -7
right_child=3 -3 -4 -5 -6 7 -8 -9
leaf_value=0.02590204434176295 -0.04288033980251172 -0.01224867092711057 0.032348995048103193 0.0057782600005011724 -0.028944212687094639 -0.03686136305652047 -0.0039962345638698557 -0.042995399884523264
leaf_weight=0.91294179746182491 0.50625860487343644 2.2567914258688688 5.2127339181024581 1.3711021842900661 1.2277975769247857 0.4547126929974209 0.35447868751361966 2.2590687818592414
leaf_count=133 286 79 122 40 421 381 173 1661
internal_value=1.03572e-10 0.0134329 0.0213146 -0.0261026 -0.00555442 -0.0383313 -0.0268666 -0.0419676
internal_weight=14.5559 9.61026 7.35347 4.94562 2.14074 3.57452 0.860737 2.71378
internal_count=3296 755 676 2541 554 2501 459 2042
is_linear=0
shrinkage=0.04


Tree=41
num_leaves=9
num_cat=0
split_feature=37 13 13 19 5 33 3 8
split_gain=3.06162 1.17498 1.15527 1.14951 1.14057 0.339225 0.511733 0.199312
threshold=1.0000000180025095e-35 0.64303770661354076 0.56443387269973766 0.93218390804597717 0.17213628441095355 0.9490443562928238 0.43339149653911596 -0.36564557254314417
decision_type=2 2 2 2 2 2 2 2
left_child=1 2 -1 5 7 6 -2 -3
right_child=3 4 -4 -5 -6 -7 -8 -9
leaf_value=0.0030557151852425002 -0.036381492746326058 -0.01303268609670815 0.038166904907215991 0.0087185698612267278 0.016765914092713656 -0.064074333801408465 0.02236100946065555 -0.041339692284809659
leaf_weight=2.5709254432003927 2.8143795420764963 0.67611335887340829 3.5974037908599712 1.1668725129566153 1.7407974046654997 0.61044088006019581 0.25912552583031345 0.96747434849385194
leaf_count=265 2138 150 96 266 33 128 9 211
internal_value=1.75445e-09 0.0131415 0.0235328 -0.0258796 -0.00579739 -0.0368384 -0.0314289 -0.0296952
internal_weight=14.4035 9.55271 6.16833 4.85082 3.38439 3.68395 3.07351 1.64359
internal_count=3296 755 361 2541 394 2275 2147 361
is_linear=0
shrinkage=0.04


Tree=42
num_leaves=8
num_cat=0
split_feature=37 18 6 12 7 12 7
split_gain=2.7624 1.24362 1.21523 1.22304 1.66068 0.172026 0.130964
threshold=1.0000000180025095e-35 0.10837249457836153 0.15400931239128116 0.53295281529426586 -0.19910641759634015 0.90772730112075817 -0.21248654276132581
decision_type=2 2 2 2 2 2 2
left_child=2 5 3 4 -1 6 -2
right_child=1 -3 -4 -5 -6 -7 -8
leaf_value=0.02010843639733937 -0.026295304533922766 0.010400315794770245 -0.013362822330214368 0.036698743725777701 -0.041577455461176957 -0.0043912027845304062 -0.044075705144173208
leaf_weight=2.649326203623787 0.91651937580900211 1.1953062595566732 2.2284957095980644 3.6569560850039124 0.9482051348895747 0.24459267093334336 2.3943780261906817
leaf_count=329 563 119 79 68 279 35 1824
internal_value=2.25899e-10 -0.0248962 0.0124725 0.0204088 0.00384982 -0.0367623 -0.0391538
internal_weight=14.2338 4.7508 9.48298 7.25449 3.59753 3.55549 3.3109
internal_count=3296 2541 755 676 608 2422 2387
is_linear=0
shrinkage=0.04


Tree=43
num_leaves=8
num_cat=0
split_feature=37 8 6 12 19 1 2
split_gain=2.82147 1.11174 1.10693 1.1568 1.27677 0.86926 0.278728
threshold=1.0000000180025095e-35 -1.0000000180025095e-35 0.15400931239128116 0.53295281529426586 0.9223227752639519 -0.11635265871882437 0.43155388534069067
decision_type=2 2 2 2 2 2 2
left_child=2 5 3 4 -1 -2 -7
right_child=1 -3 -4 -5 -6 6 -8
leaf_value=-0.016522085289680324 0.019661871241782983 0.04114514773647783 -0.012115731716996751 0.035877937703455882 0.031612263374085063 -0.034438286343624815 -0.069380060788404654
leaf_weight=2.0751545196981156 0.46580102102598075 0.36308008665219116 2.252426456194371 3.6452761851251125 1.5330917616374788 3.2888625818304722 0.41090236650779832
leaf_count=464 61 4 79 68 144 2432 44
internal_value=7.04039e-09 -0.0259843 0.012379 0.0199853 0.0039295 -0.0318355 -0.038319
internal_weight=14.0346 4.52865 9.50595 7.25352 3.60825 4.16557 3.69976
internal_count=3296 2541 755 676 608 2537 2476
is_linear=0
shrinkage=0.04


Tree=44
num_leaves=9
num_cat=0
split_feature=37 13 13 5 8 1 20 2
split_gain=2.57126 1.03708 1.04325 1.02566 1.02559 0.818171 0.263772 0.245627
threshold=1.0000000180025095e-35 0.64303770661354076 0.56443387269973766 0.17213628441095355 -1.0000000180025095e-35 -0.11635265871882437 0.55684754521963831 0.43155388534069067
decision_type=2 2 2 2 2 2 2 2
left_child=1 2 -1 6 5 -2 -3 -7
right_child=4 3 -4 -5 -6 7 -8 -9
leaf_value=0.0027746516362780033 0.018856159516289463 -0.0095182793537450083 0.036174078531682106 0.015293733430999275 0.040378137238899478 -0.033797952022042249 -0.042387303210833845 -0.067829546028041698
leaf_weight=2.6521484219119866 0.46758873999351536 0.65927502937847771 3.4335733077605255 1.7326509510166941 0.35082744574174451 3.2071394596714531 0.95868578308727592 0.37948939180932928
leaf_count=265 61 143 96 33 4 2432 218 44
internal_value=-5.8372e-09 0.0117792 0.0216187 -0.00609219 -0.025233 -0.0309106 -0.0289941 -0.0373987
internal_weight=13.8414 9.43633 6.08572 3.35061 4.40505 4.05422 1.61796 3.58663
internal_count=3296 755 361 394 2541 2537 361 2476
is_linear=0
shrinkage=0.04


Tree=45
num_leaves=9
num_cat=0
split_feature=37 6 2 3 21 8 12 9
split_gain=2.35619 1.02263 1.06028 1.0146 0.936583 0.111739 0.228273 0.00987048
threshold=1.0000000180025095e-35 0.15400931239128116 0.15234656631946566 0.43339149653911596 0.39559108527131787 -0.39069463312625879 0.18273337930440905 9.5000000000000018
decision_type=2 2 2 2 2 2 2 2
left_child=1 2 4 5 -1 6 -2 -7
right_child=3 -3 -4 -5 -6 7 -8 -9
leaf_value=0.024848353412399129 -0.041854834166638384 -0.01212700996459057 0.029053289252846306 0.0074040159135429721 -0.027609090987605951 -0.03498101155122723 0.0020434858012753632 -0.041886871386020305
leaf_weight=0.97886157169705112 0.44639969361014564 2.2729665515944362 4.9048301132279448 1.1602805911097673 1.227410254825372 0.39855826523853721 0.32937547215260565 1.9579044734709894
leaf_count=133 286 79 122 40 421 381 173 1661
internal_value=-4.56014e-09 0.0112289 0.0186943 -0.024548 -0.00433518 -0.036384 -0.0232167 -0.0407189
internal_weight=13.6766 9.38407 7.1111 4.29252 2.20627 3.13224 0.775775 2.35646
internal_count=3296 755 676 2541 554 2501 459 2042
is_linear=0
shrinkage=0.04


Tree=46
num_leaves=9
num_cat=0
split_feature=37 21 12 8 3 7 12 5
split_gain=2.19937 1.00501 1.20292 1.22476 0.957145 0.115808 0.192557 0.00915968
threshold=1.0000000180025095e-35 0.93218390804597717 0.53295281529426586 -0.48099230229854578 0.43339149653911596 -0.21248654276132581 0.18273337930440905 0.057106040418148048
decision_type=2 2 2 2 2 2 2 2
left_child=1 2 3 -1 5 6 -2 -7
right_child=4 -3 -4 -5 -6 7 -8 -9
leaf_value=0.024326515815471891 -0.040352845074043096 -0.014517254653460748 0.030765866340782835 -0.027765698612329026 0.0068067210933519459 -0.042064754219441357 -0.0021739908600679862 -0.035171802427209173
leaf_weight=1.4072299827821551 0.47902622463880007 1.9701955406344493 4.429631324368529 1.4833512068726107 1.159131505526602 1.7914866731152894 0.37827629037201405 0.37260811927262683
leaf_count=133 340 199 73 350 40 1744 240 177
internal_value=2.49913e-09 0.010842 0.0176673 -0.0024055 -0.0240942 -0.035949 -0.0235068 -0.0408779
internal_weight=13.4709 9.29041 7.32021 2.89058 4.18053 3.0214 0.857303 2.16409
internal_count=3296 755 556 483 2541 2501 580 1921
is_linear=0
shrinkage=0.04


Tree=47
num_leaves=8
num_cat=0
split_feature=37 6 1 19 8 1 15
split_gain=2.08057 0.944276 0.987435 1.17929 0.901927 0.775009 0.241128
threshold=1.0000000180025095e-35 0.15400931239128116 0.026336666196584705 0.099019607843137278 -1.0000000180025095e-35 -0.11635265871882437 78.329792022705092
decision_type=2 2 2 2 2 2 2
left_child=1 2 3 -1 5 -2 -7
right_child=4 -3 -4 -5 -6 6 -8
leaf_value=0.033019497805798839 0.01927484572327148 -0.012141944241334803 0.02757081096297926 -0.028918016950800127 0.039323985548099433 -0.038951059975354932 0.0055266634544499406
leaf_weight=0.79511565034044762 0.46020997484447379 2.2275806874968112 4.902762817859184 1.2895444272435268 0.33315994450822639 3.086216162948404 0.20817620126763348
leaf_count=36 61 79 264 376 4 2431 45
internal_value=1.52337e-09 0.010536 0.0177657 -0.00529427 -0.0237512 -0.0293481 -0.0361405
internal_weight=13.3028 9.215 6.98742 2.08466 4.08776 3.7546 3.29439
internal_count=3296 755 676 412 2541 2537 2476
is_linear=0
shrinkage=0.04


Tree=48
num_leaves=9
num_cat=0
split_feature=21 14 35 8 8 35 13 3
split_gain=1.99187 1.87099 1.03503 0.576807 0.476016 0.441759 0.330957 0.0376315
threshold=0.97100840336134464 0.042681241407990463 0.040403248742222793 -0.26489508152008051 -0.48891161382198328 0.040403248742222793 0.6575850546360017 -0.085265893489122377
decision_type=2 2 2 2 2 2 2 2
left_child=1 4 6 -4 -1 -2 -3 -6
right_child=5 2 3 -5 7 -7 -8 -9
leaf_value=0.0098940530844888828 -0.018381722062017224 0.0037954640014418641 0.0030842297779493755 0.025463642854331957 -0.026236092161838868 -0.062670662901372798 -0.038254676985162404 -0.041576570767218157
leaf_weight=0.40241260908078214 0.62767330469796501 0.50572939723497146 2.7525346693582824 5.5746736542787394 0.31668082048417812 0.84605686564464122 0.73428791778860614 1.3320687566301814
leaf_count=108 234 95 550 227 292 141 401 1248
internal_value=-6.33289e-10 0.00555677 0.0129892 0.0180662 -0.0291102 -0.0438077 -0.0211049 -0.0386301
internal_weight=13.0921 11.6184 9.56723 8.32721 2.05116 1.47373 1.24002 1.64875
internal_count=3296 2921 1273 777 1648 375 496 1540
is_linear=0
shrinkage=0.04


Tree=49
num_leaves=9
num_cat=0
split_feature=37 18 8 8 1 21 2 18
split_gain=1.93932 0.912107 1.15169 0.901595 0.684636 0.677156 0.224403 0.0592622
threshold=1.0000000180025095e-35 0.038963567465543754 -0.48099230229854578 -1.0000000180025095e-35 -0.11635265871882437 0.80196078431372564 0.43155388534069067 0.023366799578070644
decision_type=2 2 2 2 2 2 2 2
left_child=1 2 -1 4 -2 -3 -6 -4
right_child=3 5 7 -5 6 -7 -8 -9
leaf_value=0.020080219183865263 0.017090365890097509 0.029025781378348988 -0.052095753729011741 0.040148652318230386 -0.032081985092147929 0.0046466885134916723 -0.066961318475543749 -0.032273104819640144
leaf_weight=0.81385972618591018 0.44861007429426525 3.5350391024257988 0.59190938883693711 0.32743362616747784 2.8432594087207694 3.7639228877378628 0.32931179692968715 0.40739683038555086
leaf_count=75 61 158 238 4 2432 150 44 134
internal_value=-1.85478e-09 0.0101464 -0.0152449 -0.0234147 -0.0291622 0.016454 -0.0357024 -0.0440145
internal_weight=13.0607 9.11213 1.81317 3.94861 3.62118 7.29896 3.17257 0.999306
internal_count=3296 755 447 2541 2537 308 2476 372
is_linear=0
shrinkage=0.04


Tree=50
num_leaves=9
num_cat=0
split_feature=37 3 18 8 21 13 18 5
split_gain=1.90554 0.892502 0.844547 1.00816 0.824853 0.12766 0.0593244 0.044954
threshold=1.0000000180025095e-35 0.43339149653911596 0.038963567465543754 -0.48099230229854578 0.79118217054263573 0.38342921435832983 0.023366799578070644 0.047837436199188239
decision_type=2 2 2 2 2 2 2 2
left_child=2 5 3 -1 -4 -2 -5 -7
right_child=1 -3 4 6 -6 7 -8 -9
leaf_value=0.017761402324007455 -0.008295999404734718 0.0078280977588955688 0.029810605595918586 -0.050880519621303265 0.0029988534893450724 -0.04042458099337206 -0.030725235604093726 -0.026923332696378907
leaf_weight=0.82499838049989171 0.25687262637075203 1.0615818111691622 3.5581986848264933 0.56222724926192136 3.7928454405046068 2.0849795576068577 0.39981251966673881 0.48669232730753709
leaf_count=75 225 40 147 238 161 2011 134 265
internal_value=-2.17172e-09 -0.0234462 0.00998116 -0.0146822 0.0159768 -0.0351838 -0.0425042 -0.0378695
internal_weight=13.0282 3.89013 9.13808 1.78704 7.35104 2.82854 0.96204 2.57167
internal_count=3296 2541 755 447 308 2501 372 2276
is_linear=0
shrinkage=0.04


Tree=51
num_leaves=8
num_cat=0
split_feature=37 21 3 1 36 13 37
split_gain=1.99778 0.867976 0.839205 0.556739 0.553081 0.121132 0.0337102
threshold=1.0000000180025095e-35 0.83156028368794332 0.43339149653911596 0.027601121924817566 0.73183734192908523 0.38342921435832983 1.5000000000000002
decision_type=2 2 2 2 2 2 2
left_child=1 3 5 -1 -3 -2 -7
right_child=2 4 -4 -5 -6 6 -8
leaf_value=0.0027883980233964949 -0.0096905817846153347 0.010380591337877706 0.0065931553676554372 0.029948960451828592 -0.020011198432504526 -0.032491151109912582 -0.041919192418037869
leaf_weight=1.844810931594109 0.26261057832744139 1.9731338300625796 1.034088942222297 3.495493424939923 1.8623371244757434 0.99795639747753773 1.5480632993858305
leaf_count=283 225 105 40 162 205 730 1546
internal_value=-7.37132e-09 0.0101403 -0.0242134 0.0205663 -0.00437633 -0.0355558 -0.0382237
internal_weight=13.0185 9.17578 3.84272 5.3403 3.83547 2.80863 2.54602
internal_count=3296 755 2541 445 310 2501 2276
is_linear=0
shrinkage=0.04


Tree=52
num_leaves=9
num_cat=0
split_feature=37 13 13 18 3 8 12 9
split_gain=1.69734 0.87065 0.961098 0.800859 0.792982 0.132178 0.252665 0.0109744
threshold=1.0000000180025095e-35 0.64303770661354076 0.56443387269973766 0.054120022803545005 0.43339149653911596 -0.39069463312625879 0.18273337930440905 9.5000000000000018
decision_type=2 2 2 2 2 2 2 2
left_child=1 2 -1 -3 5 6 -2 -7
right_child=4 3 -4 -5 -6 7 -8 -9
leaf_value=0.0012016352823904738 -0.041241119285593673 -0.03338563603106464 0.033601944706623525 0.0081024571926020545 0.0066156999528276207 -0.033253685151838373 0.0079094120677195064 -0.041227516287481274
leaf_weight=2.7571727270260435 0.37613081629387979 1.1979995708097706 3.1252045311266556 1.9663021086016668 1.0424078661017118 0.33273676881799685 0.30146887910086662 1.6243007503217084
leaf_count=265 286 276 96 118 40 381 173 1661
internal_value=7.20978e-11 0.00931413 0.0184154 -0.00760487 -0.0229157 -0.0345999 -0.0193737 -0.0398718
internal_weight=12.7237 9.04668 5.88238 3.1643 3.67705 2.63464 0.6776 1.95704
internal_count=3296 755 361 394 2541 2501 459 2042
is_linear=0
shrinkage=0.04


Tree=53
num_leaves=8
num_cat=0
split_feature=37 21 8 1 1 1 10
split_gain=1.70283 0.831332 0.779929 0.748219 0.642843 0.557616 0.199137
threshold=1.0000000180025095e-35 0.83156028368794332 -1.0000000180025095e-35 0.18588922172784808 -0.11635265871882437 0.027601121924817566 0.49542677402496343
decision_type=2 2 2 2 2 2 2
left_child=1 5 4 -3 -2 -1 -6
right_child=2 3 -4 -5 6 -7 -8
leaf_value=0.0016773971222852643 0.01730987595765246 -0.023713715302580003 0.039313260936707957 0.012075106754636203 -0.031588145762212291 0.028907847505935887 -0.065022420901683614
leaf_weight=1.8416520718601512 0.42669849970843632 1.8011278755147944 0.29471494490280914 1.9428828151430932 2.6065891252073929 3.4708727579563856 0.320022792671807
leaf_count=283 61 258 4 52 2427 162 49
internal_value=4.38472e-09 0.00929425 -0.0230738 -0.00514179 -0.0285568 0.0194681 -0.0352442
internal_weight=12.7046 9.05654 3.64803 3.74401 3.35331 5.31252 2.92661
internal_count=3296 755 2541 310 2537 445 2476
is_linear=0
shrinkage=0.04


Tree=54
num_leaves=8
num_cat=0
split_feature=21 1 20 21 33 12 35
split_gain=1.60454 1.84812 1.35212 0.755801 0.843857 0.461176 0.388623
threshold=0.97100840336134464 0.026336666196584705 0.033908045977011504 0.62823920265780742 0.80353611027869365 0.69218152761459362 0.040403248742222793
decision_type=2 2 2 2 2 2 2
left_child=1 2 -1 -3 -5 -4 -2
right_child=6 3 5 4 -6 -7 -8
leaf_value=0.033050967560278859 -0.017160774669752039 0.037115049101843683 -0.033518323193698636 -0.010139100117485582 0.02416773745983463 0.0023434029515437848 -0.060944324029239091
leaf_weight=0.74934159877011364 0.57781926961615748 2.2051394625450484 2.7879345243854918 2.0931054460816085 2.5383798954135273 0.72242654327419575 0.73945014888886362
leaf_count=64 234 241 1959 358 116 183 141
internal_value=-4.20409e-09 0.00495489 -0.0157259 0.0178405 0.00866346 -0.026138 -0.0417387
internal_weight=12.4136 11.0963 4.2597 6.83662 4.63149 3.51036 1.31727
internal_count=3296 2921 2206 715 474 2142 375
is_linear=0
shrinkage=0.04


Tree=55
num_leaves=8
num_cat=0
split_feature=1 21 20 9 7 12 8
split_gain=1.71318 1.71341 1.30652 1.05139 0.694679 0.293184 0.299588
threshold=0.026336666196584705 0.62823920265780742 0.033908045977011504 27.500000000000004 -0.19910641759634015 0.69218152761459362 -0.39514923095703119
decision_type=2 2 2 2 2 2 2
left_child=2 -2 -1 4 -3 6 -4
right_child=1 3 5 -5 -6 -7 -8
leaf_value=0.029886604705491621 0.037464689736689309 0.0023419453453583832 -0.019531587163430064 0.010762288572222388 -0.047045925239866469 -0.0073446611701316281 -0.044970287027897349
leaf_weight=0.72003653040155846 2.6434415744733979 0.7906050519668496 1.2618027026182965 3.6632997307751793 1.0756724015809593 0.80602639974676993 1.7936553867766645
leaf_count=66 241 108 529 289 224 210 1629
internal_value=5.49102e-10 0.010976 -0.0195801 -0.0016871 -0.0261239 -0.028804 -0.0344649
internal_weight=12.7545 8.17302 4.58152 5.52958 1.86628 3.86148 3.05546
internal_count=3296 862 2434 621 332 2368 2158
is_linear=0
shrinkage=0.04


Tree=56
num_leaves=7
num_cat=0
split_feature=37 21 9 3 1 7
split_gain=1.69893 1.02056 1.21482 0.982022 0.511982 0.181518
threshold=1.0000000180025095e-35 0.62823920265780742 27.500000000000004 0.69193267822265636 -0.11635265871882437 -0.21248654276132581
decision_type=2 2 2 2 2 2
left_child=1 -1 -3 4 -2 -6
right_child=3 2 -4 -5 5 -7
leaf_value=0.027184177263911261 0.01123213433730913 -0.028211497686200217 0.011475960459027141 0.028323067247030306 -0.020542819607944195 -0.043760296477537944
leaf_weight=3.2629246866563317 0.39394138095667575 1.786702644662 3.9893601540243253 0.51221902761608351 0.73631615727208544 2.008268973004308
leaf_count=270 61 268 217 7 563 1910
internal_value=5.18192e-09 0.0093015 -0.000800514 -0.0230298 -0.0314108 -0.0375315
internal_weight=12.6897 9.03899 5.77606 3.65075 3.13853 2.74459
internal_count=3296 755 485 2541 2534 2473
is_linear=0
shrinkage=0.04


Tree=57
num_leaves=8
num_cat=0
split_feature=1 21 20 9 33 12 8
split_gain=1.68229 1.6641 1.11152 0.860776 0.581664 0.268608 0.278207
threshold=0.026336666196584705 0.62823920265780742 0.033908045977011504 27.500000000000004 0.37390070921985824 0.69218152761459362 -0.39514923095703119
decision_type=2 2 2 2 2 2 2
left_child=2 -2 -1 4 -3 6 -4
right_child=1 3 5 -5 -6 -7 -8
leaf_value=0.026969901337551314 0.036317869243881147 0.0021276046141335023 -0.019680637981228294 0.0091509811179140768 -0.044103014420594118 -0.0077002623015408403 -0.044424807544488874
leaf_weight=0.68844449531752694 2.723070737323722 0.74976135924225662 1.2704815834877075 3.6501227063708939 1.0386960728792471 0.79795974207809184 1.6995637365907907
leaf_count=66 241 110 529 289 222 210 1629
internal_value=-3.39519e-11 0.0107924 -0.0197655 -0.00198806 -0.0247221 -0.0283044 -0.0338401
internal_weight=12.6181 8.16165 4.45645 5.43858 1.78846 3.76801 2.97005
internal_count=3296 862 2434 621 332 2368 2158
is_linear=0
shrinkage=0.04


Tree=58
num_leaves=8
num_cat=0
split_feature=1 21 20 9 38 5 0
split_gain=1.68856 1.6524 1.03195 0.766348 0.544552 0.263146 0.229451
threshold=0.026336666196584705 0.62823920265780742 0.033908045977011504 27.500000000000004 0.85037313432835837 0.037879122421145446 -0.077699698507785783
decision_type=2 2 2 2 2 2 2
left_child=2 -2 -1 4 -3 6 -4
right_child=1 3 5 -5 -6 -7 -8
leaf_value=0.025615692329485618 0.035636669708478924 -0.0023549334273327165 0.0049661420495538755 0.0083704242701448228 -0.046702952946356888 -0.0063114575120448478 -0.036546000381952187
leaf_weight=0.6727185344789185 2.8048294032341783 0.91800686932401709 0.23068227653857265 3.5956710082245991 0.8561769956140779 0.71044902404537413 2.7854757421009722
leaf_count=66 241 192 23 289 140 117 2228
internal_value=1.39145e-09 0.0107532 -0.0199813 -0.00224411 -0.0237562 -0.0282124 -0.0333711
internal_weight=12.574 8.17468 4.39933 5.36985 1.77418 3.72661 3.01616
internal_count=3296 862 2434 621 332 2368 2251
is_linear=0
shrinkage=0.04


Tree=59
num_leaves=8
num_cat=0
split_feature=1 21 20 9 33 33 32
split_gain=1.69023 1.64341 0.916345 0.678355 0.50292 0.232985 0.791361
threshold=0.026336666196584705 0.62823920265780742 0.033908045977011504 27.500000000000004 0.37390070921985824 0.90722888199625573 0.9236699623352167
decision_type=2 2 2 2 2 2 2
left_child=2 -2 -1 4 -3 6 -4
right_child=1 3 5 -5 -6 -7 -8
leaf_value=0.023619550615062594 0.034887421024786792 0.0019620003009067901 -0.032761556787043608 0.0074565219483871724 -0.041282586246655935 -0.054667253199312649 0.021955428553820409
leaf_weight=0.6465807352797136 2.895777404017279 0.74939211329910893 2.7063523017277484 3.5838268018560484 1.0104800665867513 0.45944747308385547 0.50123894668649871
leaf_count=66 241 110 2150 289 222 184 34
internal_value=-1.42817e-09 0.0106201 -0.0202856 -0.00253046 -0.0228681 -0.028027 -0.0242111
internal_weight=12.5531 8.23948 4.31362 5.3437 1.75987 3.66704 3.20759
internal_count=3296 862 2434 621 332 2368 2184
is_linear=0
shrinkage=0.04


Tree=60
num_leaves=7
num_cat=0
split_feature=37 21 9 3 1 7
split_gain=1.48581 1.02056 0.879749 0.828212 0.569874 0.181862
threshold=1.0000000180025095e-35 0.62823920265780742 27.500000000000004 0.69193267822265636 -0.11635265871882437 -0.21248654276132581
decision_type=2 2 2 2 2 2
left_child=1 -1 -3 4 -2 -6
right_child=3 2 -4 -5 5 -7
leaf_value=0.025630544884994829 0.012942857167409665 -0.026092440868755753 0.0086150367417995224 0.026122380466477121 -0.019709315454953646 -0.043347206914112535
leaf_weight=3.4723201245069486 0.42869717039866362 1.6894936013268305 3.7893586893915199 0.49260071944445361 0.71925388518138778 1.8870974482269978
leaf_count=270 61 268 217 7 563 1910
internal_value=-2.11256e-09 0.00866478 -0.00208758 -0.0219863 -0.0297945 -0.036824
internal_weight=12.4788 8.95117 5.47885 3.52765 3.03505 2.60635
internal_count=3296 755 485 2541 2534 2473
is_linear=0
shrinkage=0.04


Tree=61
num_leaves=8
num_cat=0
split_feature=1 38 20 18 6 33 32
split_gain=1.45791 1.53266 0.961931 0.678717 1.00649 0.23095 0.677159
threshold=0.026336666196584705 0.35067567567567576 0.033908045977011504 0.11249547824263574 0.15400931239128116 0.90722888199625573 0.92779375119800667
decision_type=2 2 2 2 2 2 2
left_child=2 -2 -1 4 -3 6 -4
right_child=1 3 5 -5 -6 -7 -8
leaf_value=0.024006739699331502 0.041059870484038634 0.0051662920753893374 -0.031166403042794461 0.022680885140140765 -0.035084854487014719 -0.054744764519616219 0.022877496584618465
leaf_weight=0.69432345486711788 1.9284640110563467 3.1354420927527826 2.6692998056823862 1.5969764293404294 1.455319133645389 0.43610420139157202 0.43082266330020491
leaf_count=66 123 560 2154 59 120 184 30
internal_value=-3.0654e-09 0.00992364 -0.0190383 0.000219755 -0.00759374 -0.02749 -0.0236559
internal_weight=12.3468 8.1162 4.23055 6.18774 4.59076 3.53623 3.10012
internal_count=3296 862 2434 739 680 2368 2184
is_linear=0
shrinkage=0.04


Tree=62
num_leaves=8
num_cat=0
split_feature=8 18 7 4 8 2 11
split_gain=1.40853 1.68653 0.83537 0.796247 0.727822 0.258819 0.0641396
threshold=-0.48099230229854578 0.041721770539879806 -0.34204414486885065 0.4402428418397904 -0.39069463312625879 0.43155388534069067 0.37291978299617773
decision_type=2 2 2 2 2 2 2
left_child=2 5 -1 4 -3 6 -2
right_child=1 3 -4 -5 -6 -7 -8
leaf_value=0.0023348774951822558 -0.039216346380546142 0.011693262316648651 0.04191916305079299 0.0097829845846512716 -0.043869242751694133 0.0076047557863887661 -0.059994402366322919
leaf_weight=1.7313349600299264 1.8364282603724849 0.60999078868189804 1.6814285615109845 4.9786365316831507 0.98844962727162056 0.18364226631820191 0.2730465264758094
leaf_count=236 1834 152 92 232 686 12 52
internal_value=-9.92206e-10 -0.00840191 0.0218376 0.00189692 -0.0226657 -0.0379408 -0.0419058
internal_weight=12.283 8.87019 3.41276 6.57708 1.59844 2.29312 2.10947
internal_count=3296 2968 328 1070 838 1898 1886
is_linear=0
shrinkage=0.04


Tree=63
num_leaves=10
num_cat=0
split_feature=1 1 20 0 15 20 19 33 32
split_gain=1.37487 1.54296 0.862124 0.776221 0.578878 0.579688 0.425278 0.219919 0.596934
threshold=0.026336666196584705 0.050983056426048286 0.033908045977011504 0.05907904542982579 36.620468139648445 0.59417229729729748 0.26876172607879928 0.90722888199625573 0.9236699623352167
decision_type=2 2 2 2 2 2 2 2 2
left_child=2 4 -1 6 -2 -6 -3 8 -4
right_child=1 3 7 -5 5 -7 -8 -9 -10
leaf_value=0.022543568658661434 0.0502566838361303 0.0016791328720638721 -0.030991104102755546 0.010787442908714719 0.041814424113293377 -0.0078816564395825205 -0.033336645186736825 -0.054302973386916635 0.017468957426783033
leaf_weight=0.67303428798914033 1.4732271371176451 0.87837004149332676 2.5354731382394684 2.7306084001902491 0.69659696315648012 0.81486600113566965 1.507285348488949 0.4140787427604663 0.4844054867280646
leaf_count=66 33 97 2150 139 55 250 288 184 34
internal_value=-2.13488e-10 0.00955791 -0.0188528 -0.00377554 0.0324137 0.0150221 -0.0204443 -0.0269662 -0.0232178
internal_weight=12.2079 8.10095 4.10699 5.11626 2.98469 1.51146 2.38566 3.43396 3.01988
internal_count=3296 862 2434 524 338 305 385 2368 2184
is_linear=0
shrinkage=0.04


Tree=64
num_leaves=7
num_cat=0
split_feature=37 21 9 3 1 7
split_gain=1.28112 0.89707 0.807377 0.677769 0.463083 0.196961
threshold=1.0000000180025095e-35 0.62823920265780742 27.500000000000004 0.69193267822265636 -0.11635265871882437 -0.21248654276132581
decision_type=2 2 2 2 2 2
left_child=1 -1 -3 4 -2 -6
right_child=3 2 -4 -5 5 -7
leaf_value=0.023841164717692435 0.010442417483287857 -0.025276878221448515 0.008194031711330178 0.023704599260329973 -0.017445135543025233 -0.042728895083057335
leaf_weight=3.4521756544127111 0.4124161842628381 1.6803246795607263 3.6749001998105086 0.45900667365640391 0.69272743636975054 1.7095049929630497
leaf_count=270 61 268 217 7 563 1910
internal_value=-1.43974e-09 0.00794136 -0.00230823 -0.0213654 -0.0287153 -0.0354379
internal_weight=12.0811 8.8074 5.35522 3.27366 2.81465 2.40223
internal_count=3296 755 485 2541 2534 2473
is_linear=0
shrinkage=0.04


Tree=65
num_leaves=9
num_cat=0
split_feature=21 1 1 11 3 31 8 6
split_gain=1.28841 1.47997 0.945598 0.788589 0.754291 0.375825 0.182998 0.0480908
threshold=0.97100840336134464 0.026336666196584705 0.050983056426048286 0.31800563633441931 0.22249802947044375 0.9931944444444446 -0.47033274173736567 0.23121662437915805
decision_type=2 2 2 2 2 2 2 2
left_child=1 4 -3 -4 6 7 -1 -2
right_child=5 2 3 -5 -6 -7 -8 -9
leaf_value=-0.011321557850127582 -0.047917644275546747 0.032978691266649027 -0.017997175671727702 0.017410863205198985 0.01331314290724624 -0.012133947867655044 -0.033908037745030602 -0.068598485806947163
leaf_weight=0.82638965832302291 0.40283704770263351 2.8539327399921604 1.6881670113652942 2.4919573792722076 1.023033798090182 0.50080569033161737 1.8788213147490744 0.32509082416072488
leaf_count=263 298 292 341 82 48 36 1895 41
internal_value=-4.17467e-11 0.00443032 0.0152293 0.00311113 -0.0159441 -0.0388046 -0.0270083 -0.0571537
internal_weight=11.991 10.7623 7.03406 4.18012 3.72824 1.22873 2.70521 0.727928
internal_count=3296 2921 715 423 2206 375 2158 339
is_linear=0
shrinkage=0.04


Tree=66
num_leaves=8
num_cat=0
split_feature=1 38 20 21 2 33 32
split_gain=1.36131 1.26572 0.714605 0.509983 0.712927 0.20206 0.539186
threshold=0.026336666196584705 0.35067567567567576 0.033908045977011504 0.93582704186684984 0.15595784038305285 0.90722888199625573 0.9236699623352167
decision_type=2 2 2 2 2 2 2
left_child=2 -2 -1 4 -3 6 -4
right_child=1 3 5 -5 -6 -7 -8
leaf_value=0.020056473719441061 0.037689952223575775 -0.018104340758724597 -0.030443051654201161 -0.018801224385849528 0.017282030078461991 -0.053845633353122299 0.016753530365815381
leaf_weight=0.62278004479594651 1.9278058566269445 1.2634011136833576 2.4751936583779761 1.6098506641283163 3.2653618613258004 0.38593946464243334 0.45913038810249407
leaf_count=66 123 405 2150 198 136 184 34
internal_value=6.57034e-10 0.00941568 -0.019262 0.000536257 0.0074102 -0.0266369 -0.0230583
internal_weight=12.0095 8.06642 3.94304 6.13861 4.52876 3.32026 2.93432
internal_count=3296 862 2434 739 541 2368 2184
is_linear=0
shrinkage=0.04


Tree=67
num_leaves=8
num_cat=0
split_feature=1 7 18 19 20 33 32
split_gain=1.31107 1.24624 1.04744 1.17059 0.66103 0.19255 0.502584
threshold=0.026336666196584705 -0.19910641759634015 0.11249547824263574 0.33680555555555564 0.033908045977011504 0.90722888199625573 0.9236699623352167
decision_type=2 2 2 2 2 2 2
left_child=4 -2 3 -3 -1 6 -6
right_child=1 2 -4 -5 5 -7 -8
leaf_value=0.018784584057808199 0.026237849731319245 0.015327046395366993 0.02354454457985691 -0.037205377752804143 -0.029993404646248081 -0.053353228244186653 0.015773136333013044
leaf_weight=0.61991569853853556 3.7088260300806724 1.0484688735450602 1.3748471675498875 1.9243150724505538 2.4382987169083217 0.37216088350396592 0.45565660565625865
leaf_count=66 257 103 54 448 2150 184 34
internal_value=-3.34512e-09 0.00920465 -0.00532584 -0.0186778 -0.0190829 -0.0262703 -0.0227874
internal_weight=11.9425 8.05646 4.34763 2.97278 3.88603 3.26612 2.89396
internal_count=3296 862 605 551 2434 2368 2184
is_linear=0
shrinkage=0.04


Tree=68
num_leaves=9
num_cat=0
split_feature=37 34 8 0 3 37 33 7
split_gain=1.2336 0.847622 0.771749 0.751694 0.570591 0.167621 0.144688 0.00395552
threshold=1.0000000180025095e-35 0.77512908294982619 -0.44916816055774683 -0.014312237501144407 0.60133576393127453 1.5000000000000002 0.3185148654360998 -0.16571495682001111
decision_type=2 2 2 2 2 2 2 2
left_child=1 2 -1 -4 5 6 -2 -7
right_child=4 -3 3 -5 -6 7 -8 -9
leaf_value=0.02913624931033458 0.00075562148151594208 -0.012529910686819421 0.020278077356110227 -0.019028428637611641 0.010071100588471271 -0.037576198018948868 -0.029827605287039437 -0.042330790569170273
leaf_weight=3.2112724849721417 0.37195454814355045 2.4031335436447989 1.6033784539904448 1.5130487111746314 0.70044715050607909 0.4120888249308331 0.73975547598092817 0.87315526121528853
leaf_count=149 282 238 119 249 17 474 553 1215
internal_value=-6.44514e-10 0.0076941 0.0153748 0.00119447 -0.0216878 -0.0309685 -0.0195951 -0.0408063
internal_weight=11.8282 8.73083 6.3277 3.11643 3.0974 2.39695 1.11171 1.28524
internal_count=3296 755 517 368 2541 2524 835 1689
is_linear=0
shrinkage=0.04


Tree=69
num_leaves=10
num_cat=0
split_feature=1 1 0 1 15 20 0 5 8
split_gain=1.15133 1.15334 0.84879 0.603204 0.505095 0.506316 0.290351 0.175145 0.17417
threshold=0.026336666196584705 0.050983056426048286 0.05907904542982579 -0.090803112834691987 36.620468139648445 0.61043360433604354 -0.030289673246443268 0.037879122421145446 -0.39514923095703119
decision_type=2 2 2 2 2 2 2 2 2
left_child=3 4 6 -1 -2 -6 -3 8 -5
right_child=1 2 -4 7 5 -7 -8 -9 -10
leaf_value=0.0097671445814694821 0.046095154889795847 -0.0029482735771589027 0.012403283198047439 -0.019349610651520185 0.037374106233665348 -0.0098004051023874803 -0.031561932223086793 -0.0087845858645087312 -0.042140748159518841
leaf_weight=0.92871928500244427 1.401524812798016 0.93731111736269701 2.7394988962914795 0.91751524023129682 0.68983961292542495 0.7707244464836549 1.4377812937891574 0.63119772091158655 1.2918834445299578
leaf_count=198 33 96 139 445 67 238 289 120 1671
internal_value=2.82604e-09 0.00860864 -0.0027693 -0.0182177 0.0289412 0.0124806 -0.0202698 -0.0273672 -0.0326761
internal_weight=11.746 7.97668 5.11459 3.76932 2.86209 1.46056 2.37509 2.8406 2.2094
internal_count=3296 862 524 2434 338 305 385 2236 2116
is_linear=0
shrinkage=0.04


Tree=70
num_leaves=9
num_cat=0
split_feature=1 1 0 1 22 19 5 8
split_gain=1.10177 1.09639 0.792165 0.57581 0.484819 0.289478 0.165396 0.176016
threshold=0.026336666196584705 0.050983056426048286 0.05907904542982579 -0.090803112834691987 -0.020773317664861676 0.26876172607879928 0.037879122421145446 -0.39514923095703119
decision_type=2 2 2 2 2 2 2 2
left_child=3 4 5 -1 -2 -3 7 -5
right_child=1 2 -4 6 -6 -7 -8 -9
leaf_value=0.0092250254774554029 0.046230934219463053 -0.0017905312615049257 0.011905225559545573 -0.018846930672451259 0.013108091724602963 -0.030704109528400397 -0.008988818532193011 -0.041948172057835978
leaf_weight=0.93681310329702716 1.3063702107174324 0.89339781849412281 2.747616320499219 0.90922441068687554 1.5411506102245764 1.4584887772798536 0.63129850776749652 1.2576801088580394
leaf_count=198 53 97 139 445 285 288 120 1671
internal_value=1.79625e-09 0.00842152 -0.00268071 -0.0179185 0.028304 -0.0197209 -0.0270059 -0.032255
internal_weight=11.682 7.94702 5.0995 3.73502 2.84752 2.35189 2.7982 2.1669
internal_count=3296 862 524 2434 338 385 2236 2116
is_linear=0
shrinkage=0.04


Tree=71
num_leaves=9
num_cat=0
split_feature=37 7 18 19 3 19 13 17
split_gain=1.13253 0.747109 0.869391 0.767235 0.499771 0.403017 0.173501 0.0579862
threshold=1.0000000180025095e-35 -0.19910641759634015 0.064842421561479582 0.81669896640826878 0.43339149653911596 0.38585607940446659 0.38342921435832983 -0.02430701162666082
decision_type=2 2 2 2 2 2 2 2
left_child=1 3 5 -1 6 -3 -2 -8
right_child=4 2 -4 -5 -6 -7 7 -9
leaf_value=0.0017893956060369717 0.0041814572870453046 -0.0049798791996394825 0.010425037523856944 0.035885414640101365 0.0039162789427118353 -0.043051230805382944 -0.011356164426961057 -0.037573815004956157
leaf_weight=2.0498664030455984 0.19362857463420535 0.81942388042807379 2.6472029190626927 2.1777788188192062 0.88736945658456523 0.97332586036645807 0.1462007949885441 1.7580513805150988
leaf_count=261 225 104 88 70 40 232 122 2154
internal_value=4.95408e-09 0.00731831 -0.00414111 0.0193532 -0.0212485 -0.0256497 -0.0318928 -0.0355609
internal_weight=11.6528 8.6676 4.43995 4.22765 2.98525 1.79275 2.09788 1.90425
internal_count=3296 755 424 331 2541 336 2501 2276
is_linear=0
shrinkage=0.04


Tree=72
num_leaves=9
num_cat=0
split_feature=21 32 8 18 31 0 5 1
split_gain=1.10599 1.2171 1.3124 1.51021 0.327652 0.0788888 0.0503127 0.0259632
threshold=0.97100840336134464 0.18099507735583689 -0.48099230229854578 0.041721770539879806 0.9931944444444446 -0.029165857471525666 0.13345377147197726 0.027036977000534538
decision_type=2 2 2 2 2 2 2 2
left_child=1 5 -3 -4 6 -1 -2 -7
right_child=4 2 3 -5 -6 7 -8 -9
leaf_value=-0.020010727821602698 -0.043363001447623936 0.032892091107497863 -0.038059791929766038 0.008861591158634859 -0.012154076958454803 -0.038898300613689429 -0.065494764435424221 -0.054501535373261578
leaf_weight=0.27838987545692362 0.29905907969805479 2.57546926627401 1.3761248513183097 5.4211477153003216 0.48031409431132488 0.42744157428387453 0.3648547267075628 0.28399238566635177
leaf_count=107 293 126 1415 842 36 361 46 70
internal_value=3.02623e-09 0.00412079 0.00857567 -0.00063776 -0.0373194 -0.0380629 -0.0555255 -0.0451268
internal_weight=11.5068 10.3626 9.37274 6.79727 1.14423 0.989824 0.663914 0.711434
internal_count=3296 2921 2383 2257 375 538 339 431
is_linear=0
shrinkage=0.04


Tree=73
num_leaves=9
num_cat=0
split_feature=21 1 1 31 3 31 8 5
split_gain=1.03071 1.19104 0.647179 0.673238 0.524582 0.246435 0.18957 0.037074
threshold=0.97100840336134464 0.026336666196584705 0.050983056426048286 0.85947473404255337 0.22249802947044375 0.9931944444444446 -0.39514923095703119 0.13345377147197726
decision_type=2 2 2 2 2 2 2 2
left_child=1 4 -3 -4 6 7 -1 -2
right_child=5 2 3 -5 -6 -7 -8 -9
leaf_value=-0.013758880795702075 -0.043107870824539506 0.028751356055109759 -0.015708394973470804 0.016799604757969672 0.010368002487065984 -0.015536405117596566 -0.035903020965414423 -0.062794389422490549
leaf_weight=1.2113177000719582 0.2872708301292739 2.6960336274642032 1.7091123361606149 2.5255586425482761 0.91577698045875866 0.48839700626558624 1.2639863755612162 0.32760082627646625
leaf_count=537 293 292 298 125 48 36 1621 46
internal_value=8.31563e-10 0.00392791 0.0134323 0.00367938 -0.0154973 -0.0367481 -0.0250665 -0.0535968
internal_weight=11.4251 10.3218 6.9307 4.23467 3.39108 1.10327 2.4753 0.614872
internal_count=3296 2921 715 423 2206 375 2158 339
is_linear=0
shrinkage=0.04


Tree=74
num_leaves=9
num_cat=0
split_feature=37 34 8 12 3 37 33 7
split_gain=1.01737 0.719136 0.499754 0.716436 0.466 0.180041 0.160066 0.00401384
threshold=1.0000000180025095e-35 0.77512908294982619 -0.48099230229854578 0.53295281529426586 0.60133576393127453 1.5000000000000002 0.3185148654360998 -0.16571495682001111
decision_type=2 2 2 2 2 2 2 2
left_child=1 2 -1 -4 5 6 -2 -7
right_child=4 -3 3 -5 -6 7 -8 -9
leaf_value=0.02752562672694021 0.0038235201361019613 -0.011959090037555678 -0.020052383594798585 0.017512366121229663 0.0090024804301583813 -0.037073223407717543 -0.028837818861223451 -0.042131969696318557
leaf_weight=2.5812619787175208 0.36597055412130586 2.334755985357333 1.2461285310855585 2.3335558693506755 0.65431448910385359 0.37279571266844813 0.69790687636123039 0.76783573537250083
leaf_count=90 282 238 355 72 17 474 553 1215
internal_value=4.48046e-11 0.00694557 0.0141097 0.00443565 -0.0206405 -0.0294388 -0.0176024 -0.0404786
internal_weight=11.3545 8.4957 6.16095 3.57968 2.85882 2.20451 1.06388 1.14063
internal_count=3296 755 517 427 2541 2524 835 1689
is_linear=0
shrinkage=0.04


Tree=75
num_leaves=9
num_cat=0
split_feature=1 1 0 1 22 19 33 32
split_gain=0.958019 0.954158 0.681837 0.528119 0.409452 0.249325 0.145368 0.230657
threshold=0.026336666196584705 0.050983056426048286 0.05907904542982579 -0.090803112834691987 -0.020773317664861676 0.25760368663594474 0.90110834518729266 0.9236699623352167
decision_type=2 2 2 2 2 2 2 2
left_child=3 4 5 -1 -2 -3 7 -5
right_child=1 2 -4 6 -6 -7 -8 -9
leaf_value=0.0094567161317876819 0.044834963172067609 -0.0016831679371981606 0.010981417169549963 -0.028412666466630709 0.013653532472629213 -0.029056681474025244 -0.053185773491386902 0.0061726296011862759
leaf_weight=0.88223441274021785 1.1567763986531647 0.85253009959706139 2.6934477969189174 1.9777012438280515 1.6138168716279322 1.4176978450559543 0.2868331201316322 0.36556472504162218
leaf_count=198 53 90 139 2037 285 295 174 25
internal_value=-1.3325e-09 0.00786728 -0.00262924 -0.017324 0.0266724 -0.0187772 -0.0263073 -0.0230171
internal_weight=11.2466 7.73427 4.96368 3.51233 2.77059 2.27023 2.6301 2.34327
internal_count=3296 862 524 2434 338 385 2236 2062
is_linear=0
shrinkage=0.04


Tree=76
num_leaves=11
num_cat=0
split_feature=32 7 12 21 19 38 0 0 1 19
split_gain=0.92222 1.45165 1.31623 1.06332 0.431084 0.927491 0.1173 0.0819878 0.0241705 0.00750434
threshold=0.18099507735583689 -0.19910641759634015 0.53295281529426586 0.93582704186684984 0.81669896640826878 0.25186567164179113 -0.043502416461706155 -0.029165857471525666 0.018155318684875969 0.61043360433604354
decision_type=2 2 2 2 2 2 2 2 2 2
left_child=7 4 6 -4 5 -2 -3 -1 9 -9
right_child=1 2 3 -5 -6 -7 -8 8 -10 -11
leaf_value=-0.01859055766388909 0.037111608144343701 -0.018140520039652833 0.012065047815694186 -0.033650827437617846 0.035624554948483808 -0.01899059443348905 -0.046035596356418129 -0.042629252641711635 -0.052557260191063902 -0.031398576963490757
leaf_weight=0.27456017932854593 0.94109139352803983 0.29991220359806781 3.7178367881278973 1.0422605490894055 2.0114031425910071 0.9448643782234285 1.2318945353617892 0.21449526268406849 0.31672934530070052 0.17116018914384767
leaf_count=112 182 124 664 201 88 348 1106 210 94 167
internal_value=-5.51519e-10 0.00355949 -0.00832317 0.0020552 0.0227429 0.00900439 -0.040574 -0.0371245 -0.0443694 -0.0376449
internal_weight=11.1662 10.1893 6.2919 4.7601 3.89736 1.88596 1.53181 0.976945 0.702385 0.385655
internal_count=3296 2713 2095 865 618 530 1230 583 471 377
is_linear=0
shrinkage=0.04


Tree=77
num_leaves=10
num_cat=0
split_feature=37 14 8 34 12 8 37 20 3
split_gain=0.897816 0.539561 0.580839 0.885747 0.415326 0.414502 0.395204 0.415956 0.0442399
threshold=1.0000000180025095e-35 0.053167313337326057 -0.51243606209754933 0.51024114902059414 0.58089318871498119 -0.016466679982841011 1.5000000000000002 0.7193750000000001 0.49309988319873815
decision_type=2 2 2 2 2 2 2 2 2
left_child=1 2 -1 -4 -3 6 7 -2 -8
right_child=5 4 3 -5 -6 -7 8 -9 -10
leaf_value=0.037148691233701438 0.0044624795316522336 -0.014842287085185537 -0.021713473637138565 0.025950030746804166 0.009828136138407521 0.033713575126801856 -0.039970143516303014 -0.043303534281345805 -0.067910950368336775
leaf_weight=1.461346151307225 0.94227565391338408 2.3254064311622642 1.0920868499379124 1.4548554837238041 2.0582062517059967 0.21070325045730154 1.0079828864109002 0.42248021237901412 0.09963034139946092
leaf_count=40 539 287 257 110 61 16 1674 302 10
internal_value=-2.58311e-09 0.00643974 0.0170466 0.00551271 -0.00325896 -0.0201417 -0.0247314 -0.0103242 -0.0424834
internal_weight=11.075 8.3919 4.00829 2.54694 4.38361 2.68307 2.47237 1.36476 1.10761
internal_count=3296 755 407 367 348 2541 2525 841 1684
is_linear=0
shrinkage=0.04


Tree=78
num_leaves=11
num_cat=0
split_feature=7 32 12 21 18 9 0 0 17 3
split_gain=0.910749 1.41995 1.16118 0.888716 0.514498 0.43 0.854424 0.122813 0.0668379 0.0388586
threshold=-0.19910641759634015 0.18099507735583689 0.53295281529426586 0.9130252100840337 0.10837249457836153 5.5000000000000009 0.032526569440960891 -0.043502416461706155 -0.00803158665075898 0.17009133845567706
decision_type=2 2 2 2 2 2 2 2 2 2
left_child=1 8 7 4 -4 -3 -7 -2 -1 -9
right_child=2 5 3 -5 -6 6 -8 9 -10 -11
leaf_value=-0.021430013150233847 -0.016916789685741299 0.036828262187596265 -0.0011279106627774178 -0.028475155898676427 0.031533157978254657 -0.021787140049159267 0.030631716880842961 -0.041451258173086848 -0.04475246106207547 -0.057299831874606369
leaf_weight=0.33437603851780295 0.2906537053931969 1.8770015999325553 2.1318418234441201 1.2825005470367612 1.2095136785646898 0.80800889430975109 1.2947961971221955 0.9027902841044122 0.47716919578670047 0.34103552423766814
leaf_count=141 137 149 587 243 40 432 37 1266 220 44
internal_value=1.15903e-09 0.0130786 -0.0101755 -0.000169587 0.0106948 0.0229117 0.0104896 -0.0403264 -0.0351431 -0.0457967
internal_weight=10.9497 4.79135 6.15834 4.62386 3.34136 3.97981 2.10281 1.53448 0.811545 1.24383
internal_count=3296 979 2317 870 627 618 469 1447 361 1310
is_linear=0
shrinkage=0.04


Tree=79
num_leaves=9
num_cat=0
split_feature=37 14 2 10 12 22 19 3
split_gain=0.932983 0.747207 0.527493 0.406632 0.361453 0.360923 0.419137 0.146787
threshold=1.0000000180025095e-35 0.06880632042884828 0.16951640695333484 0.17585289478302005 0.90772730112075817 -0.053168402984738343 0.43461538461538468 0.53233975172042858
decision_type=2 2 2 2 2 2 2 2
left_child=1 2 3 -1 5 6 -2 -7
right_child=4 -3 -4 -5 -6 7 -8 -9
leaf_value=0.012455820891596466 -0.039759834740718251 -0.01395264105250341 -0.0031314765225690096 0.038542185136602937 0.014680284134433053 -0.031990639013396972 0.031403823480001779 -0.069741146104356194
leaf_weight=2.7181846705498156 0.22914651650353324 2.1262550830142573 2.0489572411752306 1.4748309329734182 0.39089656129362982 1.5064263320236948 0.31371571516501717 0.18504496617242683
leaf_count=429 244 201 76 49 42 2052 185 18
internal_value=1.97447e-09 0.00652675 0.0135028 0.0216313 -0.0208048 -0.0270129 0.00136507 -0.0361205
internal_weight=10.9935 8.36823 6.24197 4.19302 2.62523 2.23433 0.542862 1.69147
internal_count=3296 755 554 478 2541 2499 429 2070
is_linear=0
shrinkage=0.04


Tree=80
num_leaves=8
num_cat=0
split_feature=8 18 7 21 6 15 11
split_gain=0.947109 0.867831 0.712907 0.709294 0.517326 0.0687186 0.0184834
threshold=-0.44916816055774683 0.035749631002545364 -0.34204414486885065 0.96824596774193561 0.049500437453389175 72.959491729736342 0.37291978299617773
decision_type=2 2 2 2 2 2 2
left_child=2 5 -1 4 -3 6 -2
right_child=1 3 -4 -5 -6 -7 -8
leaf_value=-0.0048545285449993307 -0.041183898093170114 -0.028137656826052168 0.028918504092510757 -0.044016067954212569 0.0075238196264268663 -0.013811226693904863 -0.05559584284058585
leaf_weight=1.6895162597065789 0.88795607064093907 0.76476137866848137 2.4504697449447121 0.59229871886782337 4.3698817200784106 0.14147839501674742 0.16957372211618349
leaf_count=257 1260 937 228 184 326 67 37
internal_value=-1.27529e-09 -0.00904744 0.0151358 -0.00256874 0.00221235 -0.0399923 -0.0434948
internal_weight=11.0659 6.92595 4.13999 5.72694 5.13464 1.19901 1.05753
internal_count=3296 2811 485 1447 1263 1364 1297
is_linear=0
shrinkage=0.04


Tree=81
num_leaves=8
num_cat=0
split_feature=8 10 32 31 0 3 4
split_gain=1.0499 0.816176 0.805959 0.761009 0.450834 0.0192406 0.0234187
threshold=-0.44916816055774683 0.10432456061244012 0.23898436490502653 0.90722888199625573 -0.014312237501144407 0.10121905431151391 0.39516133069992071
decision_type=2 2 2 2 2 2 2
left_child=2 5 -1 4 -3 6 -2
right_child=1 3 -4 -5 -6 -7 -8
leaf_value=-0.010750305628888209 -0.040149778510246696 0.018804360772395931 0.026958086468967572 -0.025550081987900757 -0.0084743922295864825 -0.0566410694365823 -0.021418071597601222
leaf_weight=1.3022643108270129 0.98692458156438057 2.1323994792328449 2.9871256132610142 1.7158851494168628 1.7773102976934754 0.097697899938793742 0.11974619909597095
leaf_count=288 1729 311 197 253 399 35 84
internal_value=-1.80213e-09 -0.00974053 0.0155098 -0.00334262 0.00640375 -0.0396251 -0.0381229
internal_weight=11.1194 6.82996 4.28939 5.62559 3.90971 1.20437 1.10667
internal_count=3296 2811 485 963 710 1848 1813
is_linear=0
shrinkage=0.04


Tree=82
num_leaves=9
num_cat=0
split_feature=37 14 14 8 2 13 3 6
split_gain=0.922183 0.968227 0.641658 0.628654 0.800157 0.507739 0.0464677 0.00371003
threshold=1.5000000000000002 0.071098305284976973 0.11912691220641138 -0.48099230229854578 0.089895620942115798 1.0015071630477907 0.49309988319873815 -0.058482578024268143
decision_type=2 2 2 2 2 2 2 2
left_child=1 3 6 -1 -5 -3 7 -2
right_child=2 5 -4 4 -6 -7 -8 -9
leaf_value=0.025580592975039701 -0.036067982856342655 -0.035658187213383527 0.04514153691055145 -0.032795025346449153 0.010619222187710428 -0.0003681336678707809 -0.067650032924161108 -0.041644910407536317
leaf_weight=3.0331400042632595 0.25801946483261295 1.2106256999250038 0.15046879649162281 0.85761316026036905 3.2660308205522597 1.4144532565405823 0.10951769584789872 0.73321528382075674
leaf_count=160 367 194 1 768 296 182 11 1317
internal_value=-4.86207e-09 0.00413596 -0.0323343 0.0117576 0.00159016 -0.0166431 -0.042925 -0.0401932
internal_weight=11.0331 9.78186 1.25122 7.15678 4.12364 2.62508 1.10075 0.991235
internal_count=3296 1600 1696 1224 1064 376 1695 1684
is_linear=0
shrinkage=0.04


Tree=83
num_leaves=9
num_cat=0
split_feature=32 8 18 22 0 15 1 19
split_gain=0.877258 1.53597 0.927401 0.504495 0.0875465 0.0558475 0.0211053 0.0069669
threshold=0.18099507735583689 -0.48099230229854578 0.035749631002545364 0.37071610987186437 -0.029165857471525666 71.439434051513686 0.018155318684875969 0.61043360433604354
decision_type=2 2 2 2 2 2 2 2
left_child=4 -2 5 -4 -1 -3 7 -6
right_child=1 2 3 -5 6 -7 -8 -9
leaf_value=-0.017624568980268363 0.028458297811084984 -0.042553396783699828 0.0041964777453910168 -0.031774775280508462 -0.043049185984585729 -0.016197476903506494 -0.052379854360143384 -0.032025065768511531
leaf_weight=0.2710218711727066 2.825398397340904 1.0080580960202485 5.2828231049352325 0.70735913311364118 0.20652803432312872 0.14745395045611065 0.30284146527992561 0.16500012780306861
leaf_count=112 128 1134 1315 62 210 74 94 167
internal_value=-1.48312e-09 0.00349154 -0.00638029 -5.12385e-05 -0.0368254 -0.0391901 -0.044542 -0.0381532
internal_weight=10.9165 9.97109 7.14569 5.99018 0.945391 1.15551 0.67437 0.371528
internal_count=3296 2713 2585 1377 583 1208 471 377
is_linear=0
shrinkage=0.04


Tree=84
num_leaves=11
num_cat=0
split_feature=37 21 5 18 14 13 14 34 3 6
split_gain=0.866601 0.843784 0.933598 0.617592 0.606306 0.687374 0.587284 0.511458 0.0455186 0.00412748
threshold=1.5000000000000002 0.38956639566395673 0.019738834351301197 0.045308982953429229 0.067917738109827056 1.0015071630477907 0.11912691220641138 0.71411347517730517 0.53233975172042858 -0.058482578024268143
decision_type=2 2 2 2 2 2 2 2 2 2
left_child=1 2 3 -1 7 -6 8 -3 9 -2
right_child=6 4 -4 -5 5 -7 -8 -9 -10 -11
leaf_value=-0.037465070205697434 -0.035566093881619305 -0.0030311255410467902 0.045545866971917884 0.02543374373694185 -0.043199129993675291 -5.0021830617366995e-05 0.044878034758154904 0.025534690656095285 -0.069326079030512883 -0.041608403329752151
leaf_weight=0.48442815773887404 0.24346660844457679 3.4619909181055846 1.4029589659476185 0.51561669341754168 1.0689252611482518 1.320345453219488 0.13892512023448933 1.4118188429420113 0.093384791631251574 0.70369046264386459
leaf_count=252 367 674 42 100 184 176 1 172 7 1321
internal_value=-5.22415e-09 0.00394967 0.024496 -0.00503485 -0.00284811 -0.0193543 -0.0323688 0.00524367 -0.0426822 -0.0400552
internal_weight=10.8456 9.66608 2.403 1.00004 7.26308 2.38927 1.17947 4.87381 1.04054 0.947157
internal_count=3296 1600 394 352 1206 360 1696 846 1695 1688
is_linear=0
shrinkage=0.04


Tree=85
num_leaves=9
num_cat=0
split_feature=37 14 8 12 14 13 3 6
split_gain=0.826775 0.898406 0.571768 1.08279 0.550455 0.402607 0.0346632 0.0037722
threshold=1.5000000000000002 0.071098305284976973 -0.44916816055774683 0.53295281529426586 0.11912691220641138 1.0015071630477907 0.49309988319873815 -0.058482578024268143
decision_type=2 2 2 2 2 2 2 2
left_child=1 2 -1 -4 6 -3 7 -2
right_child=4 5 3 -5 -6 -7 -8 -9
leaf_value=0.022212905346417244 -0.035627318030064518 -0.034368974133338621 -0.035554024490663826 0.013768540784073404 0.044607894336317233 -0.0023882645524459494 -0.065086914475168317 -0.041483785352800506
leaf_weight=3.6309829514939338 0.23894282920809806 1.1303355573036244 1.002183651668018 2.4607573442917783 0.13168297708034504 1.4224126614717532 0.097099490114487708 0.66772573335038221
leaf_count=255 367 194 786 183 1 182 11 1317
internal_value=-3.65373e-10 0.00380012 0.0111228 -0.000505531 -0.0322854 -0.0165491 -0.0423729 -0.0399404
internal_weight=10.7821 9.64667 7.09392 3.46294 1.13545 2.55275 1.00377 0.906669
internal_count=3296 1600 1224 969 1696 376 1695 1684
is_linear=0
shrinkage=0.04


Tree=86
num_leaves=9
num_cat=0
split_feature=32 8 18 22 0 15 1 19
split_gain=0.840612 1.46517 0.819032 0.452061 0.0760887 0.0570513 0.0187553 0.00673128
threshold=0.18099507735583689 -0.48099230229854578 0.035749631002545364 0.37071610987186437 -0.029165857471525666 72.959491729736342 0.018155318684875969 0.61043360433604354
decision_type=2 2 2 2 2 2 2 2
left_child=4 -2 5 -4 -1 -3 7 -6
right_child=1 2 3 -5 6 -7 -8 -9
leaf_value=-0.018673155191128742 0.027051600972651614 -0.042010735142811624 0.003280735327176322 -0.031821263989068461 -0.042995657490201358 -0.014440764333087296 -0.051740982589994315 -0.031881006047572477
leaf_weight=0.26184911862947047 2.9384621417848384 0.95044567868171614 5.1568016658420675 0.66242793534183864 0.19535681448178444 0.13746027478191536 0.29196245019556955 0.15744454412197229
leaf_count=112 128 1143 1315 62 210 65 94 167
internal_value=9.23011e-11 0.0033939 -0.00667066 -0.000715076 -0.0368569 -0.0385272 -0.0442416 -0.0380355
internal_weight=10.7522 9.8456 6.90714 5.81923 0.906613 1.08791 0.644764 0.352801
internal_count=3296 2713 2585 1377 583 1208 471 377
is_linear=0
shrinkage=0.04


Tree=87
num_leaves=9
num_cat=0
split_feature=32 12 6 12 22 0 1 19
split_gain=0.786791 1.28538 0.597612 0.636951 0.419342 0.06669 0.0163786 0.00674201
threshold=0.18099507735583689 0.13962478190660479 0.026144110597670082 0.30718383193016058 -0.070689857006072984 -0.029165857471525666 0.018155318684875969 0.61043360433604354
decision_type=2 2 2 2 2 2 2 2
left_child=5 -2 4 -4 -3 -1 7 -7
right_child=1 2 3 -5 -6 6 -8 -9
leaf_value=-0.019171193253630717 0.030621994773853023 0.016704635853863316 0.030506448139496888 -0.0044401190682043122 -0.035572099654284817 -0.042735942043224596 -0.050764920986554107 -0.031439015167856285
leaf_weight=0.25420864156330936 2.1427496575925016 0.30113637054455344 1.001774683332769 4.9970097860787064 1.3291168631694754 0.1881298468360918 0.2757930149382446 0.15348600325523876
leaf_count=112 174 159 33 873 1474 210 94 167
internal_value=-1.40108e-09 0.00324807 -0.00444038 0.00139583 -0.0259157 -0.0364144 -0.0435141 -0.0376603
internal_weight=10.6434 9.77179 7.62904 5.99878 1.63025 0.871618 0.617409 0.341616
internal_count=3296 2713 2539 906 1633 583 471 377
is_linear=0
shrinkage=0.04


Tree=88
num_leaves=9
num_cat=0
split_feature=37 14 14 14 1 13 3 6
split_gain=0.749001 0.765741 0.513105 0.490478 0.59957 0.340053 0.0220762 0.0040077
threshold=1.5000000000000002 0.071098305284976973 0.11912691220641138 0.066881056874990477 0.026336666196584705 1.0015071630477907 0.49309988319873815 -0.058482578024268143
decision_type=2 2 2 2 2 2 2 2
left_child=1 3 6 4 -1 -3 7 -2
right_child=2 5 -4 -5 -6 -7 -8 -9
leaf_value=-0.017899520205836201 -0.035147381509763355 -0.032196336657060828 0.044458403168610987 0.034871293867446237 0.012633385590989239 -0.0022290149469356901 -0.060563551732799203 -0.041354393943430073
leaf_weight=1.3276978439098437 0.22578078330843598 1.0972056548052935 0.12519827485084534 1.0987635995261369 4.5742549850256182 1.3529138552694346 0.089829227654263377 0.63323238478915478
leaf_count=788 367 194 1 66 370 182 11 1317
internal_value=6.29922e-10 0.00359723 -0.0316532 0.010333 0.00576473 -0.0156489 -0.041696 -0.039723
internal_weight=10.5249 9.45084 1.07404 7.00072 5.90195 2.45012 0.948842 0.859013
internal_count=3296 1600 1696 1224 1158 376 1695 1684
is_linear=0
shrinkage=0.04


Tree=89
num_leaves=11
num_cat=0
split_feature=37 21 5 18 14 13 14 3 3 6
split_gain=0.704622 0.764644 0.737298 0.594842 0.562059 0.587032 0.483985 0.414915 0.0195538 0.00416483
threshold=1.5000000000000002 0.38956639566395673 0.019738834351301197 0.045308982953429229 0.067917738109827056 1.0015071630477907 0.11912691220641138 -0.031037585809826847 0.49309988319873815 -0.058482578024268143
decision_type=2 2 2 2 2 2 2 2 2 2
left_child=1 2 3 -1 7 -6 8 -3 9 -2
right_child=6 4 -4 -5 5 -7 -8 -9 -10 -11
leaf_value=-0.036384878367022123 -0.034805451621358112 -0.017185050721691891 0.042553495171779677 0.025303333140270667 -0.043342623516481542 -0.0020625705759955994 0.044242142018924423 0.010962806822665132 -0.059694596480477168 -0.041265185627917193
leaf_weight=0.45770588752929897 0.21707289420009945 1.0828905396920161 1.345499210845446 0.55140201994800009 0.95944895368302274 1.2953507963684385 0.11934208124876022 3.7034979631716851 0.08515568298753351 0.60414563890663153
leaf_count=252 367 357 42 100 184 176 1 489 11 1317
internal_value=-3.84601e-09 0.00343652 0.0231692 -0.00267688 -0.00316219 -0.0196278 -0.0314794 0.00459453 -0.0414496 -0.0395577
internal_weight=10.4215 9.3958 2.35461 1.00911 7.04119 2.2548 1.02572 4.78639 0.906374 0.821219
internal_count=3296 1600 394 352 1206 360 1696 846 1695 1684
is_linear=0
shrinkage=0.04


Tree=90
num_leaves=11
num_cat=0
split_feature=7 32 12 0 13 38 19 0 13 3
split_gain=0.799769 1.1313 0.979081 0.633425 0.687085 0.552939 0.966717 0.0963129 0.0590724 0.0392725
threshold=-0.19910641759634015 0.18099507735583689 0.53295281529426586 0.081822250038385405 0.65536314249038707 0.25186567164179113 0.81669896640826878 -0.043502416461706155 0.53674232959747326 0.17009133845567706
decision_type=2 2 2 2 2 2 2 2 2 2
left_child=1 8 7 4 -4 -3 -7 -2 -1 -9
right_child=2 5 3 -5 -6 6 -8 9 -10 -11
leaf_value=-0.047811875599173687 -0.017946996081676044 0.038940952438397083 0.021123259036286545 -0.034216301488579903 -0.015081447098134793 -0.022752058365069511 0.028069810738018813 -0.041263747566846025 -0.024594275951019939 -0.058798920013329696
leaf_weight=0.29780397430295114 0.2440097529470221 1.5481682816607643 2.0390147690486633 0.75439816815196525 1.424691810752847 0.97075232963834457 1.5631396326643878 0.78818421847245168 0.42636020612553693 0.27588689245749265
leaf_count=128 137 196 300 63 507 348 74 1266 233 44
internal_value=-3.86672e-09 0.0119331 -0.0103784 -0.00100246 0.00623154 0.0201069 0.00859959 -0.0406126 -0.0341422 -0.0458102
internal_weight=10.3324 4.80622 5.52619 4.2181 3.46371 4.08206 2.53389 1.30808 0.724164 1.06407
internal_count=3296 979 2317 870 807 618 422 1447 361 1310
is_linear=0
shrinkage=0.04


Tree=91
num_leaves=9
num_cat=0
split_feature=8 18 7 10 21 12 22 4
split_gain=0.678716 0.783309 0.750858 0.484961 0.581925 0.0468734 0.018748 0.0086297
threshold=-0.48099230229854578 0.035749631002545364 -0.34204414486885065 0.10230659693479539 0.83156028368794332 0.76291707158088695 -0.062329135835170739 0.45947995781898504
decision_type=2 2 2 2 2 2 2 2
left_child=2 5 -1 6 -5 7 -3 -2
right_child=1 3 -4 4 -6 -7 -8 -9
leaf_value=-0.0037818648589323122 -0.038381048234183701 -0.025466836611035472 0.033307610653803089 0.016063913236325677 -0.010932115844478917 -0.013789615475668857 -0.04097123093695245 -0.046759107331455364
leaf_weight=1.7883770485350399 0.74201699478726346 0.18246279662707787 1.7068285922578068 2.5633608205243945 2.5470044370013056 0.11634165752911929 0.39476239508076127 0.26767183771880809
leaf_count=236 1230 191 92 367 297 75 665 143
internal_value=-4.19019e-10 -0.00735101 0.0143302 -0.00131641 0.0026091 -0.0378318 -0.0360702 -0.0406021
internal_weight=10.3088 6.81362 3.49521 5.68759 5.11037 1.12603 0.577225 1.00969
internal_count=3296 2968 328 1520 664 1448 856 1373
is_linear=0
shrinkage=0.04


Tree=92
num_leaves=8
num_cat=0
split_feature=32 12 6 31 22 17 1
split_gain=0.644613 1.09744 0.473336 0.62068 0.408238 0.0656099 0.0283967
threshold=0.18099507735583689 0.13962478190660479 0.026144110597670082 0.8938283781879669 -0.070689857006072984 -0.010512312874197958 -0.0024057754781097169
decision_type=2 2 2 2 2 2 2
left_child=5 -2 4 -4 -3 -1 -7
right_child=1 2 3 -5 -6 6 -8
leaf_value=-0.017286924912005661 0.028197071467403245 0.017136803074479352 0.011138533495465159 -0.016126184552739155 -0.034344764329929202 -0.032495532041784403 -0.050645767082773699
leaf_weight=0.24614792126521934 2.1277227636455773 0.30764778904267465 3.5412933892948786 2.145203439911711 1.2389526257611587 0.26041392519255169 0.29320312642084978
leaf_count=129 174 159 602 304 1474 275 179
internal_value=5.51016e-09 0.00294493 -0.00448336 0.00085305 -0.0241041 -0.0344688 -0.0421081
internal_weight=10.1606 9.36082 7.2331 5.6865 1.5466 0.799765 0.553617
internal_count=3296 2713 2539 906 1633 583 454
is_linear=0
shrinkage=0.04


Tree=93
num_leaves=11
num_cat=0
split_feature=37 21 5 18 14 13 14 34 3 6
split_gain=0.625992 0.773367 0.711897 0.548626 0.470852 0.608447 0.457505 0.418606 0.0172526 0.00484944
threshold=1.5000000000000002 0.38956639566395673 0.019738834351301197 0.045308982953429229 0.067917738109827056 0.99748393893241893 0.11912691220641138 0.71411347517730517 0.49309988319873815 -0.058482578024268143
decision_type=2 2 2 2 2 2 2 2 2 2
left_child=1 2 3 -1 7 -6 8 -3 9 -2
right_child=6 4 -4 -5 5 -7 -8 -9 -10 -11
leaf_value=-0.035834548076798173 -0.033835771153695918 -0.0041114153980775919 0.041763669485629568 0.023967778910094918 -0.044948503000630281 -0.0013425102034876396 0.044276898923990497 0.022484525717614296 -0.058556896741889464 -0.041073971422719985
leaf_weight=0.44407442219380611 0.20164789439877395 3.3199290865013609 1.3609525751380713 0.54875578153587412 0.87040615783189457 1.2432822768314507 0.11427819728851318 1.3246981246047651 0.081139869871549308 0.55768327221449177
leaf_count=252 367 674 42 100 179 181 1 172 11 1317
internal_value=5.91132e-09 0.00322875 0.0229748 -0.00278069 -0.00364839 -0.0192992 -0.030815 0.00347404 -0.0410252 -0.0391518
internal_weight=10.0668 9.1121 2.35378 0.99283 6.75832 2.11369 0.954749 4.64463 0.840471 0.759331
internal_count=3296 1600 394 352 1206 360 1696 846 1695 1684
is_linear=0
shrinkage=0.04


Tree=94
num_leaves=9
num_cat=0
split_feature=21 32 9 4 31 17 1 5
split_gain=0.731578 0.677764 0.906998 0.71601 0.143625 0.0735488 0.0296921 0.017201
threshold=0.97100840336134464 0.18099507735583689 5.5000000000000009 0.071728833019733443 0.9931944444444446 -0.010512312874197958 -0.0024057754781097169 0.13345377147197726
decision_type=2 2 2 2 2 2 2 2
left_child=1 5 -3 -4 7 -1 -7 -2
right_child=4 2 3 -5 -6 6 -8 -9
leaf_value=-0.014339943792360624 -0.042690088701085323 0.029017275112465241 -0.047966848238291747 0.002710323211362913 -0.016904366009114449 -0.031575548440255903 -0.050812017790616323 -0.058071021472156197
leaf_weight=0.223827243593405 0.22059158595220729 2.1300379030290042 0.48315987577370823 5.8128348147874931 0.34994613929302432 0.24156784900696948 0.27400922042579523 0.24614621128421277
leaf_count=111 293 215 491 1677 36 257 170 46
internal_value=-2.22285e-09 0.00323243 0.00645463 -0.00117869 -0.0362768 -0.0334868 -0.041799 -0.0508016
internal_weight=9.98212 9.16544 8.42603 6.29599 0.816684 0.739404 0.515577 0.466738
internal_count=3296 2921 2383 2168 375 538 427 339
is_linear=0
shrinkage=0.04


Tree=95
num_leaves=10
num_cat=0
split_feature=9 4 13 8 8 1 12 1 7
split_gain=0.784608 0.780932 0.759906 0.883806 0.600896 0.401739 0.322824 0.0924861 0.0341902
threshold=5.5000000000000009 0.071728833019733443 0.65536314249038707 -0.024745404720306393 -0.21131106466054914 0.047534096986055381 0.11783098801970483 1.0000000180025095e-35 -0.33176548779010767
decision_type=2 2 2 2 2 2 2 2 2
left_child=5 7 4 -4 -3 6 -1 8 -2
right_child=1 2 3 -5 -6 -7 -8 -9 -10
leaf_value=0.0097800404717397066 -0.018165291369996915 0.018813086135317115 -0.027521735761783482 0.040385098361716019 -0.016841684500184254 -0.0030092448532742827 0.044697197996818365 -0.05729522701401818 -0.040761401293514465
leaf_weight=0.73305774956679703 0.19584264577133581 2.8267839740146887 2.3092956823165878 0.35361171123804558 1.0325257223812512 0.89669356419472013 1.0037285742582751 0.39533749351539882 0.23655219970532915
leaf_count=217 86 504 1120 22 303 117 141 272 514
internal_value=5.60362e-10 -0.00671227 -0.00206741 -0.0185043 0.00927395 0.0187337 0.0299595 -0.0433119 -0.030527
internal_weight=9.98343 7.34995 6.52222 2.66291 3.85931 2.63348 1.73679 0.827732 0.432395
internal_count=3296 2821 1949 1142 807 475 358 872 600
is_linear=0
shrinkage=0.04


Tree=96
num_leaves=11
num_cat=0
split_feature=37 21 5 18 13 13 14 5 3 7
split_gain=0.61951 0.675546 0.635161 0.516337 0.408489 0.607299 0.392531 0.370733 0.0151525 0.00479591
threshold=1.5000000000000002 0.38956639566395673 0.019738834351301197 0.045308982953429229 0.70138740539550792 0.56443387269973766 0.11912691220641138 0.17213628441095355 0.49309988319873815 -0.16571495682001111
decision_type=2 2 2 2 2 2 2 2 2 2
left_child=1 2 3 -1 5 -3 8 -6 9 -2
right_child=6 4 -4 -5 7 -7 -8 -9 -10 -11
leaf_value=-0.035482505815017516 -0.034498048593816374 -0.013372976435538099 0.039645948725489218 0.022499469446377731 -0.02853698364770026 0.017007875104545732 0.043849570192213777 0.0043722741779063943 -0.057725701176589997 -0.041357868670349997
leaf_weight=0.43127666580403301 0.24669749260647122 1.8382607878302222 1.3408649691555181 0.57119161801529117 1.5157905980886428 2.463623636533157 0.098328374326229095 0.85756828921148542 0.076691427500918508 0.48102107417799012
leaf_count=252 474 314 42 100 587 245 1 60 11 1210
internal_value=1.46013e-09 0.00316236 0.0216395 -0.00244523 -0.00332401 0.00402567 -0.0315928 -0.0166458 -0.0408146 -0.0390324
internal_weight=9.92131 9.01858 2.34333 1.00247 6.67524 4.30188 0.902738 2.37336 0.80441 0.727719
internal_count=3296 1600 394 352 1206 559 1696 647 1695 1684
is_linear=0
shrinkage=0.04


Tree=97
num_leaves=10
num_cat=0
split_feature=37 21 5 18 20 14 15 3 7
split_gain=0.586135 0.607933 0.578529 0.472151 0.382002 0.370677 0.340886 0.0136399 0.00510486
threshold=1.5000000000000002 0.38956639566395673 0.019738834351301197 0.052230250090360648 0.97100840336134464 0.11912691220641138 54.905832290649421 0.49309988319873815 -0.16571495682001111
decision_type=2 2 2 2 2 2 2 2 2
left_child=1 2 3 -1 6 7 -3 8 -2
right_child=5 4 -4 -5 -6 -7 -8 -9 -10
leaf_value=-0.03017726378682431 -0.034074965736142389 -0.010909173844936641 0.03855426321974488 0.025055404502713208 -0.028551796056195861 0.043617512164044733 0.0087598314105855959 -0.057044672370309357 -0.041281804054216886
leaf_weight=0.48716661885555224 0.23864762359880742 2.4204029696120415 1.28798552104854 0.50363994123472366 0.82446305497433048 0.093934297561645508 3.376609208775335 0.072550914133898914 0.46111182494496639
leaf_count=268 474 619 42 84 287 1 300 11 1210
internal_value=9.17649e-10 0.00305709 0.0208772 -0.00210178 -0.00307575 -0.0314102 0.000547511 -0.0405356 -0.038824
internal_weight=9.76651 8.90027 2.27879 0.990807 6.62148 0.866245 5.79701 0.77231 0.699759
internal_count=3296 1600 394 352 1206 1696 919 1695 1684
is_linear=0
shrinkage=0.04


Tree=98
num_leaves=10
num_cat=0
split_feature=9 4 13 12 13 32 19 1 7
split_gain=0.545753 0.663502 0.657444 0.712069 0.4738 0.450969 0.0848463 0.0708158 0.0360872
threshold=5.5000000000000009 0.071728833019733443 0.65536314249038707 0.94359186291694652 0.56443387269973766 0.23898436490502653 0.31311274509803927 1.0000000180025095e-35 -0.33176548779010767
decision_type=2 2 2 2 2 2 2 2 2
left_child=5 7 4 -4 -3 6 -1 8 -2
right_child=1 2 3 -5 -6 -7 -8 -9 -10
leaf_value=0.0065144219874207479 -0.017058260312626791 -0.0054929894666069382 -0.025185411454830248 0.036959063817683983 0.022823928770017973 0.028495836406829473 -0.018366017652878614 -0.054098631192990319 -0.040578016780749807
leaf_weight=0.40410125018388532 0.19414792658062652 1.822512861202995 2.237788182261284 0.33980722934938956 1.9644776834902584 1.6305570050317326 0.47953429826156935 0.3483065916589112 0.22573921352886817
leaf_count=92 86 502 1125 17 305 175 208 272 514
internal_value=4.84766e-09 -0.00564848 -0.00141008 -0.0169928 0.00919623 0.0160248 -0.00698778 -0.0407642 -0.0297029
internal_weight=9.64697 7.13278 6.36459 2.5776 3.78699 2.51419 0.883636 0.768194 0.419887
internal_count=3296 2821 1949 1142 807 475 300 872 600
is_linear=0
shrinkage=0.04


Tree=99
num_leaves=12
num_cat=0
split_feature=37 21 5 18 14 13 34 14 7 33 3
split_gain=0.539358 0.576853 0.532881 0.424724 0.351388 0.435454 0.341196 0.328391 0.00817792 0.0127329 0.00500736
threshold=1.5000000000000002 0.38956639566395673 0.019738834351301197 0.052230250090360648 0.067917738109827056 1.0063745379447939 0.71411347517730517 0.11912691220641138 -0.16571495682001111 0.21314814814814817 0.49309988319873815
decision_type=2 2 2 2 2 2 2 2 2 2 2
left_child=1 2 3 -1 6 -6 -3 8 9 -2 -10
right_child=7 4 -4 -5 5 -7 -8 -9 10 -11 -12
leaf_value=-0.029086323966068549 -0.041502519344950653 -0.0037015246005028058 0.037398155981696803 0.023725993675252383 -0.03782858617365361 -0.00062092636983917659 0.020914230573629004 0.043264918184566896 -0.0411942945630656 -0.022223389692512238 -0.053048375462154934
leaf_weight=0.47314231631753356 0.13352246367139642 3.2476157330529531 1.273427415784681 0.50230814403039403 0.8934585596143737 1.1523697125958277 1.246835834754165 0.084849566221237183 0.43460225305898526 0.092980732653813902 0.065624780021607876
leaf_count=268 230 674 42 84 185 175 172 1 1210 244 11
internal_value=2.15431e-09 0.00288097 0.0203567 -0.00189062 -0.00312805 -0.0168703 0.0031273 -0.0312 -0.0398942 -0.0335883 -0.0427494
internal_weight=9.60074 8.78916 2.24888 0.97545 6.54028 2.04583 4.49445 0.81158 0.72673 0.226503 0.500227
internal_count=3296 1600 394 352 1206 360 846 1696 1695 474 1221
is_linear=0
shrinkage=0.04


end of trees

feature_importances:
dd_60=66
price_band=56
r_14=49
r_3=48
ma90_dev=47
peer_rank_7=44
peer_med_7=43
vol_ratio=33
family_r30_rank=33
r_30=29
pos_60=29
ma30_dev=28
up_14=27
peer_rank_1=27
r_1=26
ma7_dev=26
vol_7=21
peer_rank_3=19
dsl_30=16
family_ma90_rank=16
up_7=15
r_7=11
rsi_14=10
family_r7_rank=10
band_r7_rank=10
peer_med_1=9
peer_rs7=9
family_median7=8
family_vol_rank=6
family_breadth7=2
cat_code=1

parameters:
[boosting: gbdt]
[objective: lambdarank]
[metric: ndcg]
[tree_learner: serial]
[device_type: cpu]
[data_sample_strategy: bagging]
[data: ]
[valid: ]
[num_iterations: 100]
[learning_rate: 0.04]
[num_leaves: 15]
[num_threads: 2]
[seed: 389]
[deterministic: 0]
[force_col_wise: 0]
[force_row_wise: 0]
[histogram_pool_size: -1]
[max_depth: 4]
[min_data_in_leaf: 150]
[min_sum_hessian_in_leaf: 0.001]
[bagging_fraction: 1]
[pos_bagging_fraction: 1]
[neg_bagging_fraction: 1]
[bagging_freq: 0]
[bagging_seed: 27313]
[bagging_by_query: 0]
[feature_fraction: 1]
[feature_fraction_bynode: 1]
[feature_fraction_seed: 24186]
[extra_trees: 0]
[extra_seed: 31967]
[early_stopping_round: 0]
[early_stopping_min_delta: 0]
[first_metric_only: 0]
[max_delta_step: 0]
[lambda_l1: 0]
[lambda_l2: 0]
[linear_lambda: 0]
[min_gain_to_split: 0]
[drop_rate: 0.1]
[max_drop: 50]
[skip_drop: 0.5]
[xgboost_dart_mode: 0]
[uniform_drop: 0]
[drop_seed: 23585]
[top_rate: 0.2]
[other_rate: 0.1]
[min_data_per_group: 100]
[max_cat_threshold: 32]
[cat_l2: 10]
[cat_smooth: 10]
[max_cat_to_onehot: 4]
[top_k: 20]
[monotone_constraints: ]
[monotone_constraints_method: basic]
[monotone_penalty: 0]
[feature_contri: ]
[forcedsplits_filename: ]
[refit_decay_rate: 0.9]
[cegb_tradeoff: 1]
[cegb_penalty_split: 0]
[cegb_penalty_feature_lazy: ]
[cegb_penalty_feature_coupled: ]
[path_smooth: 0]
[interaction_constraints: ]
[verbosity: -1]
[saved_feature_importance_type: 0]
[use_quantized_grad: 0]
[num_grad_quant_bins: 4]
[quant_train_renew_leaf: 0]
[stochastic_rounding: 1]
[linear_tree: 0]
[max_bin: 255]
[max_bin_by_feature: ]
[min_data_in_bin: 3]
[bin_construct_sample_cnt: 200000]
[data_random_seed: 1308]
[is_enable_sparse: 1]
[enable_bundle: 1]
[use_missing: 1]
[zero_as_missing: 0]
[feature_pre_filter: 1]
[pre_partition: 0]
[two_round: 0]
[header: 0]
[label_column: ]
[weight_column: ]
[group_column: ]
[ignore_column: ]
[categorical_feature: ]
[forcedbins_filename: ]
[precise_float_parser: 0]
[parser_config_file: ]
[objective_seed: 23528]
[num_class: 1]
[is_unbalance: 0]
[scale_pos_weight: 1]
[sigmoid: 1]
[boost_from_average: 1]
[reg_sqrt: 0]
[alpha: 0.9]
[fair_c: 1]
[poisson_max_delta_step: 0.7]
[tweedie_variance_power: 1.5]
[lambdarank_truncation_level: 30]
[lambdarank_norm: 1]
[label_gain: ]
[lambdarank_position_bias_regularization: 0]
[eval_at: 1,2,3,4,5]
[multi_error_top_k: 1]
[auc_mu_weights: ]
[num_machines: 1]
[local_listen_port: 12400]
[time_out: 120]
[machine_list_filename: ]
[machines: ]
[gpu_platform_id: -1]
[gpu_device_id: -1]
[gpu_device_id_list: ]
[gpu_use_dp: 0]
[num_gpu: 1]

end of parameters

pandas_categorical:[]
