tree
version=v4
num_class=1
num_tree_per_iteration=1
label_index=0
max_feature_idx=38
objective=lambdarank
feature_names=r_1 r_3 r_7 r_14 r_30 ma7_dev ma30_dev ma90_dev dd_60 dsl_30 up_7 up_14 pos_60 vol_ratio vol_7 rsi_14 peer_breadth1 peer_med_1 peer_med_7 peer_rank_1 peer_rank_3 peer_rank_7 peer_rs7 cat_code regime mkt_r_7 mkt_r_30 breadth7 above_ma30 mkt_vol_14 family_code family_r7_rank family_r30_rank family_ma90_rank family_vol_rank family_median7 family_breadth7 price_band band_r7_rank
feature_infos=[-0.47419354319572449:1.5837639570236206] [-0.55553102493286133:1.384615421295166] [-0.76115942001342773:1.9946523904800415] [-0.82727271318435669:3.2190475463867188] [-0.87590360641479492:4.5180950164794922] [-0.47074148058891296:0.91530299186706543] [-0.77876204252243042:1.6026183366775513] [-0.82657670974731445:2.3249752521514893] [-0.91416668891906738:0] [0:29] [0:6.15625] [0:9.9375] [0:1] [0:2.1981148719787598] [0:0.89350664615631104] [0:100] [0:1] [-0.22594289481639862:0.33495146036148071] [-0.40462219715118408:0.91419142484664917] [0.0053191489361702126:1] [0.0053191489361702126:1] [0.0053191489361702126:1] [-1.0040487051010132:1.8156945705413818] [0:2] [-1:1] [-0.26047474145889282:0.2022545337677002] [-0.36031150817871094:0.16148006916046143] [0.021612634882330894:0.89125102758407593] [0.013289036229252815:0.68816328048706055] [0.0076354243792593479:0.054287750273942947] [1:7] [0.0040000000000000001:1] [0.0040000000000000001:1] [0.0040000000000000001:1] [0.0040000000000000001:1] [-0.32068654894828796:0.34176260232925415] [0:0.984375] [0:4] [0.012500000000000001:1]
tree_sizes=1779 1767 1763 1763 1766 1770 1761 1764 1751 1765 1761 1762 1766 1759 1770 1747 1754 1769 1771 1768 1766 1764 1762 1752 1778 1780 1768 1758 1766 1657 1762 1765 1767 1773 1760 1662 1778 1785 1666 1786 1784 1780 1770 1555 1781 1781 1784 1764 1769 1794 1776 1564 1790 1776 1777 1782 1769 1772 1785 1568 1795 1563 1787 1679 1777 1675 1779 1677 1575 1664 1766 1667 1678 1462 1666 1770 1768 1670 1658 1784 1772 1782 1679 1446 1658 1668 1548 1455 1451 1677 1786 1346 1440 1764 1552 1665 1569 1781 1760 1668

Tree=0
num_leaves=15
num_cat=0
split_feature=23 30 26 33 27 28 32 29 25 35 13 7 7 27
split_gain=204.564 173.82 36.9021 31.6874 29.1091 24.7864 20.2146 17.9561 7.5101 15.085 6.29435 0.941117 1.01502 0.556033
threshold=1.5000000000000002 1.5000000000000002 -0.15413668751716611 0.40040485829959521 0.37517923116683966 0.36343090236186987 0.89414928292046947 0.0090180039405822771 -0.0040994584560394278 0.0026488843141123657 0.8130517601966859 -0.023474223911762234 -0.010422988794744013 0.51785865426063549
decision_type=2 2 2 2 2 2 2 2 2 2 2 2 2 2
left_child=1 2 3 -1 7 -6 -4 -3 11 10 -10 -2 -13 -11
right_child=8 4 6 -5 5 -7 -8 -9 9 13 -12 12 -14 -15
leaf_value=0.030259464759713573 -0.078746086047387268 -0.022631428789366508 -0.067146265140638678 -0.053922796743382059 -0.0067194206195350902 0.052209022823865123 0.012888389378642364 0.070759431937007622 -0.044850291614148045 -0.056259774961202491 0.029096641072920031 -0.073004377547329385 0.0025812180536593783 -0.078196885410186795
leaf_weight=21.767614603626498 35.35443088869215 3.4634180274442761 33.390696231926995 10.656780711955433 20.997996044490719 25.038458085873572 5.9488473906058053 67.334484652863466 3.2084728592890341 2.261773048376198 4.3236258903052658 0.70285743899876252 0.47729927906766423 10.121921640413346
leaf_count=820 4547 2128 3214 1281 13928 19741 445 52112 317 309 303 84 300 1541
internal_value=2.36547e-10 0.0199946 -0.0290028 0.00259166 0.0500906 0.0253308 -0.0550436 0.0661908 -0.0668011 -0.0470404 -0.00240278 -0.0775731 -0.0424348 -0.0741903
internal_weight=245.049 188.598 71.7639 32.4244 116.834 46.0365 39.3395 70.7979 56.4504 19.9158 7.5321 36.5346 1.18016 12.3837
internal_count=101070 93669 5760 2101 87909 33669 3659 54240 7401 2470 620 4931 384 1850
is_linear=0
shrinkage=0.04


Tree=1
num_leaves=15
num_cat=0
split_feature=4 22 30 7 6 37 14 13 6 7 29 12 29 35
split_gain=192.43 65.3405 55.7695 40.2691 33.8996 24.9215 20.8822 19.5866 18.2411 9.17145 13.3543 8.90493 7.83053 4.99869
threshold=0.10860211029648782 -0.046329244971275323 1.5000000000000002 -0.37006902694702143 -0.12055086717009543 1.5000000000000002 0.058675799518823631 1.5591505169868471 -0.037642639130353921 0.22120609134435656 0.013268734794110061 0.24056974053382876 0.04434130713343621 -0.085929580032825456
decision_type=2 2 2 2 2 2 2 2 2 2 2 2 2 2
left_child=1 4 6 -4 5 -1 -3 -6 11 10 -10 -2 -11 -13
right_child=8 2 3 -5 7 -7 -8 -9 9 12 -12 13 -14 -15
leaf_value=0.028616542255617966 0.040481763916900455 0.051734996082545399 0.016100220303705746 -0.029749552788270704 -0.025622547070518857 -0.025251775581290496 -0.063061195665919847 0.048658421350415752 0.060223360324073272 0.059810200467171129 0.023351736172617873 0.036354308932857807 0.0016040298615190543 -0.065938936845478316
leaf_weight=101.31518068954392 2.7967166335292841 21.179658234479579 34.139373045381944 299.78869622837283 48.128396371987037 15.897473302284196 2.8801406290258447 6.4396185401419634 23.090630351027357 58.000186647728697 49.212872437248734 0.92832298099528987 3.9498950865236102 4.326741364744521
leaf_count=6221 149 3667 2915 63949 7982 3604 500 323 795 2680 6754 92 368 1071
internal_value=3.60164e-10 -0.0110932 -0.0208242 -0.0250621 0.00918625 0.0213104 0.037993 -0.0168566 0.0412971 0.0448043 0.0351269 -0.0171808 0.056099 -0.0478685
internal_weight=672.074 529.769 357.988 333.928 171.781 117.213 24.0598 54.568 142.305 134.254 72.3035 8.05178 61.9501 5.25506
internal_count=101070 89161 71031 66864 18130 9825 4167 8305 11909 10597 7549 1312 3048 1163
is_linear=0
shrinkage=0.04


Tree=2
num_leaves=15
num_cat=0
split_feature=4 7 30 37 13 35 35 34 10 13 7 34 4 12
split_gain=257.961 73.1518 46.8155 38.0266 36.8968 36.8377 24.7837 21.9878 21.9174 21.5159 20.6877 9.25692 7.29216 5.87217
threshold=0.15407683700323108 -0.37533210217952723 1.5000000000000002 1.5000000000000002 0.54295611381530773 -0.0036614617565646763 0.022627397440373901 0.31751394251394255 0.084233816713094725 1.1949836611747744 0.67812472581863414 0.41683535762483137 -0.33133831620216364 0.68353950977325451
decision_type=2 2 2 2 2 2 2 2 2 2 2 2 2 2
left_child=1 6 7 -4 11 9 8 -3 -1 -6 -7 13 -8 -2
right_child=4 2 3 -5 5 10 12 -9 -10 -11 -12 -13 -14 -15
leaf_value=-0.028523257910793007 0.028674145941957253 -0.074619712390015899 -0.025161736635238081 -0.057553575047022416 0.030617765639233272 0.01230778977477333 0.0077514793395962577 0.026767672076808361 0.034143288100983341 0.058020429714580213 -0.064529602708442213 -0.051900060745945886 0.068410431284422854 -0.040489005222389664
leaf_weight=20.746015805969364 5.6107101313537004 3.9295307330103268 135.68828710573871 101.26395458133629 131.76655187876895 51.58541641064221 4.0543252545758177 26.520210770315316 15.678023308923001 70.306945373595227 6.2900540315313256 10.137319993344134 14.55290067536407 3.0220387018052861
leaf_count=3807 433 1704 38781 41847 3477 3534 515 3302 1302 838 338 704 285 203
internal_value=1.08489e-09 -0.0243618 -0.033005 -0.0390047 0.0281826 0.0320934 0.0176364 0.0136837 -0.00154965 0.0401519 0.00395691 -0.0259778 0.0551935 0.00446242
internal_weight=601.152 322.433 267.402 236.952 278.719 259.949 55.0313 30.4497 36.424 202.073 57.8755 18.7701 18.6072 8.63275
internal_count=101070 91543 85634 80628 9527 8187 5909 5006 5109 4315 3872 1340 800 636
is_linear=0
shrinkage=0.04


Tree=3
num_leaves=15
num_cat=0
split_feature=32 7 30 30 32 37 37 8 11 38 13 1 28 29
split_gain=285.884 147.404 47.7719 40.3082 29.566 24.6067 23.6374 23.0424 21.1656 18.8748 11.875 6.61235 6.40515 1.53523
threshold=0.87885582280201124 -0.37533210217952723 5.5000000000000009 1.5000000000000002 0.97231800766283538 1.5000000000000002 1.5000000000000002 -0.3193198144435882 0.22562196105718615 0.25158227848101272 1.1315961480140688 0.18388028442859652 0.57253172993659984 0.010110457893460991
decision_type=2 2 2 2 2 2 2 2 2 2 2 2 2 2
left_child=1 5 4 7 6 9 -2 -3 -5 -1 -6 -7 13 -4
right_child=2 3 12 8 10 11 -8 -9 -10 -11 -12 -13 -14 -15
leaf_value=0.041669306488203557 0.026679935838707376 0.022899220898571784 -0.0062039648652363341 -0.054645049549450882 0.030896046763343898 -0.056044938195119159 -0.020105125083160837 -0.066403780927604711 -0.018487882179171432 -0.0006904821462014345 0.053919778511532908 0.02996432123526949 0.035017953307611524 -0.066909520941976497
leaf_weight=48.368475882918574 90.060449603188317 20.861274362454427 0.71935347828548302 169.68763073948503 58.96902922046138 8.0041193261567951 21.380376860324759 5.9390112704422782 30.570403391931904 25.812012800743105 91.394623900589067 1.7412947922712181 1.2120798152755003 9.0813753815891669
leaf_count=1777 3873 1934 155 68675 1616 1879 2896 2831 9148 2198 746 69 104 3169
internal_value=-2.67414e-09 -0.0262174 0.0298852 -0.0429601 0.0333181 0.0190793 0.017704 0.00310945 -0.0491255 0.0269297 0.0448904 -0.0406769 -0.051726 -0.0624539
internal_weight=583.802 310.984 272.817 227.058 261.804 83.9259 111.441 26.8003 200.258 74.1805 150.364 9.74541 11.0128 9.80073
internal_count=101070 88511 12559 82588 9131 5923 6769 4765 77823 3975 2362 1948 3428 3324
is_linear=0
shrinkage=0.04


Tree=4
num_leaves=15
num_cat=0
split_feature=4 7 30 32 12 11 34 16 4 14 8 37 7 37
split_gain=276.78 124.146 42.2887 27.3571 22.4558 21.1223 20.0334 16.5266 14.7931 13.9056 13.3117 8.13831 4.00266 2.75445
threshold=0.12951757758855822 -0.37533210217952723 1.5000000000000002 0.88304780326056931 0.017604526132345203 0.063038311898708357 0.37149410222804724 0.58722109533468569 0.57985761761665355 0.076631519943475737 -0.38375350832939142 1.5000000000000002 -0.48652875423431391 1.5000000000000002
decision_type=2 2 2 2 2 2 2 2 2 2 2 2 2 2
left_child=1 4 5 10 12 -3 -6 8 -5 -4 -2 -9 -1 -12
right_child=3 2 9 7 6 -7 -8 11 -10 -11 13 -13 -14 -15
leaf_value=-0.0034593046372737293 0.038578312972938622 -0.042739915795344904 -0.052914692308073857 0.025971701093779949 0.054195945522182987 0.027483337187418175 0.0082322143095810655 0.01483123454653538 0.046285518312962293 -0.017672636945624706 -0.024962892465793907 -0.03799169613290683 -0.054041862749112005 -0.062690358186083567
leaf_weight=3.959539341769414 4.6617251679417704 10.717434722013424 168.51359631615924 119.52962863919674 25.739066941154306 19.008071782947809 36.955725376494229 17.50549027838861 110.27626663420233 20.044683644227916 7.5898486635269347 6.3629621932923319 6.804561006560105 5.2297474977385718
leaf_count=583 448 2998 72649 3830 698 1922 3203 671 1426 6890 1743 614 1409 1986
internal_value=2.40298e-11 -0.0270409 -0.0421779 0.029094 0.0179386 0.00216457 0.0271024 0.0324293 0.0357196 -0.0491683 -0.0193051 0.000749454 -0.0354352 -0.0403538
internal_weight=562.898 291.743 218.284 271.156 73.4589 29.7255 62.6948 253.674 229.806 188.558 17.4813 23.8685 10.7641 12.8196
internal_count=101070 90352 84459 10718 5893 4920 3901 6541 5256 79539 4177 1285 1992 3729
is_linear=0
shrinkage=0.04


Tree=5
num_leaves=15
num_cat=0
split_feature=4 7 30 35 33 1 29 35 13 33 14 15 11 22
split_gain=233.072 124.662 33.7201 25.9118 25.2947 19.6985 17.1922 16.3255 12.8672 12.4028 12.4016 11.6994 8.95096 8.66243
threshold=0.12951757758855822 -0.37533210217952723 1.5000000000000002 0.022627397440373901 0.94517657938847477 0.036640539765357978 0.013364522717893125 0.011412006337195637 1.1315961480140688 0.96887112403100784 0.076631519943475737 24.333644866943363 0.13637918233871463 -0.10668785497546195
decision_type=2 2 2 2 2 2 2 2 2 2 2 2 2 2
left_child=1 3 5 11 6 -3 -2 8 -6 -9 -4 -1 -5 -8
right_child=4 2 10 12 7 -7 13 9 -10 -11 -12 -13 -14 -15
leaf_value=-0.046523697373353289 0.035082356222727921 -0.032003420489202815 -0.051286113093408345 0.057302750566256465 0.024410596621893942 0.035415498739230007 0.034563801419638503 0.027303701913279469 0.046873333148424984 -0.037442046090595635 -0.017599763840299355 0.0081350034955609482 0.012102886479784277 -0.011697471484337875
leaf_weight=7.911467332072788 24.635374246397987 14.752122157384294 160.55933007122803 24.903714305255562 66.254954842457664 13.084136019460855 7.5258629046729757 11.009482442052105 106.20785922565847 8.3048192487913166 19.623018879909068 30.118198599404423 9.7561314383638074 46.436227055382915
leaf_count=1747 561 4150 72649 260 1794 770 483 328 640 638 6890 3348 538 6274
internal_value=9.18645e-10 -0.02553 -0.0412875 0.0195636 0.0265058 -0.000313877 0.00739468 0.0343382 0.0382438 -0.000535862 -0.0476175 -0.00323587 0.0445798 -0.00524561
internal_weight=551.083 280.708 208.019 72.6895 270.375 27.8363 78.5975 191.777 172.463 19.3143 180.182 38.0297 34.6598 53.9621
internal_count=101070 90352 84459 5893 10718 4920 7318 3400 2434 966 79539 5095 798 6757
is_linear=0
shrinkage=0.04


Tree=6
num_leaves=15
num_cat=0
split_feature=4 7 30 33 7 1 35 12 29 14 10 11 32 29
split_gain=206.663 131.359 30.7561 26.7442 21.1753 20.9032 18.8036 13.6722 14.0601 12.5689 11.0283 9.54675 7.18164 3.62667
threshold=0.12951757758855822 -0.37533210217952723 1.5000000000000002 0.90430157261794653 -0.20448918640613553 0.036640539765357978 0.022627397440373901 0.40990538895130163 0.036181109026074416 0.076631519943475737 0.068414229899644866 0.13637918233871463 0.98449519230769245 0.012666522525250913
decision_type=2 2 2 2 2 2 2 2 2 2 2 2 2 2
left_child=1 6 5 4 13 -3 10 -5 -9 -4 -1 -8 -6 -2
right_child=3 2 9 7 12 -7 11 8 -10 -11 -12 -13 -14 -15
leaf_value=-0.02397482927496325 0.05710372258518176 -0.039735482034799874 -0.050746376632809252 0.061203253517248993 -0.028495684678069663 0.030044027577956448 0.051266854881310886 0.030222161909271097 -0.018919905180718597 -0.016807425301306498 0.020274243444710922 0.0050056139047999727 0.033575394676045152 0.01182943794034611
leaf_weight=16.430186505138408 7.8303742890711856 12.566256689678996 155.64436506075435 21.746062324411469 26.825848167936787 15.149531779781681 29.868803660705453 188.2969631565793 9.800236235780174 19.664936727975146 19.960245472640963 9.3784833743702603 3.3554396028630427 4.4338745249842759
leaf_count=3567 62 4150 72649 161 5159 770 260 4166 555 6890 1528 538 68 547
internal_value=-1.10338e-09 -0.0239863 -0.040749 0.0254837 -0.00358499 -0.0015938 0.0210079 0.031096 0.027791 -0.0469393 0.000295901 0.0402123 -0.0215949 0.0407358
internal_weight=540.952 278.663 203.025 262.289 42.4455 27.7158 75.6377 219.843 198.097 175.309 36.3904 39.2473 30.1813 12.2642
internal_count=101070 90352 84459 10718 5836 4920 5893 4882 4721 79539 5095 798 5227 609
is_linear=0
shrinkage=0.04


Tree=7
num_leaves=15
num_cat=0
split_feature=4 7 1 32 30 35 8 3 10 8 11 0 37 14
split_gain=195.945 122.375 24.1332 21.5175 19.6634 17.269 16.1527 22.0976 11.2747 9.5366 7.32341 5.08219 2.64282 2.26732
threshold=0.12951757758855822 -0.37533210217952723 0.038043014705181129 0.89414928292046947 1.5000000000000002 0.022627397440373901 -0.3446612805128097 0.061834717169404037 0.068414229899644866 -0.47341273725032801 0.13637918233871463 -0.080769784748554216 1.5000000000000002 0.12353486940264703
decision_type=2 2 2 2 2 2 2 2 2 2 2 2 2 2
left_child=1 5 11 9 -4 8 13 -8 -1 -2 -7 -3 -11 -5
right_child=3 2 4 6 -6 10 7 -9 -10 12 -12 -13 -14 -15
leaf_value=-0.02841767276347168 0.04666195348960183 -0.0090182428196653244 0.022581559752904618 0.041496085132927053 -0.034031565777565713 0.046087286403026485 -0.010187407088114256 0.028581202771780556 0.017235858555326233 -0.018899107863754865 0.0048223144521886549 -0.048886613965365006 -0.054749283944063115 0.06041440961412442
leaf_weight=14.316938820615176 3.0390800884924856 5.2965175283170529 15.403343918966128 20.120935075392481 27.062831083298079 31.850955944450106 27.185064840130508 174.65610686673608 21.886321287427563 9.5644354997202736 8.7776893379923404 149.93952130633988 5.0152727900713208 20.425390333053656
leaf_count=3567 140 1731 752 452 12660 260 1655 4030 1528 2199 538 69316 2173 69
internal_value=6.32452e-10 -0.0235684 -0.0402168 0.0248853 -0.0134968 0.019271 0.0279877 0.0233596 -0.000818284 -0.0177953 0.0371721 -0.0475263 -0.0312312 0.0510263
internal_weight=534.54 274.534 197.702 260.006 42.4662 76.8319 242.387 201.841 36.2033 17.6188 40.6286 155.236 14.5797 40.5463
internal_count=101070 90352 84459 10718 13412 5893 6206 5685 5095 4512 798 71047 4372 521
is_linear=0
shrinkage=0.04


Tree=8
num_leaves=15
num_cat=0
split_feature=4 7 1 32 37 35 30 13 26 2 36 5 5 27
split_gain=181.18 113.921 21.4773 20.045 18.4741 17.7241 16.6314 15.793 13.1372 11.121 8.73131 7.21166 6.9344 6.66161
threshold=0.12951757758855822 -0.37533210217952723 0.038043014705181129 0.97231800766283538 1.5000000000000002 0.022627397440373901 1.5000000000000002 1.1315961480140688 -0.099697679281234727 -0.3847809880971908 0.90964834515366444 0.081675142049789443 -0.10532028228044508 0.7306792438030244
decision_type=2 2 2 2 2 2 2 2 2 2 2 2 2 2
left_child=1 5 -3 4 8 9 -4 12 -2 -1 -6 -9 -5 -7
right_child=3 2 6 7 10 13 -8 11 -10 -11 -12 -13 -14 -15
leaf_value=0.046327277913425495 0.02908081756705164 -0.046308400257749169 0.019098313013839522 0.048961958417801814 -0.047686954589310597 0.04632259931937463 -0.033312915134275881 0.048681408466922475 -0.0048278241230786468 -0.012569800417768012 0.036134338145704201 0.026857777236755993 0.010087159105180122 0.01015436255273911
leaf_weight=6.2163711902976493 49.008238640992204 151.67329268535104 15.420736047948592 8.5615972917294112 11.65372410645068 29.574881194741465 26.054615440290945 70.890261284657754 29.157468280842295 29.338166524990811 2.3973760759981806 36.805543166730786 51.52305919911305 11.246215654566184
leaf_count=265 1455 71047 752 94 3407 331 12660 368 3217 4830 178 367 1632 467
internal_value=-5.64581e-10 -0.0229805 -0.0393334 0.0238225 0.00884144 0.0183749 -0.0138262 0.0320566 0.0164322 -0.00227221 -0.0333855 0.0412231 0.0156265 0.0363582
internal_weight=529.522 269.524 193.149 259.997 92.2168 76.3756 41.4754 167.78 78.1657 35.5545 14.0511 107.696 60.0847 40.8211
internal_count=101070 90352 84459 10718 8257 5893 13412 2461 4672 5095 3585 735 1726 798
is_linear=0
shrinkage=0.04


Tree=9
num_leaves=15
num_cat=0
split_feature=4 7 1 37 33 29 30 30 12 29 15 17 6 1
split_gain=166.688 110.414 19.3403 19.285 18.4105 18.7898 13.1025 12.6323 10.7944 12.6056 6.62992 5.87809 4.20514 2.99035
threshold=0.12951757758855822 -0.37533210217952723 0.038043014705181129 1.5000000000000002 0.94152390163028477 0.013364522717893125 1.5000000000000002 4.5000000000000009 0.39849366247653967 0.034177498891949661 23.696630477905277 -0.0084547935985028726 0.053717941045761115 0.18388028442859652
decision_type=2 2 2 2 2 2 2 2 2 2 2 2 2 2
left_child=1 3 12 7 5 11 -4 -1 -6 -10 -7 -2 -3 -5
right_child=4 2 6 13 8 10 -8 -9 9 -11 -12 -13 -14 -15
leaf_value=0.030688294395881149 0.043837864801545265 -0.046596571286225456 0.015615921105796394 -0.054684963564381156 0.055810180441646214 0.054727253302362965 -0.03142436667199415 -0.027173229045418842 0.02842468314922586 -0.017046240456458434 -0.017410771565120726 0.0015034560148227808 -0.013940684348817857 0.024841517933888654
leaf_weight=62.029611016216222 17.542538529960442 142.83260631615121 15.027489996224174 6.0964190487284204 21.403260594815947 2.1597835325810584 25.636187451207661 6.6879009772674172 162.68160516803619 10.376951411759363 36.285073492428637 7.4875360492151222 6.6008127786917603 0.86369535932317365
leaf_count=2864 235 68473 752 1875 75 85 12660 1085 2958 538 6525 302 2574 69
internal_value=-1.64326e-09 -0.0222314 -0.0384985 0.0186307 0.0229069 0.00420217 -0.0140404 0.0250569 0.0290124 0.0256982 -0.0133581 0.0311739 -0.0451541 -0.0448164
internal_weight=523.711 265.775 190.097 75.6776 257.937 63.4749 40.6637 68.7175 194.462 173.059 38.4449 25.0301 149.433 6.96011
internal_count=101070 90352 84459 5893 10718 7147 13412 3949 3571 3496 6610 537 71047 1944
is_linear=0
shrinkage=0.04


Tree=10
num_leaves=15
num_cat=0
split_feature=4 7 1 32 18 11 10 13 28 26 8 13 33 4
split_gain=151.656 100.085 16.8073 18.3535 14.2106 14.043 13.8814 13.5611 18.0317 12.5076 12.7652 12.434 12.0464 9.82893
threshold=0.18508923798799518 -0.37533210217952723 0.038043014705181129 0.98449519230769245 -0.0015035310061648486 0.14956578612327578 0.068414229899644866 1.0966919064521792 0.39406020939350134 -0.053968399763107293 -0.36199773848056788 1.1024336814880373 0.39587585034013612 0.52903982996940624
decision_type=2 2 2 2 2 2 2 2 2 2 2 2 2 2
left_child=1 4 3 -3 6 -6 -1 9 13 -2 -11 -10 -4 -9
right_child=7 2 12 -5 5 -7 -8 8 11 10 -12 -13 -14 -15
leaf_value=-0.030625485480709026 0.019442931906331191 -0.04312683724752852 0.0078725433791462379 0.033350026179069896 0.042766614343051373 -0.021148237936171491 0.02051405382007503 0.021813206993029036 0.06314346940959939 0.032336994906561597 -0.041119009816107804 -0.027140773077839467 -0.032931037769745979 0.046665247885829098
leaf_weight=14.443326379870994 87.32373181139701 153.02844514703611 22.38294811463129 5.1912030759121981 37.981084292987362 6.431535674724727 20.612608685172745 38.754327116155764 3.0715059773065141 5.5593352864962098 11.861328053812029 11.883118280413326 23.978266756508674 74.240335350332316
leaf_count=3405 3490 72317 4665 334 529 636 1350 856 15 384 2439 808 9498 344
internal_value=5.67805e-10 -0.0196131 -0.0344115 -0.0406176 0.018483 0.0335109 -0.000555846 0.0239418 0.0326788 0.0132692 -0.0176775 -0.00859744 -0.0132313 0.0381416
internal_weight=516.743 284.049 204.581 158.22 79.4686 44.4126 35.0559 232.694 127.949 104.744 17.4207 14.9546 46.3612 112.995
internal_count=101070 92734 86814 72651 5920 1165 4755 8336 2023 6313 2823 823 14163 1200
is_linear=0
shrinkage=0.04


Tree=11
num_leaves=15
num_cat=0
split_feature=4 7 5 33 29 35 30 10 12 15 7 8 11 14
split_gain=139.837 99.0055 15.6315 15.5694 15.0291 14.5314 11.0023 10.5105 9.70303 11.7826 5.34912 4.92697 4.64453 3.98968
threshold=0.12951757758855822 -0.37533210217952723 0.026666877791285518 0.94517657938847477 0.013364522717893125 0.022627397440373901 1.5000000000000002 0.16910865902900699 0.39849366247653967 55.825016021728523 0.1953154653310776 -0.3396752923727035 0.13224744051694873 0.079942360520362868
decision_type=2 2 2 2 2 2 2 2 2 2 2 2 2 2
left_child=1 5 13 4 11 7 -4 -1 -5 -10 -6 -2 -7 -3
right_child=3 2 6 8 10 12 -8 -9 9 -11 -12 -13 -14 -15
leaf_value=-0.016209595514049685 0.045704811358967999 -0.044291638687399493 0.016360832982622073 0.052565080160599978 -0.021748228499238076 0.039568601591085883 -0.029359817183643711 0.030642468100831696 -0.0044501992771847233 0.027698669342578759 0.010864376754657065 0.0098234150421752306 0.0071142831117513286 -0.014014632984327178
leaf_weight=24.856310696341097 12.647393612889575 137.01410920473427 12.785640870351925 21.00311197823612 26.462650030356599 33.674085611477494 24.670494779573346 11.074225329590261 20.805159388430184 147.94839371027774 11.563161210331598 11.869151954306288 8.9253468669485283 7.3364400451464453
leaf_count=4482 115 68476 730 71 5924 252 12313 613 991 2338 833 446 546 2940
internal_value=5.49627e-10 -0.0205663 -0.0367783 0.0212215 0.0039134 0.0169663 -0.0137531 -0.00176922 0.0269262 0.0237351 -0.0118312 0.0283336 0.0327688 -0.0427528
internal_weight=512.636 260.337 181.807 252.299 62.5424 78.53 37.4561 35.9305 189.757 168.754 38.0258 24.5165 42.5994 144.351
internal_count=101070 90352 84459 10718 7318 5893 13043 5095 3400 3329 6757 561 798 71416
is_linear=0
shrinkage=0.04


Tree=12
num_leaves=15
num_cat=0
split_feature=4 7 37 5 34 28 13 7 14 30 30 1 13 14
split_gain=128.095 93.2298 14.7256 13.7695 13.5403 21.2116 20.5502 12.5477 12.3061 10.5826 9.21416 6.32703 4.40476 3.86292
threshold=0.12951757758855822 -0.37533210217952723 1.5000000000000002 0.026666877791285518 0.92390476190476212 0.35324612259864813 1.2355921864509585 0.32965984940528875 0.053231377154588706 4.5000000000000009 1.5000000000000002 0.14815363287925723 1.1949836611747744 0.076631519943475737
decision_type=2 2 2 2 2 2 2 2 2 2 2 2 2 2
left_child=1 2 9 13 7 12 -7 8 -2 -1 -5 -9 -6 -3
right_child=4 3 -4 10 5 6 -8 11 -10 -11 -12 -13 -14 -15
leaf_value=0.026141225226716875 0.0099630193151234274 -0.043149824757823134 -0.039581227948650641 0.014106807848675913 0.022714486831159501 0.018083361594179052 -0.068075011919297462 0.029169415204570916 -0.028821425703716295 -0.035067787093685555 -0.028339439543957599 -0.007887674685602029 0.041385000884429493 -0.015059424407908244
leaf_weight=66.312937633279944 42.882681865055929 133.30915378806822 6.8145913537591687 12.378154940321108 27.039468318980653 15.331395986664576 6.228967484435997 51.195065190695459 18.840378543900442 4.8499311386258332 24.142064834115445 8.6119476600433682 80.135792552493513 8.3218146819999657
leaf_count=2864 3999 68042 1944 730 606 711 464 1141 2939 1085 12313 357 501 3374
internal_value=8.24514e-10 -0.0198863 0.0165906 -0.0358524 0.0203522 0.0293921 -0.00680851 0.0107762 -0.00187556 0.0219697 -0.0139527 0.0238334 0.0366746 -0.0414993
internal_weight=506.394 256.129 77.9775 178.151 250.266 128.736 21.5604 121.53 61.7231 71.1629 36.5202 59.807 107.175 141.631
internal_count=101070 90352 5893 84459 10718 2282 1175 8436 6938 3949 13043 1498 1107 71416
is_linear=0
shrinkage=0.04


Tree=13
num_leaves=15
num_cat=0
split_feature=4 7 33 29 37 5 35 37 26 30 13 6 9 14
split_gain=127.862 87.7451 16.3545 14.5532 13.2254 12.0083 10.0033 9.70956 10.5789 8.6173 8.25335 5.51361 4.04862 3.0457
threshold=0.12951757758855822 -0.37533210217952723 0.94517657938847477 0.013364522717893125 1.5000000000000002 0.026666877791285518 0.022627397440373901 2.5000000000000004 -0.097023963928222642 1.5000000000000002 0.99827423691749584 -0.12961270660161969 24.500000000000004 0.076631519943475737
decision_type=2 2 2 2 2 2 2 2 2 2 2 2 2 2
left_child=1 4 3 12 6 13 -1 10 -9 -7 -4 -5 -2 -3
right_child=2 5 7 11 -6 9 -8 8 -10 -11 -12 -13 -14 -15
leaf_value=0.0034236679175041586 0.036770627738241905 -0.042402435139865226 0.016164308088813133 0.041208788390117504 -0.042090197252889781 0.011483630070986009 0.033180945341528371 -0.068286385501000621 0.01904628446937413 -0.029221718946858377 0.034152495336392114 -0.018796778652168802 0.0017607387069131202 -0.01760987519418359
leaf_weight=32.80623198862304 16.794290456455204 131.53983896457066 61.836936104227789 2.6474629019212434 5.9723867918364695 12.66192870022496 40.252101422171108 3.5342588963685557 5.9645267021260207 24.273317509345361 120.02307721099351 32.855413619821775 7.7118488112464538 8.4364867608237528
leaf_count=3425 268 68042 1683 125 1944 730 524 283 256 12313 1178 6632 293 3374
internal_value=9.64745e-10 -0.0199011 0.0202633 0.00204366 0.0151402 -0.0355549 0.0198187 0.0259769 -0.013448 -0.0152673 0.0280361 -0.0143221 0.0257533 -0.0409082
internal_weight=507.31 255.942 251.368 60.009 79.0307 176.912 73.0583 191.359 9.49879 36.9352 181.86 35.5029 24.5061 139.976
internal_count=101070 90352 10718 7318 5893 84459 3949 3400 539 13043 2861 6757 561 71416
is_linear=0
shrinkage=0.04


Tree=14
num_leaves=15
num_cat=0
split_feature=4 7 13 29 1 35 10 5 2 26 32 30 13 37
split_gain=115.805 87.0861 15.4046 11.7523 22.6165 11.6988 11.1284 10.6008 10.5215 9.33778 9.11958 7.75888 4.20473 3.23686
threshold=0.12951757758855822 -0.37533210217952723 1.0966919064521792 0.020804931409657005 0.079520821571350112 0.022627397440373901 0.16579627990722659 0.026666877791285518 -0.1976680904626846 -0.098459541797637926 0.95248357963875219 1.5000000000000002 0.99368163943290722 1.5000000000000002
decision_type=2 2 2 2 2 2 2 2 2 2 2 2 2 2
left_child=1 5 8 10 -5 6 -1 13 -2 -10 -4 -9 -7 -3
right_child=2 7 3 4 -6 12 -8 11 9 -11 -12 -13 -14 -15
leaf_value=-0.017172542007734271 0.040673338185644989 -0.033636822715202304 -0.0010394798191023292 0.024351385333527147 -0.075920982949321078 0.038061043646128973 0.028250527313673977 0.010356986452275023 0.013683195551351637 -0.011213309693876034 0.037790052348745731 -0.028867261904380347 0.010522392636404228 -0.045951954064643273
leaf_weight=23.940598724599113 14.647099928348323 65.305722898803651 10.720048634917474 15.219211569754409 4.7136876794393165 29.839029274065979 13.493922114255836 12.123369009117594 64.976349540345836 38.318751275786781 99.527016985462978 24.126277625924558 12.624070973484775 71.573314278561156
leaf_count=4467 286 32597 922 454 448 328 628 730 2802 5084 722 12313 470 38819
internal_value=6.72551e-10 -0.019041 0.0194174 0.0289041 0.000639199 0.0155027 -0.000799009 -0.0349827 0.00894634 0.00444749 0.0340144 -0.0157491 0.0298739 -0.0400763
internal_weight=501.148 253.026 248.122 130.18 19.9329 79.8976 37.4345 173.129 117.942 103.295 110.247 36.2496 42.4631 136.879
internal_count=101070 90352 10718 2546 902 5893 5095 84459 8172 7886 1644 13043 798 71416
is_linear=0
shrinkage=0.04


Tree=15
num_leaves=15
num_cat=0
split_feature=4 7 32 13 37 13 5 26 8 2 28 34 4 21
split_gain=108.927 77.1814 13.9556 13.6857 12.632 12.141 9.26751 8.7181 9.65561 7.79261 6.61298 14.0867 6.46039 1.85176
threshold=0.18508923798799518 -0.37533210217952723 0.98449519230769245 1.0966919064521792 1.5000000000000002 1.6815668940544131 0.026666877791285518 -0.053968399763107293 -0.36199773848056788 -0.1976680904626846 0.35324612259864813 0.89065662955465597 0.52903982996940624 0.031582446808510641
decision_type=2 2 2 2 2 2 2 2 2 2 2 2 2 2
left_child=1 4 6 7 5 -1 -3 9 -9 -2 12 -12 -5 -4
right_child=3 2 13 10 -6 -7 -8 8 -10 -11 11 -13 -14 -15
leaf_value=0.022282202657644083 0.043184818413625134 -0.038104707272556111 0.055671774658204741 0.019705174543692482 -0.043216686554472562 -0.060444233897480361 -0.016391317503221127 0.026789759907987581 -0.038793037721357566 0.0099507633318317232 0.038238748103044895 -0.021604400131620283 0.041907096292580208 0.010756616073748657
leaf_weight=74.870271931402385 13.270891765598206 141.52072141965618 2.2977654197020447 31.249043642921606 5.5688072397606438 2.9503389224410048 40.43690296074783 5.3793210848816697 10.809650226263328 75.56978734927543 14.170370833249764 11.322362222184891 63.750017189362552 4.0701615351426881
leaf_count=3688 150 72616 8 621 1948 284 13777 384 2439 3340 467 695 240 413
internal_value=6.06667e-10 -0.0170563 -0.0312423 0.0205499 0.0149813 0.0191459 -0.0332793 0.00999575 -0.017001 0.0149152 0.0297497 0.01166 0.034604 0.0269635
internal_weight=497.236 271.715 188.326 225.521 83.3894 77.8206 181.958 105.03 16.189 88.8407 120.492 25.4927 94.9991 6.36793
internal_count=101070 92734 86814 8336 5920 3972 86393 6313 2823 3490 2023 1162 861 421
is_linear=0
shrinkage=0.04


Tree=16
num_leaves=15
num_cat=0
split_feature=4 7 33 7 16 37 30 5 30 3 25 9 37 29
split_gain=98.0171 80.078 14.744 14.4647 12.0265 11.6987 9.39074 8.43988 8.16527 7.6995 11.5104 5.88716 2.99237 1.1892
threshold=0.12951757758855822 -0.37533210217952723 0.9358043467595546 -0.23637976497411725 0.097167584579071611 1.5000000000000002 4.5000000000000009 0.026666877791285518 1.5000000000000002 0.24012112617492679 -0.014997065067291258 26.500000000000004 1.5000000000000002 0.012791101820766928
decision_type=2 2 2 2 2 2 2 2 2 2 2 2 2 2
left_child=1 5 3 -2 -5 6 -1 12 -9 10 -4 -11 -3 -7
right_child=2 7 9 4 -6 13 -8 8 -10 11 -12 -13 -14 -15
leaf_value=0.021824472707049 0.036414986864648093 -0.031978808874178248 0.018969143509153762 0.02801152365041109 -0.025734613960814667 0.020512867488363954 -0.034447849756215058 0.011127730694075542 -0.02968306999750837 0.022035904219545863 -0.02851939381446492 0.039759304932648599 -0.044076933521085035 -0.048816938105853351
leaf_weight=73.578365155262873 12.341331789109971 62.827415323285095 57.005706828276743 8.6329580641322519 29.168042666380643 0.43085800122935225 5.0720173873705781 11.663056530465836 23.955321187211666 76.406892866943963 9.5319455258431827 49.358216960623395 68.241822016592778 4.8724348741088761
leaf_count=2864 404 32597 1296 541 5940 127 1085 730 12313 1398 719 420 38819 1817
internal_value=7.12808e-10 -0.01754 0.018133 -0.00118456 -0.0134601 0.0143182 0.0181956 -0.0335857 -0.0163198 0.02317 0.0121661 0.0289917 -0.0382778 -0.0431843
internal_weight=493.086 250.641 242.445 50.1423 37.801 83.9537 78.6504 166.688 35.6184 192.303 66.5377 125.765 131.069 5.30329
internal_count=101070 90352 10718 6885 6481 5893 3949 84459 13043 3833 2015 1818 71416 1944
is_linear=0
shrinkage=0.04


Tree=17
num_leaves=15
num_cat=0
split_feature=4 7 33 29 35 10 12 11 11 5 30 15 8 37
split_gain=91.6255 77.6995 12.9072 13.0158 10.6387 12.0286 7.64293 8.24036 6.74615 6.51886 5.89143 5.52393 4.02982 2.98737
threshold=0.12951757758855822 -0.37533210217952723 0.9358043467595546 0.013364522717893125 0.022627397440373901 0.16579627990722659 0.39849366247653967 0.22979746013879779 0.14956578612327578 0.026666877791285518 1.5000000000000002 23.696630477905277 -0.3396752923727035 1.0000000180025095e-35
decision_type=2 2 2 2 2 2 2 2 2 2 2 2 2 2
left_child=1 4 3 12 5 -1 -4 -8 -6 13 -11 -5 -2 -3
right_child=2 9 6 11 8 -7 7 -9 -10 10 -12 -13 -14 -15
leaf_value=-0.018445218505452523 0.038207570178300315 -0.026402912403457681 0.046104350562052553 0.045775417203818572 0.035661134687903939 0.025203695435207771 0.00026765635592461092 0.02355688609466057 -0.0051511768094470549 0.0067478889334417862 -0.028905912010321201 -0.023157546928347674 0.0015495035050621551 -0.040762219114567143
leaf_weight=24.346403884366737 12.194279773626478 30.360278183507035 19.357557316601742 2.0012676959740956 34.836564702680334 17.264902563358191 29.291419096261961 142.89034926751629 7.9612140441313377 10.77062351326458 23.803240121545969 26.350615991090308 7.910678142681717 98.039686570467893
leaf_count=4467 112 15610 85 83 300 628 1288 2460 498 730 12313 6291 399 55806
internal_value=1.07521e-10 -0.0170825 0.0176083 -0.000834461 0.0140668 -0.000334894 0.0222741 0.0195949 0.0280693 -0.0332157 -0.0177989 -0.0182918 0.0237838 -0.0373669
internal_weight=487.379 247.383 239.996 48.4568 84.4091 41.6113 191.539 172.182 42.7978 162.974 34.5739 28.3519 20.105 128.4
internal_count=101070 90352 10718 6885 5893 5095 3833 3748 798 84459 13043 6374 511 71416
is_linear=0
shrinkage=0.04


Tree=18
num_leaves=15
num_cat=0
split_feature=4 7 33 7 37 12 12 11 5 16 30 29 29 2
split_gain=83.3037 69.5646 11.1042 14.2351 9.5692 8.83114 8.45957 7.67317 7.35197 6.63521 6.50091 3.03276 1.02209 0.772384
threshold=0.12951757758855822 -0.37533210217952723 0.92390476190476212 -0.23637976497411725 1.5000000000000002 0.0042026103474199781 0.39849366247653967 0.22979746013879779 0.026666877791285518 0.077677224736048281 1.5000000000000002 0.010492360685020687 0.012791101820766928 0.073469869792461409
decision_type=2 2 2 2 2 2 2 2 2 2 2 2 2 2
left_child=1 4 3 13 5 -1 -4 -8 11 -5 -10 -3 -6 -2
right_child=2 8 6 9 12 -7 7 -9 10 -11 -12 -13 -14 -15
leaf_value=-0.0400174384874371 0.019966751858776621 -0.015302554094595997 0.044290086061003146 0.026386300201041029 0.018606734175259813 0.020252182960839034 -0.00091033359222871587 0.02159040940381466 0.0089732504093721719 -0.026083944164345122 -0.027747926396148752 -0.038132909626574708 -0.045306555678141493 0.039991095962942119
leaf_weight=4.1100118182221186 4.9173650316370177 10.123658401658757 21.764363091177074 4.5894503599993213 0.43830880278255691 72.63828549120808 29.092204083630349 145.67399946090882 11.572249952179844 24.13218663551379 23.133998846577015 115.78109095544642 4.6212339835619787 8.2575808045221475
leaf_count=862 284 5864 107 365 127 3087 1447 2690 730 5705 12313 65552 1817 120
internal_value=4.28248e-10 -0.0165114 0.0167878 -0.00190828 0.0135121 0.0170246 0.0207735 0.0178449 -0.031804 -0.0176997 -0.0155038 -0.0362972 -0.0397697 0.0325173
internal_weight=480.846 242.419 238.427 41.8966 81.8078 76.7483 196.531 174.766 160.611 28.7216 34.7062 125.905 5.05954 13.1749
internal_count=101070 90352 10718 6474 5893 3949 4244 4137 84459 6070 13043 71416 1944 404
is_linear=0
shrinkage=0.04


Tree=19
num_leaves=15
num_cat=0
split_feature=4 7 13 29 33 30 5 12 32 9 5 30 9 37
split_gain=76.1347 68.0708 10.5758 11.4745 18.0424 9.42862 9.38285 7.76563 7.32643 6.9358 6.68824 5.66895 3.69784 2.90289
threshold=0.12951757758855822 -0.37533210217952723 1.1315961480140688 0.020804931409657005 0.99331096196868018 4.5000000000000009 -0.090430099517106996 0.0042026103474199781 0.97231800766283538 21.500000000000004 0.026666877791285518 1.5000000000000002 23.500000000000004 1.0000000180025095e-35
decision_type=2 2 2 2 2 2 2 2 2 2 2 2 2 2
left_child=1 5 6 8 -5 7 -2 -1 -4 -8 13 -12 -7 -3
right_child=2 10 3 4 -6 12 9 -9 -10 -11 11 -13 -14 -15
leaf_value=-0.041271151696475175 0.032506495413924849 -0.024638329357218911 0.0055803074403666091 -0.057618964393872825 0.031144332713817471 -0.046283060662218899 0.015948441690406795 0.019804390821052457 0.034677924171837779 -0.0055324189923032429 0.0082508047335572259 -0.026864999884999075 0.054407578658216778 -0.039042896152498056
leaf_weight=3.4874992056866168 20.655588599925977 29.353456545948575 16.628581273253076 6.5365058470633803 8.3372133563971129 5.2941478853172148 39.633257388602942 74.182410375826294 82.712518911808729 61.166273960785475 10.876628654543309 22.721658576585469 0.65585982809716359 94.286431122898648
leaf_count=853 540 15610 1012 719 82 1570 2422 3406 459 5484 730 12313 64 55806
internal_value=3.55502e-10 -0.0158153 0.0161635 0.0249015 -0.00786419 0.0133444 0.00794641 0.017062 0.0298073 0.00291362 -0.0313226 -0.0154971 -0.0351841 -0.0356231
internal_weight=476.528 240.858 235.67 114.215 14.8737 83.6199 121.455 77.6699 99.3411 100.8 157.238 33.5983 5.95001 123.64
internal_count=101070 90352 10718 2272 801 5893 8446 4259 1471 7906 84459 13043 1634 71416
is_linear=0
shrinkage=0.04


Tree=20
num_leaves=15
num_cat=0
split_feature=6 7 5 35 21 29 33 37 37 7 13 11 20 14
split_gain=71.8351 54.04 20.7292 11.2316 11.1787 11.0011 9.98782 9.7603 9.73869 9.1801 6.56122 6.22331 5.04971 4.98991
threshold=0.086412981152534499 -0.37533210217952723 -0.13730859756469724 -0.0036614617565646763 0.90300179211469545 0.011628537904471161 0.9358043467595546 1.5000000000000002 2.5000000000000004 0.038978857919573791 0.99827423691749584 0.080678686499595656 0.093386627906976757 0.062847863882780089
decision_type=2 2 2 2 2 2 2 2 2 2 2 2 2 2
left_child=1 5 12 8 6 -1 -5 -7 10 -10 -2 -4 -3 -6
right_child=3 2 11 4 13 7 -8 -9 9 -11 -12 -13 -14 -15
leaf_value=-0.064311421077464584 0.011537021150440028 0.038180869327188116 -0.035368247935496269 -0.025776893031332699 -0.0026933863125141199 0.018897844868416128 0.028514134140611956 -0.040835763252667238 0.020989651992107214 -0.078295053101439166 0.030092765702939457 -0.019888831247149016 -0.033225713871970868 -0.049609472879385566
leaf_weight=2.8570988043211392 42.147878505609697 9.5797255533034313 103.29580089479714 7.2923672974866376 6.6125047441455527 77.630102505805553 21.135059183987323 4.6381834971834897 3.073944537609349 2.8918392843916081 110.22442809402128 69.526187425464741 1.8986094586434763 8.034235234372316
leaf_count=521 1804 455 57224 2530 771 3491 604 1886 353 450 1686 27295 694 1306
internal_value=-8.85586e-10 -0.0135088 -0.0256837 0.0180705 -3.9719e-05 0.0128504 0.0145871 0.0155301 0.0229971 -0.0271374 0.02496 -0.0291409 0.0263696 -0.0284285
internal_weight=470.838 269.426 184.3 201.412 43.0742 85.1254 28.4274 82.2683 158.338 5.96578 152.372 172.822 11.4783 14.6467
internal_count=101070 91566 85668 9504 5211 5898 3134 5377 4293 803 3490 84519 1149 2077
is_linear=0
shrinkage=0.04


Tree=21
num_leaves=15
num_cat=0
split_feature=4 7 13 18 2 29 37 31 26 32 5 11 28 37
split_gain=69.0934 63.0322 10.8777 9.2867 14.5425 8.60627 8.21716 8.10318 9.657 5.68072 4.03289 3.59261 2.95734 2.92386
threshold=0.12951757758855822 -0.37533210217952723 1.1315961480140688 0.011260871309787037 0.05247007682919503 0.011628537904471161 1.5000000000000002 0.093476939442291629 -0.098459541797637926 0.97920988934993092 0.026666877791285518 0.089173361659050002 0.53196990489959728 1.5000000000000002
decision_type=2 2 2 2 2 2 2 2 2 2 2 2 2 2
left_child=1 5 7 9 -5 -1 -7 12 -9 -4 13 -12 -2 -3
right_child=2 10 3 4 -6 6 -8 8 -10 -11 11 -13 -14 -15
leaf_value=-0.059954622920548414 0.02066615273267447 -0.027671936598200594 0.010907394287586603 0.047929147781569682 -0.051062447572262422 0.017323030346048335 -0.037777397519504631 0.0111102523354019 -0.015512710240421806 0.033481437237263184 0.015325474665281436 -0.023492687095872482 0.054384354904734443 -0.040189925627089673
leaf_weight=2.5734676674474022 16.905101757030938 58.060961809082073 23.184317823441233 3.9077787779970077 6.0514132063835859 79.179894078450161 4.5809750190746845 66.094504593522288 32.528326275380095 77.322712124092504 4.4411649178800898 27.043382752701291 5.5211691993754348 61.452595916380233
leaf_count=518 727 32597 933 53 876 3486 1889 2748 4901 410 1012 12031 70 38819
internal_value=-1.79659e-09 -0.0151661 0.0155472 0.0246234 -0.0122202 0.0120958 0.0143095 0.00726443 0.00232932 0.0282742 -0.0307533 -0.0180171 0.0289673 -0.0341086
internal_weight=468.848 237.332 231.515 110.466 9.95919 86.3343 83.7609 121.049 98.6228 100.507 150.998 31.4845 22.4263 119.514
internal_count=101070 90352 10718 2272 929 5893 5375 8446 7649 1343 84459 13043 797 71416
is_linear=0
shrinkage=0.04


Tree=22
num_leaves=15
num_cat=0
split_feature=6 7 20 7 29 29 37 8 11 35 11 17 15 36
split_gain=64.2625 50.9546 17.1999 9.38383 17.4364 8.4464 7.995 6.31346 6.36084 6.19476 6.06791 4.53864 2.91836 2.17871
threshold=0.086412981152534499 -0.37533210217952723 0.032000227557173751 0.1953154653310776 0.013268734794110061 0.011628537904471161 1.5000000000000002 -0.10974901914596556 0.34073716402053839 -0.064347252249717699 0.080678686499595656 -0.0084547935985028726 75.979820251464858 0.29828681956341535
decision_type=2 2 2 2 2 2 2 2 2 2 2 2 2 2
left_child=1 5 9 4 11 -1 -7 12 -9 -3 -4 -2 -5 -6
right_child=3 2 10 7 13 6 -8 8 -10 -11 -12 -13 -14 -15
leaf_value=-0.059881660920416246 0.037182659603851947 0.046183944201126974 -0.034366761195668359 0.024001535543092162 -0.040955915847486514 0.01696766498804907 -0.038911544437151724 -0.029151692564355715 0.016261046511569295 -0.027357303805833171 -0.018890099617085113 0.0020341902352416508 0.039315633730103799 -0.014004248718707674
leaf_weight=2.538570776465348 17.724220043863173 7.0622654425023939 100.38445690007939 62.466836983861867 6.3736782453197547 81.364154844923178 4.3139445104825418 5.4983839427877674 48.155041756632272 2.4748981697193795 67.981978963514848 8.7947059387806785 29.225199412321672 19.42411407554755
leaf_count=521 198 202 57032 1268 1245 3491 1886 326 1202 1124 27310 338 172 4755
internal_value=1.23572e-09 -0.0128323 -0.0251575 0.0172766 0.00274986 0.0120236 0.0141541 0.0225055 0.0116072 0.0271 -0.0281177 0.0255261 0.0288826 -0.020663
internal_weight=463.782 266.12 177.904 197.662 52.3167 88.2167 85.6781 145.345 53.6534 9.53716 168.366 26.5189 91.692 25.7978
internal_count=101070 91566 85668 9504 6536 5898 5377 2968 1528 1326 84342 536 1440 6000
is_linear=0
shrinkage=0.04


Tree=23
num_leaves=15
num_cat=0
split_feature=6 7 5 28 33 8 12 3 34 8 29 20 9 4
split_gain=62.019 47.747 17.0522 9.07478 11.408 7.99346 7.87542 6.3676 5.28917 5.9904 4.84415 4.30354 2.39569 2.17444
threshold=0.086412981152534499 -0.37533210217952723 -0.13730859756469724 0.16808715462684634 0.89414928292046947 -0.10696391761302947 0.0042026103474199781 -0.047836000099778168 0.82815941629955958 -0.18331863731145856 0.010492360685020687 0.093386627906976757 4.5000000000000009 0.76117390394210827
decision_type=2 2 2 2 2 2 2 2 2 2 2 2 2 2
left_child=1 6 11 8 12 -6 -1 -8 9 -2 -4 -3 -5 -10
right_child=3 2 10 4 5 -7 7 -9 13 -11 -12 -13 -14 -15
leaf_value=-0.042722409684714406 0.033967701438517864 0.035061812149769035 -0.0057125184911625063 0.043912263239757436 0.022276618519001704 -0.0015609532758096803 0.017729917724999874 -0.016672039146330055 0.025626221858829325 -0.017038658031261283 -0.030193433059837661 -0.033052950147178108 -0.028313322420756192 0.04020442252605199
leaf_weight=4.1390021723636883 6.6435815603472284 9.0120571090301365 14.157641191384753 0.77849781961413 68.210112637098064 33.592344571385183 75.05679556683026 9.723799299245 37.192756399395876 8.2700438608881068 149.4451449011467 1.7766825889702875 13.090666562638942 29.240809042705223
leaf_count=1194 168 455 6120 66 1819 1519 3952 752 616 465 78399 694 4726 125
internal_value=2.56915e-10 -0.0127001 -0.0248629 0.0169734 0.00977422 0.0144108 0.011154 0.0137842 0.0272102 0.00568318 -0.0280749 0.0238447 -0.0242592 0.0320428
internal_weight=460.33 263.311 174.392 197.019 115.672 101.802 88.9196 84.7806 81.3472 14.9136 163.603 10.7887 13.8692 66.4336
internal_count=101070 91566 85668 9504 8130 3338 5898 4704 1374 633 84519 1149 4792 741
is_linear=0
shrinkage=0.04


Tree=24
num_leaves=15
num_cat=0
split_feature=32 7 7 30 12 36 14 14 18 35 29 26 26 29
split_gain=58.8462 49.4172 13.2252 13.0077 9.88167 10.6488 9.76298 8.28558 6.23225 5.33873 5.23667 3.41995 1.70369 1.42766
threshold=0.94152390163028477 -0.36488202214241022 0.25334367156028753 5.5000000000000009 0.078832373023033156 0.68728741496598655 0.044166253879666335 0.035054512321949012 -0.023680428974330422 -0.0036614617565646763 0.010492360685020687 -0.099697679281234727 -0.20925369858741757 0.010110457893460991
decision_type=2 2 2 2 2 2 2 2 2 2 2 2 2 2
left_child=1 4 10 7 5 -1 -6 8 -2 -9 -3 -4 -5 -14
right_child=3 2 11 12 6 -7 -8 9 -10 -11 -12 -13 13 -15
leaf_value=-0.017070552085061631 -0.065433809292924458 -0.0023190746019742222 0.027223834735052143 0.013159375575140074 0.045671863675439024 0.022189833820246842 0.0089536856253881886 0.023418670314329152 0.015409297634283795 0.0035418470495165934 -0.029884651369418678 -0.016222039591024112 0.012138396758707851 -0.060796745732451696
leaf_weight=28.480486148539057 3.1918717811640818 11.909682823577894 9.1776744480011967 0.71365973088541057 19.678312740674301 18.065186902647838 28.175029175225063 150.99559628705902 2.9228986483649342 25.233468998107128 148.70674270802556 4.2374436659156336 0.47903139307163556 4.1453331901866477
leaf_count=4266 574 5803 457 229 439 247 1808 2511 203 1273 81275 530 75 1380
internal_value=5.16564e-10 -0.0120137 -0.0246539 0.0171826 0.0112893 -0.00183291 0.024053 0.0189843 -0.0267903 0.0205726 -0.0278407 0.0135006 -0.0443641 -0.0532415
internal_weight=456.112 268.431 174.032 187.682 94.399 46.5457 47.8533 182.344 6.11477 176.229 160.616 13.4151 5.33802 4.62436
internal_count=101070 94825 88065 6245 6760 4513 2247 4561 777 3784 87078 987 1684 1455
is_linear=0
shrinkage=0.04


Tree=25
num_leaves=15
num_cat=0
split_feature=6 7 5 35 18 13 12 2 13 22 29 4 29 33
split_gain=54.1192 43.0085 14.9294 8.04804 9.76604 7.68543 8.10283 7.58232 6.7847 6.16684 4.74787 4.32463 3.70468 0.888164
threshold=0.086412981152534499 -0.37533210217952723 -0.13730859756469724 -0.0036614617565646763 -0.0075659367721527806 1.6815668940544131 0.078832373023033156 0.050438366830348975 0.99368163943290722 -0.076634671539068208 0.010492360685020687 0.52903982996940624 0.013509043026715519 0.94860790139760109
decision_type=2 2 2 2 2 2 2 2 2 2 2 2 2 2
left_child=1 5 12 8 13 6 -1 -6 9 -2 -4 -10 -3 -5
right_child=3 2 10 4 7 -7 -8 -9 11 -11 -12 -13 -14 -15
leaf_value=0.00058715135565769693 0.037214316504868956 0.044387791990818222 -0.0047401739403993004 -0.051242750236402998 0.035182657217422933 -0.057018480378357606 0.025199956207720645 -0.0052042676040023892 0.015035103415225631 -0.00017155584351972119 -0.029104837439898192 0.031643056484393334 -0.0033301359038460689 -0.10022397235644931
leaf_weight=43.712147360332892 8.7633962395484541 5.6404275161912647 14.042335310718043 1.0778934959962492 9.9800748077104782 2.6116786558995946 41.929041280964157 29.197193962463643 39.545805307025148 36.305321286970866 144.26141407301475 68.609247875661822 4.8344055667548673 1.3148361988132817
leaf_count=3889 188 174 6120 236 423 493 1516 4443 1539 2166 78399 400 975 109
internal_value=1.49791e-09 -0.0120516 -0.0238834 0.0159022 0.000292596 0.010576 0.0126373 0.00508396 0.0201371 0.00709795 -0.0269436 0.0255705 0.0223647 -0.0781586
internal_weight=451.825 257.031 168.779 194.794 41.57 88.2529 85.6412 39.1773 153.224 45.0687 158.304 108.155 10.4748 2.39273
internal_count=101070 91566 85668 9504 5211 5898 5405 4866 4293 2354 84519 1939 1149 345
is_linear=0
shrinkage=0.04


Tree=26
num_leaves=15
num_cat=0
split_feature=33 7 32 12 14 36 30 29 3 25 5 1 29 29
split_gain=52.7851 47.1365 11.0397 9.93451 10.1333 10.0437 6.48532 6.0868 5.06433 7.31131 5.03227 3.06195 2.98603 1.34705
threshold=0.94517657938847477 -0.36002960801124567 0.85644261043793546 0.078832373023033156 0.044166253879666335 0.70000000000000007 5.5000000000000009 0.013364522717893125 0.24012112617492679 -0.014997065067291258 0.081675142049789443 0.035364292562007911 0.02286629565060139 0.010110457893460991
decision_type=2 2 2 2 2 2 2 2 2 2 2 2 2 2
left_child=1 3 11 5 -5 -1 8 -4 9 -2 -10 -3 13 -8
right_child=6 2 7 4 -6 -7 12 -9 10 -11 -12 -13 -14 -15
leaf_value=-0.017401150788704023 0.014535716676897889 -0.032309401667531927 0.0097537800156552393 0.042863947300171255 0.0077842297412759887 0.021550495066860461 0.014780554345200522 -0.019236362640235094 0.029905498548343561 -0.028298408444430902 0.012351458912889888 -0.017572385957986745 0.011484262403186656 -0.059489193715144988
leaf_weight=27.711230306100333 46.570022934116423 102.27445791280479 20.706646570703015 23.261261402163655 30.38625028959359 17.144436970935203 0.45249032950960044 26.31406938409782 72.309913648176007 7.3871757521119426 40.913748265360482 28.941329517780105 2.1139513926464133 2.8628676759835798
leaf_count=4502 1926 64620 2763 489 1956 244 75 7166 736 876 760 13407 348 1202
internal_value=1.25848e-09 -0.0108273 -0.0230997 0.011379 0.0229946 -0.00251331 0.017359 -0.00646989 0.0187563 0.00867138 0.0235623 -0.029059 -0.0256652 -0.0493526
internal_weight=449.35 276.74 178.237 98.5032 53.6475 44.8557 172.61 47.0207 167.181 53.9572 113.224 131.216 5.42931 3.31536
internal_count=101070 95147 87956 7191 2445 4746 5923 9929 4298 2802 1496 78027 1625 1277
is_linear=0
shrinkage=0.04


Tree=27
num_leaves=15
num_cat=0
split_feature=6 7 5 29 37 28 33 5 29 34 8 20 9 4
split_gain=48.1193 42.3915 14.1442 7.26177 7.20993 6.90933 9.06174 7.04193 4.77893 4.05327 5.37341 3.53697 2.25991 2.01648
threshold=0.086412981152534499 -0.37533210217952723 -0.13730859756469724 0.011628537904471161 1.5000000000000002 0.16808715462684634 0.89414928292046947 0.081675142049789443 0.010492360685020687 0.82815941629955958 -0.10974901914596556 0.093386627906976757 4.5000000000000009 0.57985761761665355
decision_type=2 2 2 2 2 2 2 2 2 2 2 2 2 2
left_child=1 3 11 -1 -5 9 12 -8 -4 10 -2 -3 -7 -11
right_child=5 2 8 4 -6 6 7 -9 -10 13 -12 -13 -14 -15
leaf_value=-0.057700096344832121 0.022052960633438982 0.032518196633556685 -0.0041659021755332624 0.015162814212461699 -0.037051603671636076 0.04221953346117828 0.019258705927789759 -0.0050508332900327316 -0.028802509570062928 0.020225342045734746 -0.030279523187196618 -0.030628871573309679 -0.026259835103904144 0.03455790543046041
leaf_weight=2.4223411779385051 9.6064327839412709 8.5236111085396242 13.846682341885751 83.197649583918974 4.457989575515966 0.82136381993768637 73.598587384563871 25.731850034033414 139.65392283882829 27.159715112589765 4.6630976732121772 1.7027119408594433 12.5914285928593 37.242935089860111
leaf_count=521 316 455 6120 3491 1886 66 2021 1317 78399 538 317 694 4726 203
internal_value=-5.46694e-10 -0.0114201 -0.0235456 0.0106193 0.0125073 0.0151424 0.0087941 0.0129612 -0.0265801 0.0242399 0.00495138 0.022004 -0.0220663 0.0285136
internal_weight=445.22 253.805 163.727 90.078 87.6556 191.415 112.743 99.3304 153.501 78.6722 14.2695 10.2263 13.4128 64.4027
internal_count=101070 91566 85668 5898 5377 9504 8130 3338 84519 1374 633 1149 4792 741
is_linear=0
shrinkage=0.04


Tree=28
num_leaves=15
num_cat=0
split_feature=33 7 4 32 3 29 3 26 34 9 0 14 8 7
split_gain=45.1977 44.3431 10.2569 9.21225 9.1346 5.85821 5.56233 7.72606 5.70173 5.36695 8.37717 4.19208 3.41475 2.84715
threshold=0.94517657938847477 -0.36002960801124567 -0.16521882265806195 0.85644261043793546 -1.0000000180025095e-35 0.013364522717893125 0.24012112617492679 -0.064367383718490587 0.39587585034013612 27.500000000000004 0.094553578644990935 0.048439644277095802 -0.36016061902046198 -0.20886164903640744
decision_type=2 2 2 2 2 2 2 2 2 2 2 2 2 2
left_child=1 2 4 13 -1 -5 7 8 -2 10 -8 -4 -9 -3
right_child=6 3 11 5 -6 -7 9 12 -10 -11 -12 -13 -14 -15
leaf_value=0.006132554870650243 -0.04396051007579381 -0.019764234408454397 0.041138025620967265 0.0090088255826105117 -0.064195954582308354 -0.019872742908854629 0.020080150599023506 0.016691042884799872 0.013892678433899328 0.034060884873074418 -0.021012610937925259 0.00666317724521206 -0.059967444939015672 -0.032339524396999393
leaf_weight=67.998470535327215 2.8935101080278391 44.303319947066484 20.380314654030375 20.338010009611025 3.0891685751266769 25.110428001440596 69.48099701188039 1.2279077802086247 46.987669690832263 35.885445209452882 8.9613023882266116 7.8046060271444722 3.8287169327959409 82.355831078981282
leaf_count=5851 1180 26330 490 2763 419 7166 1103 42 2232 312 335 431 719 51697
internal_value=3.12121e-10 -0.0101174 0.0111723 -0.0223974 0.00307637 -0.00694835 0.016221 0.00576072 0.0105367 0.0212475 0.0153857 0.0315917 -0.0413523 -0.0279409
internal_weight=440.646 271.38 99.2726 172.108 71.0876 45.4484 169.266 54.9378 49.8812 114.328 78.4423 28.1849 5.05662 126.659
internal_count=101070 95147 7191 87956 6270 9929 5923 4173 3412 1750 1438 921 761 78027
is_linear=0
shrinkage=0.04


Tree=29
num_leaves=14
num_cat=0
split_feature=33 7 4 30 32 29 14 22 12 12 33 12 7
split_gain=40.7573 43.4472 9.69966 8.37914 8.0966 5.56342 5.4272 5.94689 5.56952 8.4934 5.1667 4.30482 2.90352
threshold=0.94517657938847477 -0.36002960801124567 -0.16521882265806195 4.5000000000000009 0.85644261043793546 0.013364522717893125 0.069191917777061476 -0.18246159702539441 0.39849366247653967 0.63680425286293041 0.98443556201550397 0.078832373023033156 -0.20740784704685208
decision_type=2 2 2 2 2 2 2 2 2 2 2 2 2
left_child=1 2 3 -1 12 -6 7 -2 -8 -10 -9 -4 -3
right_child=6 4 11 -5 5 -7 8 10 9 -11 -12 -13 -14
leaf_value=0.0073507093210323331 0.044169241778651183 -0.019054587992460351 -0.0021518631930795653 -0.043394376115500802 0.0083932523641873889 -0.020102034120682354 0.044811162950169278 0.0097628352617097746 -0.018664575482905826 0.02142138873438916 -0.017307315022373173 0.037758205465212399 -0.031807981449540196
leaf_weight=63.937465920724208 5.8384479782544068 44.442050892685074 5.2672348659834851 5.6678546236653338 19.852123688848224 24.482006177277071 13.584163835272191 37.715318207483506 9.3979461885173787 84.46776948630577 16.095463732664939 24.15379021782428 79.9362977243145
leaf_count=4511 39 26725 392 1759 2763 7166 92 2886 394 1313 1199 529 51302
internal_value=1.35518e-10 -0.00967454 0.0113576 0.00321861 -0.0220194 -0.00734229 0.0155013 0.00582604 0.0208723 0.0174079 0.00166582 0.0306131 -0.027251
internal_weight=434.838 267.739 99.0263 69.6053 168.712 44.3341 167.099 59.6492 107.45 93.8657 53.8108 29.421 124.378
internal_count=101070 95147 7191 6270 87956 9929 5923 4124 1799 1707 4085 921 78027
is_linear=0
shrinkage=0.04


Tree=30
num_leaves=15
num_cat=0
split_feature=6 7 5 12 12 7 38 16 29 37 7 29 7 29
split_gain=37.9987 35.6105 12.08 7.18784 6.06069 8.42466 6.76783 6.1093 5.91666 5.03459 3.31421 3.02527 1.52679 3.7408
threshold=0.092001423239707961 -0.37533210217952723 -0.13730859756469724 0.017604526132345203 0.39510703086853033 0.1953154653310776 0.97385509227614497 0.097167584579071611 0.010492360685020687 1.5000000000000002 -0.48652875423431391 0.013509043026715519 0.13789179176092151 0.013086313381791117
decision_type=2 2 2 2 2 2 2 2 2 2 2 2 2 2
left_child=1 3 11 10 12 7 -7 -6 -4 -5 -1 -3 13 -2
right_child=4 2 8 9 5 6 -8 -9 -10 -11 -12 -13 -14 -15
leaf_value=0.0027621597218709993 0.040217453511631772 0.042538097902368552 -0.00026742926426850613 0.015938193687754978 0.024907383451468874 0.021860418509431198 0.001430539699018559 -0.015331180267411414 -0.027064377877380752 -0.033768290635668136 -0.042918540775583852 -0.0020931181517065546 0.046910729199301712 -0.011855119287815335
leaf_weight=4.7315328590048011 7.3190565326949599 5.1614763772813586 14.621956484799737 77.136222562054172 7.8080216145608565 91.798578515357804 36.165011178702116 26.617182219750248 133.99473274021875 3.4041877335403106 5.4893391202785988 4.591806734126294 9.0966724221361783 3.1604825711692683
leaf_count=583 86 174 6131 2567 419 2150 771 4960 78778 1344 1409 976 22 700
internal_value=-2.16825e-10 -0.0101493 -0.0215978 0.00982724 0.0138956 0.011361 0.0160865 -0.00620462 -0.0244279 0.0138373 -0.0217716 0.0215259 0.0349208 0.0245131
internal_weight=431.096 249.131 158.37 90.7613 181.965 162.389 127.964 34.4252 148.617 80.5404 10.2209 9.75328 19.5762 10.4795
internal_count=101070 91962 86059 5903 9108 8300 2921 5379 84909 3911 1992 1150 808 786
is_linear=0
shrinkage=0.04


Tree=31
num_leaves=15
num_cat=0
split_feature=32 7 30 4 30 21 13 22 14 8 12 15 15 29
split_gain=37.0952 42.4312 8.52348 7.77087 6.88058 6.0379 8.31661 4.62643 3.61016 3.26675 3.04506 2.8317 1.77838 0.99243
threshold=0.90792226381854235 -0.37533210217952723 5.5000000000000009 -0.16521882265806195 4.5000000000000009 0.17192118226600989 0.99368163943290722 0.052395261824131019 0.038743041455745704 -0.032510161399841302 0.087725013494491591 2.9595530033111577 65.857223510742202 0.010110457893460991
decision_type=2 2 2 2 2 2 2 2 2 2 2 2 2 2
left_child=1 3 5 4 -1 12 -7 11 -9 13 -5 -3 -2 -4
right_child=2 7 9 10 -6 6 -8 8 -10 -11 -12 -13 -14 -15
leaf_value=0.0066393417319452787 0.02511644699555109 0.0016319299295705241 0.0061669368037254903 0.0040925630981764648 -0.042232480379318579 -0.0013255991577383604 0.017793743368334052 -0.032263437453148518 -0.00241071904101891 0.021809380859690256 0.03687180607959905 -0.030159196545115594 0.047476881393240029 -0.049562704428060593
leaf_weight=62.482830227236263 21.141305882076271 4.6865400915849014 0.56810188048984844 5.9414478585822534 4.9763175175175993 55.127061614912236 107.16507400202681 9.2126521981845162 21.863707756390795 1.5333531890646543 19.146850992750842 103.14732148640906 7.7871225643903008 5.1103843571327161
leaf_count=3774 590 2784 120 351 1485 3563 2881 5706 9136 166 331 67791 32 2360
internal_value=1.67522e-09 -0.0108795 0.0126902 0.0101027 0.00303417 0.0143002 0.0112993 -0.0248587 -0.0112606 -0.0299978 0.029109 -0.0287775 0.0311356 -0.0439873
internal_weight=429.89 231.458 198.432 92.5474 67.4591 191.221 162.292 138.91 31.0764 7.21184 25.0883 107.834 28.9284 5.67849
internal_count=101070 91358 9712 5941 5259 7066 6444 85417 14842 2646 682 70575 622 2480
is_linear=0
shrinkage=0.04


Tree=32
num_leaves=15
num_cat=0
split_feature=6 8 4 33 14 35 32 7 37 7 6 14 8 4
split_gain=33.7803 32.7398 9.17974 10.1059 9.06558 6.37911 10.099 6.72565 5.90459 6.92428 5.60141 4.95392 4.84857 4.69064
threshold=0.092001423239707961 -0.4505679309368133 -0.10832447558641432 0.025370092254880929 0.083635859191417708 -0.0036614617565646763 0.98449519230769245 0.32965984940528875 2.5000000000000004 0.038978857919573791 0.026584777049720291 0.052371244877576835 -0.63988420367240895 0.57985761761665355
decision_type=2 2 2 2 2 2 2 2 2 2 2 2 2 2
left_child=1 2 3 -1 10 8 7 -7 13 -10 -3 -8 -4 -2
right_child=5 4 12 -5 -6 6 11 -9 9 -11 -12 -13 -14 -15
leaf_value=0.01780707890841465 0.010014847021413016 -0.030607093718626483 -0.031173943335454288 -0.01020877513937707 0.010897209956541715 -0.012644531663009977 0.0056424411372594718 0.02331049308149569 0.017576752666285767 -0.074676856620905313 -0.008477758618286993 -0.068960202912844534 0.033318864670889535 0.025153498454401093
leaf_weight=32.685075398796471 56.377777500019874 97.783077371044783 2.0357680047163766 55.720906732603908 11.372986744099761 14.49519238056382 2.0632598529336965 19.552135400124826 2.8583715054555787 2.390365402912721 22.515235671569826 4.5977880264399573 22.252734675363172 78.12953718600329
leaf_count=1460 2611 63234 176 14350 3143 3914 93 594 322 443 7925 397 1674 734
internal_value=1.77682e-10 -0.00969303 0.00613301 0.000149125 -0.0232382 0.0131253 -0.000809111 0.00800312 0.0171841 -0.0244371 -0.0264653 -0.045852 0.0279133 0.0188082
internal_weight=424.83 244.366 112.694 88.406 131.671 180.464 40.7084 34.0473 139.756 5.24874 120.298 6.66105 24.2885 134.507
internal_count=101070 91962 17660 15810 74302 9108 4998 4508 4110 765 71159 490 1850 3345
is_linear=0
shrinkage=0.04


Tree=33
num_leaves=15
num_cat=0
split_feature=6 8 4 33 14 12 14 7 29 9 13 20 15 10
split_gain=31.6685 31.4339 9.15729 8.88694 8.50115 6.20638 7.75276 8.18289 5.57478 4.7919 3.74118 2.87681 1.41784 1.93971
threshold=0.092001423239707961 -0.4505679309368133 -0.10832447558641432 0.025370092254880929 0.083635859191417708 0.39510703086853033 0.14378591626882556 0.1953154653310776 0.011628537904471161 17.500000000000004 0.62695479393005382 0.093386627906976757 73.061058044433608 0.2460383474826813
decision_type=2 2 2 2 2 2 2 2 2 2 2 2 2 2
left_child=1 2 3 -1 8 12 7 -7 -3 -8 -4 -6 13 -2
right_child=5 4 10 -5 11 6 9 -9 -10 -11 -12 -13 -14 -15
leaf_value=0.016220539296490987 0.034144542548313776 -0.0091736785401303582 0.037385334341858034 -0.0099911700707167993 0.033246341732679457 -0.0057037592469361556 -0.074665297336232922 0.016838401509833904 -0.030502397516766169 -0.0043310540747661655 0.0035706383555031613 -0.0072366426683679362 0.046575137542762476 -0.0058840431917137771
leaf_weight=33.315181185083929 8.1605828460305947 24.812461089459248 17.624778593279192 54.636715732543962 4.8950817462755349 32.789973171718884 2.6051516690640701 120.26838926802156 93.466607954876963 3.8261115649947897 7.4469583267346016 6.5891170965624042 8.4337054698262346 2.5397606707410878
leaf_count=1460 363 11370 846 14350 342 5181 286 2726 59789 107 1004 2801 134 311
internal_value=-1.14351e-09 -0.00940542 0.00601648 -6.24718e-05 -0.0228379 0.0127839 0.0102014 0.0120092 -0.0260281 -0.0328218 0.0273415 0.010019 0.0343104 0.0246436
internal_weight=421.411 242.787 113.024 87.9519 129.763 178.624 159.49 153.058 118.279 6.43126 25.0717 11.4842 19.134 10.7003
internal_count=101070 91962 17660 15810 74302 9108 8300 7907 71159 393 1850 3143 808 674
is_linear=0
shrinkage=0.04


Tree=34
num_leaves=15
num_cat=0
split_feature=32 7 4 15 8 9 4 22 14 14 15 29 34 34
split_gain=30.5353 37.4666 7.63241 7.12837 7.10385 6.83607 6.61043 3.98684 2.9967 2.8915 2.86862 1.17059 0.792645 0.388451
threshold=0.90792226381854235 -0.37533210217952723 -0.16521882265806195 35.655130386352546 -0.3446612805128097 12.500000000000002 0.57985761761665355 0.052395261824131019 0.048439644277095802 0.038743041455745704 2.9595530033111577 0.012410670518875124 0.78198308783415171 0.6507392911502502
decision_type=2 2 2 2 2 2 2 2 2 2 2 2 2 2
left_child=1 2 5 12 11 -1 -6 10 -4 -9 -3 -5 13 -2
right_child=3 7 8 4 6 -7 -8 9 -10 -11 -12 -13 -14 -15
leaf_value=0.0059460869356687297 -0.044326849334246604 0.003608436229855916 0.035896906535568748 0.04119362370759623 0.0010367531570454449 -0.043602604521932112 0.017151446396788467 -0.030364207186293294 0.0048714681911027338 -0.0030820890769535946 -0.028850292205478176 0.024466960390494143 -0.073030079997560796 -0.0052175791665590903
leaf_weight=61.239356332400348 1.2766953445097891 4.5594623106298959 19.344140548957515 11.401205861358905 78.14403212495381 4.8046897394233374 85.066374857793562 8.714888237765992 6.7086021401919416 21.67416230487288 97.826403146609664 16.21523653290933 1.248017046076711 0.59606061968952406
leaf_count=4578 655 2784 367 96 6487 681 1674 5706 315 9136 67791 422 275 103
internal_value=6.04994e-10 -0.0100305 0.00957377 0.0116298 0.0126105 0.00234143 0.00943584 -0.0236286 0.0279078 -0.010906 -0.0274048 0.0313724 -0.0483357 -0.0318792
internal_weight=418.819 224.872 92.0968 193.948 190.827 66.044 163.21 132.775 26.0527 30.3891 102.386 27.6164 3.12077 1.87276
internal_count=101070 91358 5941 9712 8679 5259 8161 85417 682 14842 70575 518 1033 758
is_linear=0
shrinkage=0.04


Tree=35
num_leaves=14
num_cat=0
split_feature=30 32 7 4 16 21 34 10 6 4 34 14 27
split_gain=29.0885 18.9395 24.5225 8.01061 6.87852 5.99402 5.87215 5.66114 4.24853 2.99031 2.64898 0.699035 0.396186
threshold=5.5000000000000009 0.9358043467595546 -0.36488202214241022 -0.16521882265806195 0.67401485788113702 0.17192118226600989 0.50101214574898789 0.2278942093253136 0.026584777049720291 -0.26740254461765284 0.62004366812227085 0.098580770194530501 0.37517923116683966
decision_type=2 2 2 2 2 2 2 2 2 2 2 2 2
left_child=1 2 3 -1 5 -3 -6 11 -4 -9 -11 12 -2
right_child=7 4 8 -5 6 -7 -8 9 -10 10 -12 -13 -14
leaf_value=0.0024536939583702515 -0.04134469156511892 0.032153663000192373 -0.022589180844018193 0.027660910492223061 0.023975490928813691 0.011476889420171941 -0.057155811710535548 0.10272211346318236 -0.0054759086161561979 0.043191934776927655 -0.030805239061237721 0.034950588044696709 -0.032192510316023604
leaf_weight=65.652476164221298 23.693074943614192 26.84269603411667 78.052772066846956 29.117644476238638 2.2264561850461169 136.52617131237639 3.9771151398308575 0.52139119032654013 33.034556425991468 1.3087363802478642 1.894610285235103 0.20900574396364291 11.119494891638167
leaf_count=5392 17112 441 51620 799 116 4145 351 192 10573 151 764 84 9330
internal_value=9.1388e-11 0.00340549 -0.00474858 0.0101985 0.0133044 0.0148742 -0.0280379 -0.0329972 -0.0175001 0.0138859 -0.000573483 -0.0379835 -0.0384214
internal_weight=414.176 375.43 205.857 94.7701 169.572 163.369 6.20357 38.7463 111.087 3.72474 3.20335 35.0216 34.8126
internal_count=101070 73437 68384 6191 5053 4586 467 27633 62193 1107 915 26526 26442
is_linear=0
shrinkage=0.04


Tree=36
num_leaves=15
num_cat=0
split_feature=30 32 7 12 10 21 13 6 4 34 32 26 34 25
split_gain=25.6438 17.2268 22.0776 7.82613 6.92359 5.89694 9.40699 3.97249 2.2396 2.95699 2.09476 0.661651 2.36212 0.339781
threshold=5.5000000000000009 0.9358043467595546 -0.36488202214241022 0.078832373023033156 0.2278942093253136 0.17192118226600989 1.1315961480140688 0.026584777049720291 -0.26740254461765284 0.62004366812227085 0.96588470631023837 -0.20876434445381162 0.90792226381854235 -0.0040994584560394278
decision_type=2 2 2 2 2 2 2 2 2 2 2 2 2 2
left_child=1 2 3 -1 11 10 -7 -4 -6 -10 -3 12 -2 -13
right_child=4 5 7 -5 8 6 -8 -9 9 -11 -12 13 -14 -15
leaf_value=-0.003081443134319337 -0.033828773117710424 0.040404509360324282 -0.021873785223809495 0.019985154203874384 0.090713367207560902 -0.0022262962293568955 0.018552498515142027 -0.0052253875840694054 0.044555908095837683 -0.029209077574622072 0.018106071134538947 -0.04230568824577105 0.058969704707249937 -0.033175959603462223
leaf_weight=43.190476378891617 3.3979471256607208 14.14275915164035 76.524478902865667 51.711536558170337 0.57976843378855836 62.393471299321391 78.997050010744715 32.744030995847424 1.6554209576861461 1.8314608046202918 12.879099194833541 20.2052788582223 0.50396688884939056 9.6313746164378262
leaf_count=4115 3233 234 51620 2076 192 3042 1547 10573 151 764 230 15007 259 8027
internal_value=-1.16193e-09 0.00318507 -0.00462656 0.00948741 -0.0313899 0.0126553 0.00938313 -0.0168848 0.0179155 0.00581135 0.0297767 -0.0373329 -0.021843 -0.0393586
internal_weight=410.388 372.583 204.171 94.902 37.8052 168.412 141.391 109.269 4.06665 3.48688 27.0219 33.7386 3.90191 29.8367
internal_count=101070 73437 68384 6191 27633 5053 4589 62193 1107 915 464 26526 3492 23034
is_linear=0
shrinkage=0.04


Tree=37
num_leaves=15
num_cat=0
split_feature=11 33 20 29 35 18 4 13 13 32 6 18 29 35
split_gain=23.2324 22.8061 13.1942 12.1224 11.993 9.80887 5.4642 9.64143 5.51358 4.89262 4.61678 4.59035 4.25402 3.5524
threshold=0.1384999752044678 0.066954946204423202 0.032000227557173751 0.016872017644345764 -0.0036614617565646763 -0.0075659367721527806 0.57985761761665355 1.6503182053565981 0.8797365427017213 0.98449519230769245 -0.26931938529014582 -0.12593872845172879 0.010410954244434835 -0.05185254663228988
decision_type=2 2 2 2 2 2 2 2 2 2 2 2 2 2
left_child=1 3 13 11 6 -6 7 -2 -8 -7 -5 -1 -4 -3
right_child=4 2 12 10 5 9 8 -9 -10 -11 -12 -13 -14 -15
leaf_value=0.032934096323088254 0.010765300993348013 0.039275214301710264 -0.00059907762858131108 -0.028837495067480561 -0.070137327839662283 0.0010901603321704439 -0.00090736916690328578 -0.043423711608889283 0.027113238093380367 -0.037990569174807171 0.026212819742644378 -0.033743735949514166 -0.026546257426990169 -0.032149763590056682
leaf_weight=1.9655255204997946 84.760962094616843 7.0581969122285955 11.210981123615054 2.6150049250863949 3.6042579874338108 58.65540508570848 13.745260984287595 5.6004906722228034 61.538439590600319 5.6162647883174932 35.903155921958387 10.355551121989263 102.91758582509647 1.3229766934819034
leaf_count=102 8469 291 4384 467 1026 13010 398 1472 470 481 1967 2417 65329 787
internal_value=-9.53141e-10 -0.0110938 -0.0204401 0.0114284 0.00823524 -0.00592573 0.0140379 0.00740673 0.0219972 -0.00232484 0.0224754 -0.0231069 -0.0239974 0.0280007
internal_weight=406.87 173.349 122.51 50.8392 233.521 67.8759 165.645 90.3615 75.2837 64.2717 38.5182 12.3211 114.129 8.38117
internal_count=101070 75744 70791 4953 25326 14517 10809 9941 868 13491 2434 2519 69713 1078
is_linear=0
shrinkage=0.04


Tree=38
num_leaves=14
num_cat=0
split_feature=30 33 7 4 10 38 3 15 8 4 34 14 27
split_gain=21.8539 14.0278 19.2966 8.05713 7.50143 6.57821 4.50941 5.68013 4.25871 2.07371 2.80945 0.697481 0.440258
threshold=5.5000000000000009 0.94517657938847477 -0.36002960801124567 -0.10832447558641432 0.2278942093253136 0.016807909604519777 0.24012112617492679 61.424129486083991 -0.076969768851995454 -0.28011071681976313 0.62004366812227085 0.098580770194530501 0.37517923116683966
decision_type=2 2 2 2 2 2 2 2 2 2 2 2 2
left_child=1 2 3 -1 11 -4 7 -3 -8 -6 -11 12 -2
right_child=4 6 5 -5 9 -7 8 -9 -10 10 -12 -13 -14
leaf_value=0.0025715289972948795 -0.040037307907957141 0.0077858949691291717 0.042594467977997534 0.028261896377627108 0.088045728960967878 -0.015839781832759751 0.021806762342967013 -0.032285741536792381 0.0028385422976164943 0.04384632497796883 -0.026698108261597395 0.033998494565761109 -0.029957744741426109
leaf_weight=70.964968957967358 21.483307877642808 39.699881173990434 3.1660978872387195 26.950502851279452 0.61879483377560962 116.63589195231907 76.767113727633841 6.6009044329402959 25.14072082657367 1.8180724863486823 1.7951411815593017 0.22431436306214791 10.237251126294721
leaf_count=5982 17112 2312 207 608 173 62342 937 490 559 153 781 84 9330
internal_value=-1.74432e-10 0.00293207 -0.00352966 0.00964261 -0.0296576 -0.0142955 0.0124243 0.00207305 0.0171273 0.0203854 0.00879796 -0.0362873 -0.0367843
internal_weight=402.103 365.926 217.717 97.9155 36.1769 119.802 148.209 46.3008 101.908 4.23201 3.61321 31.9449 31.7206
internal_count=101070 73437 69139 6590 27633 62549 4298 2802 1496 1107 934 26526 26442
is_linear=0
shrinkage=0.04


Tree=39
num_leaves=15
num_cat=0
split_feature=11 8 29 33 35 4 35 11 13 26 26 0 13 13
split_gain=20.4487 21.6638 8.00963 8.65637 7.92035 7.35804 10.175 7.2442 6.53514 6.24834 4.73856 4.34918 5.13086 3.50622
threshold=0.22979746013879779 -0.4505679309368133 0.011628537904471161 0.97920988934993092 0.011412006337195637 -0.10832447558641432 0.022627397440373901 0.5534750521183015 1.1024336814880373 -0.056571900844573968 -0.11283147335052489 0.13335958123207095 0.99368163943290722 1.3047788739204409
decision_type=2 2 2 2 2 2 2 2 2 2 2 2 2 2
left_child=1 5 3 -3 11 6 -1 9 -9 -6 -4 12 -2 -13
right_child=4 2 10 -5 7 -7 -8 8 -10 -11 -12 13 -14 -15
leaf_value=-0.012644977890578871 0.0044684274945040424 0.0041831987425187817 -0.01586921357187935 -0.085166191181966056 -0.040156752110969654 0.024972191581816044 0.018417384484965198 0.020651815252135868 -0.032768100173418239 0.010715186892752694 -0.033856585521456053 -0.039829118228864736 0.021983500071103296 0.0068310292548911435
leaf_weight=42.854029615540639 38.302649716846645 28.317016275774225 46.224651553988224 1.8481200339156192 12.463981618027903 24.631908564682817 27.830014029343147 17.796368577401157 4.6141168459726023 5.5980714221368535 47.526135493215406 3.8975035382900369 88.799324075022014 7.6036472319974564
leaf_count=12288 2802 11263 27921 268 4740 1651 1348 1558 1158 768 31373 279 3069 584
internal_value=-1.56294e-09 -0.00819125 -0.0192192 -0.00129095 0.0100281 0.00614567 -0.000414976 -0.00553949 0.00965314 -0.0243897 -0.0249878 0.0145738 0.0167053 -0.00898114
internal_weight=398.308 219.232 123.916 30.1651 179.076 95.316 70.684 40.4725 22.4105 18.0621 93.7508 138.603 127.102 11.5012
internal_count=101070 86112 70825 11531 14958 15287 13636 8224 2716 5508 59294 6734 5871 863
is_linear=0
shrinkage=0.04


Tree=40
num_leaves=15
num_cat=0
split_feature=11 33 20 29 35 18 37 7 7 13 29 13 6 35
split_gain=19.1777 20.0497 11.2146 10.5817 9.2647 8.09077 5.0948 5.15147 4.5641 4.28704 4.26584 3.85041 3.82309 2.93207
threshold=0.1384999752044678 0.066954946204423202 0.032000227557173751 0.016872017644345764 -0.0036614617565646763 -0.0075659367721527806 2.5000000000000004 0.038978857919573791 -0.47050967812538141 0.75831514596939098 0.010410954244434835 1.6503182053565981 -0.26931938529014582 -0.05185254663228988
decision_type=2 2 2 2 2 2 2 2 2 2 2 2 2 2
left_child=1 3 13 8 6 -6 11 -8 -1 -7 -4 -2 -5 -3
right_child=4 2 10 12 5 9 7 -9 -10 -11 -12 -13 -14 -15
leaf_value=0.0051894914019939252 0.01595336177891659 0.036764735513875907 -0.00035117067856751683 -0.02657055394913518 -0.066822701080168814 0.015251832220784316 0.0028010223224244645 -0.071383103512028492 -0.043706786926920017 -0.0081332609579189159 -0.025588547204678132 -0.0084720165397081468 0.024357726708406521 -0.030130915412250533
leaf_weight=5.5815098239690979 143.84181649144739 6.7348181813431438 12.053588167997075 2.5239714314229778 3.221666422992711 17.146899945044424 4.6701695825031484 2.2047889864188619 6.7460411085630767 46.714778972353088 96.573380018671742 11.124947795207843 35.94973834900884 1.2415981005033234
leaf_count=435 7611 291 4384 467 1026 2508 1524 507 2084 10983 65329 1167 1967 787
internal_value=6.50466e-11 -0.0102895 -0.0194266 0.010683 0.00752431 -0.00497444 0.012705 -0.0209897 -0.0215682 -0.00185435 -0.0227881 0.0141999 0.0210167 0.0263518
internal_weight=396.33 167.405 116.603 50.8013 228.925 67.0833 161.842 6.87496 12.3276 63.8617 108.627 154.967 38.4737 7.97642
internal_count=101070 75744 70791 4953 25326 14517 10809 2031 2519 13491 69713 8778 2434 1078
is_linear=0
shrinkage=0.04


Tree=41
num_leaves=15
num_cat=0
split_feature=11 33 20 29 35 18 18 4 13 13 32 29 1 28
split_gain=18.5821 18.5592 9.43441 9.19616 8.25581 6.11437 4.71775 4.6262 8.99619 4.33673 4.02985 3.86746 3.50389 2.74831
threshold=0.1384999752044678 0.062630753138075326 0.032000227557173751 0.016872017644345764 -0.0036614617565646763 -0.0075659367721527806 -0.12593872845172879 0.57985761761665355 1.6503182053565981 0.8797365427017213 0.98449519230769245 0.010410954244434835 -0.12462304532527922 0.16808715462684634
decision_type=2 2 2 2 2 2 2 2 2 2 2 2 2 2
left_child=1 3 13 6 7 -6 -1 8 -2 -9 -7 -4 -5 -3
right_child=4 2 11 12 5 10 -8 9 -10 -11 -12 -13 -14 -15
leaf_value=0.032049262141755241 0.0092079345912570738 -0.025422509520211096 -0.00077262204373490918 -0.023700399532564757 -0.06150215504326946 0.0011415002792372953 -0.032776345888974726 -0.00095998149418205015 -0.046268449893161354 0.024355631404630814 -0.034879277914666038 -0.024737498871340722 0.023621431367820862 0.035714604784721223
leaf_weight=2.2159059468540354 85.212345703301253 1.4543028329062497 12.140375014336312 2.7001207207504185 2.8804671242251052 58.397783637687098 9.4841314055956882 13.245650981669312 4.948548136977478 59.291682537295856 5.4315924714319399 95.763053720293101 34.380002620368032 6.1577527542831376
leaf_count=90 8469 543 4411 380 1026 13010 2250 398 1472 470 481 65612 1903 555
internal_value=5.1343e-10 -0.0102687 -0.019005 0.0104197 0.00735412 -0.00449625 -0.0204988 0.012213 0.00616307 0.0197329 -0.00192371 -0.0220412 0.0201755 0.0240342
internal_weight=393.704 164.296 115.515 48.7802 229.408 66.7098 11.7 162.698 90.1609 72.5373 63.8294 107.903 37.0801 7.61206
internal_count=101070 75744 71121 4623 25326 14517 2340 10809 9941 868 13491 70023 2283 1098
is_linear=0
shrinkage=0.04


Tree=42
num_leaves=15
num_cat=0
split_feature=30 37 32 10 18 11 10 29 7 32 16 15 27 27
split_gain=17.2862 10.6647 20.4538 8.44519 6.40293 5.7136 7.60536 4.79392 3.69053 2.36717 1.85779 1.1538 0.589938 1.51213
threshold=5.5000000000000009 1.5000000000000002 0.97920988934993092 0.2131970748305321 -0.074211202561855302 1.0701027512550356 0.43919441103935247 0.010410954244434835 0.53869372606277477 0.91075620389000689 0.72821969696969713 72.181430816650405 0.37517923116683966 0.44227892160415655
decision_type=2 2 2 2 2 2 2 2 2 2 2 2 2 2
left_child=1 5 7 12 -4 6 -1 -3 -7 10 -5 -11 -2 -14
right_child=3 2 4 9 -6 8 -8 -9 -10 11 -12 -13 13 -15
leaf_value=0.0061291080661211297 -0.039049628894849982 0.015593090728415047 0.033151517794089223 0.052787227212472337 -0.0047121529755994439 0.042165569014300436 -0.027844737485504787 -0.028609889133482749 0.010658502617895846 0.015755783469047234 -0.022614710960006123 -0.056603308970516748 0.017314394079438807 -0.032741088808549978
leaf_weight=237.88201079639839 20.099245133140361 4.2742480917950152 16.552645977062642 2.8674221097899131 12.574153228139037 10.964323925989447 11.031569319660774 48.12848623143509 13.002135917777196 0.67097442457452394 0.63940099035971787 0.74304475652752444 1.0934642050560786 8.2589472074905625
leaf_count=39757 17113 1399 180 514 442 276 1259 29918 206 146 407 176 1275 8002
internal_value=-6.28197e-10 0.00262669 -0.0100676 -0.0270835 0.0168056 0.00641943 0.00462343 -0.0250045 0.0250725 0.0214224 0.0390392 -0.0222678 -0.0351879 -0.0268887
internal_weight=388.782 354.41 81.5295 34.3725 29.1268 272.88 248.914 52.4027 23.9665 4.92084 3.50682 1.41402 29.4517 9.35241
internal_count=101070 73437 31939 27633 622 41498 41016 31317 482 1243 921 322 26390 9277
is_linear=0
shrinkage=0.04


Tree=43
num_leaves=13
num_cat=0
split_feature=14 33 7 4 38 12 14 33 7 28 14 28
split_gain=16.4792 11.3686 16.0497 6.28036 5.35508 4.00207 5.22776 2.10715 2.174 2.36906 1.72783 0.219751
threshold=0.014608681667596103 0.94517657938847477 -0.36002960801124567 -0.10832447558641432 0.016807909604519777 0.39849366247653967 0.14378591626882556 0.01597872340425532 -0.12543020397424695 0.18621037900447848 0.10870657488703729 0.30345375835895544
decision_type=2 2 2 2 2 2 2 2 2 2 2 2
left_child=7 2 3 -2 -4 10 -7 -1 9 -9 -3 -10
right_child=1 5 4 -5 -6 6 -8 8 11 -11 -12 -13
leaf_value=-0.094224460267715554 0.0023650739279685753 0.0097425025157731968 0.039928875816298871 0.025391053026810686 -0.014582825242056332 0.0105435533449133 -0.031340761705210725 -0.032092861833558868 -0.042676306566322673 0.0016921014650395844 0.044417178624216749 -0.031196364691453086
leaf_weight=0.79118803449091757 67.879634983997676 3.273521036579039 2.9559086410736191 26.294124786509201 117.56205469626002 129.73610516480403 4.9498791554360642 7.245476089578009 9.5464655650430306 6.1308234593743691 7.7260117778787389 3.7026939784409487
leaf_count=143 6247 477 244 586 67498 4283 196 5233 8071 4273 42 3777
internal_value=-6.68844e-10 0.00227434 -0.00357808 0.00879413 -0.0132458 0.0108989 0.00900425 -0.029895 -0.0279835 -0.016608 0.0340978 -0.039468
internal_weight=387.794 360.377 214.692 94.1738 120.518 145.686 134.686 27.4166 26.6255 13.3763 10.9995 13.2492
internal_count=101070 79573 74575 6833 67742 4998 4479 21497 21354 9506 519 11848
is_linear=0
shrinkage=0.04


Tree=44
num_leaves=15
num_cat=0
split_feature=30 4 7 10 8 3 0 0 7 4 13 27 27 34
split_gain=15.7952 10.4744 12.1853 8.06865 7.82326 7.39811 5.57979 4.51119 2.74788 2.05249 2.68403 0.596684 1.40054 0.542925
threshold=5.5000000000000009 -0.0063616440165787927 -0.38744896650314326 0.2131970748305321 -0.38935115933418268 0.061834717169404037 -0.057089475914835923 -0.16221161931753156 -0.48652875423431391 -0.28011071681976313 0.6312367618083955 0.37517923116683966 0.51785865426063549 0.90792226381854235
decision_type=2 2 2 2 2 2 2 2 2 2 2 2 2 2
left_child=1 2 6 11 8 -6 -1 -4 -3 -5 -11 13 -13 -2
right_child=3 4 7 9 5 -7 -8 -9 -10 10 -12 12 -14 -15
leaf_value=-0.023511160958688247 -0.041261619183904558 -0.011630683472766664 0.050289958284732254 0.07761820121805349 -0.013782263865951249 0.0084893518303377751 0.010739806724765434 -0.018189197954852101 0.029514450204470948 0.050261119607066584 -0.017064714555681548 -0.0069508875132112983 -0.039007068192671988 -0.021777935158947308
leaf_weight=8.709170608839484 16.55566191699473 2.8391366007272145 1.5715716896520451 0.85403182927984733 28.527879824701813 145.95854132738896 60.305234306171769 74.718196536894538 30.457760877092369 1.5562779747997404 2.4216920604230836 3.6464800410176377 5.424846194597194 2.6553454421518827
leaf_count=1164 15562 106 171 196 9094 8210 3385 49576 1731 41 1006 4140 5137 1551
internal_value=-2.74177e-10 0.00247732 -0.0057612 -0.0264149 0.00823857 0.00484803 0.00641756 -0.0167785 0.0260061 0.0213541 0.00927478 -0.0345762 -0.0261212 -0.0385686
internal_weight=386.202 353.087 145.304 33.1143 207.783 174.486 69.0144 76.2898 33.2969 4.832 3.97797 28.2823 9.07133 19.211
internal_count=101070 73437 54296 27633 19141 17304 4549 49747 1837 1243 1047 26390 9277 17113
is_linear=0
shrinkage=0.04


Tree=45
num_leaves=15
num_cat=0
split_feature=11 8 34 13 33 12 35 28 33 34 10 13 2 2
split_gain=14.632 16.7872 7.14208 6.77389 11.9372 7.84935 5.56128 5.20835 5.22196 5.84069 5.01087 3.22052 10.9431 3.81017
threshold=0.22979746013879779 -0.4505679309368133 0.68061391223155943 0.77499213814735424 0.013186876883839556 0.080638475716114058 -0.06158297881484031 0.16808715462684634 0.89414928292046947 0.77087922173274614 0.68282505869865429 1.6503182053565981 0.67265173792839061 -0.15645132213830945
decision_type=2 2 2 2 2 2 2 2 2 2 2 2 2 2
left_child=1 3 -3 5 -5 -1 -4 11 10 -10 -9 13 -13 -2
right_child=7 2 6 4 -6 -7 -8 8 9 -11 -12 12 -14 -15
leaf_value=-0.003384590361233091 0.047661943506442608 -0.025797966521582852 0.010280344453923904 0.032386072650046234 -0.017177123974901908 0.029015485476673385 -0.016954834261063003 -0.019718496824528396 0.021746502603163211 -0.00060813792559951416 0.036954614040046456 -0.052286183442438725 0.045120846243665018 0.016453698620112513
leaf_weight=20.332910488039488 7.0550688234798136 66.751084898831323 20.378807939268881 10.070836009457706 34.107021865027491 29.065008851554012 29.162257470932673 21.751107512580351 30.164376043889206 49.204386126424652 2.8198020795243783 4.0466004083864382 3.3923347854288295 55.493691947907791
leaf_count=4200 100 53811 3634 244 8328 2515 13380 8409 1099 1870 201 1112 12 2155
internal_value=-1.55326e-09 -0.00711005 -0.0172581 0.00550154 -0.00587864 0.0156791 -0.00575159 0.00857927 0.0028993 0.00788782 -0.0132146 0.0170147 -0.00786622 0.0199738
internal_weight=383.795 209.868 116.292 93.5758 44.1779 49.3979 49.5411 173.927 103.94 79.3688 24.5709 69.9877 7.43894 62.5488
internal_count=101070 86112 70825 15287 8572 6715 17014 14958 11579 2969 8610 3379 1124 2255
is_linear=0
shrinkage=0.04


Tree=46
num_leaves=15
num_cat=0
split_feature=14 37 6 33 30 13 34 32 3 15 15 28 33 8
split_gain=13.8037 10.1766 12.4677 13.9891 8.75527 7.28337 5.19295 2.36785 1.59445 1.66431 1.51274 1.27834 1.08475 0.538132
threshold=0.014608681667596103 1.0000000180025095e-35 0.069801211357116713 0.013186876883839556 3.5000000000000004 1.6815668940544131 0.92088178294573653 0.94152390163028477 -0.17390890419483182 18.679302215576175 5.8503599166870126 0.16912335157394412 0.013186876883839556 -0.39877231419086451
decision_type=2 2 2 2 2 2 2 2 2 2 2 2 2 2
left_child=8 5 3 -3 -4 6 -2 -7 9 13 11 -10 -12 -1
right_child=1 2 4 -5 -6 7 -8 -9 10 -11 12 -13 -14 -15
leaf_value=-0.051041546286854499 0.0046823731887688539 0.028495963638704977 -0.014263028614972811 -0.019485472003860308 0.012656900654501453 -0.022847725007988092 0.019596146640282763 -0.09068431732224734 -0.02649850729038003 0.049729120670873456 -0.11086648716587451 0.023067172831350798 -0.034093691240224391 0.013690853162285082
leaf_weight=0.59539203830354381 88.10386660048971 10.943804876849752 25.888627016218379 87.093710118919262 76.307518165500369 2.3936193959525549 64.85377704523853 1.2548926706076597 2.0778626027022287 0.82637602812610567 0.29884449983365158 1.3891246945422606 20.095862801652402 0.31376175276818929
leaf_count=278 17256 362 2847 50237 4871 1091 2806 103 1629 111 77 958 18230 214
internal_value=-1.07215e-10 0.00203534 -0.00393861 -0.0141294 0.00583747 0.00967351 0.0110058 -0.0461799 -0.0283738 0.00864341 -0.0310662 -0.00663893 -0.0352186 -0.0287015
internal_weight=382.437 356.84 200.234 98.0375 102.196 156.606 152.958 3.64851 25.5972 1.73553 23.8617 3.46699 20.3947 0.909154
internal_count=101070 79573 58317 50599 7718 21256 20062 1194 21497 603 20894 2587 18307 492
is_linear=0
shrinkage=0.04


Tree=47
num_leaves=15
num_cat=0
split_feature=30 37 32 10 18 11 10 29 7 21 26 4 26 34
split_gain=13.3255 8.43816 18.0396 7.81742 6.21812 5.68621 7.37718 4.3695 3.2614 2.03547 1.46336 0.894302 0.625903 1.93978
threshold=5.5000000000000009 1.5000000000000002 0.97920988934993092 0.2131970748305321 -0.074211202561855302 1.0701027512550356 0.43919441103935247 0.0098213627934455889 0.53869372606277477 0.938137755102041 -0.19430053234100339 -0.29033535718917841 -0.20876434445381162 0.90792226381854235
decision_type=2 2 2 2 2 2 2 2 2 2 2 2 2 2
left_child=1 5 7 12 -4 6 -1 -3 -7 11 -11 -5 13 -2
right_child=3 2 4 9 -6 8 -8 -9 -10 10 -12 -13 -14 -15
leaf_value=0.0052714202848058982 -0.029312304857559437 0.019910778214037559 0.03177308617059408 0.07856828923070884 -0.0058547504525147398 0.040003914022573195 -0.029055273535134502 -0.027230429145126724 0.010049776634274192 0.02284208852683043 -0.04994297660305267 0.028331032364426318 -0.035733121398325345 0.062493174115040427
leaf_weight=236.77932372911891 2.6478500962985048 3.3770584348239927 16.596819182683252 0.73028144374256987 12.186366969166555 11.23095171013847 10.459717466757864 45.967632833388052 12.06193184980657 0.87980308404075891 0.88808788202004507 2.5351208367210338 23.516513839334948 0.42772870461340051
leaf_count=39757 3189 925 180 152 442 276 1259 30392 206 326 298 467 22948 253
internal_value=2.09756e-10 0.00225509 -0.00932439 -0.0248617 0.015842 0.00559917 0.00381919 -0.0240042 0.0244925 0.0208496 -0.013721 0.0395662 -0.0335138 -0.0165447
internal_weight=380.285 348.66 78.1279 31.6254 28.7832 270.532 247.239 49.3447 23.2929 5.03329 1.76789 3.2654 26.5921 3.07558
internal_count=101070 73437 31939 27633 622 41498 41016 31317 482 1243 624 619 26390 3442
is_linear=0
shrinkage=0.04


Tree=48
num_leaves=15
num_cat=0
split_feature=30 21 37 32 38 10 8 36 29 20 26 9 27 27
split_gain=12.3316 8.09455 11.5336 9.90378 9.01306 7.30506 6.62993 6.02656 5.82961 1.85412 1.90241 1.0214 0.644449 1.6395
threshold=5.5000000000000009 0.96609195402298864 1.5000000000000002 0.9933554083885211 0.21975609756097564 0.2131970748305321 -0.076969768851995454 0.29828681956341535 0.016577191650867466 0.99120862884160765 -0.27269151806831354 21.500000000000004 0.37517923116683966 0.44227892160415655
decision_type=2 2 2 2 2 2 2 2 2 2 2 2 2 2
left_child=1 2 4 -4 -1 12 7 -3 -8 10 -7 -11 -2 -14
right_child=5 6 3 -5 -6 9 8 -9 -10 11 -12 -13 13 -15
leaf_value=0.015021593578991585 -0.037313205944469546 0.027767989188295896 -0.024500000732483911 0.02118439503767058 -0.0025874966156784465 0.085229036591077653 0.0073284513597852664 0.0004128646285447471 -0.042536357973333806 -0.051974506643276748 0.017895860098871445 0.027165428718024645 0.024836150288337539 -0.030255864660574137
leaf_weight=68.818531473181793 17.375755262502942 43.083792051736964 47.539509140173323 9.035570770793127 143.44792728008179 0.85839302217937063 11.89360176905757 18.384328539483249 5.4793996553344178 0.7643906600133048 3.0815965610090639 0.39616103656589985 0.97930629563052018 7.3584031863574637
leaf_count=8455 17113 1459 30487 190 30747 191 270 1423 406 406 613 33 1275 8002
internal_value=-8.85801e-10 0.00214942 -0.00115574 -0.0172038 0.00312152 -0.0242525 0.0134198 0.0195864 -0.00839878 0.0194765 0.0325655 -0.0249596 -0.0329266 -0.023785
internal_weight=378.497 347.683 268.842 56.5751 212.266 30.814 78.8411 61.4681 17.373 5.10054 3.93999 1.16055 25.7135 8.33771
internal_count=101070 73437 69879 30677 39202 27633 3558 2882 676 1243 804 439 26390 9277
is_linear=0
shrinkage=0.04


Tree=49
num_leaves=15
num_cat=0
split_feature=11 8 29 33 33 13 28 11 34 26 35 8 26 7
split_gain=11.8427 15.2007 6.86572 6.7502 6.21592 11.3253 4.96013 4.67853 7.54373 4.61921 4.30527 4.50374 3.63806 3.46946
threshold=0.22979746013879779 -0.4505679309368133 0.011628537904471161 0.97920988934993092 0.013186876883839556 0.77499213814735424 0.16808715462684634 0.83400386571884166 0.80040650406504077 -0.076064825057983385 0.007726354058831931 -0.32103224098682398 -0.11283147335052489 -0.37533210217952723
decision_type=2 2 2 2 2 2 2 2 2 2 2 2 2 2
left_child=1 4 3 -3 -1 -6 10 8 -8 -9 11 -2 -4 -12
right_child=6 2 12 -5 5 -7 7 9 -10 -11 13 -13 -14 -15
leaf_value=0.025939719246437152 0.033403240573879382 0.0042232549863394789 -0.013977580000469321 -0.085334924604610105 0.013884199238148336 -0.017655576865625612 0.0094300219729097634 0.022463938893042514 -0.016444961778800411 -0.018080118298300057 -0.097467886748707738 0.011023356245311698 -0.030958223932663339 -0.0035484810885558072
leaf_weight=18.770444091467652 21.041562857251847 28.088430918403905 39.680154849898827 1.4143665138399217 41.896224496980722 32.228386608177971 36.250417909104726 25.164486924710221 35.863388772748294 5.4741154840448862 0.87730404641479287 45.493635068502044 41.094504645501729 2.2263625719206166
leaf_count=542 1179 11263 27921 268 6417 8328 6097 943 4207 332 123 1038 31373 1039
internal_value=-1.93182e-10 -0.00654287 -0.0165847 -7.01714e-05 0.00537795 0.000171128 0.00771113 0.00212541 -0.00343804 0.01522 0.0159529 0.0181009 -0.0226166 -0.0300964
internal_weight=375.564 203.173 110.277 29.5028 92.8951 74.1246 172.391 102.752 72.1138 30.6386 69.6389 66.5352 80.7747 3.10367
internal_count=101070 86112 70825 11531 15287 14745 14958 11579 10304 1275 3379 2217 59294 1162
is_linear=0
shrinkage=0.04


Tree=50
num_leaves=15
num_cat=0
split_feature=37 32 18 30 11 38 10 29 19 27 14 26 4 28
split_gain=11.6654 16.9909 6.62174 6.19713 5.15564 6.12984 4.80581 3.61743 3.5192 3.35187 2.82682 1.16608 2.77923 0.191787
threshold=1.5000000000000002 0.97920988934993092 -0.074211202561855302 5.5000000000000009 1.0701027512550356 0.21975609756097564 0.34835870563983923 0.0098213627934455889 0.64323708206686947 0.22066494077444079 0.049346372485160835 -0.051752120256423943 -0.041550293564796441 0.24303752183914187
decision_type=2 2 2 2 2 2 2 2 2 2 2 2 2 2
left_child=3 6 -3 4 5 -1 7 -2 -6 -4 -8 13 -13 -5
right_child=1 2 9 11 8 -7 10 -9 -10 -11 -12 12 -14 -15
leaf_value=0.013640972152231742 0.0088703143531114314 0.029924808916244407 -0.052511518336947866 -0.042075233141951031 0.033911371219951726 -0.00043063432619856431 0.047418081983720016 -0.029058288548610919 0.0013788901285821463 0.0011010663651036705 -0.010134791644698708 0.093188165852837859 -0.04366101350947215 -0.028236546209236792
leaf_weight=68.459483245176671 4.3281075675040475 16.638528570765633 2.2353791415807782 4.2496648376545636 15.786055434728043 179.14763378193311 2.20059247361496 57.136125327328045 8.024711534380911 11.286494592655798 3.5981292686483357 0.38775855652056634 0.612516446126391 2.5721419941110071
leaf_count=8438 1605 193 285 4187 212 32578 50 47568 270 627 1094 331 690 2942
internal_value=5.23875e-10 -0.0119176 0.0130286 0.00415792 0.00516951 0.00345994 -0.0231034 -0.0263875 0.0229473 -0.00776194 0.0117063 -0.0309435 0.00938884 -0.0368574
internal_weight=376.663 97.4234 30.1604 279.24 271.418 247.607 67.263 61.4642 23.8108 13.5219 5.79872 7.82208 1.00028 6.82181
internal_count=101070 51422 1105 49648 41498 41016 50317 49173 482 912 1144 8150 1021 7129
is_linear=0
shrinkage=0.04


Tree=51
num_leaves=13
num_cat=0
split_feature=11 8 29 12 4 33 8 13 35 7 13 26
split_gain=11.1212 13.417 6.84221 5.86768 5.85136 9.84293 6.04665 5.73889 4.32533 6.25956 4.23575 3.28623
threshold=0.22979746013879779 -0.4505679309368133 0.011628537904471161 0.094415504485368743 -0.13765411823987958 0.013186876883839556 -0.63988420367240895 1.1315961480140688 0.011412006337195637 -0.47050967812538141 1.1446373462677004 -0.11283147335052489
decision_type=2 2 2 2 2 2 2 2 2 2 2 2
left_child=1 4 7 -2 5 -1 -6 -3 10 -10 -5 -4
right_child=3 2 11 8 6 -7 -8 -9 9 -11 -12 -13
leaf_value=0.025635800560007686 -0.065237082656628226 -0.013000529718234748 -0.013869140074016436 0.0037436231768739853 -0.035776937734661327 -0.010556456304115986 0.026242807339672845 0.023575718260685174 0.039788523934957271 -0.009292117810216452 0.018200165319404105 -0.030216039520323715
leaf_weight=15.854704351368126 1.7580268511665043 18.644174096320061 38.97902430465183 58.856057110649999 2.7945367262000245 49.748503717382846 25.163844398666697 10.862373657815622 4.7241102431435129 34.670399441907648 72.218516631706734 39.734119491447927
leaf_count=446 166 9234 27921 3706 195 12665 1981 2297 92 8069 2925 31373
internal_value=4.5824e-10 -0.00637244 -0.015963 0.00746595 0.00472063 -0.00180967 0.0200437 0.000464443 0.00821573 -0.00340647 0.0117088 -0.022121
internal_weight=374.008 201.781 108.22 172.227 93.5616 65.6032 27.9584 29.5065 170.469 39.3945 131.075 78.7131
internal_count=101070 86112 70825 14958 15287 13111 2176 11531 14792 8161 6631 59294
is_linear=0
shrinkage=0.04


Tree=52
num_leaves=15
num_cat=0
split_feature=14 37 3 33 30 13 15 32 7 14 33 28 32 6
split_gain=10.4811 7.49279 10.5156 9.25988 5.38779 5.00962 4.88809 1.75362 1.5738 2.23616 1.72552 0.300871 0.339713 0.107822
threshold=0.014608681667596103 1.0000000180025095e-35 0.38991077244281774 0.013186876883839556 2.5000000000000004 1.6815668940544131 15.126176357269289 0.94152390163028477 -0.12543020397424695 0.0013927694526501002 0.037113559840832575 0.30345375835895544 0.96588470631023837 0.077850677073001875
decision_type=2 2 2 2 2 2 2 2 2 2 2 2 2 2
left_child=8 5 3 -3 -4 6 -2 -7 9 -1 -11 13 -13 -10
right_child=1 2 4 -5 -6 7 -8 -9 11 10 -12 12 -14 -15
leaf_value=0.075056471281643597 -0.039850963524091253 0.025495097232357922 -0.026672611243520716 -0.011808214118247092 0.017588593585400089 -0.021419409369296049 0.010378136784357672 -0.084874224551874197 -0.040450171982189032 -0.072861707241467469 -0.015095747409176803 -0.029356305555247875 0.033669533004262391 -0.071281421373752832
leaf_weight=0.4151290479858315 3.1657087799248975 11.566443675685148 4.9161324059241442 133.9510400579893 41.939037069590995 2.3759683817479522 149.12488594780007 0.98600664339028288 7.6387121911611739 0.89328682496125011 11.211069431010399 2.9301268746203282 0.14353724516695354 0.18590352369938035
leaf_count=282 1216 365 570 55805 1577 1091 18846 103 8042 336 9031 3728 49 29
internal_value=-3.95409e-10 0.00174295 -0.00353643 -0.00884316 0.0129446 0.00826779 0.00933401 -0.0400296 -0.025903 -0.0162281 -0.0193588 -0.0370172 -0.0264131 -0.0411827
internal_weight=371.443 348.025 192.373 145.517 46.8552 155.653 152.291 3.36198 23.4178 12.5195 12.1044 10.8983 3.07366 7.82462
internal_count=101070 79573 58317 56170 2147 21256 20062 1194 21497 9649 9367 11848 3777 8071
is_linear=0
shrinkage=0.04


Tree=53
num_leaves=15
num_cat=0
split_feature=30 21 37 32 38 10 8 38 36 14 13 26 3 25
split_gain=9.83057 6.42982 8.62907 9.34225 7.44672 5.88198 5.55915 5.17448 4.80446 1.64628 2.07894 0.707334 2.23683 0.556083
threshold=5.5000000000000009 0.96609195402298864 1.5000000000000002 0.9933554083885211 0.25158227848101272 0.2131970748305321 -0.076969768851995454 0.98449519230769245 0.29828681956341535 0.11182275786995889 0.6312367618083955 -0.20876434445381162 0.0092632253654301184 -0.0040994584560394278
decision_type=2 2 2 2 2 2 2 2 2 2 2 2 2 2
left_child=1 2 4 -4 -1 11 8 -8 -3 10 -7 12 -2 -13
right_child=5 6 3 -5 -6 9 7 -9 -10 -11 -12 13 -14 -15
leaf_value=0.012481695319585664 -0.019743833982947153 0.02524706054400766 -0.023237119952187447 0.02043650923944583 -0.0031452423077056382 0.045963668869035815 0.015259577218760813 -0.029605665820333492 0.0010061953381901476 0.075540190870989343 -0.011847820370214888 -0.038116354486262709 0.15461794486880867 -0.02417823391051142
leaf_weight=76.856802438349405 2.616830167782616 41.656033986830153 43.88907502865186 9.5401517417631094 133.60959735013603 1.5017213872633863 7.7536992272362122 8.7599165215506218 19.070913073170232 0.65563270504935633 2.9509942537843017 13.901692838524474 0.12326502945506934 6.8299439974361986
leaf_count=9918 3390 1459 30487 190 29284 41 274 402 1423 118 1084 14983 52 7965
internal_value=2.75387e-10 0.00188792 -0.00108308 -0.0154389 0.0025613 -0.0225345 0.0120384 -0.00853992 0.0176344 0.0163631 0.00764966 -0.0310001 -0.0119001 -0.0335245
internal_weight=369.716 341.136 263.896 53.4292 210.466 28.5801 77.2406 16.5136 60.7269 5.10835 4.45272 23.4717 2.7401 20.7316
internal_count=101070 73437 69879 30677 39202 27633 3558 676 2882 1243 1125 26390 3442 22948
is_linear=0
shrinkage=0.04


Tree=54
num_leaves=15
num_cat=0
split_feature=11 8 29 33 4 33 0 8 28 11 2 30 0 26
split_gain=9.2925 11.3834 6.2088 5.43866 5.16057 8.31984 4.76076 4.38058 4.23865 4.11157 3.6934 3.48974 3.03395 2.93824
threshold=0.22979746013879779 -0.4505679309368133 0.011628537904471161 0.97920988934993092 -0.10832447558641432 0.013186876883839556 0.13335958123207095 -0.63988420367240895 0.16808715462684634 0.93085807561874401 -0.15645132213830945 2.5000000000000004 0.1628433167934418 -0.11283147335052489
decision_type=2 2 2 2 2 2 2 2 2 2 2 2 2 2
left_child=1 4 3 -3 5 -1 8 -6 10 -10 -2 -8 -13 -4
right_child=6 2 13 -5 7 -7 11 -9 9 -11 -12 12 -14 -15
leaf_value=0.023190568385532209 0.043099772496653241 0.0047921917815628729 -0.013116637955651728 -0.08024174663916854 -0.030934584507825713 -0.0094726789650583319 -0.063745374293681906 0.025279921278403897 -0.0014319063483009325 0.017970964079888688 0.013272766035052737 -0.051428417406846831 0.0017334975210730793 -0.028868701975287792
leaf_weight=16.517292886041105 7.5394109390908843 26.977913710754368 37.975292688839545 1.2596397065208282 2.4591380868805599 51.010554482629232 2.0374417545390306 22.6155774351937 69.95911529550358 23.29187039216049 55.831710850659874 2.0652884937298941 10.203323302004717 37.811598140979186
leaf_count=465 182 11263 27921 268 163 13171 467 1488 9678 714 2575 384 958 31373
internal_value=4.21843e-10 -0.00592994 -0.0150106 0.000998941 0.00427079 -0.00148326 0.0068215 0.0197668 0.00883905 0.00341447 0.0168214 -0.0152666 -0.00721574 -0.0209757
internal_weight=367.555 196.627 104.024 28.2376 92.6026 67.5278 170.928 25.0747 156.622 93.251 63.3711 14.3061 12.2686 75.7869
internal_count=101070 86112 70825 11531 15287 13636 14958 1651 13149 10392 2757 1809 1342 59294
is_linear=0
shrinkage=0.04


Tree=55
num_leaves=15
num_cat=0
split_feature=30 4 7 5 8 10 26 6 7 26 35 13 9 27
split_gain=9.38061 5.9147 11.6793 7.46979 6.05812 5.01751 4.86942 4.51544 2.33523 2.05868 2.10887 0.704364 1.76633 0.515537
threshold=5.5000000000000009 -0.0063616440165787927 -0.39414539933204645 -0.047844721004366868 -0.38935115933418268 0.37690910696983343 -0.28471463918685908 -0.37829469144344324 -0.48652875423431391 -0.20876434445381162 -0.043325521051883691 0.63949596881866466 10.500000000000002 0.37600411474704748
decision_type=2 2 2 2 2 2 2 2 2 2 2 2 2 2
left_child=1 2 3 -1 8 9 -6 -4 -3 10 -2 -7 -13 -11
right_child=5 4 7 -5 6 11 -8 -9 -10 13 -12 12 -14 -15
leaf_value=-0.01172680086413529 -0.041273769195105912 -0.012635326748077165 0.046083706879748554 0.016719305592211357 -0.065073885519256428 0.04941947786105888 0.003907980308874434 -0.016925155209333468 0.025556208071691577 -0.037895780127048188 0.019251724118355892 0.054871486303487912 -0.035625266511590946 -0.0247782044460098
leaf_weight=21.731364910519915 1.4188356768572701 2.8073174218880004 1.8666215364355583 46.10836554938578 1.6538609591079865 1.3573679036926471 163.47720784384728 72.500891051982762 29.270017648057546 13.311185941012811 2.6254437245806974 0.67846784155699402 0.70228372115525417 7.4916719012690001
leaf_count=2452 1549 106 130 1757 232 10 17072 49957 1731 14646 2288 184 197 8759
internal_value=-3.12113e-10 0.00182312 -0.00439505 0.00760705 0.00630704 -0.0224321 0.0032171 -0.0153436 0.0222138 -0.0280952 -0.00198215 0.0289578 0.00884264 -0.0331718
internal_weight=367.001 339.416 142.207 67.8397 197.208 27.5853 165.131 74.3675 32.0773 24.8471 4.04428 2.73812 1.38075 20.8029
internal_count=101070 73437 54296 4209 19141 27633 17304 50087 1837 27242 3837 391 381 23405
is_linear=0
shrinkage=0.04


Tree=56
num_leaves=15
num_cat=0
split_feature=11 35 3 20 36 32 8 8 29 28 34 5 13 7
split_gain=8.71618 8.50777 8.34865 5.37106 4.85434 7.60128 5.22374 7.30344 4.52074 4.43412 4.37271 3.64072 3.24654 2.94405
threshold=0.12457219511270524 0.022627397440373901 -0.03469675034284591 0.042666970076231658 0.40129870129870138 0.9933554083885211 -0.68021097779273976 -0.55327329039573658 0.019568446092307571 0.18621037900447848 0.25536520217371289 -0.13730859756469724 0.21655574440956118 -0.37533210217952723
decision_type=2 2 2 2 2 2 2 2 2 2 2 2 2 2
left_child=1 3 8 11 6 10 -2 -8 -3 -7 -6 -1 -5 -4
right_child=4 2 13 12 5 9 7 -9 -10 -11 -12 -13 -14 -15
leaf_value=0.029118712922137042 -0.054185392310794181 0.025891011248686084 -0.11995229877977515 0.011570038385193665 0.025523908617782368 -0.0154250931652542 0.033394864734363081 0.0067145821037328324 -0.05060044520821342 -0.089335747758108111 -0.0028595334438549229 -0.025763570198542678 -0.017505865495025804 -0.026561451646475231
leaf_weight=7.5036078632401768 2.0296832451713263 21.500227962504148 0.65284569584764574 6.5729260561347465 9.832625860180995 2.839493296283762 19.09892396358191 116.85931621000782 1.3116620824584959 2.393394417129457 74.368924393384077 2.6054550336775701 94.227310825779568 3.1266848907907834
leaf_count=369 202 3047 29 2708 1816 97 563 9670 716 251 15226 1404 61292 3680
internal_value=1.25649e-10 -0.00795036 0.0123699 -0.0128223 0.00480683 -0.00245217 0.00951162 0.0104625 0.0214928 -0.04923 0.00045494 0.0149737 -0.0156099 -0.042693
internal_weight=364.923 137.501 26.5914 110.909 227.422 89.4344 137.988 135.958 22.8119 5.23289 84.2016 10.1091 100.8 3.77953
internal_count=101070 73245 7472 65773 27825 17390 10435 10233 3763 348 17042 1773 64000 3709
is_linear=0
shrinkage=0.04


Tree=57
num_leaves=15
num_cat=0
split_feature=10 38 7 22 7 13 7 14 35 13 29 35 13 29
split_gain=8.36788 6.55303 6.33382 5.6706 4.99384 7.44522 6.7742 5.18897 7.69564 5.83455 4.37523 3.54218 2.46641 1.41442
threshold=0.082111611962318434 0.12579113924050636 -0.5099332034587859 0.08872688934206964 0.38296981155872351 1.6651182174682619 -0.2346709072589874 0.089537430554628386 -0.050177479162812226 1.1446373462677004 0.028269306756556038 -0.0035824272781610485 0.39466179907321935 0.0090180039405822771
decision_type=2 2 2 2 2 2 2 2 2 2 2 2 2 2
left_child=1 10 11 -4 5 6 -2 9 -9 -6 12 -3 -1 -7
right_child=4 2 3 -5 7 13 -8 8 -10 -11 -12 -13 -14 -15
leaf_value=0.026574485724659744 0.012361842918679261 -0.01238519929439026 -0.018475774492127513 0.016737276372140224 0.010373903876679851 0.034245029782323362 -0.005623220968763055 0.020955561418994465 -0.020925717577182503 0.038801897123074594 -0.036003495571391333 0.039166710971721787 0.003680898840325741 -0.042357283780808642
leaf_weight=11.165398762233961 61.801180817426939 3.4538662421982735 89.051247884017357 7.9722033437210476 31.448685929179192 0.40769795334199344 73.194035039501614 13.584223328507507 14.526559382793492 18.257610367611051 3.4689937879302297 5.5744796379003656 23.12081077296898 7.1377885206093197
leaf_count=1101 6308 406 59232 1935 847 20 18731 113 526 107 1497 56 7000 3191
internal_value=1.74265e-10 -0.00750573 -0.0126005 -0.0155824 0.00489829 0.000449097 0.00261039 0.0130481 -0.000687055 0.0208158 0.006805 0.0194451 0.0111363 -0.0382183
internal_weight=364.165 143.807 106.052 97.0235 220.358 142.541 134.995 77.8171 28.1108 49.7063 37.7552 9.02835 34.2862 7.54549
internal_count=101070 71227 61629 61167 29843 28250 25039 1593 639 954 9598 462 8101 3211
is_linear=0
shrinkage=0.04


Tree=58
num_leaves=15
num_cat=0
split_feature=11 35 3 35 11 32 26 37 29 8 4 8 2 33
split_gain=8.45034 10.5011 7.27194 6.38924 7.94451 5.80593 5.66051 4.62909 6.28106 4.41765 5.9698 5.50438 3.94984 3.69165
threshold=0.16802230477333072 0.037101853638887412 -0.03469675034284591 0.011412006337195637 0.5534750521183015 0.96588470631023837 -0.056571900844573968 1.0000000180025095e-35 0.0098213627934455889 -0.36394421756267542 0.57985761761665355 -0.68021097779273976 -0.2430998012423515 0.066954946204423202
decision_type=2 2 2 2 2 2 2 2 2 2 2 2 2 2
left_child=1 7 13 9 6 -6 -5 12 -9 11 -11 -2 -1 -3
right_child=3 2 -4 4 5 -7 -8 8 -10 10 -12 -13 -14 -15
leaf_value=0.020716260020284039 -0.039505927756032948 0.031018083923542931 -0.03804780910965698 -0.037667696001981103 0.018981696144469092 -0.030671597807153974 0.0058623756956835207 0.013546708136643633 -0.021570653343822761 -0.0045491535040724038 0.013758858829914289 0.024324130423762139 -0.0074133145705265399 -0.010341016844477873
leaf_weight=9.7086446641187631 2.2912859740608829 19.609941547510978 3.4957987208472323 15.793796495519929 18.42018008991727 4.7367787576513356 6.853820672404253 9.210626452957511 70.707192890484293 52.739095172633824 61.995070701406803 38.195186691438721 45.033893382613314 4.1909830961667458
leaf_count=835 207 289 3291 6592 2315 401 1305 2347 54301 5867 1031 3317 15963 3009
internal_value=-1.09651e-10 -0.00679954 0.015823 0.00547809 -0.00764934 0.00882507 -0.0244942 -0.0113853 -0.0175233 0.0093519 0.00534334 0.0207117 -0.00242451 0.0237354
internal_weight=362.982 161.957 27.2967 201.025 45.8046 23.157 22.6476 134.66 79.9178 155.221 114.734 40.4865 54.7425 23.8009
internal_count=101070 80035 6589 21035 10613 2716 7897 73446 56648 10422 6898 3524 16798 3298
is_linear=0
shrinkage=0.04


Tree=59
num_leaves=13
num_cat=0
split_feature=14 37 3 4 29 29 13 33 7 14 32 28
split_gain=8.23687 5.74884 8.24913 6.37083 5.8329 3.97391 3.86005 1.6873 1.79454 2.10477 1.61224 0.337877
threshold=0.014608681667596103 1.0000000180025095e-35 0.38991077244281774 -0.44574312865734095 0.013801028020679952 0.0090180039405822771 1.6815668940544131 0.01597872340425532 -0.12543020397424695 0.0013927694526501002 0.95502849788564081 0.30345375835895544
decision_type=2 2 2 2 2 2 2 2 2 2 2 2
left_child=7 5 3 -3 -4 10 -7 -1 9 -9 -2 -10
right_child=1 2 4 -5 -6 6 -8 8 11 -11 -12 -13
leaf_value=-0.10825720347996631 -0.028227522463627787 -0.060149021452061649 -0.033416797088882635 -0.0066823880157825047 0.016116271984309004 0.0088116446152677538 -0.036383317281940261 0.074232520504997221 -0.040122921378176739 -0.015305420603654583 -0.11307365947095743 -0.02349914116246675
leaf_weight=0.37521604858921165 1.2253893045708526 3.6623020900005931 4.190420538885518 135.24158730896306 41.223867334920214 149.41160615925764 3.0861097939487072 0.43706907234446113 6.8550693893703247 10.793770440322985 0.50642310694092874 2.7373913506453391
leaf_count=143 481 922 109 55248 2038 19567 1174 282 8071 9224 34 3777
internal_value=4.65498e-10 0.00151456 -0.00325348 -0.00809207 0.0115458 0.0072128 0.00789703 -0.024188 -0.0226732 -0.0118209 -0.0530385 -0.035379
internal_weight=359.746 338.548 184.318 138.904 45.4143 154.23 152.498 21.1985 20.8233 11.2308 1.73181 9.59246
internal_count=101070 79573 58317 56170 2147 21256 20741 21497 21354 9506 515 11848
is_linear=0
shrinkage=0.04


Tree=60
num_leaves=15
num_cat=0
split_feature=14 37 3 29 7 15 16 7 14 33 15 28 8 3
split_gain=7.54703 5.31463 7.12276 6.81516 6.72493 3.81148 3.76714 1.38894 1.98591 1.51523 0.593237 0.336569 0.368048 0.0810774
threshold=0.014608681667596103 1.0000000180025095e-35 0.38991077244281774 0.013669099658727648 -0.41027496755123133 15.802764415740969 0.74754901960784326 -0.12543020397424695 0.0013927694526501002 0.037113559840832575 4.3904602527618417 0.30345375835895544 -0.17960795760154721 -0.13986112177371976
decision_type=2 2 2 2 2 2 2 2 2 2 2 2 2 2
left_child=7 5 4 -4 -3 10 -7 8 -1 -10 -2 13 -13 -9
right_child=1 2 3 -5 -6 6 -8 11 9 -11 -12 12 -14 -15
leaf_value=0.066421956142511757 -0.01308922562288275 0.010818690631158059 -0.042518457715644414 0.015106801713864181 -0.011905367713402549 0.0088713791360974896 -0.030565359682862524 -0.0078925292865999613 -0.071799679393322421 -0.013494444288682713 -0.047227949765041917 0.0070738668566315312 -0.030305316116646403 -0.040417082995637045
leaf_weight=0.46974816869624447 1.2991075964746408 25.577155521808891 3.563817396759986 41.785796150565147 112.43439587990724 147.60966470881976 3.9800173671683288 0.12499993735400483 0.76663938990532088 10.222119427591677 2.1829548169480404 0.5242971481784483 2.1489512204134371 6.4681373024504847
leaf_count=282 492 2190 103 2044 53980 18300 1599 109 336 9031 865 599 3178 7962
internal_value=-7.47784e-10 0.00143488 -0.00317483 0.0105783 -0.007694 0.00688552 0.00783596 -0.0234313 -0.0141192 -0.0175622 -0.0344913 -0.0349463 -0.0229742 -0.0398004
internal_weight=359.158 338.433 183.361 45.3496 138.012 155.072 151.59 20.7249 11.4585 10.9888 3.48206 9.26639 2.67325 6.59314
internal_count=101070 79573 58317 2147 56170 21256 19899 21497 9649 9367 1357 11848 3777 8071
is_linear=0
shrinkage=0.04


Tree=61
num_leaves=13
num_cat=0
split_feature=11 35 3 5 35 30 33 33 31 8 33 7
split_gain=7.00128 9.20287 5.98041 5.25707 4.6872 6.08411 4.53456 7.32171 4.99351 4.27368 3.14589 2.83645
threshold=0.16802230477333072 0.037101853638887412 -0.03469675034284591 -0.14664470404386518 0.011412006337195637 3.5000000000000004 0.92390476190476212 0.9744135297326787 0.027842377260981915 -0.62625032663345326 0.066954946204423202 -0.37533210217952723
decision_type=2 2 2 2 2 2 2 2 2 2 2 2
left_child=1 6 10 -2 9 -6 8 -8 -1 -5 -3 -4
right_child=3 2 11 4 5 -7 7 -9 -10 -11 -12 -13
leaf_value=0.013778478447147387 0.036269078710945542 0.029515954135118698 -0.12425553617534338 -0.035420540398770566 -0.03192973687916411 0.0012830076177916408 0.018952970810456309 -0.037587622742243192 -0.016362622497024332 0.0082060912355330327 -0.0089183185992291331 -0.019683296477298988
leaf_weight=9.6247832532244484 8.2429326632409339 18.835958228111856 0.48830507718957994 3.6854635766358106 12.086502204474526 32.701810289763671 16.516315901193597 4.7093393807954262 101.93696686999465 142.71089388436667 4.1599662563021402 2.7650181142598731
leaf_count=1799 174 289 36 299 3749 6832 2785 1145 67717 9981 3009 3255
internal_value=4.20516e-10 -0.00625993 0.0153819 0.00499208 0.00364357 -0.00767973 -0.0105381 0.0064083 -0.0137623 0.00710781 0.0225632 -0.035379
internal_weight=358.464 159.037 26.2492 199.428 191.185 44.7883 132.787 21.2257 111.562 146.396 22.9959 3.25332
internal_count=101070 80035 6589 21035 20861 10581 73446 3930 69516 10280 3298 3291
is_linear=0
shrinkage=0.04


Tree=62
num_leaves=15
num_cat=0
split_feature=30 10 4 8 12 3 6 8 15 26 20 13 4 25
split_gain=6.87235 5.08903 4.84981 8.06111 7.00642 6.90938 5.43244 4.12036 2.33158 1.92612 2.39744 0.615722 1.6719 0.577147
threshold=5.5000000000000009 0.37690910696983343 -0.0063616440165787927 -0.51960074901580799 0.31737096607685095 0.085702788084745421 -0.019158631563186642 -0.65748164057731617 2.9595530033111577 -0.20876434445381162 0.18225524475524477 0.63949596881866466 0.08416790142655374 -0.0059247910976409903
decision_type=2 2 2 2 2 2 2 2 2 2 2 2 2 2
left_child=2 9 3 5 7 -1 -6 -4 -5 10 -2 -3 -13 -11
right_child=1 11 4 8 6 -7 -8 -9 -10 13 -12 12 -14 -15
leaf_value=0.0064986922371119997 0.066282290479531797 0.047757765572200281 -0.041797276910258467 0.015771373281150719 -0.035800585522405379 -0.066870691312729824 0.0038244513327182219 0.027259715814593327 -0.017063924129432518 -0.036784000832017542 -0.015168202281778672 0.055496604742252896 -0.029393828481912247 -0.022202860409578657
leaf_weight=74.060661457326205 0.69687063325546361 1.4794788341969245 1.4556381715228806 3.6834892058177493 5.7358490422775494 2.1122361386660478 158.6708567561509 27.482853621113463 57.051718365233683 12.13629248811049 3.3954392948362511 0.71319109822798032 0.77412072126753628 6.7640639722776497
leaf_count=7472 515 10 109 2774 2344 461 13110 3578 43589 14894 3322 186 195 8511
internal_value=-1.28379e-10 -0.0198168 0.00155769 -0.00420269 0.00563663 0.0044642 0.00244201 0.0237861 -0.0150725 -0.0261786 -0.00129817 0.0294871 0.0113126 -0.0315657
internal_weight=356.213 25.9595 330.253 136.908 193.345 76.1729 164.407 28.9385 60.7352 22.9927 4.09231 2.96679 1.48731 18.9004
internal_count=101070 27633 73437 54296 19141 7933 15454 3687 46363 27242 3837 391 381 23405
is_linear=0
shrinkage=0.04


Tree=63
num_leaves=14
num_cat=0
split_feature=14 33 4 12 6 28 25 7 14 32 28 8 3
split_gain=6.49075 5.37082 7.57827 6.62433 5.11066 2.634 2.34855 1.44562 1.7792 1.35195 0.341055 0.358717 0.0824126
threshold=0.014608681667596103 0.013186876883839556 -0.0063616440165787927 0.31737096607685095 -0.25174927711486811 0.32166892290115362 -0.0040994584560394278 -0.12543020397424695 0.0013927694526501002 0.069165663053659857 0.30345375835895544 -0.17960795760154721 -0.14344888180494306
decision_type=2 2 2 2 2 2 2 2 2 2 2 2 2
left_child=7 5 4 -4 -3 6 -2 8 -1 -10 12 -12 -9
right_child=1 2 3 -5 -6 -7 -8 10 9 -11 11 -13 -14
leaf_value=0.060845740674153159 0.011129211445706373 0.0080071302748688095 0.023682614235382787 0.0018820642822638277 -0.012475453913378814 -0.0039163776100651984 0.040433954989643806 -0.0062325449301076563 -0.060826478717036857 -0.01160552664736232 0.007644922591702118 -0.029698366858948097 -0.040141836641792807
leaf_weight=0.50280172939528966 7.8822607389593093 24.730819511540176 25.673139378421183 169.79309355250734 91.98676101602905 5.6746022288862141 9.835819712468945 0.11688869140925806 0.98379684292376524 9.65858338773978 0.51727689977269653 2.0140776827538502 6.0606615569413389
leaf_count=282 375 3698 3640 17742 53785 257 76 102 602 8765 599 3178 7969
internal_value=1.25073e-10 0.0013148 -7.04237e-05 0.00474542 -0.00813548 0.0198011 0.0273971 -0.0222229 -0.0126818 -0.0161556 -0.0344331 -0.0220673 -0.0395002
internal_weight=355.431 335.576 312.184 195.466 116.718 23.3927 17.7181 19.8541 11.1452 10.6424 8.7089 2.53135 6.17755
internal_count=101070 79573 78865 21382 57483 708 451 21497 9649 9367 11848 3777 8071
is_linear=0
shrinkage=0.04


Tree=64
num_leaves=15
num_cat=0
split_feature=37 6 8 4 30 12 28 15 2 34 15 7 13 19
split_gain=6.31014 7.39854 7.46446 9.25656 6.43809 7.11096 5.81494 4.295 3.86865 6.02005 3.38177 0.896238 0.457349 0.298603
threshold=1.0000000180025095e-35 0.069801211357116713 -0.57901108264923085 -0.44574312865734095 3.5000000000000004 0.66375103592872631 0.12014717608690263 15.802764415740969 -0.32900871336460108 0.92088178294573653 2.9595530033111577 -0.41027496755123133 0.97427660226821911 0.072299651567944254
decision_type=2 2 2 2 2 2 2 2 2 2 2 2 2 2
left_child=7 2 3 -2 5 -3 -6 11 12 -10 -4 -1 -9 -13
right_child=1 4 10 -5 6 -7 -8 8 9 -11 -12 13 -14 -15
leaf_value=-0.055778376779221005 -0.059366450527928612 0.0084387611798600621 0.02462330154494622 0.020124276333851644 -0.023332119370418149 -0.036292716244659691 0.013097001012141516 0.041660336483761197 -0.0017139193964823597 0.014662569188152697 -0.019471172852857366 0.017865670908328409 0.023748975142881802 -0.022965141597022551
leaf_weight=1.5597935283440163 2.7095791285100885 10.713288484941588 2.8869857879908514 17.366942546985229 7.8772600298689204 12.117918187519534 63.737532851839205 4.3664296087226813 81.760656824015314 64.051076539617497 77.178794359937456 0.31561005637922734 4.7755798950674944 3.115017050098686
leaf_count=277 602 1524 2291 1188 305 1347 4607 91 18834 3195 64392 104 210 2103
internal_value=-4.04297e-10 -0.00483813 -0.0124127 0.009396 0.00319328 -0.015303 0.00908998 0.00588607 0.00706239 0.00547982 -0.0178812 -0.0306389 0.0323038 -0.0192088
internal_weight=354.532 194.588 100.142 20.0765 94.446 22.8312 71.6148 159.944 154.954 145.812 80.0658 4.99042 9.14201 3.43063
internal_count=101070 76256 68473 1790 7783 2871 4912 24814 22330 22029 66683 2484 301 2207
is_linear=0
shrinkage=0.04


Tree=65
num_leaves=14
num_cat=0
split_feature=14 33 4 12 6 28 27 7 14 33 28 19 3
split_gain=6.1365 4.85281 7.02624 6.20727 4.94487 2.45018 2.18744 1.39426 1.59589 1.16855 0.306134 0.362645 0.0965056
threshold=0.014608681667596103 0.013186876883839556 -0.0063616440165787927 0.31737096607685095 -0.25174927711486811 0.32166892290115362 0.52465862035751354 -0.12543020397424695 0.0013927694526501002 0.037113559840832575 0.30345375835895544 0.99734042553191504 -0.1469512730836868
decision_type=2 2 2 2 2 2 2 2 2 2 2 2 2
left_child=7 5 4 -4 -3 6 -2 8 -1 -10 12 -12 -9
right_child=1 2 3 -5 -6 -7 -8 10 9 -11 11 -13 -14
leaf_value=0.054557554187335898 0.013583957713698105 0.0077785354478090221 0.022730395153451273 0.0017804970895975089 -0.012223312259651731 -0.0040390160603012495 0.042019733680029751 -0.0020248460323144526 -0.067465383078803273 -0.012519487744911947 -0.026970667215807397 0.02894222768326626 -0.039876683464435056
leaf_weight=0.53939740722126117 9.6598164326715104 25.306001284130616 26.125767355988501 169.0446628622085 90.493592810613336 5.6163318940380114 7.8424441100796676 0.10981736195390102 0.66119389372033666 9.7724805230027396 2.268415709928377 0.20213860542571627 5.7812576872966002
leaf_count=282 408 3698 3640 17742 53785 257 43 93 336 9031 3439 338 7978
internal_value=5.42449e-10 0.00126798 -4.64844e-05 0.00458488 -0.00785225 0.0189489 0.0263255 -0.0219096 -0.012533 -0.0160015 -0.0342146 -0.0223959 -0.0391711
internal_weight=353.423 334.089 310.97 195.17 115.8 23.1186 17.5023 19.3347 10.9731 10.4337 8.36163 2.47055 5.89108
internal_count=101070 79573 78865 21382 57483 708 451 21497 9649 9367 11848 3777 8071
is_linear=0
shrinkage=0.04


Tree=66
num_leaves=15
num_cat=0
split_feature=11 33 37 13 29 5 20 2 38 13 13 26 5 12
split_gain=5.91672 7.75215 5.99883 5.61791 4.4229 3.8837 4.85029 9.61014 3.93618 3.87995 4.46088 3.33587 3.25787 3.13369
threshold=0.22562196105718615 0.013186876883839556 1.0000000180025095e-35 0.77499213814735424 0.0098213627934455889 0.045003039762377746 0.91436210847975563 0.46385210752487188 0.82875939849624081 1.6503182053565981 1.2083530426025393 -0.03691402077674865 -0.038385583087801926 0.0093421633355319517
decision_type=2 2 2 2 2 2 2 2 2 2 2 2 2 2
left_child=1 12 3 -3 -4 9 7 -7 -8 10 -2 -11 13 -1
right_child=5 2 4 -5 -6 6 8 -9 -10 11 -12 -13 -14 -15
leaf_value=0.019567922144283524 0.0060438676582765518 0.010592104069576821 0.012113924710068696 -0.011637762593424802 -0.017545904773274373 -0.029651528126582484 0.027571469183623291 0.019420665688116723 0.00089274436027140635 -0.059373031798757678 0.025462506528274999 0.034774301701895952 0.02902081826269769 -0.045865189270571566
leaf_weight=2.6550592483254176 52.356623328028945 40.982600080889824 8.9202126745076367 32.705278968016501 81.925152624095062 19.827261926628129 11.126265361730473 9.4184110743808542 43.220207559454138 2.168746754250606 29.645200497558108 0.83362082845996965 14.065853985142892 2.0951862710644491
leaf_count=158 4571 9922 2352 9590 63233 4933 978 547 2491 515 1249 31 301 199
internal_value=1.20526e-09 -0.00497333 -0.00775476 0.000725705 -0.0146336 0.00540852 -0.000713521 -0.0138481 0.00635464 0.0114289 0.0130641 -0.0332326 0.0193483 -0.0092926
internal_weight=351.946 183.349 164.533 73.6879 90.8454 168.596 83.5921 29.2457 54.3465 85.0042 82.0018 3.00237 18.8161 4.75025
internal_count=101070 85755 85097 19512 65585 15315 8949 5480 3469 6366 5820 546 658 357
is_linear=0
shrinkage=0.04


Tree=67
num_leaves=14
num_cat=0
split_feature=30 10 37 12 7 36 26 35 31 9 11 25 32
split_gain=5.68517 4.53033 4.00875 3.84241 7.09385 6.55458 2.04029 2.54545 0.759441 1.47214 0.655865 0.638799 0.208175
threshold=5.5000000000000009 0.37690910696983343 3.5000000000000004 0.078832373023033156 -0.39414539933204645 0.70000000000000007 -0.20876434445381162 -0.043325521051883691 0.91075620389000689 12.500000000000002 0.93085807561874401 -0.0059247910976409903 0.9358043467595546
decision_type=2 2 2 2 2 2 2 2 2 2 2 2 2
left_child=2 6 3 5 -5 -1 7 -2 12 -10 -3 -8 -4
right_child=1 10 8 4 -6 -7 11 -9 9 -11 -12 -13 -14
leaf_value=-0.014940664668764878 -0.042217145643045469 0.045450208859111732 -0.038618233523473398 0.018728735131331001 0.0010670440655999032 0.017102994402045983 -0.03645146076868197 0.024626871735281556 0.069909639853889732 -0.044488267828879061 0.0073679479251514196 -0.020619359564498223 -0.076387282467994241
leaf_weight=43.723413445150072 1.4107458320504522 1.5978004614298691 3.9716572645484112 43.620322762144497 219.4031399140149 13.326715290546415 11.248749038291868 2.5757266133223373 0.30803793811355706 0.43295773475256283 1.3224908078555015 6.396229728859903 0.2480795303126796
leaf_count=17925 1549 248 4805 1281 47807 1135 14894 2288 163 198 143 8511 123
internal_value=8.03722e-10 -0.01856 0.00140195 0.00195498 0.00399609 -0.00745538 -0.0248733 0.000971894 -0.0342803 0.00306787 0.0282042 -0.0307124 -0.0408387
internal_weight=349.586 24.5517 325.034 320.074 263.023 57.0501 21.6315 3.98647 4.96073 0.740996 2.92029 17.645 4.21974
internal_count=101070 27633 73437 68148 49088 19060 27242 3837 5289 361 391 23405 4928
is_linear=0
shrinkage=0.04


Tree=68
num_leaves=13
num_cat=0
split_feature=10 3 23 38 37 36 6 32 29 14 34 7
split_gain=5.07948 6.45845 4.80581 4.5944 4.62836 4.31691 5.12662 4.67012 3.71017 3.24306 1.03679 0.581119
threshold=0.082111611962318434 0.38991077244281774 1.0000000180025095e-35 0.21089696071163827 1.5000000000000002 0.40129870129870138 -0.10390542075037955 0.99800000000000011 0.023254184983670715 0.11182275786995889 0.76380098452883272 -0.028413063846528527
decision_type=2 2 2 2 2 2 2 2 2 2 2 2
left_child=1 2 8 4 9 6 -5 -7 -1 -2 -4 -6
right_child=3 -3 10 5 11 7 -8 -9 -10 -11 -12 -13
leaf_value=0.00020174794395671521 0.029488647246656244 -0.083854998248466123 -0.032925133832969529 -0.021018101704414826 -0.023855737593242412 -0.003694304408758127 0.0093870965525492678 -0.055012004977924786 -0.021589336952945487 -0.012705994174382902 -0.0082756939484221574 -0.069315502616175764
leaf_weight=103.35320962259357 21.838686158131175 1.688229618303011 10.947389891647616 9.7371927675558236 1.3721235368866476 74.444806840219826 99.93737341369706 2.9497845105361185 14.221520087419774 3.3633259959169655 3.6373402612880446 0.66941411396692174
leaf_count=41628 1172 179 18313 2486 988 16818 7560 254 7077 306 4030 259
internal_value=1.98136e-10 -0.00611362 -0.00512054 0.00381823 0.0191651 0.00158321 0.00668764 -0.00565021 -0.00243404 0.0238576 -0.0267777 -0.0387619
internal_weight=348.16 133.848 132.159 214.313 27.2435 187.069 109.675 77.3946 117.575 25.202 14.5847 2.04154
internal_count=101070 71227 71048 29843 2725 27118 10046 17072 48705 1478 22343 1247
is_linear=0
shrinkage=0.04


Tree=69
num_leaves=14
num_cat=0
split_feature=11 33 37 13 29 9 30 22 9 13 13 5 11
split_gain=5.21262 6.79884 5.27804 4.99267 4.13893 3.55575 5.37169 4.86635 4.29011 5.67485 4.97176 2.76608 2.76048
threshold=0.22562196105718615 0.013186876883839556 1.0000000180025095e-35 0.77499213814735424 0.0098213627934455889 27.500000000000004 4.5000000000000009 -0.085564851760864244 23.500000000000004 1.0482100844383242 1.7607244849205019 -0.031723430380225175 0.018785762600600723
decision_type=2 2 2 2 2 2 2 2 2 2 2 2 2
left_child=1 11 3 -3 -4 8 7 -7 10 -10 -2 12 -1
right_child=5 2 4 -5 -6 6 -8 -9 9 -11 -12 -13 -14
leaf_value=0.018853881162193418 0.006560507733233043 0.0098179501988642937 0.012033824856947995 -0.011213717921244173 -0.016822490054174348 0.037307910932238286 0.030918894050675345 -0.01026229851425009 -0.03991753059272684 0.0019516369720209263 -0.049999956540780523 0.028100233036005715 -0.037854255121005854
leaf_weight=3.2050792856171055 104.49728605403652 41.10474613300903 8.8361018117284384 32.211871466148295 79.567045788611722 4.494594115298244 18.960896375705488 14.674588550289625 8.4450355347944441 13.394568388292099 2.5472001304151481 13.160463354863166 2.4033413190627471
leaf_count=203 12343 9922 2352 9590 63233 36 272 762 510 361 1031 274 181
internal_value=-1.90466e-10 -0.0047126 -0.00735738 0.000577625 -0.0139382 0.0050928 0.0158232 0.000891478 0.00191825 -0.0142385 0.00521461 0.0180759 -0.0054469
internal_weight=347.503 180.489 161.72 73.3166 88.4031 167.014 38.1301 19.1692 128.884 21.8396 107.044 18.7689 5.60842
internal_count=101070 85755 85097 19512 65585 15315 1070 798 14245 871 13374 658 384
is_linear=0
shrinkage=0.04


Tree=70
num_leaves=15
num_cat=0
split_feature=11 33 38 12 0 28 6 13 2 30 0 2 15 4
split_gain=4.72848 6.77085 5.55441 4.68401 3.51623 3.4225 3.46781 2.96847 2.9491 2.51804 2.52884 2.49139 1.69536 0.638556
threshold=0.22562196105718615 0.013186876883839556 0.081356867071152791 0.068857714533805861 0.13335958123207095 0.18621037900447848 0.4608119279146195 0.77499213814735424 -0.15645132213830945 2.5000000000000004 0.1628433167934418 -0.077388178557157503 37.731409072875984 0.11540899425745012
decision_type=2 2 2 2 2 2 2 2 2 2 2 2 2 2
left_child=1 11 7 -4 5 8 -7 -3 -2 13 -11 12 -1 -6
right_child=4 2 3 -5 9 6 -8 -9 -10 10 -12 -13 -14 -15
leaf_value=-0.031301100258684905 0.037182641444312221 0.020321569193882297 -0.023424212232295905 -0.006073545962277091 -0.030947139229888964 -0.0029656591646265913 0.014958528176300294 -0.011477151610135931 0.010581190424414452 -0.048502928228388031 0.00045083301945674165 0.026760400852420183 0.017215851150537375 -0.077926312806373174
leaf_weight=2.3149183173954979 7.5917687574983566 16.245060674133132 32.565241217183939 105.6886063835118 0.82397054309694695 67.212614828298683 23.24222315690713 6.6077059935560092 54.80322228789737 2.0220958136342224 10.230294598601175 13.982316838777477 2.2946903282427229 1.0564625860715748
leaf_count=260 192 2920 21026 58297 332 9993 481 2854 2806 393 973 299 99 145
internal_value=-1.09076e-09 -0.00450318 -0.00714081 -0.0101604 0.0048461 0.0066111 0.00163993 0.0111272 0.0138179 -0.0142428 -0.00762834 0.018353 -0.00714908 -0.0573409
internal_weight=346.681 179.699 161.107 138.254 166.983 152.85 90.4548 22.8528 62.395 14.1328 12.2524 18.5919 4.60961 1.88043
internal_count=101070 85755 85097 79323 15315 13472 10474 5774 2998 1843 1366 658 359 477
is_linear=0
shrinkage=0.04


Tree=71
num_leaves=14
num_cat=0
split_feature=37 32 18 29 10 38 12 10 29 7 14 33 7
split_gain=4.63608 9.08998 5.56474 3.9624 3.67155 3.59297 5.02242 3.95899 3.40268 2.89303 2.43507 1.27434 1.39305
threshold=1.5000000000000002 0.97920988934993092 -0.074211202561855302 0.0098213627934455889 0.34835870563983923 0.21975609756097564 0.078832373023033156 0.05556000396609307 0.0098213627934455889 0.92809888720512401 0.049766520038247115 0.97920988934993092 0.046642262488603599
decision_type=2 2 2 2 2 2 2 2 2 2 2 2 2
left_child=3 4 -3 11 8 7 -7 -5 -2 -4 -6 12 -1
right_child=1 2 9 5 10 6 -8 -9 -10 -11 -12 -13 -14
leaf_value=-0.038541842913163808 0.014048732046579429 0.02812479478816543 0.0020292629047496688 0.0013693721407295612 0.042550568296309904 -0.016771339295458054 0.0029513982241262567 0.021100109867983684 -0.023924641260792155 -0.044308610863851891 -0.0079491607707721148 -0.096926199350319056 0.017241838273108254
leaf_weight=3.3972539264650541 4.1100071790860957 14.272914065775696 9.2238532212359114 31.987868819203868 2.4527423697290933 23.548424939195684 168.33381369479685 33.116248048761918 46.399995032774314 2.8132614120841017 4.0510661442240234 0.45852137333713461 0.90762110275682051
leaf_count=1564 1605 193 782 7319 51 8697 29612 2398 47568 130 1093 42 16
internal_value=4.25091e-11 -0.00821747 0.011231 0.0026159 -0.0171923 0.00328594 0.000530958 0.0114057 -0.0208347 -0.00880062 0.0110955 -0.0335328 -0.0267807
internal_weight=345.074 83.3238 26.31 261.75 57.0138 256.986 191.882 65.1041 50.51 12.0371 6.50381 4.7634 4.30488
internal_count=101070 51422 1105 49648 50317 48026 38309 9717 49173 912 1144 1622 1580
is_linear=0
shrinkage=0.04


Tree=72
num_leaves=14
num_cat=0
split_feature=14 33 4 8 26 28 27 7 14 28 28 19 3
split_gain=4.32522 3.59481 4.90659 4.67993 4.33367 2.3609 2.18279 1.53391 1.50356 1.13162 0.331173 0.36618 0.111171
threshold=0.014608681667596103 0.013186876883839556 -0.048671390861272805 -0.39494448900222773 -0.20876434445381162 0.32166892290115362 0.52465862035751354 -0.12543020397424695 0.0013927694526501002 0.18621037900447848 0.30345375835895544 0.99734042553191504 -0.15424984693527219
decision_type=2 2 2 2 2 2 2 2 2 2 2 2 2
left_child=7 5 4 -4 -3 6 -2 8 -1 -10 12 -12 -9
right_child=1 2 3 -5 -6 -7 -8 10 9 -11 11 -13 -14
leaf_value=0.055206827804406909 0.011638662938856945 0.0047897226139875263 0.017905909664459822 0.00093450205143551625 -0.012881198540681 -0.0062067086775811032 0.040438921661756812 0.0031170359045969631 -0.026009642920570439 0.0010095628560176661 -0.025057689866658159 0.032169441505820566 -0.039228751734945194
leaf_weight=0.54942181809747381 10.117856841912731 32.623132443288341 30.693425131292315 169.90495889697922 69.535723623466765 5.6221069156599688 7.211714237695559 0.10114572462043803 5.061848590783482 4.8626659850197029 2.0677065625568507 0.19584471834241401 5.1443823391819006
leaf_count=282 408 11566 2287 25588 39424 257 43 82 5134 4233 3439 338 7989
internal_value=-3.60347e-11 0.00105438 -0.000102648 0.00353129 -0.00723821 0.0163168 0.0236239 -0.0190969 -0.00920531 -0.0127712 -0.0328941 -0.0201063 -0.0384122
internal_weight=343.692 325.709 302.757 200.598 102.159 22.9517 17.3296 17.983 10.4739 9.92451 7.50908 2.26355 5.24553
internal_count=101070 79573 78865 27875 50990 708 451 21497 9649 9367 11848 3777 8071
is_linear=0
shrinkage=0.04


Tree=73
num_leaves=12
num_cat=0
split_feature=10 3 23 5 36 36 30 34 30 17 27
split_gain=4.01389 4.82896 4.02433 3.74027 4.75086 4.72712 3.47983 3.0603 2.26273 3.63269 1.08611
threshold=0.082111611962318434 0.38991077244281774 1.0000000180025095e-35 -0.10924584418535231 0.082650273224043724 0.40129870129870138 3.5000000000000004 0.98687083429096767 3.5000000000000004 0.0087613170035183447 0.37517923116683966
decision_type=2 2 2 2 2 2 2 2 2 2 2
left_child=1 2 7 8 6 -6 -5 -1 -2 -10 -4
right_child=3 -3 10 4 5 -7 -8 -9 9 -11 -12
leaf_value=-0.0036600440438082668 0.035349099900862477 -0.078725134073411307 -0.032388851686722876 -0.0015901077447157603 0.0092772395599897712 -0.0034054799163302485 -0.047953221651133159 0.028825075292220729 -0.04333959223952575 0.036944765692802063 -0.0073622062370838669
leaf_weight=109.81537326830585 8.9455567956028954 1.4268460444000073 9.7590377755695936 5.2845490697945916 103.16694160782936 86.399940721079474 5.0802682449866552 4.8446679690387091 1.7585404739656945 1.8508260496892033 3.8766762490959072
leaf_count=48465 228 179 15406 637 9100 18399 1146 240 297 36 6937
internal_value=-1.52314e-09 -0.00554441 -0.00473052 0.00338484 0.00205497 0.00349677 -0.0243148 -0.00228747 0.0245626 -0.00217104 -0.0252737
internal_weight=342.209 129.723 128.296 212.487 199.932 189.567 10.3648 114.66 12.5549 3.60937 13.6357
internal_count=101070 71227 71048 29843 29282 27499 1783 48705 561 333 22343
is_linear=0
shrinkage=0.04


Tree=74
num_leaves=14
num_cat=0
split_feature=37 6 7 3 36 15 10 13 13 1 2 32 37
split_gain=3.75558 5.89609 6.41042 7.70271 3.33384 6.59237 5.14119 4.83253 4.60842 3.25616 3.2458 2.08657 0.840488
threshold=1.0000000180025095e-35 -0.26931938529014582 -0.39414539933204645 0.38991077244281774 0.40129870129870138 78.731945037841811 0.15943126380443576 1.1949836611747744 1.5337212681770327 -0.03682089410722255 -0.32900871336460108 0.61175823682556796 1.5000000000000002
decision_type=2 2 2 2 2 2 2 2 2 2 2 2 2
left_child=4 11 9 -4 6 7 10 -6 -8 -3 -1 12 -2
right_child=1 2 3 -5 5 -7 8 -9 -10 -11 -12 -13 -14
leaf_value=0.028043299917475322 -0.064521830477454245 -0.0098150117419372306 -0.011156094422136205 0.008792219710696287 0.0065929626802714008 -0.080753546685119151 0.023388057397385826 -0.021373055217188214 -0.015863763554138727 0.024577714306111532 -0.0022868380870470087 0.033994465547287016 -0.02797767507116114
leaf_weight=6.3097132736584163 3.3497673465608377 5.7717500480939661 112.0514722751941 42.800678974424955 35.705156259991782 1.7226414447650302 40.24722607419244 13.671849452010063 5.4316453088249537 18.59257532589254 53.618997560726712 0.47935439023422066 1.4397761140571672
leaf_count=275 739 750 70837 2134 6069 202 1120 2983 460 766 13705 85 945
internal_value=-1.34427e-09 -0.00386779 -0.00264167 -0.00564244 0.00455339 -0.003834 0.00861174 -0.00115046 0.0187206 0.0164303 0.000906531 -0.045573 -0.0535364
internal_weight=341.193 184.485 179.216 154.852 156.707 51.0996 105.608 49.377 45.6789 24.3643 59.9287 5.2689 4.78954
internal_count=101070 76256 74487 72971 24814 9254 15560 9052 1580 1516 13980 1769 1684
is_linear=0
shrinkage=0.04


Tree=75
num_leaves=15
num_cat=0
split_feature=11 8 4 18 29 33 9 30 18 14 30 14 32 9
split_gain=4.00384 5.24588 4.4342 5.57674 4.30155 6.46901 3.97922 5.13635 5.01951 4.80909 5.15042 3.68031 3.67475 3.46826
threshold=0.22562196105718615 -0.4505679309368133 -0.13765411823987958 -0.0067725761327892533 0.011628537904471161 0.9744135297326787 27.500000000000004 4.5000000000000009 0.10493197664618494 0.045970398932695396 1.5000000000000002 0.056103816255927093 0.74151101118413487 25.500000000000004
decision_type=2 2 2 2 2 2 2 2 2 2 2 2 2 2
left_child=1 2 3 -1 5 -3 9 8 -8 12 -11 -4 -2 -6
right_child=6 4 11 -5 13 -7 7 -9 -10 10 -12 -13 -14 -15
leaf_value=-0.013842699411213388 -0.04198668630457917 0.0074934941245345769 0.024885801607827277 0.010937813802952966 -0.011490863760813543 -0.084991585037926157 -0.0087200721343534283 0.03049896102645764 0.0437557006893411 -0.061625139821664357 -0.00089238959971639986 -0.010577376104815723 0.02495266982094969 -0.033806517816013688
leaf_weight=33.704510125586239 1.420610298722752 24.39368907027529 20.064104304830838 25.541948611753469 50.032331446036551 1.2732428714953119 15.510786115555677 19.05322101037018 3.591903288208413 2.2825353123771484 105.44414025671722 6.1074378698831415 17.187068113795249 14.336261805452521
leaf_count=10657 996 11205 1531 2390 50768 318 736 272 62 588 11688 635 973 8251
internal_value=-6.16879e-10 -0.00420324 0.00289778 -0.00315949 -0.0109401 0.00290565 0.00448338 0.015804 0.00114702 0.0010643 -0.00217921 0.0166101 0.0198422 -0.016461
internal_weight=339.944 175.454 85.418 59.2465 90.0355 25.6669 164.49 38.1559 19.1027 126.334 107.727 26.1715 18.6077 64.3686
internal_count=101070 85755 15213 13047 70542 11523 15315 1070 798 14245 12276 2166 1969 59019
is_linear=0
shrinkage=0.04


Tree=76
num_leaves=15
num_cat=0
split_feature=11 33 38 31 28 34 12 9 18 8 9 7 14 7
split_gain=3.77913 5.16668 4.69331 3.65615 3.08304 4.44349 5.96976 4.36393 2.9908 3.32156 2.75415 2.14272 2.07639 3.03003
threshold=0.22562196105718615 0.013186876883839556 0.081356867071152791 0.83367071524966274 0.16808715462684634 0.77087922173274614 0.57446658611297619 6.5000000000000009 0.011260871309787037 -0.32103224098682398 27.500000000000004 -0.37533210217952723 0.070061400532722487 -0.54337951540946949
decision_type=2 2 2 2 2 2 2 2 2 2 2 2 2 2
left_child=1 12 10 -4 8 6 -6 -7 9 -2 -3 -10 13 -1
right_child=4 2 3 -5 5 7 -8 -9 11 -11 -12 -13 -14 -15
leaf_value=0.018481366414732137 0.025778304160090488 0.014353672881980473 -0.01268849434508524 0.0036284172378562886 -0.021784698866117717 0.024263019692951877 0.017887890607304013 -0.01069737374115198 -0.088858194998590156 0.0062854840148929324 -0.037937447703984384 -0.0093876664626351154 0.028664956460177079 -0.032133383635092112
leaf_weight=5.6819451686460525 21.601994398239185 21.020819685920291 105.90263862179927 27.723879739460244 7.4913656087883274 6.3989245721604666 31.956214380305028 53.274770982883638 0.68809870336554046 39.674993421227555 1.7453908201568982 2.5715208053006782 9.735289293836102 2.837408370531195
leaf_count=187 1401 5388 68776 10547 4013 509 2208 5100 97 1112 386 875 142 329
internal_value=1.22829e-10 -0.0040925 -0.00644302 -0.00930318 0.00436731 -6.26584e-05 0.0103538 -0.0069485 0.0111713 0.0131573 0.0103447 -0.0261637 0.016045 0.0016239
internal_weight=338.305 174.647 156.393 133.627 163.658 99.1213 39.4476 59.6737 64.5366 61.277 22.7662 3.25962 18.2546 8.51935
internal_count=101070 85755 85097 79323 15315 11830 6221 5609 3485 2513 5774 972 658 516
is_linear=0
shrinkage=0.04


Tree=77
num_leaves=14
num_cat=0
split_feature=37 6 7 6 15 29 36 33 32 9 7 37 17
split_gain=3.7106 5.00418 5.20271 6.60209 3.0612 3.16363 2.9983 2.73716 1.85159 1.50094 0.869416 0.724109 0.298712
threshold=1.0000000180025095e-35 -0.26931938529014582 -0.41027496755123133 0.069801211357116713 15.802764415740969 0.0090180039405822771 0.40129870129870138 0.20518418990034712 0.61175823682556796 23.500000000000004 -0.41027496755123133 1.5000000000000002 -0.0093185352161526663
decision_type=2 2 2 2 2 2 2 2 2 2 2 2 2
left_child=4 8 7 -4 10 9 -7 -3 11 -6 -1 -2 -12
right_child=1 2 3 -5 5 6 -8 -9 -10 -11 12 -13 -14
leaf_value=-0.05267444819701711 -0.062043231063075695 0.0098092380032306341 -0.0146224210946223 0.0019464672807098338 -0.019264042153880868 0.010064612292725546 -0.0019577391221892028 0.049623770038252434 0.031187778477518826 -0.10273369394401698 -0.03015613899000507 -0.02768568909789812 -0.0056175867358506625
leaf_weight=1.467966458701994 3.1034256246930445 17.101007976976693 67.918753966776421 88.768295855967153 0.83043662100680993 100.2235661175655 49.624797506690811 3.2950432812795034 0.48318264045519743 0.5892795902909711 1.3422713365725938 1.4354442240437491 1.9422621477788191
leaf_count=277 739 1162 65539 7757 337 13185 8693 29 85 115 904 945 1303
internal_value=-1.5074e-09 -0.00387858 -0.00276193 -0.00523561 0.00452703 0.00552015 0.00608321 0.0162414 -0.0432529 -0.0539097 -0.0270832 -0.0511775 -0.0156456
internal_weight=338.126 182.105 177.083 156.687 156.021 151.268 149.848 20.3961 5.02205 1.41972 4.7525 4.53887 3.28453
internal_count=101070 76256 74487 73296 24814 22330 21878 1191 1769 452 2484 1684 2207
is_linear=0
shrinkage=0.04


Tree=78
num_leaves=14
num_cat=0
split_feature=37 34 6 28 9 29 1 11 10 3 4 4 33
split_gain=3.51581 7.5513 6.17387 3.81296 5.01564 3.65699 2.99805 3.39348 3.14994 2.98699 2.91075 2.49545 2.16953
threshold=1.5000000000000002 0.73695553539019965 0.4608119279146195 0.18621037900447848 22.500000000000004 0.010110457893460991 0.26684363186359411 1.0701027512550356 0.84486079216003429 0.064920619130134596 1.2381322383880617 0.35139884054660803 0.85360751097050735
decision_type=2 2 2 2 2 2 2 2 2 2 2 2 2
left_child=5 2 11 10 -5 9 7 -7 -8 12 -3 -2 -1
right_child=1 3 -4 4 -6 6 8 -9 -10 -11 -12 -13 -14
leaf_value=-0.038137189582524281 -0.02046458234937519 0.021392933446269101 0.030169550357614778 0.005237596084886019 -0.042503121977613668 0.0026823165126191829 -0.03582927320527618 0.021959651338618928 0.0083066833790815409 -0.11949212669175584 -0.063145912651897368 -0.056400773916012267 0.014524069703994214
leaf_weight=3.5924757647153447 35.343671130311122 18.281166524117001 3.7459950416814527 13.473208381619772 4.7667348319955627 224.90571904203171 6.3030037577700551 15.625798203080192 4.3887106488109566 0.52669265819713462 0.67573380470275779 3.3881356761412453 1.9210513835132585
leaf_count=1799 40597 4713 78 3832 1498 46232 917 301 176 46 25 679 177
internal_value=7.54946e-11 -0.00734221 -0.0188657 0.00581727 -0.00723872 0.00227389 0.00301337 0.00393464 -0.0177124 -0.0284826 0.0183795 -0.0236082 -0.0197887
internal_weight=336.938 79.6746 42.4778 37.1968 18.2399 257.263 251.223 240.532 10.6917 6.04022 18.9569 38.7318 5.51353
internal_count=101070 51422 41354 10068 5330 49648 47626 46533 1093 2022 4738 41276 1976
is_linear=0
shrinkage=0.04


Tree=79
num_leaves=15
num_cat=0
split_feature=14 34 4 21 33 11 28 7 28 33 30 12 28 8
split_gain=3.18234 3.66407 4.5379 4.01463 3.4896 5.62425 2.28894 1.54867 1.44494 2.11098 1.13099 0.451409 0.355959 0.378965
threshold=0.014608681667596103 0.20842198581560287 -0.31323200464248652 0.50133689839572204 0.013186876883839556 0.22562196105718615 0.32166892290115362 -0.12543020397424695 0.16912335157394412 0.63346055979643767 3.5000000000000004 0.092781517654657378 0.30345375835895544 -0.17960795760154721
decision_type=2 2 2 2 2 2 2 2 2 2 2 2 2 2
left_child=7 2 10 -4 6 -6 -3 8 11 -10 -2 -1 -9 -14
right_child=1 4 3 -5 5 -7 -8 12 9 -11 -12 -13 13 -15
leaf_value=-0.029242455079641121 -0.084415457289939766 0.022373869863013787 0.034509731603746908 -0.018370569173795467 -0.0076957693726485499 0.0037229276343425321 -0.0074096925111436073 -0.037669220655411728 0.0012718045156541093 0.11062504111318085 -0.01633385236964853 0.00094494637911273806 0.013261632713475699 -0.027121791607905541
leaf_weight=3.7685286626656325 0.6853901171634813 16.864230543171292 13.048851417486729 2.7878594414469253 124.1720560267604 155.37586282174743 5.4669557821180197 4.7353475633826738 5.0039635467182961 0.29934616513492063 0.90710687243699795 1.00365495591177 0.48131718842341831 1.6340771317773031
leaf_count=4269 155 444 2653 2449 58900 14384 252 8071 4366 184 336 830 599 3178
internal_value=1.98303e-09 0.000895958 0.0187285 0.0252008 -0.000133619 -0.00134913 0.0150825 -0.0169019 -0.00692506 0.00744427 -0.0456353 -0.0228936 -0.0315751 -0.0179333
internal_weight=336.235 319.308 17.4292 15.8367 301.879 279.548 22.3312 16.9262 10.0755 5.30331 1.5925 4.77218 6.85074 2.11539
internal_count=101070 79573 5593 5102 73980 73284 696 21497 9649 4550 491 5099 11848 3777
is_linear=0
shrinkage=0.04


Tree=80
num_leaves=15
num_cat=0
split_feature=11 33 38 36 28 34 12 11 14 8 4 4 5 12
split_gain=2.9991 4.71655 4.27452 3.19301 2.87914 5.15242 5.41309 4.30754 2.62471 2.3221 5.2158 4.22855 2.23895 2.21974
threshold=0.22562196105718615 0.013186876883839556 0.081356867071152791 0.93070330969267145 0.16808715462684634 0.77087922173274614 0.57446658611297619 0.77047929167747509 0.092915054410696044 -0.32103224098682398 -0.38894250988960261 0.57985761761665355 -0.038385583087801926 0.0054449937306344518
decision_type=2 2 2 2 2 2 2 2 2 2 2 2 2 2
left_child=1 12 8 -4 9 6 -6 -7 -3 10 -2 -11 13 -1
right_child=4 2 3 -5 5 7 -8 -9 -10 11 -12 -13 -14 -15
leaf_value=0.019070509818567519 -0.039011446758668071 0.014188249033430324 -0.0097313732787844883 0.032642305878482256 -0.020421573768999234 -0.016354329571817802 0.017594113856267274 0.0057938273958043872 -0.035622500576242659 -0.0094054668192150234 0.02681716658690109 0.01647465200251742 0.023371972775948692 -0.03650489161167679
leaf_weight=2.2912655443651628 2.1225579850433887 20.633869822897399 127.4323461385975 2.910276876151328 7.3255142512425655 36.609777992081945 32.944682623594417 22.800028544617817 1.8438541807990976 18.405046303276322 20.774982698902022 22.389501275436487 13.910272466739114 2.3083697436086368
leaf_count=135 344 5462 78585 738 4013 4578 2208 1031 312 1162 1724 255 301 222
internal_value=-4.26247e-10 -0.00369741 -0.00600717 -0.00878526 0.00387752 -0.000367125 0.0106787 -0.00785441 0.0101023 0.0105205 0.020715 0.00479846 0.0153723 -0.00882052
internal_weight=334.702 171.33 152.82 130.343 163.372 99.68 40.2702 59.4098 22.4777 63.6921 22.8975 40.7945 18.5099 4.59964
internal_count=101070 85755 85097 79323 15315 11830 6221 5609 5774 3485 2068 1417 658 357
is_linear=0
shrinkage=0.04


Tree=81
num_leaves=15
num_cat=0
split_feature=11 8 29 33 4 25 8 26 30 10 13 27 34 7
split_gain=3.08052 4.38402 4.39347 5.81763 4.24526 4.54366 3.05754 2.94807 2.81495 3.08788 2.86678 5.48537 3.62336 1.21371
threshold=0.22562196105718615 -0.4505679309368133 0.011628537904471161 0.9744135297326787 -0.13765411823987958 -0.010058134794235228 -0.63988420367240895 -0.11283147335052489 1.5000000000000002 0.028767007403075699 1.2083530426025393 0.58641260862350475 0.7106650608858559 0.13789179176092151
decision_type=2 2 2 2 2 2 2 2 2 2 2 2 2 2
left_child=1 4 3 -3 5 -1 -6 -4 9 -2 12 -12 -10 -11
right_child=8 2 7 -5 6 -7 -8 -9 10 13 11 -13 -14 -15
leaf_value=-0.012940626823843358 0.041984644834976804 0.0084802736977095169 -0.0072864463448354677 -0.081759226721537903 -0.022795370635404016 0.0096357408814291418 0.021033621268344606 -0.024718615378391765 0.0098865462348480537 -0.03220770776836674 0.01449511215558268 -0.026110002368635966 -0.0062913751374531921 -0.088569408739587005
leaf_weight=33.19419529906736 0.72005095909116734 23.754689228764622 32.041322042339743 1.2008543624833681 2.8618835472734672 25.009616646515497 23.119703120530176 30.107854225861956 36.741893055223045 1.8253635139844848 61.518927835139039 5.8273216316010794 55.777024151713704 0.9191418905975296
leaf_count=10348 10 11205 27792 318 193 2699 1973 31227 4798 634 3406 1984 4375 108
internal_value=1.3396e-09 -0.00374768 -0.0100388 0.00413797 0.00276159 -0.00323978 0.0162058 -0.0157314 0.00393034 -0.0317407 0.00470339 0.0109816 0.000133338 -0.0510834
internal_weight=334.62 171.29 87.1047 24.9555 84.1854 58.2038 25.9816 62.1492 163.33 3.46456 159.865 67.3462 92.5189 2.74451
internal_count=101070 85755 70542 11523 15213 13047 2166 59019 15315 752 14563 5390 9173 742
is_linear=0
shrinkage=0.04


Tree=82
num_leaves=14
num_cat=0
split_feature=37 3 29 30 4 7 29 12 35 6 14 7 37
split_gain=3.03136 4.24836 5.29973 4.73499 3.53406 5.95368 3.18336 3.64398 3.03167 7.77554 4.39154 2.81195 0.442803
threshold=1.0000000180025095e-35 0.38991077244281774 0.015999388415366415 3.5000000000000004 -0.44574312865734095 -0.41027496755123133 0.010110457893460991 0.42195914685726171 -0.0036614617565646763 0.28279742598533636 0.1535497456789017 -0.16907810419797895 1.5000000000000002
decision_type=2 2 2 2 2 2 2 2 2 2 2 2 2
left_child=6 4 -3 -4 12 -6 7 11 10 -10 -8 -1 -2
right_child=1 2 3 -5 5 -7 8 -9 9 -11 -12 -13 -14
leaf_value=-0.044807330260140985 -0.062569692384579587 -0.028489885932785466 -0.024059465589984775 0.018708771654320007 0.013598107743734704 -0.0096821728630603569 0.009322071039967135 -0.098588663750381653 0.00061662293792217303 -0.066146726102664588 -0.060829982376546687 0.033426935080266312 -0.027758920540232435
leaf_weight=1.6228092331148223 1.9043201837339432 5.6537049160106099 4.7633769575913893 31.744199160821154 20.81838977363077 112.86564753229686 109.75190802713769 0.97259564860723902 36.513579092777945 3.0221036925795479 1.4465808866516443 1.3437539185688356 0.84368733255541872
leaf_count=772 412 208 674 1267 1519 71650 15679 58 7388 395 246 276 526
internal_value=1.20611e-10 -0.00355024 0.00754762 0.0131285 -0.00697979 -0.00605677 0.00409928 -0.0313983 0.00502695 -0.00448676 0.00840946 -0.00936982 -0.0518822
internal_weight=333.267 178.593 42.1613 36.5076 136.432 133.684 154.673 3.93916 150.734 39.5357 111.198 2.96656 2.74801
internal_count=101070 76256 2149 1941 74107 73169 24814 1106 23708 7783 15925 1048 938
is_linear=0
shrinkage=0.04


Tree=83
num_leaves=12
num_cat=0
split_feature=37 8 33 6 5 5 13 32 33 34 27
split_gain=2.97543 4.10591 4.99106 5.60709 3.25058 4.31318 5.63573 4.18252 2.04562 1.76111 0.659802
threshold=1.0000000180025095e-35 -0.78009352087974537 0.013186876883839556 0.069801211357116713 -0.15980391949415204 0.012606631033122541 1.4133266210556032 0.99101119056276021 0.48948098315186933 0.75534197790156166 0.48199851810932165
decision_type=2 2 2 2 2 2 2 2 2 2 2
left_child=4 -2 10 -4 8 7 -7 -6 9 -1 -3
right_child=1 2 3 -5 5 6 -8 -9 -10 -11 -12
leaf_value=0.021597734326346003 -0.072934950519280561 0.016032673619059648 -0.012153843088135819 0.002439469804086096 -0.0023040143808346803 0.014090913995052514 -0.017914669717885825 -0.045171306533833347 0.034751945769623753 -0.028510239816462495 0.039492568219822485
leaf_weight=2.850417695764917 1.353234495356445 3.610644861470063 79.572337630706897 89.516201837315748 67.875440672407422 59.546437458790024 10.329807583439104 3.8481760051799929 8.4990751683362742 1.8510508419421965 4.0920141368405893
leaf_count=197 166 252 67990 7775 17293 5117 1598 142 237 230 73
internal_value=8.44846e-10 -0.00352491 -0.00299362 -0.00442808 0.00405647 0.00228669 0.00935953 -0.00460397 0.0230406 0.00186934 0.0284957
internal_weight=332.945 178.144 176.791 169.089 154.8 141.6 69.8762 71.7236 13.2005 4.70147 7.70266
internal_count=101070 76256 76090 75765 24814 24150 6715 17435 664 427 325
is_linear=0
shrinkage=0.04


Tree=84
num_leaves=14
num_cat=0
split_feature=11 33 2 8 9 14 13 32 9 6 34 11 14
split_gain=2.90035 4.09394 4.48281 3.19166 2.90038 4.46406 4.40713 5.14223 4.37241 2.75312 2.37319 3.116 1.64865
threshold=0.22562196105718615 0.013186876883839556 -0.32900871336460108 -0.57901108264923085 27.500000000000004 0.045970398932695396 1.1315961480140688 0.98249444572129019 5.5000000000000009 0.096862275153398528 0.94517657938847477 0.096673879772424712 0.096483834087848677
decision_type=2 2 2 2 2 2 2 2 2 2 2 2 2
left_child=1 10 12 -4 5 9 7 -6 -7 -2 11 -1 -3
right_child=4 2 3 -5 6 8 -8 -9 -10 -11 -12 -13 -14
leaf_value=0.015459869173405865 -0.030005712551394424 0.03260076913388707 -0.023535405051681963 -0.0053190425846260997 0.015218470748080595 0.016837571345867958 0.027223222968175843 -0.030176628918564583 -0.0057815014462706772 0.022969667457374086 0.033371015034007023 -0.032469278771177307 -0.0029268367926884821
leaf_weight=8.5656218700460176 1.7187781764805574 6.334483915648887 17.553720355201222 124.79631378277554 11.433642923773734 16.142761998584319 18.822939412901178 6.134831673000007 89.405750638965401 18.088291865889914 6.6344655173888887 2.9067936767823985 3.1187962443800643
leaf_count=459 1069 384 2881 81507 574 2279 239 257 9997 900 73 126 325
internal_value=5.28306e-10 -0.00364963 -0.00579401 -0.00756537 0.00383382 0.000947818 0.0137751 -0.000633292 -0.0023221 0.0183727 0.0143283 0.00331595 0.0208796
internal_weight=331.657 169.91 151.803 142.35 161.747 125.356 36.3914 17.5685 105.549 19.8071 18.1069 11.4724 9.45328
internal_count=101070 85755 85097 84388 15315 14245 1070 831 12276 1969 658 585 709
is_linear=0
shrinkage=0.04


Tree=85
num_leaves=14
num_cat=0
split_feature=37 6 13 29 1 5 5 13 15 33 34 32 37
split_gain=2.86882 3.95118 4.14993 6.24607 6.08486 3.11275 3.06735 4.91066 3.71603 1.39285 1.42763 1.26465 0.527173
threshold=1.0000000180025095e-35 -0.26931938529014582 1.4322991371154787 0.013801028020679952 0.26684363186359411 -0.15980391949415204 0.012606631033122541 1.4133266210556032 72.181430816650405 0.48948098315186933 0.74472536277040868 0.61175823682556796 1.5000000000000002
decision_type=2 2 2 2 2 2 2 2 2 2 2 2 2
left_child=5 11 4 -4 -3 9 8 -8 -7 10 -1 12 -2
right_child=1 2 3 -5 -6 6 7 -9 -10 -11 -12 -13 -14
leaf_value=0.022930417293340558 -0.058331811087315673 -0.0040315226567570594 -0.03366176240243067 0.019347388018704514 -0.060436178982512051 -0.0063256597284977942 0.012500405107996276 -0.017803513600960913 0.027932062935199783 0.032533852120656653 -0.020486566524361285 0.023650023997666501 -0.028025603582360739
leaf_weight=3.0988175584352566 2.60825425342773 141.18503026453254 4.1732712899247444 24.065229833497142 3.1279330536635817 64.927448491343966 59.937650610321725 9.9805091576927207 5.4949584563728413 8.2963526463718136 1.989887525240192 0.44154367246665049 1.4174184371004228
leaf_count=190 739 65375 2330 6227 555 17299 5117 1598 136 237 237 85 945
internal_value=-2.76155e-10 -0.00347159 -0.00251004 0.0115133 -0.00525407 0.00399762 0.00223979 0.00817465 -0.00365258 0.0224283 0.00595264 -0.0406127 -0.0476612
internal_weight=330.744 177.019 172.551 28.2385 144.313 153.726 140.341 69.9182 70.4224 13.3851 5.08871 4.46722 4.02567
internal_count=101070 76256 74487 8557 65930 24814 24150 6715 17435 664 427 1769 1684
is_linear=0
shrinkage=0.04


Tree=86
num_leaves=13
num_cat=0
split_feature=2 14 11 33 0 17 25 13 38 34 7 15
split_gain=2.90136 4.0882 3.37756 4.67633 3.40464 4.51418 3.24096 3.17364 2.99762 1.98249 1.01835 0.268426
threshold=-0.32900871336460108 0.10331201180815698 0.22562196105718615 0.013186876883839556 0.13335958123207095 -0.0109969200566411 -0.10522484779357909 1.2083530426025393 0.12579113924050636 0.94860790139760109 -0.39414539933204645 27.757900238037113
decision_type=2 2 2 2 2 2 2 2 2 2 2 2
left_child=1 10 3 9 7 -6 -5 -4 -3 -2 11 -1
right_child=2 8 4 6 5 -7 -8 -9 -10 -11 -12 -13
leaf_value=0.0053562603900460552 0.0046003035729855679 -0.073103103970548478 0.00036652476358379793 -0.037126473863729727 -0.084501636379928038 -0.0080462487349042353 -0.006038683419671005 0.012391302994753516 0.01249731737014783 0.032642536614660579 0.043161362907886282 0.027019008282179246
leaf_weight=1.8796439305879169 11.296586894462964 1.1410506368556519 88.221246123262972 5.5861250073503461 1.3755676682048932 12.144462595533694 135.8805434272399 58.340555709801265 1.5352123051998203 6.2740023723454206 5.4640821655630125 1.7836872014449907
leaf_count=239 573 237 8947 3533 123 1700 80855 4484 107 61 137 74
internal_value=9.30137e-10 0.0194745 -0.000720327 -0.00484896 0.00338137 -0.015825 -0.00726625 0.00515312 -0.0239993 0.0146135 0.0322215 0.0159039
internal_weight=330.923 11.8037 319.119 159.037 160.082 13.52 141.467 146.562 2.67626 17.5706 9.12741 3.66333
internal_count=101070 794 100276 85022 15254 1823 84388 13431 344 634 450 313
is_linear=0
shrinkage=0.04


Tree=87
num_leaves=12
num_cat=0
split_feature=10 6 22 31 33 13 17 27 13 15 16
split_gain=2.67104 4.54512 4.25053 4.2728 6.37547 4.16352 3.6571 3.56758 3.34192 2.76677 2.37306
threshold=0.014861226081848146 0.10773115232586862 -0.057316489517688744 0.70316067351598177 0.013186876883839556 1.9479020833969118 -0.018991194665431973 0.37600411474704748 0.39466179907321935 26.042364120483402 0.15986111111111115
decision_type=2 2 2 2 2 2 2 2 2 2 2
left_child=1 5 6 4 -4 10 9 -5 -8 -2 -1
right_child=2 -3 3 7 -6 -7 8 -9 -10 -11 -12
leaf_value=-0.020950509515438673 -0.024069201652631968 -0.10335059610410055 0.024042590415295013 0.0068586780970618993 -0.01350203555206613 0.15997222260030111 0.028449744350128172 -0.0058354063844731257 -0.0018157974847729972 0.030866021470550842 -0.0014044026220930777
leaf_weight=15.33237440398443 1.6084628660464684 0.80392747666337427 8.1842849154199921 106.96598052380432 62.49871659517521 0.23659461198258114 7.2698057930538189 52.962936277068366 29.625991145599983 16.662967957541696 28.248369282075146
leaf_count=10803 513 87 180 15018 35718 98 511 11271 7004 1444 18423
internal_value=-1.33459e-10 -0.00910174 0.00142114 -0.00096484 -0.0091548 -0.00737253 0.0113951 0.00265484 0.00414761 0.02603 -0.00828102
internal_weight=330.4 44.6213 285.779 230.612 70.683 43.8173 55.1672 159.929 36.8958 18.2714 43.5807
internal_count=101070 29411 71659 62187 35898 29324 9472 26289 7515 1957 29226
is_linear=0
shrinkage=0.04


Tree=88
num_leaves=12
num_cat=0
split_feature=2 14 11 33 25 8 27 15 34 1 33
split_gain=2.72589 3.36881 3.30231 3.81663 3.12987 2.41041 6.62132 3.79041 2.07131 1.94238 0.888952
threshold=-0.32900871336460108 0.10331201180815698 0.22562196105718615 0.013186876883839556 -0.10522484779357909 -0.10974901914596556 0.13746654987335208 73.938228607177749 0.82447894051237525 0.070908997207880034 0.32079402515723277
decision_type=2 2 2 2 2 2 2 2 2 2 2
left_child=1 10 3 9 -5 7 -7 -4 -3 -2 -1
right_child=2 8 5 4 -6 6 -8 -9 -10 -11 -12
leaf_value=0.012111439937265352 0.003768168460584081 0.017207294168108334 0.0026849312622319512 -0.036569997831032174 -0.0057823575586914613 -0.062272998486506317 -0.00036358229402314707 0.02053563757024934 -0.054956385245376708 0.032499458714319758 0.038487324921446318
leaf_weight=3.0236549045657721 11.868673095505075 1.1764977382845239 88.117873614493874 5.4979576220794106 135.23061542112191 2.9484118263935661 44.212859478851897 24.275773854664294 1.3862621850712455 5.5138321344857095 6.3133330026175827
leaf_count=290 584 53 11575 3533 80855 155 2393 1131 291 50 160
internal_value=-1.16395e-09 0.0187957 -0.000704088 -0.00480101 -0.00698516 0.00335576 -0.00423401 0.00654048 -0.0218279 0.0128819 0.0299459
internal_weight=329.566 11.8997 317.666 158.111 140.729 159.555 47.1613 112.394 2.56276 17.3825 9.33699
internal_count=101070 794 100276 85022 84388 15254 2548 12706 344 634 450
is_linear=0
shrinkage=0.04


Tree=89
num_leaves=14
num_cat=0
split_feature=37 18 30 33 32 29 18 2 2 34 13 26 14
split_gain=2.56894 3.87508 6.36034 5.76904 6.74089 4.96642 4.32153 3.70029 3.42583 3.02743 6.60985 6.5598 1.05154
threshold=1.0000000180025095e-35 -0.0056198209058493367 3.5000000000000004 0.99331096196868018 0.98691383394697041 0.013166180346161129 -0.060471355915069573 -0.0059512741863727561 -0.32900871336460108 0.92088178294573653 1.2147707939147951 -0.097023963928222642 0.077736288309097304
decision_type=2 2 2 2 2 2 2 2 2 2 2 2 2
left_child=8 3 5 4 -2 -3 -5 -4 12 10 -10 -11 -1
right_child=1 2 7 6 -6 -7 -8 -9 9 11 -12 -13 -14
leaf_value=0.037461710251601998 -0.0090982978377666564 0.042207509498337362 0.028872373618600497 0.02612240919784143 -0.052350017247828798 -0.02521091969451417 -0.017672631967251624 0.0046442357061575752 0.0015599151033564482 0.016655212533608289 -0.032486139575095378 -0.016290249304924138 0.011872030074365721
leaf_weight=5.7219753365498018 84.369351746579923 1.9834112195239892 13.824718991596454 12.176460169721397 6.1882926101825424 14.74596299098266 5.121236330800456 37.294182109671965 75.875842883997393 43.865802874686779 10.370916363644936 12.4042646959424 4.6631796604488045
leaf_count=108 50637 249 4088 204 450 7782 339 12507 17498 2159 3743 1072 234
internal_value=-1.47424e-10 -0.00329925 0.00419039 -0.00801075 -0.0120539 -0.0172179 0.0131562 0.0111966 0.00379126 0.002175 -0.00253402 0.00939266 0.0259713
internal_weight=328.606 175.704 67.8483 107.855 90.5576 16.7294 17.2977 51.1189 152.902 142.517 86.2468 56.2701 10.3852
internal_count=101070 76256 24626 51630 51087 8031 543 16595 24814 24472 21241 3231 342
is_linear=0
shrinkage=0.04


Tree=90
num_leaves=15
num_cat=0
split_feature=14 34 21 13 7 4 8 28 33 1 7 29 7 35
split_gain=2.48853 3.81554 3.74545 3.04136 3.27586 2.70244 1.53812 1.55032 1.98943 1.10771 0.91688 0.358219 0.139547 0.225546
threshold=0.014608681667596103 0.20842198581560287 0.50133689839572204 0.29886850714683538 -0.47050967812538141 -0.31323200464248652 -0.17960795760154721 0.16912335157394412 0.037113559840832575 0.10758471488952638 -0.45448091626167292 0.011276178061962129 -0.10513405874371527 -0.01257649017497897
decision_type=2 2 2 2 2 2 2 2 2 2 2 2 2 2
left_child=6 2 5 10 -5 -2 7 11 -9 -4 -3 -1 13 -8
right_child=1 3 9 4 -6 -7 12 8 -10 -11 -12 -13 -14 -15
leaf_value=-0.0017431972216776039 -0.031704602551718246 -0.078167352788123909 -0.034853114581083727 0.011776660201972633 -0.0014495964350508797 0.033277617734229263 -0.031096704836639698 -0.076132456706749313 0.013042990441627487 0.019729178458189486 -0.025069027802170508 -0.028246701259968449 -0.03608208515006197 0.022257815118369616
leaf_weight=1.0142020931816675 1.1130683584560763 0.91564473678590763 2.2826709619948811 33.88031840097392 259.0747158375234 12.791966505261371 0.44294114403965068 0.43085931618406892 5.6388165492826374 0.80458536106743839 1.2051574575161783 4.1740968883786991 4.4238246787390372 0.17759673935142917
leaf_count=925 356 141 2454 1699 71713 2653 752 199 5267 130 427 5362 8641 351
internal_value=8.39329e-10 0.000795884 0.0192271 -0.000265499 8.00232e-05 0.0280759 -0.0152352 -0.00701083 0.00671282 -0.0206281 -0.0479939 -0.0230658 -0.0335904 -0.0158267
internal_weight=328.37 312.068 16.9923 295.076 292.955 13.905 16.3023 11.258 6.06968 3.08726 2.1208 5.1883 5.04436 0.620538
internal_count=101070 79573 5593 73980 73412 3009 21497 11753 5466 2584 568 6287 9744 1103
is_linear=0
shrinkage=0.04


Tree=91
num_leaves=11
num_cat=0
split_feature=10 6 38 16 13 1 5 13 16 8
split_gain=2.41404 3.85226 3.68975 4.79004 3.45165 3.36151 3.11673 2.77767 2.01371 0.526521
threshold=0.014861226081848146 0.11367904022336008 0.12579113924050636 0.65250447227191433 1.9479020833969118 -0.22610931843519208 -0.038957284763455384 1.4423400759696963 0.15986111111111115 -0.59541988372802723
decision_type=2 2 2 2 2 2 2 2 2 2
left_child=1 4 3 7 8 -4 -7 -2 -1 -5
right_child=2 -3 5 9 -6 6 -8 -9 -10 -11
leaf_value=-0.019916790397569745 0.019911216269216575 -0.10170425583100706 0.031938424419486869 -0.084006184316752316 0.13283302014461038 -0.012956675554727308 0.00072286514077585424 -0.048710832398019009 -0.0017720220772427329 -0.035006971822697922
leaf_weight=15.055178289378089 30.122125113037331 0.70148494269233097 5.0686451293877317 0.45421621785499144 0.27976896321342692 30.413966271524259 215.2553447486207 0.97431372565915708 27.962450102699222 1.5422755909603427
leaf_count=10805 4210 79 246 69 98 8653 57161 490 18429 830
internal_value=5.99211e-11 -0.008718 0.00135145 0.0139051 -0.00721148 -0.000305414 -0.000970668 0.0177612 -0.00812227 -0.0461546
internal_weight=327.83 43.9989 283.831 33.0929 43.2974 250.738 245.669 31.0964 43.0176 1.99649
internal_count=101070 29411 71659 5599 29332 66060 65814 4700 29234 899
is_linear=0
shrinkage=0.04


Tree=92
num_leaves=12
num_cat=0
split_feature=2 3 14 32 26 12 5 17 15 15 35
split_gain=2.36471 3.00247 2.87748 2.58863 5.9175 5.70057 2.57528 1.95087 1.09807 1.76425 1.0157
threshold=-0.32900871336460108 -0.31739732623100275 0.10331201180815698 0.027842377260981915 -0.087503582239150987 0.078832373023033156 0.29126912355422979 0.036692911759018905 30.522497177124027 26.042364120483402 0.011412006337195637
decision_type=2 2 2 2 2 2 2 2 2 2 2
left_child=2 6 8 4 -3 -5 10 -4 9 -1 -2
right_child=1 3 7 5 -6 -7 -8 -9 -10 -11 -12
leaf_value=-0.025219969342746857 -0.032299925174424551 0.022977240652164777 -0.050535208408816666 -0.016041393050267645 -0.049285404073943224 0.0010272257052997122 0.041576119117349306 0.019596231698834926 0.037381002798980829 0.035387132156152717 -0.080352862113616294
leaf_weight=1.3891129806288502 3.7269559980049953 15.749256314349624 1.4551400750206078 35.654989350729011 2.0490319873060789 256.7285452625365 0.6885840706527232 1.1255019516102036 6.272328253951855 1.7200409591896457 0.86763969593448553
leaf_count=273 1142 1347 299 23916 614 73022 8 45 112 65 227
internal_value=3.24455e-10 -0.000661942 0.0174567 -0.000152654 0.014658 -0.00105422 -0.0305629 -0.0199486 0.0277461 0.00830899 -0.0413742
internal_weight=327.427 315.465 11.9621 310.182 17.7983 292.384 5.28318 2.58064 9.38148 3.10915 4.5946
internal_count=101070 100276 794 98899 1961 96938 1377 344 450 338 1369
is_linear=0
shrinkage=0.04


Tree=93
num_leaves=15
num_cat=0
split_feature=5 15 30 15 34 28 7 3 13 36 22 20 32 33
split_gain=2.29625 5.02484 2.78283 5.50801 13.6419 10.6538 3.64997 4.1987 4.12417 1.4274 2.70123 0.960657 0.284481 0.601161
threshold=-0.14664470404386518 26.042364120483402 3.5000000000000004 72.181430816650405 0.81990990990990997 0.36799243092536932 -0.47050967812538141 0.0590610969811678 0.90969648957252514 0.11039426523297492 -0.05388872139155864 0.15405073649754505 0.20177405396900325 0.12973905266856178
decision_type=2 2 2 2 2 2 2 2 2 2 2 2 2 2
left_child=1 12 3 4 -2 -5 8 -8 -4 11 -11 -3 13 -1
right_child=2 9 6 5 -6 -7 7 -9 -10 10 -12 -13 -14 -15
leaf_value=-0.043661789614744359 -0.0001175597429512686 0.034824502016637789 -0.0052366346545684728 0.030609102384403713 -0.036831757477658107 -0.044467836112245543 -0.0071971266711567065 0.0048846746447211344 0.029746505688557096 -0.033426604050176417 0.03422034083734924 0.010177659234355317 -0.050232532855350377 0.00073109425315398329
leaf_weight=1.1470000512636063 53.855140560495784 9.4424816100508924 8.5940729972207937 13.484560455846806 23.155097461829428 3.8985152981622369 78.807701619887666 110.62780896297045 14.470684377491123 1.8964204924413937 1.881496910820714 3.4564844389678901 1.0830109863309187 0.84959114622324694
leaf_count=288 24836 262 622 367 5287 911 54854 11890 303 287 75 448 433 207
internal_value=-1.1658e-09 0.013218 -0.000850921 -0.00656596 -0.0111566 0.0137715 0.00168772 -0.000141516 0.0167116 0.0218868 0.000263258 0.02822 -0.0337256 -0.0247717
internal_weight=326.65 19.7565 306.894 94.3933 77.0102 17.3831 212.5 189.436 23.0648 16.6769 3.77792 12.899 3.0796 1.99659
internal_count=101070 2000 99070 31401 30123 1278 67669 66744 925 1072 362 710 928 495
is_linear=0
shrinkage=0.04


Tree=94
num_leaves=13
num_cat=0
split_feature=2 25 13 29 34 14 34 19 10 15 15 3
split_gain=2.31565 2.85431 2.77921 4.63298 3.41252 2.75725 1.58707 1.43291 1.30494 0.951828 0.990088 0.712606
threshold=-0.32900871336460108 -0.18809545040130612 1.2083530426025393 0.020804931409657005 0.77087922173274614 0.10331201180815698 0.82447894051237525 0.32305502846299816 0.27375429868698126 30.522497177124027 26.309756278991703 0.10244067758321763
decision_type=2 2 2 2 2 2 2 2 2 2 2 2
left_child=5 7 4 -4 -3 9 -7 8 -2 10 -1 -9
right_child=1 2 3 -5 -6 6 -8 11 -10 -11 -12 -13
leaf_value=-0.014425957112377487 -0.034930962882794472 0.0010507868335054868 0.010310214973483127 -0.010610836812480895 -0.0094549437496043061 0.014577278179409989 -0.052150972678065129 -0.039937157626459475 0.051053725592825359 0.036385811399512885 0.030735569643575347 -0.097286659892878088
leaf_weight=1.4811583575792595 0.60430634280783013 137.71781077539708 73.3712323151085 22.018592795546283 77.20195627152134 1.0502413210342632 1.2479308049078097 2.7119363407837231 0.53014997206628323 6.1659826275426894 1.6330760290147734 0.39747421664651472
leaf_count=278 379 63504 14160 7250 13469 53 291 1481 3 112 60 30
internal_value=2.53884e-10 -0.000646661 -0.000201059 0.00548106 -0.00272301 0.017568 -0.0216568 -0.0332289 0.00525109 0.0272818 0.00925633 -0.0472681
internal_weight=326.132 314.553 310.31 95.3898 214.92 11.5784 2.29817 4.24387 1.13446 9.28022 3.11423 3.10941
internal_count=101070 100276 98383 21410 76973 794 344 1893 382 450 338 1511
is_linear=0
shrinkage=0.04


Tree=95
num_leaves=14
num_cat=0
split_feature=30 10 37 26 34 1 14 10 4 31 9 11 32
split_gain=2.42513 4.96879 2.62864 2.25443 2.66676 2.23004 3.82096 2.51991 1.073 0.851319 1.57068 0.597618 0.196718
threshold=5.5000000000000009 0.37690910696983343 3.5000000000000004 -0.20876434445381162 0.90792226381854235 0.26684363186359411 0.1535497456789017 0.84486079216003429 -0.041550293564796441 0.91075620389000689 12.500000000000002 0.77047929167747509 0.9358043467595546
decision_type=2 2 2 2 2 2 2 2 2 2 2 2 2
left_child=2 3 5 4 -2 7 -7 -1 -5 12 -11 -3 -4
right_child=1 11 9 8 -6 6 -8 -9 -10 10 -12 -13 -14
leaf_value=0.0015605854766439489 -0.011209526540686051 0.046473585826713092 -0.036215083916196565 -0.018528498567881264 0.069916231339943472 -0.031172083273217934 0.015374032015116858 0.028019404642842475 -0.040217598797824022 0.076045622872623661 -0.042753059747546632 0.014782938507701552 -0.075587711898601154
leaf_weight=280.71561520424439 3.1182485509707525 1.6834980593412177 3.2664184496097728 8.0000038673861145 0.81848837656434614 8.2000473519728967 4.3023032613418755 5.8798488687607451 6.7110125994295204 0.31552092474885274 0.40874777740100399 2.191483871312812 0.21649373027321406
leaf_count=66657 3510 185 4805 14009 327 1037 335 119 9396 163 198 206 123
internal_value=2.22083e-10 -0.0126638 0.000940382 -0.0212282 0.00565736 0.00138203 -0.0151547 0.00210342 -0.0284228 -0.0304572 0.00900048 0.028551 -0.0386624
internal_weight=325.828 22.5227 303.305 18.6478 3.93674 299.098 12.5024 286.595 14.711 4.20718 0.724269 3.87498 3.48291
internal_count=101070 27633 73437 27242 3837 68148 1372 66776 23405 5289 361 391 4928
is_linear=0
shrinkage=0.04


Tree=96
num_leaves=13
num_cat=0
split_feature=37 6 13 26 28 5 17 16 30 32 34 37
split_gain=2.19924 3.41879 3.40177 6.46807 4.83393 3.10792 2.63981 2.79367 1.47273 0.732085 0.650657 0.404944
threshold=1.0000000180025095e-35 -0.26931938529014582 1.2216084003448489 -0.10790464282035826 0.30316859483718878 -0.19842519611120221 0.036692911759018905 0.52440476190476204 1.5000000000000002 0.61175823682556796 0.77087922173274614 1.5000000000000002
decision_type=2 2 2 2 2 2 2 2 2 2 2 2
left_child=5 9 4 -4 -3 10 7 -7 -8 11 -1 -2
right_child=1 2 3 -5 -6 6 8 -9 -10 -11 -12 -13
leaf_value=0.036439607505950246 -0.054166660617446849 -0.014531994884654452 -0.0061415345088595228 0.022718006901250268 0.0015834913894026779 0.00048742254520624343 0.029934264077577249 0.015507450515627864 -0.036193440219030044 0.014719412463320036 0.014698150415952457 -0.027006759960549409
leaf_weight=4.8149549084482697 2.3915609011310148 55.317319898946153 28.31000796092485 22.145426038652658 64.510447109401866 113.87537426454946 0.6212088282845788 23.986525519187126 4.0648928405207698 0.37060155504150305 4.0590083229471929 1.3881451627094064
leaf_count=125 739 33081 11958 3813 25635 20024 21 3265 1168 85 211 945
internal_value=-3.62102e-10 -0.0030617 -0.00218745 0.00652522 -0.00585607 0.00352699 0.00209718 0.00310075 -0.0274273 -0.0389314 0.0264949 -0.0441918
internal_weight=325.855 174.434 170.283 50.4554 119.828 151.422 142.548 137.862 4.6861 4.15031 8.87396 3.77971
internal_count=101070 76256 74487 15771 58716 24814 24478 23289 1189 1769 336 1684
is_linear=0
shrinkage=0.04


Tree=97
num_leaves=15
num_cat=0
split_feature=38 34 28 13 35 34 37 8 16 10 2 34 14 30
split_gain=2.04044 3.86646 5.62589 6.10676 4.33526 4.01858 4.17554 3.4529 2.78578 2.63855 2.81602 2.53779 0.498723 0.282914
threshold=0.12579113924050636 0.92088178294573653 0.32166892290115362 1.2355921864509585 -0.08917242661118506 0.85644261043793546 1.5000000000000002 -0.032510161399841302 0.65669642857142863 0.01517697609961033 -0.077388178557157503 0.54175844346549196 0.0610403809696436 3.5000000000000004
decision_type=2 2 2 2 2 2 2 2 2 2 2 2 2 2
left_child=8 5 4 -4 -3 6 -2 -7 9 10 -1 -11 13 -10
right_child=1 2 3 -5 -6 7 -8 -9 12 11 -12 -13 -14 -15
leaf_value=-0.014086541981423631 0.0018526209124896495 -0.028204373688612849 0.0033319672974251968 -0.044252456222272391 0.014033334854082858 -0.016392032289918989 -0.011961936002328014 -0.095327957290931145 -0.054500685427759078 0.030056505024351518 0.032412580390648656 0.0066103572135677666 -0.057251245457623529 -0.0083935499062558969
leaf_weight=10.537478079335411 120.37679321541873 4.1493589379824689 12.303446147110664 6.646255761748761 61.744291425828123 24.326613165569146 49.362664592030342 0.9201930194394653 0.27585210048709929 12.852870381197137 2.5975238477731191 17.366962982989207 0.98490656317153469 0.93349766532628564
leaf_count=3956 35526 582 1371 1274 3971 5561 41702 92 238 1653 1264 3017 305 558
internal_value=-1.06027e-10 -0.00127797 0.00584995 -0.0133574 0.0113736 -0.0043795 -0.00216485 -0.0192691 0.00785116 0.0100766 -0.00489107 0.0165823 -0.03612 -0.0189106
internal_weight=325.379 279.83 84.8434 18.9497 65.8937 194.986 169.739 25.2468 45.5491 43.3548 13.135 30.2198 2.19426 1.20935
internal_count=101070 90079 7198 2645 4553 82881 77228 5653 10991 9890 5220 4670 1101 796
is_linear=0
shrinkage=0.04


Tree=98
num_leaves=15
num_cat=0
split_feature=5 15 30 15 34 28 34 12 32 36 22 33 32 33
split_gain=1.9674 4.31534 2.46254 5.07039 11.461 9.34291 3.18754 3.35926 3.3177 1.13645 2.40161 0.852403 0.300548 0.516741
threshold=-0.14664470404386518 26.042364120483402 3.5000000000000004 72.181430816650405 0.81990990990990997 0.36799243092536932 0.99326591692363519 0.46484376490116125 0.99800000000000011 0.11039426523297492 -0.05388872139155864 0.48948098315186933 0.20177405396900325 0.12525303643724697
decision_type=2 2 2 2 2 2 2 2 2 2 2 2 2 2
left_child=1 12 3 4 -2 -5 8 -8 -4 11 -11 -3 13 -1
right_child=2 9 6 5 -6 -7 7 -9 -10 10 -12 -13 -14 -15
leaf_value=-0.041687490629519298 -0.00064997459894526046 0.013866073729510091 0.0013347016965472942 0.029575587511770751 -0.034870266401058184 -0.043437266611661494 0.035838971542335778 -0.0063284038161766165 -0.02622525791900622 -0.031266665980530288 0.033221296656775277 0.034909179468926015 -0.049516712085916473 -0.00038184570514009683
leaf_weight=1.0567130339331954 53.803948691380356 5.28707704448607 191.66220923162837 12.990950932777197 22.088023133859679 3.576079547761764 8.4084502238110854 4.7194198817815041 7.2532421342330045 1.8515689486521298 1.844382872674031 7.3779602366266772 1.0224478426971471 0.89503895083907981
leaf_count=282 24836 403 66657 367 5287 911 379 212 421 287 75 307 433 213
internal_value=-2.52591e-09 0.0123727 -0.000785639 -0.0062331 -0.0106096 0.0138154 0.00158966 0.02068 0.000329757 0.0204297 0.000914623 0.0261246 -0.0319487 -0.0227455
internal_weight=323.838 19.3352 304.502 92.459 75.892 16.567 212.043 13.1279 198.915 16.361 3.69595 12.665 2.9742 1.95175
internal_count=101070 2000 99070 31401 30123 1278 67669 591 67078 1072 362 710 928 495
is_linear=0
shrinkage=0.04


Tree=99
num_leaves=14
num_cat=0
split_feature=7 13 4 7 22 33 1 38 29 6 31 0 18
split_gain=1.94305 4.64578 3.94091 5.83351 2.84151 2.50469 8.81773 2.39567 2.10743 1.78226 1.37508 0.924654 0.482662
threshold=-0.5099332034587859 0.52300962805747997 -0.048671390861272805 -0.33554673194885248 -0.22519343346357343 0.020675406098603594 0.070908997207880034 0.20611577964519143 0.018638854846358303 -0.088080588728189455 0.8197073102089637 -0.057089475914835923 -0.045925797894597047
decision_type=2 2 2 2 2 2 2 2 2 2 2 2 2
left_child=1 8 5 10 -5 6 -2 -7 -1 11 -4 -3 -10
right_child=2 9 3 4 -6 7 -8 -9 12 -11 -12 -13 -14
leaf_value=0.0077858505183915228 -0.076001524383159061 0.0054454225121041405 0.010728105493351766 0.026829695372702675 -0.00069257290633675697 0.003838100595465774 0.017005060955296268 -0.0097718623493861512 -0.040297221805526362 -0.0056547978291317759 0.03331716574416891 0.028630309867759381 -0.079780026204595858
leaf_weight=1.2039219756843551 3.3830162331396414 3.4849534210516202 7.2224608888791435 6.2195851215801659 171.62004430831803 29.925842953700339 3.1492809801129624 67.07541664735254 1.0295046817627733 4.1152008485514626 10.698822344536891 13.090711563709194 0.95486185606569041
leaf_count=83 702 273 308 144 35182 13732 76 49600 204 144 126 390 106
internal_value=-1.85743e-10 0.0109805 -0.000876081 0.00246192 0.000269963 -0.00718756 -0.0311622 -0.00557305 -0.0339654 0.0179063 0.0242135 0.0237558 -0.059296
internal_weight=323.174 23.8792 299.294 195.761 177.84 103.534 6.5323 97.0013 3.18829 20.6909 17.9213 16.5757 1.98437
internal_count=101070 1200 99870 35760 35326 64110 778 63332 393 807 434 663 310
is_linear=0
shrinkage=0.04


end of trees

feature_importances:
ma90_dev=101
vol_ratio=76
mkt_vol_14=76
family_ma90_rank=76
r_30=70
vol_7=61
family_code=60
price_band=59
dd_60=55
family_r30_rank=53
up_14=49
family_vol_rank=47
family_median7=41
pos_60=40
above_ma30=40
ma30_dev=38
ma7_dev=37
up_7=37
rsi_14=35
mkt_r_30=34
r_14=29
r_7=23
dsl_30=23
r_3=20
breadth7=20
peer_med_7=19
band_r7_rank=19
family_breadth7=16
peer_rank_3=13
peer_breadth1=12
peer_rs7=12
mkt_r_7=12
r_1=11
peer_rank_7=10
peer_med_1=8
family_r7_rank=7
peer_rank_1=5
cat_code=3

parameters:
[boosting: gbdt]
[objective: lambdarank]
[metric: ndcg]
[tree_learner: serial]
[device_type: cpu]
[data_sample_strategy: bagging]
[data: ]
[valid: ]
[num_iterations: 100]
[learning_rate: 0.04]
[num_leaves: 15]
[num_threads: 2]
[seed: 389]
[deterministic: 0]
[force_col_wise: 0]
[force_row_wise: 0]
[histogram_pool_size: -1]
[max_depth: 4]
[min_data_in_leaf: 150]
[min_sum_hessian_in_leaf: 0.001]
[bagging_fraction: 1]
[pos_bagging_fraction: 1]
[neg_bagging_fraction: 1]
[bagging_freq: 0]
[bagging_seed: 27313]
[bagging_by_query: 0]
[feature_fraction: 1]
[feature_fraction_bynode: 1]
[feature_fraction_seed: 24186]
[extra_trees: 0]
[extra_seed: 31967]
[early_stopping_round: 0]
[early_stopping_min_delta: 0]
[first_metric_only: 0]
[max_delta_step: 0]
[lambda_l1: 0]
[lambda_l2: 0]
[linear_lambda: 0]
[min_gain_to_split: 0]
[drop_rate: 0.1]
[max_drop: 50]
[skip_drop: 0.5]
[xgboost_dart_mode: 0]
[uniform_drop: 0]
[drop_seed: 23585]
[top_rate: 0.2]
[other_rate: 0.1]
[min_data_per_group: 100]
[max_cat_threshold: 32]
[cat_l2: 10]
[cat_smooth: 10]
[max_cat_to_onehot: 4]
[top_k: 20]
[monotone_constraints: ]
[monotone_constraints_method: basic]
[monotone_penalty: 0]
[feature_contri: ]
[forcedsplits_filename: ]
[refit_decay_rate: 0.9]
[cegb_tradeoff: 1]
[cegb_penalty_split: 0]
[cegb_penalty_feature_lazy: ]
[cegb_penalty_feature_coupled: ]
[path_smooth: 0]
[interaction_constraints: ]
[verbosity: -1]
[saved_feature_importance_type: 0]
[use_quantized_grad: 0]
[num_grad_quant_bins: 4]
[quant_train_renew_leaf: 0]
[stochastic_rounding: 1]
[linear_tree: 0]
[max_bin: 255]
[max_bin_by_feature: ]
[min_data_in_bin: 3]
[bin_construct_sample_cnt: 200000]
[data_random_seed: 1308]
[is_enable_sparse: 1]
[enable_bundle: 1]
[use_missing: 1]
[zero_as_missing: 0]
[feature_pre_filter: 1]
[pre_partition: 0]
[two_round: 0]
[header: 0]
[label_column: ]
[weight_column: ]
[group_column: ]
[ignore_column: ]
[categorical_feature: ]
[forcedbins_filename: ]
[precise_float_parser: 0]
[parser_config_file: ]
[objective_seed: 23528]
[num_class: 1]
[is_unbalance: 0]
[scale_pos_weight: 1]
[sigmoid: 1]
[boost_from_average: 1]
[reg_sqrt: 0]
[alpha: 0.9]
[fair_c: 1]
[poisson_max_delta_step: 0.7]
[tweedie_variance_power: 1.5]
[lambdarank_truncation_level: 30]
[lambdarank_norm: 1]
[label_gain: ]
[lambdarank_position_bias_regularization: 0]
[eval_at: 1,2,3,4,5]
[multi_error_top_k: 1]
[auc_mu_weights: ]
[num_machines: 1]
[local_listen_port: 12400]
[time_out: 120]
[machine_list_filename: ]
[machines: ]
[gpu_platform_id: -1]
[gpu_device_id: -1]
[gpu_device_id_list: ]
[gpu_use_dp: 0]
[num_gpu: 1]

end of parameters

pandas_categorical:[]
